hop	requested_at	method	original_url	final_url	http_status	size_bytes	sha256	local_path
jammy-to-noble	2026-08-31T12:35:20Z	GET	http://ap-northeast-2.ec2.archive.ubuntu.com/ubuntu/dists/jammy/InRelease	http://ap-northeast-2.ec2.archive.ubuntu.com/ubuntu/dists/jammy/InRelease	200	270087	c14060cd8c6d625874dfcb9523a35a395bf4865c28b6b6a82569ef326fe92dc6	/home/aella/aws-discovery-jammy-noble-retry-20260831/upgrade-discovery/jammy-to-noble/runtime/deb-cache/66/f3/66f3cec8214cd06cc4c11dd495e2edcb699589a844fc10145b804151c64503fd
jammy-to-noble	2026-08-31T12:35:20Z	GET	http://ap-northeast-2.ec2.archive.ubuntu.com/ubuntu/dists/jammy-updates/InRelease	http://ap-northeast-2.ec2.archive.ubuntu.com/ubuntu/dists/jammy-updates/InRelease	200	128049	ba5a5d341098367ce45f9cc04c5e809666fc86c20d795045dfc67e7a5501f49d	/home/aella/aws-discovery-jammy-noble-retry-20260831/upgrade-discovery/jammy-to-noble/runtime/deb-cache/93/0b/930b26fcc2c6db8615f7dccaa324697e87ef11793d87f2adf79b21c85ef8837e
jammy-to-noble	2026-08-31T12:35:20Z	GET	http://ap-northeast-2.ec2.archive.ubuntu.com/ubuntu/dists/jammy-backports/InRelease	http://ap-northeast-2.ec2.archive.ubuntu.com/ubuntu/dists/jammy-backports/InRelease	200	127185	164b65849bfc6783a561fee3c7ce7d7b288cd3d42a475e443ed01867548c9d7b	/home/aella/aws-discovery-jammy-noble-retry-20260831/upgrade-discovery/jammy-to-noble/runtime/deb-cache/fc/3b/fc3bfc7cd8b442e06d8ab92179032ad5dfc48e765ab3e669ad836c9ca027d6e2
jammy-to-noble	2026-08-31T12:35:21Z	GET	http://security.ubuntu.com/ubuntu/dists/jammy-security/InRelease	http://security.ubuntu.com/ubuntu/dists/jammy-security/InRelease	200	128927	ba4044a82b7c82cf8d1831ab703a8b303f375cce3d8311c9abc44e955abb63c7	/home/aella/aws-discovery-jammy-noble-retry-20260831/upgrade-discovery/jammy-to-noble/runtime/deb-cache/fd/f7/fdf7616b3d8410e6873ee8d8ac9d4e6b7d2aa88c4a4dd44ec9d69fde00038d03
jammy-to-noble	2026-08-31T12:35:45Z	GET	http://ap-northeast-2.ec2.archive.ubuntu.com/ubuntu//dists/noble-updates/main/dist-upgrader-all/current/noble.tar.gz.gpg	http://ap-northeast-2.ec2.archive.ubuntu.com/ubuntu//dists/noble-updates/main/dist-upgrader-all/current/noble.tar.gz.gpg	200	833	7af99394662fe6d9fbe4ba7f6efd4818f5594e82e553aaaf659144a80ff53bfe	/home/aella/aws-discovery-jammy-noble-retry-20260831/upgrade-discovery/jammy-to-noble/runtime/deb-cache/d2/fd/d2fd70208475951e6cec079b34466beaafd9e6b19697e53aa3d9de71e2efcb41
jammy-to-noble	2026-08-31T12:35:45Z	GET	http://ap-northeast-2.ec2.archive.ubuntu.com/ubuntu//dists/noble-updates/main/dist-upgrader-all/current/noble.tar.gz	http://ap-northeast-2.ec2.archive.ubuntu.com/ubuntu//dists/noble-updates/main/dist-upgrader-all/current/noble.tar.gz	200	1267251	447f54cbdfb9f57d32ddb02fcf0a0abb0184059cc0f680e806d23379878fe396	/home/aella/aws-discovery-jammy-noble-retry-20260831/upgrade-discovery/jammy-to-noble/runtime/deb-cache/1b/6a/1b6a21200fc2aa713583fee909ac884fef1a9dd40efcc25dc7e583bec98a4dc6
jammy-to-noble	2026-08-31T12:36:24Z	GET	http://ap-northeast-2.ec2.archive.ubuntu.com/ubuntu/dists/noble/InRelease	http://ap-northeast-2.ec2.archive.ubuntu.com/ubuntu/dists/noble/InRelease	200	255850	cdb2f31d809f589719a53c6ad15f255b27569c4059542ada282aaa21b8e164b0	/home/aella/aws-discovery-jammy-noble-retry-20260831/upgrade-discovery/jammy-to-noble/runtime/deb-cache/36/34/3634306d20faba91db4a8ccbef1003107e5d583cbda293fbb65f184725db2510
jammy-to-noble	2026-08-31T12:36:24Z	GET	http://ap-northeast-2.ec2.archive.ubuntu.com/ubuntu/dists/noble-updates/InRelease	http://ap-northeast-2.ec2.archive.ubuntu.com/ubuntu/dists/noble-updates/InRelease	200	126125	b0e2f02724fce624fc6ea42b827d9f792ba9bd71549b79023ce65d1f3f78d9ca	/home/aella/aws-discovery-jammy-noble-retry-20260831/upgrade-discovery/jammy-to-noble/runtime/deb-cache/a5/65/a5654314f83547d4492db63030929ea2086aa798bc81599a040ec9a7126919b0
jammy-to-noble	2026-08-31T12:36:24Z	GET	http://ap-northeast-2.ec2.archive.ubuntu.com/ubuntu/dists/noble-backports/InRelease	http://ap-northeast-2.ec2.archive.ubuntu.com/ubuntu/dists/noble-backports/InRelease	200	126173	9b3e075b6b9bf0a8dbb882ccc29a4cb783dac0117a47651d55ae97ea9bce14e5	/home/aella/aws-discovery-jammy-noble-retry-20260831/upgrade-discovery/jammy-to-noble/runtime/deb-cache/cb/52/cb52d657fff64d855229f4332831c7a781c3f9b9e5765a78f8be48e5c2512aad
jammy-to-noble	2026-08-31T12:36:25Z	GET	http://ap-northeast-2.ec2.archive.ubuntu.com/ubuntu/dists/noble/main/binary-amd64/by-hash/SHA256/2a6a199e1031a5c279cb346646d594993f35b1c03dd4a82aaa0323980dd92451	http://ap-northeast-2.ec2.archive.ubuntu.com/ubuntu/dists/noble/main/binary-amd64/by-hash/SHA256/2a6a199e1031a5c279cb346646d594993f35b1c03dd4a82aaa0323980dd92451	200	1401160	2a6a199e1031a5c279cb346646d594993f35b1c03dd4a82aaa0323980dd92451	/home/aella/aws-discovery-jammy-noble-retry-20260831/upgrade-discovery/jammy-to-noble/runtime/deb-cache/0a/64/0a64559c3eb9c98bcb1db92a555eaccacdcc6a4dc7f6d920ea769d482d317944
jammy-to-noble	2026-08-31T12:36:25Z	GET	http://ap-northeast-2.ec2.archive.ubuntu.com/ubuntu/dists/noble/main/i18n/by-hash/SHA256/0e0ce1b1ad812a837714c7e9034788fa4525b0240906e96c4bbf2ba0fb431041	http://ap-northeast-2.ec2.archive.ubuntu.com/ubuntu/dists/noble/main/i18n/by-hash/SHA256/0e0ce1b1ad812a837714c7e9034788fa4525b0240906e96c4bbf2ba0fb431041	200	512936	0e0ce1b1ad812a837714c7e9034788fa4525b0240906e96c4bbf2ba0fb431041	/home/aella/aws-discovery-jammy-noble-retry-20260831/upgrade-discovery/jammy-to-noble/runtime/deb-cache/ec/de/ecdec8e2e73979b3ac779daf8173070706dacf37626a0077e95e2abbe0701042
jammy-to-noble	2026-08-31T12:36:25Z	GET	http://ap-northeast-2.ec2.archive.ubuntu.com/ubuntu/dists/noble/main/cnf/by-hash/SHA256/24892f5177013422d2696d1117fbd8874cc404cd2a2675663d9bf0d6985d9be5	http://ap-northeast-2.ec2.archive.ubuntu.com/ubuntu/dists/noble/main/cnf/by-hash/SHA256/24892f5177013422d2696d1117fbd8874cc404cd2a2675663d9bf0d6985d9be5	200	30476	24892f5177013422d2696d1117fbd8874cc404cd2a2675663d9bf0d6985d9be5	/home/aella/aws-discovery-jammy-noble-retry-20260831/upgrade-discovery/jammy-to-noble/runtime/deb-cache/c0/0a/c00a622e076e85c8e91c33007d05323a7bf4e88cdfc70c5180b70975c8569ba5
jammy-to-noble	2026-08-31T12:36:25Z	GET	http://ap-northeast-2.ec2.archive.ubuntu.com/ubuntu/dists/noble/restricted/binary-amd64/by-hash/SHA256/aa3f9520f4e46cdcd610c7f0ce9450cda430f20085b028845e95122e9d61680c	http://ap-northeast-2.ec2.archive.ubuntu.com/ubuntu/dists/noble/restricted/binary-amd64/by-hash/SHA256/aa3f9520f4e46cdcd610c7f0ce9450cda430f20085b028845e95122e9d61680c	200	93924	aa3f9520f4e46cdcd610c7f0ce9450cda430f20085b028845e95122e9d61680c	/home/aella/aws-discovery-jammy-noble-retry-20260831/upgrade-discovery/jammy-to-noble/runtime/deb-cache/fb/54/fb54eac6c818ab6654df83dfe9b8a1cbbd40825a4f7a68d0569e05c378013d14
jammy-to-noble	2026-08-31T12:36:25Z	GET	http://ap-northeast-2.ec2.archive.ubuntu.com/ubuntu/dists/noble/restricted/i18n/by-hash/SHA256/60776cd136b3ce1e81bf238a924345711650803976641d3ba65385cc5d80f281	http://ap-northeast-2.ec2.archive.ubuntu.com/ubuntu/dists/noble/restricted/i18n/by-hash/SHA256/60776cd136b3ce1e81bf238a924345711650803976641d3ba65385cc5d80f281	200	18692	60776cd136b3ce1e81bf238a924345711650803976641d3ba65385cc5d80f281	/home/aella/aws-discovery-jammy-noble-retry-20260831/upgrade-discovery/jammy-to-noble/runtime/deb-cache/47/b2/47b27a1372ed9724f636b038b0c3746329cb59591b2e7c9bfeec182e09d17996
jammy-to-noble	2026-08-31T12:36:25Z	GET	http://ap-northeast-2.ec2.archive.ubuntu.com/ubuntu/dists/noble/restricted/cnf/by-hash/SHA256/056f8147cf783c74ed4815f6077c66f7c9e0276a816e55c8dcec6e3b66de9cfb	http://ap-northeast-2.ec2.archive.ubuntu.com/ubuntu/dists/noble/restricted/cnf/by-hash/SHA256/056f8147cf783c74ed4815f6077c66f7c9e0276a816e55c8dcec6e3b66de9cfb	200	416	056f8147cf783c74ed4815f6077c66f7c9e0276a816e55c8dcec6e3b66de9cfb	/home/aella/aws-discovery-jammy-noble-retry-20260831/upgrade-discovery/jammy-to-noble/runtime/deb-cache/32/80/32801e0425b4c83c0ccb1ad3dd811de8b8f79b1dcc1928ec0198b8007a701666
jammy-to-noble	2026-08-31T12:36:25Z	GET	http://ap-northeast-2.ec2.archive.ubuntu.com/ubuntu/dists/noble/universe/binary-amd64/by-hash/SHA256/ba9057fa1b91438cc8a1d26808d00c85389fe101d0c1496254df97236405599a	http://ap-northeast-2.ec2.archive.ubuntu.com/ubuntu/dists/noble/universe/binary-amd64/by-hash/SHA256/ba9057fa1b91438cc8a1d26808d00c85389fe101d0c1496254df97236405599a	200	15037908	ba9057fa1b91438cc8a1d26808d00c85389fe101d0c1496254df97236405599a	/home/aella/aws-discovery-jammy-noble-retry-20260831/upgrade-discovery/jammy-to-noble/runtime/deb-cache/03/d7/03d7063056e916383bcd871a82a2b0c1061d8da6ad79259a2cc54353949f9eeb
jammy-to-noble	2026-08-31T12:36:25Z	GET	http://ap-northeast-2.ec2.archive.ubuntu.com/ubuntu/dists/noble/universe/i18n/by-hash/SHA256/84c64a22677fcf04b574f260b24da363aebb6ff27908a4eb620af3218bc670e9	http://ap-northeast-2.ec2.archive.ubuntu.com/ubuntu/dists/noble/universe/i18n/by-hash/SHA256/84c64a22677fcf04b574f260b24da363aebb6ff27908a4eb620af3218bc670e9	200	5981548	84c64a22677fcf04b574f260b24da363aebb6ff27908a4eb620af3218bc670e9	/home/aella/aws-discovery-jammy-noble-retry-20260831/upgrade-discovery/jammy-to-noble/runtime/deb-cache/73/34/7334d701c1fe675f5fd38bbb2fb09a3873b13e58779c1dcbbdf05f36e741e577
jammy-to-noble	2026-08-31T12:36:25Z	GET	http://ap-northeast-2.ec2.archive.ubuntu.com/ubuntu/dists/noble/universe/cnf/by-hash/SHA256/9937aeeaa66f7b531734a47f8995c2f947c7a98636ed3009d5085995d539ac6c	http://ap-northeast-2.ec2.archive.ubuntu.com/ubuntu/dists/noble/universe/cnf/by-hash/SHA256/9937aeeaa66f7b531734a47f8995c2f947c7a98636ed3009d5085995d539ac6c	200	301428	9937aeeaa66f7b531734a47f8995c2f947c7a98636ed3009d5085995d539ac6c	/home/aella/aws-discovery-jammy-noble-retry-20260831/upgrade-discovery/jammy-to-noble/runtime/deb-cache/ea/5d/ea5d839afbf2113f3b412bbafd8e40fc251beb4af2f37f35d3ad042c0accc374
jammy-to-noble	2026-08-31T12:36:25Z	GET	http://ap-northeast-2.ec2.archive.ubuntu.com/ubuntu/dists/noble/multiverse/binary-amd64/by-hash/SHA256/8080460fe0864ab72bfc2a6d52e76d8c82d55f2cc2188a12f83d6fbe3e1750ea	http://ap-northeast-2.ec2.archive.ubuntu.com/ubuntu/dists/noble/multiverse/binary-amd64/by-hash/SHA256/8080460fe0864ab72bfc2a6d52e76d8c82d55f2cc2188a12f83d6fbe3e1750ea	200	269224	8080460fe0864ab72bfc2a6d52e76d8c82d55f2cc2188a12f83d6fbe3e1750ea	/home/aella/aws-discovery-jammy-noble-retry-20260831/upgrade-discovery/jammy-to-noble/runtime/deb-cache/95/62/95625e649dc3bcfe60604938ca5661aa45a21fb0926dadf1458fb6b98c164811
jammy-to-noble	2026-08-31T12:36:25Z	GET	http://ap-northeast-2.ec2.archive.ubuntu.com/ubuntu/dists/noble/multiverse/i18n/by-hash/SHA256/792a7617269c4bd395ab8a0a0f82ae2466ae187b6babbad9eb48a1069fcfa6eb	http://ap-northeast-2.ec2.archive.ubuntu.com/ubuntu/dists/noble/multiverse/i18n/by-hash/SHA256/792a7617269c4bd395ab8a0a0f82ae2466ae187b6babbad9eb48a1069fcfa6eb	200	118472	792a7617269c4bd395ab8a0a0f82ae2466ae187b6babbad9eb48a1069fcfa6eb	/home/aella/aws-discovery-jammy-noble-retry-20260831/upgrade-discovery/jammy-to-noble/runtime/deb-cache/72/d8/72d891b6f7bba16f7d33439e84577bf832339f90c129c12da7a72d7762db55a6
jammy-to-noble	2026-08-31T12:36:25Z	GET	http://ap-northeast-2.ec2.archive.ubuntu.com/ubuntu/dists/noble/multiverse/cnf/by-hash/SHA256/16812a9ab630b7334260945d24d616afa95475e25e63fcaa4cd6d9487c4ea36c	http://ap-northeast-2.ec2.archive.ubuntu.com/ubuntu/dists/noble/multiverse/cnf/by-hash/SHA256/16812a9ab630b7334260945d24d616afa95475e25e63fcaa4cd6d9487c4ea36c	200	8328	16812a9ab630b7334260945d24d616afa95475e25e63fcaa4cd6d9487c4ea36c	/home/aella/aws-discovery-jammy-noble-retry-20260831/upgrade-discovery/jammy-to-noble/runtime/deb-cache/87/7b/877b8632a298309e31b10341aac222b867f3ce357a98f8ebfb267c3cf50bc3f4
jammy-to-noble	2026-08-31T12:36:25Z	GET	http://ap-northeast-2.ec2.archive.ubuntu.com/ubuntu/dists/noble-updates/main/binary-amd64/by-hash/SHA256/a63f635baef05062327c0d14eb4782d72a35ea3661ed5626ae386ae6e571b528	http://ap-northeast-2.ec2.archive.ubuntu.com/ubuntu/dists/noble-updates/main/binary-amd64/by-hash/SHA256/a63f635baef05062327c0d14eb4782d72a35ea3661ed5626ae386ae6e571b528	200	1229560	a63f635baef05062327c0d14eb4782d72a35ea3661ed5626ae386ae6e571b528	/home/aella/aws-discovery-jammy-noble-retry-20260831/upgrade-discovery/jammy-to-noble/runtime/deb-cache/49/66/4966fa80c364a4b62a2ff6f0f107d75bb14d8d4359ba0ec2fb09651bef178354
jammy-to-noble	2026-08-31T12:36:25Z	GET	http://ap-northeast-2.ec2.archive.ubuntu.com/ubuntu/dists/noble-updates/main/i18n/by-hash/SHA256/156e6af87571ace43e7eb155919ad4c62ff098a2003f15cb842bef7b5a877f15	http://ap-northeast-2.ec2.archive.ubuntu.com/ubuntu/dists/noble-updates/main/i18n/by-hash/SHA256/156e6af87571ace43e7eb155919ad4c62ff098a2003f15cb842bef7b5a877f15	200	286516	156e6af87571ace43e7eb155919ad4c62ff098a2003f15cb842bef7b5a877f15	/home/aella/aws-discovery-jammy-noble-retry-20260831/upgrade-discovery/jammy-to-noble/runtime/deb-cache/fc/07/fc0717b9db8516c15d1c23deba24a47822790366575c14bff6eaf397fe90421a
jammy-to-noble	2026-08-31T12:36:25Z	GET	http://ap-northeast-2.ec2.archive.ubuntu.com/ubuntu/dists/noble-updates/main/cnf/by-hash/SHA256/d4bd6daf959d7a5e355c61767606e30131c537664cf47026fc320d5c536eda30	http://ap-northeast-2.ec2.archive.ubuntu.com/ubuntu/dists/noble-updates/main/cnf/by-hash/SHA256/d4bd6daf959d7a5e355c61767606e30131c537664cf47026fc320d5c536eda30	200	17668	d4bd6daf959d7a5e355c61767606e30131c537664cf47026fc320d5c536eda30	/home/aella/aws-discovery-jammy-noble-retry-20260831/upgrade-discovery/jammy-to-noble/runtime/deb-cache/eb/1a/eb1a127531bb02c57bb817b9e723f3aff487cc07db853d6290d58b813f927856
jammy-to-noble	2026-08-31T12:36:25Z	GET	http://ap-northeast-2.ec2.archive.ubuntu.com/ubuntu/dists/noble-updates/restricted/binary-amd64/by-hash/SHA256/030b585efa6b001a4e1448e7f6cd560aaa0053b29ef515f2d859c9b11a36d207	http://ap-northeast-2.ec2.archive.ubuntu.com/ubuntu/dists/noble-updates/restricted/binary-amd64/by-hash/SHA256/030b585efa6b001a4e1448e7f6cd560aaa0053b29ef515f2d859c9b11a36d207	200	1486340	030b585efa6b001a4e1448e7f6cd560aaa0053b29ef515f2d859c9b11a36d207	/home/aella/aws-discovery-jammy-noble-retry-20260831/upgrade-discovery/jammy-to-noble/runtime/deb-cache/81/60/8160a67e9753b62e526d6bbe2d1193a6210ece3197e03877866f61ed8ee4a4ad
jammy-to-noble	2026-08-31T12:36:25Z	GET	http://ap-northeast-2.ec2.archive.ubuntu.com/ubuntu/dists/noble-updates/restricted/i18n/by-hash/SHA256/a4f1e81baf86e6e4dcb24b0a0d9ad492a8d0b4f225b9880bf12e8492c62794fe	http://ap-northeast-2.ec2.archive.ubuntu.com/ubuntu/dists/noble-updates/restricted/i18n/by-hash/SHA256/a4f1e81baf86e6e4dcb24b0a0d9ad492a8d0b4f225b9880bf12e8492c62794fe	200	338836	a4f1e81baf86e6e4dcb24b0a0d9ad492a8d0b4f225b9880bf12e8492c62794fe	/home/aella/aws-discovery-jammy-noble-retry-20260831/upgrade-discovery/jammy-to-noble/runtime/deb-cache/de/c5/dec52e2c7e01d2dd0f9c72901d8ed8e30edc4b83f652dea9e0cfb3c4de36cd99
jammy-to-noble	2026-08-31T12:36:25Z	GET	http://ap-northeast-2.ec2.archive.ubuntu.com/ubuntu/dists/noble-updates/restricted/cnf/by-hash/SHA256/5e92e79fc7c925d8a0262e1b48a64d0199c3e4f9e56d397cf77522078f027f27	http://ap-northeast-2.ec2.archive.ubuntu.com/ubuntu/dists/noble-updates/restricted/cnf/by-hash/SHA256/5e92e79fc7c925d8a0262e1b48a64d0199c3e4f9e56d397cf77522078f027f27	200	456	5e92e79fc7c925d8a0262e1b48a64d0199c3e4f9e56d397cf77522078f027f27	/home/aella/aws-discovery-jammy-noble-retry-20260831/upgrade-discovery/jammy-to-noble/runtime/deb-cache/95/60/95605284bfefe43a738f6af15aaecfcb5b05ef9dae8486f9e94faee98e4ff19e
jammy-to-noble	2026-08-31T12:36:25Z	GET	http://ap-northeast-2.ec2.archive.ubuntu.com/ubuntu/dists/noble-updates/universe/binary-amd64/by-hash/SHA256/11c812140047d57ddc1de0f63b33cf1e6a0e4df0dd3884f85a51ccd8866e85c9	http://ap-northeast-2.ec2.archive.ubuntu.com/ubuntu/dists/noble-updates/universe/binary-amd64/by-hash/SHA256/11c812140047d57ddc1de0f63b33cf1e6a0e4df0dd3884f85a51ccd8866e85c9	200	1689296	11c812140047d57ddc1de0f63b33cf1e6a0e4df0dd3884f85a51ccd8866e85c9	/home/aella/aws-discovery-jammy-noble-retry-20260831/upgrade-discovery/jammy-to-noble/runtime/deb-cache/30/48/304813595775627c7888499aebf18e729413b3e1315b566ba534d36f4a45bb36
jammy-to-noble	2026-08-31T12:36:25Z	GET	http://ap-northeast-2.ec2.archive.ubuntu.com/ubuntu/dists/noble-updates/universe/i18n/by-hash/SHA256/50721486595293769aefce532871edbdacca08b09a2ff216b5b359cf082a5cf2	http://ap-northeast-2.ec2.archive.ubuntu.com/ubuntu/dists/noble-updates/universe/i18n/by-hash/SHA256/50721486595293769aefce532871edbdacca08b09a2ff216b5b359cf082a5cf2	200	338144	50721486595293769aefce532871edbdacca08b09a2ff216b5b359cf082a5cf2	/home/aella/aws-discovery-jammy-noble-retry-20260831/upgrade-discovery/jammy-to-noble/runtime/deb-cache/7f/55/7f55ba26b02adddb6b19eda5caa75cffb0982b4213efb5384a78bf7a5cd9b805
jammy-to-noble	2026-08-31T12:36:25Z	GET	http://ap-northeast-2.ec2.archive.ubuntu.com/ubuntu/dists/noble-updates/universe/cnf/by-hash/SHA256/70c96daa3363f15f5493e1fdf0616abe556e893fc9641e82faf23c559085f2ff	http://ap-northeast-2.ec2.archive.ubuntu.com/ubuntu/dists/noble-updates/universe/cnf/by-hash/SHA256/70c96daa3363f15f5493e1fdf0616abe556e893fc9641e82faf23c559085f2ff	200	34940	70c96daa3363f15f5493e1fdf0616abe556e893fc9641e82faf23c559085f2ff	/home/aella/aws-discovery-jammy-noble-retry-20260831/upgrade-discovery/jammy-to-noble/runtime/deb-cache/ad/70/ad701c5b70447b5a0f995c86ec9ad502251569ec3d99c923ca61e227aa931da5
jammy-to-noble	2026-08-31T12:36:25Z	GET	http://ap-northeast-2.ec2.archive.ubuntu.com/ubuntu/dists/noble-updates/multiverse/binary-amd64/by-hash/SHA256/09c1e8caad64ebe92783dcaa8aff88fc42b723d65dbf9b1c0250525fd20f91cf	http://ap-northeast-2.ec2.archive.ubuntu.com/ubuntu/dists/noble-updates/multiverse/binary-amd64/by-hash/SHA256/09c1e8caad64ebe92783dcaa8aff88fc42b723d65dbf9b1c0250525fd20f91cf	200	45372	09c1e8caad64ebe92783dcaa8aff88fc42b723d65dbf9b1c0250525fd20f91cf	/home/aella/aws-discovery-jammy-noble-retry-20260831/upgrade-discovery/jammy-to-noble/runtime/deb-cache/7c/8f/7c8f216eeb873c1f19938b6ed8ce63d0f9dca29bbedbe11ca66805e51f7fba60
jammy-to-noble	2026-08-31T12:36:25Z	GET	http://ap-northeast-2.ec2.archive.ubuntu.com/ubuntu/dists/noble-updates/multiverse/i18n/by-hash/SHA256/e8a2cb5cad35d7c2a00328f001e7c3f56b72c8ed361f79b35a546dea5047b77e	http://ap-northeast-2.ec2.archive.ubuntu.com/ubuntu/dists/noble-updates/multiverse/i18n/by-hash/SHA256/e8a2cb5cad35d7c2a00328f001e7c3f56b72c8ed361f79b35a546dea5047b77e	200	12808	e8a2cb5cad35d7c2a00328f001e7c3f56b72c8ed361f79b35a546dea5047b77e	/home/aella/aws-discovery-jammy-noble-retry-20260831/upgrade-discovery/jammy-to-noble/runtime/deb-cache/3d/f5/3df571a8047dde45284dcac592e61233226a0b8ceca5736d83ff63c0178ce18c
jammy-to-noble	2026-08-31T12:36:25Z	GET	http://ap-northeast-2.ec2.archive.ubuntu.com/ubuntu/dists/noble-updates/multiverse/cnf/by-hash/SHA256/b945cf8b67c9bd1dc03fc2dbebc2b2bdffd1a3f0773a1edf936ebab5240c1d76	http://ap-northeast-2.ec2.archive.ubuntu.com/ubuntu/dists/noble-updates/multiverse/cnf/by-hash/SHA256/b945cf8b67c9bd1dc03fc2dbebc2b2bdffd1a3f0773a1edf936ebab5240c1d76	200	656	b945cf8b67c9bd1dc03fc2dbebc2b2bdffd1a3f0773a1edf936ebab5240c1d76	/home/aella/aws-discovery-jammy-noble-retry-20260831/upgrade-discovery/jammy-to-noble/runtime/deb-cache/1c/a8/1ca820e697856a6c6cf769cbbcddf41e71130067b7d95e542bebf21656da9990
jammy-to-noble	2026-08-31T12:36:25Z	GET	http://ap-northeast-2.ec2.archive.ubuntu.com/ubuntu/dists/noble-backports/main/binary-amd64/by-hash/SHA256/359c2c1434727a9cae2b294c0e97f115dbd3f082a35f6119ba01f89bfeacd221	http://ap-northeast-2.ec2.archive.ubuntu.com/ubuntu/dists/noble-backports/main/binary-amd64/by-hash/SHA256/359c2c1434727a9cae2b294c0e97f115dbd3f082a35f6119ba01f89bfeacd221	200	40608	359c2c1434727a9cae2b294c0e97f115dbd3f082a35f6119ba01f89bfeacd221	/home/aella/aws-discovery-jammy-noble-retry-20260831/upgrade-discovery/jammy-to-noble/runtime/deb-cache/80/62/8062c87ad3ad04995af19cbaeb4ee3b299a8f42d52dd393bd20336d86f1ce9e1
jammy-to-noble	2026-08-31T12:36:25Z	GET	http://ap-northeast-2.ec2.archive.ubuntu.com/ubuntu/dists/noble-backports/main/i18n/by-hash/SHA256/c6610c32e30d84407b4434edc1f05038c63aff68486cbfad2c23810d58c76dcc	http://ap-northeast-2.ec2.archive.ubuntu.com/ubuntu/dists/noble-backports/main/i18n/by-hash/SHA256/c6610c32e30d84407b4434edc1f05038c63aff68486cbfad2c23810d58c76dcc	200	9172	c6610c32e30d84407b4434edc1f05038c63aff68486cbfad2c23810d58c76dcc	/home/aella/aws-discovery-jammy-noble-retry-20260831/upgrade-discovery/jammy-to-noble/runtime/deb-cache/e3/0b/e30be63ea559367168a29cf36297c4e5c1c877ef38e537308eb05f6f083b4c5d
jammy-to-noble	2026-08-31T12:36:25Z	GET	http://ap-northeast-2.ec2.archive.ubuntu.com/ubuntu/dists/noble-backports/main/cnf/by-hash/SHA256/73569bbb71d15cb0324459baba062052057590da6260edc0d08bc5da421d7384	http://ap-northeast-2.ec2.archive.ubuntu.com/ubuntu/dists/noble-backports/main/cnf/by-hash/SHA256/73569bbb71d15cb0324459baba062052057590da6260edc0d08bc5da421d7384	200	368	73569bbb71d15cb0324459baba062052057590da6260edc0d08bc5da421d7384	/home/aella/aws-discovery-jammy-noble-retry-20260831/upgrade-discovery/jammy-to-noble/runtime/deb-cache/93/e9/93e93a0fbe51cc69d7a8c905206d0853147e89ff6636369ba17195e2f35c2986
jammy-to-noble	2026-08-31T12:36:25Z	GET	http://ap-northeast-2.ec2.archive.ubuntu.com/ubuntu/dists/noble-backports/restricted/cnf/by-hash/SHA256/fec708732cc4da4920d1f06af6b311ad71c15709f200d413ca901d34080672b5	http://ap-northeast-2.ec2.archive.ubuntu.com/ubuntu/dists/noble-backports/restricted/cnf/by-hash/SHA256/fec708732cc4da4920d1f06af6b311ad71c15709f200d413ca901d34080672b5	200	116	fec708732cc4da4920d1f06af6b311ad71c15709f200d413ca901d34080672b5	/home/aella/aws-discovery-jammy-noble-retry-20260831/upgrade-discovery/jammy-to-noble/runtime/deb-cache/b6/68/b668331d83de315ef882b4668446d1ac6721fde8bf80a7b599708ea893baf0b1
jammy-to-noble	2026-08-31T12:36:25Z	GET	http://ap-northeast-2.ec2.archive.ubuntu.com/ubuntu/dists/noble-backports/universe/binary-amd64/by-hash/SHA256/d2b2461a018575474fc5d92e581e64da75e602abcac4df0d5b45d7ed8ec58745	http://ap-northeast-2.ec2.archive.ubuntu.com/ubuntu/dists/noble-backports/universe/binary-amd64/by-hash/SHA256/d2b2461a018575474fc5d92e581e64da75e602abcac4df0d5b45d7ed8ec58745	200	30956	d2b2461a018575474fc5d92e581e64da75e602abcac4df0d5b45d7ed8ec58745	/home/aella/aws-discovery-jammy-noble-retry-20260831/upgrade-discovery/jammy-to-noble/runtime/deb-cache/2c/e2/2ce2f74bd6898da3f9107593f233bd6dcc12c2dcc7bfd50960516909002b5941
jammy-to-noble	2026-08-31T12:36:25Z	GET	http://ap-northeast-2.ec2.archive.ubuntu.com/ubuntu/dists/noble-backports/universe/i18n/by-hash/SHA256/32879b43178547cfbb97f997914f3291cfe6fcbb72215b0f3e4a0d8fac729cb3	http://ap-northeast-2.ec2.archive.ubuntu.com/ubuntu/dists/noble-backports/universe/i18n/by-hash/SHA256/32879b43178547cfbb97f997914f3291cfe6fcbb72215b0f3e4a0d8fac729cb3	200	18584	32879b43178547cfbb97f997914f3291cfe6fcbb72215b0f3e4a0d8fac729cb3	/home/aella/aws-discovery-jammy-noble-retry-20260831/upgrade-discovery/jammy-to-noble/runtime/deb-cache/0f/b3/0fb30b3205eed647d855a13936d40dae33d6cda97646abc64c3417cb7a6cc758
jammy-to-noble	2026-08-31T12:36:25Z	GET	http://ap-northeast-2.ec2.archive.ubuntu.com/ubuntu/dists/noble-backports/universe/cnf/by-hash/SHA256/60289cf16fe2f4458633652853cb0370e371b7b3ec1c38c8038c9a528acc269a	http://ap-northeast-2.ec2.archive.ubuntu.com/ubuntu/dists/noble-backports/universe/cnf/by-hash/SHA256/60289cf16fe2f4458633652853cb0370e371b7b3ec1c38c8038c9a528acc269a	200	1588	60289cf16fe2f4458633652853cb0370e371b7b3ec1c38c8038c9a528acc269a	/home/aella/aws-discovery-jammy-noble-retry-20260831/upgrade-discovery/jammy-to-noble/runtime/deb-cache/40/32/40327437d0a68dc357c124909a9cad12acd80dd4aeb6e8664b15db35e466cdc0
jammy-to-noble	2026-08-31T12:36:25Z	GET	http://ap-northeast-2.ec2.archive.ubuntu.com/ubuntu/dists/noble-backports/multiverse/binary-amd64/by-hash/SHA256/5099a37bb474b12a792c4a28db8506a96591b7fb119719538e812367e506a4b6	http://ap-northeast-2.ec2.archive.ubuntu.com/ubuntu/dists/noble-backports/multiverse/binary-amd64/by-hash/SHA256/5099a37bb474b12a792c4a28db8506a96591b7fb119719538e812367e506a4b6	200	748	5099a37bb474b12a792c4a28db8506a96591b7fb119719538e812367e506a4b6	/home/aella/aws-discovery-jammy-noble-retry-20260831/upgrade-discovery/jammy-to-noble/runtime/deb-cache/15/42/1542b410f5bf561dedbad015f95ad9e81f86f0345a2726b513824fe431bcd45b
jammy-to-noble	2026-08-31T12:36:25Z	GET	http://ap-northeast-2.ec2.archive.ubuntu.com/ubuntu/dists/noble-backports/multiverse/i18n/by-hash/SHA256/f7f901a75b25471c66a6bacb6c8afcc57c0d25e760b26bb24ea63f0892a6a714	http://ap-northeast-2.ec2.archive.ubuntu.com/ubuntu/dists/noble-backports/multiverse/i18n/by-hash/SHA256/f7f901a75b25471c66a6bacb6c8afcc57c0d25e760b26bb24ea63f0892a6a714	200	340	f7f901a75b25471c66a6bacb6c8afcc57c0d25e760b26bb24ea63f0892a6a714	/home/aella/aws-discovery-jammy-noble-retry-20260831/upgrade-discovery/jammy-to-noble/runtime/deb-cache/2f/56/2f56a022a52400508a66702bfee33efc18ca9c12961e91efff8f58c8b12cc1dc
jammy-to-noble	2026-08-31T12:36:25Z	GET	http://ap-northeast-2.ec2.archive.ubuntu.com/ubuntu/dists/noble-backports/multiverse/cnf/by-hash/SHA256/1e06cbe51de8d0c3ddab5726cf4359e2c694b701ababdaa78e498e7f5e037313	http://ap-northeast-2.ec2.archive.ubuntu.com/ubuntu/dists/noble-backports/multiverse/cnf/by-hash/SHA256/1e06cbe51de8d0c3ddab5726cf4359e2c694b701ababdaa78e498e7f5e037313	200	116	1e06cbe51de8d0c3ddab5726cf4359e2c694b701ababdaa78e498e7f5e037313	/home/aella/aws-discovery-jammy-noble-retry-20260831/upgrade-discovery/jammy-to-noble/runtime/deb-cache/c7/ef/c7ef9756e3d10b15c79522bf9d16c50e7c87b904f9930ca083569336e869883a
jammy-to-noble	2026-08-31T12:36:26Z	GET	http://security.ubuntu.com/ubuntu/dists/noble-security/InRelease	http://security.ubuntu.com/ubuntu/dists/noble-security/InRelease	200	126127	d9b69d5656f725a3392b8468625ab4d200c6da8191932ea66fd2adb436dd6d40	/home/aella/aws-discovery-jammy-noble-retry-20260831/upgrade-discovery/jammy-to-noble/runtime/deb-cache/0d/78/0d7890e3ad86a9ebafdd72f64499f94aa395cd89149bf998128fefd72ed9387c
jammy-to-noble	2026-08-31T12:36:28Z	GET	http://security.ubuntu.com/ubuntu/dists/noble-security/main/binary-amd64/by-hash/SHA256/888d04109b0a2f9db706407cfa4abc9b51b08444ecadbcb957b1a908e195d012	http://security.ubuntu.com/ubuntu/dists/noble-security/main/binary-amd64/by-hash/SHA256/888d04109b0a2f9db706407cfa4abc9b51b08444ecadbcb957b1a908e195d012	200	974452	888d04109b0a2f9db706407cfa4abc9b51b08444ecadbcb957b1a908e195d012	/home/aella/aws-discovery-jammy-noble-retry-20260831/upgrade-discovery/jammy-to-noble/runtime/deb-cache/8f/41/8f4143ce3cc5ccee3a2cc39b787c6760e7b0f2c07d84b7eed9449ecb0597a7cf
jammy-to-noble	2026-08-31T12:36:29Z	GET	http://security.ubuntu.com/ubuntu/dists/noble-security/main/i18n/by-hash/SHA256/37be6c2fdaa0b6bf54bfde391b10db527ae6e5e4337be956720ca6e80c9f031a	http://security.ubuntu.com/ubuntu/dists/noble-security/main/i18n/by-hash/SHA256/37be6c2fdaa0b6bf54bfde391b10db527ae6e5e4337be956720ca6e80c9f031a	200	207144	37be6c2fdaa0b6bf54bfde391b10db527ae6e5e4337be956720ca6e80c9f031a	/home/aella/aws-discovery-jammy-noble-retry-20260831/upgrade-discovery/jammy-to-noble/runtime/deb-cache/b3/2c/b32c0fa09336db83582d513197a42de39d30f71721c3d01b9e4001be56e252d0
jammy-to-noble	2026-08-31T12:36:30Z	GET	http://security.ubuntu.com/ubuntu/dists/noble-security/main/cnf/by-hash/SHA256/cbd06f5254c9886cdf6dbbf80a8364c366323e9876504fc283c022465d964f92	http://security.ubuntu.com/ubuntu/dists/noble-security/main/cnf/by-hash/SHA256/cbd06f5254c9886cdf6dbbf80a8364c366323e9876504fc283c022465d964f92	200	11860	cbd06f5254c9886cdf6dbbf80a8364c366323e9876504fc283c022465d964f92	/home/aella/aws-discovery-jammy-noble-retry-20260831/upgrade-discovery/jammy-to-noble/runtime/deb-cache/17/0c/170cc3cf98334f3783fa0e65c0e204ca357ca96ec0a6d8cf8dfc58ba43fcf654
jammy-to-noble	2026-08-31T12:36:32Z	GET	http://security.ubuntu.com/ubuntu/dists/noble-security/restricted/binary-amd64/by-hash/SHA256/28da2ef82004d9005cbb5a57f339dde88c7e2d0a060754c5d7eaf18e4635c455	http://security.ubuntu.com/ubuntu/dists/noble-security/restricted/binary-amd64/by-hash/SHA256/28da2ef82004d9005cbb5a57f339dde88c7e2d0a060754c5d7eaf18e4635c455	200	1392124	28da2ef82004d9005cbb5a57f339dde88c7e2d0a060754c5d7eaf18e4635c455	/home/aella/aws-discovery-jammy-noble-retry-20260831/upgrade-discovery/jammy-to-noble/runtime/deb-cache/8a/a7/8aa7f3df65797d641aafe14763a353fb6c82de8c91c8eb7a9e21eab9c57bf4b1
jammy-to-noble	2026-08-31T12:36:34Z	GET	http://security.ubuntu.com/ubuntu/dists/noble-security/restricted/i18n/by-hash/SHA256/367c3a794e0098d996ac040d2287b43481dd73f78da2758c231814c2bb3ae3f0	http://security.ubuntu.com/ubuntu/dists/noble-security/restricted/i18n/by-hash/SHA256/367c3a794e0098d996ac040d2287b43481dd73f78da2758c231814c2bb3ae3f0	200	320556	367c3a794e0098d996ac040d2287b43481dd73f78da2758c231814c2bb3ae3f0	/home/aella/aws-discovery-jammy-noble-retry-20260831/upgrade-discovery/jammy-to-noble/runtime/deb-cache/bf/c1/bfc1813d9c0b68bf5640f0724e016bf24c0b5668676c3afec2ad6e7dbb8d0fa1
jammy-to-noble	2026-08-31T12:36:34Z	GET	http://security.ubuntu.com/ubuntu/dists/noble-security/restricted/cnf/by-hash/SHA256/bd1238f16d2daa4cd6c2212706e07a65a359162a35a962f82fde72f3f12cbf8c	http://security.ubuntu.com/ubuntu/dists/noble-security/restricted/cnf/by-hash/SHA256/bd1238f16d2daa4cd6c2212706e07a65a359162a35a962f82fde72f3f12cbf8c	200	444	bd1238f16d2daa4cd6c2212706e07a65a359162a35a962f82fde72f3f12cbf8c	/home/aella/aws-discovery-jammy-noble-retry-20260831/upgrade-discovery/jammy-to-noble/runtime/deb-cache/1f/ad/1fad1f1b8965fbc31b181a9c7ef57a8da646f0261c19f5885c509e64303bd9b1
jammy-to-noble	2026-08-31T12:36:36Z	GET	http://security.ubuntu.com/ubuntu/dists/noble-security/universe/binary-amd64/by-hash/SHA256/1cb51447bf397d1fbc1f0b85c0d027b0e6c250b1a44e1850a459d327862a5bdb	http://security.ubuntu.com/ubuntu/dists/noble-security/universe/binary-amd64/by-hash/SHA256/1cb51447bf397d1fbc1f0b85c0d027b0e6c250b1a44e1850a459d327862a5bdb	200	1203136	1cb51447bf397d1fbc1f0b85c0d027b0e6c250b1a44e1850a459d327862a5bdb	/home/aella/aws-discovery-jammy-noble-retry-20260831/upgrade-discovery/jammy-to-noble/runtime/deb-cache/68/35/68354b587f47e0808be804f722442d0b6d4272086203b71108c699ffb14a25b7
jammy-to-noble	2026-08-31T12:36:38Z	GET	http://security.ubuntu.com/ubuntu/dists/noble-security/universe/i18n/by-hash/SHA256/d996081cd0dba228ac06b577d34db175d8b0e52cac2f6629eebb25214c44bb79	http://security.ubuntu.com/ubuntu/dists/noble-security/universe/i18n/by-hash/SHA256/d996081cd0dba228ac06b577d34db175d8b0e52cac2f6629eebb25214c44bb79	200	240648	d996081cd0dba228ac06b577d34db175d8b0e52cac2f6629eebb25214c44bb79	/home/aella/aws-discovery-jammy-noble-retry-20260831/upgrade-discovery/jammy-to-noble/runtime/deb-cache/ff/d4/ffd470584e90644cfff445e4a77e0b6caeb4d3c4338e56fe91e854427ac9fb36
jammy-to-noble	2026-08-31T12:36:39Z	GET	http://security.ubuntu.com/ubuntu/dists/noble-security/universe/cnf/by-hash/SHA256/94f4e57f0d858cbd61994d1d165cfdae323730e58e1c85d9e1f0ac51756c4e09	http://security.ubuntu.com/ubuntu/dists/noble-security/universe/cnf/by-hash/SHA256/94f4e57f0d858cbd61994d1d165cfdae323730e58e1c85d9e1f0ac51756c4e09	200	24248	94f4e57f0d858cbd61994d1d165cfdae323730e58e1c85d9e1f0ac51756c4e09	/home/aella/aws-discovery-jammy-noble-retry-20260831/upgrade-discovery/jammy-to-noble/runtime/deb-cache/fc/c0/fcc0c9fa053b4e086c3f7207c5b2ba7265296044e08f940c360722241366a728
jammy-to-noble	2026-08-31T12:36:40Z	GET	http://security.ubuntu.com/ubuntu/dists/noble-security/multiverse/binary-amd64/by-hash/SHA256/8e75889eb0413f57b6f543b24f0309c5cb9852cc0e708bd3961839d52d7d1e9b	http://security.ubuntu.com/ubuntu/dists/noble-security/multiverse/binary-amd64/by-hash/SHA256/8e75889eb0413f57b6f543b24f0309c5cb9852cc0e708bd3961839d52d7d1e9b	200	40304	8e75889eb0413f57b6f543b24f0309c5cb9852cc0e708bd3961839d52d7d1e9b	/home/aella/aws-discovery-jammy-noble-retry-20260831/upgrade-discovery/jammy-to-noble/runtime/deb-cache/fd/7f/fd7fdf0da71af012cf107f85ddb60ecf7901a07e3cb02fe1878f8eef8f02e97c
jammy-to-noble	2026-08-31T12:36:40Z	GET	http://security.ubuntu.com/ubuntu/dists/noble-security/multiverse/i18n/by-hash/SHA256/99e022aee04fb2c62a9e116c7a5158b77d9da53cc9b2ca5a0b421e3f8f0b2d7c	http://security.ubuntu.com/ubuntu/dists/noble-security/multiverse/i18n/by-hash/SHA256/99e022aee04fb2c62a9e116c7a5158b77d9da53cc9b2ca5a0b421e3f8f0b2d7c	200	11116	99e022aee04fb2c62a9e116c7a5158b77d9da53cc9b2ca5a0b421e3f8f0b2d7c	/home/aella/aws-discovery-jammy-noble-retry-20260831/upgrade-discovery/jammy-to-noble/runtime/deb-cache/19/23/1923cf37d3626dbcb1281ca47b695601e7a48e7884ceca65a023acc87de4e7d1
jammy-to-noble	2026-08-31T12:36:41Z	GET	http://security.ubuntu.com/ubuntu/dists/noble-security/multiverse/cnf/by-hash/SHA256/40e70bef41f105467cf6f84f6ba523b1761b8fb2a8bd849a3e7c3e747994afd0	http://security.ubuntu.com/ubuntu/dists/noble-security/multiverse/cnf/by-hash/SHA256/40e70bef41f105467cf6f84f6ba523b1761b8fb2a8bd849a3e7c3e747994afd0	200	468	40e70bef41f105467cf6f84f6ba523b1761b8fb2a8bd849a3e7c3e747994afd0	/home/aella/aws-discovery-jammy-noble-retry-20260831/upgrade-discovery/jammy-to-noble/runtime/deb-cache/93/d6/93d68e0bc108116710bff30aa71992365be1b25d661cf44127b8da0e6932d0b5
jammy-to-noble	2026-08-31T12:39:32Z	GET	http://ap-northeast-2.ec2.archive.ubuntu.com/ubuntu/pool/main/b/base-files/motd-news-config_13ubuntu10.4_all.deb	http://ap-northeast-2.ec2.archive.ubuntu.com/ubuntu/pool/main/b/base-files/motd-news-config_13ubuntu10.4_all.deb	200	4012	df8d036108d56d20d628ffead4e0c0a8d04cfab5014c15f36d6f3972274df33f	/home/aella/aws-discovery-jammy-noble-retry-20260831/upgrade-discovery/jammy-to-noble/runtime/deb-cache/de/7a/de7a7107b0098df087d6fe73df7060c0b452125e6f607f8d1580c9833d4ed21d
jammy-to-noble	2026-08-31T12:39:32Z	GET	http://ap-northeast-2.ec2.archive.ubuntu.com/ubuntu/pool/main/g/glibc/locales_2.39-0ubuntu8.8_all.deb	http://ap-northeast-2.ec2.archive.ubuntu.com/ubuntu/pool/main/g/glibc/locales_2.39-0ubuntu8.8_all.deb	200	4231022	cdd2d347a357da6b9b1f2bd9e08c10a2a3a4686fad050791d30915d0ce0bb506	/home/aella/aws-discovery-jammy-noble-retry-20260831/upgrade-discovery/jammy-to-noble/runtime/deb-cache/4b/70/4b7070e3bfb70f27c589e79692783b86d2007e839f271e1c65aca8e8283d53c8
jammy-to-noble	2026-08-31T12:39:32Z	GET	http://ap-northeast-2.ec2.archive.ubuntu.com/ubuntu/pool/main/g/glibc/libc-dev-bin_2.39-0ubuntu8.8_amd64.deb	http://ap-northeast-2.ec2.archive.ubuntu.com/ubuntu/pool/main/g/glibc/libc-dev-bin_2.39-0ubuntu8.8_amd64.deb	200	20418	c894e5a5f137429657d09e853fbbb19d53fc164c60804c396cd43873b0b4f734	/home/aella/aws-discovery-jammy-noble-retry-20260831/upgrade-discovery/jammy-to-noble/runtime/deb-cache/9f/65/9f65305bbcd82e78547d41e846ede10a4db1c7e5f786214a788577e8898064b8
jammy-to-noble	2026-08-31T12:39:32Z	GET	http://ap-northeast-2.ec2.archive.ubuntu.com/ubuntu/pool/main/r/rpcsvc-proto/rpcsvc-proto_1.4.2-0ubuntu7_amd64.deb	http://ap-northeast-2.ec2.archive.ubuntu.com/ubuntu/pool/main/r/rpcsvc-proto/rpcsvc-proto_1.4.2-0ubuntu7_amd64.deb	200	67446	7eb710fe148d224c159ddec1ceb0ba53ead52a80a6793dcdae1474acf20d8f71	/home/aella/aws-discovery-jammy-noble-retry-20260831/upgrade-discovery/jammy-to-noble/runtime/deb-cache/c4/a6/c4a67b931ced087eb92a4ab00f6c9618dab83939f649cae02ec557f39c98a37e
jammy-to-noble	2026-08-31T12:39:32Z	GET	http://ap-northeast-2.ec2.archive.ubuntu.com/ubuntu/pool/main/libt/libtirpc/libtirpc-common_1.3.4%2bds-1.1build1_all.deb	http://ap-northeast-2.ec2.archive.ubuntu.com/ubuntu/pool/main/libt/libtirpc/libtirpc-common_1.3.4%2bds-1.1build1_all.deb	200	8094	212d8873ac952bc68f4cf56d7eaf17566f86f5c7cc4b971899a0c56e174699cc	/home/aella/aws-discovery-jammy-noble-retry-20260831/upgrade-discovery/jammy-to-noble/runtime/deb-cache/c1/a3/c1a379e780a36fcf2662caabea9f252a3984752267722a26926e8ab76e9bce48
jammy-to-noble	2026-08-31T12:39:32Z	GET	http://ap-northeast-2.ec2.archive.ubuntu.com/ubuntu/pool/main/libt/libtirpc/libtirpc-dev_1.3.4%2bds-1.1build1_amd64.deb	http://ap-northeast-2.ec2.archive.ubuntu.com/ubuntu/pool/main/libt/libtirpc/libtirpc-dev_1.3.4%2bds-1.1build1_amd64.deb	200	193418	439322bbb8d0b1d44f92593edb6c8ba9693bcfb3b5f1f3bd152998f42cdf7a5d	/home/aella/aws-discovery-jammy-noble-retry-20260831/upgrade-discovery/jammy-to-noble/runtime/deb-cache/ad/54/ad544bdabe204368cace43022731636455a27027379522e4fa81a846be798e81
jammy-to-noble	2026-08-31T12:39:32Z	GET	http://ap-northeast-2.ec2.archive.ubuntu.com/ubuntu/pool/main/u/ubuntu-advantage-desktop-daemon/ubuntu-advantage-desktop-daemon_1.11ubuntu0.1_amd64.deb	http://ap-northeast-2.ec2.archive.ubuntu.com/ubuntu/pool/main/u/ubuntu-advantage-desktop-daemon/ubuntu-advantage-desktop-daemon_1.11ubuntu0.1_amd64.deb	200	22280	801470b7fe37282252523e18f4a343f44718dd2fb9506149af9955096eea5575	/home/aella/aws-discovery-jammy-noble-retry-20260831/upgrade-discovery/jammy-to-noble/runtime/deb-cache/3a/b1/3ab1e4aece7333e739d06eca2559245ad272f9045c229d7441b5d7220b5f4474
jammy-to-noble	2026-08-31T12:39:33Z	GET	http://ap-northeast-2.ec2.archive.ubuntu.com/ubuntu/pool/main/u/udisks2/libudisks2-0_2.10.1-6ubuntu1.3_amd64.deb	http://ap-northeast-2.ec2.archive.ubuntu.com/ubuntu/pool/main/u/udisks2/libudisks2-0_2.10.1-6ubuntu1.3_amd64.deb	200	174676	a466d1f2cfbc81067f9bd3a892ea33dec6db907075a9f5bd805a490a3dda4f80	/home/aella/aws-discovery-jammy-noble-retry-20260831/upgrade-discovery/jammy-to-noble/runtime/deb-cache/9d/b0/9db097892b3c79732a9404b60f994bb7948bcb103360918ed512902d2abc683a
jammy-to-noble	2026-08-31T12:39:33Z	GET	http://ap-northeast-2.ec2.archive.ubuntu.com/ubuntu/pool/main/libb/libblockdev/libblockdev-utils3_3.1.1-1ubuntu0.1_amd64.deb	http://ap-northeast-2.ec2.archive.ubuntu.com/ubuntu/pool/main/libb/libblockdev/libblockdev-utils3_3.1.1-1ubuntu0.1_amd64.deb	200	19240	019c84bec89353717d2a26e5314499fe7fc8d6bc24fdb86aa8f05e8e5c145853	/home/aella/aws-discovery-jammy-noble-retry-20260831/upgrade-discovery/jammy-to-noble/runtime/deb-cache/16/01/16013507981c7788871fdddc3c2bd78da35ea0890ab306b5531e306e9e934fd3
jammy-to-noble	2026-08-31T12:39:33Z	GET	http://security.ubuntu.com/ubuntu/pool/main/d/diffutils/diffutils_3.10-1ubuntu0.1_amd64.deb	http://security.ubuntu.com/ubuntu/pool/main/d/diffutils/diffutils_3.10-1ubuntu0.1_amd64.deb	200	177224	c2acc7889f1d75986c40bee57c0875c02146a9c8833980abfb0a6c62c52301d3	/home/aella/aws-discovery-jammy-noble-retry-20260831/upgrade-discovery/jammy-to-noble/runtime/deb-cache/47/cf/47cf3ba691bf77068500450288cba12229e63d270e00dc930450aa72c275372b
jammy-to-noble	2026-08-31T12:39:33Z	GET	http://ap-northeast-2.ec2.archive.ubuntu.com/ubuntu/pool/main/libb/libblockdev/libblockdev-crypto3_3.1.1-1ubuntu0.1_amd64.deb	http://ap-northeast-2.ec2.archive.ubuntu.com/ubuntu/pool/main/libb/libblockdev/libblockdev-crypto3_3.1.1-1ubuntu0.1_amd64.deb	200	21316	a6f82f205c4708405d7e72d1cc2162304327f2e190f1e2be6377e9bfc9c625c4	/home/aella/aws-discovery-jammy-noble-retry-20260831/upgrade-discovery/jammy-to-noble/runtime/deb-cache/dc/a6/dca6f413e23aa9acab45c86e1b79eecce2f99d9c1575c82dea952c3e93127826
jammy-to-noble	2026-08-31T12:39:33Z	GET	http://ap-northeast-2.ec2.archive.ubuntu.com/ubuntu/pool/main/e/e2fsprogs/e2fsprogs-l10n_1.47.0-2.4%7eexp1ubuntu4.1_all.deb	http://ap-northeast-2.ec2.archive.ubuntu.com/ubuntu/pool/main/e/e2fsprogs/e2fsprogs-l10n_1.47.0-2.4%7eexp1ubuntu4.1_all.deb	200	6004	698ca71e35dfa785db4d3c559c712b45be3f3891cbc16a33f901620d338a5f92	/home/aella/aws-discovery-jammy-noble-retry-20260831/upgrade-discovery/jammy-to-noble/runtime/deb-cache/93/43/93432b87820631110622bb40a6b024091bbe5c9c9d7422d9df8d310af2d5ce6c
jammy-to-noble	2026-08-31T12:39:33Z	GET	http://ap-northeast-2.ec2.archive.ubuntu.com/ubuntu/pool/main/e/e2fsprogs/logsave_1.47.0-2.4%7eexp1ubuntu4.1_amd64.deb	http://ap-northeast-2.ec2.archive.ubuntu.com/ubuntu/pool/main/e/e2fsprogs/logsave_1.47.0-2.4%7eexp1ubuntu4.1_amd64.deb	200	22700	dba74a557ae28b51b5a5190aefeef611cbf989211b1814282d58a1c536f43b5b	/home/aella/aws-discovery-jammy-noble-retry-20260831/upgrade-discovery/jammy-to-noble/runtime/deb-cache/80/0c/800c5b689a71a5fd8fddce565d1e214dbe4018128f98088e6a56b0efe676c60b
jammy-to-noble	2026-08-31T12:39:33Z	GET	http://ap-northeast-2.ec2.archive.ubuntu.com/ubuntu/pool/main/o/openssl/openssl_3.0.13-0ubuntu3.15_amd64.deb	http://ap-northeast-2.ec2.archive.ubuntu.com/ubuntu/pool/main/o/openssl/openssl_3.0.13-0ubuntu3.15_amd64.deb	200	1002938	1f2401db59a0beffde6cc47bea3664965ab8fa206b7a5ac8f1cc649cfeeb056b	/home/aella/aws-discovery-jammy-noble-retry-20260831/upgrade-discovery/jammy-to-noble/runtime/deb-cache/ac/c5/acc5ab93f10e338d565602192278ffae13cc7f88b771ffdda7cb974273a8a118
jammy-to-noble	2026-08-31T12:39:33Z	GET	http://ap-northeast-2.ec2.archive.ubuntu.com/ubuntu/pool/main/libu/libunistring/libunistring5_1.1-2build1.1_amd64.deb	http://ap-northeast-2.ec2.archive.ubuntu.com/ubuntu/pool/main/libu/libunistring/libunistring5_1.1-2build1.1_amd64.deb	200	535554	203d7657b5f54633fba1a9c9b784d556ef83c9f6787b3185ba55a88e07b865a3	/home/aella/aws-discovery-jammy-noble-retry-20260831/upgrade-discovery/jammy-to-noble/runtime/deb-cache/f8/bc/f8bc6726be6d6f7959bdaac87cf5254a57f61c034641780c7cff1ff2a70aed75
jammy-to-noble	2026-08-31T12:39:33Z	GET	http://ap-northeast-2.ec2.archive.ubuntu.com/ubuntu/pool/main/libp/libpsl/libpsl5t64_0.21.2-1.1build1_amd64.deb	http://ap-northeast-2.ec2.archive.ubuntu.com/ubuntu/pool/main/libp/libpsl/libpsl5t64_0.21.2-1.1build1_amd64.deb	200	57072	a6c85d1303ae90b6a3209d73c4f047f82c27cdc963c48adfd95dd7abca64f039	/home/aella/aws-discovery-jammy-noble-retry-20260831/upgrade-discovery/jammy-to-noble/runtime/deb-cache/54/ab/54ab5de4d99e832adaa201145149e091e2fcf77b2d804f02f6fd74f3d82faeb3
jammy-to-noble	2026-08-31T12:39:33Z	GET	http://ap-northeast-2.ec2.archive.ubuntu.com/ubuntu/pool/main/w/wget/wget_1.21.4-1ubuntu4.5_amd64.deb	http://ap-northeast-2.ec2.archive.ubuntu.com/ubuntu/pool/main/w/wget/wget_1.21.4-1ubuntu4.5_amd64.deb	200	334118	2aa5a734b21b49ff6bd2239546b3f88275f8abb55dd8a984249e6cd0c1173a92	/home/aella/aws-discovery-jammy-noble-retry-20260831/upgrade-discovery/jammy-to-noble/runtime/deb-cache/13/78/13787d5af2bb6f8fb4c383bc6171d3e99a3b8a35f7d4d8344de5f4bfc9260d83
jammy-to-noble	2026-08-31T12:39:33Z	GET	http://ap-northeast-2.ec2.archive.ubuntu.com/ubuntu/pool/main/t/tnftp/tnftp_20230507-2build3_amd64.deb	http://ap-northeast-2.ec2.archive.ubuntu.com/ubuntu/pool/main/t/tnftp/tnftp_20230507-2build3_amd64.deb	200	103368	7004950394f5b45a0f22f4201fccc39f6659960482a93e4419f80d17778e5b2a	/home/aella/aws-discovery-jammy-noble-retry-20260831/upgrade-discovery/jammy-to-noble/runtime/deb-cache/10/c4/10c4bf2a86c92198572a24db928c2c3c86d75b08f1e50a4dd541b22941abaa2f
jammy-to-noble	2026-08-31T12:39:33Z	GET	http://ap-northeast-2.ec2.archive.ubuntu.com/ubuntu/pool/main/g/glibc/libc6_2.39-0ubuntu8.8_amd64.deb	http://ap-northeast-2.ec2.archive.ubuntu.com/ubuntu/pool/main/g/glibc/libc6_2.39-0ubuntu8.8_amd64.deb	200	3262434	3b8d5391b6b484a4c81fd000b6064885ad967ec3cb966bc57603f3fb3ebf0ed5	/home/aella/aws-discovery-jammy-noble-retry-20260831/upgrade-discovery/jammy-to-noble/runtime/deb-cache/4e/83/4e836bd9e6a4fbc9313bd25dfe91e0ad25d03b5f4b302680f70b744e00978add
jammy-to-noble	2026-08-31T12:39:33Z	GET	http://ap-northeast-2.ec2.archive.ubuntu.com/ubuntu/pool/main/o/openssl/libssl3t64_3.0.13-0ubuntu3.15_amd64.deb	http://ap-northeast-2.ec2.archive.ubuntu.com/ubuntu/pool/main/o/openssl/libssl3t64_3.0.13-0ubuntu3.15_amd64.deb	200	1944134	3d0955bc049bbcca0f4c3e78a3a8b994593d96db7d84f4320217224433844534	/home/aella/aws-discovery-jammy-noble-retry-20260831/upgrade-discovery/jammy-to-noble/runtime/deb-cache/a6/ff/a6fff42ce7aa3591e431f376fccc854fb533e644510b3cad26acea29eb90a6ad
jammy-to-noble	2026-08-31T12:39:33Z	GET	http://ap-northeast-2.ec2.archive.ubuntu.com/ubuntu/pool/main/d/dhcpcd/dhcpcd-base_10.0.6-1ubuntu3.2_amd64.deb	http://ap-northeast-2.ec2.archive.ubuntu.com/ubuntu/pool/main/d/dhcpcd/dhcpcd-base_10.0.6-1ubuntu3.2_amd64.deb	200	215178	606672ce6eec804b6490e261c0afd77bfeedf73ff29aab165a464e1e8df43a43	/home/aella/aws-discovery-jammy-noble-retry-20260831/upgrade-discovery/jammy-to-noble/runtime/deb-cache/9d/38/9d38690656c34d35b2946cf8ed4af011446986f361da551815a97d95e3046f86
jammy-to-noble	2026-08-31T12:39:33Z	GET	http://ap-northeast-2.ec2.archive.ubuntu.com/ubuntu/pool/main/d/dracut/dracut-install_060%2b5-1ubuntu3.3_amd64.deb	http://ap-northeast-2.ec2.archive.ubuntu.com/ubuntu/pool/main/d/dracut/dracut-install_060%2b5-1ubuntu3.3_amd64.deb	200	32280	41b69e7c48bfd556ee15978699a5637a39bc034e5e82b5f8a462d0a69e4fcc19	/home/aella/aws-discovery-jammy-noble-retry-20260831/upgrade-discovery/jammy-to-noble/runtime/deb-cache/bb/da/bbdae56c415097b63d18c963194b3ad570c772d85bbe0398edc6dfdbb0747349
jammy-to-noble	2026-08-31T12:39:33Z	GET	http://ap-northeast-2.ec2.archive.ubuntu.com/ubuntu/pool/main/i/initramfs-tools/initramfs-tools-bin_0.142ubuntu25.8_amd64.deb	http://ap-northeast-2.ec2.archive.ubuntu.com/ubuntu/pool/main/i/initramfs-tools/initramfs-tools-bin_0.142ubuntu25.8_amd64.deb	200	21560	556a5afcb16ec4ec36b0bb0f0df6af6eef9a95141b7cca6740d4344cd24a4f0e	/home/aella/aws-discovery-jammy-noble-retry-20260831/upgrade-discovery/jammy-to-noble/runtime/deb-cache/0d/2f/0d2fbb7bbb0c7e4b6cd7aa10994a194aabfd2d794487c6ab448b366e1376720a
jammy-to-noble	2026-08-31T12:39:33Z	GET	http://ap-northeast-2.ec2.archive.ubuntu.com/ubuntu/pool/main/k/klibc/libklibc_2.0.13-4ubuntu0.2_amd64.deb	http://ap-northeast-2.ec2.archive.ubuntu.com/ubuntu/pool/main/k/klibc/libklibc_2.0.13-4ubuntu0.2_amd64.deb	200	47304	bf0f954755593208ea06f921aa27c45585196b7c44fc4d86c4c3f5c10f5d153e	/home/aella/aws-discovery-jammy-noble-retry-20260831/upgrade-discovery/jammy-to-noble/runtime/deb-cache/d8/92/d892a7b8c25f12c44d33705e6155045b8cbe6e4460fc888e3ac2f218aa51bf8d
jammy-to-noble	2026-08-31T12:39:33Z	GET	http://ap-northeast-2.ec2.archive.ubuntu.com/ubuntu/pool/main/k/klibc/klibc-utils_2.0.13-4ubuntu0.2_amd64.deb	http://ap-northeast-2.ec2.archive.ubuntu.com/ubuntu/pool/main/k/klibc/klibc-utils_2.0.13-4ubuntu0.2_amd64.deb	200	100170	b0eae4b03e8c7f2b8c5dfca637183ed62d8e344fdad0aabf623b696eccfa4a36	/home/aella/aws-discovery-jammy-noble-retry-20260831/upgrade-discovery/jammy-to-noble/runtime/deb-cache/b2/06/b20631bc92a8528e446c34b7f06282cea24df4a952348ac58321e3934fb1d61c
jammy-to-noble	2026-08-31T12:39:33Z	GET	http://ap-northeast-2.ec2.archive.ubuntu.com/ubuntu/pool/main/r/reiserfsprogs/libreiserfscore0t64_3.6.27-7.1build1_amd64.deb	http://ap-northeast-2.ec2.archive.ubuntu.com/ubuntu/pool/main/r/reiserfsprogs/libreiserfscore0t64_3.6.27-7.1build1_amd64.deb	200	76220	6c2dfd68a96f4ea7ab26b548cd1dab1965c7fff491b45064665f7ffccda13108	/home/aella/aws-discovery-jammy-noble-retry-20260831/upgrade-discovery/jammy-to-noble/runtime/deb-cache/23/45/2345af909ac75899b79d9429124648c9b48fcd11aecf409da48d36335912929c
jammy-to-noble	2026-08-31T12:39:33Z	GET	http://ap-northeast-2.ec2.archive.ubuntu.com/ubuntu/pool/main/libz/libzstd/libzstd1_1.5.5%2bdfsg2-2build1.1_amd64.deb	http://ap-northeast-2.ec2.archive.ubuntu.com/ubuntu/pool/main/libz/libzstd/libzstd1_1.5.5%2bdfsg2-2build1.1_amd64.deb	200	299472	dfcf25061e07aad7efd3f4f880ba5ad4d4d09ebe7fc8cc77ab6b8a161d6d4727	/home/aella/aws-discovery-jammy-noble-retry-20260831/upgrade-discovery/jammy-to-noble/runtime/deb-cache/63/fe/63fe6c459ab55e449bd976a35e63235fb28cefe98ad10d802fa1b77a17d84a5d
jammy-to-noble	2026-08-31T12:39:34Z	GET	http://security.ubuntu.com/ubuntu/pool/main/b/bind9/bind9-host_9.18.39-0ubuntu0.24.04.7_amd64.deb	http://security.ubuntu.com/ubuntu/pool/main/b/bind9/bind9-host_9.18.39-0ubuntu0.24.04.7_amd64.deb	200	50476	b0c250c18a7d1cb5538f655e7aa273028f587a89a04a755054f2acca209c9c1b	/home/aella/aws-discovery-jammy-noble-retry-20260831/upgrade-discovery/jammy-to-noble/runtime/deb-cache/34/95/34952c717c55717f5e57161ccaec758fe17cc01c022c65e0c8bbcefce8d343d9
jammy-to-noble	2026-08-31T12:39:35Z	GET	http://security.ubuntu.com/ubuntu/pool/main/b/bind9/bind9-dnsutils_9.18.39-0ubuntu0.24.04.7_amd64.deb	http://security.ubuntu.com/ubuntu/pool/main/b/bind9/bind9-dnsutils_9.18.39-0ubuntu0.24.04.7_amd64.deb	200	155990	f5e72a2daa6deb2d5c5c0ba30fa8207be89d0332b8d3fefaf743c4e486af8486	/home/aella/aws-discovery-jammy-noble-retry-20260831/upgrade-discovery/jammy-to-noble/runtime/deb-cache/da/83/da832fa557f728ce1db141535e17b545ca2cea177d0d42963f2f453ee1b1ade4
jammy-to-noble	2026-08-31T12:39:36Z	GET	http://ap-northeast-2.ec2.archive.ubuntu.com/ubuntu/pool/main/b/btrfs-progs/btrfs-progs_6.6.3-1.1build2_amd64.deb	http://ap-northeast-2.ec2.archive.ubuntu.com/ubuntu/pool/main/b/btrfs-progs/btrfs-progs_6.6.3-1.1build2_amd64.deb	200	983726	b4aeb482adcce07b276827d8f4b0c502427a2a43574fa8349081f23dcd8c96aa	/home/aella/aws-discovery-jammy-noble-retry-20260831/upgrade-discovery/jammy-to-noble/runtime/deb-cache/ae/3f/ae3fc6f1f7eb66d6521cb45faa64036a8cc268ea2b642f3cd92ee4935314077c
jammy-to-noble	2026-08-31T12:39:36Z	GET	http://ap-northeast-2.ec2.archive.ubuntu.com/ubuntu/pool/main/i/initramfs-tools/initramfs-tools_0.142ubuntu25.8_all.deb	http://ap-northeast-2.ec2.archive.ubuntu.com/ubuntu/pool/main/i/initramfs-tools/initramfs-tools_0.142ubuntu25.8_all.deb	200	9076	3a75c03e5d409f4e266b3d908e3278a439a221d0576db55eab588cac9388cefe	/home/aella/aws-discovery-jammy-noble-retry-20260831/upgrade-discovery/jammy-to-noble/runtime/deb-cache/3f/17/3f170fe01bf266cb54a4e14a77bc6a26ffd78f60f92e7a3b03a0b55af8767055
jammy-to-noble	2026-08-31T12:39:36Z	GET	http://ap-northeast-2.ec2.archive.ubuntu.com/ubuntu/pool/main/i/initramfs-tools/initramfs-tools-core_0.142ubuntu25.8_all.deb	http://ap-northeast-2.ec2.archive.ubuntu.com/ubuntu/pool/main/i/initramfs-tools/initramfs-tools-core_0.142ubuntu25.8_all.deb	200	50458	1a26fed5136ae049e5abc33995ac362f7af26bd7470e6a49c596474da0c3e1b8	/home/aella/aws-discovery-jammy-noble-retry-20260831/upgrade-discovery/jammy-to-noble/runtime/deb-cache/ac/f1/acf15ca0c8359875f49684e922c8c4f68b0133188eb56dba4d3ce446a3c4502d
jammy-to-noble	2026-08-31T12:39:36Z	GET	http://ap-northeast-2.ec2.archive.ubuntu.com/ubuntu/pool/main/e/e2fsprogs/libext2fs2t64_1.47.0-2.4%7eexp1ubuntu4.1_amd64.deb	http://ap-northeast-2.ec2.archive.ubuntu.com/ubuntu/pool/main/e/e2fsprogs/libext2fs2t64_1.47.0-2.4%7eexp1ubuntu4.1_amd64.deb	200	221728	276686704314749497f1530ff9e62fd0280328be786a28db0cfe2aa31c88119e	/home/aella/aws-discovery-jammy-noble-retry-20260831/upgrade-discovery/jammy-to-noble/runtime/deb-cache/e1/a9/e1a997fef3da3fcf14c33e0c556278bd02d4a6cd976895f0e17155c6f3e45130
jammy-to-noble	2026-08-31T12:39:37Z	GET	http://security.ubuntu.com/ubuntu/pool/main/b/bind9/bind9-libs_9.18.39-0ubuntu0.24.04.7_amd64.deb	http://security.ubuntu.com/ubuntu/pool/main/b/bind9/bind9-libs_9.18.39-0ubuntu0.24.04.7_amd64.deb	200	1260516	5d2e9fe6874be8691dc1945290938af2deaa2a13dc782ea2a3afbf10784ea1b8	/home/aella/aws-discovery-jammy-noble-retry-20260831/upgrade-discovery/jammy-to-noble/runtime/deb-cache/8f/32/8f3226af8f7edc939b8bdd13f9fbbc6a8595b5c498137fad9c78529a29bc825f
jammy-to-noble	2026-08-31T12:39:37Z	GET	http://security.ubuntu.com/ubuntu/pool/main/a/attr/libattr1_2.5.2-1ubuntu0.1_amd64.deb	http://security.ubuntu.com/ubuntu/pool/main/a/attr/libattr1_2.5.2-1ubuntu0.1_amd64.deb	200	11748	a99e2e2dfcefbc0e9c99fdc0b284c8b35eaa58744163aaed476de1c93d3c4ef4	/home/aella/aws-discovery-jammy-noble-retry-20260831/upgrade-discovery/jammy-to-noble/runtime/deb-cache/1a/9e/1a9ee893721b1244633afabfd6bc8b916aadcd392db1751cbf8ad3b3cbe06085
jammy-to-noble	2026-08-31T12:39:38Z	GET	http://security.ubuntu.com/ubuntu/pool/universe/b/bind9/dnsutils_9.18.39-0ubuntu0.24.04.7_all.deb	http://security.ubuntu.com/ubuntu/pool/universe/b/bind9/dnsutils_9.18.39-0ubuntu0.24.04.7_all.deb	200	3686	eb258cb7e0a755905b6456e0ff0f1d04e7b81aad941df1430fe068065de32ef7	/home/aella/aws-discovery-jammy-noble-retry-20260831/upgrade-discovery/jammy-to-noble/runtime/deb-cache/11/28/112821a67d5ffac31ccb47d560e3eed0ddcfb4156dc5c137364e0e3eb135377b
jammy-to-noble	2026-08-31T12:39:38Z	GET	http://ap-northeast-2.ec2.archive.ubuntu.com/ubuntu/pool/main/e/e2fsprogs/e2fsprogs_1.47.0-2.4%7eexp1ubuntu4.1_amd64.deb	http://ap-northeast-2.ec2.archive.ubuntu.com/ubuntu/pool/main/e/e2fsprogs/e2fsprogs_1.47.0-2.4%7eexp1ubuntu4.1_amd64.deb	200	600736	1d0fb19dcf14316d04602260871dba3c1441c0ecf3c3bde54eacba35dcc5a40b	/home/aella/aws-discovery-jammy-noble-retry-20260831/upgrade-discovery/jammy-to-noble/runtime/deb-cache/1d/df/1ddf9c7ab2ecca570e17944aca08f1a5d99a0cc0521a5ad8c009e13a00f8622f
jammy-to-noble	2026-08-31T12:39:38Z	GET	http://ap-northeast-2.ec2.archive.ubuntu.com/ubuntu/pool/main/z/zerofree/zerofree_1.1.1-1build5_amd64.deb	http://ap-northeast-2.ec2.archive.ubuntu.com/ubuntu/pool/main/z/zerofree/zerofree_1.1.1-1build5_amd64.deb	200	7888	8c6633ed1dee3d5f68d0390b639335989166eaa128f0a21873d34b34ee2d95bc	/home/aella/aws-discovery-jammy-noble-retry-20260831/upgrade-discovery/jammy-to-noble/runtime/deb-cache/35/73/3573e2eb64794550067d18c9591155db1ab413617e1ed36a07bfc6b6f8c72110
jammy-to-noble	2026-08-31T12:39:38Z	GET	http://ap-northeast-2.ec2.archive.ubuntu.com/ubuntu/pool/main/libb/libblockdev/libblockdev-fs3_3.1.1-1ubuntu0.1_amd64.deb	http://ap-northeast-2.ec2.archive.ubuntu.com/ubuntu/pool/main/libb/libblockdev/libblockdev-fs3_3.1.1-1ubuntu0.1_amd64.deb	200	35218	5af3af751896b08463bf82b009868e439b7ce56557ce085d53a0614342a14a0c	/home/aella/aws-discovery-jammy-noble-retry-20260831/upgrade-discovery/jammy-to-noble/runtime/deb-cache/6e/b1/6eb132c6dddb3dc25a47dd6ac33746ba95353e2a8f630565fcee41fa5a41ee08
jammy-to-noble	2026-08-31T12:39:38Z	GET	http://ap-northeast-2.ec2.archive.ubuntu.com/ubuntu/pool/main/libb/libblockdev/libblockdev-loop3_3.1.1-1ubuntu0.1_amd64.deb	http://ap-northeast-2.ec2.archive.ubuntu.com/ubuntu/pool/main/libb/libblockdev/libblockdev-loop3_3.1.1-1ubuntu0.1_amd64.deb	200	7178	28c65e9e3b72509f2828d281a07149fe66d3dd8c1a89a35be068668ecadc5e1c	/home/aella/aws-discovery-jammy-noble-retry-20260831/upgrade-discovery/jammy-to-noble/runtime/deb-cache/53/30/533018fb0bcd82d69b5d2597c0dfaedb9d67b00e7fabc3488710e5ca91ca2a9b
jammy-to-noble	2026-08-31T12:39:39Z	GET	http://ap-northeast-2.ec2.archive.ubuntu.com/ubuntu/pool/main/g/gmp/libgmp10_6.3.0%2bdfsg-2ubuntu6.1_amd64.deb	http://ap-northeast-2.ec2.archive.ubuntu.com/ubuntu/pool/main/g/gmp/libgmp10_6.3.0%2bdfsg-2ubuntu6.1_amd64.deb	200	253460	285f8a505dfa8e1b33f357a9d8d3477ad35bf18c0b34771a6df4c25923f3ae0d	/home/aella/aws-discovery-jammy-noble-retry-20260831/upgrade-discovery/jammy-to-noble/runtime/deb-cache/8f/d0/8fd0362c8455524edd803954946564bd4515a0ecc50c7bbcc48a6fa77d6ffb5b
jammy-to-noble	2026-08-31T12:39:39Z	GET	http://ap-northeast-2.ec2.archive.ubuntu.com/ubuntu/pool/main/libb/libbytesize/libbytesize-common_2.10-1ubuntu2_all.deb	http://ap-northeast-2.ec2.archive.ubuntu.com/ubuntu/pool/main/libb/libbytesize/libbytesize-common_2.10-1ubuntu2_all.deb	200	3396	5898cf3d8816da47e973ad78fae7f640b8dc54a04920a96fefa4166e2cb4b318	/home/aella/aws-discovery-jammy-noble-retry-20260831/upgrade-discovery/jammy-to-noble/runtime/deb-cache/65/11/65117a7dacf1025d5247893ce6cb5a223c9a259cc83d7caf2f3037b4c472a70f
jammy-to-noble	2026-08-31T12:39:40Z	GET	http://ap-northeast-2.ec2.archive.ubuntu.com/ubuntu/pool/main/libb/libbytesize/libbytesize1_2.10-1ubuntu2_amd64.deb	http://ap-northeast-2.ec2.archive.ubuntu.com/ubuntu/pool/main/libb/libbytesize/libbytesize1_2.10-1ubuntu2_amd64.deb	200	13336	d63d6f814653c79bad6e652a343399ee225a9a86379c2e512d3d8661b111e8b7	/home/aella/aws-discovery-jammy-noble-retry-20260831/upgrade-discovery/jammy-to-noble/runtime/deb-cache/9f/90/9f9026a767d7b9bd3d2ef5ebc13f56b1a60cf5fa6fdfcf259750dd4ed5862694
jammy-to-noble	2026-08-31T12:39:40Z	GET	http://ap-northeast-2.ec2.archive.ubuntu.com/ubuntu/pool/main/libb/libblockdev/libblockdev-mdraid3_3.1.1-1ubuntu0.1_amd64.deb	http://ap-northeast-2.ec2.archive.ubuntu.com/ubuntu/pool/main/libb/libblockdev/libblockdev-mdraid3_3.1.1-1ubuntu0.1_amd64.deb	200	12550	919bac9aee1f0606bc57c9485df5ddb2522aa00814a6dc6660700d144b41b05e	/home/aella/aws-discovery-jammy-noble-retry-20260831/upgrade-discovery/jammy-to-noble/runtime/deb-cache/98/a8/98a838826293b1a430a0165d9114fa683eef429c9e9d23b0854720c1f928e1a6
jammy-to-noble	2026-08-31T12:39:41Z	GET	http://ap-northeast-2.ec2.archive.ubuntu.com/ubuntu/pool/main/libn/libnvme/libnvme1t64_1.8-3ubuntu1_amd64.deb	http://ap-northeast-2.ec2.archive.ubuntu.com/ubuntu/pool/main/libn/libnvme/libnvme1t64_1.8-3ubuntu1_amd64.deb	200	75770	6cf86a02e66abf2fbdef9f97340775bbe0b58c7b687e146636cc1ed1702e4c59	/home/aella/aws-discovery-jammy-noble-retry-20260831/upgrade-discovery/jammy-to-noble/runtime/deb-cache/11/64/1164207a207a78ef8738310a60f923585f3c8db8e032fcb9907c5261fb56eff3
jammy-to-noble	2026-08-31T12:39:41Z	GET	http://ap-northeast-2.ec2.archive.ubuntu.com/ubuntu/pool/main/libb/libblockdev/libblockdev-nvme3_3.1.1-1ubuntu0.1_amd64.deb	http://ap-northeast-2.ec2.archive.ubuntu.com/ubuntu/pool/main/libb/libblockdev/libblockdev-nvme3_3.1.1-1ubuntu0.1_amd64.deb	200	17704	0c89c4a709cfec3689f2f96bf8a068fe1f5fc45ce5e04c2bf40702a6de60f7ab	/home/aella/aws-discovery-jammy-noble-retry-20260831/upgrade-discovery/jammy-to-noble/runtime/deb-cache/6f/13/6f133a39407e2863505b7c1d93834de7dd74ab01f9d7ffedf3cfcff67ecb82e8
jammy-to-noble	2026-08-31T12:39:41Z	GET	http://ap-northeast-2.ec2.archive.ubuntu.com/ubuntu/pool/main/libb/libblockdev/libblockdev-part3_3.1.1-1ubuntu0.1_amd64.deb	http://ap-northeast-2.ec2.archive.ubuntu.com/ubuntu/pool/main/libb/libblockdev/libblockdev-part3_3.1.1-1ubuntu0.1_amd64.deb	200	15338	dc220b51a8276c2ce9878833fa7979be3439b840907a4ca9da5df726f98bfaa6	/home/aella/aws-discovery-jammy-noble-retry-20260831/upgrade-discovery/jammy-to-noble/runtime/deb-cache/e0/51/e051a71e5f55baed05c768179a80802ea2b7e99bb7a5c6cdf94015cf2cdf12d9
jammy-to-noble	2026-08-31T12:39:41Z	GET	http://ap-northeast-2.ec2.archive.ubuntu.com/ubuntu/pool/main/libb/libblockdev/libblockdev-swap3_3.1.1-1ubuntu0.1_amd64.deb	http://ap-northeast-2.ec2.archive.ubuntu.com/ubuntu/pool/main/libb/libblockdev/libblockdev-swap3_3.1.1-1ubuntu0.1_amd64.deb	200	7716	a8da394b14fdc7e3c0b1cbc307dae056adb9dc1c03b5195a8fc172fb261a4f79	/home/aella/aws-discovery-jammy-noble-retry-20260831/upgrade-discovery/jammy-to-noble/runtime/deb-cache/bb/5d/bb5dbcd7ae93be1d46c5d250b9b65948bdc98db60f2f7e7313c92fa72e1210ec
jammy-to-noble	2026-08-31T12:39:41Z	GET	http://ap-northeast-2.ec2.archive.ubuntu.com/ubuntu/pool/main/libb/libblockdev/libblockdev3_3.1.1-1ubuntu0.1_amd64.deb	http://ap-northeast-2.ec2.archive.ubuntu.com/ubuntu/pool/main/libb/libblockdev/libblockdev3_3.1.1-1ubuntu0.1_amd64.deb	200	47166	96159cf0640f333e389de71eb4f302f0ae60a7264e2b138e4785ff3eff7e020d	/home/aella/aws-discovery-jammy-noble-retry-20260831/upgrade-discovery/jammy-to-noble/runtime/deb-cache/54/3f/543faad063dbd093b13eb75ff5879596e78324adf7d3ca4ac5132c8aef12f86f
jammy-to-noble	2026-08-31T12:39:41Z	GET	http://ap-northeast-2.ec2.archive.ubuntu.com/ubuntu/pool/main/d/dbus/dbus_1.14.10-4ubuntu4.1_amd64.deb	http://ap-northeast-2.ec2.archive.ubuntu.com/ubuntu/pool/main/d/dbus/dbus_1.14.10-4ubuntu4.1_amd64.deb	200	24300	0d59be1393d5b01552edbf16c7b9357c473bf625aa47365ce2e8eef6da1dd2e1	/home/aella/aws-discovery-jammy-noble-retry-20260831/upgrade-discovery/jammy-to-noble/runtime/deb-cache/21/d7/21d75787805d40801c0162bf3aa7219e105ca6043f01dc62895555476c2f010d
jammy-to-noble	2026-08-31T12:39:41Z	GET	http://ap-northeast-2.ec2.archive.ubuntu.com/ubuntu/pool/main/d/dbus/dbus-system-bus-common_1.14.10-4ubuntu4.1_all.deb	http://ap-northeast-2.ec2.archive.ubuntu.com/ubuntu/pool/main/d/dbus/dbus-system-bus-common_1.14.10-4ubuntu4.1_all.deb	200	81648	4db2e3e18c6abee1a1d1e2f91289e229dd862e6e1ef00463c5533c612c4f1809	/home/aella/aws-discovery-jammy-noble-retry-20260831/upgrade-discovery/jammy-to-noble/runtime/deb-cache/d2/40/d24043228346dad6c37ec87fe12a869f4bb7d86558b626e1e9587bb0644aadb5
jammy-to-noble	2026-08-31T12:39:41Z	GET	http://ap-northeast-2.ec2.archive.ubuntu.com/ubuntu/pool/main/d/dbus/libdbus-1-3_1.14.10-4ubuntu4.1_amd64.deb	http://ap-northeast-2.ec2.archive.ubuntu.com/ubuntu/pool/main/d/dbus/libdbus-1-3_1.14.10-4ubuntu4.1_amd64.deb	200	209734	5d630480f04b4b442300ce847a3fa705ea4d14d80ba6de91f99b51a4e4953b08	/home/aella/aws-discovery-jammy-noble-retry-20260831/upgrade-discovery/jammy-to-noble/runtime/deb-cache/27/55/275538633cb0391ef199d59197e2c162de51e5980e8cb0991e657707f656552b
jammy-to-noble	2026-08-31T12:39:41Z	GET	http://ap-northeast-2.ec2.archive.ubuntu.com/ubuntu/pool/main/d/dbus/dbus-bin_1.14.10-4ubuntu4.1_amd64.deb	http://ap-northeast-2.ec2.archive.ubuntu.com/ubuntu/pool/main/d/dbus/dbus-bin_1.14.10-4ubuntu4.1_amd64.deb	200	39310	0d2c7e425967039594ea099f6128231769e1ed2cc2f6fd7d895fea135c9e1964	/home/aella/aws-discovery-jammy-noble-retry-20260831/upgrade-discovery/jammy-to-noble/runtime/deb-cache/80/0b/800bec8b4e64c669faf8a254f709fce9966f175e80d3199b2d9c89f052f03ede
jammy-to-noble	2026-08-31T12:39:41Z	GET	http://ap-northeast-2.ec2.archive.ubuntu.com/ubuntu/pool/main/d/dbus/dbus-session-bus-common_1.14.10-4ubuntu4.1_all.deb	http://ap-northeast-2.ec2.archive.ubuntu.com/ubuntu/pool/main/d/dbus/dbus-session-bus-common_1.14.10-4ubuntu4.1_all.deb	200	80550	aa88bf2f2107e7d948d0e01001b447fc6cae81b285a6e7daf33dcb62737de62f	/home/aella/aws-discovery-jammy-noble-retry-20260831/upgrade-discovery/jammy-to-noble/runtime/deb-cache/21/9d/219d37052a98245d8ec9a12acc3054cc50c7549ca1c13f047844a0914d9fc711
jammy-to-noble	2026-08-31T12:39:41Z	GET	http://ap-northeast-2.ec2.archive.ubuntu.com/ubuntu/pool/main/d/dbus/dbus-daemon_1.14.10-4ubuntu4.1_amd64.deb	http://ap-northeast-2.ec2.archive.ubuntu.com/ubuntu/pool/main/d/dbus/dbus-daemon_1.14.10-4ubuntu4.1_amd64.deb	200	118148	785ad36aafc8912300e44a1cea438e28ea36fb94c631f5849408aea85d2ab2bf	/home/aella/aws-discovery-jammy-noble-retry-20260831/upgrade-discovery/jammy-to-noble/runtime/deb-cache/a5/2e/a52e7f1cc5eae3032bc421c772eff737b7a41201a100a88a2afa09a59f09c42c
jammy-to-noble	2026-08-31T12:39:41Z	GET	http://ap-northeast-2.ec2.archive.ubuntu.com/ubuntu/pool/main/d/dbus/dbus-user-session_1.14.10-4ubuntu4.1_amd64.deb	http://ap-northeast-2.ec2.archive.ubuntu.com/ubuntu/pool/main/d/dbus/dbus-user-session_1.14.10-4ubuntu4.1_amd64.deb	200	9968	e585b1694b854c3b75bfb39cc4022cafe7b14e44fd435433b613b8fb9919cb41	/home/aella/aws-discovery-jammy-noble-retry-20260831/upgrade-discovery/jammy-to-noble/runtime/deb-cache/39/c0/39c0c1e557f1aa681a4964196870cc86e0ccb13aba5d8eb1e34bb3a0b8b6f74e
jammy-to-noble	2026-08-31T12:39:41Z	GET	http://ap-northeast-2.ec2.archive.ubuntu.com/ubuntu/pool/main/u/udisks2/udisks2_2.10.1-6ubuntu1.3_amd64.deb	http://ap-northeast-2.ec2.archive.ubuntu.com/ubuntu/pool/main/u/udisks2/udisks2_2.10.1-6ubuntu1.3_amd64.deb	200	297220	84ce6b8bdbfa458ce6e143886c6f47f4df615f2f5826b8747be34d3052e18054	/home/aella/aws-discovery-jammy-noble-retry-20260831/upgrade-discovery/jammy-to-noble/runtime/deb-cache/db/d9/dbd9d505011826cca0f5c50a79444a7613dd9378151fc62dc0ec871f9805f4da
jammy-to-noble	2026-08-31T12:39:41Z	GET	http://ap-northeast-2.ec2.archive.ubuntu.com/ubuntu/pool/main/d/duktape/libduktape207_2.7.0%2btests-0ubuntu3_amd64.deb	http://ap-northeast-2.ec2.archive.ubuntu.com/ubuntu/pool/main/d/duktape/libduktape207_2.7.0%2btests-0ubuntu3_amd64.deb	200	143398	6b7df26e298b890ebe6ca7b0d87fcfddb103b728b8fd731469ba5135d0bac183	/home/aella/aws-discovery-jammy-noble-retry-20260831/upgrade-discovery/jammy-to-noble/runtime/deb-cache/ca/fd/cafd99a04145ac0a1f461090f6f70640796d3b1db4b01a1155b2d46bc8e6f0a7
jammy-to-noble	2026-08-31T12:39:41Z	GET	http://ap-northeast-2.ec2.archive.ubuntu.com/ubuntu/pool/main/p/policykit-1/libpolkit-gobject-1-0_124-2ubuntu1.24.04.3_amd64.deb	http://ap-northeast-2.ec2.archive.ubuntu.com/ubuntu/pool/main/p/policykit-1/libpolkit-gobject-1-0_124-2ubuntu1.24.04.3_amd64.deb	200	49458	c75088380e41d7213a50176c4ec192378f25847021c3382fe03f6e4619ae019a	/home/aella/aws-discovery-jammy-noble-retry-20260831/upgrade-discovery/jammy-to-noble/runtime/deb-cache/09/7b/097b4cb51e208dc2365ce46918e77f12f4d15c2b3b79e8aebf9425926bb07b1b
jammy-to-noble	2026-08-31T12:39:41Z	GET	http://ap-northeast-2.ec2.archive.ubuntu.com/ubuntu/pool/main/p/policykit-1/libpolkit-agent-1-0_124-2ubuntu1.24.04.3_amd64.deb	http://ap-northeast-2.ec2.archive.ubuntu.com/ubuntu/pool/main/p/policykit-1/libpolkit-agent-1-0_124-2ubuntu1.24.04.3_amd64.deb	200	17438	fc640c75a765b3674f1d850056a8de4c563f3b4710159a653bcc2fa180e5a737	/home/aella/aws-discovery-jammy-noble-retry-20260831/upgrade-discovery/jammy-to-noble/runtime/deb-cache/c5/2c/c52c8e65a68ce6477b92451009a01d7d256e011eb9f2d9527503eac9532b8496
jammy-to-noble	2026-08-31T12:39:41Z	GET	http://ap-northeast-2.ec2.archive.ubuntu.com/ubuntu/pool/main/libg/libgcrypt20/libgcrypt20_1.10.3-2ubuntu0.1_amd64.deb	http://ap-northeast-2.ec2.archive.ubuntu.com/ubuntu/pool/main/libg/libgcrypt20/libgcrypt20_1.10.3-2ubuntu0.1_amd64.deb	200	532392	69569eb6b4ab1de6dad556d06cabb236b9a8b07145edf18197256a0dedfaabc9	/home/aella/aws-discovery-jammy-noble-retry-20260831/upgrade-discovery/jammy-to-noble/runtime/deb-cache/70/0a/700aebb5ebfc5e3cc89e3814d51c6e217af276b4cb6b65acd1955d737bebaaaf
jammy-to-noble	2026-08-31T12:39:42Z	GET	http://ap-northeast-2.ec2.archive.ubuntu.com/ubuntu/pool/main/s/systemd/libsystemd-shared_255.4-1ubuntu8.17_amd64.deb	http://ap-northeast-2.ec2.archive.ubuntu.com/ubuntu/pool/main/s/systemd/libsystemd-shared_255.4-1ubuntu8.17_amd64.deb	200	2077458	8722a69d99c1a7e6f72c5389e9c6d8053d95d2f5f4fede5dc83118f735812518	/home/aella/aws-discovery-jammy-noble-retry-20260831/upgrade-discovery/jammy-to-noble/runtime/deb-cache/d1/ae/d1ae5d73a115feb5d7af79e8b2e1c36afd3c72824aeefd417837ec598d7977d8
jammy-to-noble	2026-08-31T12:39:42Z	GET	http://ap-northeast-2.ec2.archive.ubuntu.com/ubuntu/pool/main/s/systemd/libudev1_255.4-1ubuntu8.17_amd64.deb	http://ap-northeast-2.ec2.archive.ubuntu.com/ubuntu/pool/main/s/systemd/libudev1_255.4-1ubuntu8.17_amd64.deb	200	177608	6efea3770f738db2fd43ebdaed3d91ef0cde8aa8387b4803080af473326ebdb0	/home/aella/aws-discovery-jammy-noble-retry-20260831/upgrade-discovery/jammy-to-noble/runtime/deb-cache/18/73/1873c82d1936d40b9ccf092a667cd94fe92343333d6af22c912188d125408074
jammy-to-noble	2026-08-31T12:39:42Z	GET	http://ap-northeast-2.ec2.archive.ubuntu.com/ubuntu/pool/main/s/systemd/systemd_255.4-1ubuntu8.17_amd64.deb	http://ap-northeast-2.ec2.archive.ubuntu.com/ubuntu/pool/main/s/systemd/systemd_255.4-1ubuntu8.17_amd64.deb	200	3475000	250345b73e42a97ee71cae7c1e470897dfad3c639eb0a7aafe4f9a3a29871cb2	/home/aella/aws-discovery-jammy-noble-retry-20260831/upgrade-discovery/jammy-to-noble/runtime/deb-cache/fb/73/fb73c6b2fa86a69c217cb3a9a310845f7bcabfd9ff58e2a44c0c3ca550d39b41
jammy-to-noble	2026-08-31T12:39:42Z	GET	http://ap-northeast-2.ec2.archive.ubuntu.com/ubuntu/pool/main/s/systemd/udev_255.4-1ubuntu8.17_amd64.deb	http://ap-northeast-2.ec2.archive.ubuntu.com/ubuntu/pool/main/s/systemd/udev_255.4-1ubuntu8.17_amd64.deb	200	1875042	5d0c4d4489e70f52199230a1e403e05c6fe445d5b672f22a59afc16cd64815bb	/home/aella/aws-discovery-jammy-noble-retry-20260831/upgrade-discovery/jammy-to-noble/runtime/deb-cache/17/c8/17c89fad752e46df917461e3ccd12282b4a2dec02e46e68d5e6824c7dfc2bd41
jammy-to-noble	2026-08-31T12:39:42Z	GET	http://ap-northeast-2.ec2.archive.ubuntu.com/ubuntu/pool/main/s/systemd/systemd-dev_255.4-1ubuntu8.17_all.deb	http://ap-northeast-2.ec2.archive.ubuntu.com/ubuntu/pool/main/s/systemd/systemd-dev_255.4-1ubuntu8.17_all.deb	200	106892	70b863bd1188f49a3ba0ccde5355abd6611a8a5dcd8b92addf25c8036f22556d	/home/aella/aws-discovery-jammy-noble-retry-20260831/upgrade-discovery/jammy-to-noble/runtime/deb-cache/82/cc/82cceeca68dc5da0303e57c3dd0ad705b3e572e6b8f63dcd858e4362faa29baf
jammy-to-noble	2026-08-31T12:39:42Z	GET	http://ap-northeast-2.ec2.archive.ubuntu.com/ubuntu/pool/main/s/systemd/libnss-systemd_255.4-1ubuntu8.17_amd64.deb	http://ap-northeast-2.ec2.archive.ubuntu.com/ubuntu/pool/main/s/systemd/libnss-systemd_255.4-1ubuntu8.17_amd64.deb	200	159400	19379b984aa26e95b592068f37e5259a2f44fd985273157f161f6b31077ce787	/home/aella/aws-discovery-jammy-noble-retry-20260831/upgrade-discovery/jammy-to-noble/runtime/deb-cache/bf/66/bf66a20d253ae9b68f181288be80a8d00423cbcf34524146411462b7d425262e
jammy-to-noble	2026-08-31T12:39:42Z	GET	http://ap-northeast-2.ec2.archive.ubuntu.com/ubuntu/pool/main/s/systemd/systemd-sysv_255.4-1ubuntu8.17_amd64.deb	http://ap-northeast-2.ec2.archive.ubuntu.com/ubuntu/pool/main/s/systemd/systemd-sysv_255.4-1ubuntu8.17_amd64.deb	200	11890	000c90facb7f0f33a3c771ac8cf58221f80239184fb9e24fe78086ffea6e2cf9	/home/aella/aws-discovery-jammy-noble-retry-20260831/upgrade-discovery/jammy-to-noble/runtime/deb-cache/66/7a/667ac1bc94f328e180ac38885110172fa46e8dad76bda53bbabfbc9f80e541b6
jammy-to-noble	2026-08-31T12:39:42Z	GET	http://ap-northeast-2.ec2.archive.ubuntu.com/ubuntu/pool/main/s/systemd/libpam-systemd_255.4-1ubuntu8.17_amd64.deb	http://ap-northeast-2.ec2.archive.ubuntu.com/ubuntu/pool/main/s/systemd/libpam-systemd_255.4-1ubuntu8.17_amd64.deb	200	235340	60b50012e97f815686fcd5ff2055c13396d354bbac9974a77e8557346ccebe4e	/home/aella/aws-discovery-jammy-noble-retry-20260831/upgrade-discovery/jammy-to-noble/runtime/deb-cache/15/a4/15a401ae32287176d7a793ca5d2e9a35426484469a52ef13ad41cdbec49e4c76
jammy-to-noble	2026-08-31T12:39:42Z	GET	http://ap-northeast-2.ec2.archive.ubuntu.com/ubuntu/pool/main/d/debianutils/debianutils_5.17build1_amd64.deb	http://ap-northeast-2.ec2.archive.ubuntu.com/ubuntu/pool/main/d/debianutils/debianutils_5.17build1_amd64.deb	200	89890	1047a9a57018e18531f76e5b00e226a68554b6f1d147f2a5c1b32518c7b20636	/home/aella/aws-discovery-jammy-noble-retry-20260831/upgrade-discovery/jammy-to-noble/runtime/deb-cache/c9/b2/c9b20077afdd1dd1cf2c6e36982b03a3bf028634a86a6e3ca97e791e9c56dfdc
jammy-to-noble	2026-08-31T12:39:44Z	GET	http://ap-northeast-2.ec2.archive.ubuntu.com/ubuntu/pool/universe/i/ifupdown/ifupdown_0.8.41ubuntu1_amd64.deb	http://ap-northeast-2.ec2.archive.ubuntu.com/ubuntu/pool/universe/i/ifupdown/ifupdown_0.8.41ubuntu1_amd64.deb	200	65852	7a73b0bb26907801c6ddc21bfa3d2b350e1b7f87258da1187d5a27f530b5ebfa	/home/aella/aws-discovery-jammy-noble-retry-20260831/upgrade-discovery/jammy-to-noble/runtime/deb-cache/42/ed/42ed3488a3b58d834fc62546858bec8bedea383a254aa394ff5498a55b4ed44c
jammy-to-noble	2026-08-31T12:39:44Z	GET	http://ap-northeast-2.ec2.archive.ubuntu.com/ubuntu/pool/main/s/systemd/libsystemd0_255.4-1ubuntu8.17_amd64.deb	http://ap-northeast-2.ec2.archive.ubuntu.com/ubuntu/pool/main/s/systemd/libsystemd0_255.4-1ubuntu8.17_amd64.deb	200	431784	4776d2ac7e21efe2ae31f3f7955a7ccd97277225eecf36910a26faf4544979ae	/home/aella/aws-discovery-jammy-noble-retry-20260831/upgrade-discovery/jammy-to-noble/runtime/deb-cache/3e/e8/3ee814d1c758946c51bec1e7a31c09ca80795df06fa8eca197497ae3cb16c20b
jammy-to-noble	2026-08-31T12:39:44Z	GET	http://ap-northeast-2.ec2.archive.ubuntu.com/ubuntu/pool/main/p/policykit-1/policykit-1_124-2ubuntu1.24.04.3_amd64.deb	http://ap-northeast-2.ec2.archive.ubuntu.com/ubuntu/pool/main/p/policykit-1/policykit-1_124-2ubuntu1.24.04.3_amd64.deb	200	3522	61a05c4b4cb0ecbf46ba82c8fbaec02630f43a8bf38d11b704bbeca6975cade8	/home/aella/aws-discovery-jammy-noble-retry-20260831/upgrade-discovery/jammy-to-noble/runtime/deb-cache/10/7c/107c75ca7fb2b3aa3493842a91889a097776ad9c2855f3103cdb1049dd1bdaaf
jammy-to-noble	2026-08-31T12:39:44Z	GET	http://ap-northeast-2.ec2.archive.ubuntu.com/ubuntu/pool/main/p/policykit-1/polkitd_124-2ubuntu1.24.04.3_amd64.deb	http://ap-northeast-2.ec2.archive.ubuntu.com/ubuntu/pool/main/p/policykit-1/polkitd_124-2ubuntu1.24.04.3_amd64.deb	200	95392	79c9f7359d7699d9b908fc67eaceda311fc69cbd1ab32e2a44207c04755cc6d8	/home/aella/aws-discovery-jammy-noble-retry-20260831/upgrade-discovery/jammy-to-noble/runtime/deb-cache/79/ad/79ad7bac34fc44c6debe877995bc11cb71b80a3c9181a5842a80fec418bdc5f4
jammy-to-noble	2026-08-31T12:39:44Z	GET	http://ap-northeast-2.ec2.archive.ubuntu.com/ubuntu/pool/main/p/policykit-1/pkexec_124-2ubuntu1.24.04.3_amd64.deb	http://ap-northeast-2.ec2.archive.ubuntu.com/ubuntu/pool/main/p/policykit-1/pkexec_124-2ubuntu1.24.04.3_amd64.deb	200	15874	fb3435a82f7d97a368cbd46c9cdc61ba7843fab66792a9d8229b2a2cab1b12b7	/home/aella/aws-discovery-jammy-noble-retry-20260831/upgrade-discovery/jammy-to-noble/runtime/deb-cache/c1/3a/c13a4bee9fe7293917bb2c4da73a5a631bd6f0c36c0cada3df3c8957d3e64d42
jammy-to-noble	2026-08-31T12:39:44Z	GET	http://ap-northeast-2.ec2.archive.ubuntu.com/ubuntu/pool/main/s/shared-mime-info/shared-mime-info_2.4-4_amd64.deb	http://ap-northeast-2.ec2.archive.ubuntu.com/ubuntu/pool/main/s/shared-mime-info/shared-mime-info_2.4-4_amd64.deb	200	473572	7a774ea291ab99bfa987866c6b68e825531eeea7c8a732dd47d14cf480453fda	/home/aella/aws-discovery-jammy-noble-retry-20260831/upgrade-discovery/jammy-to-noble/runtime/deb-cache/11/ee/11ee3e30ea43237ed27dfad470658ff67923bea16c5e1b865b2e5452ac4e2c43
jammy-to-noble	2026-08-31T12:39:44Z	GET	http://ap-northeast-2.ec2.archive.ubuntu.com/ubuntu/pool/main/s/session-migration/session-migration_0.3.9build1_amd64.deb	http://ap-northeast-2.ec2.archive.ubuntu.com/ubuntu/pool/main/s/session-migration/session-migration_0.3.9build1_amd64.deb	200	9034	b8be9382fba445a345d8d311240f68d7772deea6a7f6a57c2a04db8492617728	/home/aella/aws-discovery-jammy-noble-retry-20260831/upgrade-discovery/jammy-to-noble/runtime/deb-cache/8d/78/8d78f20f706150f78e11147ac7b9f738d84b12c2a00ba681cd06dda035685464
jammy-to-noble	2026-08-31T12:39:44Z	GET	http://ap-northeast-2.ec2.archive.ubuntu.com/ubuntu/pool/main/p/python3.12/libpython3.12-minimal_3.12.3-1ubuntu0.16_amd64.deb	http://ap-northeast-2.ec2.archive.ubuntu.com/ubuntu/pool/main/p/python3.12/libpython3.12-minimal_3.12.3-1ubuntu0.16_amd64.deb	200	838090	b3bfbc02cc6767d02170781c9cb4c703ea18822b2703667473c3a402ff73088c	/home/aella/aws-discovery-jammy-noble-retry-20260831/upgrade-discovery/jammy-to-noble/runtime/deb-cache/b1/b3/b1b319bf5067a788710ce9987513a6a1768630f25b29d9a034b574c5970fe3d2
jammy-to-noble	2026-08-31T12:39:44Z	GET	http://ap-northeast-2.ec2.archive.ubuntu.com/ubuntu/pool/main/e/expat/libexpat1-dev_2.6.1-2ubuntu0.4_amd64.deb	http://ap-northeast-2.ec2.archive.ubuntu.com/ubuntu/pool/main/e/expat/libexpat1-dev_2.6.1-2ubuntu0.4_amd64.deb	200	140182	9bbc065621b807311fb6fc9aee4ca2192c91dabbc323093b412a0f25f512d319	/home/aella/aws-discovery-jammy-noble-retry-20260831/upgrade-discovery/jammy-to-noble/runtime/deb-cache/59/97/59973afa9949527dc9dcf36f4520518d1ff7df2f9778adcc93419e89a3750a39
jammy-to-noble	2026-08-31T12:39:44Z	GET	http://ap-northeast-2.ec2.archive.ubuntu.com/ubuntu/pool/main/e/expat/libexpat1_2.6.1-2ubuntu0.4_amd64.deb	http://ap-northeast-2.ec2.archive.ubuntu.com/ubuntu/pool/main/e/expat/libexpat1_2.6.1-2ubuntu0.4_amd64.deb	200	88214	126a5612e652bdc2edee19ae8fe4308db72b5b3b0a5581bf885b44a093baf3e5	/home/aella/aws-discovery-jammy-noble-retry-20260831/upgrade-discovery/jammy-to-noble/runtime/deb-cache/37/13/3713f0bf6e283753be94018761ae8f46c8bb9da347144f765dc09fa6d459a6f3
jammy-to-noble	2026-08-31T12:39:44Z	GET	http://ap-northeast-2.ec2.archive.ubuntu.com/ubuntu/pool/main/p/python3.12/python3.12-minimal_3.12.3-1ubuntu0.16_amd64.deb	http://ap-northeast-2.ec2.archive.ubuntu.com/ubuntu/pool/main/p/python3.12/python3.12-minimal_3.12.3-1ubuntu0.16_amd64.deb	200	2334704	3535ddab53a2f39f8cda32250bbf5bb066616f5902b642d15ef56047f83911d3	/home/aella/aws-discovery-jammy-noble-retry-20260831/upgrade-discovery/jammy-to-noble/runtime/deb-cache/29/b0/29b09d1c9b152699129ef2b7721224bf633dbafceefa98b89bde305b2713a5d1
jammy-to-noble	2026-08-31T12:39:44Z	GET	http://ap-northeast-2.ec2.archive.ubuntu.com/ubuntu/pool/main/p/python3-defaults/python3-minimal_3.12.3-0ubuntu2.1_amd64.deb	http://ap-northeast-2.ec2.archive.ubuntu.com/ubuntu/pool/main/p/python3-defaults/python3-minimal_3.12.3-0ubuntu2.1_amd64.deb	200	27442	9ba5dd55cdcf6121c147dc5cb87403169b5933e3a56da0de57774f2ce819cf06	/home/aella/aws-discovery-jammy-noble-retry-20260831/upgrade-discovery/jammy-to-noble/runtime/deb-cache/e5/af/e5af44a28f34ccfb51fc76f881111fbb4ba027a73fc701186cc79c1034048380
jammy-to-noble	2026-08-31T12:39:44Z	GET	http://ap-northeast-2.ec2.archive.ubuntu.com/ubuntu/pool/main/c/cyrus-sasl2/libsasl2-modules-db_2.1.28%2bdfsg1-5ubuntu3.1_amd64.deb	http://ap-northeast-2.ec2.archive.ubuntu.com/ubuntu/pool/main/c/cyrus-sasl2/libsasl2-modules-db_2.1.28%2bdfsg1-5ubuntu3.1_amd64.deb	200	20354	1f13548b1774cd9c70c50b8c3267204a101334a4d2f979338896ba5a4c6f81b8	/home/aella/aws-discovery-jammy-noble-retry-20260831/upgrade-discovery/jammy-to-noble/runtime/deb-cache/07/55/0755327a63e6049b47866df92dd646333bab0b5dedf4548156b1e10e93900c3f
jammy-to-noble	2026-08-31T12:39:44Z	GET	http://ap-northeast-2.ec2.archive.ubuntu.com/ubuntu/pool/main/p/pam/libpam0g_1.5.3-5ubuntu5.7_amd64.deb	http://ap-northeast-2.ec2.archive.ubuntu.com/ubuntu/pool/main/p/pam/libpam0g_1.5.3-5ubuntu5.7_amd64.deb	200	68124	1d7f54e77f0455ab5e607cd5e78b576801d8efdc66115e02cf3c6e708d093667	/home/aella/aws-discovery-jammy-noble-retry-20260831/upgrade-discovery/jammy-to-noble/runtime/deb-cache/9e/7a/9e7a2092ded62340d5b8afc10c582a1e086a03f210f482fb0a23c614c7e34cb4
jammy-to-noble	2026-08-31T12:39:44Z	GET	http://ap-northeast-2.ec2.archive.ubuntu.com/ubuntu/pool/main/p/pam/libpam-modules-bin_1.5.3-5ubuntu5.7_amd64.deb	http://ap-northeast-2.ec2.archive.ubuntu.com/ubuntu/pool/main/p/pam/libpam-modules-bin_1.5.3-5ubuntu5.7_amd64.deb	200	51866	e6753b038042cd007843cbc79a81e732d82d0d2415bcf78ff2120c50b5e54f82	/home/aella/aws-discovery-jammy-noble-retry-20260831/upgrade-discovery/jammy-to-noble/runtime/deb-cache/02/e3/02e3a94ee2cc7a85d5456d8d7801f45ad11a53069bba1e13ec732e38573a629c
jammy-to-noble	2026-08-31T12:39:44Z	GET	http://ap-northeast-2.ec2.archive.ubuntu.com/ubuntu/pool/main/d/db5.3/libdb5.3t64_5.3.28%2bdfsg2-7_amd64.deb	http://ap-northeast-2.ec2.archive.ubuntu.com/ubuntu/pool/main/d/db5.3/libdb5.3t64_5.3.28%2bdfsg2-7_amd64.deb	200	734100	a78a25c8fad8fdd0b7bc6b297da5d5685579be1e57732aa47870830e4a13161e	/home/aella/aws-discovery-jammy-noble-retry-20260831/upgrade-discovery/jammy-to-noble/runtime/deb-cache/38/56/3856cabdd88b38c8ff9737808aae01ba8416b1f63a41320888edadff6e7970ba
jammy-to-noble	2026-08-31T12:39:44Z	GET	http://ap-northeast-2.ec2.archive.ubuntu.com/ubuntu/pool/main/p/pam/libpam-modules_1.5.3-5ubuntu5.7_amd64.deb	http://ap-northeast-2.ec2.archive.ubuntu.com/ubuntu/pool/main/p/pam/libpam-modules_1.5.3-5ubuntu5.7_amd64.deb	200	286418	c8e86ef52e3a743dc67d90f4c6654f7f529deafa6a523fe9076e809785aeea18	/home/aella/aws-discovery-jammy-noble-retry-20260831/upgrade-discovery/jammy-to-noble/runtime/deb-cache/bb/77/bb77a9f773f5c45c5f6832abb7f2c3837c7b8977ae4ac436b6fa60b8e3e1b789
jammy-to-noble	2026-08-31T12:39:44Z	GET	http://ap-northeast-2.ec2.archive.ubuntu.com/ubuntu/pool/main/a/apache2/apache2-utils_2.4.58-1ubuntu8.15_amd64.deb	http://ap-northeast-2.ec2.archive.ubuntu.com/ubuntu/pool/main/a/apache2/apache2-utils_2.4.58-1ubuntu8.15_amd64.deb	200	99696	1cba9f636e2b6b3325a49c7ae3caf0e3dd59024cd89be2a8a09e3bb52b3d1c3e	/home/aella/aws-discovery-jammy-noble-retry-20260831/upgrade-discovery/jammy-to-noble/runtime/deb-cache/1c/c5/1cc5bb790576debadf5460a3f45039cea540a8bf4ee8a566121fd0f034698d88
jammy-to-noble	2026-08-31T12:39:44Z	GET	http://ap-northeast-2.ec2.archive.ubuntu.com/ubuntu/pool/main/a/apr/libapr1t64_1.7.2-3.1ubuntu0.1_amd64.deb	http://ap-northeast-2.ec2.archive.ubuntu.com/ubuntu/pool/main/a/apr/libapr1t64_1.7.2-3.1ubuntu0.1_amd64.deb	200	107650	3c719ecc010f5ad3aadb19dc192fc24eb4e0f2293ace527e9a8532810df14a92	/home/aella/aws-discovery-jammy-noble-retry-20260831/upgrade-discovery/jammy-to-noble/runtime/deb-cache/6d/15/6d154e18d75e3cb00b91e2bc33ccf190ef74d865ad428eace003e8864eedbd8d
jammy-to-noble	2026-08-31T12:39:44Z	GET	http://ap-northeast-2.ec2.archive.ubuntu.com/ubuntu/pool/main/p/python3-stdlib-extensions/python3-gdbm_3.12.3-0ubuntu1_amd64.deb	http://ap-northeast-2.ec2.archive.ubuntu.com/ubuntu/pool/main/p/python3-stdlib-extensions/python3-gdbm_3.12.3-0ubuntu1_amd64.deb	200	16520	82addf23984181e65c93bb4f755c6848cde18090695dd1608bafbf2b2b1c1a7a	/home/aella/aws-discovery-jammy-noble-retry-20260831/upgrade-discovery/jammy-to-noble/runtime/deb-cache/87/dd/87ddf3b628227f841c33bccd7da6b8d2f213a7c8157ef25e0d2f3848ee688a2d
jammy-to-noble	2026-08-31T12:39:46Z	GET	http://ap-northeast-2.ec2.archive.ubuntu.com/ubuntu/pool/main/m/man-db/man-db_2.12.0-4build2_amd64.deb	http://ap-northeast-2.ec2.archive.ubuntu.com/ubuntu/pool/main/m/man-db/man-db_2.12.0-4build2_amd64.deb	200	1236636	d7ce31173a73bd3a93b7216a837a2e8641fff3fd7ae2dfc0ca705dbabe03e92b	/home/aella/aws-discovery-jammy-noble-retry-20260831/upgrade-discovery/jammy-to-noble/runtime/deb-cache/f3/ea/f3ea52b46490ed1e268b424fdbb80becd4bf7cf33ad4027fdaf67cfe74e41d92
jammy-to-noble	2026-08-31T12:39:46Z	GET	http://ap-northeast-2.ec2.archive.ubuntu.com/ubuntu/pool/main/g/gdbm/libgdbm-compat4t64_1.23-5.1build1_amd64.deb	http://ap-northeast-2.ec2.archive.ubuntu.com/ubuntu/pool/main/g/gdbm/libgdbm-compat4t64_1.23-5.1build1_amd64.deb	200	6710	fb8564afd7b7d74d55207070ba50339478e22d29a39ec740dc482f069ac7ee65	/home/aella/aws-discovery-jammy-noble-retry-20260831/upgrade-discovery/jammy-to-noble/runtime/deb-cache/7d/85/7d854b49d0fb2ef86c583f3cca8202c28e75d3f8e6d51e384bb505cc3895dfd1
jammy-to-noble	2026-08-31T12:39:47Z	GET	http://ap-northeast-2.ec2.archive.ubuntu.com/ubuntu/pool/main/g/gdbm/libgdbm6t64_1.23-5.1build1_amd64.deb	http://ap-northeast-2.ec2.archive.ubuntu.com/ubuntu/pool/main/g/gdbm/libgdbm6t64_1.23-5.1build1_amd64.deb	200	34440	18d6d74a5c038b458d95ba0c0909e0f086cd50bb9a0fee32697902724fc5645e	/home/aella/aws-discovery-jammy-noble-retry-20260831/upgrade-discovery/jammy-to-noble/runtime/deb-cache/9c/c9/9cc9152309785f25bed37fc35664e53e3ad630284638be7a18be9776dcc64da0
jammy-to-noble	2026-08-31T12:39:47Z	GET	http://ap-northeast-2.ec2.archive.ubuntu.com/ubuntu/pool/main/a/apr-util/libaprutil1t64_1.6.3-1.1ubuntu7_amd64.deb	http://ap-northeast-2.ec2.archive.ubuntu.com/ubuntu/pool/main/a/apr-util/libaprutil1t64_1.6.3-1.1ubuntu7_amd64.deb	200	91910	d4510328b81de66ddc742b7d9f80bc4232f2e18f0e2441478bf24b7c6a7bb6fe	/home/aella/aws-discovery-jammy-noble-retry-20260831/upgrade-discovery/jammy-to-noble/runtime/deb-cache/11/cc/11ccca7cbcd10b04f10f2e5394bbdc267d4b5c6f13a3a1815fe02fcccfd779a0
jammy-to-noble	2026-08-31T12:39:47Z	GET	http://ap-northeast-2.ec2.archive.ubuntu.com/ubuntu/pool/main/p/parted/libparted-fs-resize0t64_3.6-4build1_amd64.deb	http://ap-northeast-2.ec2.archive.ubuntu.com/ubuntu/pool/main/p/parted/libparted-fs-resize0t64_3.6-4build1_amd64.deb	200	38044	46d5cf2eef7ea23f8c841ea9028b2744705526c80f2c6a6bc1b45956ee275b9c	/home/aella/aws-discovery-jammy-noble-retry-20260831/upgrade-discovery/jammy-to-noble/runtime/deb-cache/1c/81/1c818f620e7c8287a3a0328f13e45d196130a1b1ee889a0b447daf52174e7362
jammy-to-noble	2026-08-31T12:39:47Z	GET	http://ap-northeast-2.ec2.archive.ubuntu.com/ubuntu/pool/main/p/parted/libparted2t64_3.6-4build1_amd64.deb	http://ap-northeast-2.ec2.archive.ubuntu.com/ubuntu/pool/main/p/parted/libparted2t64_3.6-4build1_amd64.deb	200	151634	24e84d557b5037d1ad984ba1b6e5136c56cc9a96f2af9d916392372d8513f775	/home/aella/aws-discovery-jammy-noble-retry-20260831/upgrade-discovery/jammy-to-noble/runtime/deb-cache/f8/30/f830c144c96091bfcedf539ff40ba658dfd442240c2832bcdf35e0afd572ad35
jammy-to-noble	2026-08-31T12:39:47Z	GET	http://ap-northeast-2.ec2.archive.ubuntu.com/ubuntu/pool/main/p/parted/parted_3.6-4build1_amd64.deb	http://ap-northeast-2.ec2.archive.ubuntu.com/ubuntu/pool/main/p/parted/parted_3.6-4build1_amd64.deb	200	43322	5029269a0aee1b5d94dff101fcb3cc4832625668213d05d9029b342734bd0158	/home/aella/aws-discovery-jammy-noble-retry-20260831/upgrade-discovery/jammy-to-noble/runtime/deb-cache/98/82/988298bf6efd2fc05459fcc45be71a34da6438db0e26ebba557b1dfb90afe6c9
jammy-to-noble	2026-08-31T12:39:47Z	GET	http://ap-northeast-2.ec2.archive.ubuntu.com/ubuntu/pool/main/m/multipath-tools/kpartx_0.9.4-5ubuntu8.2_amd64.deb	http://ap-northeast-2.ec2.archive.ubuntu.com/ubuntu/pool/main/m/multipath-tools/kpartx_0.9.4-5ubuntu8.2_amd64.deb	200	32200	f3d35f80f6938c8c1cc1b2758c74561d91059d6b50bff29b190368e1665a0254	/home/aella/aws-discovery-jammy-noble-retry-20260831/upgrade-discovery/jammy-to-noble/runtime/deb-cache/43/2f/432f2006eda026084406340169838b585410b048dfaa63d30fe95f624977a1a1
jammy-to-noble	2026-08-31T12:39:47Z	GET	http://ap-northeast-2.ec2.archive.ubuntu.com/ubuntu/pool/main/liba/libaio/libaio1t64_0.3.113-6build1.1_amd64.deb	http://ap-northeast-2.ec2.archive.ubuntu.com/ubuntu/pool/main/liba/libaio/libaio1t64_0.3.113-6build1.1_amd64.deb	200	7210	433212b33e26d424605c01cec1de33b63f2cc12870987b4cb7b3625baba66a19	/home/aella/aws-discovery-jammy-noble-retry-20260831/upgrade-discovery/jammy-to-noble/runtime/deb-cache/79/83/79839df8605b7c44ce864ca6d05e5c026df6057722a80aa60113f6207eb02243
jammy-to-noble	2026-08-31T12:39:47Z	GET	http://ap-northeast-2.ec2.archive.ubuntu.com/ubuntu/pool/main/libu/liburcu/liburcu8t64_0.14.0-3.1build1_amd64.deb	http://ap-northeast-2.ec2.archive.ubuntu.com/ubuntu/pool/main/libu/liburcu/liburcu8t64_0.14.0-3.1build1_amd64.deb	200	62984	1e0545f27be0dd31bf017f277b13cac9a7857efef7324ca83527e3213e717181	/home/aella/aws-discovery-jammy-noble-retry-20260831/upgrade-discovery/jammy-to-noble/runtime/deb-cache/fc/d8/fcd895f3bdd58d7290ce1a1628694bbab3e9d06efda9f73ff687daff5ab47730
jammy-to-noble	2026-08-31T12:39:47Z	GET	http://ap-northeast-2.ec2.archive.ubuntu.com/ubuntu/pool/main/m/multipath-tools/multipath-tools_0.9.4-5ubuntu8.2_amd64.deb	http://ap-northeast-2.ec2.archive.ubuntu.com/ubuntu/pool/main/m/multipath-tools/multipath-tools_0.9.4-5ubuntu8.2_amd64.deb	200	309800	b4a73a7babb429eb2f68ee24d2384903e0a703d1531064d29d72c2751c2ace5c	/home/aella/aws-discovery-jammy-noble-retry-20260831/upgrade-discovery/jammy-to-noble/runtime/deb-cache/d2/d6/d2d63433495000c7ba4eb7269a70b68e9bbef7ea081a569a13ecc4bf54a00eac
jammy-to-noble	2026-08-31T12:39:47Z	GET	http://ap-northeast-2.ec2.archive.ubuntu.com/ubuntu/pool/main/libg/libgpg-error/libgpg-error-l10n_1.47-3build2.1_all.deb	http://ap-northeast-2.ec2.archive.ubuntu.com/ubuntu/pool/main/libg/libgpg-error/libgpg-error-l10n_1.47-3build2.1_all.deb	200	8146	a9c8cf9128208c5829b589e76d1782a9a90fbff90295fcbf303e0e8db62223ff	/home/aella/aws-discovery-jammy-noble-retry-20260831/upgrade-discovery/jammy-to-noble/runtime/deb-cache/59/50/5950b0c703183057bfe2719e66553f0d7e3fe5335364978196d4c6b6954aba9e
jammy-to-noble	2026-08-31T12:39:47Z	GET	http://ap-northeast-2.ec2.archive.ubuntu.com/ubuntu/pool/main/libg/libgpg-error/libgpg-error0_1.47-3build2.1_amd64.deb	http://ap-northeast-2.ec2.archive.ubuntu.com/ubuntu/pool/main/libg/libgpg-error/libgpg-error0_1.47-3build2.1_amd64.deb	200	70092	93654ee8180a73a0363f25c51dc673d67cbabcbecd164187b8a2deb54d007aef	/home/aella/aws-discovery-jammy-noble-retry-20260831/upgrade-discovery/jammy-to-noble/runtime/deb-cache/9a/5f/9a5ffc7f852d2d9a445750b0cb3b6c565dc65130eb2a228072431d7d0103a2c0
jammy-to-noble	2026-08-31T12:39:47Z	GET	http://ap-northeast-2.ec2.archive.ubuntu.com/ubuntu/pool/main/r/rtmpdump/librtmp1_2.4%2b20151223.gitfa8646d.1-2build7_amd64.deb	http://ap-northeast-2.ec2.archive.ubuntu.com/ubuntu/pool/main/r/rtmpdump/librtmp1_2.4%2b20151223.gitfa8646d.1-2build7_amd64.deb	200	56342	967a39dbc14236d1580ede01d80fd78444668572e716734e1ac66c175052594e	/home/aella/aws-discovery-jammy-noble-retry-20260831/upgrade-discovery/jammy-to-noble/runtime/deb-cache/9f/16/9f163a2a63b090e7702616c9861776922a34fc040babd0e1b1c65ca0b69072ad
jammy-to-noble	2026-08-31T12:39:47Z	GET	http://ap-northeast-2.ec2.archive.ubuntu.com/ubuntu/pool/main/n/nettle/libnettle8t64_3.9.1-2.2build1.1_amd64.deb	http://ap-northeast-2.ec2.archive.ubuntu.com/ubuntu/pool/main/n/nettle/libnettle8t64_3.9.1-2.2build1.1_amd64.deb	200	181636	6d97fbc1972633083f08f51ccab433606c97bbceb897c631c66495117ca3406f	/home/aella/aws-discovery-jammy-noble-retry-20260831/upgrade-discovery/jammy-to-noble/runtime/deb-cache/18/65/1865012fa20a3c2d865d3a1c806b875f575ef63ea51f354b06aca2d3b53b2b74
jammy-to-noble	2026-08-31T12:39:47Z	GET	http://ap-northeast-2.ec2.archive.ubuntu.com/ubuntu/pool/main/n/nettle/libhogweed6t64_3.9.1-2.2build1.1_amd64.deb	http://ap-northeast-2.ec2.archive.ubuntu.com/ubuntu/pool/main/n/nettle/libhogweed6t64_3.9.1-2.2build1.1_amd64.deb	200	198548	a9b5f7e9d49ba9060e1c933567046fbc6feab6096799cbf550b7214dc9b0f49b	/home/aella/aws-discovery-jammy-noble-retry-20260831/upgrade-discovery/jammy-to-noble/runtime/deb-cache/ea/73/ea736c53b1f121383dd37499757d8b38e0563343618b1a38830d2307030d0963
jammy-to-noble	2026-08-31T12:39:47Z	GET	http://ap-northeast-2.ec2.archive.ubuntu.com/ubuntu/pool/main/p/p11-kit/libp11-kit0_0.25.3-4ubuntu2.2_amd64.deb	http://ap-northeast-2.ec2.archive.ubuntu.com/ubuntu/pool/main/p/p11-kit/libp11-kit0_0.25.3-4ubuntu2.2_amd64.deb	200	297270	e7c58aeac19d89f5f1492dfaa52b8623bcd56edc40983f5243ad56d94f477bf2	/home/aella/aws-discovery-jammy-noble-retry-20260831/upgrade-discovery/jammy-to-noble/runtime/deb-cache/2f/37/2f37f90a08bea6d27775c617fedd5f8679cc523e83313d02381f3ef6e745a39a
jammy-to-noble	2026-08-31T12:39:47Z	GET	http://ap-northeast-2.ec2.archive.ubuntu.com/ubuntu/pool/main/g/gnutls28/libgnutls30t64_3.8.3-1.1ubuntu3.6_amd64.deb	http://ap-northeast-2.ec2.archive.ubuntu.com/ubuntu/pool/main/g/gnutls28/libgnutls30t64_3.8.3-1.1ubuntu3.6_amd64.deb	200	1002902	b8944756260c5ea6b7fac019745f931f905aa7a4df0763676b1b25c911b692e2	/home/aella/aws-discovery-jammy-noble-retry-20260831/upgrade-discovery/jammy-to-noble/runtime/deb-cache/e4/14/e414c9babea4f32b89347e4ecfa1066f89fb0d564192af07785a49163dbfff39
jammy-to-noble	2026-08-31T12:39:47Z	GET	http://ap-northeast-2.ec2.archive.ubuntu.com/ubuntu/pool/main/libk/libksba/libksba8_1.6.6-1build1_amd64.deb	http://ap-northeast-2.ec2.archive.ubuntu.com/ubuntu/pool/main/libk/libksba/libksba8_1.6.6-1build1_amd64.deb	200	121958	7b0e1f2c2c5ee7b3ed1c1558c6338c6cdd77d27280020abc3e1f3159cf564106	/home/aella/aws-discovery-jammy-noble-retry-20260831/upgrade-discovery/jammy-to-noble/runtime/deb-cache/23/88/238832a258c74abe9f549bacef1a903fbbe1ceed7f851386470fd3ab25f8b4bf
jammy-to-noble	2026-08-31T12:39:47Z	GET	http://ap-northeast-2.ec2.archive.ubuntu.com/ubuntu/pool/main/c/cyrus-sasl2/libsasl2-2_2.1.28%2bdfsg1-5ubuntu3.1_amd64.deb	http://ap-northeast-2.ec2.archive.ubuntu.com/ubuntu/pool/main/c/cyrus-sasl2/libsasl2-2_2.1.28%2bdfsg1-5ubuntu3.1_amd64.deb	200	53194	eda097f98dcb3a08b9ce157d6191d140e4885c1cba47b683c94b8ca45e88f458	/home/aella/aws-discovery-jammy-noble-retry-20260831/upgrade-discovery/jammy-to-noble/runtime/deb-cache/63/d6/63d605ddf8d439ad7fddd9b75cc4e0eb4bb7c1256ede2ecc4b7e57fe2458b5c9
jammy-to-noble	2026-08-31T12:39:48Z	GET	http://ap-northeast-2.ec2.archive.ubuntu.com/ubuntu/pool/main/o/openldap/libldap2_2.6.10%2bdfsg-0ubuntu0.24.04.1_amd64.deb	http://ap-northeast-2.ec2.archive.ubuntu.com/ubuntu/pool/main/o/openldap/libldap2_2.6.10%2bdfsg-0ubuntu0.24.04.1_amd64.deb	200	197620	7f3f8e565401256f21d5aa562c9f92dbb63537b73aaea6283e4db5264f1598f4	/home/aella/aws-discovery-jammy-noble-retry-20260831/upgrade-discovery/jammy-to-noble/runtime/deb-cache/5d/9d/5d9d1ef2b195180bc1242bd347103610024130705606aac70280316053c5eb08
jammy-to-noble	2026-08-31T12:39:48Z	GET	http://ap-northeast-2.ec2.archive.ubuntu.com/ubuntu/pool/main/g/gnupg2/gnupg-utils_2.4.4-2ubuntu17.4_amd64.deb	http://ap-northeast-2.ec2.archive.ubuntu.com/ubuntu/pool/main/g/gnupg2/gnupg-utils_2.4.4-2ubuntu17.4_amd64.deb	200	109094	a66520564376ebbe108603f0eaa3170962d53b201a4185b4f6ab1dfd1b34d655	/home/aella/aws-discovery-jammy-noble-retry-20260831/upgrade-discovery/jammy-to-noble/runtime/deb-cache/b2/e0/b2e030fcc8f7b6d97b38eaa741778f731456f01ebf197a5b9da19e3d6d98e11c
jammy-to-noble	2026-08-31T12:39:48Z	GET	http://ap-northeast-2.ec2.archive.ubuntu.com/ubuntu/pool/main/g/gnupg2/gpg-wks-client_2.4.4-2ubuntu17.4_amd64.deb	http://ap-northeast-2.ec2.archive.ubuntu.com/ubuntu/pool/main/g/gnupg2/gpg-wks-client_2.4.4-2ubuntu17.4_amd64.deb	200	70850	a63007b28c3aac42a57b839f9961c4ee3a9c0b035a8af7e620dd41e5d1051aa8	/home/aella/aws-discovery-jammy-noble-retry-20260831/upgrade-discovery/jammy-to-noble/runtime/deb-cache/aa/4b/aa4bf27e6ab487e06b59be34ae1da343f6bc4606d95db9b4400fc24dc340c121
jammy-to-noble	2026-08-31T12:39:48Z	GET	http://ap-northeast-2.ec2.archive.ubuntu.com/ubuntu/pool/main/g/gnupg2/gpg_2.4.4-2ubuntu17.4_amd64.deb	http://ap-northeast-2.ec2.archive.ubuntu.com/ubuntu/pool/main/g/gnupg2/gpg_2.4.4-2ubuntu17.4_amd64.deb	200	565248	4c625bdbe37c734e744ceba2f2db18b197683de6d00b42e197b977b9a3caa215	/home/aella/aws-discovery-jammy-noble-retry-20260831/upgrade-discovery/jammy-to-noble/runtime/deb-cache/d9/28/d928c677a73f58e77a3a279b45ef062c47695a62d71ad2608d7997b1f6c029d0
jammy-to-noble	2026-08-31T12:39:48Z	GET	http://ap-northeast-2.ec2.archive.ubuntu.com/ubuntu/pool/main/n/npth/libnpth0t64_1.6-3.1build1_amd64.deb	http://ap-northeast-2.ec2.archive.ubuntu.com/ubuntu/pool/main/n/npth/libnpth0t64_1.6-3.1build1_amd64.deb	200	8378	b380eca1221a9ac855427652452801c5ca9161dd69e12446d300524eba00944e	/home/aella/aws-discovery-jammy-noble-retry-20260831/upgrade-discovery/jammy-to-noble/runtime/deb-cache/04/35/0435dffad40ef0831e774db4398fac8532489696d999cd05cb3888c29ed18238
jammy-to-noble	2026-08-31T12:39:48Z	GET	http://ap-northeast-2.ec2.archive.ubuntu.com/ubuntu/pool/main/g/gnupg2/gpgv_2.4.4-2ubuntu17.4_amd64.deb	http://ap-northeast-2.ec2.archive.ubuntu.com/ubuntu/pool/main/g/gnupg2/gpgv_2.4.4-2ubuntu17.4_amd64.deb	200	158030	ed2e1fcd39d5a50d592a58a24d80df90682c4da40ba25a73da36d52c422cc4bb	/home/aella/aws-discovery-jammy-noble-retry-20260831/upgrade-discovery/jammy-to-noble/runtime/deb-cache/e6/fa/e6fa49225be78de1f469013501f4116a1a05193b18ac7e61788c144eb7433e7c
jammy-to-noble	2026-08-31T12:39:48Z	GET	http://ap-northeast-2.ec2.archive.ubuntu.com/ubuntu/pool/main/g/gnupg2/keyboxd_2.4.4-2ubuntu17.4_amd64.deb	http://ap-northeast-2.ec2.archive.ubuntu.com/ubuntu/pool/main/g/gnupg2/keyboxd_2.4.4-2ubuntu17.4_amd64.deb	200	78272	c97eb18b05c7a1d4f30efefc1d9896f06cf2632d62ade8bf750288fd48ad53bf	/home/aella/aws-discovery-jammy-noble-retry-20260831/upgrade-discovery/jammy-to-noble/runtime/deb-cache/3e/ea/3eea8094449e99df8736ae0e89a03bc53020d70c2ebbe66c15fd0f65042e5607
jammy-to-noble	2026-08-31T12:39:48Z	GET	http://ap-northeast-2.ec2.archive.ubuntu.com/ubuntu/pool/main/g/gnupg2/gnupg-l10n_2.4.4-2ubuntu17.4_all.deb	http://ap-northeast-2.ec2.archive.ubuntu.com/ubuntu/pool/main/g/gnupg2/gnupg-l10n_2.4.4-2ubuntu17.4_all.deb	200	66440	86d9c9c36dd27d4571419cdb976383155beb8e9ef562a9ba55115d034b46b813	/home/aella/aws-discovery-jammy-noble-retry-20260831/upgrade-discovery/jammy-to-noble/runtime/deb-cache/c1/52/c1527ed4748b0cc15d8a73f1ed2631fd2fcd9290bf4575976a04b1b7b3f82691
jammy-to-noble	2026-08-31T12:39:48Z	GET	http://ap-northeast-2.ec2.archive.ubuntu.com/ubuntu/pool/main/g/gnupg2/dirmngr_2.4.4-2ubuntu17.4_amd64.deb	http://ap-northeast-2.ec2.archive.ubuntu.com/ubuntu/pool/main/g/gnupg2/dirmngr_2.4.4-2ubuntu17.4_amd64.deb	200	323242	4155be4f35ffc177ddf0282a635ebdbfd555ebb0dd3b6d8e7fd736e1fcedec0b	/home/aella/aws-discovery-jammy-noble-retry-20260831/upgrade-discovery/jammy-to-noble/runtime/deb-cache/80/62/80620f54667838a209b42249287ca9982afa8816a436af08ab7eb97fa33c9889
jammy-to-noble	2026-08-31T12:39:48Z	GET	http://ap-northeast-2.ec2.archive.ubuntu.com/ubuntu/pool/main/g/gnupg2/gnupg_2.4.4-2ubuntu17.4_all.deb	http://ap-northeast-2.ec2.archive.ubuntu.com/ubuntu/pool/main/g/gnupg2/gnupg_2.4.4-2ubuntu17.4_all.deb	200	358888	24fa610ce3b7512d58def5bf6699c05b09fbd235b9432245c000036d70eebc97	/home/aella/aws-discovery-jammy-noble-retry-20260831/upgrade-discovery/jammy-to-noble/runtime/deb-cache/7b/76/7b7685a5e44887d497af3428545c7a7c1c6f8e98f49eec9c3018766306889c39
jammy-to-noble	2026-08-31T12:39:48Z	GET	http://ap-northeast-2.ec2.archive.ubuntu.com/ubuntu/pool/main/g/gnupg2/gpg-agent_2.4.4-2ubuntu17.4_amd64.deb	http://ap-northeast-2.ec2.archive.ubuntu.com/ubuntu/pool/main/g/gnupg2/gpg-agent_2.4.4-2ubuntu17.4_amd64.deb	200	227042	98a70e750ed790020a5c7066406c0e8d15646e262185ecd9c2f484dc95e9c860	/home/aella/aws-discovery-jammy-noble-retry-20260831/upgrade-discovery/jammy-to-noble/runtime/deb-cache/6f/70/6f70c0baa9a27e36585d60c7b2f74eda90d100b49ae6275502f03f13b63df7de
jammy-to-noble	2026-08-31T12:39:48Z	GET	http://ap-northeast-2.ec2.archive.ubuntu.com/ubuntu/pool/main/g/gnupg2/gpgconf_2.4.4-2ubuntu17.4_amd64.deb	http://ap-northeast-2.ec2.archive.ubuntu.com/ubuntu/pool/main/g/gnupg2/gpgconf_2.4.4-2ubuntu17.4_amd64.deb	200	103804	7f7cc936ad298e70f6f406ff7e9d9c54ea4f8f9a850fe71b6257a79d97b67724	/home/aella/aws-discovery-jammy-noble-retry-20260831/upgrade-discovery/jammy-to-noble/runtime/deb-cache/68/8f/688fdd167586f1e926215245c7fe7b652392248088588d5c6585b40b2aa9aa34
jammy-to-noble	2026-08-31T12:39:48Z	GET	http://ap-northeast-2.ec2.archive.ubuntu.com/ubuntu/pool/main/g/gnupg2/gpgsm_2.4.4-2ubuntu17.4_amd64.deb	http://ap-northeast-2.ec2.archive.ubuntu.com/ubuntu/pool/main/g/gnupg2/gpgsm_2.4.4-2ubuntu17.4_amd64.deb	200	231626	47cdea6a8d2c35aea4ceb62e54e981b92309bd68fe517650637f68a634a2970f	/home/aella/aws-discovery-jammy-noble-retry-20260831/upgrade-discovery/jammy-to-noble/runtime/deb-cache/c7/af/c7af23e1396aefd79b784ee62215ae4b886a44d96c88ebac28d2cae9c343f114
jammy-to-noble	2026-08-31T12:39:48Z	GET	http://ap-northeast-2.ec2.archive.ubuntu.com/ubuntu/pool/main/r/readline/libreadline8t64_8.2-4build1_amd64.deb	http://ap-northeast-2.ec2.archive.ubuntu.com/ubuntu/pool/main/r/readline/libreadline8t64_8.2-4build1_amd64.deb	200	152856	563977a16df03b611f5239cc1e9a0426e86479fcc616b5c9e200ea32063119e5	/home/aella/aws-discovery-jammy-noble-retry-20260831/upgrade-discovery/jammy-to-noble/runtime/deb-cache/ed/20/ed2042abd594adc0f623ad2e995eff7d321a9d60a0a005f85d2107ebbfd5b4f6
jammy-to-noble	2026-08-31T12:39:48Z	GET	http://ap-northeast-2.ec2.archive.ubuntu.com/ubuntu/pool/main/g/gawk/gawk_5.2.1-2ubuntu0.1_amd64.deb	http://ap-northeast-2.ec2.archive.ubuntu.com/ubuntu/pool/main/g/gawk/gawk_5.2.1-2ubuntu0.1_amd64.deb	200	463234	baaf6853bea746485bff4ae0e506599b3c5093ebe6ec9b9584e4272f94f75b93	/home/aella/aws-discovery-jammy-noble-retry-20260831/upgrade-discovery/jammy-to-noble/runtime/deb-cache/88/57/8857b4b2a20b987730754ec65f7848a0b5f5b209c087865474e155cec54964c5
jammy-to-noble	2026-08-31T12:39:48Z	GET	http://ap-northeast-2.ec2.archive.ubuntu.com/ubuntu/pool/main/p/python3.12/libpython3.12-stdlib_3.12.3-1ubuntu0.16_amd64.deb	http://ap-northeast-2.ec2.archive.ubuntu.com/ubuntu/pool/main/p/python3.12/libpython3.12-stdlib_3.12.3-1ubuntu0.16_amd64.deb	200	2069898	41081d5b192a03b48844eed1efd08bbf9c09cc33eb9863da6d7add9f5f3dd0c9	/home/aella/aws-discovery-jammy-noble-retry-20260831/upgrade-discovery/jammy-to-noble/runtime/deb-cache/a4/cb/a4cbdeb3a6d0fcf94458e0aad5710daac44f31b80fea751be34355ceb1b3be3f
jammy-to-noble	2026-08-31T12:39:48Z	GET	http://ap-northeast-2.ec2.archive.ubuntu.com/ubuntu/pool/main/p/python3.12/python3.12_3.12.3-1ubuntu0.16_amd64.deb	http://ap-northeast-2.ec2.archive.ubuntu.com/ubuntu/pool/main/p/python3.12/python3.12_3.12.3-1ubuntu0.16_amd64.deb	200	650728	0e8313f418201f1c0861ff7accbd30cefe459895feeffa5be27b18fc0417428e	/home/aella/aws-discovery-jammy-noble-retry-20260831/upgrade-discovery/jammy-to-noble/runtime/deb-cache/7a/4f/7a4f5820b122991c7066a8b1706c37a7479c1645ab84e750314fa820d2a0910b
jammy-to-noble	2026-08-31T12:39:48Z	GET	http://ap-northeast-2.ec2.archive.ubuntu.com/ubuntu/pool/main/p/python3-defaults/libpython3-stdlib_3.12.3-0ubuntu2.1_amd64.deb	http://ap-northeast-2.ec2.archive.ubuntu.com/ubuntu/pool/main/p/python3-defaults/libpython3-stdlib_3.12.3-0ubuntu2.1_amd64.deb	200	10080	57ebb378c59d2f9ef479bee0abc933c560878cc10e2c3af8e05d6fdb2ed63da4	/home/aella/aws-discovery-jammy-noble-retry-20260831/upgrade-discovery/jammy-to-noble/runtime/deb-cache/2a/14/2a149757ed7810a1f5b91d45e8d9135211397180d42981fd025ff27363ee9429
jammy-to-noble	2026-08-31T12:39:48Z	GET	http://ap-northeast-2.ec2.archive.ubuntu.com/ubuntu/pool/main/s/setuptools/python3-pkg-resources_68.1.2-2ubuntu1.2_all.deb	http://ap-northeast-2.ec2.archive.ubuntu.com/ubuntu/pool/main/s/setuptools/python3-pkg-resources_68.1.2-2ubuntu1.2_all.deb	200	167914	13caaa69d5ba8b02e90087d4bcef714c0581e591e820804d15d12f582055147a	/home/aella/aws-discovery-jammy-noble-retry-20260831/upgrade-discovery/jammy-to-noble/runtime/deb-cache/72/13/7213bd30a3020f683fe441884a9ca2f60dab7246f7297db25a4c1869f9e1d7be
jammy-to-noble	2026-08-31T12:39:48Z	GET	http://ap-northeast-2.ec2.archive.ubuntu.com/ubuntu/pool/main/s/setuptools/python3-setuptools_68.1.2-2ubuntu1.2_all.deb	http://ap-northeast-2.ec2.archive.ubuntu.com/ubuntu/pool/main/s/setuptools/python3-setuptools_68.1.2-2ubuntu1.2_all.deb	200	396614	27ede03d8c5046c30cf1dcdc8835708408d27bdd3561e881b5d66656e6ff23e7	/home/aella/aws-discovery-jammy-noble-retry-20260831/upgrade-discovery/jammy-to-noble/runtime/deb-cache/f0/38/f038829b249462457903c1e2b6ac39a447230c1a23cfd5c7af6c781c5337ab06
jammy-to-noble	2026-08-31T12:39:49Z	GET	http://ap-northeast-2.ec2.archive.ubuntu.com/ubuntu/pool/universe/d/dh-python/dh-python_6.20240401_all.deb	http://ap-northeast-2.ec2.archive.ubuntu.com/ubuntu/pool/universe/d/dh-python/dh-python_6.20240401_all.deb	200	109658	cbe3ee89359a799c7ce21d374b8e0fb39f9a6d1b4a404481b4f1659a8a4cc8e8	/home/aella/aws-discovery-jammy-noble-retry-20260831/upgrade-discovery/jammy-to-noble/runtime/deb-cache/0d/5c/0d5c36d017ca654f3d0861cb81db54d408b1adb9c735423b55bb0cebd4ee47e8
jammy-to-noble	2026-08-31T12:39:49Z	GET	http://ap-northeast-2.ec2.archive.ubuntu.com/ubuntu/pool/universe/p/python-resolvelib/python3-resolvelib_1.0.1-1_all.deb	http://ap-northeast-2.ec2.archive.ubuntu.com/ubuntu/pool/universe/p/python-resolvelib/python3-resolvelib_1.0.1-1_all.deb	200	25742	392748bce6d9018347e668bc9ceda89b661bd02a24cd1b240be295b54ec1dd9f	/home/aella/aws-discovery-jammy-noble-retry-20260831/upgrade-discovery/jammy-to-noble/runtime/deb-cache/c1/be/c1bec4805c90c1a670759dfb8b24c446899b1a5b49f6879f4275956d653fa09d
jammy-to-noble	2026-08-31T12:39:55Z	GET	http://ap-northeast-2.ec2.archive.ubuntu.com/ubuntu/pool/universe/a/ansible/ansible_9.2.0%2bdfsg-0ubuntu5_all.deb	http://ap-northeast-2.ec2.archive.ubuntu.com/ubuntu/pool/universe/a/ansible/ansible_9.2.0%2bdfsg-0ubuntu5_all.deb	200	16442776	b9920e93ba0bc522b7781a238869e15d5f6aaf682a762d1daa2a204977bdd7d5	/home/aella/aws-discovery-jammy-noble-retry-20260831/upgrade-discovery/jammy-to-noble/runtime/deb-cache/f5/df/f5dfe1e5a2e74d4ccc83f06dffdb1bd9627ad39b0cfe7a91b4cda511acb56c8e
jammy-to-noble	2026-08-31T12:39:55Z	GET	http://ap-northeast-2.ec2.archive.ubuntu.com/ubuntu/pool/universe/a/ansible-core/ansible-core_2.16.3-0ubuntu2_all.deb	http://ap-northeast-2.ec2.archive.ubuntu.com/ubuntu/pool/universe/a/ansible-core/ansible-core_2.16.3-0ubuntu2_all.deb	200	1280094	484d359659715e0402598be29004f3cc817cbd702799bc3e3f090dec56602d6e	/home/aella/aws-discovery-jammy-noble-retry-20260831/upgrade-discovery/jammy-to-noble/runtime/deb-cache/5f/ee/5fee5180d041d351766473d1c6519390918c945ad13b8766810b48e0912b60ce
jammy-to-noble	2026-08-31T12:39:56Z	GET	http://ap-northeast-2.ec2.archive.ubuntu.com/ubuntu/pool/main/z/zope.interface/python3-zope.interface_6.1-1build1_amd64.deb	http://ap-northeast-2.ec2.archive.ubuntu.com/ubuntu/pool/main/z/zope.interface/python3-zope.interface_6.1-1build1_amd64.deb	200	137370	be790e6c05c10229b58221660c7fde095d3f698a4f66ea8c4642b14dc8702c17	/home/aella/aws-discovery-jammy-noble-retry-20260831/upgrade-discovery/jammy-to-noble/runtime/deb-cache/fe/7f/fe7fcfb1228e5872b82f09c00b57b74b72619450e3dfa2b1d95d446b1ff13d3e
jammy-to-noble	2026-08-31T12:39:56Z	GET	http://ap-northeast-2.ec2.archive.ubuntu.com/ubuntu/pool/main/p/pyyaml/python3-yaml_6.0.1-2build2_amd64.deb	http://ap-northeast-2.ec2.archive.ubuntu.com/ubuntu/pool/main/p/pyyaml/python3-yaml_6.0.1-2build2_amd64.deb	200	122568	315e59500af855f23ee4e95525b99009bd798c4d2658af8eb4b2d66a8a91ec23	/home/aella/aws-discovery-jammy-noble-retry-20260831/upgrade-discovery/jammy-to-noble/runtime/deb-cache/72/a7/72a71bd556674f2331556e2553c1100bdefd739229f718ffc13ce0366de5ac81
jammy-to-noble	2026-08-31T12:39:56Z	GET	http://ap-northeast-2.ec2.archive.ubuntu.com/ubuntu/pool/main/p/python-systemd/python3-systemd_235-1build4_amd64.deb	http://ap-northeast-2.ec2.archive.ubuntu.com/ubuntu/pool/main/p/python-systemd/python3-systemd_235-1build4_amd64.deb	200	42422	4beef1a9a1718cfac898c944cee55566acfce4047e1e8940d9d3fb1c958ef3f1	/home/aella/aws-discovery-jammy-noble-retry-20260831/upgrade-discovery/jammy-to-noble/runtime/deb-cache/1b/60/1b6048fb6cb303cc329c116cedd4c264966c718f95f96e68547895720db9d7d6
jammy-to-noble	2026-08-31T12:39:57Z	GET	http://ap-northeast-2.ec2.archive.ubuntu.com/ubuntu/pool/main/s/simplejson/python3-simplejson_3.19.2-1build2_amd64.deb	http://ap-northeast-2.ec2.archive.ubuntu.com/ubuntu/pool/main/s/simplejson/python3-simplejson_3.19.2-1build2_amd64.deb	200	54452	db389d08e594a89dbe7166594b7edbd7dcbd82a3ebe846a207268a6ebfac4fc4	/home/aella/aws-discovery-jammy-noble-retry-20260831/upgrade-discovery/jammy-to-noble/runtime/deb-cache/0f/4e/0f4e56fb518d2e9a57be6dacbbfe9997e13d4d6b8e0e2cb8da175776099debcf
jammy-to-noble	2026-08-31T12:39:57Z	GET	http://ap-northeast-2.ec2.archive.ubuntu.com/ubuntu/pool/main/libs/libselinux/libselinux1_3.5-2ubuntu2.1_amd64.deb	http://ap-northeast-2.ec2.archive.ubuntu.com/ubuntu/pool/main/libs/libselinux/libselinux1_3.5-2ubuntu2.1_amd64.deb	200	79660	6abaa6c26f46ef17764c4a753e0e84de1cdadde5634fd2987621fdc617988d19	/home/aella/aws-discovery-jammy-noble-retry-20260831/upgrade-discovery/jammy-to-noble/runtime/deb-cache/2d/6a/2d6af5780f6bbe6448be1e12202aa49d9a24cfe780d86fef736223f24eecb623
jammy-to-noble	2026-08-31T12:39:57Z	GET	http://ap-northeast-2.ec2.archive.ubuntu.com/ubuntu/pool/universe/libs/libselinux/python3-selinux_3.5-2ubuntu2.1_amd64.deb	http://ap-northeast-2.ec2.archive.ubuntu.com/ubuntu/pool/universe/libs/libselinux/python3-selinux_3.5-2ubuntu2.1_amd64.deb	200	164926	71f88477833fadd6cc661143dcfa17c2266a2700e604c04c64c091fa75af6c13	/home/aella/aws-discovery-jammy-noble-retry-20260831/upgrade-discovery/jammy-to-noble/runtime/deb-cache/fe/a2/fea2cdf6bec45bce550231e2889eb392ab570d73891e989e9e0e7f8999409ac0
jammy-to-noble	2026-08-31T12:39:57Z	GET	http://ap-northeast-2.ec2.archive.ubuntu.com/ubuntu/pool/main/n/nghttp2/libnghttp2-14_1.59.0-1ubuntu0.4_amd64.deb	http://ap-northeast-2.ec2.archive.ubuntu.com/ubuntu/pool/main/n/nghttp2/libnghttp2-14_1.59.0-1ubuntu0.4_amd64.deb	200	74590	73adcbb9df32cd7c9d46b1c7598bbbbcf249be705d62d966694cfc9976a15dfe	/home/aella/aws-discovery-jammy-noble-retry-20260831/upgrade-discovery/jammy-to-noble/runtime/deb-cache/cf/38/cf38738615d820dd37f84f9ee62b2ad4096579bf9ca3375bad392cf0f31afa3e
jammy-to-noble	2026-08-31T12:39:57Z	GET	http://ap-northeast-2.ec2.archive.ubuntu.com/ubuntu/pool/main/f/fwupd/libfwupd3_2.0.20-1ubuntu2%7e24.04.2_amd64.deb	http://ap-northeast-2.ec2.archive.ubuntu.com/ubuntu/pool/main/f/fwupd/libfwupd3_2.0.20-1ubuntu2%7e24.04.2_amd64.deb	200	140358	5a12e12912f12891418e6b9ea0cb49f6161efd80af8bb9e04b182d6ae20b78f4	/home/aella/aws-discovery-jammy-noble-retry-20260831/upgrade-discovery/jammy-to-noble/runtime/deb-cache/16/2b/162b3449004c1973260a79c997df6c06d1841de51c6c4683d7e9d3b104b191d3
jammy-to-noble	2026-08-31T12:39:57Z	GET	http://ap-northeast-2.ec2.archive.ubuntu.com/ubuntu/pool/main/f/fwupd/libfwupd2_1.9.34-0ubuntu1%7e24.04.1_amd64.deb	http://ap-northeast-2.ec2.archive.ubuntu.com/ubuntu/pool/main/f/fwupd/libfwupd2_1.9.34-0ubuntu1%7e24.04.1_amd64.deb	200	138586	5de44fa20e2ef23a0096c8973ef6ec0adc23ee7e8b8af00087af10ed8c9831df	/home/aella/aws-discovery-jammy-noble-retry-20260831/upgrade-discovery/jammy-to-noble/runtime/deb-cache/1c/69/1c69b29773b54031200583e2c2513e3bdc8230c2e92c520ee5f828dd9e675518
jammy-to-noble	2026-08-31T12:39:57Z	GET	http://ap-northeast-2.ec2.archive.ubuntu.com/ubuntu/pool/main/g/git/git-man_2.43.0-1ubuntu7.3_all.deb	http://ap-northeast-2.ec2.archive.ubuntu.com/ubuntu/pool/main/g/git/git-man_2.43.0-1ubuntu7.3_all.deb	200	1100178	5701f931ed2cd30644700b0fc1cda7c2214f93a63ef84c0c80e43ce40d2cf1d2	/home/aella/aws-discovery-jammy-noble-retry-20260831/upgrade-discovery/jammy-to-noble/runtime/deb-cache/b0/ea/b0ea645c883d08e531906bd956a721d0632c26ccd06a6ea8b5e298c14ae4fcd2
jammy-to-noble	2026-08-31T12:39:57Z	GET	http://ap-northeast-2.ec2.archive.ubuntu.com/ubuntu/pool/main/g/git/git_2.43.0-1ubuntu7.3_amd64.deb	http://ap-northeast-2.ec2.archive.ubuntu.com/ubuntu/pool/main/g/git/git_2.43.0-1ubuntu7.3_amd64.deb	200	3679758	099bb129f543adc4c14203334b0fa0a909f8bf038c4d56bc9cc7c774ebf78f87	/home/aella/aws-discovery-jammy-noble-retry-20260831/upgrade-discovery/jammy-to-noble/runtime/deb-cache/da/ab/daab6283598d56dc7fdf39a9cd90d1d6d79a80576f5595c0dcb652779f07662a
jammy-to-noble	2026-08-31T12:39:58Z	GET	http://ap-northeast-2.ec2.archive.ubuntu.com/ubuntu/pool/main/c/curl/libcurl3t64-gnutls_8.5.0-2ubuntu10.13_amd64.deb	http://ap-northeast-2.ec2.archive.ubuntu.com/ubuntu/pool/main/c/curl/libcurl3t64-gnutls_8.5.0-2ubuntu10.13_amd64.deb	200	335082	4212974e797d25e7545ffee2c90c104277c31a8d5ab4775fa95779caa41587c0	/home/aella/aws-discovery-jammy-noble-retry-20260831/upgrade-discovery/jammy-to-noble/runtime/deb-cache/9b/ef/9befcad305b3acb3c89e917044809ca69515b7e54f48fb51ed28cc6aaec7cb08
jammy-to-noble	2026-08-31T12:39:58Z	GET	http://ap-northeast-2.ec2.archive.ubuntu.com/ubuntu/pool/main/p/pycurl/python3-pycurl_7.45.3-1build2_amd64.deb	http://ap-northeast-2.ec2.archive.ubuntu.com/ubuntu/pool/main/p/pycurl/python3-pycurl_7.45.3-1build2_amd64.deb	200	54594	6c804c089c08f62f2b8a5645f1c608d8f1a7ce330983997b76bc5e3e7c0b4038	/home/aella/aws-discovery-jammy-noble-retry-20260831/upgrade-discovery/jammy-to-noble/runtime/deb-cache/43/c0/43c06c49670080c5de8c2f7906355f81f0a03b47158061e0d90b3652e8aa5846
jammy-to-noble	2026-08-31T12:39:58Z	GET	http://ap-northeast-2.ec2.archive.ubuntu.com/ubuntu/pool/main/p/python-pam/python3-pam_0.4.2-18build2_amd64.deb	http://ap-northeast-2.ec2.archive.ubuntu.com/ubuntu/pool/main/p/python-pam/python3-pam_0.4.2-18build2_amd64.deb	200	11652	ef81ce22dd2b2a97b996e1084daa9e73b31efef845151b4954a42a526c434570	/home/aella/aws-discovery-jammy-noble-retry-20260831/upgrade-discovery/jammy-to-noble/runtime/deb-cache/d7/51/d75144f109f0a12a5a12b0e2366d4995856e1f87c2d73f50c87bfce9a98e24bb
jammy-to-noble	2026-08-31T12:39:58Z	GET	http://ap-northeast-2.ec2.archive.ubuntu.com/ubuntu/pool/main/n/newt/libnewt0.52_0.52.24-2ubuntu2_amd64.deb	http://ap-northeast-2.ec2.archive.ubuntu.com/ubuntu/pool/main/n/newt/libnewt0.52_0.52.24-2ubuntu2_amd64.deb	200	46774	1b55b7bb5a89bab48a643e0eae1e7468d21826d654eb32b393d20c97868087f7	/home/aella/aws-discovery-jammy-noble-retry-20260831/upgrade-discovery/jammy-to-noble/runtime/deb-cache/b4/96/b4966a1ff4d144c9b69b03eb929c784660d53923b0f27643064b227977377921
jammy-to-noble	2026-08-31T12:39:58Z	GET	http://ap-northeast-2.ec2.archive.ubuntu.com/ubuntu/pool/main/n/newt/python3-newt_0.52.24-2ubuntu2_amd64.deb	http://ap-northeast-2.ec2.archive.ubuntu.com/ubuntu/pool/main/n/newt/python3-newt_0.52.24-2ubuntu2_amd64.deb	200	20918	4ac100dc9460cb57754a791f00652d291f23b280ab648e27f6705c4d423098b8	/home/aella/aws-discovery-jammy-noble-retry-20260831/upgrade-discovery/jammy-to-noble/runtime/deb-cache/6c/4e/6c4efeaf6a398db0dda28d4ecb28a11a4a593d4250dfddcc0ce40d496c3d5e69
jammy-to-noble	2026-08-31T12:39:59Z	GET	http://ap-northeast-2.ec2.archive.ubuntu.com/ubuntu/pool/main/n/netifaces/python3-netifaces_0.11.0-2build3_amd64.deb	http://ap-northeast-2.ec2.archive.ubuntu.com/ubuntu/pool/main/n/netifaces/python3-netifaces_0.11.0-2build3_amd64.deb	200	18050	c2c1276f2578454d99013e059ccb72043cc5022850ca4d1d0d46d0b6e38c925f	/home/aella/aws-discovery-jammy-noble-retry-20260831/upgrade-discovery/jammy-to-noble/runtime/deb-cache/b4/35/b4350e8bfd637a4826b3634589329686e75ef7a3b75a4a4af79ac8e135dc890f
jammy-to-noble	2026-08-31T12:39:59Z	GET	http://ap-northeast-2.ec2.archive.ubuntu.com/ubuntu/pool/main/m/markupsafe/python3-markupsafe_2.1.5-1build2_amd64.deb	http://ap-northeast-2.ec2.archive.ubuntu.com/ubuntu/pool/main/m/markupsafe/python3-markupsafe_2.1.5-1build2_amd64.deb	200	12666	5fd479735e81694be2881d4bd77b0b72e83adb1cb9fbfb1895274ac70ab230f4	/home/aella/aws-discovery-jammy-noble-retry-20260831/upgrade-discovery/jammy-to-noble/runtime/deb-cache/fc/1b/fc1b6145e36d1d16c7ceb411ffb2074b0cc5aea10f0db73a58f7e2a8b5a03c8f
jammy-to-noble	2026-08-31T12:39:59Z	GET	http://ap-northeast-2.ec2.archive.ubuntu.com/ubuntu/pool/universe/p/pykerberos/python3-kerberos_1.1.14-3.1build9_amd64.deb	http://ap-northeast-2.ec2.archive.ubuntu.com/ubuntu/pool/universe/p/pykerberos/python3-kerberos_1.1.14-3.1build9_amd64.deb	200	21182	b7e7b65be435f5de709f3a95bd589ede9dd32e29de35508491b0cde725d6d366	/home/aella/aws-discovery-jammy-noble-retry-20260831/upgrade-discovery/jammy-to-noble/runtime/deb-cache/c1/cb/c1cbd13fdc53b003ea17cbaa795470e52a6ce4d9528285f349f59f82a7fa8cfa
jammy-to-noble	2026-08-31T12:39:59Z	GET	http://ap-northeast-2.ec2.archive.ubuntu.com/ubuntu/pool/main/d/dbus-python/python3-dbus_1.3.2-5build3_amd64.deb	http://ap-northeast-2.ec2.archive.ubuntu.com/ubuntu/pool/main/d/dbus-python/python3-dbus_1.3.2-5build3_amd64.deb	200	100066	45c94c9c4eda925a285dff3c1da01bd93b1467c8a83b10d764398ea8a8306419	/home/aella/aws-discovery-jammy-noble-retry-20260831/upgrade-discovery/jammy-to-noble/runtime/deb-cache/be/96/be96cfa124a0531b09df2c3e5794d99d5f46684ed1693f25e5c2291262e94c65
jammy-to-noble	2026-08-31T12:39:59Z	GET	http://ap-northeast-2.ec2.archive.ubuntu.com/ubuntu/pool/main/p/python-cffi/python3-cffi-backend_1.16.0-2build1_amd64.deb	http://ap-northeast-2.ec2.archive.ubuntu.com/ubuntu/pool/main/p/python-cffi/python3-cffi-backend_1.16.0-2build1_amd64.deb	200	77292	a49f5e49b15146f6b2217cb3b6e6d62c503b02a7b271295e6d569d483ccdf687	/home/aella/aws-discovery-jammy-noble-retry-20260831/upgrade-discovery/jammy-to-noble/runtime/deb-cache/2d/de/2ddef2efb7595149615601db258da3c60c7408130d64423a4ae0ff4c75dba331
jammy-to-noble	2026-08-31T12:39:59Z	GET	http://ap-northeast-2.ec2.archive.ubuntu.com/ubuntu/pool/main/g/gcc-14/gcc-14-base_14.2.0-4ubuntu2%7e24.04.1_amd64.deb	http://ap-northeast-2.ec2.archive.ubuntu.com/ubuntu/pool/main/g/gcc-14/gcc-14-base_14.2.0-4ubuntu2%7e24.04.1_amd64.deb	200	51014	b95c172411a7fdae70307cf33a9f5320ba5e056b556454543dd5b679d5ce1c4f	/home/aella/aws-discovery-jammy-noble-retry-20260831/upgrade-discovery/jammy-to-noble/runtime/deb-cache/33/76/3376767be4fde73aa5ba4284738a6a45e9df30a4c3d033b0204020593d0ef1b7
jammy-to-noble	2026-08-31T12:39:59Z	GET	http://ap-northeast-2.ec2.archive.ubuntu.com/ubuntu/pool/main/g/gcc-14/libstdc%2b%2b6_14.2.0-4ubuntu2%7e24.04.1_amd64.deb	http://ap-northeast-2.ec2.archive.ubuntu.com/ubuntu/pool/main/g/gcc-14/libstdc%2b%2b6_14.2.0-4ubuntu2%7e24.04.1_amd64.deb	200	792064	a51f8de7829211db961a31f02158058ad1a95f92ac6d0a5dff6350e2821c54c0	/home/aella/aws-discovery-jammy-noble-retry-20260831/upgrade-discovery/jammy-to-noble/runtime/deb-cache/b9/1d/b91df2301e78f9e858859947cc07f8f23f18a83b01f147abd72a4bc570b16c86
jammy-to-noble	2026-08-31T12:39:59Z	GET	http://ap-northeast-2.ec2.archive.ubuntu.com/ubuntu/pool/main/b/base-passwd/base-passwd_3.6.3build1_amd64.deb	http://ap-northeast-2.ec2.archive.ubuntu.com/ubuntu/pool/main/b/base-passwd/base-passwd_3.6.3build1_amd64.deb	200	51060	8514590aa2d82aa32d6beb32525f1e4577949f625eee1990b4b7b71b5ef26679	/home/aella/aws-discovery-jammy-noble-retry-20260831/upgrade-discovery/jammy-to-noble/runtime/deb-cache/6f/5e/6f5e1664276770132b1f76a2378e2b9fcfe76c9ca56ef85c3e917a6a171aaee0
jammy-to-noble	2026-08-31T12:39:59Z	GET	http://ap-northeast-2.ec2.archive.ubuntu.com/ubuntu/pool/main/a/apt/apt-utils_2.8.3_amd64.deb	http://ap-northeast-2.ec2.archive.ubuntu.com/ubuntu/pool/main/a/apt/apt-utils_2.8.3_amd64.deb	200	215990	2284b5d72e67d528a4fc19400519ab8584ca00f8f394b0e4ec13f7340459049d	/home/aella/aws-discovery-jammy-noble-retry-20260831/upgrade-discovery/jammy-to-noble/runtime/deb-cache/92/85/92856351468bc3408746dd5ac4aa310a1bb3d76e408acfde05523921c7b80598
jammy-to-noble	2026-08-31T12:39:59Z	GET	http://ap-northeast-2.ec2.archive.ubuntu.com/ubuntu/pool/main/a/apt/libapt-pkg6.0t64_2.8.3_amd64.deb	http://ap-northeast-2.ec2.archive.ubuntu.com/ubuntu/pool/main/a/apt/libapt-pkg6.0t64_2.8.3_amd64.deb	200	984704	500579fafa3c5ab8ba2002b7cd76690532ea76efe1b2f250569104c615b7042b	/home/aella/aws-discovery-jammy-noble-retry-20260831/upgrade-discovery/jammy-to-noble/runtime/deb-cache/7a/c1/7ac1db8689bce59d679b12dfe620f36c3b733b642f2b21618701ba097ab7bade
jammy-to-noble	2026-08-31T12:39:59Z	GET	http://ap-northeast-2.ec2.archive.ubuntu.com/ubuntu/pool/main/a/apt/apt_2.8.3_amd64.deb	http://ap-northeast-2.ec2.archive.ubuntu.com/ubuntu/pool/main/a/apt/apt_2.8.3_amd64.deb	200	1375526	c9ace99efc7726fe0035f921a9acf262a9723bbf35b861aab4f9075a0be67442	/home/aella/aws-discovery-jammy-noble-retry-20260831/upgrade-discovery/jammy-to-noble/runtime/deb-cache/db/dd/dbdd24e49d2ee5e175c1858feabc72319c047afbe794e41fb3d0aed2ad51646b
jammy-to-noble	2026-08-31T12:39:59Z	GET	http://ap-northeast-2.ec2.archive.ubuntu.com/ubuntu/pool/main/u/ubuntu-advantage-tools/ubuntu-pro-client-l10n_37.2ubuntu%7e24.04.1_amd64.deb	http://ap-northeast-2.ec2.archive.ubuntu.com/ubuntu/pool/main/u/ubuntu-advantage-tools/ubuntu-pro-client-l10n_37.2ubuntu%7e24.04.1_amd64.deb	200	19822	144e2d65f02fab1116b1dc7173ff6e181e03a020930bf3f7633139f55b5bc905	/home/aella/aws-discovery-jammy-noble-retry-20260831/upgrade-discovery/jammy-to-noble/runtime/deb-cache/e3/b3/e3b3e97bd7eb863031e8284688f97e0db875126118af5fe05f69480d5ffd9e32
jammy-to-noble	2026-08-31T12:39:59Z	GET	http://ap-northeast-2.ec2.archive.ubuntu.com/ubuntu/pool/main/u/ubuntu-advantage-tools/ubuntu-pro-client_37.2ubuntu%7e24.04.1_amd64.deb	http://ap-northeast-2.ec2.archive.ubuntu.com/ubuntu/pool/main/u/ubuntu-advantage-tools/ubuntu-pro-client_37.2ubuntu%7e24.04.1_amd64.deb	200	259672	c148f08254e2a961d473fb742660afd4041fc5a6e8907509640e0aaa20f11f75	/home/aella/aws-discovery-jammy-noble-retry-20260831/upgrade-discovery/jammy-to-noble/runtime/deb-cache/f8/e9/f8e9d188a6427fcc52b998c6dd4302ac2d6a8386428fa08ab48ef267fd3fbdd5
jammy-to-noble	2026-08-31T12:39:59Z	GET	http://ap-northeast-2.ec2.archive.ubuntu.com/ubuntu/pool/main/a/appstream/libappstream5_1.0.2-1build6_amd64.deb	http://ap-northeast-2.ec2.archive.ubuntu.com/ubuntu/pool/main/a/appstream/libappstream5_1.0.2-1build6_amd64.deb	200	238266	2c5d097a0ec6e918f986028844fc840d773bcf84a5a685a901f438dd48dcfe17	/home/aella/aws-discovery-jammy-noble-retry-20260831/upgrade-discovery/jammy-to-noble/runtime/deb-cache/2a/a6/2aa6d058b3c7c173d9bff4a668d69b03d94d1d89f0e1ca799bb81c40da9ba551
jammy-to-noble	2026-08-31T12:39:59Z	GET	http://ap-northeast-2.ec2.archive.ubuntu.com/ubuntu/pool/main/p/packagekit/packagekit-tools_1.2.8-2ubuntu1.5_amd64.deb	http://ap-northeast-2.ec2.archive.ubuntu.com/ubuntu/pool/main/p/packagekit/packagekit-tools_1.2.8-2ubuntu1.5_amd64.deb	200	28248	c3dd52e2f363cf0214ed5e1a2f24ac277ed337a16aae2c258b7838f2d7ae47dd	/home/aella/aws-discovery-jammy-noble-retry-20260831/upgrade-discovery/jammy-to-noble/runtime/deb-cache/2a/32/2a32516ef343f448ef9cb192606444a0be7793c16e8286d9139001b8cef59018
jammy-to-noble	2026-08-31T12:39:59Z	GET	http://ap-northeast-2.ec2.archive.ubuntu.com/ubuntu/pool/main/p/packagekit/packagekit_1.2.8-2ubuntu1.5_amd64.deb	http://ap-northeast-2.ec2.archive.ubuntu.com/ubuntu/pool/main/p/packagekit/packagekit_1.2.8-2ubuntu1.5_amd64.deb	200	433842	7731a59a7c9acbd0e32d957184ffd3bfc0034a68ba6309f22b7d177ca14067a7	/home/aella/aws-discovery-jammy-noble-retry-20260831/upgrade-discovery/jammy-to-noble/runtime/deb-cache/2c/ef/2cefc94cad91c4f6622f19ee5718e6a5dbe9f12a2d46dde47a7d731ecf542bab
jammy-to-noble	2026-08-31T12:39:59Z	GET	http://ap-northeast-2.ec2.archive.ubuntu.com/ubuntu/pool/main/p/python-apt/python3-apt_2.7.7ubuntu5.2_amd64.deb	http://ap-northeast-2.ec2.archive.ubuntu.com/ubuntu/pool/main/p/python-apt/python3-apt_2.7.7ubuntu5.2_amd64.deb	200	169242	2fc6f415b6dd0b61cda90cdf4cbfc5c386a0ccfdce40cc207ef44749822961be	/home/aella/aws-discovery-jammy-noble-retry-20260831/upgrade-discovery/jammy-to-noble/runtime/deb-cache/e4/bb/e4bb16fc14f233b7ef28d09de9faf257fbbed3732c6e99ab79c3d6f9eb3dcc74
jammy-to-noble	2026-08-31T12:40:00Z	GET	http://ap-northeast-2.ec2.archive.ubuntu.com/ubuntu/pool/universe/p/python3-stdlib-extensions/python3-lib2to3_3.12.3-0ubuntu1_all.deb	http://ap-northeast-2.ec2.archive.ubuntu.com/ubuntu/pool/universe/p/python3-stdlib-extensions/python3-lib2to3_3.12.3-0ubuntu1_all.deb	200	78008	06cbae734284b04d2fc0d114e6955123bac8b69577dd23b4a8553bfe7e43cf31	/home/aella/aws-discovery-jammy-noble-retry-20260831/upgrade-discovery/jammy-to-noble/runtime/deb-cache/17/c1/17c189ef66d2bdad42e7202f6e1d27e4f568fbb79e28a49a09a08357e85f84a6
jammy-to-noble	2026-08-31T12:40:00Z	GET	http://ap-northeast-2.ec2.archive.ubuntu.com/ubuntu/pool/main/p/python3-defaults/python3_3.12.3-0ubuntu2.1_amd64.deb	http://ap-northeast-2.ec2.archive.ubuntu.com/ubuntu/pool/main/p/python3-defaults/python3_3.12.3-0ubuntu2.1_amd64.deb	200	23004	e691b9cc40841c41bbdc50bd794c876cb1b1801306ea27b06e9a1458180df1e9	/home/aella/aws-discovery-jammy-noble-retry-20260831/upgrade-discovery/jammy-to-noble/runtime/deb-cache/0d/a2/0da2cad38d13a7f57ec60dfd4c4f96666b7e741919055900c37ae0c10edde24e
jammy-to-noble	2026-08-31T12:40:00Z	GET	http://ap-northeast-2.ec2.archive.ubuntu.com/ubuntu/pool/main/g/gobject-introspection/libgirepository-1.0-1_1.80.1-1_amd64.deb	http://ap-northeast-2.ec2.archive.ubuntu.com/ubuntu/pool/main/g/gobject-introspection/libgirepository-1.0-1_1.80.1-1_amd64.deb	200	81920	67ab4f3dc402229519f36f63b24a987a123a611e21cbef71ed4a110ed339e547	/home/aella/aws-discovery-jammy-noble-retry-20260831/upgrade-discovery/jammy-to-noble/runtime/deb-cache/a5/8f/a58f8eb7c460228b28ee06bc129bb7ba3b3661d840a5b307347ba58c48115c55
jammy-to-noble	2026-08-31T12:40:00Z	GET	http://ap-northeast-2.ec2.archive.ubuntu.com/ubuntu/pool/main/p/pygobject/python3-gi_3.48.2-1_amd64.deb	http://ap-northeast-2.ec2.archive.ubuntu.com/ubuntu/pool/main/p/pygobject/python3-gi_3.48.2-1_amd64.deb	200	232016	2a69ad9d8ab3b5801725480986b9abbf83bd4a06c38450fe143f6689d19d4bd8	/home/aella/aws-discovery-jammy-noble-retry-20260831/upgrade-discovery/jammy-to-noble/runtime/deb-cache/22/54/22541f1bf4d7a1b32a531f08ab8b210a1d5a29de272517184d052beac9016f65
jammy-to-noble	2026-08-31T12:40:00Z	GET	http://ap-northeast-2.ec2.archive.ubuntu.com/ubuntu/pool/main/v/volume-key/libvolume-key1_0.3.12-7build2_amd64.deb	http://ap-northeast-2.ec2.archive.ubuntu.com/ubuntu/pool/main/v/volume-key/libvolume-key1_0.3.12-7build2_amd64.deb	200	39776	24a129989abc229bfb5fdaeac9a14b5d78163e18aa33f4ff174e2c5771a1da44	/home/aella/aws-discovery-jammy-noble-retry-20260831/upgrade-discovery/jammy-to-noble/runtime/deb-cache/b7/1a/b71a8613faf311b3f81672a7a950741a7b45448c166fb70ff0a7e84b67530625
jammy-to-noble	2026-08-31T12:40:00Z	GET	http://ap-northeast-2.ec2.archive.ubuntu.com/ubuntu/pool/main/g/gpgme1.0/libgpgme11t64_1.18.0-4.1ubuntu4_amd64.deb	http://ap-northeast-2.ec2.archive.ubuntu.com/ubuntu/pool/main/g/gpgme1.0/libgpgme11t64_1.18.0-4.1ubuntu4_amd64.deb	200	135618	b3640068e8af3becf16faec886ff139880736ed23a7fc605c1f0cece405a5606	/home/aella/aws-discovery-jammy-noble-retry-20260831/upgrade-discovery/jammy-to-noble/runtime/deb-cache/4b/f8/4bf8a7f6d1740b533ddc0f8df36aae4c9e480c44c4c82fc3aea67e34911e114e
jammy-to-noble	2026-08-31T12:40:00Z	GET	http://ap-northeast-2.ec2.archive.ubuntu.com/ubuntu/pool/main/libj/libjcat/libjcat1_0.2.3-1%7eubuntu0.24.04.1_amd64.deb	http://ap-northeast-2.ec2.archive.ubuntu.com/ubuntu/pool/main/libj/libjcat/libjcat1_0.2.3-1%7eubuntu0.24.04.1_amd64.deb	200	34336	bca7e13f6ab9ff3a363a0362350689530f74dd0b65e9adc468d163eff30240f2	/home/aella/aws-discovery-jammy-noble-retry-20260831/upgrade-discovery/jammy-to-noble/runtime/deb-cache/02/a8/02a85be55f8b3b619d7d6d5a261971b50e1fa713ccd7843c364c79f3b7ff3907
jammy-to-noble	2026-08-31T12:40:00Z	GET	http://ap-northeast-2.ec2.archive.ubuntu.com/ubuntu/pool/main/n/netplan.io/libnetplan1_1.1.2-8ubuntu1%7e24.04.2_amd64.deb	http://ap-northeast-2.ec2.archive.ubuntu.com/ubuntu/pool/main/n/netplan.io/libnetplan1_1.1.2-8ubuntu1%7e24.04.2_amd64.deb	200	132984	e5119f6231de7da9fe1ae535fa0f6dabdd57ec1061a72b6c48afa4ba55b7c1ac	/home/aella/aws-discovery-jammy-noble-retry-20260831/upgrade-discovery/jammy-to-noble/runtime/deb-cache/a9/c0/a9c035346df10b7cd3f6197f1b215f5d9b9a1f231d718d99eb53d3d1006209b9
jammy-to-noble	2026-08-31T12:40:00Z	GET	http://ap-northeast-2.ec2.archive.ubuntu.com/ubuntu/pool/main/n/netplan.io/python3-netplan_1.1.2-8ubuntu1%7e24.04.2_amd64.deb	http://ap-northeast-2.ec2.archive.ubuntu.com/ubuntu/pool/main/n/netplan.io/python3-netplan_1.1.2-8ubuntu1%7e24.04.2_amd64.deb	200	24252	b3d0f909f79248d38963020444638d412a9881fec82f8c6f2dbf01f7ebc5b916	/home/aella/aws-discovery-jammy-noble-retry-20260831/upgrade-discovery/jammy-to-noble/runtime/deb-cache/46/89/4689fb79a011bcdaf1c198bb2db55e900113bcb57bb00b54bc0d533dd65757d2
jammy-to-noble	2026-08-31T12:40:00Z	GET	http://ap-northeast-2.ec2.archive.ubuntu.com/ubuntu/pool/main/n/netplan.io/netplan-generator_1.1.2-8ubuntu1%7e24.04.2_amd64.deb	http://ap-northeast-2.ec2.archive.ubuntu.com/ubuntu/pool/main/n/netplan.io/netplan-generator_1.1.2-8ubuntu1%7e24.04.2_amd64.deb	200	61166	6b56882355e83b423aba003ec4aaed8e3fd758231b785cfffdfacdad0c0b8865	/home/aella/aws-discovery-jammy-noble-retry-20260831/upgrade-discovery/jammy-to-noble/runtime/deb-cache/f4/f8/f4f8cc99bf3e7cc841a4b1dbcb73c739fe3bf170bb4adb6fb30faf0e872b5bef
jammy-to-noble	2026-08-31T12:40:00Z	GET	http://ap-northeast-2.ec2.archive.ubuntu.com/ubuntu/pool/main/n/netplan.io/netplan.io_1.1.2-8ubuntu1%7e24.04.2_amd64.deb	http://ap-northeast-2.ec2.archive.ubuntu.com/ubuntu/pool/main/n/netplan.io/netplan.io_1.1.2-8ubuntu1%7e24.04.2_amd64.deb	200	69754	93d5c8ce8ac8f0f60cbbbb06425c19f5069e4194e13930e981b5416f01212a30	/home/aella/aws-discovery-jammy-noble-retry-20260831/upgrade-discovery/jammy-to-noble/runtime/deb-cache/a8/6a/a86a1ce9e9cfebae331af56e69ecf25d66611685609db6af00fc8709cf9da02a
jammy-to-noble	2026-08-31T12:40:00Z	GET	http://ap-northeast-2.ec2.archive.ubuntu.com/ubuntu/pool/main/libm/libmbim/libmbim-proxy_1.31.2-0ubuntu3.1_amd64.deb	http://ap-northeast-2.ec2.archive.ubuntu.com/ubuntu/pool/main/libm/libmbim/libmbim-proxy_1.31.2-0ubuntu3.1_amd64.deb	200	6172	dbffa54e6a8d5c52f7a3db629a9f91ef8558bb552a8e146d060e2f6f6af7c3c5	/home/aella/aws-discovery-jammy-noble-retry-20260831/upgrade-discovery/jammy-to-noble/runtime/deb-cache/03/f6/03f6724e64f4e2b995b8c194272ed733c760e38de08f0d9ad355b4073ae55eae
jammy-to-noble	2026-08-31T12:40:00Z	GET	http://ap-northeast-2.ec2.archive.ubuntu.com/ubuntu/pool/main/libm/libmbim/libmbim-glib4_1.31.2-0ubuntu3.1_amd64.deb	http://ap-northeast-2.ec2.archive.ubuntu.com/ubuntu/pool/main/libm/libmbim/libmbim-glib4_1.31.2-0ubuntu3.1_amd64.deb	200	232572	69bf470c669ac3db729049a101c7bb7d2d1d7043d81953147f83498be5a64e05	/home/aella/aws-discovery-jammy-noble-retry-20260831/upgrade-discovery/jammy-to-noble/runtime/deb-cache/49/9f/499f15df5b936fd5b9607d60ac572cfc9a270d76426914539fb0c29ab33c7d32
jammy-to-noble	2026-08-31T12:40:01Z	GET	http://ap-northeast-2.ec2.archive.ubuntu.com/ubuntu/pool/main/m/modemmanager/libmm-glib0_1.23.4-0ubuntu2_amd64.deb	http://ap-northeast-2.ec2.archive.ubuntu.com/ubuntu/pool/main/m/modemmanager/libmm-glib0_1.23.4-0ubuntu2_amd64.deb	200	250526	c3bede995650bfb42b70210d411808e5b36625e68b003d07141c5c662cd4447b	/home/aella/aws-discovery-jammy-noble-retry-20260831/upgrade-discovery/jammy-to-noble/runtime/deb-cache/76/37/76377aa1bb33a425ab117d0c1b453b8dc42e767c2b47e96aa020db0c2d5ec9ca
jammy-to-noble	2026-08-31T12:40:02Z	GET	http://ap-northeast-2.ec2.archive.ubuntu.com/ubuntu/pool/main/libq/libqrtr-glib/libqrtr-glib0_1.2.2-1ubuntu4_amd64.deb	http://ap-northeast-2.ec2.archive.ubuntu.com/ubuntu/pool/main/libq/libqrtr-glib/libqrtr-glib0_1.2.2-1ubuntu4_amd64.deb	200	17520	2703f61c2ead3985f13c6500d17efdf1bf4ec750d18dd191f777760b0677082a	/home/aella/aws-discovery-jammy-noble-retry-20260831/upgrade-discovery/jammy-to-noble/runtime/deb-cache/1c/8d/1c8d493b3941105dc871b21de6b9e45da6426a0ee409efee5881e33e59cd3068
jammy-to-noble	2026-08-31T12:40:03Z	GET	http://ap-northeast-2.ec2.archive.ubuntu.com/ubuntu/pool/main/libq/libqmi/libqmi-proxy_1.35.2-0ubuntu2_amd64.deb	http://ap-northeast-2.ec2.archive.ubuntu.com/ubuntu/pool/main/libq/libqmi/libqmi-proxy_1.35.2-0ubuntu2_amd64.deb	200	6158	b7dfb8fdffa99d2d5082357d67ba17ee2fd448686de12dc3cbf63c8a33e72020	/home/aella/aws-discovery-jammy-noble-retry-20260831/upgrade-discovery/jammy-to-noble/runtime/deb-cache/8e/ce/8ece300a3575aade934fd121ddf70528841c8d86eacc31a444d5e53f0a1d3470
jammy-to-noble	2026-08-31T12:40:05Z	GET	http://ap-northeast-2.ec2.archive.ubuntu.com/ubuntu/pool/main/libq/libqmi/libqmi-glib5_1.35.2-0ubuntu2_amd64.deb	http://ap-northeast-2.ec2.archive.ubuntu.com/ubuntu/pool/main/libq/libqmi/libqmi-glib5_1.35.2-0ubuntu2_amd64.deb	200	884470	9c0ab7369c09d07ce7a2e5e9785f2f88ecfd5451acd6f49819dbc89d63a7305c	/home/aella/aws-discovery-jammy-noble-retry-20260831/upgrade-discovery/jammy-to-noble/runtime/deb-cache/08/e4/08e4b58827dc0bb508b00f56bb5a78db1686fe73082794b3abaa092a6c2072d8
jammy-to-noble	2026-08-31T12:40:07Z	GET	http://ap-northeast-2.ec2.archive.ubuntu.com/ubuntu/pool/main/m/modemmanager/modemmanager_1.23.4-0ubuntu2_amd64.deb	http://ap-northeast-2.ec2.archive.ubuntu.com/ubuntu/pool/main/m/modemmanager/modemmanager_1.23.4-0ubuntu2_amd64.deb	200	1064584	8eae478e9591cdb72408973925ffc4ffa1049af78efbb405e5dafc48103c326d	/home/aella/aws-discovery-jammy-noble-retry-20260831/upgrade-discovery/jammy-to-noble/runtime/deb-cache/80/3e/803eef4aa83330c02dd2d82a7b5ee14d8711ce9bd2a6321b686cd94a8179b950
jammy-to-noble	2026-08-31T12:40:07Z	GET	http://ap-northeast-2.ec2.archive.ubuntu.com/ubuntu/pool/main/libx/libxmlb/libxmlb2_0.3.24-1%7eubuntu0.24.04.1_amd64.deb	http://ap-northeast-2.ec2.archive.ubuntu.com/ubuntu/pool/main/libx/libxmlb/libxmlb2_0.3.24-1%7eubuntu0.24.04.1_amd64.deb	200	67596	69916d794b0aad84ae3d4a7d08caa06e595bcd99c80af32c9b3eaa2eba342d4c	/home/aella/aws-discovery-jammy-noble-retry-20260831/upgrade-discovery/jammy-to-noble/runtime/deb-cache/cb/03/cb032c32d6d0cf48d26d4751c57b939e4cdd85b463625eb8330cdc9110573f9f
jammy-to-noble	2026-08-31T12:40:07Z	GET	http://ap-northeast-2.ec2.archive.ubuntu.com/ubuntu/pool/main/p/packagekit/libpackagekit-glib2-18_1.2.8-2ubuntu1.5_amd64.deb	http://ap-northeast-2.ec2.archive.ubuntu.com/ubuntu/pool/main/p/packagekit/libpackagekit-glib2-18_1.2.8-2ubuntu1.5_amd64.deb	200	120462	1547df2ca59565e255616c8ffa9ca4088a48584103f92bbe56e1f3da984f902f	/home/aella/aws-discovery-jammy-noble-retry-20260831/upgrade-discovery/jammy-to-noble/runtime/deb-cache/f2/77/f277783a790a4a8ce549f7172e7960a205fc00870054d4878ef4d57c9aff234a
jammy-to-noble	2026-08-31T12:40:07Z	GET	http://ap-northeast-2.ec2.archive.ubuntu.com/ubuntu/pool/main/j/json-glib/libjson-glib-1.0-common_1.8.0-2build2_all.deb	http://ap-northeast-2.ec2.archive.ubuntu.com/ubuntu/pool/main/j/json-glib/libjson-glib-1.0-common_1.8.0-2build2_all.deb	200	4244	04cd91689ac4903e260304627c0ae379f9df1c16061eed73e0cf9c91af5569ac	/home/aella/aws-discovery-jammy-noble-retry-20260831/upgrade-discovery/jammy-to-noble/runtime/deb-cache/c3/92/c3924b0095898657b4ae3f9fd8e773156a273dc9b67bccc7bb13a3dc3a30965e
jammy-to-noble	2026-08-31T12:40:08Z	GET	http://ap-northeast-2.ec2.archive.ubuntu.com/ubuntu/pool/main/j/json-glib/libjson-glib-1.0-0_1.8.0-2build2_amd64.deb	http://ap-northeast-2.ec2.archive.ubuntu.com/ubuntu/pool/main/j/json-glib/libjson-glib-1.0-0_1.8.0-2build2_amd64.deb	200	68034	4310fbbd91785adf38d3e0f0d6a94527430c077af8773eb83ec02a1fcbcba089	/home/aella/aws-discovery-jammy-noble-retry-20260831/upgrade-discovery/jammy-to-noble/runtime/deb-cache/26/ec/26ece0fd62a68009a199eee713a70b1dfafe6f3930cdfa63b643c507b06e887c
jammy-to-noble	2026-08-31T12:40:08Z	GET	http://ap-northeast-2.ec2.archive.ubuntu.com/ubuntu/pool/main/e/elfutils/libdw1t64_0.190-1.1ubuntu0.1_amd64.deb	http://ap-northeast-2.ec2.archive.ubuntu.com/ubuntu/pool/main/e/elfutils/libdw1t64_0.190-1.1ubuntu0.1_amd64.deb	200	261194	edaa9ce4221d95f4bd72a9805100902e313092a2f31a7a51e7186be97734714d	/home/aella/aws-discovery-jammy-noble-retry-20260831/upgrade-discovery/jammy-to-noble/runtime/deb-cache/4f/71/4f71fdf788e1d7efddcb28d32fdb057691a0aae8255f6eca510c968de5db3709
jammy-to-noble	2026-08-31T12:40:08Z	GET	http://ap-northeast-2.ec2.archive.ubuntu.com/ubuntu/pool/main/e/elfutils/libelf1t64_0.190-1.1ubuntu0.1_amd64.deb	http://ap-northeast-2.ec2.archive.ubuntu.com/ubuntu/pool/main/e/elfutils/libelf1t64_0.190-1.1ubuntu0.1_amd64.deb	200	57810	b4aee123a37472d213647594b4f7d4a0d13615b0ca2a6fd33926b768d6b232c2	/home/aella/aws-discovery-jammy-noble-retry-20260831/upgrade-discovery/jammy-to-noble/runtime/deb-cache/8f/02/8f02b4af684c9aa44e54ed21d263a94b43251bdd168339253d7b193ca553560a
jammy-to-noble	2026-08-31T12:40:08Z	GET	http://ap-northeast-2.ec2.archive.ubuntu.com/ubuntu/pool/main/g/glib2.0/libglib2.0-bin_2.80.0-6ubuntu3.8_amd64.deb	http://ap-northeast-2.ec2.archive.ubuntu.com/ubuntu/pool/main/g/glib2.0/libglib2.0-bin_2.80.0-6ubuntu3.8_amd64.deb	200	97930	05af2919d2b758680d84e09186860da288b333f64e2f0d7fe1189c4506958ac9	/home/aella/aws-discovery-jammy-noble-retry-20260831/upgrade-discovery/jammy-to-noble/runtime/deb-cache/f6/a7/f6a7541a86999ed48a876765757b53acf213f6fc9de90c0db4939bcbbe331d25
jammy-to-noble	2026-08-31T12:40:08Z	GET	http://ap-northeast-2.ec2.archive.ubuntu.com/ubuntu/pool/main/libg/libgusb/libgusb2_0.4.8-1build2_amd64.deb	http://ap-northeast-2.ec2.archive.ubuntu.com/ubuntu/pool/main/libg/libgusb/libgusb2_0.4.8-1build2_amd64.deb	200	38502	302583a31051cdaec8fcbceee32eba185cd27c72d92025cbaafbf485951e5d67	/home/aella/aws-discovery-jammy-noble-retry-20260831/upgrade-discovery/jammy-to-noble/runtime/deb-cache/18/4d/184d831d21490a0daada1e99684c198d732c0bf5db8791e08b9bc1bca75631fc
jammy-to-noble	2026-08-31T12:40:08Z	GET	http://ap-northeast-2.ec2.archive.ubuntu.com/ubuntu/pool/main/libg/libgudev/libgudev-1.0-0_238-5ubuntu1_amd64.deb	http://ap-northeast-2.ec2.archive.ubuntu.com/ubuntu/pool/main/libg/libgudev/libgudev-1.0-0_238-5ubuntu1_amd64.deb	200	15906	8bdd42c584a8d18759df2311b126dc679d438e9780038743b792cf5315f248dc	/home/aella/aws-discovery-jammy-noble-retry-20260831/upgrade-discovery/jammy-to-noble/runtime/deb-cache/48/d9/48d9c1c5cbba6059c11a0b9f0918e278ce038726a4ed0328700b48dd5e6ee78d
jammy-to-noble	2026-08-31T12:40:08Z	GET	http://ap-northeast-2.ec2.archive.ubuntu.com/ubuntu/pool/main/g/gstreamer1.0/libgstreamer1.0-0_1.24.2-1ubuntu0.1_amd64.deb	http://ap-northeast-2.ec2.archive.ubuntu.com/ubuntu/pool/main/g/gstreamer1.0/libgstreamer1.0-0_1.24.2-1ubuntu0.1_amd64.deb	200	1165196	306a6a5cff08630b79b8a68e5f888da7d8e209a452e9b5e24449cca95d8e71f5	/home/aella/aws-discovery-jammy-noble-retry-20260831/upgrade-discovery/jammy-to-noble/runtime/deb-cache/25/65/2565ebcbfb6fbb7d5dda09d2ebe24d28c67257a74993c0459774fba380a6d263
jammy-to-noble	2026-08-31T12:40:09Z	GET	http://ap-northeast-2.ec2.archive.ubuntu.com/ubuntu/pool/universe/g/gcab/libgcab-1.0-0_1.6-1build2_amd64.deb	http://ap-northeast-2.ec2.archive.ubuntu.com/ubuntu/pool/universe/g/gcab/libgcab-1.0-0_1.6-1build2_amd64.deb	200	28026	b2ad7b79882a6c15192b88b039eac9ee29c94cd24197baa1caa8acb1169008fa	/home/aella/aws-discovery-jammy-noble-retry-20260831/upgrade-discovery/jammy-to-noble/runtime/deb-cache/1d/33/1d33852dd6b804fcd29270917833d13dfb203050835363ce67e7a09097668ade
jammy-to-noble	2026-08-31T12:40:09Z	GET	http://ap-northeast-2.ec2.archive.ubuntu.com/ubuntu/pool/main/d/dconf/dconf-service_0.40.0-4ubuntu0.1_amd64.deb	http://ap-northeast-2.ec2.archive.ubuntu.com/ubuntu/pool/main/d/dconf/dconf-service_0.40.0-4ubuntu0.1_amd64.deb	200	27576	49bf5473474228d48373da639bbe3e77157b03d4467bfa2deb56168c2c03cd81	/home/aella/aws-discovery-jammy-noble-retry-20260831/upgrade-discovery/jammy-to-noble/runtime/deb-cache/cc/ba/ccba348849e0dade00adaa389eb4399e2b1c64250f6e02dbeff617463a82b4df
jammy-to-noble	2026-08-31T12:40:09Z	GET	http://ap-northeast-2.ec2.archive.ubuntu.com/ubuntu/pool/main/d/dconf/dconf-gsettings-backend_0.40.0-4ubuntu0.1_amd64.deb	http://ap-northeast-2.ec2.archive.ubuntu.com/ubuntu/pool/main/d/dconf/dconf-gsettings-backend_0.40.0-4ubuntu0.1_amd64.deb	200	22074	2e6801f955d5960380b6240be3886162343e770b1c17c919674cbcb3d13be732	/home/aella/aws-discovery-jammy-noble-retry-20260831/upgrade-discovery/jammy-to-noble/runtime/deb-cache/2f/fd/2ffdef7b4f436407988f2efd1d3b4119c01873048418afed8e91ec4ad0173019
jammy-to-noble	2026-08-31T12:40:09Z	GET	http://ap-northeast-2.ec2.archive.ubuntu.com/ubuntu/pool/main/d/dconf/libdconf1_0.40.0-4ubuntu0.1_amd64.deb	http://ap-northeast-2.ec2.archive.ubuntu.com/ubuntu/pool/main/d/dconf/libdconf1_0.40.0-4ubuntu0.1_amd64.deb	200	39588	86bf3825fbaec0d5159c5e6bd88f10ade991a086c821aeef15631c510c6d9904	/home/aella/aws-discovery-jammy-noble-retry-20260831/upgrade-discovery/jammy-to-noble/runtime/deb-cache/d0/38/d03867410f733cf7daa2cf359d6ef909b2d5e30e72a43c7c370efaf4a3cf2373
jammy-to-noble	2026-08-31T12:40:09Z	GET	http://ap-northeast-2.ec2.archive.ubuntu.com/ubuntu/pool/main/d/dbus-glib/libdbus-glib-1-2_0.112-3build2_amd64.deb	http://ap-northeast-2.ec2.archive.ubuntu.com/ubuntu/pool/main/d/dbus-glib/libdbus-glib-1-2_0.112-3build2_amd64.deb	200	64236	1fa4cbcfd7d01e4cbadd04e15631e02d41ce036e8eb7789cb7556deb104e077e	/home/aella/aws-discovery-jammy-noble-retry-20260831/upgrade-discovery/jammy-to-noble/runtime/deb-cache/df/b1/dfb19c8bbc8235e68fb9878e24565f249542625fb6102844af7d55d1e08307fc
jammy-to-noble	2026-08-31T12:40:09Z	GET	http://ap-northeast-2.ec2.archive.ubuntu.com/ubuntu/pool/main/i/irqbalance/irqbalance_1.9.3-2ubuntu5_amd64.deb	http://ap-northeast-2.ec2.archive.ubuntu.com/ubuntu/pool/main/i/irqbalance/irqbalance_1.9.3-2ubuntu5_amd64.deb	200	47524	72bf358310cd5509005196160943333b0016dc5c7673b3ec2221f18ec9ab5cc5	/home/aella/aws-discovery-jammy-noble-retry-20260831/upgrade-discovery/jammy-to-noble/runtime/deb-cache/f8/92/f89229090fcc7b397ff5af0885362da104c3ec5ac7e960633b8ffaedf46ad035
jammy-to-noble	2026-08-31T12:40:09Z	GET	http://ap-northeast-2.ec2.archive.ubuntu.com/ubuntu/pool/main/a/accountsservice/accountsservice_23.13.9-2ubuntu6.1_amd64.deb	http://ap-northeast-2.ec2.archive.ubuntu.com/ubuntu/pool/main/a/accountsservice/accountsservice_23.13.9-2ubuntu6.1_amd64.deb	200	71592	efc0bca2de73236e90ded743b0e9224b3ace4e7bea41067af93b0559066d6d55	/home/aella/aws-discovery-jammy-noble-retry-20260831/upgrade-discovery/jammy-to-noble/runtime/deb-cache/d4/a8/d4a8e23e13ea0a2f8e5b0e1be0719371d75e745c7c6ae5ab8afcf63e8722707e
jammy-to-noble	2026-08-31T12:40:09Z	GET	http://ap-northeast-2.ec2.archive.ubuntu.com/ubuntu/pool/main/a/accountsservice/libaccountsservice0_23.13.9-2ubuntu6.1_amd64.deb	http://ap-northeast-2.ec2.archive.ubuntu.com/ubuntu/pool/main/a/accountsservice/libaccountsservice0_23.13.9-2ubuntu6.1_amd64.deb	200	64008	4b8d32b3cf2b84bec46625347b9549d18037e268f15c2c79dffe228b4cf7de28	/home/aella/aws-discovery-jammy-noble-retry-20260831/upgrade-discovery/jammy-to-noble/runtime/deb-cache/ee/bf/eebf114cff2d26f98a126f96ac251ce12a9eb3cddd77274ece015d1e2b577b01
jammy-to-noble	2026-08-31T12:40:09Z	GET	http://ap-northeast-2.ec2.archive.ubuntu.com/ubuntu/pool/main/g/glib2.0/gir1.2-glib-2.0_2.80.0-6ubuntu3.8_amd64.deb	http://ap-northeast-2.ec2.archive.ubuntu.com/ubuntu/pool/main/g/glib2.0/gir1.2-glib-2.0_2.80.0-6ubuntu3.8_amd64.deb	200	183424	dc1b5c79f3e1bbbc48acc29fee1a90fbb81bd605fde375dc698d94bb335f7bb9	/home/aella/aws-discovery-jammy-noble-retry-20260831/upgrade-discovery/jammy-to-noble/runtime/deb-cache/07/52/0752fc0121a0b296feb800783b12988e63f1377ea7c969c4b30e0e797313cd5f
jammy-to-noble	2026-08-31T12:40:09Z	GET	http://ap-northeast-2.ec2.archive.ubuntu.com/ubuntu/pool/main/libp/libproxy/libproxy1v5_0.5.4-4build1_amd64.deb	http://ap-northeast-2.ec2.archive.ubuntu.com/ubuntu/pool/main/libp/libproxy/libproxy1v5_0.5.4-4build1_amd64.deb	200	26508	4fa847fdf40dfaf198d94b1534bbc616410647dd917bca95bd28aba79d3796ba	/home/aella/aws-discovery-jammy-noble-retry-20260831/upgrade-discovery/jammy-to-noble/runtime/deb-cache/9b/a5/9ba5950bf087cbb201752b03c384052a4a6278c5529551fe3eca55a49ef8b238
jammy-to-noble	2026-08-31T12:40:09Z	GET	http://ap-northeast-2.ec2.archive.ubuntu.com/ubuntu/pool/main/g/glib-networking/glib-networking-common_2.80.0-1build1_all.deb	http://ap-northeast-2.ec2.archive.ubuntu.com/ubuntu/pool/main/g/glib-networking/glib-networking-common_2.80.0-1build1_all.deb	200	6702	c9bc3b5c3dc8a75e752efcf246e5ef2d3b9e80cd1301fd37fcb0c36562062931	/home/aella/aws-discovery-jammy-noble-retry-20260831/upgrade-discovery/jammy-to-noble/runtime/deb-cache/e7/cd/e7cd39e8b717d3573c9b27977b04a39f90286d86fb644208cf941e13e3ed3b41
jammy-to-noble	2026-08-31T12:40:09Z	GET	http://ap-northeast-2.ec2.archive.ubuntu.com/ubuntu/pool/main/g/glib-networking/glib-networking_2.80.0-1build1_amd64.deb	http://ap-northeast-2.ec2.archive.ubuntu.com/ubuntu/pool/main/g/glib-networking/glib-networking_2.80.0-1build1_amd64.deb	200	64136	25b32675dd3f8bc258cd204e9010876ed03422ab627dd7e39a5a52226e2ada98	/home/aella/aws-discovery-jammy-noble-retry-20260831/upgrade-discovery/jammy-to-noble/runtime/deb-cache/40/06/4006bbf1de2df5285b18d293282edc0fa5d7b52beb7ae81adcb02aa300bb8613
jammy-to-noble	2026-08-31T12:40:09Z	GET	http://ap-northeast-2.ec2.archive.ubuntu.com/ubuntu/pool/main/g/glib-networking/glib-networking-services_2.80.0-1build1_amd64.deb	http://ap-northeast-2.ec2.archive.ubuntu.com/ubuntu/pool/main/g/glib-networking/glib-networking-services_2.80.0-1build1_amd64.deb	200	12830	a8387f789fa6de0aaae9e09f56f07896a5820188ef82ee267c132b01c8a4859e	/home/aella/aws-discovery-jammy-noble-retry-20260831/upgrade-discovery/jammy-to-noble/runtime/deb-cache/52/c4/52c4e9e495e1f025649bf5a00b0cea33956f37d5b15327843870a5cca682df15
jammy-to-noble	2026-08-31T12:40:09Z	GET	http://ap-northeast-2.ec2.archive.ubuntu.com/ubuntu/pool/main/b/bolt/bolt_0.9.7-1_amd64.deb	http://ap-northeast-2.ec2.archive.ubuntu.com/ubuntu/pool/main/b/bolt/bolt_0.9.7-1_amd64.deb	200	141096	e0bc814df14965e302d0c2be0a26613af1b48c63cf1ef9bee18d17c192146eea	/home/aella/aws-discovery-jammy-noble-retry-20260831/upgrade-discovery/jammy-to-noble/runtime/deb-cache/6c/e8/6ce854b504f6dcc045665bdd2b3006d270e5344fb9fd807441f91f222751fd73
jammy-to-noble	2026-08-31T12:40:09Z	GET	http://ap-northeast-2.ec2.archive.ubuntu.com/ubuntu/pool/main/g/glib2.0/libglib2.0-0t64_2.80.0-6ubuntu3.8_amd64.deb	http://ap-northeast-2.ec2.archive.ubuntu.com/ubuntu/pool/main/g/glib2.0/libglib2.0-0t64_2.80.0-6ubuntu3.8_amd64.deb	200	1545474	ca4eda0e01c76ba2e5e501e77decce53d98a641234b517eb98fc5d74980f913f	/home/aella/aws-discovery-jammy-noble-retry-20260831/upgrade-discovery/jammy-to-noble/runtime/deb-cache/fc/8a/fc8af652b66ee32399d3fc2bbe2940d7209d952a3d0a905bb8ee6f4a4c05af76
jammy-to-noble	2026-08-31T12:40:09Z	GET	http://ap-northeast-2.ec2.archive.ubuntu.com/ubuntu/pool/main/libm/libmspack/libmspack0t64_0.11-1.1build1_amd64.deb	http://ap-northeast-2.ec2.archive.ubuntu.com/ubuntu/pool/main/libm/libmspack/libmspack0t64_0.11-1.1build1_amd64.deb	200	39970	a84ab4c5188c5a73ad5b59d29ca8bc7bd3cc32e27544437788416c0f21190cfd	/home/aella/aws-discovery-jammy-noble-retry-20260831/upgrade-discovery/jammy-to-noble/runtime/deb-cache/ad/00/ad00f2dd81424e1b6fa0b1778873794bbf912d9f22cf6c349ee57304a882d7eb
jammy-to-noble	2026-08-31T12:40:09Z	GET	http://ap-northeast-2.ec2.archive.ubuntu.com/ubuntu/pool/main/x/xmlsec1/libxmlsec1t64_1.2.39-5build2_amd64.deb	http://ap-northeast-2.ec2.archive.ubuntu.com/ubuntu/pool/main/x/xmlsec1/libxmlsec1t64_1.2.39-5build2_amd64.deb	200	153312	a1125b307f582fc583bb14c0fc3d903d8afbf0a6d1bb3e41ac5f30751faadebb	/home/aella/aws-discovery-jammy-noble-retry-20260831/upgrade-discovery/jammy-to-noble/runtime/deb-cache/c8/93/c893c15d3fcf700175664b784718906f1b65d83fdbc06f8e1b4982db4c3bf8ab
jammy-to-noble	2026-08-31T12:40:10Z	GET	http://ap-northeast-2.ec2.archive.ubuntu.com/ubuntu/pool/main/x/xmlsec1/libxmlsec1t64-openssl_1.2.39-5build2_amd64.deb	http://ap-northeast-2.ec2.archive.ubuntu.com/ubuntu/pool/main/x/xmlsec1/libxmlsec1t64-openssl_1.2.39-5build2_amd64.deb	200	84104	31cb22b906df019515fb39a317db54759877cb17fec9542115b58db8aa495222	/home/aella/aws-discovery-jammy-noble-retry-20260831/upgrade-discovery/jammy-to-noble/runtime/deb-cache/39/a7/39a79936b0e0ee4859558f2c1a1fd1b12929c10a754f369dac514a090782b97b
jammy-to-noble	2026-08-31T12:40:10Z	GET	http://ap-northeast-2.ec2.archive.ubuntu.com/ubuntu/pool/main/p/procps/libproc2-0_4.0.4-4ubuntu3.3_amd64.deb	http://ap-northeast-2.ec2.archive.ubuntu.com/ubuntu/pool/main/p/procps/libproc2-0_4.0.4-4ubuntu3.3_amd64.deb	200	58876	8a73e2656ddcdb078e06e20abb5a92b182145e12376a9a9282db8374da34d228	/home/aella/aws-discovery-jammy-noble-retry-20260831/upgrade-discovery/jammy-to-noble/runtime/deb-cache/77/8e/778ef3c776d61dcce65bd232a8937988f0b29368feae8fa08294ac67f20804b1
jammy-to-noble	2026-08-31T12:40:10Z	GET	http://ap-northeast-2.ec2.archive.ubuntu.com/ubuntu/pool/main/p/procps/procps_4.0.4-4ubuntu3.3_amd64.deb	http://ap-northeast-2.ec2.archive.ubuntu.com/ubuntu/pool/main/p/procps/procps_4.0.4-4ubuntu3.3_amd64.deb	200	707170	08d7baeff0285804178a8ed99b49514f210d38881bd118157cd9e222646c17a5	/home/aella/aws-discovery-jammy-noble-retry-20260831/upgrade-discovery/jammy-to-noble/runtime/deb-cache/df/ca/dfca291c3e1ad85a30ea58ab849f1ab3f7577d29c40584e28cb7c2ba90e64fca
jammy-to-noble	2026-08-31T12:40:10Z	GET	http://ap-northeast-2.ec2.archive.ubuntu.com/ubuntu/pool/main/o/open-vm-tools/open-vm-tools_13.0.10-0ubuntu0.24.04.1_amd64.deb	http://ap-northeast-2.ec2.archive.ubuntu.com/ubuntu/pool/main/o/open-vm-tools/open-vm-tools_13.0.10-0ubuntu0.24.04.1_amd64.deb	200	722946	a7030cdc7c0681be293da1ab265c51d5d8607ad65607a85c2d0068abd0ea9f92	/home/aella/aws-discovery-jammy-noble-retry-20260831/upgrade-discovery/jammy-to-noble/runtime/deb-cache/99/be/99bee5026128846f7ec87fc9ad7210f0d0ddce5ee4e104961c74a83761f82ecd
jammy-to-noble	2026-08-31T12:40:10Z	GET	http://ap-northeast-2.ec2.archive.ubuntu.com/ubuntu/pool/main/l/lsof/lsof_4.95.0-1build3_amd64.deb	http://ap-northeast-2.ec2.archive.ubuntu.com/ubuntu/pool/main/l/lsof/lsof_4.95.0-1build3_amd64.deb	200	246736	46165f06b9568f9e2718f1fdd3d3a8db46aa597f5ff163c1d21c0d1daa12191d	/home/aella/aws-discovery-jammy-noble-retry-20260831/upgrade-discovery/jammy-to-noble/runtime/deb-cache/f1/fa/f1fa61804eea20862e0d15f33f2637ddb54f121997203a1ae292a7c3fe69bfc6
jammy-to-noble	2026-08-31T12:40:10Z	GET	http://ap-northeast-2.ec2.archive.ubuntu.com/ubuntu/pool/universe/libn/libnss-nisplus/libnss-nisplus_1.3-5build1_amd64.deb	http://ap-northeast-2.ec2.archive.ubuntu.com/ubuntu/pool/universe/libn/libnss-nisplus/libnss-nisplus_1.3-5build1_amd64.deb	200	22378	e7954a7569533223213540a334083decc94bcf8d33334c45220f2ccbbf670a16	/home/aella/aws-discovery-jammy-noble-retry-20260831/upgrade-discovery/jammy-to-noble/runtime/deb-cache/8b/7d/8b7d181eda70bc7f4806669c36ab359d6efc2aca5a023aefe55c75fdc9fbe819
jammy-to-noble	2026-08-31T12:40:10Z	GET	http://ap-northeast-2.ec2.archive.ubuntu.com/ubuntu/pool/main/libt/libtirpc/libtirpc3t64_1.3.4%2bds-1.1build1_amd64.deb	http://ap-northeast-2.ec2.archive.ubuntu.com/ubuntu/pool/main/libt/libtirpc/libtirpc3t64_1.3.4%2bds-1.1build1_amd64.deb	200	82558	3a3cd37160399ab235fdf2f13159fd288940abb9660e0ed1afb418b44c73d43a	/home/aella/aws-discovery-jammy-noble-retry-20260831/upgrade-discovery/jammy-to-noble/runtime/deb-cache/57/8d/578d257385594200ce477be7dedf707a836841f6fd53b4549b3ce5c737bd9eb6
jammy-to-noble	2026-08-31T12:40:11Z	GET	http://ap-northeast-2.ec2.archive.ubuntu.com/ubuntu/pool/main/libn/libnsl/libnsl2_1.3.0-3build3_amd64.deb	http://ap-northeast-2.ec2.archive.ubuntu.com/ubuntu/pool/main/libn/libnsl/libnsl2_1.3.0-3build3_amd64.deb	200	41364	2afd06f01eeb650262ca66b08842cc555be49d9f7586ad662531ead0f614eaca	/home/aella/aws-discovery-jammy-noble-retry-20260831/upgrade-discovery/jammy-to-noble/runtime/deb-cache/c7/6b/c76b437abba5b80226ca16f65a9b4a12e011e93f93ea473eef6aadcde988bc25
jammy-to-noble	2026-08-31T12:40:12Z	GET	http://ap-northeast-2.ec2.archive.ubuntu.com/ubuntu/pool/main/libn/libnsl/libnsl-dev_1.3.0-3build3_amd64.deb	http://ap-northeast-2.ec2.archive.ubuntu.com/ubuntu/pool/main/libn/libnsl/libnsl-dev_1.3.0-3build3_amd64.deb	200	70526	2642090c5189197e2f5ccebea634d6bba8dc1b51f548abe80a61947185128dde	/home/aella/aws-discovery-jammy-noble-retry-20260831/upgrade-discovery/jammy-to-noble/runtime/deb-cache/f8/7d/f87da920a1f3714ce15ae41510b2159f21acda6830f98e23833e6d14f22f042d
jammy-to-noble	2026-08-31T12:40:12Z	GET	http://ap-northeast-2.ec2.archive.ubuntu.com/ubuntu/pool/main/libx/libxcrypt/libcrypt1_4.4.36-4build1_amd64.deb	http://ap-northeast-2.ec2.archive.ubuntu.com/ubuntu/pool/main/libx/libxcrypt/libcrypt1_4.4.36-4build1_amd64.deb	200	82302	9474785cd6f398512bf8c305c3901dbb111569dccb6f5832002373c0a8ac5832	/home/aella/aws-discovery-jammy-noble-retry-20260831/upgrade-discovery/jammy-to-noble/runtime/deb-cache/97/6e/976e4e3e0daa1b5cbbc3ce765cc2ce877ec53082c3ba0837cd9f621e2426bc90
jammy-to-noble	2026-08-31T12:40:12Z	GET	http://ap-northeast-2.ec2.archive.ubuntu.com/ubuntu/pool/main/libx/libxcrypt/libcrypt-dev_4.4.36-4build1_amd64.deb	http://ap-northeast-2.ec2.archive.ubuntu.com/ubuntu/pool/main/libx/libxcrypt/libcrypt-dev_4.4.36-4build1_amd64.deb	200	111780	2edff420ef80b4a3f3751e65c33423ef30e563122a58b759e4854ea8d84ba1b1	/home/aella/aws-discovery-jammy-noble-retry-20260831/upgrade-discovery/jammy-to-noble/runtime/deb-cache/69/8b/698ba2e0bf1a712d2f6ce9c01fa7f5421d4fb1fca497158fe435129858b34f6f
jammy-to-noble	2026-08-31T12:40:12Z	GET	http://ap-northeast-2.ec2.archive.ubuntu.com/ubuntu/pool/main/g/glibc/libc6-dev_2.39-0ubuntu8.8_amd64.deb	http://ap-northeast-2.ec2.archive.ubuntu.com/ubuntu/pool/main/g/glibc/libc6-dev_2.39-0ubuntu8.8_amd64.deb	200	2125374	bb8741966e7c1d2e2c0b84bb311717a0908fb563d9b2247b7212710e3cd88b94	/home/aella/aws-discovery-jammy-noble-retry-20260831/upgrade-discovery/jammy-to-noble/runtime/deb-cache/36/71/3671d89041d3465cb8f7bbccfa285dbbd5ff746fd5e0cd89cce7f8001ce58ddc
jammy-to-noble	2026-08-31T12:40:13Z	GET	http://ap-northeast-2.ec2.archive.ubuntu.com/ubuntu/pool/universe/libn/libnss-nis/libnss-nis_3.1-0ubuntu7_amd64.deb	http://ap-northeast-2.ec2.archive.ubuntu.com/ubuntu/pool/universe/libn/libnss-nis/libnss-nis_3.1-0ubuntu7_amd64.deb	200	26518	8dfc2e27c4729b0448a6cd739a6c5c6f851ec8d471b95c043a084dab2395038f	/home/aella/aws-discovery-jammy-noble-retry-20260831/upgrade-discovery/jammy-to-noble/runtime/deb-cache/a4/4e/a44ef853e10d32c1fb1e31ac675cef178aaf9f320b7f0772db4375f18b400a38
jammy-to-noble	2026-08-31T12:40:13Z	GET	http://ap-northeast-2.ec2.archive.ubuntu.com/ubuntu/pool/main/g/glibc/libc-bin_2.39-0ubuntu8.8_amd64.deb	http://ap-northeast-2.ec2.archive.ubuntu.com/ubuntu/pool/main/g/glibc/libc-bin_2.39-0ubuntu8.8_amd64.deb	200	681710	64625a2e1b51e736c71f4916268c496278bbc789b1b189d1621607a33f455473	/home/aella/aws-discovery-jammy-noble-retry-20260831/upgrade-discovery/jammy-to-noble/runtime/deb-cache/ee/72/ee725a1e85c2a035478a824c79810d324d65c354406a630254667910b2b8eb8c
jammy-to-noble	2026-08-31T12:40:13Z	GET	http://ap-northeast-2.ec2.archive.ubuntu.com/ubuntu/pool/main/libi/libidn2/libidn2-0_2.3.7-2build1.1_amd64.deb	http://ap-northeast-2.ec2.archive.ubuntu.com/ubuntu/pool/main/libi/libidn2/libidn2-0_2.3.7-2build1.1_amd64.deb	200	66242	46bfd10df095a23b65f58115de47a547c9a2d14627749bd0423ae78c14be77d3	/home/aella/aws-discovery-jammy-noble-retry-20260831/upgrade-discovery/jammy-to-noble/runtime/deb-cache/74/3a/743a3b054ac8bfb538aaa51680850265b1999b7a33c9edf035fded39279f6f37
jammy-to-noble	2026-08-31T12:40:13Z	GET	http://ap-northeast-2.ec2.archive.ubuntu.com/ubuntu/pool/main/p/pcre2/libpcre2-8-0_10.42-4ubuntu2.1_amd64.deb	http://ap-northeast-2.ec2.archive.ubuntu.com/ubuntu/pool/main/p/pcre2/libpcre2-8-0_10.42-4ubuntu2.1_amd64.deb	200	226662	110a797a57673d3ee497a141cf988199258058c57525799c63194d81822529a0	/home/aella/aws-discovery-jammy-noble-retry-20260831/upgrade-discovery/jammy-to-noble/runtime/deb-cache/09/5a/095acf5a9d78a929bb3e21b500dc60f50748b54b7dce0fbfa0e7a5e276fcea3b
jammy-to-noble	2026-08-31T12:40:13Z	GET	http://ap-northeast-2.ec2.archive.ubuntu.com/ubuntu/pool/main/u/util-linux/libuuid1_2.39.3-9ubuntu6.5_amd64.deb	http://ap-northeast-2.ec2.archive.ubuntu.com/ubuntu/pool/main/u/util-linux/libuuid1_2.39.3-9ubuntu6.5_amd64.deb	200	36058	2f801582b5f0e7cb0c2d3d3651193e69f4540ee3b7dcb6079a3562f0880b9edf	/home/aella/aws-discovery-jammy-noble-retry-20260831/upgrade-discovery/jammy-to-noble/runtime/deb-cache/98/45/98451cfae5d08c4e9b41079e46c4dcffa43a5452cfbd1aab7d7fc292cfaddde7
jammy-to-noble	2026-08-31T12:40:13Z	GET	http://ap-northeast-2.ec2.archive.ubuntu.com/ubuntu/pool/main/z/zlib/zlib1g_1.3.dfsg-3.1ubuntu2.1_amd64.deb	http://ap-northeast-2.ec2.archive.ubuntu.com/ubuntu/pool/main/z/zlib/zlib1g_1.3.dfsg-3.1ubuntu2.1_amd64.deb	200	62850	7074b6a2f6367a10d280c00a1cb02e74277709180bab4f2491a2f355ab2d6c20	/home/aella/aws-discovery-jammy-noble-retry-20260831/upgrade-discovery/jammy-to-noble/runtime/deb-cache/87/12/871241a33875930a13f826e0211279a27b5d670dc9ef50740287d9d3994444b5
jammy-to-noble	2026-08-31T12:40:13Z	GET	http://ap-northeast-2.ec2.archive.ubuntu.com/ubuntu/pool/main/libm/libmd/libmd0_1.1.0-2build1.1_amd64.deb	http://ap-northeast-2.ec2.archive.ubuntu.com/ubuntu/pool/main/libm/libmd/libmd0_1.1.0-2build1.1_amd64.deb	200	26976	e5ba01d3c41f256aaf57ec59aa0554857162e3e7f97cdfbff1ed2c0e8d720ee7	/home/aella/aws-discovery-jammy-noble-retry-20260831/upgrade-discovery/jammy-to-noble/runtime/deb-cache/ca/1a/ca1a36af93dcf2bed724bf60485acd94acd7a8265520aac1289ce77d66b9dc58
jammy-to-noble	2026-08-31T12:40:13Z	GET	http://ap-northeast-2.ec2.archive.ubuntu.com/ubuntu/pool/main/libb/libbsd/libbsd0_0.12.1-1build1.1_amd64.deb	http://ap-northeast-2.ec2.archive.ubuntu.com/ubuntu/pool/main/libb/libbsd/libbsd0_0.12.1-1build1.1_amd64.deb	200	41238	f3857b0863ac5cfd4263e9bf6cfb1d4be88d5321e4070d5bc2b62b0949e6c86f	/home/aella/aws-discovery-jammy-noble-retry-20260831/upgrade-discovery/jammy-to-noble/runtime/deb-cache/75/9c/759cce272cc5c7b268d7003f790e100f421ce8e573537bda236cc8026951b1bb
jammy-to-noble	2026-08-31T12:40:13Z	GET	http://ap-northeast-2.ec2.archive.ubuntu.com/ubuntu/pool/universe/n/ntpsec/sntp_4.2.8p15%2bdfsg-2%7e1.2.2%2bdfsg1-4build2_all.deb	http://ap-northeast-2.ec2.archive.ubuntu.com/ubuntu/pool/universe/n/ntpsec/sntp_4.2.8p15%2bdfsg-2%7e1.2.2%2bdfsg1-4build2_all.deb	200	15406	1f9e8f7b69cce1d763f2069d0e65a0e0a4e5b8ee4cd5f1d322b2d087fa91941f	/home/aella/aws-discovery-jammy-noble-retry-20260831/upgrade-discovery/jammy-to-noble/runtime/deb-cache/66/3f/663f604693d3d1d1eee89b9111e588c8456bccb71ccfd2c141f5e75795ec42d5
jammy-to-noble	2026-08-31T12:40:13Z	GET	http://ap-northeast-2.ec2.archive.ubuntu.com/ubuntu/pool/main/libe/libevent/libevent-pthreads-2.1-7t64_2.1.12-stable-9ubuntu2_amd64.deb	http://ap-northeast-2.ec2.archive.ubuntu.com/ubuntu/pool/main/libe/libevent/libevent-pthreads-2.1-7t64_2.1.12-stable-9ubuntu2_amd64.deb	200	7982	f9bf6e3681179df772eea7d04b98b597560c428c39b7fca05bfaf64691c327b1	/home/aella/aws-discovery-jammy-noble-retry-20260831/upgrade-discovery/jammy-to-noble/runtime/deb-cache/93/66/93666cb99c3446c9fd76f35f11ce8ea96f5bb6fb2c74d886461dbd22c4562a52
jammy-to-noble	2026-08-31T12:40:13Z	GET	http://ap-northeast-2.ec2.archive.ubuntu.com/ubuntu/pool/main/libe/libevent/libevent-core-2.1-7t64_2.1.12-stable-9ubuntu2_amd64.deb	http://ap-northeast-2.ec2.archive.ubuntu.com/ubuntu/pool/main/libe/libevent/libevent-core-2.1-7t64_2.1.12-stable-9ubuntu2_amd64.deb	200	91272	3da51e864e4067779a2ba3a87daf5e4d8030c0aaa6291a1ce12483d4f73bf752	/home/aella/aws-discovery-jammy-noble-retry-20260831/upgrade-discovery/jammy-to-noble/runtime/deb-cache/23/da/23dac5c5a78e16ff2962815d1f32b455abc94ba5445dd814379ae38734cb80aa
jammy-to-noble	2026-08-31T12:40:13Z	GET	http://ap-northeast-2.ec2.archive.ubuntu.com/ubuntu/pool/main/a/acl/acl_2.3.2-1build1.1_amd64.deb	http://ap-northeast-2.ec2.archive.ubuntu.com/ubuntu/pool/main/a/acl/acl_2.3.2-1build1.1_amd64.deb	200	39398	0beec20d005bb4b3138ac9c99ab7c10a06acaf1ea1ad4e10ad760e56561edd58	/home/aella/aws-discovery-jammy-noble-retry-20260831/upgrade-discovery/jammy-to-noble/runtime/deb-cache/16/41/1641d19470d884fc8ff9c4c959ae9a2f9dbe488ae88e5000395ab502e23ee216
jammy-to-noble	2026-08-31T12:40:13Z	GET	http://ap-northeast-2.ec2.archive.ubuntu.com/ubuntu/pool/main/a/acl/libacl1_2.3.2-1build1.1_amd64.deb	http://ap-northeast-2.ec2.archive.ubuntu.com/ubuntu/pool/main/a/acl/libacl1_2.3.2-1build1.1_amd64.deb	200	16792	f2bfd3f8f00413d5f1f04fc723063803c56ac0f1e0efae3bc41f2d7276972ec3	/home/aella/aws-discovery-jammy-noble-retry-20260831/upgrade-discovery/jammy-to-noble/runtime/deb-cache/dc/9e/dc9eb8e2392057ba4e400115dba2412420e305dfd71b79465899d78495db6d1d
jammy-to-noble	2026-08-31T12:40:13Z	GET	http://ap-northeast-2.ec2.archive.ubuntu.com/ubuntu/pool/main/a/apparmor/libapparmor1_4.0.1really4.0.1-0ubuntu0.24.04.7_amd64.deb	http://ap-northeast-2.ec2.archive.ubuntu.com/ubuntu/pool/main/a/apparmor/libapparmor1_4.0.1really4.0.1-0ubuntu0.24.04.7_amd64.deb	200	51272	4205351c37f4e813f1ca81b6d59a00071f0f70869e652f4ab9e5ba7e5e895d34	/home/aella/aws-discovery-jammy-noble-retry-20260831/upgrade-discovery/jammy-to-noble/runtime/deb-cache/a4/ba/a4ba01a88c9e288350eee7ddb4680877bc8b4b09785daeaf2a47313c038bc4dd
jammy-to-noble	2026-08-31T12:40:13Z	GET	http://ap-northeast-2.ec2.archive.ubuntu.com/ubuntu/pool/main/a/audit/libaudit-common_3.1.2-2.1build1.1_all.deb	http://ap-northeast-2.ec2.archive.ubuntu.com/ubuntu/pool/main/a/audit/libaudit-common_3.1.2-2.1build1.1_all.deb	200	5824	c8ab5bed96f9781daab7c36fcbe4b12c3f3247a37256c0e341dc827db1e9a010	/home/aella/aws-discovery-jammy-noble-retry-20260831/upgrade-discovery/jammy-to-noble/runtime/deb-cache/ea/ee/eaee2910d4f78344e2aac5ae2750ff4fa64c6f2348fa9385f15e90d113d4d95e
jammy-to-noble	2026-08-31T12:40:13Z	GET	http://ap-northeast-2.ec2.archive.ubuntu.com/ubuntu/pool/main/libc/libcap-ng/libcap-ng0_0.8.4-2build2_amd64.deb	http://ap-northeast-2.ec2.archive.ubuntu.com/ubuntu/pool/main/libc/libcap-ng/libcap-ng0_0.8.4-2build2_amd64.deb	200	15180	cf1e9437ac7ddf6539dbe87b68858cbdef84d78c6aac243ab3b6e564a52ed930	/home/aella/aws-discovery-jammy-noble-retry-20260831/upgrade-discovery/jammy-to-noble/runtime/deb-cache/6a/a4/6aa4445ca78ea400bbd9a4d6d9e624d893215cbc73e5cbe9e33e4d73f97158f2
jammy-to-noble	2026-08-31T12:40:13Z	GET	http://ap-northeast-2.ec2.archive.ubuntu.com/ubuntu/pool/main/a/audit/libaudit1_3.1.2-2.1build1.1_amd64.deb	http://ap-northeast-2.ec2.archive.ubuntu.com/ubuntu/pool/main/a/audit/libaudit1_3.1.2-2.1build1.1_amd64.deb	200	46962	408457f91745dd33746d24d063986df96a81166d6a59431583073398cefa1301	/home/aella/aws-discovery-jammy-noble-retry-20260831/upgrade-discovery/jammy-to-noble/runtime/deb-cache/4c/e4/4ce408667bba8cef7a84b7b36daaa9b1ec2dcf1824dcdd2bf60b4fd76d684863
jammy-to-noble	2026-08-31T12:40:13Z	GET	http://ap-northeast-2.ec2.archive.ubuntu.com/ubuntu/pool/main/u/util-linux/libblkid1_2.39.3-9ubuntu6.5_amd64.deb	http://ap-northeast-2.ec2.archive.ubuntu.com/ubuntu/pool/main/u/util-linux/libblkid1_2.39.3-9ubuntu6.5_amd64.deb	200	123170	2307a9ed92642a69de0284ac63e233e45ac5a2c3831f04399f7d212379487e82	/home/aella/aws-discovery-jammy-noble-retry-20260831/upgrade-discovery/jammy-to-noble/runtime/deb-cache/92/bc/92bcf773e234c9f44b60beb942af97ac841fcab33da88dc544b8fb1f4ac77402
jammy-to-noble	2026-08-31T12:40:13Z	GET	http://ap-northeast-2.ec2.archive.ubuntu.com/ubuntu/pool/main/libc/libcap2/libcap2_2.66-5ubuntu2.4_amd64.deb	http://ap-northeast-2.ec2.archive.ubuntu.com/ubuntu/pool/main/libc/libcap2/libcap2_2.66-5ubuntu2.4_amd64.deb	200	30500	23c627c77c66552a658e62852f244f4946dc543898e0ec5428d5dc6bffde2d6a	/home/aella/aws-discovery-jammy-noble-retry-20260831/upgrade-discovery/jammy-to-noble/runtime/deb-cache/f8/63/f86361e9923961a89847b0f013d71b94e35077f32f36141e304b632639267d33
jammy-to-noble	2026-08-31T12:40:13Z	GET	http://ap-northeast-2.ec2.archive.ubuntu.com/ubuntu/pool/main/x/xz-utils/liblzma5_5.6.1%2breally5.4.5-1ubuntu0.3_amd64.deb	http://ap-northeast-2.ec2.archive.ubuntu.com/ubuntu/pool/main/x/xz-utils/liblzma5_5.6.1%2breally5.4.5-1ubuntu0.3_amd64.deb	200	127352	d2eabd41ca77d2c2dd9d5d4ef478cccb64ffde6279c47cf4699a857d46785a52	/home/aella/aws-discovery-jammy-noble-retry-20260831/upgrade-discovery/jammy-to-noble/runtime/deb-cache/19/b9/19b965df31ca9029868aedab6dff5b90e0e87dd56b099b140c6fe982eff30a88
jammy-to-noble	2026-08-31T12:40:13Z	GET	http://ap-northeast-2.ec2.archive.ubuntu.com/ubuntu/pool/main/k/kmod/kmod_31%2b20240202-2ubuntu7.2_amd64.deb	http://ap-northeast-2.ec2.archive.ubuntu.com/ubuntu/pool/main/k/kmod/kmod_31%2b20240202-2ubuntu7.2_amd64.deb	200	101742	687693dfad23c96570d96a1c7cc1b8709d31a93f82ac765a11b2bd9130f1dfae	/home/aella/aws-discovery-jammy-noble-retry-20260831/upgrade-discovery/jammy-to-noble/runtime/deb-cache/51/7e/517e0943db2cf9aed62990cfbafd730a2dccc543f2f51f600b5d3ee37a12536e
jammy-to-noble	2026-08-31T12:40:13Z	GET	http://ap-northeast-2.ec2.archive.ubuntu.com/ubuntu/pool/main/k/kmod/libkmod2_31%2b20240202-2ubuntu7.2_amd64.deb	http://ap-northeast-2.ec2.archive.ubuntu.com/ubuntu/pool/main/k/kmod/libkmod2_31%2b20240202-2ubuntu7.2_amd64.deb	200	51830	a9cbdc424bc0a5c8af3d6445488a48de76df5ff4d76b7dab8aaf88f712358bbc	/home/aella/aws-discovery-jammy-noble-retry-20260831/upgrade-discovery/jammy-to-noble/runtime/deb-cache/b0/56/b05688cc7e4a95784f39f60c983c61da094113c520c0ac83d2434170da87be09
jammy-to-noble	2026-08-31T12:40:14Z	GET	http://ap-northeast-2.ec2.archive.ubuntu.com/ubuntu/pool/universe/l/lz4/lz4_1.9.4-1build1.1_amd64.deb	http://ap-northeast-2.ec2.archive.ubuntu.com/ubuntu/pool/universe/l/lz4/lz4_1.9.4-1build1.1_amd64.deb	200	93790	6322e77aaee1975c5517892a39f63e80b3e2fe65219bf693192a564b1b9fc7aa	/home/aella/aws-discovery-jammy-noble-retry-20260831/upgrade-discovery/jammy-to-noble/runtime/deb-cache/d0/2e/d02e84dad02b3ae65232e2965f7160252073f221320a64cfd10c081c026167b1
jammy-to-noble	2026-08-31T12:40:14Z	GET	http://ap-northeast-2.ec2.archive.ubuntu.com/ubuntu/pool/main/l/lz4/liblz4-1_1.9.4-1build1.1_amd64.deb	http://ap-northeast-2.ec2.archive.ubuntu.com/ubuntu/pool/main/l/lz4/liblz4-1_1.9.4-1build1.1_amd64.deb	200	63062	319331270d5cc52d5ebffe51c941d7b01b432bc402c2924b557209a64d4ecbad	/home/aella/aws-discovery-jammy-noble-retry-20260831/upgrade-discovery/jammy-to-noble/runtime/deb-cache/7b/48/7b48f75b405445d9cd90289e6c1b9cbbff5cadec9c9747fd6672ca1d8c09e6f8
jammy-to-noble	2026-08-31T12:40:14Z	GET	http://ap-northeast-2.ec2.archive.ubuntu.com/ubuntu/pool/main/u/util-linux/libmount1_2.39.3-9ubuntu6.5_amd64.deb	http://ap-northeast-2.ec2.archive.ubuntu.com/ubuntu/pool/main/u/util-linux/libmount1_2.39.3-9ubuntu6.5_amd64.deb	200	133954	7ca31424fbfc96fbf245e6fe232fd2d2ec74169ca1add968e1987bece5bc0d1f	/home/aella/aws-discovery-jammy-noble-retry-20260831/upgrade-discovery/jammy-to-noble/runtime/deb-cache/b0/60/b060c3ec13088f1927b4ef720eb0cab130e2697cd57f7e97c86f51748bc6b473
jammy-to-noble	2026-08-31T12:40:14Z	GET	http://ap-northeast-2.ec2.archive.ubuntu.com/ubuntu/pool/main/libs/libseccomp/libseccomp2_2.5.5-1ubuntu3.1_amd64.deb	http://ap-northeast-2.ec2.archive.ubuntu.com/ubuntu/pool/main/libs/libseccomp/libseccomp2_2.5.5-1ubuntu3.1_amd64.deb	200	50424	33fc96f1e008d27c042a3db9bcd16f7f4d49e866f7a3141b758a799328dbdc3f	/home/aella/aws-discovery-jammy-noble-retry-20260831/upgrade-discovery/jammy-to-noble/runtime/deb-cache/f8/eb/f8eb9c07dd780b166895fdf61803a4e791629cadc92c60b8b99fb1ef8db5f2f1
jammy-to-noble	2026-08-31T12:40:14Z	GET	http://ap-northeast-2.ec2.archive.ubuntu.com/ubuntu/pool/main/u/util-linux/libsmartcols1_2.39.3-9ubuntu6.5_amd64.deb	http://ap-northeast-2.ec2.archive.ubuntu.com/ubuntu/pool/main/u/util-linux/libsmartcols1_2.39.3-9ubuntu6.5_amd64.deb	200	65810	c0ab7426300c645ac84d195134143866bd0d6bd33831df3d63d5ab29994984ca	/home/aella/aws-discovery-jammy-noble-retry-20260831/upgrade-discovery/jammy-to-noble/runtime/deb-cache/a9/c6/a9c6dee42bbff0b242aa0d7659eb5cacfb61258dec7d23bce34083601186692b
jammy-to-noble	2026-08-31T12:40:14Z	GET	http://ap-northeast-2.ec2.archive.ubuntu.com/ubuntu/pool/main/u/util-linux/bsdextrautils_2.39.3-9ubuntu6.5_amd64.deb	http://ap-northeast-2.ec2.archive.ubuntu.com/ubuntu/pool/main/u/util-linux/bsdextrautils_2.39.3-9ubuntu6.5_amd64.deb	200	73676	013ec4c2fa3373840f20b202a55b62b66ae450b9e969d5e943001a43a1aec5cc	/home/aella/aws-discovery-jammy-noble-retry-20260831/upgrade-discovery/jammy-to-noble/runtime/deb-cache/d3/92/d3926bd8a314123c8c447cf9520c142fc96264ac244f82da870796548e4b53a0
jammy-to-noble	2026-08-31T12:40:14Z	GET	http://ap-northeast-2.ec2.archive.ubuntu.com/ubuntu/pool/main/libs/libsemanage/libsemanage-common_3.5-1build5_all.deb	http://ap-northeast-2.ec2.archive.ubuntu.com/ubuntu/pool/main/libs/libsemanage/libsemanage-common_3.5-1build5_all.deb	200	10144	e10cd93f0b6941566de04b860b723df57ca3fe4a9255a73b2be0d1dc7df2850e	/home/aella/aws-discovery-jammy-noble-retry-20260831/upgrade-discovery/jammy-to-noble/runtime/deb-cache/8e/37/8e3743538bd2919cc03404120c9f16b0ef616ebc69dfb1e6adebdfec6c773e40
jammy-to-noble	2026-08-31T12:40:15Z	GET	http://ap-northeast-2.ec2.archive.ubuntu.com/ubuntu/pool/main/libs/libsepol/libsepol2_3.5-2build1_amd64.deb	http://ap-northeast-2.ec2.archive.ubuntu.com/ubuntu/pool/main/libs/libsepol/libsepol2_3.5-2build1_amd64.deb	200	302950	47272bab0c2fcc350431f9a8ae63afc49ce6d7e71e63c914639fbda6b1ca9f6a	/home/aella/aws-discovery-jammy-noble-retry-20260831/upgrade-discovery/jammy-to-noble/runtime/deb-cache/0b/58/0b588dcb4ae2e50267648c986c5e895696013210fd6d19eb70217389d86e1a21
jammy-to-noble	2026-08-31T12:40:15Z	GET	http://ap-northeast-2.ec2.archive.ubuntu.com/ubuntu/pool/main/b/bzip2/bzip2_1.0.8-5.1ubuntu0.1_amd64.deb	http://ap-northeast-2.ec2.archive.ubuntu.com/ubuntu/pool/main/b/bzip2/bzip2_1.0.8-5.1ubuntu0.1_amd64.deb	200	34560	60fb79214dd8366fa39d7e69911294e72b9f1a4425a3d22f211359c8626e4b9e	/home/aella/aws-discovery-jammy-noble-retry-20260831/upgrade-discovery/jammy-to-noble/runtime/deb-cache/5d/f5/5df51d4674930091c1dd5b2c8631ac8a19fc007b4c4a4339b593a5a24efdf779
jammy-to-noble	2026-08-31T12:40:15Z	GET	http://ap-northeast-2.ec2.archive.ubuntu.com/ubuntu/pool/main/b/bzip2/libbz2-1.0_1.0.8-5.1ubuntu0.1_amd64.deb	http://ap-northeast-2.ec2.archive.ubuntu.com/ubuntu/pool/main/b/bzip2/libbz2-1.0_1.0.8-5.1ubuntu0.1_amd64.deb	200	34562	36ee08b00b1ee5018b2fce02881b7d2d73c9b4e32990bde3388400d86c48126a	/home/aella/aws-discovery-jammy-noble-retry-20260831/upgrade-discovery/jammy-to-noble/runtime/deb-cache/30/6b/306b60dd395972f33ea5c84d83f32c064d0e685a1b0ff2a77334533151eaa088
jammy-to-noble	2026-08-31T12:40:15Z	GET	http://ap-northeast-2.ec2.archive.ubuntu.com/ubuntu/pool/main/libs/libsemanage/libsemanage2_3.5-1build5_amd64.deb	http://ap-northeast-2.ec2.archive.ubuntu.com/ubuntu/pool/main/libs/libsemanage/libsemanage2_3.5-1build5_amd64.deb	200	93178	56102dcbd410416d03c5ffb80958f54ac63936f4d9eb3f6a98964e680a82ce37	/home/aella/aws-discovery-jammy-noble-retry-20260831/upgrade-discovery/jammy-to-noble/runtime/deb-cache/e8/c6/e8c6d437372d66698480e82f9978d41d76b72ca4140a63e90727fdc9ffbbb6af
jammy-to-noble	2026-08-31T12:40:15Z	GET	http://ap-northeast-2.ec2.archive.ubuntu.com/ubuntu/pool/main/s/shadow/passwd_4.13%2bdfsg1-4ubuntu3.2_amd64.deb	http://ap-northeast-2.ec2.archive.ubuntu.com/ubuntu/pool/main/s/shadow/passwd_4.13%2bdfsg1-4ubuntu3.2_amd64.deb	200	844580	139b51228c8065eefa3051f649d8480eb986f1cf629448e49d2eaf9813318412	/home/aella/aws-discovery-jammy-noble-retry-20260831/upgrade-discovery/jammy-to-noble/runtime/deb-cache/7e/e6/7ee6cc5d7983ffe117d981050244d2170eb92e529b860ca56d8aa0b4f0b7382a
jammy-to-noble	2026-08-31T12:40:15Z	GET	http://ap-northeast-2.ec2.archive.ubuntu.com/ubuntu/pool/main/a/adduser/adduser_3.137ubuntu1_all.deb	http://ap-northeast-2.ec2.archive.ubuntu.com/ubuntu/pool/main/a/adduser/adduser_3.137ubuntu1_all.deb	200	100872	542aff2395eb912a56833e11a78076342779689d8fede7adcf08d1d6b0d0cd8b	/home/aella/aws-discovery-jammy-noble-retry-20260831/upgrade-discovery/jammy-to-noble/runtime/deb-cache/8f/87/8f87f7eb790538eb6ae132675cafd60bf32ab752220255bfd91aeb0f1d974f02
jammy-to-noble	2026-08-31T12:40:15Z	GET	http://ap-northeast-2.ec2.archive.ubuntu.com/ubuntu/pool/main/l/linux-base/linux-base_4.5ubuntu9%2b24.04.2_all.deb	http://ap-northeast-2.ec2.archive.ubuntu.com/ubuntu/pool/main/l/linux-base/linux-base_4.5ubuntu9%2b24.04.2_all.deb	200	19622	b6ea776f8a0b0ce788d8920b3d6a7843ac731ec12d41e6718da9294fdacff633	/home/aella/aws-discovery-jammy-noble-retry-20260831/upgrade-discovery/jammy-to-noble/runtime/deb-cache/03/2d/032d9021b62c938172e32f0c68750de321e3ffcf532d1837ce5c5f6017729f4f
jammy-to-noble	2026-08-31T12:40:15Z	GET	http://ap-northeast-2.ec2.archive.ubuntu.com/ubuntu/pool/main/b/busybox/busybox-initramfs_1.36.1-6ubuntu3.1_amd64.deb	http://ap-northeast-2.ec2.archive.ubuntu.com/ubuntu/pool/main/b/busybox/busybox-initramfs_1.36.1-6ubuntu3.1_amd64.deb	200	188504	ca306983a443c8a32d99994f3490e8c6366c0f643c85ab12d835f15a043ec52b	/home/aella/aws-discovery-jammy-noble-retry-20260831/upgrade-discovery/jammy-to-noble/runtime/deb-cache/5e/b2/5eb2362293c37ada04e09691d3a4e5d33a2d95e5107b883cb09fe25c8ecb908f
jammy-to-noble	2026-08-31T12:40:15Z	GET	http://ap-northeast-2.ec2.archive.ubuntu.com/ubuntu/pool/main/c/cpio/cpio_2.15%2bdfsg-1ubuntu2_amd64.deb	http://ap-northeast-2.ec2.archive.ubuntu.com/ubuntu/pool/main/c/cpio/cpio_2.15%2bdfsg-1ubuntu2_amd64.deb	200	82668	b3c7bb97baf1a5dabe0c672ebdc94724bdcd7251790152cfa4314efda5696817	/home/aella/aws-discovery-jammy-noble-retry-20260831/upgrade-discovery/jammy-to-noble/runtime/deb-cache/ab/9f/ab9f570ec743f6483761f42f5dffd4c6f2602a1e591f2661f51d8c8bff62513b
jammy-to-noble	2026-08-31T12:40:16Z	GET	http://ap-northeast-2.ec2.archive.ubuntu.com/ubuntu/pool/main/c/coreutils/coreutils_9.4-3ubuntu6.2_amd64.deb	http://ap-northeast-2.ec2.archive.ubuntu.com/ubuntu/pool/main/c/coreutils/coreutils_9.4-3ubuntu6.2_amd64.deb	200	1411666	d623abbb182acfead9d6352252e687674b6e5b3b79d42aa1324b08a3a6e1131b	/home/aella/aws-discovery-jammy-noble-retry-20260831/upgrade-discovery/jammy-to-noble/runtime/deb-cache/1e/db/1edbc8e5c86c5fe699d50fb03e8184bb6d4fd113c615e8c8f008e13073b76a53
jammy-to-noble	2026-08-31T12:40:16Z	GET	http://ap-northeast-2.ec2.archive.ubuntu.com/ubuntu/pool/main/e/e2fsprogs/libcom-err2_1.47.0-2.4%7eexp1ubuntu4.1_amd64.deb	http://ap-northeast-2.ec2.archive.ubuntu.com/ubuntu/pool/main/e/e2fsprogs/libcom-err2_1.47.0-2.4%7eexp1ubuntu4.1_amd64.deb	200	22982	7ab24d3057dabf86db8f771ad6e43f073ed86b6b950d6e8ba22cb9fe6707bbc9	/home/aella/aws-discovery-jammy-noble-retry-20260831/upgrade-discovery/jammy-to-noble/runtime/deb-cache/4d/08/4d08231ff5fbbf58879b884327c09702ffb461cb7893dd9be123d7059c7b2209
jammy-to-noble	2026-08-31T12:40:16Z	GET	http://ap-northeast-2.ec2.archive.ubuntu.com/ubuntu/pool/main/l/lzo2/liblzo2-2_2.10-2build4_amd64.deb	http://ap-northeast-2.ec2.archive.ubuntu.com/ubuntu/pool/main/l/lzo2/liblzo2-2_2.10-2build4_amd64.deb	200	54148	e0d13be155013138b8db4cfe68212b866080af661c78302c2eab0d2f9d0d454e	/home/aella/aws-discovery-jammy-noble-retry-20260831/upgrade-discovery/jammy-to-noble/runtime/deb-cache/cf/36/cf36e7673ca881bf055ce63313f21aa0ff5c84de718b3089e4932f1211bc6819
jammy-to-noble	2026-08-31T12:40:16Z	GET	http://ap-northeast-2.ec2.archive.ubuntu.com/ubuntu/pool/main/g/gcc-14/libgcc-s1_14.2.0-4ubuntu2%7e24.04.1_amd64.deb	http://ap-northeast-2.ec2.archive.ubuntu.com/ubuntu/pool/main/g/gcc-14/libgcc-s1_14.2.0-4ubuntu2%7e24.04.1_amd64.deb	200	78392	aa7fadbe33b78bcf99885318040601c550c208929565b179891d9a3cc2aa68cd	/home/aella/aws-discovery-jammy-noble-retry-20260831/upgrade-discovery/jammy-to-noble/runtime/deb-cache/22/17/2217bf60d710a82086c2192161d7c431adbc7639b7bd3f46e4a98e153fe6444e
jammy-to-noble	2026-08-31T12:40:17Z	GET	http://ap-northeast-2.ec2.archive.ubuntu.com/ubuntu/pool/main/u/uchardet/libuchardet0_0.0.8-1build1_amd64.deb	http://ap-northeast-2.ec2.archive.ubuntu.com/ubuntu/pool/main/u/uchardet/libuchardet0_0.0.8-1build1_amd64.deb	200	75342	e2c390d8c1843059922f7ff3a74106c5af6fbf03c94532c07de16bf5af256fb4	/home/aella/aws-discovery-jammy-noble-retry-20260831/upgrade-discovery/jammy-to-noble/runtime/deb-cache/b2/20/b22069e4bc9e69922e7af24ccd027d4fa64702f4bdabcbca4cbede9456d81e83
jammy-to-noble	2026-08-31T12:40:19Z	GET	http://ap-northeast-2.ec2.archive.ubuntu.com/ubuntu/pool/main/g/groff/groff-base_1.23.0-3build2_amd64.deb	http://ap-northeast-2.ec2.archive.ubuntu.com/ubuntu/pool/main/g/groff/groff-base_1.23.0-3build2_amd64.deb	200	1019632	1cd698c64bb1100a505a71894321716d807dc976c26d488b339f0b6289aad2fc	/home/aella/aws-discovery-jammy-noble-retry-20260831/upgrade-discovery/jammy-to-noble/runtime/deb-cache/70/16/70160a7e68e907222704b6ac36c8a9db5c50c316083874d8fde89d6dac6a26c2
jammy-to-noble	2026-08-31T12:40:19Z	GET	http://ap-northeast-2.ec2.archive.ubuntu.com/ubuntu/pool/main/libp/libpipeline/libpipeline1_1.5.7-2_amd64.deb	http://ap-northeast-2.ec2.archive.ubuntu.com/ubuntu/pool/main/libp/libpipeline/libpipeline1_1.5.7-2_amd64.deb	200	23586	dcc1fa7ff2fa7c264a7de6fec3ddf673bed5819d92ee29c03cb9759822f67876	/home/aella/aws-discovery-jammy-noble-retry-20260831/upgrade-discovery/jammy-to-noble/runtime/deb-cache/df/52/df52065608958a6d492c87f10821b28927ecce4565add5f53e066e6f803bd8dc
jammy-to-noble	2026-08-31T12:40:19Z	GET	http://ap-northeast-2.ec2.archive.ubuntu.com/ubuntu/pool/main/c/cdebconf/libdebconfclient0_0.271ubuntu3_amd64.deb	http://ap-northeast-2.ec2.archive.ubuntu.com/ubuntu/pool/main/c/cdebconf/libdebconfclient0_0.271ubuntu3_amd64.deb	200	11398	0a07d284ca6e2ee18208b3bf9ddc19da803d96db8230cdf26d16ac3aae5b7893	/home/aella/aws-discovery-jammy-noble-retry-20260831/upgrade-discovery/jammy-to-noble/runtime/deb-cache/8e/cc/8ecc3c845b8a181fb0066051f7453f4e8043646ec6b634eda5fce831adcb4a6b
jammy-to-noble	2026-08-31T12:40:19Z	GET	http://ap-northeast-2.ec2.archive.ubuntu.com/ubuntu/pool/main/libf/libffi/libffi8_3.4.6-1build1_amd64.deb	http://ap-northeast-2.ec2.archive.ubuntu.com/ubuntu/pool/main/libf/libffi/libffi8_3.4.6-1build1_amd64.deb	200	24718	637e6a7744de08cd331a41f4efd0d24e6ea9064843dea9d1c6ca87bdb5f038a2	/home/aella/aws-discovery-jammy-noble-retry-20260831/upgrade-discovery/jammy-to-noble/runtime/deb-cache/26/28/2628281f542c0ba771346689e2ae355715aa4f58395c4ca694d38450436f856a
jammy-to-noble	2026-08-31T12:40:19Z	GET	http://ap-northeast-2.ec2.archive.ubuntu.com/ubuntu/pool/main/libt/libtasn1-6/libtasn1-6_4.19.0-3ubuntu0.24.04.2_amd64.deb	http://ap-northeast-2.ec2.archive.ubuntu.com/ubuntu/pool/main/libt/libtasn1-6/libtasn1-6_4.19.0-3ubuntu0.24.04.2_amd64.deb	200	44468	f82c9ad142f952ea523bda5bfca7bb0802af3a50b8c0f0dd9ec18cdfa104bde7	/home/aella/aws-discovery-jammy-noble-retry-20260831/upgrade-discovery/jammy-to-noble/runtime/deb-cache/a4/1b/a41b79525694fc798979a5947f9a2e1c52f7dd0209c1f5a39701b8e7f86a57e4
jammy-to-noble	2026-08-31T12:40:19Z	GET	http://ap-northeast-2.ec2.archive.ubuntu.com/ubuntu/pool/main/l/lvm2/libdevmapper1.02.1_1.02.185-3ubuntu3.2_amd64.deb	http://ap-northeast-2.ec2.archive.ubuntu.com/ubuntu/pool/main/l/lvm2/libdevmapper1.02.1_1.02.185-3ubuntu3.2_amd64.deb	200	139194	0d43a02b9030a50edbc49c9580f88f01eef2b043baad1c6200672c39643c0efe	/home/aella/aws-discovery-jammy-noble-retry-20260831/upgrade-discovery/jammy-to-noble/runtime/deb-cache/f2/6f/f26f2cb221148476bf6f88fcdfdf7fddc2d0ae000e986ce8223bb330f61092c6
jammy-to-noble	2026-08-31T12:40:19Z	GET	http://ap-northeast-2.ec2.archive.ubuntu.com/ubuntu/pool/main/d/dmidecode/dmidecode_3.5-3ubuntu0.1_amd64.deb	http://ap-northeast-2.ec2.archive.ubuntu.com/ubuntu/pool/main/d/dmidecode/dmidecode_3.5-3ubuntu0.1_amd64.deb	200	73004	4d837b0919d0288ad936c393d67942479c0cc5f216273b940f1479eb23f6dd4b	/home/aella/aws-discovery-jammy-noble-retry-20260831/upgrade-discovery/jammy-to-noble/runtime/deb-cache/af/02/af0274a76189a5c90852edb8673c4c6e3808efb985b226cf0d34d3147ce699bd
jammy-to-noble	2026-08-31T12:40:19Z	GET	http://ap-northeast-2.ec2.archive.ubuntu.com/ubuntu/pool/main/l/lvm2/dmsetup_1.02.185-3ubuntu3.2_amd64.deb	http://ap-northeast-2.ec2.archive.ubuntu.com/ubuntu/pool/main/l/lvm2/dmsetup_1.02.185-3ubuntu3.2_amd64.deb	200	79182	25619bad426e6ea795bf441c929f3c444ddf15c08740841ccc214951ce7ab6f8	/home/aella/aws-discovery-jammy-noble-retry-20260831/upgrade-discovery/jammy-to-noble/runtime/deb-cache/46/32/463200ab2bea8dd215a6b6d8e2bad60b29662365ca603f986d23ca1a4e2cbc30
jammy-to-noble	2026-08-31T12:40:19Z	GET	http://ap-northeast-2.ec2.archive.ubuntu.com/ubuntu/pool/main/t/tar/tar_1.35%2bdfsg-3ubuntu0.4_amd64.deb	http://ap-northeast-2.ec2.archive.ubuntu.com/ubuntu/pool/main/t/tar/tar_1.35%2bdfsg-3ubuntu0.4_amd64.deb	200	256392	fdf41a87936824e50c8ac11b0b22d1395aeb0754feef2dae5575b5d5a93793ec	/home/aella/aws-discovery-jammy-noble-retry-20260831/upgrade-discovery/jammy-to-noble/runtime/deb-cache/16/51/165158505047e28f8eabd4f5df122f291be9fd298912e667a09589dfe0bef7ed
jammy-to-noble	2026-08-31T12:40:20Z	GET	http://ap-northeast-2.ec2.archive.ubuntu.com/ubuntu/pool/main/d/dpkg/dpkg_1.22.6ubuntu6.6_amd64.deb	http://ap-northeast-2.ec2.archive.ubuntu.com/ubuntu/pool/main/d/dpkg/dpkg_1.22.6ubuntu6.6_amd64.deb	200	1282284	ceb6aa4da59fbcb8a3b0549b4280c60b7d849b519859797c8668bdfbe378fb3b	/home/aella/aws-discovery-jammy-noble-retry-20260831/upgrade-discovery/jammy-to-noble/runtime/deb-cache/fd/97/fd97f6842beebf139e3c72cfdc715f4e6982e65be1f195bcc5ad2fcb59d22cc4
jammy-to-noble	2026-08-31T12:40:20Z	GET	http://ap-northeast-2.ec2.archive.ubuntu.com/ubuntu/pool/main/x/xkeyboard-config/xkb-data_2.41-2ubuntu1.1_all.deb	http://ap-northeast-2.ec2.archive.ubuntu.com/ubuntu/pool/main/x/xkeyboard-config/xkb-data_2.41-2ubuntu1.1_all.deb	200	397328	e99f2a0b4c56cdf35dec489e56b6a8418826cab8ce6306ec6d0bd98e2cd0014a	/home/aella/aws-discovery-jammy-noble-retry-20260831/upgrade-discovery/jammy-to-noble/runtime/deb-cache/f7/78/f7784b994df6d7357b3b9a266214369067d4a95fa72e07b39ec8de9a22993e0b
jammy-to-noble	2026-08-31T12:40:20Z	GET	http://ap-northeast-2.ec2.archive.ubuntu.com/ubuntu/pool/main/k/kbd/kbd_2.6.4-2ubuntu2_amd64.deb	http://ap-northeast-2.ec2.archive.ubuntu.com/ubuntu/pool/main/k/kbd/kbd_2.6.4-2ubuntu2_amd64.deb	200	241220	ed05cafcbedae499a4a12ed492cc935611b8e76e0c291df3a2228b92a55a124c	/home/aella/aws-discovery-jammy-noble-retry-20260831/upgrade-discovery/jammy-to-noble/runtime/deb-cache/4d/9e/4d9e38cccd64b9481e78bc5b26796d7a4b6ba178e4b4137f07768c168fee2be0
jammy-to-noble	2026-08-31T12:40:20Z	GET	http://ap-northeast-2.ec2.archive.ubuntu.com/ubuntu/pool/main/i/init-system-helpers/init-system-helpers_1.66ubuntu1_all.deb	http://ap-northeast-2.ec2.archive.ubuntu.com/ubuntu/pool/main/i/init-system-helpers/init-system-helpers_1.66ubuntu1_all.deb	200	39402	8eb801f9ce084dab9bf4cbc3ec0ee5ac75516a4cc1f25e3f92298c632e75b700	/home/aella/aws-discovery-jammy-noble-retry-20260831/upgrade-discovery/jammy-to-noble/runtime/deb-cache/99/b5/99b59d9c584bbe2a8c56f3c5d0e023d256660f096574500311339882de54225b
jammy-to-noble	2026-08-31T12:40:20Z	GET	http://ap-northeast-2.ec2.archive.ubuntu.com/ubuntu/pool/main/c/console-setup/console-setup-linux_1.226ubuntu1.1_all.deb	http://ap-northeast-2.ec2.archive.ubuntu.com/ubuntu/pool/main/c/console-setup/console-setup-linux_1.226ubuntu1.1_all.deb	200	1880236	0eb39899bd329dea2286e4223c6a4ec8baa54d26cd292ddce43831805430a415	/home/aella/aws-discovery-jammy-noble-retry-20260831/upgrade-discovery/jammy-to-noble/runtime/deb-cache/6b/8d/6b8deebef8d2c7e2f50554a562f5a722481b7d699e241370b72a72b0d68ac500
jammy-to-noble	2026-08-31T12:40:20Z	GET	http://ap-northeast-2.ec2.archive.ubuntu.com/ubuntu/pool/main/liba/libalgorithm-diff-xs-perl/libalgorithm-diff-xs-perl_0.04-8build3_amd64.deb	http://ap-northeast-2.ec2.archive.ubuntu.com/ubuntu/pool/main/liba/libalgorithm-diff-xs-perl/libalgorithm-diff-xs-perl_0.04-8build3_amd64.deb	200	11176	be7d854fbc6bbe48bc1f0bd0bb66cfe27c9dca8b3037aa253394e88300f1d1a6	/home/aella/aws-discovery-jammy-noble-retry-20260831/upgrade-discovery/jammy-to-noble/runtime/deb-cache/01/1f/011fc4a1b9610a6040e5f2879500f4c50d558ec495ad64ca6d4661a597804eca
jammy-to-noble	2026-08-31T12:40:20Z	GET	http://ap-northeast-2.ec2.archive.ubuntu.com/ubuntu/pool/main/libt/libtext-iconv-perl/libtext-iconv-perl_1.7-8build3_amd64.deb	http://ap-northeast-2.ec2.archive.ubuntu.com/ubuntu/pool/main/libt/libtext-iconv-perl/libtext-iconv-perl_1.7-8build3_amd64.deb	200	13478	b5f873b2d90987a112107a17d0f91aa3234a16b78a0d48fd7b557a85c5606e08	/home/aella/aws-discovery-jammy-noble-retry-20260831/upgrade-discovery/jammy-to-noble/runtime/deb-cache/32/af/32afa34711fb8025268150916a5bfca2a93638b24d87e238ba17fcc3f6302db4
jammy-to-noble	2026-08-31T12:40:20Z	GET	http://ap-northeast-2.ec2.archive.ubuntu.com/ubuntu/pool/main/libt/libtext-charwidth-perl/libtext-charwidth-perl_0.04-11build3_amd64.deb	http://ap-northeast-2.ec2.archive.ubuntu.com/ubuntu/pool/main/libt/libtext-charwidth-perl/libtext-charwidth-perl_0.04-11build3_amd64.deb	200	9358	de34eec83eece9900f60ae4d4fa617cde3d6442d231ce1c269a055cc91a6d396	/home/aella/aws-discovery-jammy-noble-retry-20260831/upgrade-discovery/jammy-to-noble/runtime/deb-cache/38/c3/38c3587f4a4d697783f8438192f8f0891f3a097f316260a5cbbc073361a56a18
jammy-to-noble	2026-08-31T12:40:20Z	GET	http://ap-northeast-2.ec2.archive.ubuntu.com/ubuntu/pool/main/libt/libterm-readkey-perl/libterm-readkey-perl_2.38-2build4_amd64.deb	http://ap-northeast-2.ec2.archive.ubuntu.com/ubuntu/pool/main/libt/libterm-readkey-perl/libterm-readkey-perl_2.38-2build4_amd64.deb	200	23110	8437e18260fb2233a30b5428050809b2d5e68c17653ff54be5fedddb11fd186a	/home/aella/aws-discovery-jammy-noble-retry-20260831/upgrade-discovery/jammy-to-noble/runtime/deb-cache/10/98/1098705f35094bcc8b10b0b2d6325526677324f56b50e6db72c73dede38b1db6
jammy-to-noble	2026-08-31T12:40:20Z	GET	http://ap-northeast-2.ec2.archive.ubuntu.com/ubuntu/pool/main/libp/libproc-processtable-perl/libproc-processtable-perl_0.636-1build3_amd64.deb	http://ap-northeast-2.ec2.archive.ubuntu.com/ubuntu/pool/main/libp/libproc-processtable-perl/libproc-processtable-perl_0.636-1build3_amd64.deb	200	35692	08b92841e13b2c955b9bedc276b632487982449c529b31acff0b2aecc4aff335	/home/aella/aws-discovery-jammy-noble-retry-20260831/upgrade-discovery/jammy-to-noble/runtime/deb-cache/a9/86/a986a2305da5bd997ada3acebe8b2723615e2521faa911588f60535b7a173e60
jammy-to-noble	2026-08-31T12:40:20Z	GET	http://ap-northeast-2.ec2.archive.ubuntu.com/ubuntu/pool/main/p/perl/perl-modules-5.38_5.38.2-3.2ubuntu0.4_all.deb	http://ap-northeast-2.ec2.archive.ubuntu.com/ubuntu/pool/main/p/perl/perl-modules-5.38_5.38.2-3.2ubuntu0.4_all.deb	200	3110104	14e3fb89fdc5e154f0f442f8ed5d2b5e07d98fe4b883b97793df459ff265e866	/home/aella/aws-discovery-jammy-noble-retry-20260831/upgrade-discovery/jammy-to-noble/runtime/deb-cache/97/fd/97fdb3ead571e0901198c3953bb150ed1efd543f721968a0f1592a214dba6d3c
jammy-to-noble	2026-08-31T12:40:20Z	GET	http://ap-northeast-2.ec2.archive.ubuntu.com/ubuntu/pool/main/p/perl/libperl5.38t64_5.38.2-3.2ubuntu0.4_amd64.deb	http://ap-northeast-2.ec2.archive.ubuntu.com/ubuntu/pool/main/p/perl/libperl5.38t64_5.38.2-3.2ubuntu0.4_amd64.deb	200	4869836	00eae8a6e18a028f0ddc80fda8cd98678e441fc15e2e72aec359706c5e9d488f	/home/aella/aws-discovery-jammy-noble-retry-20260831/upgrade-discovery/jammy-to-noble/runtime/deb-cache/8e/ce/8ecef7ec00c1ed8d16fdcd9c2a253dd4c7da820595d72b90ed97b07519459eed
jammy-to-noble	2026-08-31T12:40:20Z	GET	http://ap-northeast-2.ec2.archive.ubuntu.com/ubuntu/pool/main/p/perl/perl_5.38.2-3.2ubuntu0.4_amd64.deb	http://ap-northeast-2.ec2.archive.ubuntu.com/ubuntu/pool/main/p/perl/perl_5.38.2-3.2ubuntu0.4_amd64.deb	200	231440	01ede0de6496d53bb6e9548a8aa4576c4e5d57df461c06def7633ef659c0c108	/home/aella/aws-discovery-jammy-noble-retry-20260831/upgrade-discovery/jammy-to-noble/runtime/deb-cache/14/cb/14cb13f4063959254895ced02a7ba51cdb4215b07b0cad9379c058b9df042910
jammy-to-noble	2026-08-31T12:40:20Z	GET	http://ap-northeast-2.ec2.archive.ubuntu.com/ubuntu/pool/main/p/perl/perl-base_5.38.2-3.2ubuntu0.4_amd64.deb	http://ap-northeast-2.ec2.archive.ubuntu.com/ubuntu/pool/main/p/perl/perl-base_5.38.2-3.2ubuntu0.4_amd64.deb	200	1826252	ef444936e7e698abce3391ffb4bfa2697e1c65f08b2332fd0b8ef9c267cc8f94	/home/aella/aws-discovery-jammy-noble-retry-20260831/upgrade-discovery/jammy-to-noble/runtime/deb-cache/9c/b5/9cb5b19d2532bb40318a2b9d5437c1b4bbd3fbe7d6e15fb2095a5cdc9424ba8f
jammy-to-noble	2026-08-31T12:40:20Z	GET	http://ap-northeast-2.ec2.archive.ubuntu.com/ubuntu/pool/main/libl/liblocale-gettext-perl/liblocale-gettext-perl_1.07-6ubuntu5_amd64.deb	http://ap-northeast-2.ec2.archive.ubuntu.com/ubuntu/pool/main/libl/liblocale-gettext-perl/liblocale-gettext-perl_1.07-6ubuntu5_amd64.deb	200	15812	19daa45d4ef74b06a6a7b88bf37e709e96c499a6375d0ea22a8171c42694b3f1	/home/aella/aws-discovery-jammy-noble-retry-20260831/upgrade-discovery/jammy-to-noble/runtime/deb-cache/81/28/812818de56419d5ab4e4cc041d0873f4cb4842d72360587857d69b0ad5e4640e
jammy-to-noble	2026-08-31T12:40:20Z	GET	http://ap-northeast-2.ec2.archive.ubuntu.com/ubuntu/pool/main/libi/libintl-perl/libintl-perl_1.33-1build3_all.deb	http://ap-northeast-2.ec2.archive.ubuntu.com/ubuntu/pool/main/libi/libintl-perl/libintl-perl_1.33-1build3_all.deb	200	702238	98056a68dd23303d251195550f6f5166d9102f867dfb429dbc49e0916ceb9424	/home/aella/aws-discovery-jammy-noble-retry-20260831/upgrade-discovery/jammy-to-noble/runtime/deb-cache/0f/16/0f1665cbb7530c0db48963af187e0f4fe033f56a20f77b7f25cc3b180dfd28c5
jammy-to-noble	2026-08-31T12:40:20Z	GET	http://ap-northeast-2.ec2.archive.ubuntu.com/ubuntu/pool/main/libi/libintl-perl/libintl-xs-perl_1.33-1build3_amd64.deb	http://ap-northeast-2.ec2.archive.ubuntu.com/ubuntu/pool/main/libi/libintl-perl/libintl-xs-perl_1.33-1build3_amd64.deb	200	13576	8e37f2a0c08b229cccef4f0f4ca3ac49d7fe070a280fe6eab42f8cebdc89f5de	/home/aella/aws-discovery-jammy-noble-retry-20260831/upgrade-discovery/jammy-to-noble/runtime/deb-cache/90/24/9024024d99a61e43f1359a26a70ffe35afaf1391a0d93dbe19c4b1ca62bfb6cd
jammy-to-noble	2026-08-31T12:40:20Z	GET	http://ap-northeast-2.ec2.archive.ubuntu.com/ubuntu/pool/main/libf/libfile-fcntllock-perl/libfile-fcntllock-perl_0.22-4ubuntu5_amd64.deb	http://ap-northeast-2.ec2.archive.ubuntu.com/ubuntu/pool/main/libf/libfile-fcntllock-perl/libfile-fcntllock-perl_0.22-4ubuntu5_amd64.deb	200	30666	01a1dddd874ba1aa70e6b6baf7206df0faa4e5dd4bdcbf9f1cd4e8ee1d8548d4	/home/aella/aws-discovery-jammy-noble-retry-20260831/upgrade-discovery/jammy-to-noble/runtime/deb-cache/ba/c1/bac15c098c0bfff6b02492c7c4cf688a784554521a3ab91ca29d240c135beaa0
jammy-to-noble	2026-08-31T12:40:20Z	GET	http://ap-northeast-2.ec2.archive.ubuntu.com/ubuntu/pool/main/c/console-setup/console-setup_1.226ubuntu1.1_all.deb	http://ap-northeast-2.ec2.archive.ubuntu.com/ubuntu/pool/main/c/console-setup/console-setup_1.226ubuntu1.1_all.deb	200	111120	d364ab6a2c1e88a3829702b3bd66769533fd68f9c17f02ef251e9d6764875518	/home/aella/aws-discovery-jammy-noble-retry-20260831/upgrade-discovery/jammy-to-noble/runtime/deb-cache/56/57/56571fb91f9474b25e23b7b5e1f07375157013da035b079b35b1792f9a62d276
jammy-to-noble	2026-08-31T12:40:20Z	GET	http://ap-northeast-2.ec2.archive.ubuntu.com/ubuntu/pool/main/c/console-setup/keyboard-configuration_1.226ubuntu1.1_all.deb	http://ap-northeast-2.ec2.archive.ubuntu.com/ubuntu/pool/main/c/console-setup/keyboard-configuration_1.226ubuntu1.1_all.deb	200	212004	efd41eab2266789a7b43b2f36516860c28f19920d0c656b3cdc2647547f61330	/home/aella/aws-discovery-jammy-noble-retry-20260831/upgrade-discovery/jammy-to-noble/runtime/deb-cache/b4/59/b459843212eb498d4f9d90c9f80a3edb230a76b6f0644254b312b59a15c3c5f9
jammy-to-noble	2026-08-31T12:40:21Z	GET	http://ap-northeast-2.ec2.archive.ubuntu.com/ubuntu/pool/main/s/sysvinit/sysvinit-utils_3.08-6ubuntu3_amd64.deb	http://ap-northeast-2.ec2.archive.ubuntu.com/ubuntu/pool/main/s/sysvinit/sysvinit-utils_3.08-6ubuntu3_amd64.deb	200	34170	03cf5c9c28a5d186fb7f5214e464f831ff28177695cbb61e66083237267a047e	/home/aella/aws-discovery-jammy-noble-retry-20260831/upgrade-discovery/jammy-to-noble/runtime/deb-cache/f8/c8/f8c88ca786b090a70ade6a2533efb6cf41028262af1b2cb38e4d5568a002b6f5
jammy-to-noble	2026-08-31T12:40:22Z	GET	http://ap-northeast-2.ec2.archive.ubuntu.com/ubuntu/pool/main/l/lsb/lsb-base_11.6_all.deb	http://ap-northeast-2.ec2.archive.ubuntu.com/ubuntu/pool/main/l/lsb/lsb-base_11.6_all.deb	200	4606	08a563e3c1984acdb295f12b77b4ec18d2ccf52fd03280a5bea29e506a3350ee	/home/aella/aws-discovery-jammy-noble-retry-20260831/upgrade-discovery/jammy-to-noble/runtime/deb-cache/18/a3/18a3e9546485642ac4e5b51e926f759e0275551297d010dad3e8d9df3ab090b8
jammy-to-noble	2026-08-31T12:40:24Z	GET	http://ap-northeast-2.ec2.archive.ubuntu.com/ubuntu/pool/main/s/sg3-utils/sg3-utils_1.46-3ubuntu4_amd64.deb	http://ap-northeast-2.ec2.archive.ubuntu.com/ubuntu/pool/main/s/sg3-utils/sg3-utils_1.46-3ubuntu4_amd64.deb	200	839836	d967fecd7fbcb5b22574e0d70b7f0bcdff90ec229bcf0330ea356251fb875296	/home/aella/aws-discovery-jammy-noble-retry-20260831/upgrade-discovery/jammy-to-noble/runtime/deb-cache/bf/16/bf16f19f8ad735aa63c3de98e27cc0b9c6b34ae0b0ebfe5ada5a2ee4e8c14e86
jammy-to-noble	2026-08-31T12:40:24Z	GET	http://ap-northeast-2.ec2.archive.ubuntu.com/ubuntu/pool/main/s/sg3-utils/libsgutils2-1.46-2_1.46-3ubuntu4_amd64.deb	http://ap-northeast-2.ec2.archive.ubuntu.com/ubuntu/pool/main/s/sg3-utils/libsgutils2-1.46-2_1.46-3ubuntu4_amd64.deb	200	93988	6212a772512c0a571c7c2ca5c4325b7276960741f4a28bb18d9a228537a1044b	/home/aella/aws-discovery-jammy-noble-retry-20260831/upgrade-discovery/jammy-to-noble/runtime/deb-cache/0c/aa/0caa093577e09951951687c5242d5e483dfc2a9b7fa19fc5f779575446b6e1c9
jammy-to-noble	2026-08-31T12:40:24Z	GET	http://ap-northeast-2.ec2.archive.ubuntu.com/ubuntu/pool/main/s/sg3-utils/sg3-utils-udev_1.46-3ubuntu4_all.deb	http://ap-northeast-2.ec2.archive.ubuntu.com/ubuntu/pool/main/s/sg3-utils/sg3-utils-udev_1.46-3ubuntu4_all.deb	200	5922	021078fb7a69a7800edcf7f6311280f26432b7f63fd9c8e58cdc528bbe52a553	/home/aella/aws-discovery-jammy-noble-retry-20260831/upgrade-discovery/jammy-to-noble/runtime/deb-cache/58/5e/585ef222b3b5d571cfafb8901920fb65a3b15bbb0d00e852534917c2052e1c00
jammy-to-noble	2026-08-31T12:40:24Z	GET	http://ap-northeast-2.ec2.archive.ubuntu.com/ubuntu/pool/main/liba/libassuan/libassuan0_2.5.6-1build1_amd64.deb	http://ap-northeast-2.ec2.archive.ubuntu.com/ubuntu/pool/main/liba/libassuan/libassuan0_2.5.6-1build1_amd64.deb	200	37256	59c6ee6aa6fffb5d181f37373baec18c26791f5d1c907ceeb62163460b11daf2	/home/aella/aws-discovery-jammy-noble-retry-20260831/upgrade-discovery/jammy-to-noble/runtime/deb-cache/9e/76/9e7640a115441a24b53fae04d4b10905763af8352d20e86e5322dd5610fda67a
jammy-to-noble	2026-08-31T12:40:24Z	GET	http://ap-northeast-2.ec2.archive.ubuntu.com/ubuntu/pool/main/s/sqlite3/libsqlite3-0_3.45.1-1ubuntu2.7_amd64.deb	http://ap-northeast-2.ec2.archive.ubuntu.com/ubuntu/pool/main/s/sqlite3/libsqlite3-0_3.45.1-1ubuntu2.7_amd64.deb	200	701442	488511119cad001a00f7e00e597112cf743ccfbd3f7a03c82d66237e1bfd82c8	/home/aella/aws-discovery-jammy-noble-retry-20260831/upgrade-discovery/jammy-to-noble/runtime/deb-cache/56/51/56510643de273c7987f49b498f45c712b54e817512dfe45cd62fbb4595025f78
jammy-to-noble	2026-08-31T12:40:25Z	GET	http://ap-northeast-2.ec2.archive.ubuntu.com/ubuntu/pool/main/r/readline/readline-common_8.2-4build1_all.deb	http://ap-northeast-2.ec2.archive.ubuntu.com/ubuntu/pool/main/r/readline/readline-common_8.2-4build1_all.deb	200	56484	879bfd7f8a9bc4c0f7cdc777cdd8bc6de5f8c4a2ac80c060322a1b22f13504bb	/home/aella/aws-discovery-jammy-noble-retry-20260831/upgrade-discovery/jammy-to-noble/runtime/deb-cache/9a/dc/9adce062d4bd52032b5f80055e7ea7084a909182c7f9df2ad3811e3018b0eada
jammy-to-noble	2026-08-31T12:40:25Z	GET	http://ap-northeast-2.ec2.archive.ubuntu.com/ubuntu/pool/main/n/ncurses/libncursesw6_6.4%2b20240113-1ubuntu2.1_amd64.deb	http://ap-northeast-2.ec2.archive.ubuntu.com/ubuntu/pool/main/n/ncurses/libncursesw6_6.4%2b20240113-1ubuntu2.1_amd64.deb	200	147818	bc860e63d1f8e653b1d14695ed5e3e8baf88b14c38ba0e6a93c67809a7c116a6	/home/aella/aws-discovery-jammy-noble-retry-20260831/upgrade-discovery/jammy-to-noble/runtime/deb-cache/79/48/7948b12490d4baa24cb0a3ee504259a667314ce90ee622b2074d5e43a864b93b
jammy-to-noble	2026-08-31T12:40:25Z	GET	http://ap-northeast-2.ec2.archive.ubuntu.com/ubuntu/pool/main/p/pinentry/pinentry-curses_1.2.1-3ubuntu5_amd64.deb	http://ap-northeast-2.ec2.archive.ubuntu.com/ubuntu/pool/main/p/pinentry/pinentry-curses_1.2.1-3ubuntu5_amd64.deb	200	35244	d3df9109d1e8e4ca05630f3a6fb7d2231f71d97fc4205d0681e1c421cc77ce41	/home/aella/aws-discovery-jammy-noble-retry-20260831/upgrade-discovery/jammy-to-noble/runtime/deb-cache/2f/32/2f325315505968fd098ecf57f751210162b76695bd79ab805236895a9dc72bd6
jammy-to-noble	2026-08-31T12:40:26Z	GET	http://ap-northeast-2.ec2.archive.ubuntu.com/ubuntu/pool/main/u/ubuntu-keyring/ubuntu-keyring_2023.11.28.1_all.deb	http://ap-northeast-2.ec2.archive.ubuntu.com/ubuntu/pool/main/u/ubuntu-keyring/ubuntu-keyring_2023.11.28.1_all.deb	200	11124	36de43b15853ccae0028e9a767613770c704833f82586f28eb262f0311adb8a8	/home/aella/aws-discovery-jammy-noble-retry-20260831/upgrade-discovery/jammy-to-noble/runtime/deb-cache/0d/10/0d10e836e280bd671fd45365f1f96c4d8da4e19d9344e0fbf464dddaf757ed03
jammy-to-noble	2026-08-31T12:40:26Z	GET	http://ap-northeast-2.ec2.archive.ubuntu.com/ubuntu/pool/main/p/python-apt/python-apt-common_2.7.7ubuntu5.2_all.deb	http://ap-northeast-2.ec2.archive.ubuntu.com/ubuntu/pool/main/p/python-apt/python-apt-common_2.7.7ubuntu5.2_all.deb	200	20576	f038a5741b69c53fd2fe840d98940058950f623790fc934e3ab43906ec61b3f9	/home/aella/aws-discovery-jammy-noble-retry-20260831/upgrade-discovery/jammy-to-noble/runtime/deb-cache/bc/1d/bc1d0ebbe7a482726979c7d0f05cf8c862c4ba3dcfb0ef5137a59831b9525d92
jammy-to-noble	2026-08-31T12:40:26Z	GET	http://ap-northeast-2.ec2.archive.ubuntu.com/ubuntu/pool/main/d/distro-info-data/distro-info-data_0.72-0ubuntu0.24.04.1_all.deb	http://ap-northeast-2.ec2.archive.ubuntu.com/ubuntu/pool/main/d/distro-info-data/distro-info-data_0.72-0ubuntu0.24.04.1_all.deb	200	7598	c4f7d3a00f67d7a8cfe67e2f12a85b483183b3c80e380851c6200cc18cdbaf4d	/home/aella/aws-discovery-jammy-noble-retry-20260831/upgrade-discovery/jammy-to-noble/runtime/deb-cache/3f/f0/3ff03e1e8ec9279abf917c3a87b6df2d7de6ec8069f3938c974a3a4c8f156cdc
jammy-to-noble	2026-08-31T12:40:26Z	GET	http://ap-northeast-2.ec2.archive.ubuntu.com/ubuntu/pool/main/p/popt/libpopt0_1.19%2bdfsg-1build1_amd64.deb	http://ap-northeast-2.ec2.archive.ubuntu.com/ubuntu/pool/main/p/popt/libpopt0_1.19%2bdfsg-1build1_amd64.deb	200	28562	b3e7ea5192e57c847b77c527d51f5b8d4bce47988d2ba326a5c3193f6d173ded	/home/aella/aws-discovery-jammy-noble-retry-20260831/upgrade-discovery/jammy-to-noble/runtime/deb-cache/3e/3f/3e3f8db6adfef56529a238d5da15c239e8b701a506217ee44ae9848bf97eac5a
jammy-to-noble	2026-08-31T12:40:26Z	GET	http://ap-northeast-2.ec2.archive.ubuntu.com/ubuntu/pool/main/c/cryptsetup/cryptsetup-bin_2.7.0-1ubuntu4.2_amd64.deb	http://ap-northeast-2.ec2.archive.ubuntu.com/ubuntu/pool/main/c/cryptsetup/cryptsetup-bin_2.7.0-1ubuntu4.2_amd64.deb	200	210524	63fc1b21893ddcbc85968cf06d6c321d77ad062fa6210c029b0554aaade04eab	/home/aella/aws-discovery-jammy-noble-retry-20260831/upgrade-discovery/jammy-to-noble/runtime/deb-cache/5a/ba/5aba916c609077f199a62f61a51f94c9074d2c273aadf605ae8dac6e22047756
jammy-to-noble	2026-08-31T12:40:26Z	GET	http://ap-northeast-2.ec2.archive.ubuntu.com/ubuntu/pool/main/l/lvm2/lvm2_2.03.16-3ubuntu3.2_amd64.deb	http://ap-northeast-2.ec2.archive.ubuntu.com/ubuntu/pool/main/l/lvm2/lvm2_2.03.16-3ubuntu3.2_amd64.deb	200	1186438	6333e7396390aae125153e42148a57818461db8b6b8784db11b707df831ab61c	/home/aella/aws-discovery-jammy-noble-retry-20260831/upgrade-discovery/jammy-to-noble/runtime/deb-cache/07/03/07034300002171301a286c85cd47c2d8d5999d267711aa8b4f1ba2742e97b1b2
jammy-to-noble	2026-08-31T12:40:26Z	GET	http://ap-northeast-2.ec2.archive.ubuntu.com/ubuntu/pool/main/c/cryptsetup/cryptsetup-initramfs_2.7.0-1ubuntu4.2_all.deb	http://ap-northeast-2.ec2.archive.ubuntu.com/ubuntu/pool/main/c/cryptsetup/cryptsetup-initramfs_2.7.0-1ubuntu4.2_all.deb	200	39988	2d0cad34abef898ea030e46e16ac37d1c692a0beb9acc114026e32ab72b91f71	/home/aella/aws-discovery-jammy-noble-retry-20260831/upgrade-discovery/jammy-to-noble/runtime/deb-cache/95/2b/952b83b2a97ba213c6c331e4fb08316ce742199dbe91461d6c0e7c4704e9c870
jammy-to-noble	2026-08-31T12:40:26Z	GET	http://ap-northeast-2.ec2.archive.ubuntu.com/ubuntu/pool/main/c/cryptsetup/cryptsetup_2.7.0-1ubuntu4.2_amd64.deb	http://ap-northeast-2.ec2.archive.ubuntu.com/ubuntu/pool/main/c/cryptsetup/cryptsetup_2.7.0-1ubuntu4.2_amd64.deb	200	208134	ed5fd9a77f2867ce094ac8eca180fea3887b92a5409a21a4c73d01a33118d83a	/home/aella/aws-discovery-jammy-noble-retry-20260831/upgrade-discovery/jammy-to-noble/runtime/deb-cache/c8/0f/c80f7caa73da6e7987b23221138abfd944b0bcd2979bfcd7e9cbb888d68f04d9
jammy-to-noble	2026-08-31T12:40:26Z	GET	http://ap-northeast-2.ec2.archive.ubuntu.com/ubuntu/pool/main/l/lvm2/libdevmapper-event1.02.1_1.02.185-3ubuntu3.2_amd64.deb	http://ap-northeast-2.ec2.archive.ubuntu.com/ubuntu/pool/main/l/lvm2/libdevmapper-event1.02.1_1.02.185-3ubuntu3.2_amd64.deb	200	12586	7fabf1d0874b86ee96bec13dbbd01a455264e1adcf1076ae88f7487bf452e4fd	/home/aella/aws-discovery-jammy-noble-retry-20260831/upgrade-discovery/jammy-to-noble/runtime/deb-cache/56/15/5615db8c798622482798acb8c1124447dae6d404ad57d5dc91a946f4c960ca44
jammy-to-noble	2026-08-31T12:40:26Z	GET	http://ap-northeast-2.ec2.archive.ubuntu.com/ubuntu/pool/main/l/lvm2/liblvm2cmd2.03_2.03.16-3ubuntu3.2_amd64.deb	http://ap-northeast-2.ec2.archive.ubuntu.com/ubuntu/pool/main/l/lvm2/liblvm2cmd2.03_2.03.16-3ubuntu3.2_amd64.deb	200	796600	d527e11d027f8413b1534556c0e78ce4a5a29583a57b2af37a8c32b84ba4e39b	/home/aella/aws-discovery-jammy-noble-retry-20260831/upgrade-discovery/jammy-to-noble/runtime/deb-cache/d9/8c/d98c6cb02fb73745f7e28d5ce01f608ea393f226aeb58090bd90b87addf24a87
jammy-to-noble	2026-08-31T12:40:26Z	GET	http://ap-northeast-2.ec2.archive.ubuntu.com/ubuntu/pool/main/l/lvm2/dmeventd_1.02.185-3ubuntu3.2_amd64.deb	http://ap-northeast-2.ec2.archive.ubuntu.com/ubuntu/pool/main/l/lvm2/dmeventd_1.02.185-3ubuntu3.2_amd64.deb	200	37964	9681c525c8fe73c06b8d01b903654f89e8d6486bab71574862d1fb2f2d4aaf07	/home/aella/aws-discovery-jammy-noble-retry-20260831/upgrade-discovery/jammy-to-noble/runtime/deb-cache/98/c0/98c03a33b89eedfaa28b3a67f7c0700ad6f84072ad239f83796e59c9d978e90c
jammy-to-noble	2026-08-31T12:40:26Z	GET	http://ap-northeast-2.ec2.archive.ubuntu.com/ubuntu/pool/main/a/argon2/libargon2-1_0%7e20190702%2bdfsg-4build1_amd64.deb	http://ap-northeast-2.ec2.archive.ubuntu.com/ubuntu/pool/main/a/argon2/libargon2-1_0%7e20190702%2bdfsg-4build1_amd64.deb	200	20824	e2c50cb5c50ca598585397f4d4ce43e6f0b5e3ddc212c23b30bdb34ca4a61f66	/home/aella/aws-discovery-jammy-noble-retry-20260831/upgrade-discovery/jammy-to-noble/runtime/deb-cache/36/d4/36d44303d0a7fb32afb707819e81cae230693bb593176d66f49fe2fd651637b7
jammy-to-noble	2026-08-31T12:40:27Z	GET	http://ap-northeast-2.ec2.archive.ubuntu.com/ubuntu/pool/main/j/json-c/libjson-c5_0.17-1build1_amd64.deb	http://ap-northeast-2.ec2.archive.ubuntu.com/ubuntu/pool/main/j/json-c/libjson-c5_0.17-1build1_amd64.deb	200	35340	3ac608d78e9e981e14ba7ceb141a46e3dd3ae8d6dbb3a7ecafd2698fe9930584	/home/aella/aws-discovery-jammy-noble-retry-20260831/upgrade-discovery/jammy-to-noble/runtime/deb-cache/04/0f/040f406fa439ce9a5db08df93e3e5b8d862808de751bacfca3930415fb776d53
jammy-to-noble	2026-08-31T12:40:27Z	GET	http://ap-northeast-2.ec2.archive.ubuntu.com/ubuntu/pool/main/c/cryptsetup/libcryptsetup12_2.7.0-1ubuntu4.2_amd64.deb	http://ap-northeast-2.ec2.archive.ubuntu.com/ubuntu/pool/main/c/cryptsetup/libcryptsetup12_2.7.0-1ubuntu4.2_amd64.deb	200	266122	f6f6a7f35104da711997b52c92ab91ce1f47dd039d276d5beb797d713447c9f2	/home/aella/aws-discovery-jammy-noble-retry-20260831/upgrade-discovery/jammy-to-noble/runtime/deb-cache/ec/9b/ec9b9da2a5ff9331f89dd2d4048aa737c9ed8f7d528f8a58e50fda6a7996f883
jammy-to-noble	2026-08-31T12:40:27Z	GET	http://ap-northeast-2.ec2.archive.ubuntu.com/ubuntu/pool/main/n/nspr/libnspr4_4.35-1.1build1_amd64.deb	http://ap-northeast-2.ec2.archive.ubuntu.com/ubuntu/pool/main/n/nspr/libnspr4_4.35-1.1build1_amd64.deb	200	117398	e579e72d091f6c7a13f5a756c31065b15aae5b81840d61b069355aa2283c07b4	/home/aella/aws-discovery-jammy-noble-retry-20260831/upgrade-discovery/jammy-to-noble/runtime/deb-cache/2f/78/2f789b2a501098597c52b27f6ee32e028516356a5cf14ef28435966eb4ef19e9
jammy-to-noble	2026-08-31T12:40:27Z	GET	http://ap-northeast-2.ec2.archive.ubuntu.com/ubuntu/pool/main/n/nss/libnss3_3.98-1ubuntu0.2_amd64.deb	http://ap-northeast-2.ec2.archive.ubuntu.com/ubuntu/pool/main/n/nss/libnss3_3.98-1ubuntu0.2_amd64.deb	200	1445132	4254f11d782dfb970e78113519a59d440112ed43c4b56f709da0aef81da8651a	/home/aella/aws-discovery-jammy-noble-retry-20260831/upgrade-discovery/jammy-to-noble/runtime/deb-cache/dc/9e/dc9e8da643677e6a026fe317ef675fc92aa9980af5506b1f4eade2d7c184e068
jammy-to-noble	2026-08-31T12:40:27Z	GET	http://ap-northeast-2.ec2.archive.ubuntu.com/ubuntu/pool/main/libe/liberror-perl/liberror-perl_0.17029-2_all.deb	http://ap-northeast-2.ec2.archive.ubuntu.com/ubuntu/pool/main/libe/liberror-perl/liberror-perl_0.17029-2_all.deb	200	25632	1907af6bf33dd8684447c09f216c675d2b8559fadd8ddace29fbf83c6fb2a636	/home/aella/aws-discovery-jammy-noble-retry-20260831/upgrade-discovery/jammy-to-noble/runtime/deb-cache/22/94/229429982f450c27cafe1ae509551ef3207f6438e158a85cc613a7925cff26b1
jammy-to-noble	2026-08-31T12:40:27Z	GET	http://ap-northeast-2.ec2.archive.ubuntu.com/ubuntu/pool/main/b/brotli/libbrotli1_1.1.0-2build2_amd64.deb	http://ap-northeast-2.ec2.archive.ubuntu.com/ubuntu/pool/main/b/brotli/libbrotli1_1.1.0-2build2_amd64.deb	200	330730	74492419b8fda803774b8c9acef6afc5d2f9ff31782635aae212906adae7b277	/home/aella/aws-discovery-jammy-noble-retry-20260831/upgrade-discovery/jammy-to-noble/runtime/deb-cache/8c/49/8c49c0606886e73775563b367a2dbe0080fb940acd58a69037cf958fe1e005f7
jammy-to-noble	2026-08-31T12:40:27Z	GET	http://ap-northeast-2.ec2.archive.ubuntu.com/ubuntu/pool/main/k/krb5/libgssapi-krb5-2_1.20.1-6ubuntu2.8_amd64.deb	http://ap-northeast-2.ec2.archive.ubuntu.com/ubuntu/pool/main/k/krb5/libgssapi-krb5-2_1.20.1-6ubuntu2.8_amd64.deb	200	142680	6cd99ec16ae12eb465712f950e43eaf03a8d2a6ab24c00178df56470d5343b66	/home/aella/aws-discovery-jammy-noble-retry-20260831/upgrade-discovery/jammy-to-noble/runtime/deb-cache/41/2c/412cb4e23afe31c83575b116b8130e2bb26a3386149bda88c987156a0eec3ac6
jammy-to-noble	2026-08-31T12:40:27Z	GET	http://ap-northeast-2.ec2.archive.ubuntu.com/ubuntu/pool/main/k/krb5/libkrb5-3_1.20.1-6ubuntu2.8_amd64.deb	http://ap-northeast-2.ec2.archive.ubuntu.com/ubuntu/pool/main/k/krb5/libkrb5-3_1.20.1-6ubuntu2.8_amd64.deb	200	347620	63ab8110daea359f55d8135d395de198257acb1f948500c561745addddfece4c	/home/aella/aws-discovery-jammy-noble-retry-20260831/upgrade-discovery/jammy-to-noble/runtime/deb-cache/8b/9c/8b9c2f21c9c00b072508a96906fa844b03de9ac3e95c3e3e41531ec215490cf6
jammy-to-noble	2026-08-31T12:40:27Z	GET	http://ap-northeast-2.ec2.archive.ubuntu.com/ubuntu/pool/main/k/krb5/libk5crypto3_1.20.1-6ubuntu2.8_amd64.deb	http://ap-northeast-2.ec2.archive.ubuntu.com/ubuntu/pool/main/k/krb5/libk5crypto3_1.20.1-6ubuntu2.8_amd64.deb	200	81946	48f689737191cfafaf3c158e9b07d6448f9e6217ad7abbaacc4f96dc95403fa2	/home/aella/aws-discovery-jammy-noble-retry-20260831/upgrade-discovery/jammy-to-noble/runtime/deb-cache/22/f7/22f78f4d78cf96119357cc98e23c9bc6ae81c454dc92c8b8ffd13a00fba33d43
jammy-to-noble	2026-08-31T12:40:27Z	GET	http://ap-northeast-2.ec2.archive.ubuntu.com/ubuntu/pool/main/k/krb5/libkrb5support0_1.20.1-6ubuntu2.8_amd64.deb	http://ap-northeast-2.ec2.archive.ubuntu.com/ubuntu/pool/main/k/krb5/libkrb5support0_1.20.1-6ubuntu2.8_amd64.deb	200	34688	cee1efc93d4ce4a97db756269824b5a2b90d2cb993cd76102432db60890819fc	/home/aella/aws-discovery-jammy-noble-retry-20260831/upgrade-discovery/jammy-to-noble/runtime/deb-cache/73/f4/73f4b8101aa1fcea57d679bae78d0b4cbd53dbab1ac85328103779dbee2822b0
jammy-to-noble	2026-08-31T12:40:27Z	GET	http://ap-northeast-2.ec2.archive.ubuntu.com/ubuntu/pool/main/k/keyutils/libkeyutils1_1.6.3-3build1_amd64.deb	http://ap-northeast-2.ec2.archive.ubuntu.com/ubuntu/pool/main/k/keyutils/libkeyutils1_1.6.3-3build1_amd64.deb	200	9490	0679f198b0128179e46cdf956fb2022c23c758664c00bc8efa0382d509683a8a	/home/aella/aws-discovery-jammy-noble-retry-20260831/upgrade-discovery/jammy-to-noble/runtime/deb-cache/b9/fb/b9fb73c093eb1982ad243247bc405f3544d706dad6ca483f9b3ff5ed6c0322a8
jammy-to-noble	2026-08-31T12:40:27Z	GET	http://ap-northeast-2.ec2.archive.ubuntu.com/ubuntu/pool/main/libs/libssh/libssh-4_0.10.6-2ubuntu0.4_amd64.deb	http://ap-northeast-2.ec2.archive.ubuntu.com/ubuntu/pool/main/libs/libssh/libssh-4_0.10.6-2ubuntu0.4_amd64.deb	200	190218	c8dcd54390e09aba855ec0565d22396dabe52896c47856cf040b9e1ad37d9ff9	/home/aella/aws-discovery-jammy-noble-retry-20260831/upgrade-discovery/jammy-to-noble/runtime/deb-cache/e4/be/e4bebd269ccef1837ba0b2a41988622576dfcf69ef0ef0d81d201536c22df347
jammy-to-noble	2026-08-31T12:40:27Z	GET	http://ap-northeast-2.ec2.archive.ubuntu.com/ubuntu/pool/main/s/snowball/libstemmer0d_2.2.0-4build1_amd64.deb	http://ap-northeast-2.ec2.archive.ubuntu.com/ubuntu/pool/main/s/snowball/libstemmer0d_2.2.0-4build1_amd64.deb	200	160766	131d145e9b110df4b4b953b5ab7b95a6531fab86e6d4b461728a63860fe00d53	/home/aella/aws-discovery-jammy-noble-retry-20260831/upgrade-discovery/jammy-to-noble/runtime/deb-cache/0f/ce/0fce3d34a302bde492b6069a3922413dbc15dbe94a5b5619a65498e1bd46c65b
jammy-to-noble	2026-08-31T12:40:27Z	GET	http://ap-northeast-2.ec2.archive.ubuntu.com/ubuntu/pool/main/i/icu/libicu74_74.2-1ubuntu3.1_amd64.deb	http://ap-northeast-2.ec2.archive.ubuntu.com/ubuntu/pool/main/i/icu/libicu74_74.2-1ubuntu3.1_amd64.deb	200	10860078	c9a70989678660eed9a1e904c74fa043da8bec8e2036856fc16e31ced79b04f8	/home/aella/aws-discovery-jammy-noble-retry-20260831/upgrade-discovery/jammy-to-noble/runtime/deb-cache/2c/00/2c0051ce072567047db78f644017b8b46c412e48421d3cefe9d9da19c9574f28
jammy-to-noble	2026-08-31T12:40:27Z	GET	http://ap-northeast-2.ec2.archive.ubuntu.com/ubuntu/pool/main/libx/libxml2/libxml2_2.9.14%2bdfsg-1.3ubuntu3.8_amd64.deb	http://ap-northeast-2.ec2.archive.ubuntu.com/ubuntu/pool/main/libx/libxml2/libxml2_2.9.14%2bdfsg-1.3ubuntu3.8_amd64.deb	200	763972	bfd07c01d6e5ab3e327f3ca5819409b1914bbfb3f1a016d53e4dabd5f96143bb	/home/aella/aws-discovery-jammy-noble-retry-20260831/upgrade-discovery/jammy-to-noble/runtime/deb-cache/31/4d/314d91c8953a07fa79a62b967d5b2a764b800b736ac158b8ba1ff920435a4ce4
jammy-to-noble	2026-08-31T12:40:27Z	GET	http://ap-northeast-2.ec2.archive.ubuntu.com/ubuntu/pool/main/liby/libyaml/libyaml-0-2_0.2.5-1build1_amd64.deb	http://ap-northeast-2.ec2.archive.ubuntu.com/ubuntu/pool/main/liby/libyaml/libyaml-0-2_0.2.5-1build1_amd64.deb	200	51492	f5271b120d936dcc7ddf17b9e718df41d55386a6075555d0c634925eaef0b2ac	/home/aella/aws-discovery-jammy-noble-retry-20260831/upgrade-discovery/jammy-to-noble/runtime/deb-cache/0c/36/0c3639e253e8c2d7ef5ff0d0eb76d9f15ced9457d55ccd4adf747d083bc6adec
jammy-to-noble	2026-08-31T12:40:27Z	GET	http://ap-northeast-2.ec2.archive.ubuntu.com/ubuntu/pool/main/g/glib2.0/libglib2.0-data_2.80.0-6ubuntu3.8_all.deb	http://ap-northeast-2.ec2.archive.ubuntu.com/ubuntu/pool/main/g/glib2.0/libglib2.0-data_2.80.0-6ubuntu3.8_all.deb	200	49588	4f4269f52ac6a933dc53f37a2144a3984abbd4a1a0d44da1e7edbae410ddc1f4	/home/aella/aws-discovery-jammy-noble-retry-20260831/upgrade-discovery/jammy-to-noble/runtime/deb-cache/65/72/65721e25916600a5c25e72520121628e4cf5a6370bf834b2160e3e27623f90ff
jammy-to-noble	2026-08-31T12:40:27Z	GET	http://ap-northeast-2.ec2.archive.ubuntu.com/ubuntu/pool/main/s/sed/sed_4.9-2ubuntu0.24.04.1_amd64.deb	http://ap-northeast-2.ec2.archive.ubuntu.com/ubuntu/pool/main/s/sed/sed_4.9-2ubuntu0.24.04.1_amd64.deb	200	193590	5406c0950df2653be3d4acaf9f169c51d30cf4a617b63423e64d2853b0d72b5c	/home/aella/aws-discovery-jammy-noble-retry-20260831/upgrade-discovery/jammy-to-noble/runtime/deb-cache/65/c0/65c06a100ab78e4e9e8ab251def66a9405a90c899bf5e51a0ceaef2dc9ab498d
jammy-to-noble	2026-08-31T12:40:27Z	GET	http://ap-northeast-2.ec2.archive.ubuntu.com/ubuntu/pool/main/s/sgml-base/sgml-base_1.31_all.deb	http://ap-northeast-2.ec2.archive.ubuntu.com/ubuntu/pool/main/s/sgml-base/sgml-base_1.31_all.deb	200	11446	b112268e2feca483398805e92e29e31b07592ddbc4bb021bd5f8f64f8042ca86	/home/aella/aws-discovery-jammy-noble-retry-20260831/upgrade-discovery/jammy-to-noble/runtime/deb-cache/8c/a2/8ca27cdf8d75295cfc90c6e982e14be945472fe071ffdd4283cdb747e191e3dc
jammy-to-noble	2026-08-31T12:40:27Z	GET	http://ap-northeast-2.ec2.archive.ubuntu.com/ubuntu/pool/main/x/xml-core/xml-core_0.19_all.deb	http://ap-northeast-2.ec2.archive.ubuntu.com/ubuntu/pool/main/x/xml-core/xml-core_0.19_all.deb	200	20340	0775fdd720d5ed81250da73a1d825a863be7a997122ae11077c89db37d82cb6d	/home/aella/aws-discovery-jammy-noble-retry-20260831/upgrade-discovery/jammy-to-noble/runtime/deb-cache/74/ff/74ff2fafcff1a8bd085a9e6814f7fd15313a01e2803b33f89b0d22e7a9874440
jammy-to-noble	2026-08-31T12:40:27Z	GET	http://ap-northeast-2.ec2.archive.ubuntu.com/ubuntu/pool/main/libu/libunwind/libunwind8_1.6.2-3build1.1_amd64.deb	http://ap-northeast-2.ec2.archive.ubuntu.com/ubuntu/pool/main/libu/libunwind/libunwind8_1.6.2-3build1.1_amd64.deb	200	55254	825cb8724bb6b3389587e30c03ab3381f56a2422cafe3b1945f37e055c65e942	/home/aella/aws-discovery-jammy-noble-retry-20260831/upgrade-discovery/jammy-to-noble/runtime/deb-cache/f2/cf/f2cfedd1c68993b3fa623870eb815b0bf432891e553aadbedf05b2739037b06f
jammy-to-noble	2026-08-31T12:40:27Z	GET	http://ap-northeast-2.ec2.archive.ubuntu.com/ubuntu/pool/main/libc/libcap2/libcap2-bin_2.66-5ubuntu2.4_amd64.deb	http://ap-northeast-2.ec2.archive.ubuntu.com/ubuntu/pool/main/libc/libcap2/libcap2-bin_2.66-5ubuntu2.4_amd64.deb	200	34134	a8c875e1711a7a101e995814e6500c826cb658551660ef967ec15fbda79a3997	/home/aella/aws-discovery-jammy-noble-retry-20260831/upgrade-discovery/jammy-to-noble/runtime/deb-cache/66/9d/669d4ae8a870e19554b03a107576432f28ddc47ee2db6d2d2c35f4233e15c534
jammy-to-noble	2026-08-31T12:40:27Z	GET	http://ap-northeast-2.ec2.archive.ubuntu.com/ubuntu/pool/main/libc/libcap2/libpam-cap_2.66-5ubuntu2.4_amd64.deb	http://ap-northeast-2.ec2.archive.ubuntu.com/ubuntu/pool/main/libc/libcap2/libpam-cap_2.66-5ubuntu2.4_amd64.deb	200	12458	d25dfd8aca462788683f3d98b1b1867d58969f331e88608a73953254ed75d5ed	/home/aella/aws-discovery-jammy-noble-retry-20260831/upgrade-discovery/jammy-to-noble/runtime/deb-cache/41/f1/41f1df716cc2de05dc8891f022b298e87806058aab87d4d5b8b03bab4284fe65
jammy-to-noble	2026-08-31T12:40:27Z	GET	http://ap-northeast-2.ec2.archive.ubuntu.com/ubuntu/pool/main/x/xxhash/libxxhash0_0.8.2-2build1_amd64.deb	http://ap-northeast-2.ec2.archive.ubuntu.com/ubuntu/pool/main/x/xxhash/libxxhash0_0.8.2-2build1_amd64.deb	200	24056	75de256c2d162dfc541beb69a83f025742cd13329262af9059eff3ca42a53239	/home/aella/aws-discovery-jammy-noble-retry-20260831/upgrade-discovery/jammy-to-noble/runtime/deb-cache/84/0b/840b59286956e65453c7fd849d0558cb5ccbd848c07bd9439c82024181032569
jammy-to-noble	2026-08-31T12:40:27Z	GET	http://ap-northeast-2.ec2.archive.ubuntu.com/ubuntu/pool/main/d/distro-info/distro-info_1.7build1_amd64.deb	http://ap-northeast-2.ec2.archive.ubuntu.com/ubuntu/pool/main/d/distro-info/distro-info_1.7build1_amd64.deb	200	19874	e93fb6f8e178de630c64abe15982d1695f6dadbd6b36617dc08cbda1b72b223c	/home/aella/aws-discovery-jammy-noble-retry-20260831/upgrade-discovery/jammy-to-noble/runtime/deb-cache/9c/52/9c528f563a06626a77b9a16cd46ed936f745bd1f56656e7bf85062e01853369a
jammy-to-noble	2026-08-31T12:40:28Z	GET	http://ap-northeast-2.ec2.archive.ubuntu.com/ubuntu/pool/main/m/mpfr4/libmpfr6_4.2.1-1build1.1_amd64.deb	http://ap-northeast-2.ec2.archive.ubuntu.com/ubuntu/pool/main/m/mpfr4/libmpfr6_4.2.1-1build1.1_amd64.deb	200	353020	aebc1c8b69a1f98bb43dfc268daecd181116dbf40b13ee4e822eb4bdd52b493a	/home/aella/aws-discovery-jammy-noble-retry-20260831/upgrade-discovery/jammy-to-noble/runtime/deb-cache/b8/0a/b80a9520f55a1a2067b697d298002a563ca97ce924bb923b0af56c1a06785466
jammy-to-noble	2026-08-31T12:40:28Z	GET	http://ap-northeast-2.ec2.archive.ubuntu.com/ubuntu/pool/main/u/util-linux/libfdisk1_2.39.3-9ubuntu6.5_amd64.deb	http://ap-northeast-2.ec2.archive.ubuntu.com/ubuntu/pool/main/u/util-linux/libfdisk1_2.39.3-9ubuntu6.5_amd64.deb	200	146354	a67f2ed8b8a0323ab3c1e33a8caf81b9bf8ceb1d3586ec5600f40e1406c48f6a	/home/aella/aws-discovery-jammy-noble-retry-20260831/upgrade-discovery/jammy-to-noble/runtime/deb-cache/5e/13/5e1319224d98c6cd98248ab1cd0538b784725c8d6ef5fa1f00ddad3ab2556f3c
jammy-to-noble	2026-08-31T12:40:28Z	GET	http://ap-northeast-2.ec2.archive.ubuntu.com/ubuntu/pool/main/liba/libatasmart/libatasmart4_0.19-5build3_amd64.deb	http://ap-northeast-2.ec2.archive.ubuntu.com/ubuntu/pool/main/liba/libatasmart/libatasmart4_0.19-5build3_amd64.deb	200	24196	dcbc228bd01964b9a26cac40008ff5fca753dc20a9a213d2d3bd590c2dec9516	/home/aella/aws-discovery-jammy-noble-retry-20260831/upgrade-discovery/jammy-to-noble/runtime/deb-cache/49/7a/497a8d17c527b84874f2fbdf44a02a9d97ccea7f64b94fa0210f0e480a78e2ac
jammy-to-noble	2026-08-31T12:40:28Z	GET	http://ap-northeast-2.ec2.archive.ubuntu.com/ubuntu/pool/main/g/gobject-introspection/gir1.2-girepository-2.0_1.80.1-1_amd64.deb	http://ap-northeast-2.ec2.archive.ubuntu.com/ubuntu/pool/main/g/gobject-introspection/gir1.2-girepository-2.0_1.80.1-1_amd64.deb	200	24530	fde3d3a4ef2b997bda1904ccd340f0c82abd7cae5c3e96a1519326b91caac19a	/home/aella/aws-discovery-jammy-noble-retry-20260831/upgrade-discovery/jammy-to-noble/runtime/deb-cache/85/bc/85bc3ecb6d4c900033ca5c5d8aeed609fcdbb76c5399aa8451a820db637cfc3b
jammy-to-noble	2026-08-31T12:40:28Z	GET	http://ap-northeast-2.ec2.archive.ubuntu.com/ubuntu/pool/main/libm/libmnl/libmnl0_1.0.5-2build1_amd64.deb	http://ap-northeast-2.ec2.archive.ubuntu.com/ubuntu/pool/main/libm/libmnl/libmnl0_1.0.5-2build1_amd64.deb	200	12272	5170658bf0eaf54a8c7d53061ca6b47a6cf33a83543a75fa521de7046cb7197a	/home/aella/aws-discovery-jammy-noble-retry-20260831/upgrade-discovery/jammy-to-noble/runtime/deb-cache/78/a9/78a9246b49af2f20623c26dcc69dbfa9b0444c9f2a0bc91e86951ffb3f821654
jammy-to-noble	2026-08-31T12:40:28Z	GET	http://ap-northeast-2.ec2.archive.ubuntu.com/ubuntu/pool/main/e/ethtool/ethtool_6.7-1build1_amd64.deb	http://ap-northeast-2.ec2.archive.ubuntu.com/ubuntu/pool/main/e/ethtool/ethtool_6.7-1build1_amd64.deb	200	228510	b0f36f1da7a0438aac6e537453dc1a3c817b1b88e49230ed25943a94b73aa226	/home/aella/aws-discovery-jammy-noble-retry-20260831/upgrade-discovery/jammy-to-noble/runtime/deb-cache/c1/d3/c1d33269f5624982e36dd5e1f4dac4ec88a828f563e394a92abf680d745eefe3
jammy-to-noble	2026-08-31T12:40:29Z	GET	http://ap-northeast-2.ec2.archive.ubuntu.com/ubuntu/pool/main/libb/libbpf/libbpf1_1.3.0-2build2_amd64.deb	http://ap-northeast-2.ec2.archive.ubuntu.com/ubuntu/pool/main/libb/libbpf/libbpf1_1.3.0-2build2_amd64.deb	200	165734	5654cbb145c2b299472cd208dd06c7dc09bf06cad4c4663fc42a865a51a0d96f	/home/aella/aws-discovery-jammy-noble-retry-20260831/upgrade-discovery/jammy-to-noble/runtime/deb-cache/7b/32/7b3208d57f5d413d950ef8e82baa322d7953da09def53b3df5df697f00580569
jammy-to-noble	2026-08-31T12:40:29Z	GET	http://ap-northeast-2.ec2.archive.ubuntu.com/ubuntu/pool/main/i/iptables/libxtables12_1.8.10-3ubuntu2_amd64.deb	http://ap-northeast-2.ec2.archive.ubuntu.com/ubuntu/pool/main/i/iptables/libxtables12_1.8.10-3ubuntu2_amd64.deb	200	35704	c94063499d1b0b336f39607107efb7de95d52a5d4e7e6a9368a5f7308f05b714	/home/aella/aws-discovery-jammy-noble-retry-20260831/upgrade-discovery/jammy-to-noble/runtime/deb-cache/50/80/5080d75ee8bd7b0a3556ebf027f69f630d9cf3eb1e88b244bd2bbb1e627dbff9
jammy-to-noble	2026-08-31T12:40:31Z	GET	http://ap-northeast-2.ec2.archive.ubuntu.com/ubuntu/pool/main/i/iptables/iptables_1.8.10-3ubuntu2_amd64.deb	http://ap-northeast-2.ec2.archive.ubuntu.com/ubuntu/pool/main/i/iptables/iptables_1.8.10-3ubuntu2_amd64.deb	200	381328	d341e8ffc42ca035f5aa0fd9a798c8d2b2edb019225dc11f4dac16edf9c57840	/home/aella/aws-discovery-jammy-noble-retry-20260831/upgrade-discovery/jammy-to-noble/runtime/deb-cache/fa/38/fa384593d0f6d72456fd87f712465b7ac16f6190ed380f5df8d795d13d3cde8b
jammy-to-noble	2026-08-31T12:40:31Z	GET	http://ap-northeast-2.ec2.archive.ubuntu.com/ubuntu/pool/main/i/iptables/libip4tc2_1.8.10-3ubuntu2_amd64.deb	http://ap-northeast-2.ec2.archive.ubuntu.com/ubuntu/pool/main/i/iptables/libip4tc2_1.8.10-3ubuntu2_amd64.deb	200	23342	eb381f8ff0469534df3f1b146c3eb8baa6e36f8cfcdf2e3e039398322930d0a4	/home/aella/aws-discovery-jammy-noble-retry-20260831/upgrade-discovery/jammy-to-noble/runtime/deb-cache/f1/f5/f1f531b265caa3180a090aa41f11474ba18d3bc1d323f8e3aef0d44a3eb608ce
jammy-to-noble	2026-08-31T12:40:32Z	GET	http://ap-northeast-2.ec2.archive.ubuntu.com/ubuntu/pool/main/i/iptables/libip6tc2_1.8.10-3ubuntu2_amd64.deb	http://ap-northeast-2.ec2.archive.ubuntu.com/ubuntu/pool/main/i/iptables/libip6tc2_1.8.10-3ubuntu2_amd64.deb	200	23732	b98b88eb6aa14a902ea1aebc3b12ddd140572545ae1fc6428cb0868c31671d05	/home/aella/aws-discovery-jammy-noble-retry-20260831/upgrade-discovery/jammy-to-noble/runtime/deb-cache/c7/28/c728cfcb265bcdd80e0096d52c382ea4d75c915f6f76c06778a51ccd9841d4a4
jammy-to-noble	2026-08-31T12:40:32Z	GET	http://ap-northeast-2.ec2.archive.ubuntu.com/ubuntu/pool/main/libn/libnfnetlink/libnfnetlink0_1.0.2-2build1_amd64.deb	http://ap-northeast-2.ec2.archive.ubuntu.com/ubuntu/pool/main/libn/libnfnetlink/libnfnetlink0_1.0.2-2build1_amd64.deb	200	14810	f557a287af2ca00df5dbf632c6b77d77479139ffb51c83e3de9766eb609b5d63	/home/aella/aws-discovery-jammy-noble-retry-20260831/upgrade-discovery/jammy-to-noble/runtime/deb-cache/42/8d/428d78216df708b9ec8087db1c8e1e2d53ef560adf185bf77daf8165bb598a61
jammy-to-noble	2026-08-31T12:40:32Z	GET	http://ap-northeast-2.ec2.archive.ubuntu.com/ubuntu/pool/main/n/netbase/netbase_6.4_all.deb	http://ap-northeast-2.ec2.archive.ubuntu.com/ubuntu/pool/main/n/netbase/netbase_6.4_all.deb	200	13112	8cdbc9c3dca01e660759bf9d840f72e45ac72faf5d19ca1faecacaf6a60c1a87	/home/aella/aws-discovery-jammy-noble-retry-20260831/upgrade-discovery/jammy-to-noble/runtime/deb-cache/94/0f/940f06240636181188de2ec9bd91cc1d9944a3670adbf7ad47a95338026e32b9
jammy-to-noble	2026-08-31T12:40:33Z	GET	http://ap-northeast-2.ec2.archive.ubuntu.com/ubuntu/pool/main/libn/libnetfilter-conntrack/libnetfilter-conntrack3_1.0.9-6build1_amd64.deb	http://ap-northeast-2.ec2.archive.ubuntu.com/ubuntu/pool/main/libn/libnetfilter-conntrack/libnetfilter-conntrack3_1.0.9-6build1_amd64.deb	200	45218	6d32a4c4618eb7d6c0d989591d28637a9acdfa86dfe22e42e9ac9cc25d882a97	/home/aella/aws-discovery-jammy-noble-retry-20260831/upgrade-discovery/jammy-to-noble/runtime/deb-cache/21/a4/21a4bcf8171095d5b965b5b7ad133d60e85cd43eadfe21d0f7ee371943704968
jammy-to-noble	2026-08-31T12:40:33Z	GET	http://ap-northeast-2.ec2.archive.ubuntu.com/ubuntu/pool/main/libn/libnftnl/libnftnl11_1.2.6-2build1_amd64.deb	http://ap-northeast-2.ec2.archive.ubuntu.com/ubuntu/pool/main/libn/libnftnl/libnftnl11_1.2.6-2build1_amd64.deb	200	65986	e5bde5c9cbb95082700011f0b7ef2c0a41900b0a9fd7434f6e90448e2a7b4e50	/home/aella/aws-discovery-jammy-noble-retry-20260831/upgrade-discovery/jammy-to-noble/runtime/deb-cache/d9/4e/d94e7822e7830df1eff24b74239a892bc8f61078991d7275ffeab0142afacac2
jammy-to-noble	2026-08-31T12:40:33Z	GET	http://ap-northeast-2.ec2.archive.ubuntu.com/ubuntu/pool/main/i/iproute2/iproute2_6.1.0-1ubuntu6.4_amd64.deb	http://ap-northeast-2.ec2.archive.ubuntu.com/ubuntu/pool/main/i/iproute2/iproute2_6.1.0-1ubuntu6.4_amd64.deb	200	1119922	f6c91ec6dba02f8965c88f901205c7db72bc8bf38ef1fdfaaee51030dfa145ea	/home/aella/aws-discovery-jammy-noble-retry-20260831/upgrade-discovery/jammy-to-noble/runtime/deb-cache/11/ee/11ee63836d377c76c96437f5df506036887171387ef0cf8183681ea5bc7a8d3e
jammy-to-noble	2026-08-31T12:40:33Z	GET	http://ap-northeast-2.ec2.archive.ubuntu.com/ubuntu/pool/main/libu/libusb-1.0/libusb-1.0-0_1.0.27-1_amd64.deb	http://ap-northeast-2.ec2.archive.ubuntu.com/ubuntu/pool/main/libu/libusb-1.0/libusb-1.0-0_1.0.27-1_amd64.deb	200	54008	d59e679a82ee2b724c556397e831e879936adbe8a007705872b65a5e1ec887b5	/home/aella/aws-discovery-jammy-noble-retry-20260831/upgrade-discovery/jammy-to-noble/runtime/deb-cache/e9/f0/e9f075d906de2a170c99e2ef81375dd66fd217d8767de1edc2c300f24238c6f2
jammy-to-noble	2026-08-31T12:40:33Z	GET	http://ap-northeast-2.ec2.archive.ubuntu.com/ubuntu/pool/main/n/numactl/libnuma1_2.0.18-1ubuntu0.24.04.1_amd64.deb	http://ap-northeast-2.ec2.archive.ubuntu.com/ubuntu/pool/main/n/numactl/libnuma1_2.0.18-1ubuntu0.24.04.1_amd64.deb	200	23396	f333b8edf6f0b705c19f2a67008194df66f7aab0fa2350dc98510569a033ff29	/home/aella/aws-discovery-jammy-noble-retry-20260831/upgrade-discovery/jammy-to-noble/runtime/deb-cache/49/04/49042720e8088315e2b2e3513e8681377559719ba8ec7fb0d65389ef4ccc4adf
jammy-to-noble	2026-08-31T12:40:33Z	GET	http://ap-northeast-2.ec2.archive.ubuntu.com/ubuntu/pool/main/g/gsettings-desktop-schemas/gsettings-desktop-schemas_46.1-0ubuntu1_all.deb	http://ap-northeast-2.ec2.archive.ubuntu.com/ubuntu/pool/main/g/gsettings-desktop-schemas/gsettings-desktop-schemas_46.1-0ubuntu1_all.deb	200	35644	4d15441e9197f95b29c0d2845d8fcdbf63fa4ac0c68fb221820ccd24131e3436	/home/aella/aws-discovery-jammy-noble-retry-20260831/upgrade-discovery/jammy-to-noble/runtime/deb-cache/e0/4d/e04dfc8a70f24ab8cf49fb980a49c59c444c6a01649b190c2fa064305f9cbd83
jammy-to-noble	2026-08-31T12:40:33Z	GET	http://ap-northeast-2.ec2.archive.ubuntu.com/ubuntu/pool/main/libx/libxslt/libxslt1.1_1.1.39-0exp1ubuntu0.24.04.3_amd64.deb	http://ap-northeast-2.ec2.archive.ubuntu.com/ubuntu/pool/main/libx/libxslt/libxslt1.1_1.1.39-0exp1ubuntu0.24.04.3_amd64.deb	200	167806	e716daf96ea2526cab92e5cc4708739d5f2f4b89fb76782dfda7f49283eeeb40	/home/aella/aws-discovery-jammy-noble-retry-20260831/upgrade-discovery/jammy-to-noble/runtime/deb-cache/79/b4/79b4ad819aa8ab4930430ff55a529c49d550d58e639290bd1ce429f28e06efd6
jammy-to-noble	2026-08-31T12:40:33Z	GET	http://ap-northeast-2.ec2.archive.ubuntu.com/ubuntu/pool/main/libd/libdrm/libdrm-common_2.4.125-1ubuntu0.1%7e24.04.2_all.deb	http://ap-northeast-2.ec2.archive.ubuntu.com/ubuntu/pool/main/libd/libdrm/libdrm-common_2.4.125-1ubuntu0.1%7e24.04.2_all.deb	200	9250	0b60996bc18fa1545e60a47bb0fe1a7f360ec06fe62ba35fb8d8ba2a54e62166	/home/aella/aws-discovery-jammy-noble-retry-20260831/upgrade-discovery/jammy-to-noble/runtime/deb-cache/be/ed/beed2688c395889226ee1ef41f119f8a1b584e26428ccfa16ebe0856f2bb0f1c
jammy-to-noble	2026-08-31T12:40:33Z	GET	http://ap-northeast-2.ec2.archive.ubuntu.com/ubuntu/pool/main/libd/libdrm/libdrm2_2.4.125-1ubuntu0.1%7e24.04.2_amd64.deb	http://ap-northeast-2.ec2.archive.ubuntu.com/ubuntu/pool/main/libd/libdrm/libdrm2_2.4.125-1ubuntu0.1%7e24.04.2_amd64.deb	200	41388	4d3e858dd57be617c49d87c5ddcdb35df744a4f0a559981256ae2ba174718584	/home/aella/aws-discovery-jammy-noble-retry-20260831/upgrade-discovery/jammy-to-noble/runtime/deb-cache/73/b0/73b01b97820d085d2f5e64bf66b2f4f97ef6ed242c4e76c9cae189e7cd6e7db1
jammy-to-noble	2026-08-31T12:40:33Z	GET	http://ap-northeast-2.ec2.archive.ubuntu.com/ubuntu/pool/main/u/util-linux/mount_2.39.3-9ubuntu6.5_amd64.deb	http://ap-northeast-2.ec2.archive.ubuntu.com/ubuntu/pool/main/u/util-linux/mount_2.39.3-9ubuntu6.5_amd64.deb	200	118262	84d1eeed7c94f51165c1fe9e19aa6bafdc0629d35337efd92827c260c2a7be02	/home/aella/aws-discovery-jammy-noble-retry-20260831/upgrade-discovery/jammy-to-noble/runtime/deb-cache/76/56/76564af50ec55c69e25f44f9bf4b515653cb4e39c4a39d8982e5fd4e51e70911
jammy-to-noble	2026-08-31T12:40:33Z	GET	http://ap-northeast-2.ec2.archive.ubuntu.com/ubuntu/pool/main/f/fuse3/fuse3_3.14.0-5build1_amd64.deb	http://ap-northeast-2.ec2.archive.ubuntu.com/ubuntu/pool/main/f/fuse3/fuse3_3.14.0-5build1_amd64.deb	200	25156	1e5580eeb72e830f0b242254b2438669a94c9912abf1e2f188b2992f188cc995	/home/aella/aws-discovery-jammy-noble-retry-20260831/upgrade-discovery/jammy-to-noble/runtime/deb-cache/59/a2/59a24ec2442cb80a8d098f7995fb633e0c2d281606c2484edc1e4df18c06dfe4
jammy-to-noble	2026-08-31T12:40:33Z	GET	http://ap-northeast-2.ec2.archive.ubuntu.com/ubuntu/pool/main/f/fuse3/libfuse3-3_3.14.0-5build1_amd64.deb	http://ap-northeast-2.ec2.archive.ubuntu.com/ubuntu/pool/main/f/fuse3/libfuse3-3_3.14.0-5build1_amd64.deb	200	83124	3042159c6d7d4dcb3df9d49cd21e49ecb57f4ba8c4153a72102f512a4fc534a2	/home/aella/aws-discovery-jammy-noble-retry-20260831/upgrade-discovery/jammy-to-noble/runtime/deb-cache/38/67/38678c1f7faf2203a53979396001479a713d3e4460dfddfdfb8c76c1911ebb14
jammy-to-noble	2026-08-31T12:40:33Z	GET	http://ap-northeast-2.ec2.archive.ubuntu.com/ubuntu/pool/main/p/pci.ids/pci.ids_0.0%7e2024.03.31-1ubuntu0.1_all.deb	http://ap-northeast-2.ec2.archive.ubuntu.com/ubuntu/pool/main/p/pci.ids/pci.ids_0.0%7e2024.03.31-1ubuntu0.1_all.deb	200	275208	1b8e5abfbd8d38c66cee2ecb843b26413d0a80e2844d2dbabf0197ab3dee9168	/home/aella/aws-discovery-jammy-noble-retry-20260831/upgrade-discovery/jammy-to-noble/runtime/deb-cache/30/60/306008c1c7e272d18c491d0b15ea172f613b51018d0b5a36d3961524f2e25231
jammy-to-noble	2026-08-31T12:40:34Z	GET	http://ap-northeast-2.ec2.archive.ubuntu.com/ubuntu/pool/main/p/pciutils/pciutils_3.10.0-2build1_amd64.deb	http://ap-northeast-2.ec2.archive.ubuntu.com/ubuntu/pool/main/p/pciutils/pciutils_3.10.0-2build1_amd64.deb	200	69712	f3a2f1237f611258684a4f7789c5b75f4c7f172988feebf990ef593f54bac324	/home/aella/aws-discovery-jammy-noble-retry-20260831/upgrade-discovery/jammy-to-noble/runtime/deb-cache/03/e1/03e1d0653d98c4a5703b7d3fc08337686f8b779446e492ffbc135e0f390fbd8e
jammy-to-noble	2026-08-31T12:40:34Z	GET	http://ap-northeast-2.ec2.archive.ubuntu.com/ubuntu/pool/main/p/pciutils/libpci3_3.10.0-2build1_amd64.deb	http://ap-northeast-2.ec2.archive.ubuntu.com/ubuntu/pool/main/p/pciutils/libpci3_3.10.0-2build1_amd64.deb	200	36458	8e281ca777649e78755b064cb7ce0646a1cff6bede7e765ddc61f8bd1fb4e723	/home/aella/aws-discovery-jammy-noble-retry-20260831/upgrade-discovery/jammy-to-noble/runtime/deb-cache/06/d0/06d068ae4208ea3df7b6513be3b87cdbdea16ba2b9194abffa3e7db6063076f5
jammy-to-noble	2026-08-31T12:40:34Z	GET	http://ap-northeast-2.ec2.archive.ubuntu.com/ubuntu/pool/main/l/lsb-release-minimal/lsb-release_12.0-2_all.deb	http://ap-northeast-2.ec2.archive.ubuntu.com/ubuntu/pool/main/l/lsb-release-minimal/lsb-release_12.0-2_all.deb	200	6564	0ae566092f2d6f3000ce25a7a68497a97b637abf8dc25cbdf961c8ee66e562a7	/home/aella/aws-discovery-jammy-noble-retry-20260831/upgrade-discovery/jammy-to-noble/runtime/deb-cache/b3/27/b3273e5a8da61b9fe531819a2ff88b4909f94fc88d74f4eb1eaed19467ac1403
jammy-to-noble	2026-08-31T12:40:35Z	GET	http://ap-northeast-2.ec2.archive.ubuntu.com/ubuntu/pool/main/l/linux/linux-libc-dev_6.8.0-138.138_amd64.deb	http://ap-northeast-2.ec2.archive.ubuntu.com/ubuntu/pool/main/l/linux/linux-libc-dev_6.8.0-138.138_amd64.deb	200	1522718	f4186f788e64662d7b10a489b45d7bc953a3b382748ef14f84b2159cd659ff3b	/home/aella/aws-discovery-jammy-noble-retry-20260831/upgrade-discovery/jammy-to-noble/runtime/deb-cache/6f/e8/6fe823f6b1a4c1a97b359444826cf217297f23bbd6d186c20095888008135b1f
jammy-to-noble	2026-08-31T12:40:35Z	GET	http://ap-northeast-2.ec2.archive.ubuntu.com/ubuntu/pool/main/p/pam/libpam-runtime_1.5.3-5ubuntu5.7_all.deb	http://ap-northeast-2.ec2.archive.ubuntu.com/ubuntu/pool/main/p/pam/libpam-runtime_1.5.3-5ubuntu5.7_all.deb	200	40754	879a23df25b1ba28801c9caf73f1ac36724bdff9834b5a0db7d0ac5ba6f8e191	/home/aella/aws-discovery-jammy-noble-retry-20260831/upgrade-discovery/jammy-to-noble/runtime/deb-cache/05/ff/05ff484094bd1fb6692bd44583016fbdd7024d6914540b4d2dc74df792e3a206
jammy-to-noble	2026-08-31T12:40:35Z	GET	http://ap-northeast-2.ec2.archive.ubuntu.com/ubuntu/pool/main/libu/libutempter/libutempter0_1.2.1-3build1_amd64.deb	http://ap-northeast-2.ec2.archive.ubuntu.com/ubuntu/pool/main/libu/libutempter/libutempter0_1.2.1-3build1_amd64.deb	200	9606	46c0dfbfeca19ba0773398d654b7e7225b178f26b414f0e2f8250519551bfb32	/home/aella/aws-discovery-jammy-noble-retry-20260831/upgrade-discovery/jammy-to-noble/runtime/deb-cache/1c/95/1c95f1933e14b99de1c05dc845f8d664717162c450db7bf476b1c9b0bb96b472
jammy-to-noble	2026-08-31T12:40:35Z	GET	http://ap-northeast-2.ec2.archive.ubuntu.com/ubuntu/pool/main/t/tmux/tmux_3.4-1ubuntu0.1_amd64.deb	http://ap-northeast-2.ec2.archive.ubuntu.com/ubuntu/pool/main/t/tmux/tmux_3.4-1ubuntu0.1_amd64.deb	200	479838	2913e17aa61879d1f905aab6f374f153f1ece63aefba1b996e387325d1d5338d	/home/aella/aws-discovery-jammy-noble-retry-20260831/upgrade-discovery/jammy-to-noble/runtime/deb-cache/72/33/72339fd28e92b6f00e0dd90be532251bea0e3f7fded34faea3a7fa692a541407
jammy-to-noble	2026-08-31T12:40:35Z	GET	http://ap-northeast-2.ec2.archive.ubuntu.com/ubuntu/pool/main/n/ncurses/libncurses6_6.4%2b20240113-1ubuntu2.1_amd64.deb	http://ap-northeast-2.ec2.archive.ubuntu.com/ubuntu/pool/main/n/ncurses/libncurses6_6.4%2b20240113-1ubuntu2.1_amd64.deb	200	111900	c4d0fd9d7c997f4b13dbfdd9b9a5e14ed0222303ac931f9c2594c6b99696b63d	/home/aella/aws-discovery-jammy-noble-retry-20260831/upgrade-discovery/jammy-to-noble/runtime/deb-cache/3e/c8/3ec8a9c9e9f40b87f06b2e128dc1daeb5d56909938f5c0143ad4e9c1b96f9824
jammy-to-noble	2026-08-31T12:40:35Z	GET	http://ap-northeast-2.ec2.archive.ubuntu.com/ubuntu/pool/main/n/ncurses/libtinfo6_6.4%2b20240113-1ubuntu2.1_amd64.deb	http://ap-northeast-2.ec2.archive.ubuntu.com/ubuntu/pool/main/n/ncurses/libtinfo6_6.4%2b20240113-1ubuntu2.1_amd64.deb	200	108044	768e43c268e1e49b8dae7a50ed4778d6db88688abf72fdf779641e124c8a9a0b	/home/aella/aws-discovery-jammy-noble-retry-20260831/upgrade-discovery/jammy-to-noble/runtime/deb-cache/1b/49/1b4906a84d8f0466452699afba81239da5ed0c79f57acab970db8aacfd112a74
jammy-to-noble	2026-08-31T12:40:36Z	GET	http://ap-northeast-2.ec2.archive.ubuntu.com/ubuntu/pool/main/libe/libedit/libedit2_3.1-20230828-1build1_amd64.deb	http://ap-northeast-2.ec2.archive.ubuntu.com/ubuntu/pool/main/libe/libedit/libedit2_3.1-20230828-1build1_amd64.deb	200	97586	3afbc8ddf835049dd4d88275b9d13680e4c4cdd59e191cbd63424152cc08e00e	/home/aella/aws-discovery-jammy-noble-retry-20260831/upgrade-discovery/jammy-to-noble/runtime/deb-cache/22/7f/227f79c1062fab58d0308757153db87b4cc1726c7c9caba844511a8de7825ec4
jammy-to-noble	2026-08-31T12:40:36Z	GET	http://ap-northeast-2.ec2.archive.ubuntu.com/ubuntu/pool/main/m/media-types/media-types_10.1.0_all.deb	http://ap-northeast-2.ec2.archive.ubuntu.com/ubuntu/pool/main/m/media-types/media-types_10.1.0_all.deb	200	27474	31bfb7eec55ab6d34a50ba995150e1498d4cb897714085d8025e330d3b529747	/home/aella/aws-discovery-jammy-noble-retry-20260831/upgrade-discovery/jammy-to-noble/runtime/deb-cache/82/09/8209e5312d87125a280e7b7de0ed68e03abf903a856ab3997d283bc11bfbf700
jammy-to-noble	2026-08-31T12:40:36Z	GET	http://ap-northeast-2.ec2.archive.ubuntu.com/ubuntu/pool/main/t/tzdata/tzdata_2026c-0ubuntu0.24.04.1_all.deb	http://ap-northeast-2.ec2.archive.ubuntu.com/ubuntu/pool/main/t/tzdata/tzdata_2026c-0ubuntu0.24.04.1_all.deb	200	279816	ef12c9ef81905b5ac558504b2f8c20da9be5f28861020b3fb5e8b15fb3fae2f6	/home/aella/aws-discovery-jammy-noble-retry-20260831/upgrade-discovery/jammy-to-noble/runtime/deb-cache/c6/0c/c60c1d45b9f6f805acad873f87ffcf0150c008a325b515e9ffcbf2e171263fec
jammy-to-noble	2026-08-31T12:40:36Z	GET	http://ap-northeast-2.ec2.archive.ubuntu.com/ubuntu/pool/main/p/python-cryptography/python3-cryptography_41.0.7-4ubuntu0.4_amd64.deb	http://ap-northeast-2.ec2.archive.ubuntu.com/ubuntu/pool/main/p/python-cryptography/python3-cryptography_41.0.7-4ubuntu0.4_amd64.deb	200	815068	8fa33b608a16df054bf26ea3a653b1d512ab745d01e56fa938673ebc8c727060	/home/aella/aws-discovery-jammy-noble-retry-20260831/upgrade-discovery/jammy-to-noble/runtime/deb-cache/c7/88/c788594ef56a3a4db604facac97654f8c3ec3c5b8be4d1e1d0ae3beaca0ccae4
jammy-to-noble	2026-08-31T12:40:36Z	GET	http://ap-northeast-2.ec2.archive.ubuntu.com/ubuntu/pool/main/j/jinja2/python3-jinja2_3.1.2-1ubuntu1.3_all.deb	http://ap-northeast-2.ec2.archive.ubuntu.com/ubuntu/pool/main/j/jinja2/python3-jinja2_3.1.2-1ubuntu1.3_all.deb	200	108358	3929521159dd53451b0005ac6b8a1a8dbc42bf74ce83309b50389520f08a937c	/home/aella/aws-discovery-jammy-noble-retry-20260831/upgrade-discovery/jammy-to-noble/runtime/deb-cache/7f/8c/7f8cfde143c2631475aaf2130e6544c55e43f785c97a75774d587f8badb87db8
jammy-to-noble	2026-08-31T12:40:36Z	GET	http://ap-northeast-2.ec2.archive.ubuntu.com/ubuntu/pool/main/p/python-packaging/python3-packaging_24.0-1_all.deb	http://ap-northeast-2.ec2.archive.ubuntu.com/ubuntu/pool/main/p/python-packaging/python3-packaging_24.0-1_all.deb	200	41094	decc936e9512c2de78fcf9e8d8459ce58952c40bf8bd1f06e62556d7fe887db6	/home/aella/aws-discovery-jammy-noble-retry-20260831/upgrade-discovery/jammy-to-noble/runtime/deb-cache/f0/e1/f0e1c4b0bbc093f938aa9c74d3de83f802bf529418fca86288ac0a3791f45ef9
jammy-to-noble	2026-08-31T12:40:36Z	GET	http://ap-northeast-2.ec2.archive.ubuntu.com/ubuntu/pool/main/o/openssh/openssh-sftp-server_9.6p1-3ubuntu13.18_amd64.deb	http://ap-northeast-2.ec2.archive.ubuntu.com/ubuntu/pool/main/o/openssh/openssh-sftp-server_9.6p1-3ubuntu13.18_amd64.deb	200	37264	2287e3e9e3d0ace278173ca218d32d41a24b87afec3b42ef7dabfda4d9125edd	/home/aella/aws-discovery-jammy-noble-retry-20260831/upgrade-discovery/jammy-to-noble/runtime/deb-cache/e0/cd/e0cdbd22f3815694ea282afb3574b1b213066abd39c191e6e67cebaf0c064b54
jammy-to-noble	2026-08-31T12:40:36Z	GET	http://ap-northeast-2.ec2.archive.ubuntu.com/ubuntu/pool/main/s/sensible-utils/sensible-utils_0.0.22_all.deb	http://ap-northeast-2.ec2.archive.ubuntu.com/ubuntu/pool/main/s/sensible-utils/sensible-utils_0.0.22_all.deb	200	22462	410c29ff82c6916d14e235b511287e67a45cb78d509b19aab48608acdc941254	/home/aella/aws-discovery-jammy-noble-retry-20260831/upgrade-discovery/jammy-to-noble/runtime/deb-cache/7c/85/7c8586f8eb1ef59be5d41c004a5d018421777e498a211ca0ca9b9ba6b6b49bee
jammy-to-noble	2026-08-31T12:40:36Z	GET	http://ap-northeast-2.ec2.archive.ubuntu.com/ubuntu/pool/main/u/ucf/ucf_3.0043%2bnmu1_all.deb	http://ap-northeast-2.ec2.archive.ubuntu.com/ubuntu/pool/main/u/ucf/ucf_3.0043%2bnmu1_all.deb	200	56522	397e541af11db776ed7facf1674ee37b56e7de51348c9f077d7a283912c4b458	/home/aella/aws-discovery-jammy-noble-retry-20260831/upgrade-discovery/jammy-to-noble/runtime/deb-cache/dc/cc/dcccf91341763e8e9b397a3b9268b3d6b5f4520d407ca4fd40de43e7080f8ea6
jammy-to-noble	2026-08-31T12:40:36Z	GET	http://ap-northeast-2.ec2.archive.ubuntu.com/ubuntu/pool/universe/t/tcp-wrappers/tcpd_7.6.q-33_amd64.deb	http://ap-northeast-2.ec2.archive.ubuntu.com/ubuntu/pool/universe/t/tcp-wrappers/tcpd_7.6.q-33_amd64.deb	200	24342	726555e9ed2d7a0d4b77fce10d5959f1449e6b9808721e065be6b57ab6bc2f5f	/home/aella/aws-discovery-jammy-noble-retry-20260831/upgrade-discovery/jammy-to-noble/runtime/deb-cache/63/95/6395c40fda737babd43b9de5ee75d353e3d41a3f1500ab402ec054a6cabf3a22
jammy-to-noble	2026-08-31T12:40:37Z	GET	http://ap-northeast-2.ec2.archive.ubuntu.com/ubuntu/pool/main/t/tcp-wrappers/libwrap0_7.6.q-33_amd64.deb	http://ap-northeast-2.ec2.archive.ubuntu.com/ubuntu/pool/main/t/tcp-wrappers/libwrap0_7.6.q-33_amd64.deb	200	47874	36118b862539868408ee056411d6e470068d14c46e5296b29bfb744770f5d2ce	/home/aella/aws-discovery-jammy-noble-retry-20260831/upgrade-discovery/jammy-to-noble/runtime/deb-cache/c4/11/c4118a15c6d5e6d1f1c289e6a66009f67f46cf08d41dd7ff4eaf337e63378495
jammy-to-noble	2026-08-31T12:40:37Z	GET	http://ap-northeast-2.ec2.archive.ubuntu.com/ubuntu/pool/main/o/openssh/openssh-server_9.6p1-3ubuntu13.18_amd64.deb	http://ap-northeast-2.ec2.archive.ubuntu.com/ubuntu/pool/main/o/openssh/openssh-server_9.6p1-3ubuntu13.18_amd64.deb	200	511450	81a6c622a2b566a95f1939f25776e0ec05b6b40c2fa61f7cd9f148bca4344208	/home/aella/aws-discovery-jammy-noble-retry-20260831/upgrade-discovery/jammy-to-noble/runtime/deb-cache/df/b4/dfb49accb61a3e091b8081f11a6271d318970f6b460bcd0cdccfb449fefedc24
jammy-to-noble	2026-08-31T12:40:37Z	GET	http://ap-northeast-2.ec2.archive.ubuntu.com/ubuntu/pool/main/libc/libcbor/libcbor0.10_0.10.2-1.2ubuntu2_amd64.deb	http://ap-northeast-2.ec2.archive.ubuntu.com/ubuntu/pool/main/libc/libcbor/libcbor0.10_0.10.2-1.2ubuntu2_amd64.deb	200	25844	6ae45862612eb5d9918a005b882a67b722428cfde06d56bb651d3c04a47f4d2d	/home/aella/aws-discovery-jammy-noble-retry-20260831/upgrade-discovery/jammy-to-noble/runtime/deb-cache/96/2d/962d8afd06155b19e88aeb28f589f5b59bf50363a294ffefb49bcc20b939896f
jammy-to-noble	2026-08-31T12:40:37Z	GET	http://ap-northeast-2.ec2.archive.ubuntu.com/ubuntu/pool/main/libf/libfido2/libfido2-1_1.14.0-1build3_amd64.deb	http://ap-northeast-2.ec2.archive.ubuntu.com/ubuntu/pool/main/libf/libfido2/libfido2-1_1.14.0-1build3_amd64.deb	200	83526	1dfed970b870e3c949b983f2bcc28e33e1a1207c6cf5a60ee2cb226bb02b1da7	/home/aella/aws-discovery-jammy-noble-retry-20260831/upgrade-discovery/jammy-to-noble/runtime/deb-cache/3d/35/3d35fb3e4047ab62af1e4dd17523c7affc8ac85d34731ffad45e1175c13e9e3c
jammy-to-noble	2026-08-31T12:40:37Z	GET	http://ap-northeast-2.ec2.archive.ubuntu.com/ubuntu/pool/main/o/openssh/openssh-client_9.6p1-3ubuntu13.18_amd64.deb	http://ap-northeast-2.ec2.archive.ubuntu.com/ubuntu/pool/main/o/openssh/openssh-client_9.6p1-3ubuntu13.18_amd64.deb	200	907808	900ee53c747920694bd508e598702aa794911a7c8273e66f292fe45144a00a9f	/home/aella/aws-discovery-jammy-noble-retry-20260831/upgrade-discovery/jammy-to-noble/runtime/deb-cache/a7/e2/a7e2ebd494cf99129f3c74740f7b644645f3a8005eb4a3a328061b2bed77be97
jammy-to-noble	2026-08-31T12:40:37Z	GET	http://ap-northeast-2.ec2.archive.ubuntu.com/ubuntu/pool/main/d/dnspython/python3-dnspython_2.6.1-1ubuntu1_all.deb	http://ap-northeast-2.ec2.archive.ubuntu.com/ubuntu/pool/main/d/dnspython/python3-dnspython_2.6.1-1ubuntu1_all.deb	200	163462	5d4a26bc9d3ede2d9a3b6fa0af72dfeb72215c9ef4043241cf90f0d8a8d1184f	/home/aella/aws-discovery-jammy-noble-retry-20260831/upgrade-discovery/jammy-to-noble/runtime/deb-cache/9a/76/9a761531af1429e448eb48f5a0381b1537aab8bf172d2164341b1a8b8fd51063
jammy-to-noble	2026-08-31T12:40:37Z	GET	http://ap-northeast-2.ec2.archive.ubuntu.com/ubuntu/pool/main/c/ca-certificates/ca-certificates_20260601%7e24.04.1_all.deb	http://ap-northeast-2.ec2.archive.ubuntu.com/ubuntu/pool/main/c/ca-certificates/ca-certificates_20260601%7e24.04.1_all.deb	200	139430	6bac2a01979e210d9eac1d4d56747ec709ea60654744d66705dc3c36e7629e50	/home/aella/aws-discovery-jammy-noble-retry-20260831/upgrade-discovery/jammy-to-noble/runtime/deb-cache/9b/b5/9bb55cc307758886111e2a3ccba8b6f46df63d1d40161312f063ddd75a9ec671
jammy-to-noble	2026-08-31T12:40:39Z	GET	http://ap-northeast-2.ec2.archive.ubuntu.com/ubuntu/pool/main/p/pyparsing/python3-pyparsing_3.1.1-1_all.deb	http://ap-northeast-2.ec2.archive.ubuntu.com/ubuntu/pool/main/p/pyparsing/python3-pyparsing_3.1.1-1_all.deb	200	86192	ec2395b1fe34a7a828f5cfabc4262217f6a86fb6ecb993fc18fbad3fc9edabba	/home/aella/aws-discovery-jammy-noble-retry-20260831/upgrade-discovery/jammy-to-noble/runtime/deb-cache/a4/8f/a48fc266c3383a7c35b64aa9b77164ce54e550654b18830fa8ec37efbfc462c2
jammy-to-noble	2026-08-31T12:40:39Z	GET	http://ap-northeast-2.ec2.archive.ubuntu.com/ubuntu/pool/main/p/python-httplib2/python3-httplib2_0.20.4-3ubuntu0.1_all.deb	http://ap-northeast-2.ec2.archive.ubuntu.com/ubuntu/pool/main/p/python-httplib2/python3-httplib2_0.20.4-3ubuntu0.1_all.deb	200	33234	49b9bc8c0190f506d97605623cff309f98be845e650f8d18440147deae5c77de	/home/aella/aws-discovery-jammy-noble-retry-20260831/upgrade-discovery/jammy-to-noble/runtime/deb-cache/96/b2/96b2fe355196b4522b3d62ea5d711693aa2251838f0905d97082931569a08a1b
jammy-to-noble	2026-08-31T12:40:39Z	GET	http://ap-northeast-2.ec2.archive.ubuntu.com/ubuntu/pool/main/c/curl/curl_8.5.0-2ubuntu10.13_amd64.deb	http://ap-northeast-2.ec2.archive.ubuntu.com/ubuntu/pool/main/c/curl/curl_8.5.0-2ubuntu10.13_amd64.deb	200	226396	f34f04c60d8852e5e9c3684051b1247172ce8b10f520f59797c0d2bf8a08da61	/home/aella/aws-discovery-jammy-noble-retry-20260831/upgrade-discovery/jammy-to-noble/runtime/deb-cache/a7/ab/a7ab646ed1690182b90207f2f5fb42120e578039b1e76f7e64c8bbf4b81c875a
jammy-to-noble	2026-08-31T12:40:39Z	GET	http://ap-northeast-2.ec2.archive.ubuntu.com/ubuntu/pool/main/c/curl/libcurl4t64_8.5.0-2ubuntu10.13_amd64.deb	http://ap-northeast-2.ec2.archive.ubuntu.com/ubuntu/pool/main/c/curl/libcurl4t64_8.5.0-2ubuntu10.13_amd64.deb	200	342772	92347d034fdae018d67cab3cbe976255ec0ba936f57923241974bf3787addf04	/home/aella/aws-discovery-jammy-noble-retry-20260831/upgrade-discovery/jammy-to-noble/runtime/deb-cache/bc/c3/bcc3f5bda213933ff92bcab711ab670c3a5e2357fb75dc67be99451b11fb6cfa
jammy-to-noble	2026-08-31T12:40:40Z	GET	http://ap-northeast-2.ec2.archive.ubuntu.com/ubuntu/pool/main/i/ieee-data/ieee-data_20220827.1_all.deb	http://ap-northeast-2.ec2.archive.ubuntu.com/ubuntu/pool/main/i/ieee-data/ieee-data_20220827.1_all.deb	200	2112734	9fcc11f433bf84c0eaea229aab126fa3c5cbbd8bafd423121fafc729faad1155	/home/aella/aws-discovery-jammy-noble-retry-20260831/upgrade-discovery/jammy-to-noble/runtime/deb-cache/c9/9b/c99b5ae1cecae31d1c08de1003f95f2c69d04e22adf9dc704f1baa91f4965b01
jammy-to-noble	2026-08-31T12:40:42Z	GET	http://ap-northeast-2.ec2.archive.ubuntu.com/ubuntu/pool/main/p/python-netaddr/python3-netaddr_0.8.0-2ubuntu1_all.deb	http://ap-northeast-2.ec2.archive.ubuntu.com/ubuntu/pool/main/p/python-netaddr/python3-netaddr_0.8.0-2ubuntu1_all.deb	200	318546	c80aadc72cf18fea752282970d1b0fb1f05b0f1c04a00e1259e0e105c2f0e7f6	/home/aella/aws-discovery-jammy-noble-retry-20260831/upgrade-discovery/jammy-to-noble/runtime/deb-cache/c6/a8/c6a856ba1edb1911141efa90228b33d689d1ea05ad71cbb26d5f026fcbcb7a58
jammy-to-noble	2026-08-31T12:40:42Z	GET	http://ap-northeast-2.ec2.archive.ubuntu.com/ubuntu/pool/main/v/vim/vim_9.1.0016-1ubuntu7.20_amd64.deb	http://ap-northeast-2.ec2.archive.ubuntu.com/ubuntu/pool/main/v/vim/vim_9.1.0016-1ubuntu7.20_amd64.deb	200	1884208	fdfa220aa0a6b602c8d64a73f4ed36afdb9b30bf10eb5db4da233c60a42f77f0	/home/aella/aws-discovery-jammy-noble-retry-20260831/upgrade-discovery/jammy-to-noble/runtime/deb-cache/c0/32/c032132258954eb2a76023cbe3540d22b02b8c052df9fbe61a476f55caf20b7b
jammy-to-noble	2026-08-31T12:40:42Z	GET	http://ap-northeast-2.ec2.archive.ubuntu.com/ubuntu/pool/main/v/vim/vim-tiny_9.1.0016-1ubuntu7.20_amd64.deb	http://ap-northeast-2.ec2.archive.ubuntu.com/ubuntu/pool/main/v/vim/vim-tiny_9.1.0016-1ubuntu7.20_amd64.deb	200	806334	c34fc5f03822e36ac2812d8d59eeb20aaeb5b018491b049f5d94285991c36cb2	/home/aella/aws-discovery-jammy-noble-retry-20260831/upgrade-discovery/jammy-to-noble/runtime/deb-cache/16/d4/16d47d5458514e5b7c5a33ed9dcf431921b2991913536e5ca6350590acf9751a
jammy-to-noble	2026-08-31T12:40:42Z	GET	http://ap-northeast-2.ec2.archive.ubuntu.com/ubuntu/pool/main/v/vim/vim-runtime_9.1.0016-1ubuntu7.20_all.deb	http://ap-northeast-2.ec2.archive.ubuntu.com/ubuntu/pool/main/v/vim/vim-runtime_9.1.0016-1ubuntu7.20_all.deb	200	7273294	c6956fd0fcf9cfc7d27265454e224329a2aa05af9860844b22e1b7974b01a9dc	/home/aella/aws-discovery-jammy-noble-retry-20260831/upgrade-discovery/jammy-to-noble/runtime/deb-cache/18/fa/18fae52440be4c83ada9cb18bde3ffe10e5870a3022af35c6c2b76b80e22ed54
jammy-to-noble	2026-08-31T12:40:42Z	GET	http://ap-northeast-2.ec2.archive.ubuntu.com/ubuntu/pool/main/p/python3.12/libpython3.12t64_3.12.3-1ubuntu0.16_amd64.deb	http://ap-northeast-2.ec2.archive.ubuntu.com/ubuntu/pool/main/p/python3.12/libpython3.12t64_3.12.3-1ubuntu0.16_amd64.deb	200	2339386	848e28356b9cc0eb58a1c186e692f1775cb3183d047ed09e07edc8c31c14f46b	/home/aella/aws-discovery-jammy-noble-retry-20260831/upgrade-discovery/jammy-to-noble/runtime/deb-cache/27/3d/273d59281a4d0dfd57073c81a7efec887b51fddc5aff6ff2b8c30d33a9a580f4
jammy-to-noble	2026-08-31T12:40:42Z	GET	http://ap-northeast-2.ec2.archive.ubuntu.com/ubuntu/pool/main/g/gpm/libgpm2_1.20.7-11_amd64.deb	http://ap-northeast-2.ec2.archive.ubuntu.com/ubuntu/pool/main/g/gpm/libgpm2_1.20.7-11_amd64.deb	200	14104	158b9073bf5177286474dacb87cb60aac9ceb08613fdb5a1e1643ca5d07be7cf	/home/aella/aws-discovery-jammy-noble-retry-20260831/upgrade-discovery/jammy-to-noble/runtime/deb-cache/9a/9c/9a9cd1a67d8b6c6e631be090459e766c0a67f27d193da69dd4dcedb328acf379
jammy-to-noble	2026-08-31T12:40:42Z	GET	http://ap-northeast-2.ec2.archive.ubuntu.com/ubuntu/pool/main/libs/libsodium/libsodium23_1.0.18-1ubuntu0.24.04.1_amd64.deb	http://ap-northeast-2.ec2.archive.ubuntu.com/ubuntu/pool/main/libs/libsodium/libsodium23_1.0.18-1ubuntu0.24.04.1_amd64.deb	200	161290	74d6f8fbd65f7f71b6f4f4223bef5fb57c1c14cd4e9ce788ead2b88e8c3ee236	/home/aella/aws-discovery-jammy-noble-retry-20260831/upgrade-discovery/jammy-to-noble/runtime/deb-cache/15/0f/150f1e3159311229acc592a21081a43269a6aeb45d505ee865413dab10069e6d
jammy-to-noble	2026-08-31T12:40:42Z	GET	http://ap-northeast-2.ec2.archive.ubuntu.com/ubuntu/pool/main/v/vim/xxd_9.1.0016-1ubuntu7.20_amd64.deb	http://ap-northeast-2.ec2.archive.ubuntu.com/ubuntu/pool/main/v/vim/xxd_9.1.0016-1ubuntu7.20_amd64.deb	200	66190	abe2a776ec6472e6b9b0a8497d3c2e8007f9863092dfd1448f4a68d0c25af750	/home/aella/aws-discovery-jammy-noble-retry-20260831/upgrade-discovery/jammy-to-noble/runtime/deb-cache/fa/32/fa32c26174c0aaeacf27272665efe5b78f67828c5949e24d3eef12c46f9d1fdc
jammy-to-noble	2026-08-31T12:40:42Z	GET	http://ap-northeast-2.ec2.archive.ubuntu.com/ubuntu/pool/main/v/vim/vim-common_9.1.0016-1ubuntu7.20_all.deb	http://ap-northeast-2.ec2.archive.ubuntu.com/ubuntu/pool/main/v/vim/vim-common_9.1.0016-1ubuntu7.20_all.deb	200	388550	c5d612fc90715eb91bf887601d2e3f96c936cec5cd6c1d17eec17bfc4fe57f37	/home/aella/aws-discovery-jammy-noble-retry-20260831/upgrade-discovery/jammy-to-noble/runtime/deb-cache/3c/ac/3cac7e6d9b52f99165d7423e7fef60d4bc581d0eebb036f726730cdbca56aaf9
jammy-to-noble	2026-08-31T12:40:42Z	GET	http://ap-northeast-2.ec2.archive.ubuntu.com/ubuntu/pool/main/n/ncurses/ncurses-term_6.4%2b20240113-1ubuntu2.1_all.deb	http://ap-northeast-2.ec2.archive.ubuntu.com/ubuntu/pool/main/n/ncurses/ncurses-term_6.4%2b20240113-1ubuntu2.1_all.deb	200	274824	d615fa8ea69721285921f6f760e4904c74ec6ba22be2fdf66f3318a5073abb29	/home/aella/aws-discovery-jammy-noble-retry-20260831/upgrade-discovery/jammy-to-noble/runtime/deb-cache/82/8b/828bf47951964572581825914e90068372d08cc4ee9ebfafe0434639e49bf8d3
jammy-to-noble	2026-08-31T12:40:42Z	GET	http://ap-northeast-2.ec2.archive.ubuntu.com/ubuntu/pool/main/n/ncurses/ncurses-base_6.4%2b20240113-1ubuntu2.1_all.deb	http://ap-northeast-2.ec2.archive.ubuntu.com/ubuntu/pool/main/n/ncurses/ncurses-base_6.4%2b20240113-1ubuntu2.1_all.deb	200	25696	de4456b2a2de1508bfc8e9c202ab4430aac586fe5244277622cc354afc2b6f1e	/home/aella/aws-discovery-jammy-noble-retry-20260831/upgrade-discovery/jammy-to-noble/runtime/deb-cache/b2/b3/b2b379c70f6255eeb5677752329a882a5643a23198752ad0d156550654fd45cb
jammy-to-noble	2026-08-31T12:40:42Z	GET	http://ap-northeast-2.ec2.archive.ubuntu.com/ubuntu/pool/main/s/slang2/libslang2_2.3.3-3build2_amd64.deb	http://ap-northeast-2.ec2.archive.ubuntu.com/ubuntu/pool/main/s/slang2/libslang2_2.3.3-3build2_amd64.deb	200	505982	352deab8d4dcb023ecffc766088d9c5420c36a3bef9ef5b1c9b173d1c3c88bd7	/home/aella/aws-discovery-jammy-noble-retry-20260831/upgrade-discovery/jammy-to-noble/runtime/deb-cache/c5/0e/c50e690f04887348cfa8afd71396d03d39a5e71b70f421100a7d2afe5d90a0f3
jammy-to-noble	2026-08-31T12:40:42Z	GET	http://ap-northeast-2.ec2.archive.ubuntu.com/ubuntu/pool/main/d/debconf/python3-debconf_1.5.86ubuntu1_all.deb	http://ap-northeast-2.ec2.archive.ubuntu.com/ubuntu/pool/main/d/debconf/python3-debconf_1.5.86ubuntu1_all.deb	200	4158	88bca2b9ace3465bcedf4e3cc53242c0ffcd6663bba3dce18666192a15b51584	/home/aella/aws-discovery-jammy-noble-retry-20260831/upgrade-discovery/jammy-to-noble/runtime/deb-cache/ec/d1/ecd13792e1a0e25375ddfa1efcaf5dc658e13a2729a7a5615f135f4b076e169f
jammy-to-noble	2026-08-31T12:40:42Z	GET	http://ap-northeast-2.ec2.archive.ubuntu.com/ubuntu/pool/main/c/chardet/python3-chardet_5.2.0%2bdfsg-1_all.deb	http://ap-northeast-2.ec2.archive.ubuntu.com/ubuntu/pool/main/c/chardet/python3-chardet_5.2.0%2bdfsg-1_all.deb	200	116904	042ec127434ad634a1f312514680b8d0de7bd1e9733b255d93170a6bb843a043	/home/aella/aws-discovery-jammy-noble-retry-20260831/upgrade-discovery/jammy-to-noble/runtime/deb-cache/7f/e4/7fe43969c1d4ba435e16ed09986b93fcb59720df7a43e9f2584c02d8c634e1ab
jammy-to-noble	2026-08-31T12:40:42Z	GET	http://ap-northeast-2.ec2.archive.ubuntu.com/ubuntu/pool/main/libz/libzstd/zstd_1.5.5%2bdfsg2-2build1.1_amd64.deb	http://ap-northeast-2.ec2.archive.ubuntu.com/ubuntu/pool/main/libz/libzstd/zstd_1.5.5%2bdfsg2-2build1.1_amd64.deb	200	644020	d7667f83e3a2caeaaecaca464d542ee6ccf537259a479622796c84afc96d6032	/home/aella/aws-discovery-jammy-noble-retry-20260831/upgrade-discovery/jammy-to-noble/runtime/deb-cache/f2/62/f262dd718be70a3674a12a302970eac0f1877d4f09795a8804cb17685de62779
jammy-to-noble	2026-08-31T12:40:42Z	GET	http://ap-northeast-2.ec2.archive.ubuntu.com/ubuntu/pool/main/p/python-debian/python3-debian_0.1.49ubuntu2_all.deb	http://ap-northeast-2.ec2.archive.ubuntu.com/ubuntu/pool/main/p/python-debian/python3-debian_0.1.49ubuntu2_all.deb	200	114812	5c84f0e08bc68517b28d5dd116d985ae9e644759355f9ef97063ab62d4da8a3b	/home/aella/aws-discovery-jammy-noble-retry-20260831/upgrade-discovery/jammy-to-noble/runtime/deb-cache/7d/3e/7d3ea3d4342e0b368e9cee9b865838e657a276eaf2ab02ff71a91f30987af238
jammy-to-noble	2026-08-31T12:40:42Z	GET	http://ap-northeast-2.ec2.archive.ubuntu.com/ubuntu/pool/main/d/distro-info/python3-distro-info_1.7build1_all.deb	http://ap-northeast-2.ec2.archive.ubuntu.com/ubuntu/pool/main/d/distro-info/python3-distro-info_1.7build1_all.deb	200	7076	41075b12af4a3f0acf8673dbb3224b2d989ae1a125201ad217a70db818c9eff5	/home/aella/aws-discovery-jammy-noble-retry-20260831/upgrade-discovery/jammy-to-noble/runtime/deb-cache/78/83/7883b86eccb6d88c03bfa6e51c5b8bf8e5191e2db44de3d00f7b31e5260d3a9c
jammy-to-noble	2026-08-31T12:40:42Z	GET	http://ap-northeast-2.ec2.archive.ubuntu.com/ubuntu/pool/main/p/patch/patch_2.7.6-7build3_amd64.deb	http://ap-northeast-2.ec2.archive.ubuntu.com/ubuntu/pool/main/p/patch/patch_2.7.6-7build3_amd64.deb	200	104048	fb7d78ed25c2788a607802270f3c28ac5ed6857bfb6cce9f73ad2cafac9159b3	/home/aella/aws-discovery-jammy-noble-retry-20260831/upgrade-discovery/jammy-to-noble/runtime/deb-cache/de/35/de35330340a8e12b30783dc0768390b3fd5ec2f7ccdd6b7ccd7b9768b717cf7c
jammy-to-noble	2026-08-31T12:40:42Z	GET	http://ap-northeast-2.ec2.archive.ubuntu.com/ubuntu/pool/main/u/ubuntu-release-upgrader/ubuntu-release-upgrader-core_24.04.28_all.deb	http://ap-northeast-2.ec2.archive.ubuntu.com/ubuntu/pool/main/u/ubuntu-release-upgrader/ubuntu-release-upgrader-core_24.04.28_all.deb	200	27396	c4cd7c8d243d7a5031158295ed25c31b7e094d6ff48fa4d3f8cc46687581ce64	/home/aella/aws-discovery-jammy-noble-retry-20260831/upgrade-discovery/jammy-to-noble/runtime/deb-cache/23/f4/23f447e4296aafa306d2e6ff2f7c3bee98b29b284c526e7312ea8bfd5fa65d6f
jammy-to-noble	2026-08-31T12:40:42Z	GET	http://ap-northeast-2.ec2.archive.ubuntu.com/ubuntu/pool/main/u/update-manager/update-manager-core_24.04.12_all.deb	http://ap-northeast-2.ec2.archive.ubuntu.com/ubuntu/pool/main/u/update-manager/update-manager-core_24.04.12_all.deb	200	11592	7fdfc6d1ae8d81982b5982f70e4f27ccf08c3e4d60fbde8f228fe53db6f943d0	/home/aella/aws-discovery-jammy-noble-retry-20260831/upgrade-discovery/jammy-to-noble/runtime/deb-cache/15/ea/15ea5609e7f62ffe28f310c758cd78f8d3ea4af00bc8b03dd545507f8112ec58
jammy-to-noble	2026-08-31T12:40:42Z	GET	http://ap-northeast-2.ec2.archive.ubuntu.com/ubuntu/pool/main/u/update-manager/python3-update-manager_24.04.12_all.deb	http://ap-northeast-2.ec2.archive.ubuntu.com/ubuntu/pool/main/u/update-manager/python3-update-manager_24.04.12_all.deb	200	43442	55ee1fa2ac721e940a6e4f2e638b56a5364c0fc5525e661e0a5ceb758f1150d1	/home/aella/aws-discovery-jammy-noble-retry-20260831/upgrade-discovery/jammy-to-noble/runtime/deb-cache/98/98/989834a2f09a764f88def105f4f78d35a251dcda80a6668f716b5baf9d1b9a89
jammy-to-noble	2026-08-31T12:40:42Z	GET	http://ap-northeast-2.ec2.archive.ubuntu.com/ubuntu/pool/main/u/ubuntu-release-upgrader/python3-distupgrade_24.04.28_all.deb	http://ap-northeast-2.ec2.archive.ubuntu.com/ubuntu/pool/main/u/ubuntu-release-upgrader/python3-distupgrade_24.04.28_all.deb	200	124576	b70b3d67f86fb4328902c2a21bce3790c2f6c8c58ab7844c5a40844fa727d113	/home/aella/aws-discovery-jammy-noble-retry-20260831/upgrade-discovery/jammy-to-noble/runtime/deb-cache/dd/eb/ddebf9411e4cd93bdf71c1c595854f73cf71b5e8e81b0b912794fffc002b4c10
jammy-to-noble	2026-08-31T12:40:42Z	GET	http://ap-northeast-2.ec2.archive.ubuntu.com/ubuntu/pool/main/d/debconf/debconf-i18n_1.5.86ubuntu1_all.deb	http://ap-northeast-2.ec2.archive.ubuntu.com/ubuntu/pool/main/d/debconf/debconf-i18n_1.5.86ubuntu1_all.deb	200	204734	1d139fdc52af51c89a044d973937d411750c254f636b7b3228c8570085d59586	/home/aella/aws-discovery-jammy-noble-retry-20260831/upgrade-discovery/jammy-to-noble/runtime/deb-cache/5f/22/5f223f8ba591c5815016a403888afadd1c2883c4397206ffe5f6493dd1299837
jammy-to-noble	2026-08-31T12:40:42Z	GET	http://ap-northeast-2.ec2.archive.ubuntu.com/ubuntu/pool/main/d/debconf/debconf_1.5.86ubuntu1_all.deb	http://ap-northeast-2.ec2.archive.ubuntu.com/ubuntu/pool/main/d/debconf/debconf_1.5.86ubuntu1_all.deb	200	124096	bb390da466a7461bfc87aa3e6b7cd145dae84af3e26bf437f2c0c218ba226294	/home/aella/aws-discovery-jammy-noble-retry-20260831/upgrade-discovery/jammy-to-noble/runtime/deb-cache/8a/7c/8a7ccd6e6d9788060e6ad9215b90114123ff041e7cb162b1ec6a4ea1d41da106
jammy-to-noble	2026-08-31T12:40:43Z	GET	http://ap-northeast-2.ec2.archive.ubuntu.com/ubuntu/pool/main/u/update-notifier/update-notifier-common_3.192.68.2_all.deb	http://ap-northeast-2.ec2.archive.ubuntu.com/ubuntu/pool/main/u/update-notifier/update-notifier-common_3.192.68.2_all.deb	200	206730	50c3303b52aaaaadcf11750e1a0afc905bdee0d6f75aa2f1febdd4416afe7fec	/home/aella/aws-discovery-jammy-noble-retry-20260831/upgrade-discovery/jammy-to-noble/runtime/deb-cache/61/be/61bea0196977f5456cf7fe507836c4b26f5c953f1bec5020eb99a650c20bdc81
jammy-to-noble	2026-08-31T12:40:43Z	GET	http://ap-northeast-2.ec2.archive.ubuntu.com/ubuntu/pool/main/libt/libtext-wrapi18n-perl/libtext-wrapi18n-perl_0.06-10_all.deb	http://ap-northeast-2.ec2.archive.ubuntu.com/ubuntu/pool/main/libt/libtext-wrapi18n-perl/libtext-wrapi18n-perl_0.06-10_all.deb	200	7694	936619071dd5d81ff672b685af9ad20e1f524be2241cbd80556aedc376844a36	/home/aella/aws-discovery-jammy-noble-retry-20260831/upgrade-discovery/jammy-to-noble/runtime/deb-cache/cb/62/cb62efb5c7a8f44b85fa4395df670c1e982e336cf1f3e6f4c851f6777ea7d7d8
jammy-to-noble	2026-08-31T12:40:43Z	GET	http://ap-northeast-2.ec2.archive.ubuntu.com/ubuntu/pool/main/b/base-files/base-files_13ubuntu10.4_amd64.deb	http://ap-northeast-2.ec2.archive.ubuntu.com/ubuntu/pool/main/b/base-files/base-files_13ubuntu10.4_amd64.deb	200	73276	94daf9ede91f6263d676611623d4c9edab695c728a584ab2fb1d11cabb8479e8	/home/aella/aws-discovery-jammy-noble-retry-20260831/upgrade-discovery/jammy-to-noble/runtime/deb-cache/42/54/425448ec5bcb1fcf80f536c486eb84de39a3e1d051fd6ff91f37ece0378f1334
jammy-to-noble	2026-08-31T12:40:44Z	GET	http://ap-northeast-2.ec2.archive.ubuntu.com/ubuntu/pool/main/b/bash/bash_5.2.21-2ubuntu4_amd64.deb	http://ap-northeast-2.ec2.archive.ubuntu.com/ubuntu/pool/main/b/bash/bash_5.2.21-2ubuntu4_amd64.deb	200	794086	73de311a21e094e29ac01527d2b52226cc87fde0a5b57032902251b426d92c66	/home/aella/aws-discovery-jammy-noble-retry-20260831/upgrade-discovery/jammy-to-noble/runtime/deb-cache/26/58/2658fc0583f4d16137d656a1e0d4257d2c37c469362ac37d747e71e197aae0d7
jammy-to-noble	2026-08-31T12:40:44Z	GET	http://ap-northeast-2.ec2.archive.ubuntu.com/ubuntu/pool/main/u/util-linux/bsdutils_2.39.3-9ubuntu6.5_amd64.deb	http://ap-northeast-2.ec2.archive.ubuntu.com/ubuntu/pool/main/u/util-linux/bsdutils_2.39.3-9ubuntu6.5_amd64.deb	200	96080	9629afbe37ed010a2c3acdca87031d4daedd9872c65ec8fe5b9f2eea9887c646	/home/aella/aws-discovery-jammy-noble-retry-20260831/upgrade-discovery/jammy-to-noble/runtime/deb-cache/20/da/20dad2a68ca16c8e5e898eae77356a1d1d8cc29f928b1a9416909ffbdb23b829
jammy-to-noble	2026-08-31T12:40:44Z	GET	http://ap-northeast-2.ec2.archive.ubuntu.com/ubuntu/pool/main/d/dash/dash_0.5.12-6ubuntu5_amd64.deb	http://ap-northeast-2.ec2.archive.ubuntu.com/ubuntu/pool/main/d/dash/dash_0.5.12-6ubuntu5_amd64.deb	200	89836	e97728d8deaa51300255f0572bbd68b9549e0894a184c056dc420fc4e0ba0781	/home/aella/aws-discovery-jammy-noble-retry-20260831/upgrade-discovery/jammy-to-noble/runtime/deb-cache/26/72/26722f5838cf90629a946efa2f28438fa313eeba2d82de4d6b5640040832bf2c
jammy-to-noble	2026-08-31T12:40:44Z	GET	http://ap-northeast-2.ec2.archive.ubuntu.com/ubuntu/pool/main/f/findutils/findutils_4.9.0-5build1_amd64.deb	http://ap-northeast-2.ec2.archive.ubuntu.com/ubuntu/pool/main/f/findutils/findutils_4.9.0-5build1_amd64.deb	200	298296	96490acdee09245bb47ff4684dc59a7ac3b29619da868ef3e9d8323c61a02ac4	/home/aella/aws-discovery-jammy-noble-retry-20260831/upgrade-discovery/jammy-to-noble/runtime/deb-cache/ff/5f/ff5f369b500aea5adec57e32ab27c828e2e57cc29a4cee12e8d40bf7aaf98fca
jammy-to-noble	2026-08-31T12:40:44Z	GET	http://ap-northeast-2.ec2.archive.ubuntu.com/ubuntu/pool/main/g/grep/grep_3.11-4build1_amd64.deb	http://ap-northeast-2.ec2.archive.ubuntu.com/ubuntu/pool/main/g/grep/grep_3.11-4build1_amd64.deb	200	162040	fc0fdc5983ea3d3579ccf335e51dec69684a0dd9bb915734999c5733add9507a	/home/aella/aws-discovery-jammy-noble-retry-20260831/upgrade-discovery/jammy-to-noble/runtime/deb-cache/8d/5f/8d5faea70e23d5067bbbe15126198293ecc658ff5162b3031c7cbcc7aa433e49
jammy-to-noble	2026-08-31T12:40:45Z	GET	http://ap-northeast-2.ec2.archive.ubuntu.com/ubuntu/pool/main/t/texinfo/install-info_7.1-3build2_amd64.deb	http://ap-northeast-2.ec2.archive.ubuntu.com/ubuntu/pool/main/t/texinfo/install-info_7.1-3build2_amd64.deb	200	62426	fdda493bd33dd1ccd5b81c4f939c16007592408ec9e3fe1c3a1153fba8248149	/home/aella/aws-discovery-jammy-noble-retry-20260831/upgrade-discovery/jammy-to-noble/runtime/deb-cache/2f/82/2f82c9732ddadc4b192392c6330ce44f220904da3e864e178f0912b8fc40fec5
jammy-to-noble	2026-08-31T12:40:45Z	GET	http://ap-northeast-2.ec2.archive.ubuntu.com/ubuntu/pool/main/g/gzip/gzip_1.12-1ubuntu3.2_amd64.deb	http://ap-northeast-2.ec2.archive.ubuntu.com/ubuntu/pool/main/g/gzip/gzip_1.12-1ubuntu3.2_amd64.deb	200	99204	4067522fbffe22672e4cf683bfc32e4a304bc872cf76f10049ab36d1a9eedb91	/home/aella/aws-discovery-jammy-noble-retry-20260831/upgrade-discovery/jammy-to-noble/runtime/deb-cache/9d/6d/9d6dd7dbe393d403df5bf871d09d98fa0de2bc4f0c50327d5e4c666d559f378b
jammy-to-noble	2026-08-31T12:40:46Z	GET	http://ap-northeast-2.ec2.archive.ubuntu.com/ubuntu/pool/main/h/hostname/hostname_3.23%2bnmu2ubuntu2_amd64.deb	http://ap-northeast-2.ec2.archive.ubuntu.com/ubuntu/pool/main/h/hostname/hostname_3.23%2bnmu2ubuntu2_amd64.deb	200	11058	c9b3109d868c1e5a26f0bd10e005171420d83f6da84a527aa6293bc350892504	/home/aella/aws-discovery-jammy-noble-retry-20260831/upgrade-discovery/jammy-to-noble/runtime/deb-cache/eb/f8/ebf86865f75dcdd94f5450b2a7adbdfe5db5fa4bde603fb06394719547ac5767
jammy-to-noble	2026-08-31T12:40:46Z	GET	http://ap-northeast-2.ec2.archive.ubuntu.com/ubuntu/pool/main/s/shadow/login_4.13%2bdfsg1-4ubuntu3.2_amd64.deb	http://ap-northeast-2.ec2.archive.ubuntu.com/ubuntu/pool/main/s/shadow/login_4.13%2bdfsg1-4ubuntu3.2_amd64.deb	200	201680	393cb0ed5c12e5a6c0f8e1f0c035fbc5781c19321f43c7d10733c917fb17e01b	/home/aella/aws-discovery-jammy-noble-retry-20260831/upgrade-discovery/jammy-to-noble/runtime/deb-cache/a1/67/a1670838bc29d9dbd768c77e277bed7821103a0fb4450657fd06af26c62f9ad6
jammy-to-noble	2026-08-31T12:40:46Z	GET	http://ap-northeast-2.ec2.archive.ubuntu.com/ubuntu/pool/main/n/ncurses/ncurses-bin_6.4%2b20240113-1ubuntu2.1_amd64.deb	http://ap-northeast-2.ec2.archive.ubuntu.com/ubuntu/pool/main/n/ncurses/ncurses-bin_6.4%2b20240113-1ubuntu2.1_amd64.deb	200	188394	3d6bc801c371154d023f096cc073d8638ea72a050d09cae689bfeebabf7bafdc	/home/aella/aws-discovery-jammy-noble-retry-20260831/upgrade-discovery/jammy-to-noble/runtime/deb-cache/6e/0b/6e0bd805c1b334d3f46fd1f6545e990d27f2e41f89c54845fc6227a240be5f93
jammy-to-noble	2026-08-31T12:40:46Z	GET	http://ap-northeast-2.ec2.archive.ubuntu.com/ubuntu/pool/main/u/util-linux/util-linux_2.39.3-9ubuntu6.5_amd64.deb	http://ap-northeast-2.ec2.archive.ubuntu.com/ubuntu/pool/main/u/util-linux/util-linux_2.39.3-9ubuntu6.5_amd64.deb	200	1128360	cae0b213f10847576c3315fa02c89dcc7a70db88bffbd36e3f3b42e76a4eb62f	/home/aella/aws-discovery-jammy-noble-retry-20260831/upgrade-discovery/jammy-to-noble/runtime/deb-cache/0a/10/0a10d2ab6686558b69afb94d61d480ac339e78cac6a01ca6662935e98d2ade55
jammy-to-noble	2026-08-31T12:40:46Z	GET	http://ap-northeast-2.ec2.archive.ubuntu.com/ubuntu/pool/main/liba/libarchive/libarchive13t64_3.7.2-2ubuntu0.8_amd64.deb	http://ap-northeast-2.ec2.archive.ubuntu.com/ubuntu/pool/main/liba/libarchive/libarchive13t64_3.7.2-2ubuntu0.8_amd64.deb	200	382584	ba9684092d71656a3bfd909518c76cc15eefeef9cbac0a36a8cef5632c62f56f	/home/aella/aws-discovery-jammy-noble-retry-20260831/upgrade-discovery/jammy-to-noble/runtime/deb-cache/9b/4f/9b4ff84bc279bce30bf6daaabf5afd3cae917bfd0609d635d8b5fe086c98af83
jammy-to-noble	2026-08-31T12:40:46Z	GET	http://ap-northeast-2.ec2.archive.ubuntu.com/ubuntu/pool/main/a/alsa-lib/libasound2-data_1.2.11-1ubuntu0.3_all.deb	http://ap-northeast-2.ec2.archive.ubuntu.com/ubuntu/pool/main/a/alsa-lib/libasound2-data_1.2.11-1ubuntu0.3_all.deb	200	21350	0c26896193480d9dbb055e85e8ddfb9c9f34cf19afee340987cd6311e2886fc1	/home/aella/aws-discovery-jammy-noble-retry-20260831/upgrade-discovery/jammy-to-noble/runtime/deb-cache/8b/df/8bdfb2b83a3b4809b5e03fe41cf20e40ae93f4082ebc624989b38304f8dca354
jammy-to-noble	2026-08-31T12:40:46Z	GET	http://ap-northeast-2.ec2.archive.ubuntu.com/ubuntu/pool/main/a/alsa-lib/libasound2t64_1.2.11-1ubuntu0.3_amd64.deb	http://ap-northeast-2.ec2.archive.ubuntu.com/ubuntu/pool/main/a/alsa-lib/libasound2t64_1.2.11-1ubuntu0.3_amd64.deb	200	397772	5d17bfb5683eb99f1be951fe48e1be5bf3c52391913b6b74a8aecf9b4f5e779f	/home/aella/aws-discovery-jammy-noble-retry-20260831/upgrade-discovery/jammy-to-noble/runtime/deb-cache/8a/22/8a22e581badfcb5983997d4f1c30d49f57f9fdaba85fea9806d06a513c9bc604
jammy-to-noble	2026-08-31T12:40:46Z	GET	http://ap-northeast-2.ec2.archive.ubuntu.com/ubuntu/pool/universe/n/nodejs/nodejs_18.19.1%2bdfsg-6ubuntu5_amd64.deb	http://ap-northeast-2.ec2.archive.ubuntu.com/ubuntu/pool/universe/n/nodejs/nodejs_18.19.1%2bdfsg-6ubuntu5_amd64.deb	200	306458	d0ff36683ed65c6fed648e6783a52680e953ca4cb4d88ae1c7fb081f9d4905f1	/home/aella/aws-discovery-jammy-noble-retry-20260831/upgrade-discovery/jammy-to-noble/runtime/deb-cache/c7/04/c7042beeafe3d4de8349a152ad624db4bfadb62d42429689d8cdf3eabe54df5c
jammy-to-noble	2026-08-31T12:40:46Z	GET	http://ap-northeast-2.ec2.archive.ubuntu.com/ubuntu/pool/main/c/c-ares/libcares2_1.27.0-1.0ubuntu1_amd64.deb	http://ap-northeast-2.ec2.archive.ubuntu.com/ubuntu/pool/main/c/c-ares/libcares2_1.27.0-1.0ubuntu1_amd64.deb	200	73654	f84475f79e5b95c4caf98a7aef781bada3de44e9db05438b45b231da8fc7fc04	/home/aella/aws-discovery-jammy-noble-retry-20260831/upgrade-discovery/jammy-to-noble/runtime/deb-cache/18/ca/18ca94bdce30f91da0ea0246711680c23a487076c7d148f78d0b5c261d42a725
jammy-to-noble	2026-08-31T12:40:46Z	GET	http://ap-northeast-2.ec2.archive.ubuntu.com/ubuntu/pool/main/l/lmdb/liblmdb0_0.9.31-1build1_amd64.deb	http://ap-northeast-2.ec2.archive.ubuntu.com/ubuntu/pool/main/l/lmdb/liblmdb0_0.9.31-1build1_amd64.deb	200	48066	3439a5b9fd358df1619f7dca2d611195f22a7d7d83a3a968428ac1440f713b4e	/home/aella/aws-discovery-jammy-noble-retry-20260831/upgrade-discovery/jammy-to-noble/runtime/deb-cache/1b/d1/1bd1ccf7c08975bc82b221d6477a66185385beb7a42e4b1d2fa967e98ce5e099
jammy-to-noble	2026-08-31T12:40:46Z	GET	http://ap-northeast-2.ec2.archive.ubuntu.com/ubuntu/pool/main/libm/libmaxminddb/libmaxminddb0_1.9.1-1build1_amd64.deb	http://ap-northeast-2.ec2.archive.ubuntu.com/ubuntu/pool/main/libm/libmaxminddb/libmaxminddb0_1.9.1-1build1_amd64.deb	200	24382	7e0251548b110e498d9f695c2212b4241af611aec5f1d99c564e6abc7ec2df0b	/home/aella/aws-discovery-jammy-noble-retry-20260831/upgrade-discovery/jammy-to-noble/runtime/deb-cache/c3/66/c3665e5be8bd71f08405e55d85e3f9b4f8d2ea37d0406ebcff9e7e55167ff63f
jammy-to-noble	2026-08-31T12:40:46Z	GET	http://ap-northeast-2.ec2.archive.ubuntu.com/ubuntu/pool/main/libu/libuv1/libuv1t64_1.48.0-1.1build1_amd64.deb	http://ap-northeast-2.ec2.archive.ubuntu.com/ubuntu/pool/main/libu/libuv1/libuv1t64_1.48.0-1.1build1_amd64.deb	200	97288	72a1856b30af1e533494ab90742a2446f4491b15ddebcade6661a6e8d61b4359	/home/aella/aws-discovery-jammy-noble-retry-20260831/upgrade-discovery/jammy-to-noble/runtime/deb-cache/db/cf/dbcf1ab6afb953f2467989391c789c00c139283c1ca7645e7688b20309b64814
jammy-to-noble	2026-08-31T12:40:46Z	GET	http://ap-northeast-2.ec2.archive.ubuntu.com/ubuntu/pool/universe/n/node-xtend/node-xtend_4.0.2-3_all.deb	http://ap-northeast-2.ec2.archive.ubuntu.com/ubuntu/pool/universe/n/node-xtend/node-xtend_4.0.2-3_all.deb	200	3902	a7b7837e53fdb68ede3ab11a1efdf4147da55b64b3a780c897082944c3f06b92	/home/aella/aws-discovery-jammy-noble-retry-20260831/upgrade-discovery/jammy-to-noble/runtime/deb-cache/6a/b3/6ab3e08284759561663da8e507ee4c51e5997988b945d75b91758e26026c7980
jammy-to-noble	2026-08-31T12:40:46Z	GET	http://ap-northeast-2.ec2.archive.ubuntu.com/ubuntu/pool/universe/a/acorn/node-acorn_8.8.1%2bds%2b%7ecs25.17.7-2_all.deb	http://ap-northeast-2.ec2.archive.ubuntu.com/ubuntu/pool/universe/a/acorn/node-acorn_8.8.1%2bds%2b%7ecs25.17.7-2_all.deb	200	115084	ffb73a7c78ba03220cd5e6ccdbc764321947a19cad403d0083a913ed54db2d85	/home/aella/aws-discovery-jammy-noble-retry-20260831/upgrade-discovery/jammy-to-noble/runtime/deb-cache/28/25/282532453006095e7c871380dc57e690fc4910fca4169ee0ff9e175440a21285
jammy-to-noble	2026-08-31T12:40:46Z	GET	http://ap-northeast-2.ec2.archive.ubuntu.com/ubuntu/pool/universe/n/node-cjs-module-lexer/node-cjs-module-lexer_1.2.3%2bdfsg-1_all.deb	http://ap-northeast-2.ec2.archive.ubuntu.com/ubuntu/pool/universe/n/node-cjs-module-lexer/node-cjs-module-lexer_1.2.3%2bdfsg-1_all.deb	200	32120	ff42550bae93d173607991655268561cf4586e212a70c4f33513e7f9d4da3625	/home/aella/aws-discovery-jammy-noble-retry-20260831/upgrade-discovery/jammy-to-noble/runtime/deb-cache/57/18/5718329f7d2519251ee545ad11e34d103b467b6eebee202449b4d988cd0740a8
jammy-to-noble	2026-08-31T12:40:46Z	GET	http://ap-northeast-2.ec2.archive.ubuntu.com/ubuntu/pool/universe/n/node-busboy/node-busboy_1.6.0%2b%7ecs2.6.0-2_all.deb	http://ap-northeast-2.ec2.archive.ubuntu.com/ubuntu/pool/universe/n/node-busboy/node-busboy_1.6.0%2b%7ecs2.6.0-2_all.deb	200	17254	b449c466397f6ed5bf446457e020c449e0ddd69c0fd6a0126df26927cc74dcbd	/home/aella/aws-discovery-jammy-noble-retry-20260831/upgrade-discovery/jammy-to-noble/runtime/deb-cache/4a/55/4a558dafdc8b51f3a9ed7e86ac9ffc7dede6354f31775c78312c6b44fc68c5e2
jammy-to-noble	2026-08-31T12:40:46Z	GET	http://ap-northeast-2.ec2.archive.ubuntu.com/ubuntu/pool/universe/n/node-undici/node-undici_5.26.3%2bdfsg1%2b%7ecs23.10.12-2_all.deb	http://ap-northeast-2.ec2.archive.ubuntu.com/ubuntu/pool/universe/n/node-undici/node-undici_5.26.3%2bdfsg1%2b%7ecs23.10.12-2_all.deb	200	324682	f96d86bb1513e2ebdc7dcd4ccf7e8494ddd837bd52677a2daa55a71144bd0e1e	/home/aella/aws-discovery-jammy-noble-retry-20260831/upgrade-discovery/jammy-to-noble/runtime/deb-cache/b0/29/b029a45a91939a42c0d91ecf31a7d9e6aa20fa42b2e9e697b7f96d9574a99187
jammy-to-noble	2026-08-31T12:40:46Z	GET	http://ap-northeast-2.ec2.archive.ubuntu.com/ubuntu/pool/universe/n/nodejs/libnode109_18.19.1%2bdfsg-6ubuntu5_amd64.deb	http://ap-northeast-2.ec2.archive.ubuntu.com/ubuntu/pool/universe/n/nodejs/libnode109_18.19.1%2bdfsg-6ubuntu5_amd64.deb	200	11648942	77173f4376864d32f7e6484a13033573f71158b91706a1190dfe816a94238b1a	/home/aella/aws-discovery-jammy-noble-retry-20260831/upgrade-discovery/jammy-to-noble/runtime/deb-cache/ad/0d/ad0ddfad4f1bbb79728a21858c83a1996a30479fd3da5032f2366b11cfc77209
jammy-to-noble	2026-08-31T12:40:46Z	GET	http://ap-northeast-2.ec2.archive.ubuntu.com/ubuntu/pool/main/e/efivar/libefiboot1t64_38-3.1build1_amd64.deb	http://ap-northeast-2.ec2.archive.ubuntu.com/ubuntu/pool/main/e/efivar/libefiboot1t64_38-3.1build1_amd64.deb	200	40570	1165b281b19cd37fa44ac19f777006b9b20b26566d7f3d7c6cdb9617a45f18a0	/home/aella/aws-discovery-jammy-noble-retry-20260831/upgrade-discovery/jammy-to-noble/runtime/deb-cache/10/e8/10e8121afbe068565448c86d75bfe9f973d5db8a879a6b9d5f4497fa76954751
jammy-to-noble	2026-08-31T12:40:46Z	GET	http://ap-northeast-2.ec2.archive.ubuntu.com/ubuntu/pool/main/e/efibootmgr/efibootmgr_18-1build2_amd64.deb	http://ap-northeast-2.ec2.archive.ubuntu.com/ubuntu/pool/main/e/efibootmgr/efibootmgr_18-1build2_amd64.deb	200	31674	a1b21a2a244b7f9080bbf895a80ec9971f591ace16962cff5f53dd80292511d6	/home/aella/aws-discovery-jammy-noble-retry-20260831/upgrade-discovery/jammy-to-noble/runtime/deb-cache/52/14/52145ae76a94468031c826c5f6cbbbd992f8352c8b9fd7da10ca5465f29fe7a0
jammy-to-noble	2026-08-31T12:40:46Z	GET	http://ap-northeast-2.ec2.archive.ubuntu.com/ubuntu/pool/main/g/grub2/grub2-common_2.12-1ubuntu7.3_amd64.deb	http://ap-northeast-2.ec2.archive.ubuntu.com/ubuntu/pool/main/g/grub2/grub2-common_2.12-1ubuntu7.3_amd64.deb	200	669664	0aeaa52ff0cfd55c8b123692b666ba6c5214e19b185013a4ee2e2231f4ccda48	/home/aella/aws-discovery-jammy-noble-retry-20260831/upgrade-discovery/jammy-to-noble/runtime/deb-cache/a9/93/a9930b93a08747aec53e945c50426d99e618a6a5f77f46ae45cf7bb8547b7129
jammy-to-noble	2026-08-31T12:40:47Z	GET	http://ap-northeast-2.ec2.archive.ubuntu.com/ubuntu/pool/main/g/grub2/grub-pc_2.12-1ubuntu7.3_amd64.deb	http://ap-northeast-2.ec2.archive.ubuntu.com/ubuntu/pool/main/g/grub2/grub-pc_2.12-1ubuntu7.3_amd64.deb	200	137104	68fc1d0e4d883262884bde20f4bcd559fb9cdf1af3277666eed46eb8be7865bd	/home/aella/aws-discovery-jammy-noble-retry-20260831/upgrade-discovery/jammy-to-noble/runtime/deb-cache/27/91/2791fc2ff75dfe6c1da48070d94ee7dfe32355cb85c0ddc97a3cb67b4954a461
jammy-to-noble	2026-08-31T12:40:47Z	GET	http://ap-northeast-2.ec2.archive.ubuntu.com/ubuntu/pool/main/g/grub2/grub-pc-bin_2.12-1ubuntu7.3_amd64.deb	http://ap-northeast-2.ec2.archive.ubuntu.com/ubuntu/pool/main/g/grub2/grub-pc-bin_2.12-1ubuntu7.3_amd64.deb	200	1100520	698d80bc51c0c593fbc829758365a0e4bce96819e2c8c754ae77dfe39b0388df	/home/aella/aws-discovery-jammy-noble-retry-20260831/upgrade-discovery/jammy-to-noble/runtime/deb-cache/96/91/9691efab2e59b80639f077d6efd37246f8a8852633c2db95160c6efb8d4fd9f7
jammy-to-noble	2026-08-31T12:40:47Z	GET	http://ap-northeast-2.ec2.archive.ubuntu.com/ubuntu/pool/main/libe/libevdev/libevdev2_1.13.1%2bdfsg-1build1_amd64.deb	http://ap-northeast-2.ec2.archive.ubuntu.com/ubuntu/pool/main/libe/libevdev/libevdev2_1.13.1%2bdfsg-1build1_amd64.deb	200	37756	a14b1ea7b3220a063458590734920879cec8431b4fc5160eb0f044dfb8d76515	/home/aella/aws-discovery-jammy-noble-retry-20260831/upgrade-discovery/jammy-to-noble/runtime/deb-cache/a3/ca/a3ca0908e9319efa517c449fec510573db0d2859208aec579b91672130ed1376
jammy-to-noble	2026-08-31T12:40:47Z	GET	http://ap-northeast-2.ec2.archive.ubuntu.com/ubuntu/pool/main/libx/libxkbcommon/libxkbcommon0_1.6.0-1build1_amd64.deb	http://ap-northeast-2.ec2.archive.ubuntu.com/ubuntu/pool/main/libx/libxkbcommon/libxkbcommon0_1.6.0-1build1_amd64.deb	200	121944	2b9caeb423efb540296a1cb20b872cc630c23908407ecb5c1c787a617622d664	/home/aella/aws-discovery-jammy-noble-retry-20260831/upgrade-discovery/jammy-to-noble/runtime/deb-cache/d1/e1/d1e19cad9961be7dd955615c630989612c5da47d6afa8c0f1f6c9bd49891b5d0
jammy-to-noble	2026-08-31T12:40:47Z	GET	http://ap-northeast-2.ec2.archive.ubuntu.com/ubuntu/pool/main/p/plymouth/libplymouth5_24.004.60-1ubuntu7.2_amd64.deb	http://ap-northeast-2.ec2.archive.ubuntu.com/ubuntu/pool/main/p/plymouth/libplymouth5_24.004.60-1ubuntu7.2_amd64.deb	200	137470	3ebb74c8bafcef6967565c6b05e39d73484ebdd7bc98f8a8d7412024ddbde73d	/home/aella/aws-discovery-jammy-noble-retry-20260831/upgrade-discovery/jammy-to-noble/runtime/deb-cache/c5/e4/c5e4af95098bdfbdf95d0863ef1e25867effda43525b1ad5a63ea95132de568a
jammy-to-noble	2026-08-31T12:40:47Z	GET	http://ap-northeast-2.ec2.archive.ubuntu.com/ubuntu/pool/main/libp/libpng1.6/libpng16-16t64_1.6.43-5ubuntu0.6_amd64.deb	http://ap-northeast-2.ec2.archive.ubuntu.com/ubuntu/pool/main/libp/libpng1.6/libpng16-16t64_1.6.43-5ubuntu0.6_amd64.deb	200	188776	ac0163f58b8aa52dfdd17cdc10a83f3db084cb91a62686023f5c983d6ff89f8b	/home/aella/aws-discovery-jammy-noble-retry-20260831/upgrade-discovery/jammy-to-noble/runtime/deb-cache/49/b0/49b07f49a324875b72b5f89c59c6ce9ce4bf1d67974b019ae06f83319963fa67
jammy-to-noble	2026-08-31T12:40:47Z	GET	http://ap-northeast-2.ec2.archive.ubuntu.com/ubuntu/pool/main/f/freetype/libfreetype6_2.13.2%2bdfsg-1ubuntu0.1_amd64.deb	http://ap-northeast-2.ec2.archive.ubuntu.com/ubuntu/pool/main/f/freetype/libfreetype6_2.13.2%2bdfsg-1ubuntu0.1_amd64.deb	200	402072	f6937fd8a77e83001dcfd3857d5a5cfbd4caaeb297c7fdb71ec50514843e48af	/home/aella/aws-discovery-jammy-noble-retry-20260831/upgrade-discovery/jammy-to-noble/runtime/deb-cache/15/b0/15b023b187ef46ab26227ab1bfe8d5f033a66031125bf642c48526fe4814d9a5
jammy-to-noble	2026-08-31T12:40:47Z	GET	http://ap-northeast-2.ec2.archive.ubuntu.com/ubuntu/pool/main/g/gettext/libasprintf0v5_0.21-14ubuntu2_amd64.deb	http://ap-northeast-2.ec2.archive.ubuntu.com/ubuntu/pool/main/g/gettext/libasprintf0v5_0.21-14ubuntu2_amd64.deb	200	8488	dfebf860c1ea2690f3c79e7c8b1fa71486ce36ba9072658e1563625975b6bb04	/home/aella/aws-discovery-jammy-noble-retry-20260831/upgrade-discovery/jammy-to-noble/runtime/deb-cache/ce/f3/cef397175176be1cb5bbcdd1dd829ffb2af493d98ae24ef6b67023a0df3cc095
jammy-to-noble	2026-08-31T12:40:47Z	GET	http://ap-northeast-2.ec2.archive.ubuntu.com/ubuntu/pool/main/g/gettext/gettext-base_0.21-14ubuntu2_amd64.deb	http://ap-northeast-2.ec2.archive.ubuntu.com/ubuntu/pool/main/g/gettext/gettext-base_0.21-14ubuntu2_amd64.deb	200	38400	3e2806e94aba780cac11961ede06bffd14d4b840c4085be33d597ec93773fba5	/home/aella/aws-discovery-jammy-noble-retry-20260831/upgrade-discovery/jammy-to-noble/runtime/deb-cache/c6/74/c674c2171c56abda3c7b9d9fc7afe81689e985ea35f97a552728544225444ed4
jammy-to-noble	2026-08-31T12:40:47Z	GET	http://ap-northeast-2.ec2.archive.ubuntu.com/ubuntu/pool/main/g/grub2/grub-common_2.12-1ubuntu7.3_amd64.deb	http://ap-northeast-2.ec2.archive.ubuntu.com/ubuntu/pool/main/g/grub2/grub-common_2.12-1ubuntu7.3_amd64.deb	200	2120094	464e7c3a9f261b2120a6755fbf753384669c666a5cc7cd571cf836d6da88373f	/home/aella/aws-discovery-jammy-noble-retry-20260831/upgrade-discovery/jammy-to-noble/runtime/deb-cache/6a/f6/6af61bb86818143ea1e38f6c1d1a6534ce9a7560b46632c8e43ba032fb48de98
jammy-to-noble	2026-08-31T12:40:47Z	GET	http://ap-northeast-2.ec2.archive.ubuntu.com/ubuntu/pool/main/g/grub-gfxpayload-lists/grub-gfxpayload-lists_0.7build2_amd64.deb	http://ap-northeast-2.ec2.archive.ubuntu.com/ubuntu/pool/main/g/grub-gfxpayload-lists/grub-gfxpayload-lists_0.7build2_amd64.deb	200	3518	a3b5d76f7c5b519ac2c36398484016f66e336701679d38b4973f199d0988acce	/home/aella/aws-discovery-jammy-noble-retry-20260831/upgrade-discovery/jammy-to-noble/runtime/deb-cache/d9/80/d9800bcd388982b0dbc437ce75ba423313836ef6acdc5ce67cc35f86b4caaebf
jammy-to-noble	2026-08-31T12:40:47Z	GET	http://ap-northeast-2.ec2.archive.ubuntu.com/ubuntu/pool/main/e/efivar/libefivar1t64_38-3.1build1_amd64.deb	http://ap-northeast-2.ec2.archive.ubuntu.com/ubuntu/pool/main/e/efivar/libefivar1t64_38-3.1build1_amd64.deb	200	57784	e0e9f13e133de21b52fc2231e09102f01ed54f3530c8813a52bc9ce66744bc50	/home/aella/aws-discovery-jammy-noble-retry-20260831/upgrade-discovery/jammy-to-noble/runtime/deb-cache/18/df/18df17e1ff885933c9029e7664d4582d53460125bb5b7c718fc1095616843388
jammy-to-noble	2026-08-31T12:40:48Z	GET	http://ap-northeast-2.ec2.archive.ubuntu.com/ubuntu/pool/universe/l/lxcfs/lxcfs_5.0.4-1_amd64.deb	http://ap-northeast-2.ec2.archive.ubuntu.com/ubuntu/pool/universe/l/lxcfs/lxcfs_5.0.4-1_amd64.deb	200	83056	de145ba0c7e1ab7a2ddc0ea236158dfc226f1a5012f8430377c539428ade4364	/home/aella/aws-discovery-jammy-noble-retry-20260831/upgrade-discovery/jammy-to-noble/runtime/deb-cache/0c/42/0c426e2d581ee23faf7395b13b21aa9b6a6e43aafbe5fcd0ae1608c4e89f1561
jammy-to-noble	2026-08-31T12:40:48Z	GET	http://ap-northeast-2.ec2.archive.ubuntu.com/ubuntu/pool/universe/f/fuse/libfuse2t64_2.9.9-8.1build1_amd64.deb	http://ap-northeast-2.ec2.archive.ubuntu.com/ubuntu/pool/universe/f/fuse/libfuse2t64_2.9.9-8.1build1_amd64.deb	200	89868	42919b326576c6c5cde85f4748092351c13b1b365c8793adb926b9c11cd5b22d	/home/aella/aws-discovery-jammy-noble-retry-20260831/upgrade-discovery/jammy-to-noble/runtime/deb-cache/d6/57/d6573228c35fe515b549060ee51417645ab0e08fef8c312ff1f36baa201c665e
jammy-to-noble	2026-08-31T12:40:48Z	GET	http://ap-northeast-2.ec2.archive.ubuntu.com/ubuntu/pool/universe/g/geoip/libgeoip1t64_1.6.12-11.1build1_amd64.deb	http://ap-northeast-2.ec2.archive.ubuntu.com/ubuntu/pool/universe/g/geoip/libgeoip1t64_1.6.12-11.1build1_amd64.deb	200	78546	86a367fa1f6367947800a76ab3d57b2b00f74f38fb4cdc9520fd55e6bced7363	/home/aella/aws-discovery-jammy-noble-retry-20260831/upgrade-discovery/jammy-to-noble/runtime/deb-cache/2d/c3/2dc388a33f6803f736566c6155e399a6e1a3c846e90424637e2a613885c73dbe
jammy-to-noble	2026-08-31T12:40:48Z	GET	http://ap-northeast-2.ec2.archive.ubuntu.com/ubuntu/pool/main/o/open-iscsi/open-iscsi_2.1.9-3ubuntu5.4_amd64.deb	http://ap-northeast-2.ec2.archive.ubuntu.com/ubuntu/pool/main/o/open-iscsi/open-iscsi_2.1.9-3ubuntu5.4_amd64.deb	200	328070	1d6b8275a39d067e073f2b01252dd3ffc132c11392278af1d2878f1cd8e2f441	/home/aella/aws-discovery-jammy-noble-retry-20260831/upgrade-discovery/jammy-to-noble/runtime/deb-cache/49/e5/49e526958c6a2652a6c757fac6d98146eb9c0c80433fbb566fc7f35014e68350
jammy-to-noble	2026-08-31T12:40:49Z	GET	http://ap-northeast-2.ec2.archive.ubuntu.com/ubuntu/pool/main/o/open-isns/libisns0t64_0.101-0.3build3_amd64.deb	http://ap-northeast-2.ec2.archive.ubuntu.com/ubuntu/pool/main/o/open-isns/libisns0t64_0.101-0.3build3_amd64.deb	200	94222	ae9be158a88f6c4d5c2099337f369443b3020b96f08e90fd57fbda70755ac5eb	/home/aella/aws-discovery-jammy-noble-retry-20260831/upgrade-discovery/jammy-to-noble/runtime/deb-cache/cd/d6/cdd63a778acd15f6c582115356f7451dd3f9d175b1bba1386195c29e2fffdce8
jammy-to-noble	2026-08-31T12:40:49Z	GET	http://ap-northeast-2.ec2.archive.ubuntu.com/ubuntu/pool/main/a/apparmor/apparmor_4.0.1really4.0.1-0ubuntu0.24.04.7_amd64.deb	http://ap-northeast-2.ec2.archive.ubuntu.com/ubuntu/pool/main/a/apparmor/apparmor_4.0.1really4.0.1-0ubuntu0.24.04.7_amd64.deb	200	639704	45c30f4a9724a21e2f5f91a0556f979c13ab2042e6a38c7fdd6da87829e8d67e	/home/aella/aws-discovery-jammy-noble-retry-20260831/upgrade-discovery/jammy-to-noble/runtime/deb-cache/de/b6/deb64fd6011f8ace93269b4333a8e3058323d90886d6c32708ae519fd7efe675
jammy-to-noble	2026-08-31T12:40:53Z	GET	http://ap-northeast-2.ec2.archive.ubuntu.com/ubuntu/pool/universe/l/lxc/liblxc-common_5.0.3-2ubuntu7.2_amd64.deb	http://ap-northeast-2.ec2.archive.ubuntu.com/ubuntu/pool/universe/l/lxc/liblxc-common_5.0.3-2ubuntu7.2_amd64.deb	200	894426	8ae55ec39061346f168c098dc316edb8f91390eebb5b6cdf2554dc9ab4c1e5c0	/home/aella/aws-discovery-jammy-noble-retry-20260831/upgrade-discovery/jammy-to-noble/runtime/deb-cache/a3/92/a39259555046d4507e2921a142e20fcf4fbf4b32b41b23a275a93566c60bd334
jammy-to-noble	2026-08-31T12:40:54Z	GET	http://ap-northeast-2.ec2.archive.ubuntu.com/ubuntu/pool/universe/l/lxc/liblxc1t64_5.0.3-2ubuntu7.2_amd64.deb	http://ap-northeast-2.ec2.archive.ubuntu.com/ubuntu/pool/universe/l/lxc/liblxc1t64_5.0.3-2ubuntu7.2_amd64.deb	200	407276	60ca4c5c2988e00059f06e5cf2ea6e3065ac7678467d0bf84dde30c8c9583231	/home/aella/aws-discovery-jammy-noble-retry-20260831/upgrade-discovery/jammy-to-noble/runtime/deb-cache/e4/0c/e40ce7b264411ef4ab4aee2437644a8af59bc727f8a8d85e3d2edcb404faa697
jammy-to-noble	2026-08-31T12:40:54Z	GET	http://ap-northeast-2.ec2.archive.ubuntu.com/ubuntu/pool/main/f/file/file_5.45-3build1_amd64.deb	http://ap-northeast-2.ec2.archive.ubuntu.com/ubuntu/pool/main/f/file/file_5.45-3build1_amd64.deb	200	22042	17dae1d6e803d0304e318f451c8abf62cbd5bb2a0068300cdeea77c62075b895	/home/aella/aws-discovery-jammy-noble-retry-20260831/upgrade-discovery/jammy-to-noble/runtime/deb-cache/1a/6d/1a6d1c37324ef9ba965dc536e00fcd3003e1fc4de412da1134155f9e191b744e
jammy-to-noble	2026-08-31T12:40:55Z	GET	http://ap-northeast-2.ec2.archive.ubuntu.com/ubuntu/pool/main/f/file/libmagic1t64_5.45-3build1_amd64.deb	http://ap-northeast-2.ec2.archive.ubuntu.com/ubuntu/pool/main/f/file/libmagic1t64_5.45-3build1_amd64.deb	200	87240	fc2319f342c437e044ccf854e0c95bd472a7eb0b9363e1f76ad1524ab04df68e	/home/aella/aws-discovery-jammy-noble-retry-20260831/upgrade-discovery/jammy-to-noble/runtime/deb-cache/2b/c6/2bc6de64b81eb7de8a41ec71aa38214587b2f8dc7d07a253c0e8c9b35fa65c48
jammy-to-noble	2026-08-31T12:40:55Z	GET	http://ap-northeast-2.ec2.archive.ubuntu.com/ubuntu/pool/main/f/file/libmagic-mgc_5.45-3build1_amd64.deb	http://ap-northeast-2.ec2.archive.ubuntu.com/ubuntu/pool/main/f/file/libmagic-mgc_5.45-3build1_amd64.deb	200	307366	f0ed0e314a63ae1b7e5403d7e43a26c6e0c0ee69e9a305babcf9c6775607377a	/home/aella/aws-discovery-jammy-noble-retry-20260831/upgrade-discovery/jammy-to-noble/runtime/deb-cache/d8/a5/d8a5b9c125664c7483957aebf457faf21c9703dbaabcdb9669ed2a97ccf08e34
jammy-to-noble	2026-08-31T12:40:55Z	GET	http://ap-northeast-2.ec2.archive.ubuntu.com/ubuntu/pool/main/n/ntfs-3g/ntfs-3g_2022.10.3-1.2ubuntu3.2_amd64.deb	http://ap-northeast-2.ec2.archive.ubuntu.com/ubuntu/pool/main/n/ntfs-3g/ntfs-3g_2022.10.3-1.2ubuntu3.2_amd64.deb	200	406374	3a34223b68b55596eb91768b9c879b8a740b16467f56673ea2b1c0e8093d678e	/home/aella/aws-discovery-jammy-noble-retry-20260831/upgrade-discovery/jammy-to-noble/runtime/deb-cache/f1/85/f185364fe81494c9e827d73f5bb12f97f3a3248ac85aa238f0d7645d673cfc05
jammy-to-noble	2026-08-31T12:40:55Z	GET	http://ap-northeast-2.ec2.archive.ubuntu.com/ubuntu/pool/main/n/ntfs-3g/libntfs-3g89t64_2022.10.3-1.2ubuntu3.2_amd64.deb	http://ap-northeast-2.ec2.archive.ubuntu.com/ubuntu/pool/main/n/ntfs-3g/libntfs-3g89t64_2022.10.3-1.2ubuntu3.2_amd64.deb	200	160256	4ae668265884cbccb44d01a389cee7909343916627d21b04a7f202719d916071	/home/aella/aws-discovery-jammy-noble-retry-20260831/upgrade-discovery/jammy-to-noble/runtime/deb-cache/bf/29/bf295934a2e604316de7868be40101b7ac2167dfb299a40a73943b2577e20b0c
jammy-to-noble	2026-08-31T12:40:56Z	GET	http://ap-northeast-2.ec2.archive.ubuntu.com/ubuntu/pool/main/i/init-system-helpers/init_1.66ubuntu1_amd64.deb	http://ap-northeast-2.ec2.archive.ubuntu.com/ubuntu/pool/main/i/init-system-helpers/init_1.66ubuntu1_amd64.deb	200	6186	fd0c5e9692e4fec0e43769d5792ef3ae83f07c7ba7a11a2a4f4dd70fdf335591	/home/aella/aws-discovery-jammy-noble-retry-20260831/upgrade-discovery/jammy-to-noble/runtime/deb-cache/b6/4e/b64ea96bc5930143474df2c3dbebe22d0782b0869392719076698c528dbdc62a
jammy-to-noble	2026-08-31T12:40:56Z	GET	http://ap-northeast-2.ec2.archive.ubuntu.com/ubuntu/pool/main/c/cron/cron-daemon-common_3.0pl1-184ubuntu2_all.deb	http://ap-northeast-2.ec2.archive.ubuntu.com/ubuntu/pool/main/c/cron/cron-daemon-common_3.0pl1-184ubuntu2_all.deb	200	13578	289604310fb1e92b9dae924161f94194533af1fccef3b156f970e5365848ff34	/home/aella/aws-discovery-jammy-noble-retry-20260831/upgrade-discovery/jammy-to-noble/runtime/deb-cache/5a/b4/5ab4c09736f8aa2ca13554bef2b7648e77b1e98f8d3eb52757d153945f344fc9
jammy-to-noble	2026-08-31T12:40:56Z	GET	http://ap-northeast-2.ec2.archive.ubuntu.com/ubuntu/pool/main/c/cron/cron_3.0pl1-184ubuntu2_amd64.deb	http://ap-northeast-2.ec2.archive.ubuntu.com/ubuntu/pool/main/c/cron/cron_3.0pl1-184ubuntu2_amd64.deb	200	85350	5a257b6b3b05d290964f68868db8127cca7eeef64c30dc9586f46cd4f68f1b90	/home/aella/aws-discovery-jammy-noble-retry-20260831/upgrade-discovery/jammy-to-noble/runtime/deb-cache/28/9b/289bcd5e31c2354f18ec5fcf8abd78847e68c20b703f5524f953ee717711bc7e
jammy-to-noble	2026-08-31T12:40:56Z	GET	http://ap-northeast-2.ec2.archive.ubuntu.com/ubuntu/pool/main/r/rsync/rsync_3.2.7-1ubuntu1.5_amd64.deb	http://ap-northeast-2.ec2.archive.ubuntu.com/ubuntu/pool/main/r/rsync/rsync_3.2.7-1ubuntu1.5_amd64.deb	200	442954	8f952895697d19a6f1caa71f17c7d4e8c1f1fb485eb824ffe3e4c77dd587b338	/home/aella/aws-discovery-jammy-noble-retry-20260831/upgrade-discovery/jammy-to-noble/runtime/deb-cache/80/ca/80ca42ea5ddb656541ba66d7485e490622e55792bc9e287b1df3bd3b90a82215
jammy-to-noble	2026-08-31T12:40:56Z	GET	http://ap-northeast-2.ec2.archive.ubuntu.com/ubuntu/pool/main/u/util-linux/uuid-runtime_2.39.3-9ubuntu6.5_amd64.deb	http://ap-northeast-2.ec2.archive.ubuntu.com/ubuntu/pool/main/u/util-linux/uuid-runtime_2.39.3-9ubuntu6.5_amd64.deb	200	33056	b0ef55d19d5744efa731b6dff5786dfe49ed57393b2eee58c8e97c46bb1de570	/home/aella/aws-discovery-jammy-noble-retry-20260831/upgrade-discovery/jammy-to-noble/runtime/deb-cache/cd/84/cd84d396e312b60a0560c894ba7f585a803b3a4b584117ae19f196eb6971c5c8
jammy-to-noble	2026-08-31T12:40:57Z	GET	http://ap-northeast-2.ec2.archive.ubuntu.com/ubuntu/pool/main/a/acpid/acpid_2.0.34-1ubuntu2_amd64.deb	http://ap-northeast-2.ec2.archive.ubuntu.com/ubuntu/pool/main/a/acpid/acpid_2.0.34-1ubuntu2_amd64.deb	200	36518	c9689355afb344b95e7b514681f6420154e792ab5c266f76f130f307245f0715	/home/aella/aws-discovery-jammy-noble-retry-20260831/upgrade-discovery/jammy-to-noble/runtime/deb-cache/91/29/912912f4caf1e63225c05876aaa25b4fbb23c75e3edc101662db701473cf6603
jammy-to-noble	2026-08-31T12:40:57Z	GET	http://ap-northeast-2.ec2.archive.ubuntu.com/ubuntu/pool/main/m/more-itertools/python3-more-itertools_10.2.0-1_all.deb	http://ap-northeast-2.ec2.archive.ubuntu.com/ubuntu/pool/main/m/more-itertools/python3-more-itertools_10.2.0-1_all.deb	200	52906	f6ad092c9568b044befdb7d6edfd3f9ea35ec31de01c26fafac20a32c0d7b3e1	/home/aella/aws-discovery-jammy-noble-retry-20260831/upgrade-discovery/jammy-to-noble/runtime/deb-cache/ce/e9/cee9ea4be3b8a4875cea338effd7a262f15cdf32e10370d1d19ad51d57cd8448
jammy-to-noble	2026-08-31T12:40:57Z	GET	http://ap-northeast-2.ec2.archive.ubuntu.com/ubuntu/pool/main/p/python-zipp/python3-zipp_1.0.0-6ubuntu0.1_all.deb	http://ap-northeast-2.ec2.archive.ubuntu.com/ubuntu/pool/main/p/python-zipp/python3-zipp_1.0.0-6ubuntu0.1_all.deb	200	6774	71fdd21f49318f76ce66df039ce11a79eaad87dc6b27aab1d6449273b177383c	/home/aella/aws-discovery-jammy-noble-retry-20260831/upgrade-discovery/jammy-to-noble/runtime/deb-cache/27/15/271503b0d2e4c773ba4280197e59b8b03ca200a8a5b8b97a84f5d52fc62d2b05
jammy-to-noble	2026-08-31T12:40:57Z	GET	http://ap-northeast-2.ec2.archive.ubuntu.com/ubuntu/pool/main/p/python-importlib-metadata/python3-importlib-metadata_4.12.0-1_all.deb	http://ap-northeast-2.ec2.archive.ubuntu.com/ubuntu/pool/main/p/python-importlib-metadata/python3-importlib-metadata_4.12.0-1_all.deb	200	17822	2948c1f4ff8a03b5b9badaabd8b5033ed27533b34e61567ee1653d29ffab9891	/home/aella/aws-discovery-jammy-noble-retry-20260831/upgrade-discovery/jammy-to-noble/runtime/deb-cache/04/bb/04bb50a20e74d3293e140aa18722b0ced65f5f2f76cbc414c57f98e124a68597
jammy-to-noble	2026-08-31T12:40:57Z	GET	http://ap-northeast-2.ec2.archive.ubuntu.com/ubuntu/pool/main/l/lazr.uri/python3-lazr.uri_1.0.6-3_all.deb	http://ap-northeast-2.ec2.archive.ubuntu.com/ubuntu/pool/main/l/lazr.uri/python3-lazr.uri_1.0.6-3_all.deb	200	13492	57efe41f87535afbb226f13755cf8a8e7d41f1c646ef70b982d93a4eb67ad782	/home/aella/aws-discovery-jammy-noble-retry-20260831/upgrade-discovery/jammy-to-noble/runtime/deb-cache/66/f7/66f7057e80a3f87d56620ea26d0ae51573ab86c19b7e6ed70ac78337eb3f8fdd
jammy-to-noble	2026-08-31T12:40:57Z	GET	http://ap-northeast-2.ec2.archive.ubuntu.com/ubuntu/pool/main/p/python-wadllib/python3-wadllib_1.3.6-5_all.deb	http://ap-northeast-2.ec2.archive.ubuntu.com/ubuntu/pool/main/p/python-wadllib/python3-wadllib_1.3.6-5_all.deb	200	35856	39d92d3a942b42a7a96e08ac09d20cbacb9138c407bdff02aec5ac4379159fe4	/home/aella/aws-discovery-jammy-noble-retry-20260831/upgrade-discovery/jammy-to-noble/runtime/deb-cache/f2/03/f2039d27a1781e978ff0bc0b71e16d8b99f7453638d2e483e6bf535fc48d36b2
jammy-to-noble	2026-08-31T12:40:58Z	GET	http://ap-northeast-2.ec2.archive.ubuntu.com/ubuntu/pool/main/p/python-distro/python3-distro_1.9.0-1_all.deb	http://ap-northeast-2.ec2.archive.ubuntu.com/ubuntu/pool/main/p/python-distro/python3-distro_1.9.0-1_all.deb	200	19012	eca0e60a27431b6f5d13067e9c78441d38c19108e4896da6f512adc6193d269a	/home/aella/aws-discovery-jammy-noble-retry-20260831/upgrade-discovery/jammy-to-noble/runtime/deb-cache/7c/35/7c350dd691ca1953db226b8006e4da7b509e1f2dbadec6dab83569957ff78a4f
jammy-to-noble	2026-08-31T12:40:58Z	GET	http://ap-northeast-2.ec2.archive.ubuntu.com/ubuntu/pool/main/b/blinker/python3-blinker_1.7.0-1_all.deb	http://ap-northeast-2.ec2.archive.ubuntu.com/ubuntu/pool/main/b/blinker/python3-blinker_1.7.0-1_all.deb	200	14312	bb671458cb2ef3fca3ba8819e03d318a7821870ecd508de8921afcf0190356f2	/home/aella/aws-discovery-jammy-noble-retry-20260831/upgrade-discovery/jammy-to-noble/runtime/deb-cache/28/c2/28c24587cadf4f1ced994ed5689230430886024f59537ab375fc79f95085a0ea
jammy-to-noble	2026-08-31T12:40:58Z	GET	http://ap-northeast-2.ec2.archive.ubuntu.com/ubuntu/pool/main/p/pyjwt/python3-jwt_2.7.0-1ubuntu0.1_all.deb	http://ap-northeast-2.ec2.archive.ubuntu.com/ubuntu/pool/main/p/pyjwt/python3-jwt_2.7.0-1ubuntu0.1_all.deb	200	20162	038c42e9957c683e98834dbe405572e01c8c3aa0ebcd410beec33a260d0f0022	/home/aella/aws-discovery-jammy-noble-retry-20260831/upgrade-discovery/jammy-to-noble/runtime/deb-cache/3a/67/3a67d623d9d41080137a646f8fba4bcc76fe331ab66cc99b98b7967d49081391
jammy-to-noble	2026-08-31T12:40:58Z	GET	http://ap-northeast-2.ec2.archive.ubuntu.com/ubuntu/pool/main/p/python-oauthlib/python3-oauthlib_3.2.2-1_all.deb	http://ap-northeast-2.ec2.archive.ubuntu.com/ubuntu/pool/main/p/python-oauthlib/python3-oauthlib_3.2.2-1_all.deb	200	89666	de2429f930ca495315d06eba8646ef5299c8cf3848f31afb948856639dca79ff	/home/aella/aws-discovery-jammy-noble-retry-20260831/upgrade-discovery/jammy-to-noble/runtime/deb-cache/5f/46/5f461a2ada9bb7aab67bb8ffb04b0adf46a2ef4b6b9d551cb7a30c185429d9ed
jammy-to-noble	2026-08-31T12:40:58Z	GET	http://ap-northeast-2.ec2.archive.ubuntu.com/ubuntu/pool/main/l/lazr.restfulclient/python3-lazr.restfulclient_0.14.6-1_all.deb	http://ap-northeast-2.ec2.archive.ubuntu.com/ubuntu/pool/main/l/lazr.restfulclient/python3-lazr.restfulclient_0.14.6-1_all.deb	200	50788	a8898636573c29de3e0f4b4de74281cc8a792ddedcb3cc5065c3ef952e6b53e1	/home/aella/aws-discovery-jammy-noble-retry-20260831/upgrade-discovery/jammy-to-noble/runtime/deb-cache/fd/16/fd166f41b176dbb5450109356eb287b4b1183575f0dbb15ff43c6bfe4e9d5f12
jammy-to-noble	2026-08-31T12:40:58Z	GET	http://ap-northeast-2.ec2.archive.ubuntu.com/ubuntu/pool/main/s/six/python3-six_1.16.0-4_all.deb	http://ap-northeast-2.ec2.archive.ubuntu.com/ubuntu/pool/main/s/six/python3-six_1.16.0-4_all.deb	200	12410	54e6bb624a89feccbcf6bc16f0641b9aa24231dd1988d4e0b50f430b44a7a1ae	/home/aella/aws-discovery-jammy-noble-retry-20260831/upgrade-discovery/jammy-to-noble/runtime/deb-cache/69/42/694205a3294b851a4da304a3c406d470d0429ff1987c2740126909e8b66d8079
jammy-to-noble	2026-08-31T12:40:58Z	GET	http://ap-northeast-2.ec2.archive.ubuntu.com/ubuntu/pool/main/p/python-launchpadlib/python3-launchpadlib_1.11.0-6_all.deb	http://ap-northeast-2.ec2.archive.ubuntu.com/ubuntu/pool/main/p/python-launchpadlib/python3-launchpadlib_1.11.0-6_all.deb	200	126540	5c6eacd5deae0da0839a614e7c80ec371a0b5d1482af96ca952ff71a33804979	/home/aella/aws-discovery-jammy-noble-retry-20260831/upgrade-discovery/jammy-to-noble/runtime/deb-cache/d6/01/d6017afef64792229efcb037150ad4b6067fe96420b307a8ccee349645ecc8b6
jammy-to-noble	2026-08-31T12:40:58Z	GET	http://ap-northeast-2.ec2.archive.ubuntu.com/ubuntu/pool/main/a/apport/python3-problem-report_2.28.3-0ubuntu0.1_all.deb	http://ap-northeast-2.ec2.archive.ubuntu.com/ubuntu/pool/main/a/apport/python3-problem-report_2.28.3-0ubuntu0.1_all.deb	200	26544	086f3998727cad0aff452385e9cedc0e9fd84cb61bb29c1bc49bbf61e21abe8f	/home/aella/aws-discovery-jammy-noble-retry-20260831/upgrade-discovery/jammy-to-noble/runtime/deb-cache/a2/93/a2938a220217a09e2edc4c7e2602176ebf889106a9bbae35fe981877ec790b20
jammy-to-noble	2026-08-31T12:40:59Z	GET	http://ap-northeast-2.ec2.archive.ubuntu.com/ubuntu/pool/main/p/python-certifi/python3-certifi_2023.11.17-1_all.deb	http://ap-northeast-2.ec2.archive.ubuntu.com/ubuntu/pool/main/p/python-certifi/python3-certifi_2023.11.17-1_all.deb	200	164904	1a7ee6751fdc263319f4a2e559e8104f7a1e9af0cdb9926e5a145ebfec0dd148	/home/aella/aws-discovery-jammy-noble-retry-20260831/upgrade-discovery/jammy-to-noble/runtime/deb-cache/20/82/20827549c2450a0789d216b52b78470ecc13a224a0fb6a7de764445b48c467b1
jammy-to-noble	2026-08-31T12:40:59Z	GET	http://ap-northeast-2.ec2.archive.ubuntu.com/ubuntu/pool/main/p/python-idna/python3-idna_3.6-2ubuntu0.2_all.deb	http://ap-northeast-2.ec2.archive.ubuntu.com/ubuntu/pool/main/p/python-idna/python3-idna_3.6-2ubuntu0.2_all.deb	200	49730	9094258aba489349e87bbd3ed561c727c5c19f6b940835a431b4f89bae32c602	/home/aella/aws-discovery-jammy-noble-retry-20260831/upgrade-discovery/jammy-to-noble/runtime/deb-cache/97/2e/972e58954c52ecca56caa9dbc6c1a2ce71e9a907ae2936af0e3465a90fc51280
jammy-to-noble	2026-08-31T12:40:59Z	GET	http://ap-northeast-2.ec2.archive.ubuntu.com/ubuntu/pool/main/p/python-urllib3/python3-urllib3_2.0.7-1ubuntu0.7_all.deb	http://ap-northeast-2.ec2.archive.ubuntu.com/ubuntu/pool/main/p/python-urllib3/python3-urllib3_2.0.7-1ubuntu0.7_all.deb	200	95448	84970da97957c055f5ccc7c4d470f31a4091318dffa2c47f670db23665b7aa95	/home/aella/aws-discovery-jammy-noble-retry-20260831/upgrade-discovery/jammy-to-noble/runtime/deb-cache/de/62/de622a87be151e995f62fba4084b4170bdbb5679121ca355e725d9cc866bb6c9
jammy-to-noble	2026-08-31T12:40:59Z	GET	http://ap-northeast-2.ec2.archive.ubuntu.com/ubuntu/pool/main/r/requests/python3-requests_2.31.0%2bdfsg-1ubuntu1.1_all.deb	http://ap-northeast-2.ec2.archive.ubuntu.com/ubuntu/pool/main/r/requests/python3-requests_2.31.0%2bdfsg-1ubuntu1.1_all.deb	200	50784	e9d0795c374b9be099042444bad44ba6c9cad70523744e4165b087c17d6d5fa0	/home/aella/aws-discovery-jammy-noble-retry-20260831/upgrade-discovery/jammy-to-noble/runtime/deb-cache/a8/1f/a81f96c76e007ed26d98f5b6909858edbd610091f994e6136d69b3f7b07b632e
jammy-to-noble	2026-08-31T12:40:59Z	GET	http://ap-northeast-2.ec2.archive.ubuntu.com/ubuntu/pool/main/a/apport/apport_2.28.3-0ubuntu0.1_all.deb	http://ap-northeast-2.ec2.archive.ubuntu.com/ubuntu/pool/main/a/apport/apport_2.28.3-0ubuntu0.1_all.deb	200	85276	3fb6842df77c2a60373981d2a00e25c11b3793f4301e115bcb9dd3e3b69e8847	/home/aella/aws-discovery-jammy-noble-retry-20260831/upgrade-discovery/jammy-to-noble/runtime/deb-cache/40/64/4064c4c5586a9d2ee84aa0997889c6a341bbafd1b4f1fc139b865730ccf3d531
jammy-to-noble	2026-08-31T12:40:59Z	GET	http://ap-northeast-2.ec2.archive.ubuntu.com/ubuntu/pool/main/a/apport/python3-apport_2.28.3-0ubuntu0.1_all.deb	http://ap-northeast-2.ec2.archive.ubuntu.com/ubuntu/pool/main/a/apport/python3-apport_2.28.3-0ubuntu0.1_all.deb	200	93698	285a2fe343de172af4ff36992ea6028a63567eaf3535f36063a9ebb5271ce8ff	/home/aella/aws-discovery-jammy-noble-retry-20260831/upgrade-discovery/jammy-to-noble/runtime/deb-cache/d4/0b/d40b57c8d66acc71c6348dbd983fe893c814ffd281355cdc9747b1cac1054f59
jammy-to-noble	2026-08-31T12:40:59Z	GET	http://ap-northeast-2.ec2.archive.ubuntu.com/ubuntu/pool/main/a/apport/apport-core-dump-handler_2.28.3-0ubuntu0.1_all.deb	http://ap-northeast-2.ec2.archive.ubuntu.com/ubuntu/pool/main/a/apport/apport-core-dump-handler_2.28.3-0ubuntu0.1_all.deb	200	19174	b49ff6b040f2d250c2fef753e5a96885bacf63b9330c5a8abb31a72b3fbe37ef	/home/aella/aws-discovery-jammy-noble-retry-20260831/upgrade-discovery/jammy-to-noble/runtime/deb-cache/81/ad/81ade5a2969041e386f10956226fe95f5dd8199bfa2f2a46ac47932d93d9bbe8
jammy-to-noble	2026-08-31T12:40:59Z	GET	http://ap-northeast-2.ec2.archive.ubuntu.com/ubuntu/pool/main/i/iso-codes/iso-codes_4.16.0-1_all.deb	http://ap-northeast-2.ec2.archive.ubuntu.com/ubuntu/pool/main/i/iso-codes/iso-codes_4.16.0-1_all.deb	200	3491500	cafca0a3a1f07b44fbba53ab7a1f1d9755e6b80cc041173afe2b52e53bed97a7	/home/aella/aws-discovery-jammy-noble-retry-20260831/upgrade-discovery/jammy-to-noble/runtime/deb-cache/7d/a5/7da5929c10197bb5c467f7276ddbe9e56f8545a2fc7d1d6bdd34fb5fa9fb0dfd
jammy-to-noble	2026-08-31T12:40:59Z	GET	http://ap-northeast-2.ec2.archive.ubuntu.com/ubuntu/pool/main/l/language-selector/language-selector-common_0.225_all.deb	http://ap-northeast-2.ec2.archive.ubuntu.com/ubuntu/pool/main/l/language-selector/language-selector-common_0.225_all.deb	200	258152	5a607b54bd5216014246bca7011e25abe1726284179af890fbc717e6c60f1c24	/home/aella/aws-discovery-jammy-noble-retry-20260831/upgrade-discovery/jammy-to-noble/runtime/deb-cache/ad/fa/adfa3d3102cce4566cc3bd6dee0654c56feff3cfacae3af822db7f4b573e6b88
jammy-to-noble	2026-08-31T12:40:59Z	GET	http://ap-northeast-2.ec2.archive.ubuntu.com/ubuntu/pool/main/e/elfutils/libdebuginfod-common_0.190-1.1ubuntu0.1_all.deb	http://ap-northeast-2.ec2.archive.ubuntu.com/ubuntu/pool/main/e/elfutils/libdebuginfod-common_0.190-1.1ubuntu0.1_all.deb	200	14560	aa25e83c64fdb547d923ea1aaaa8fb8c1cdca2db69a5f0b560f90c5b832e4a85	/home/aella/aws-discovery-jammy-noble-retry-20260831/upgrade-discovery/jammy-to-noble/runtime/deb-cache/32/35/323598cca067f9c95fd45b724ec6d065f09e4f5783a58e7d62d87cf1e283691a
jammy-to-noble	2026-08-31T12:40:59Z	GET	http://ap-northeast-2.ec2.archive.ubuntu.com/ubuntu/pool/universe/n/ntpsec/python3-ntp_1.2.2%2bdfsg1-4build2_amd64.deb	http://ap-northeast-2.ec2.archive.ubuntu.com/ubuntu/pool/universe/n/ntpsec/python3-ntp_1.2.2%2bdfsg1-4build2_amd64.deb	200	91242	f0e00b8bdc4b8fe6a9546b36ce8af9ab07aa09d97823cbdc1c7a221de5b8fb5e	/home/aella/aws-discovery-jammy-noble-retry-20260831/upgrade-discovery/jammy-to-noble/runtime/deb-cache/41/1c/411cee15f1fe10d45f5eb0ffe66b76a39dd118e7a13579f96103959c5d68d144
jammy-to-noble	2026-08-31T12:40:59Z	GET	http://ap-northeast-2.ec2.archive.ubuntu.com/ubuntu/pool/universe/n/ntpsec/ntpsec-ntpdig_1.2.2%2bdfsg1-4build2_amd64.deb	http://ap-northeast-2.ec2.archive.ubuntu.com/ubuntu/pool/universe/n/ntpsec/ntpsec-ntpdig_1.2.2%2bdfsg1-4build2_amd64.deb	200	25202	093c4cd66a9d284ed4846580b8f7d03e57b2f54181e914d44490ee05c1d0f5e1	/home/aella/aws-discovery-jammy-noble-retry-20260831/upgrade-discovery/jammy-to-noble/runtime/deb-cache/9d/52/9d520c851fe2db8b6d92de8764c8f3197cad5b12c47f8a3684c971eb2a587592
jammy-to-noble	2026-08-31T12:40:59Z	GET	http://ap-northeast-2.ec2.archive.ubuntu.com/ubuntu/pool/universe/n/ntpsec/ntp_4.2.8p15%2bdfsg-2%7e1.2.2%2bdfsg1-4build2_all.deb	http://ap-northeast-2.ec2.archive.ubuntu.com/ubuntu/pool/universe/n/ntpsec/ntp_4.2.8p15%2bdfsg-2%7e1.2.2%2bdfsg1-4build2_all.deb	200	15744	16eb9decacc7afc3097c614980c805bda8b7c300ebcf409996b2727747aab209	/home/aella/aws-discovery-jammy-noble-retry-20260831/upgrade-discovery/jammy-to-noble/runtime/deb-cache/0f/07/0f07d8ad0bab29a1dd4851ecfa0e70a44d89668fa08d771b7c5812f7e451464c
jammy-to-noble	2026-08-31T12:40:59Z	GET	http://ap-northeast-2.ec2.archive.ubuntu.com/ubuntu/pool/universe/n/ntpsec/ntpsec_1.2.2%2bdfsg1-4build2_amd64.deb	http://ap-northeast-2.ec2.archive.ubuntu.com/ubuntu/pool/universe/n/ntpsec/ntpsec_1.2.2%2bdfsg1-4build2_amd64.deb	200	342670	d650468436a2d4d0f7aa8883253be0039eb9b7ae17783dbca14e262f17280bf9	/home/aella/aws-discovery-jammy-noble-retry-20260831/upgrade-discovery/jammy-to-noble/runtime/deb-cache/86/f9/86f9616e4c19769f4fa76a0bf872ba45fc7614b59d3a8929b4be8081c2eb48c4
jammy-to-noble	2026-08-31T12:40:59Z	GET	http://ap-northeast-2.ec2.archive.ubuntu.com/ubuntu/pool/main/o/open-iscsi/libopeniscsiusr_2.1.9-3ubuntu5.4_amd64.deb	http://ap-northeast-2.ec2.archive.ubuntu.com/ubuntu/pool/main/o/open-iscsi/libopeniscsiusr_2.1.9-3ubuntu5.4_amd64.deb	200	49368	f7398352c3d7b9a8502a631ef072a7aca6385c1a374f00a6e1ea0fbda14dd031	/home/aella/aws-discovery-jammy-noble-retry-20260831/upgrade-discovery/jammy-to-noble/runtime/deb-cache/b0/29/b029912d6c023bb951e49599a8749768e49adc897a3d5806fa4392ebdf45c190
jammy-to-noble	2026-08-31T12:41:00Z	GET	http://ap-northeast-2.ec2.archive.ubuntu.com/ubuntu/pool/universe/p/popularity-contest/popularity-contest_1.77ubuntu1_all.deb	http://ap-northeast-2.ec2.archive.ubuntu.com/ubuntu/pool/universe/p/popularity-contest/popularity-contest_1.77ubuntu1_all.deb	200	58344	e31739329d17aa7fb27d59dfa2c43776b1ece3f51a415550f562e851be088317	/home/aella/aws-discovery-jammy-noble-retry-20260831/upgrade-discovery/jammy-to-noble/runtime/deb-cache/fb/08/fb08e245e521181ec1211c87dd2882450d704ed8b7382c6c5862059a392357d0
jammy-to-noble	2026-08-31T12:41:00Z	GET	http://ap-northeast-2.ec2.archive.ubuntu.com/ubuntu/pool/main/s/squashfs-tools/squashfs-tools_4.6.1-1build1_amd64.deb	http://ap-northeast-2.ec2.archive.ubuntu.com/ubuntu/pool/main/s/squashfs-tools/squashfs-tools_4.6.1-1build1_amd64.deb	200	189326	87fae263846bab255d4a51ad9fc623685497ad830db60758dde39589c9fdadcb	/home/aella/aws-discovery-jammy-noble-retry-20260831/upgrade-discovery/jammy-to-noble/runtime/deb-cache/45/9f/459f34932943ed4735899afe651d0461864849eab982e98058a0c44de6c6074a
jammy-to-noble	2026-08-31T12:41:01Z	GET	http://ap-northeast-2.ec2.archive.ubuntu.com/ubuntu/pool/universe/s/snapd/ubuntu-core-launcher_2.76.3%2bubuntu24.04_amd64.deb	http://ap-northeast-2.ec2.archive.ubuntu.com/ubuntu/pool/universe/s/snapd/ubuntu-core-launcher_2.76.3%2bubuntu24.04_amd64.deb	200	1426	2c444e943c9d0e3c91d173b72a39510feec9ea596d066cea7dec7ebd40d22f04	/home/aella/aws-discovery-jammy-noble-retry-20260831/upgrade-discovery/jammy-to-noble/runtime/deb-cache/85/a9/85a9eda6e3a26225832ea10112138fb151bcaf267f22efe98d2c816f2c13b8a3
jammy-to-noble	2026-08-31T12:41:01Z	GET	http://ap-northeast-2.ec2.archive.ubuntu.com/ubuntu/pool/main/s/snapd/snapd_2.76.3%2bubuntu24.04_amd64.deb	http://ap-northeast-2.ec2.archive.ubuntu.com/ubuntu/pool/main/s/snapd/snapd_2.76.3%2bubuntu24.04_amd64.deb	200	36576380	9ffe7430c7769234e58c9b83a5fe6e33c7ca963976133e4a0ede4c29dcd0fa82	/home/aella/aws-discovery-jammy-noble-retry-20260831/upgrade-discovery/jammy-to-noble/runtime/deb-cache/69/cb/69cb4148a55b1591e25b9691aa32cf38432bdd10f586980aa38ea98e16c90758
jammy-to-noble	2026-08-31T12:41:01Z	GET	http://ap-northeast-2.ec2.archive.ubuntu.com/ubuntu/pool/universe/p/pcre3/libpcre3_8.39-15build1_amd64.deb	http://ap-northeast-2.ec2.archive.ubuntu.com/ubuntu/pool/universe/p/pcre3/libpcre3_8.39-15build1_amd64.deb	200	248274	62b2ea8d178a59495df00b777660377e0fb8d716be3fc552439796f77f515d43	/home/aella/aws-discovery-jammy-noble-retry-20260831/upgrade-discovery/jammy-to-noble/runtime/deb-cache/93/76/93763d59d8c8d623e8650ba1a1817653dca190862ca4c67e7a1be4553a6ec74e
jammy-to-noble	2026-08-31T12:41:01Z	GET	http://ap-northeast-2.ec2.archive.ubuntu.com/ubuntu/pool/main/e/e2fsprogs/libss2_1.47.0-2.4%7eexp1ubuntu4.1_amd64.deb	http://ap-northeast-2.ec2.archive.ubuntu.com/ubuntu/pool/main/e/e2fsprogs/libss2_1.47.0-2.4%7eexp1ubuntu4.1_amd64.deb	200	16976	e3b6140b815970461c4312f1dc3d6b1f0d62d99f4ebe2ad087bffa630010035a	/home/aella/aws-discovery-jammy-noble-retry-20260831/upgrade-discovery/jammy-to-noble/runtime/deb-cache/14/94/1494eae2b4b19eb8403141ee9a36aca0b3733d61f6419b82faf6a63741fd817a
jammy-to-noble	2026-08-31T12:41:01Z	GET	http://ap-northeast-2.ec2.archive.ubuntu.com/ubuntu/pool/main/m/mawk/mawk_1.3.4.20240123-1build1_amd64.deb	http://ap-northeast-2.ec2.archive.ubuntu.com/ubuntu/pool/main/m/mawk/mawk_1.3.4.20240123-1build1_amd64.deb	200	127222	dc7f7f4dad4b48f6012ea65de3198d8376604afef39f06d65ec6167740e203c9	/home/aella/aws-discovery-jammy-noble-retry-20260831/upgrade-discovery/jammy-to-noble/runtime/deb-cache/f2/af/f2af0fbbd8e0c1cc153e9736ff6ae7e3d331586db234b3fec7080670653b55dc
jammy-to-noble	2026-08-31T12:41:01Z	GET	http://ap-northeast-2.ec2.archive.ubuntu.com/ubuntu/pool/main/u/util-linux/eject_2.39.3-9ubuntu6.5_amd64.deb	http://ap-northeast-2.ec2.archive.ubuntu.com/ubuntu/pool/main/u/util-linux/eject_2.39.3-9ubuntu6.5_amd64.deb	200	26266	51df8e0b0249fc46937285de712ae9ff7d701b9b8b0aaacb51283762a54a6e49	/home/aella/aws-discovery-jammy-noble-retry-20260831/upgrade-discovery/jammy-to-noble/runtime/deb-cache/92/fb/92fbd74d87321a1a8bf6b97edd17bb6cf63e3e426ed0db5ad48f8f7aff90ab82
jammy-to-noble	2026-08-31T12:41:01Z	GET	http://ap-northeast-2.ec2.archive.ubuntu.com/ubuntu/pool/main/i/iputils/iputils-ping_20240117-1ubuntu0.1_amd64.deb	http://ap-northeast-2.ec2.archive.ubuntu.com/ubuntu/pool/main/i/iputils/iputils-ping_20240117-1ubuntu0.1_amd64.deb	200	44584	6d9674cc32e110bb6bb26555f5be13381ee839466f2544b284b2b13572482de7	/home/aella/aws-discovery-jammy-noble-retry-20260831/upgrade-discovery/jammy-to-noble/runtime/deb-cache/17/c1/17c13d7006fe3656d22ba8ccac5c39ea499ce9a87bd77645f211302232ccbf7f
jammy-to-noble	2026-08-31T12:41:01Z	GET	http://ap-northeast-2.ec2.archive.ubuntu.com/ubuntu/pool/main/k/krb5/krb5-locales_1.20.1-6ubuntu2.8_all.deb	http://ap-northeast-2.ec2.archive.ubuntu.com/ubuntu/pool/main/k/krb5/krb5-locales_1.20.1-6ubuntu2.8_all.deb	200	15074	d937a6101124075379d6e20ff36c1f8f386ad4f1fb8e2dca7e1073793652fc10	/home/aella/aws-discovery-jammy-noble-retry-20260831/upgrade-discovery/jammy-to-noble/runtime/deb-cache/cd/ed/cdedc1c46dccfbcbc1d564c5a81509cb0773f1bca1122ddda2b4ddaa82cbaa54
jammy-to-noble	2026-08-31T12:41:02Z	GET	http://ap-northeast-2.ec2.archive.ubuntu.com/ubuntu/pool/main/l/less/less_590-2ubuntu2.1_amd64.deb	http://ap-northeast-2.ec2.archive.ubuntu.com/ubuntu/pool/main/l/less/less_590-2ubuntu2.1_amd64.deb	200	141544	f26481c7f5e492e7536f9e75a9aa237f4772b637cdc933f356bc567e180b8a39	/home/aella/aws-discovery-jammy-noble-retry-20260831/upgrade-discovery/jammy-to-noble/runtime/deb-cache/c7/de/c7deba779bf549d3ddf1378f594eaf717518c32e0166a384f75a26f764771e28
jammy-to-noble	2026-08-31T12:41:02Z	GET	http://ap-northeast-2.ec2.archive.ubuntu.com/ubuntu/pool/main/l/linux-atm/libatm1t64_2.5.1-5.1build1_amd64.deb	http://ap-northeast-2.ec2.archive.ubuntu.com/ubuntu/pool/main/l/linux-atm/libatm1t64_2.5.1-5.1build1_amd64.deb	200	22860	cb9efeb5bdc514b217f436aa86978908f1b3895a72fa50213f6b94f0d52e4811	/home/aella/aws-discovery-jammy-noble-retry-20260831/upgrade-discovery/jammy-to-noble/runtime/deb-cache/98/68/9868b3d33984192ae18e6651944e08fc163e4c1619d5edee61471597bcff12f1
jammy-to-noble	2026-08-31T12:41:03Z	GET	http://ap-northeast-2.ec2.archive.ubuntu.com/ubuntu/pool/main/libe/libestr/libestr0_0.1.11-1build1_amd64.deb	http://ap-northeast-2.ec2.archive.ubuntu.com/ubuntu/pool/main/libe/libestr/libestr0_0.1.11-1build1_amd64.deb	200	7802	b3f55d93a7391e2c1ce5ef6765461fe3124e9f08fde90db25e1a14981c67672f	/home/aella/aws-discovery-jammy-noble-retry-20260831/upgrade-discovery/jammy-to-noble/runtime/deb-cache/31/08/3108dee32be7dd7c8964870593dd67715f5e897ae71b1d5badfaf3f3144ae91b
jammy-to-noble	2026-08-31T12:41:03Z	GET	http://ap-northeast-2.ec2.archive.ubuntu.com/ubuntu/pool/main/libf/libfastjson/libfastjson4_1.2304.0-1build1_amd64.deb	http://ap-northeast-2.ec2.archive.ubuntu.com/ubuntu/pool/main/libf/libfastjson/libfastjson4_1.2304.0-1build1_amd64.deb	200	23106	5ee94f099a0188055b0df3a151119aed95ba69c682955eb01661c0517df62ff9	/home/aella/aws-discovery-jammy-noble-retry-20260831/upgrade-discovery/jammy-to-noble/runtime/deb-cache/ae/ca/aeca2955c46e07fc2722367316b6d81ab9f3790f1fd83836c484911296fea5b0
jammy-to-noble	2026-08-31T12:41:03Z	GET	http://ap-northeast-2.ec2.archive.ubuntu.com/ubuntu/pool/main/f/fribidi/libfribidi0_1.0.13-3build1_amd64.deb	http://ap-northeast-2.ec2.archive.ubuntu.com/ubuntu/pool/main/f/fribidi/libfribidi0_1.0.13-3build1_amd64.deb	200	26150	6cd50259d39ce0dfafee2632c6268538e6a02590e77161a133e9683af346dd1d	/home/aella/aws-discovery-jammy-noble-retry-20260831/upgrade-discovery/jammy-to-noble/runtime/deb-cache/df/2e/df2e630a5118841fcd07c3f716eb8db240666d9dee26bfe57e96778f7d111e4a
jammy-to-noble	2026-08-31T12:41:03Z	GET	http://ap-northeast-2.ec2.archive.ubuntu.com/ubuntu/pool/main/l/logrotate/logrotate_3.21.0-2build1_amd64.deb	http://ap-northeast-2.ec2.archive.ubuntu.com/ubuntu/pool/main/l/logrotate/logrotate_3.21.0-2build1_amd64.deb	200	52212	e609ad80a9cec135b404a84f99d9d87bc304800eb212702444a985527edba70c	/home/aella/aws-discovery-jammy-noble-retry-20260831/upgrade-discovery/jammy-to-noble/runtime/deb-cache/c5/e4/c5e4d111b8e050178cab2903509fc97aca9a559898550c6520284a33b03dc67b
jammy-to-noble	2026-08-31T12:41:03Z	GET	http://ap-northeast-2.ec2.archive.ubuntu.com/ubuntu/pool/main/n/netcat-openbsd/netcat-openbsd_1.226-1ubuntu2_amd64.deb	http://ap-northeast-2.ec2.archive.ubuntu.com/ubuntu/pool/main/n/netcat-openbsd/netcat-openbsd_1.226-1ubuntu2_amd64.deb	200	44292	b2b837c2f9939aeda64ddb410c47c5ceee3034cf2157939ed7efdee51961aac4	/home/aella/aws-discovery-jammy-noble-retry-20260831/upgrade-discovery/jammy-to-noble/runtime/deb-cache/61/0e/610e665e33bdd1724a399e511eb8a80a0278cf78e1616d0589cb11996851ed7c
jammy-to-noble	2026-08-31T12:41:04Z	GET	http://ap-northeast-2.ec2.archive.ubuntu.com/ubuntu/pool/main/n/networkd-dispatcher/networkd-dispatcher_2.2.4-1_all.deb	http://ap-northeast-2.ec2.archive.ubuntu.com/ubuntu/pool/main/n/networkd-dispatcher/networkd-dispatcher_2.2.4-1_all.deb	200	15504	c85838253a613f36d7ad7b5958d576100845e1e2e458ce3b64d4d0f44e0a9849	/home/aella/aws-discovery-jammy-noble-retry-20260831/upgrade-discovery/jammy-to-noble/runtime/deb-cache/74/90/7490d19ab0cfd0b6ba63f4fdb4459aa0ecb576f2e65eaac3985fb7c4702738ee
jammy-to-noble	2026-08-31T12:41:04Z	GET	http://ap-northeast-2.ec2.archive.ubuntu.com/ubuntu/pool/main/m/mdurl/python3-mdurl_0.1.2-1_all.deb	http://ap-northeast-2.ec2.archive.ubuntu.com/ubuntu/pool/main/m/mdurl/python3-mdurl_0.1.2-1_all.deb	200	9702	3928a9da97dcdb2985c9a3cc2ca320e90322481ca3a81f84e896337dc25c0ee6	/home/aella/aws-discovery-jammy-noble-retry-20260831/upgrade-discovery/jammy-to-noble/runtime/deb-cache/65/ac/65ac67670282bbf4b05258c3a5ad73d3bb419efb7ed2badca02d31adb394ca02
jammy-to-noble	2026-08-31T12:41:04Z	GET	http://ap-northeast-2.ec2.archive.ubuntu.com/ubuntu/pool/main/m/markdown-it-py/python3-markdown-it_3.0.0-2_all.deb	http://ap-northeast-2.ec2.archive.ubuntu.com/ubuntu/pool/main/m/markdown-it-py/python3-markdown-it_3.0.0-2_all.deb	200	57466	a3b8f3af7976d0080bad904e3022601828889a2329c8420215c63e66ba74b7db	/home/aella/aws-discovery-jammy-noble-retry-20260831/upgrade-discovery/jammy-to-noble/runtime/deb-cache/00/f5/00f5c0f101770dfeb2a51893f103d8eff68561aa62c324f47b18968bdc3ddcca
jammy-to-noble	2026-08-31T12:41:04Z	GET	http://ap-northeast-2.ec2.archive.ubuntu.com/ubuntu/pool/main/p/pygments/python3-pygments_2.17.2%2bdfsg-1_all.deb	http://ap-northeast-2.ec2.archive.ubuntu.com/ubuntu/pool/main/p/pygments/python3-pygments_2.17.2%2bdfsg-1_all.deb	200	819086	c26c308f21f99cd7543bc71e9a31cebff8a1eb0077b02800b73bf43dfd616ad0	/home/aella/aws-discovery-jammy-noble-retry-20260831/upgrade-discovery/jammy-to-noble/runtime/deb-cache/55/84/55840cfcb68298772c273ace1a66622e8e1173eeab184ce86a017c1fc2acb92b
jammy-to-noble	2026-08-31T12:41:05Z	GET	http://ap-northeast-2.ec2.archive.ubuntu.com/ubuntu/pool/main/r/rich/python3-rich_13.7.1-1_all.deb	http://ap-northeast-2.ec2.archive.ubuntu.com/ubuntu/pool/main/r/rich/python3-rich_13.7.1-1_all.deb	200	189238	d2a2328cf69b70016b62db88bb60bd567c2231fcbe697f3f397ca206b7d056c8	/home/aella/aws-discovery-jammy-noble-retry-20260831/upgrade-discovery/jammy-to-noble/runtime/deb-cache/22/1b/221bbd8a068d8a35948ee3cfae2479ff7c832a848cead4b99d4d44375ff94b27
jammy-to-noble	2026-08-31T12:41:05Z	GET	http://ap-northeast-2.ec2.archive.ubuntu.com/ubuntu/pool/main/r/rsyslog/rsyslog_8.2312.0-3ubuntu9.3_amd64.deb	http://ap-northeast-2.ec2.archive.ubuntu.com/ubuntu/pool/main/r/rsyslog/rsyslog_8.2312.0-3ubuntu9.3_amd64.deb	200	511336	d862db007a9edd4570f031d98b15ab21083e49fac34f11b6e247ee0ca8476292	/home/aella/aws-discovery-jammy-noble-retry-20260831/upgrade-discovery/jammy-to-noble/runtime/deb-cache/7e/59/7e5954f3c33ed6af9458136d4ed50d513458ebd3c1275e25ce8cdec65749e81f
jammy-to-noble	2026-08-31T12:41:05Z	GET	http://ap-northeast-2.ec2.archive.ubuntu.com/ubuntu/pool/main/s/sudo/sudo_1.9.15p5-3ubuntu5.24.04.2_amd64.deb	http://ap-northeast-2.ec2.archive.ubuntu.com/ubuntu/pool/main/s/sudo/sudo_1.9.15p5-3ubuntu5.24.04.2_amd64.deb	200	948024	d5361d4021dc7cb60d49b94b186ba908c10e9e38f33a55cba049175411eb1251	/home/aella/aws-discovery-jammy-noble-retry-20260831/upgrade-discovery/jammy-to-noble/runtime/deb-cache/56/4d/564dc3583ef6157d5a860e90cfbc456184c726889d00765faa58e0ec7c495406
jammy-to-noble	2026-08-31T12:41:05Z	GET	http://ap-northeast-2.ec2.archive.ubuntu.com/ubuntu/pool/main/s/systemd-hwe/systemd-hwe-hwdb_255.1.7_all.deb	http://ap-northeast-2.ec2.archive.ubuntu.com/ubuntu/pool/main/s/systemd-hwe/systemd-hwe-hwdb_255.1.7_all.deb	200	3716	60d104ea0afd444ec73a0372d0c04043e2bce98d9c8875afbf134caffe4b29a7	/home/aella/aws-discovery-jammy-noble-retry-20260831/upgrade-discovery/jammy-to-noble/runtime/deb-cache/49/50/4950ec83cda7e859921c0f1a5b8102890ce803438b9927dde18b5b577bf1d344
jammy-to-noble	2026-08-31T12:41:05Z	GET	http://ap-northeast-2.ec2.archive.ubuntu.com/ubuntu/pool/main/s/systemd/systemd-resolved_255.4-1ubuntu8.17_amd64.deb	http://ap-northeast-2.ec2.archive.ubuntu.com/ubuntu/pool/main/s/systemd/systemd-resolved_255.4-1ubuntu8.17_amd64.deb	200	296502	5d87c0ae134eb027e4e8dbfd920699ab03d2c12b36e2cd1b1bc8dfedfe6bc26b	/home/aella/aws-discovery-jammy-noble-retry-20260831/upgrade-discovery/jammy-to-noble/runtime/deb-cache/e0/63/e063693475a31d91141546274d1c601b00ab2624ff84fc6923e7a83d7f4ac452
jammy-to-noble	2026-08-31T12:41:05Z	GET	http://ap-northeast-2.ec2.archive.ubuntu.com/ubuntu/pool/main/n/newt/whiptail_0.52.24-2ubuntu2_amd64.deb	http://ap-northeast-2.ec2.archive.ubuntu.com/ubuntu/pool/main/n/newt/whiptail_0.52.24-2ubuntu2_amd64.deb	200	17998	9e19741a81d81810d3401d2ea822daebdcbece5bbde0f5f59ede4a3f8ecdc6aa	/home/aella/aws-discovery-jammy-noble-retry-20260831/upgrade-discovery/jammy-to-noble/runtime/deb-cache/67/76/6776cc0633cf2d9e6fa361dce866b0a74882bcd08782e6a0f9e907c8eb70e3b5
jammy-to-noble	2026-08-31T12:41:05Z	GET	http://ap-northeast-2.ec2.archive.ubuntu.com/ubuntu/pool/main/u/ubuntu-meta/ubuntu-minimal_1.539.2_amd64.deb	http://ap-northeast-2.ec2.archive.ubuntu.com/ubuntu/pool/main/u/ubuntu-meta/ubuntu-minimal_1.539.2_amd64.deb	200	11090	b7e0cf2ef11094c7169de2cae11d6745f68e2044386b1473ec15a45ea269c6ae	/home/aella/aws-discovery-jammy-noble-retry-20260831/upgrade-discovery/jammy-to-noble/runtime/deb-cache/c6/bc/c6bc9d7311b41e6cbd9f8357ea05d2297f0c445a1c1b25b0857a1c8afbc08401
jammy-to-noble	2026-08-31T12:41:05Z	GET	http://ap-northeast-2.ec2.archive.ubuntu.com/ubuntu/pool/main/x/xdg-user-dirs/xdg-user-dirs_0.18-1build1_amd64.deb	http://ap-northeast-2.ec2.archive.ubuntu.com/ubuntu/pool/main/x/xdg-user-dirs/xdg-user-dirs_0.18-1build1_amd64.deb	200	18382	98d8ee10654485b5ce515468e5d2e783337e03039889afe0107ead11c55463e8	/home/aella/aws-discovery-jammy-noble-retry-20260831/upgrade-discovery/jammy-to-noble/runtime/deb-cache/04/52/0452062d2207abca8d0288d99b5f4367d79058922329d271f2e32a07f42f10a5
jammy-to-noble	2026-08-31T12:41:05Z	GET	http://ap-northeast-2.ec2.archive.ubuntu.com/ubuntu/pool/main/b/bash-completion/bash-completion_2.11-8_all.deb	http://ap-northeast-2.ec2.archive.ubuntu.com/ubuntu/pool/main/b/bash-completion/bash-completion_2.11-8_all.deb	200	179856	dc0942fee04727503abebee14a5c33e95f88338c35274e5e92df0fd0eb3cd037	/home/aella/aws-discovery-jammy-noble-retry-20260831/upgrade-discovery/jammy-to-noble/runtime/deb-cache/72/e8/72e8c36fa495a70fd81c41f16a5267c34f274836975b8af7f99b3098318244ae
jammy-to-noble	2026-08-31T12:41:05Z	GET	http://ap-northeast-2.ec2.archive.ubuntu.com/ubuntu/pool/main/b/busybox/busybox-static_1.36.1-6ubuntu3.1_amd64.deb	http://ap-northeast-2.ec2.archive.ubuntu.com/ubuntu/pool/main/b/busybox/busybox-static_1.36.1-6ubuntu3.1_amd64.deb	200	1008874	944b2728f53ceb3916cec2c962873c9951e612408099601751db2a0a5d81e0ed	/home/aella/aws-discovery-jammy-noble-retry-20260831/upgrade-discovery/jammy-to-noble/runtime/deb-cache/ab/e2/abe23a1c611fd00971e838508914432d52d83d727d3d9144d71f366beeab1277
jammy-to-noble	2026-08-31T12:41:05Z	GET	http://ap-northeast-2.ec2.archive.ubuntu.com/ubuntu/pool/main/c/command-not-found/command-not-found_23.04.0_all.deb	http://ap-northeast-2.ec2.archive.ubuntu.com/ubuntu/pool/main/c/command-not-found/command-not-found_23.04.0_all.deb	200	5124	781aa037c2bfac1c8a07ee03debacc4390e51ada5e056ba7661ee4ca02fc10de	/home/aella/aws-discovery-jammy-noble-retry-20260831/upgrade-discovery/jammy-to-noble/runtime/deb-cache/e7/69/e76940aa9a8cf65536b80ebee10d09be5a02bc4e00a53d7c0c62a9f21faf65f8
jammy-to-noble	2026-08-31T12:41:06Z	GET	http://ap-northeast-2.ec2.archive.ubuntu.com/ubuntu/pool/main/c/command-not-found/python3-commandnotfound_23.04.0_all.deb	http://ap-northeast-2.ec2.archive.ubuntu.com/ubuntu/pool/main/c/command-not-found/python3-commandnotfound_23.04.0_all.deb	200	11368	fc1218fe299d2080bc3bfae0c205c26340b60725f1489d0d4dd50e8fc91e6b22	/home/aella/aws-discovery-jammy-noble-retry-20260831/upgrade-discovery/jammy-to-noble/runtime/deb-cache/26/14/2614ea37871713dfbbfa8be6e9f7c812262c1ae3d0efe87b5bf0ee4c23484598
jammy-to-noble	2026-08-31T12:41:12Z	GET	http://ap-northeast-2.ec2.archive.ubuntu.com/ubuntu/pool/main/d/dosfstools/dosfstools_4.2-1.1build1_amd64.deb	http://ap-northeast-2.ec2.archive.ubuntu.com/ubuntu/pool/main/d/dosfstools/dosfstools_4.2-1.1build1_amd64.deb	200	86256	ace1ecc42b4d842f8e7a931933824a626dcdb7d4916470833f330ccad82afd63	/home/aella/aws-discovery-jammy-noble-retry-20260831/upgrade-discovery/jammy-to-noble/runtime/deb-cache/c0/84/c08484b0bfa0d8b83bd2f02646fb3eb81ad8738bcfb788fc88f09d5d18621cc1
jammy-to-noble	2026-08-31T12:41:13Z	GET	http://ap-northeast-2.ec2.archive.ubuntu.com/ubuntu/pool/main/e/ed/ed_1.20.1-1_amd64.deb	http://ap-northeast-2.ec2.archive.ubuntu.com/ubuntu/pool/main/e/ed/ed_1.20.1-1_amd64.deb	200	56062	c26e577a24cc784d678b0b2b960db8a154fb7138fc1aa7ad1ffe504698432a43	/home/aella/aws-discovery-jammy-noble-retry-20260831/upgrade-discovery/jammy-to-noble/runtime/deb-cache/e3/33/e333ce19db9ca2cd74e4192d66c3ce877981e198fd183a0261e0a188365e549d
jammy-to-noble	2026-08-31T12:41:13Z	GET	http://ap-northeast-2.ec2.archive.ubuntu.com/ubuntu/pool/main/t/tnftp/ftp_20230507-2build3_all.deb	http://ap-northeast-2.ec2.archive.ubuntu.com/ubuntu/pool/main/t/tnftp/ftp_20230507-2build3_all.deb	200	4728	9011197e7347c9e5146b65c07847c5c0e648dcc3c7d252a039fcda6f2bb497ad	/home/aella/aws-discovery-jammy-noble-retry-20260831/upgrade-discovery/jammy-to-noble/runtime/deb-cache/b3/9d/b39d4dd00b2d822a19b1e118f4159e4644b53d1335472f68c4fae48e213f2bb2
jammy-to-noble	2026-08-31T12:41:16Z	GET	http://ap-northeast-2.ec2.archive.ubuntu.com/ubuntu/pool/main/h/hdparm/hdparm_9.65%2bds-1build1_amd64.deb	http://ap-northeast-2.ec2.archive.ubuntu.com/ubuntu/pool/main/h/hdparm/hdparm_9.65%2bds-1build1_amd64.deb	200	98158	b9a752f0d864e5a21fe448f0ca53d53f7ab8d95a5cae92a3d7af15c09839250f	/home/aella/aws-discovery-jammy-noble-retry-20260831/upgrade-discovery/jammy-to-noble/runtime/deb-cache/7d/bc/7dbcba514628bbe0926caaf920a5eb032e23296e38d43daaec02904d299a1d31
jammy-to-noble	2026-08-31T12:41:16Z	GET	http://ap-northeast-2.ec2.archive.ubuntu.com/ubuntu/pool/main/i/inetutils/inetutils-telnet_2.5-3ubuntu4.2_amd64.deb	http://ap-northeast-2.ec2.archive.ubuntu.com/ubuntu/pool/main/i/inetutils/inetutils-telnet_2.5-3ubuntu4.2_amd64.deb	200	99456	078ee4e769e8462727000570e25595b4e61b4caa9d58f0668bd3948637419faf	/home/aella/aws-discovery-jammy-noble-retry-20260831/upgrade-discovery/jammy-to-noble/runtime/deb-cache/4d/b3/4db394a694a355ac8d5c66446421eb7602329e01850e343ed614c4aea5a3b547
jammy-to-noble	2026-08-31T12:41:16Z	GET	http://ap-northeast-2.ec2.archive.ubuntu.com/ubuntu/pool/main/t/texinfo/info_7.1-3build2_amd64.deb	http://ap-northeast-2.ec2.archive.ubuntu.com/ubuntu/pool/main/t/texinfo/info_7.1-3build2_amd64.deb	200	142322	88693184826f96d4ccc2eb10054535916edbd33db1476edf98e075079ba8d20f	/home/aella/aws-discovery-jammy-noble-retry-20260831/upgrade-discovery/jammy-to-noble/runtime/deb-cache/94/9a/949a602b5deb884ac10128405f04a968543b15a9e76bc73d5a4b90516cfcd277
jammy-to-noble	2026-08-31T12:41:16Z	GET	http://ap-northeast-2.ec2.archive.ubuntu.com/ubuntu/pool/main/i/iputils/iputils-tracepath_20240117-1ubuntu0.1_amd64.deb	http://ap-northeast-2.ec2.archive.ubuntu.com/ubuntu/pool/main/i/iputils/iputils-tracepath_20240117-1ubuntu0.1_amd64.deb	200	13380	1989f645a7b4e469dabfe73c8dce9f9401c7417a0b338c164c5dee61a9ec3e89	/home/aella/aws-discovery-jammy-noble-retry-20260831/upgrade-discovery/jammy-to-noble/runtime/deb-cache/5c/2f/5c2f1023094b3e06be98ba5878401ffdd98cd4b8af112c3b8bbd4edab541d91e
jammy-to-noble	2026-08-31T12:41:16Z	GET	http://ap-northeast-2.ec2.archive.ubuntu.com/ubuntu/pool/main/j/jansson/libjansson4_2.14-2build2_amd64.deb	http://ap-northeast-2.ec2.archive.ubuntu.com/ubuntu/pool/main/j/jansson/libjansson4_2.14-2build2_amd64.deb	200	32830	0cf79113f5d193ce9af2be2ff4b2c3b30dd4e55a0b6c47f7d28f6c849ff3aa60	/home/aella/aws-discovery-jammy-noble-retry-20260831/upgrade-discovery/jammy-to-noble/runtime/deb-cache/1b/45/1b453148efec1507ee49652c50ca0cd58290d92555035ebbfd4b3922ccf13592
jammy-to-noble	2026-08-31T12:41:16Z	GET	http://ap-northeast-2.ec2.archive.ubuntu.com/ubuntu/pool/main/n/nftables/nftables_1.0.9-1ubuntu0.1_amd64.deb	http://ap-northeast-2.ec2.archive.ubuntu.com/ubuntu/pool/main/n/nftables/nftables_1.0.9-1ubuntu0.1_amd64.deb	200	69842	d648859fccde3c17b8b9b89993427564f91f394a39306db1f67bd5ea3ac42c6e	/home/aella/aws-discovery-jammy-noble-retry-20260831/upgrade-discovery/jammy-to-noble/runtime/deb-cache/b0/e9/b0e9e275cf0ad382be94b4baf7384ca899fd2ab1f04b700988c0cfce612940aa
jammy-to-noble	2026-08-31T12:41:16Z	GET	http://ap-northeast-2.ec2.archive.ubuntu.com/ubuntu/pool/main/n/nftables/libnftables1_1.0.9-1ubuntu0.1_amd64.deb	http://ap-northeast-2.ec2.archive.ubuntu.com/ubuntu/pool/main/n/nftables/libnftables1_1.0.9-1ubuntu0.1_amd64.deb	200	358574	fcaee001747a6adaa0cd9337fef437b3aa7a7a6d5246b62fbd4784d3d6a5009e	/home/aella/aws-discovery-jammy-noble-retry-20260831/upgrade-discovery/jammy-to-noble/runtime/deb-cache/ca/16/ca16b63eadc1fef71469147426b2539882400f55fc65e8cd44c802c7f146f2ec
jammy-to-noble	2026-08-31T12:41:16Z	GET	http://ap-northeast-2.ec2.archive.ubuntu.com/ubuntu/pool/main/libn/libnl3/libnl-genl-3-200_3.7.0-0.3build1.1_amd64.deb	http://ap-northeast-2.ec2.archive.ubuntu.com/ubuntu/pool/main/libn/libnl3/libnl-genl-3-200_3.7.0-0.3build1.1_amd64.deb	200	12232	9ca0cb63f295d00e6346b9924278c07cfc61311cbd288b805b06e25aa08c9fd8	/home/aella/aws-discovery-jammy-noble-retry-20260831/upgrade-discovery/jammy-to-noble/runtime/deb-cache/55/18/55185ea2930a94a59ec771230bf9753a7e15c9843cb9d1711946a6b894418422
jammy-to-noble	2026-08-31T12:41:16Z	GET	http://ap-northeast-2.ec2.archive.ubuntu.com/ubuntu/pool/main/libn/libnl3/libnl-3-200_3.7.0-0.3build1.1_amd64.deb	http://ap-northeast-2.ec2.archive.ubuntu.com/ubuntu/pool/main/libn/libnl3/libnl-3-200_3.7.0-0.3build1.1_amd64.deb	200	55706	15b3f61db753dc3db6f62f4259f8b822299343e500886776486612a13a2ed247	/home/aella/aws-discovery-jammy-noble-retry-20260831/upgrade-discovery/jammy-to-noble/runtime/deb-cache/be/a3/bea3c05370f90c09508203afa28977062f3cddfa913ea5cd5e499beaed6426f7
jammy-to-noble	2026-08-31T12:41:16Z	GET	http://ap-northeast-2.ec2.archive.ubuntu.com/ubuntu/pool/main/l/lm-sensors/libsensors-config_3.6.0-9build1_all.deb	http://ap-northeast-2.ec2.archive.ubuntu.com/ubuntu/pool/main/l/lm-sensors/libsensors-config_3.6.0-9build1_all.deb	200	5546	148103a436fd273dabfe0fe41dc54873df46227b59b2c7ac7339d7e2ddfd033b	/home/aella/aws-discovery-jammy-noble-retry-20260831/upgrade-discovery/jammy-to-noble/runtime/deb-cache/22/bc/22bcab7eb4d328969fcae1a5fd084531f32542ba4bcc96b8bae2093049b8c578
jammy-to-noble	2026-08-31T12:41:17Z	GET	http://ap-northeast-2.ec2.archive.ubuntu.com/ubuntu/pool/main/l/lm-sensors/libsensors5_3.6.0-9build1_amd64.deb	http://ap-northeast-2.ec2.archive.ubuntu.com/ubuntu/pool/main/l/lm-sensors/libsensors5_3.6.0-9build1_amd64.deb	200	26600	515ed1fbe2bc99926c44fe10b1beb9c3510068c344adda334303098d669ba1e5	/home/aella/aws-discovery-jammy-noble-retry-20260831/upgrade-discovery/jammy-to-noble/runtime/deb-cache/dc/ff/dcff5b805af3a57166ea913f2834413e4e6ef2dc7eeb99ef4e956eb0503939a8
jammy-to-noble	2026-08-31T12:41:17Z	GET	http://ap-northeast-2.ec2.archive.ubuntu.com/ubuntu/pool/main/libt/libtraceevent/libtraceevent1_1.8.2-1ubuntu2.1_amd64.deb	http://ap-northeast-2.ec2.archive.ubuntu.com/ubuntu/pool/main/libt/libtraceevent/libtraceevent1_1.8.2-1ubuntu2.1_amd64.deb	200	55256	fb03496824a22ffb70c67a92a66c4e369bbbefc934078a1fecda564364793d56	/home/aella/aws-discovery-jammy-noble-retry-20260831/upgrade-discovery/jammy-to-noble/runtime/deb-cache/97/62/9762ff1c8dfe5efb1a2b3dfdb4a8383eb32f9a2bc696bb544a0346a95d35419a
jammy-to-noble	2026-08-31T12:41:17Z	GET	http://ap-northeast-2.ec2.archive.ubuntu.com/ubuntu/pool/main/libt/libtraceevent/libtraceevent1-plugin_1.8.2-1ubuntu2.1_amd64.deb	http://ap-northeast-2.ec2.archive.ubuntu.com/ubuntu/pool/main/libt/libtraceevent/libtraceevent1-plugin_1.8.2-1ubuntu2.1_amd64.deb	200	19872	47219f2315b4855daa19e8c5070a5f73a2d14dc13235c1d26d4a4bbadac7730a	/home/aella/aws-discovery-jammy-noble-retry-20260831/upgrade-discovery/jammy-to-noble/runtime/deb-cache/29/83/2983559e4cbba62aeb3c55c5b00e5d998ae4c837eb8b3c8433e898e30dc25da1
jammy-to-noble	2026-08-31T12:41:18Z	GET	http://ap-northeast-2.ec2.archive.ubuntu.com/ubuntu/pool/main/libt/libtracefs/libtracefs1_1.8.0-1ubuntu1_amd64.deb	http://ap-northeast-2.ec2.archive.ubuntu.com/ubuntu/pool/main/libt/libtracefs/libtracefs1_1.8.0-1ubuntu1_amd64.deb	200	65496	cfe2248c838f09d232d83f2ae7af64e3bb2e41b94f4ac0c955141acd7f69870d	/home/aella/aws-discovery-jammy-noble-retry-20260831/upgrade-discovery/jammy-to-noble/runtime/deb-cache/9e/41/9e41dcf860392256a6133c47f43292d4076b9ba4e8f0eb3c2c45346dea2966d4
jammy-to-noble	2026-08-31T12:41:18Z	GET	http://ap-northeast-2.ec2.archive.ubuntu.com/ubuntu/pool/main/libx/libx11/libx11-data_1.8.7-1build1_all.deb	http://ap-northeast-2.ec2.archive.ubuntu.com/ubuntu/pool/main/libx/libx11/libx11-data_1.8.7-1build1_all.deb	200	115446	9ae01f7747e7f479394c697c55acf11d3baf139e8e54b7c4adfb55ef9c50de08	/home/aella/aws-discovery-jammy-noble-retry-20260831/upgrade-discovery/jammy-to-noble/runtime/deb-cache/06/dd/06dd0439f89e82facdce3387290bcb94f1129015d8640e56243ac63757e2b3bd
jammy-to-noble	2026-08-31T12:41:18Z	GET	http://ap-northeast-2.ec2.archive.ubuntu.com/ubuntu/pool/main/libx/libxau/libxau6_1.0.9-1build6_amd64.deb	http://ap-northeast-2.ec2.archive.ubuntu.com/ubuntu/pool/main/libx/libxau/libxau6_1.0.9-1build6_amd64.deb	200	7160	e40d29f1d1a62393bacaedebe0da3d9006084152a9f7e5e029293f08ce1c5c80	/home/aella/aws-discovery-jammy-noble-retry-20260831/upgrade-discovery/jammy-to-noble/runtime/deb-cache/49/32/4932b007bfa639230de5e158bd54c4739fa0c03bb06502f7e09b515ed9847021
jammy-to-noble	2026-08-31T12:41:18Z	GET	http://ap-northeast-2.ec2.archive.ubuntu.com/ubuntu/pool/main/libx/libxdmcp/libxdmcp6_1.1.3-0ubuntu6_amd64.deb	http://ap-northeast-2.ec2.archive.ubuntu.com/ubuntu/pool/main/libx/libxdmcp/libxdmcp6_1.1.3-0ubuntu6_amd64.deb	200	10254	bcd336fce11ce2a45f34d0f95e6980af22529f22147e8f98c156e5cee8ee42bb	/home/aella/aws-discovery-jammy-noble-retry-20260831/upgrade-discovery/jammy-to-noble/runtime/deb-cache/b5/d3/b5d38c90c0a8965c65b3324186b3d8abfbde7a29c0a9d5a57bf02b99cb7e3274
jammy-to-noble	2026-08-31T12:41:18Z	GET	http://ap-northeast-2.ec2.archive.ubuntu.com/ubuntu/pool/main/libx/libxcb/libxcb1_1.15-1ubuntu2_amd64.deb	http://ap-northeast-2.ec2.archive.ubuntu.com/ubuntu/pool/main/libx/libxcb/libxcb1_1.15-1ubuntu2_amd64.deb	200	47730	e1c6611d11ad7398326f1bf028afc34c3b14c51d917a3426b966ed4b9687fa58	/home/aella/aws-discovery-jammy-noble-retry-20260831/upgrade-discovery/jammy-to-noble/runtime/deb-cache/cc/21/cc21f77815cfd20aa524c0af50487f592bbf700e324558ab9907ecda90a73b6d
jammy-to-noble	2026-08-31T12:41:18Z	GET	http://ap-northeast-2.ec2.archive.ubuntu.com/ubuntu/pool/main/libx/libx11/libx11-6_1.8.7-1build1_amd64.deb	http://ap-northeast-2.ec2.archive.ubuntu.com/ubuntu/pool/main/libx/libx11/libx11-6_1.8.7-1build1_amd64.deb	200	649780	397f84347476a3c5786b39f3ff6f0f82866eb3d8be6d2ad3efeadf019efe5b80	/home/aella/aws-discovery-jammy-noble-retry-20260831/upgrade-discovery/jammy-to-noble/runtime/deb-cache/13/e8/13e816c7624036d2fa714499f6bf0615ad48ec501711dc62a6b7ac946e1d7b08
jammy-to-noble	2026-08-31T12:41:18Z	GET	http://ap-northeast-2.ec2.archive.ubuntu.com/ubuntu/pool/main/libx/libxext/libxext6_1.3.4-1build2_amd64.deb	http://ap-northeast-2.ec2.archive.ubuntu.com/ubuntu/pool/main/libx/libxext/libxext6_1.3.4-1build2_amd64.deb	200	30406	45783969a9ece9d7b7b733b8c60981584c53c6bc5ee3b42d295d2f80d1285679	/home/aella/aws-discovery-jammy-noble-retry-20260831/upgrade-discovery/jammy-to-noble/runtime/deb-cache/aa/e9/aae93b16cc6065608c01c73bd89e595d0ab34e540b19e78c54df1f19cbcf1b8a
jammy-to-noble	2026-08-31T12:41:18Z	GET	http://ap-northeast-2.ec2.archive.ubuntu.com/ubuntu/pool/main/libx/libxmu/libxmuu1_1.1.3-3build2_amd64.deb	http://ap-northeast-2.ec2.archive.ubuntu.com/ubuntu/pool/main/libx/libxmu/libxmuu1_1.1.3-3build2_amd64.deb	200	8958	27428f8d7b63c38424177d5b3b8b2b89d519956ccfe969927cd0a20cdec977c0	/home/aella/aws-discovery-jammy-noble-retry-20260831/upgrade-discovery/jammy-to-noble/runtime/deb-cache/bf/b7/bfb7ecacc64a0f554dcea46b22ac4ed8c9fcff89dee3ad18d9c8c1f06bec6a9b
jammy-to-noble	2026-08-31T12:41:18Z	GET	http://ap-northeast-2.ec2.archive.ubuntu.com/ubuntu/pool/main/l/lshw/lshw_02.19.git.2021.06.19.996aaad9c7-2ubuntu0.24.04.1_amd64.deb	http://ap-northeast-2.ec2.archive.ubuntu.com/ubuntu/pool/main/l/lshw/lshw_02.19.git.2021.06.19.996aaad9c7-2ubuntu0.24.04.1_amd64.deb	200	334294	fd431d5eb27fea7f8fa1048f76e0d9cc2969cf307f7e84848ad02b81a2d8b580	/home/aella/aws-discovery-jammy-noble-retry-20260831/upgrade-discovery/jammy-to-noble/runtime/deb-cache/92/49/9249672ace44cfb4a068e4e2f41a61b94b7f84a9ea8f26fbfae46460ba2906ef
jammy-to-noble	2026-08-31T12:41:18Z	GET	http://ap-northeast-2.ec2.archive.ubuntu.com/ubuntu/pool/main/m/manpages/manpages_6.7-2_all.deb	http://ap-northeast-2.ec2.archive.ubuntu.com/ubuntu/pool/main/m/manpages/manpages_6.7-2_all.deb	200	1383936	7ad16ea6485d846dc0337f01267acf6c5faf98078ce220b32582d1da78f549fe	/home/aella/aws-discovery-jammy-noble-retry-20260831/upgrade-discovery/jammy-to-noble/runtime/deb-cache/fa/ff/faff991997840648dd1f304dfb6d99bb45c2398c777b4d92ce22ca9cb7663de7
jammy-to-noble	2026-08-31T12:41:18Z	GET	http://ap-northeast-2.ec2.archive.ubuntu.com/ubuntu/pool/main/m/manpages/manpages-dev_6.7-2_all.deb	http://ap-northeast-2.ec2.archive.ubuntu.com/ubuntu/pool/main/m/manpages/manpages-dev_6.7-2_all.deb	200	2012606	fd5207cf3fdc59e380de1f7becbc74ec4e844d52740eb37ef813691688095496	/home/aella/aws-discovery-jammy-noble-retry-20260831/upgrade-discovery/jammy-to-noble/runtime/deb-cache/6a/e0/6ae0fc8732b772d3e3d94d8486f637c3bd1581eedfa9df46707b502e06bb54c5
jammy-to-noble	2026-08-31T12:41:18Z	GET	http://ap-northeast-2.ec2.archive.ubuntu.com/ubuntu/pool/main/m/mtr/mtr-tiny_0.95-1.1ubuntu0.1_amd64.deb	http://ap-northeast-2.ec2.archive.ubuntu.com/ubuntu/pool/main/m/mtr/mtr-tiny_0.95-1.1ubuntu0.1_amd64.deb	200	54306	185a8b996a448628bd05f5407a1d945b1511089919e13b540513c47611df73a0	/home/aella/aws-discovery-jammy-noble-retry-20260831/upgrade-discovery/jammy-to-noble/runtime/deb-cache/61/95/6195b085a38ba79d15562f3882413973fc7d250a1f5ead02ca62fa3c0549432f
jammy-to-noble	2026-08-31T12:41:18Z	GET	http://ap-northeast-2.ec2.archive.ubuntu.com/ubuntu/pool/main/n/nano/nano_7.2-2ubuntu0.2_amd64.deb	http://ap-northeast-2.ec2.archive.ubuntu.com/ubuntu/pool/main/n/nano/nano_7.2-2ubuntu0.2_amd64.deb	200	281996	41a7c04b40ed8b3b3f2327fb190851a3485317dd26b7bdefe21a78da788f28aa	/home/aella/aws-discovery-jammy-noble-retry-20260831/upgrade-discovery/jammy-to-noble/runtime/deb-cache/b4/35/b43520fdb5be35020941854262e424d418ce9560f5c6e10064f7384901b40cb9
jammy-to-noble	2026-08-31T12:41:18Z	GET	http://ap-northeast-2.ec2.archive.ubuntu.com/ubuntu/pool/main/n/numactl/numactl_2.0.18-1ubuntu0.24.04.1_amd64.deb	http://ap-northeast-2.ec2.archive.ubuntu.com/ubuntu/pool/main/n/numactl/numactl_2.0.18-1ubuntu0.24.04.1_amd64.deb	200	39140	9fd7c98cb88a0f9f364689674a5594d635d0368603b51d2139ee1184ebf25bdc	/home/aella/aws-discovery-jammy-noble-retry-20260831/upgrade-discovery/jammy-to-noble/runtime/deb-cache/0c/e0/0ce0328aba6f8f61b32e76880c1b834aa7a0d802a4fe73cead05f1ad40448fbb
jammy-to-noble	2026-08-31T12:41:18Z	GET	http://ap-northeast-2.ec2.archive.ubuntu.com/ubuntu/pool/main/p/plymouth/plymouth-theme-ubuntu-text_24.004.60-1ubuntu7.2_amd64.deb	http://ap-northeast-2.ec2.archive.ubuntu.com/ubuntu/pool/main/p/plymouth/plymouth-theme-ubuntu-text_24.004.60-1ubuntu7.2_amd64.deb	200	9924	33b0a2c8034b8b6bbf74cb07294ba0b63d3ec037b96f8905b1e8ea567d5be37f	/home/aella/aws-discovery-jammy-noble-retry-20260831/upgrade-discovery/jammy-to-noble/runtime/deb-cache/fc/de/fcde195f65a3e4f746367d7a164f0dc30b7653f0c686cf7a7cbf102ffe63b6b5
jammy-to-noble	2026-08-31T12:41:18Z	GET	http://ap-northeast-2.ec2.archive.ubuntu.com/ubuntu/pool/main/p/plymouth/plymouth_24.004.60-1ubuntu7.2_amd64.deb	http://ap-northeast-2.ec2.archive.ubuntu.com/ubuntu/pool/main/p/plymouth/plymouth_24.004.60-1ubuntu7.2_amd64.deb	200	133888	75a9ed79b5af3544ad787e8c8660bb2d41a3bed11b23517eee3ff23a2e7f7d88	/home/aella/aws-discovery-jammy-noble-retry-20260831/upgrade-discovery/jammy-to-noble/runtime/deb-cache/1b/09/1b0942041437eed16982f2d584b30a71c00ce005ddaa067654eeefa7a8c9fb0c
jammy-to-noble	2026-08-31T12:41:18Z	GET	http://ap-northeast-2.ec2.archive.ubuntu.com/ubuntu/pool/main/p/powermgmt-base/powermgmt-base_1.37ubuntu0.1_all.deb	http://ap-northeast-2.ec2.archive.ubuntu.com/ubuntu/pool/main/p/powermgmt-base/powermgmt-base_1.37ubuntu0.1_all.deb	200	7650	d83a8078c640f60bdeb79c803142814c503e31eecae743f05d7f99f41f632beb	/home/aella/aws-discovery-jammy-noble-retry-20260831/upgrade-discovery/jammy-to-noble/runtime/deb-cache/07/87/0787844074586addd0db75b232c01c94cd98951a0190d2e20bde2123f0b79829
jammy-to-noble	2026-08-31T12:41:18Z	GET	http://ap-northeast-2.ec2.archive.ubuntu.com/ubuntu/pool/main/p/psmisc/psmisc_23.7-1build1_amd64.deb	http://ap-northeast-2.ec2.archive.ubuntu.com/ubuntu/pool/main/p/psmisc/psmisc_23.7-1build1_amd64.deb	200	179108	ae75f0d70fe6a6a9fe614aa2c90324e79866de14120cd7580a578eb3fac2079e	/home/aella/aws-discovery-jammy-noble-retry-20260831/upgrade-discovery/jammy-to-noble/runtime/deb-cache/3a/a1/3aa12d3f6c1372e3829875ed8064c7d0133aa285096a2bd2f5c31a6ee44d5b15
jammy-to-noble	2026-08-31T12:41:19Z	GET	http://ap-northeast-2.ec2.archive.ubuntu.com/ubuntu/pool/main/p/publicsuffix/publicsuffix_20231001.0357-0.1_all.deb	http://ap-northeast-2.ec2.archive.ubuntu.com/ubuntu/pool/main/p/publicsuffix/publicsuffix_20231001.0357-0.1_all.deb	200	128986	46dab71c8842758734d7ff38b46fbf5d8756158e6a374832b3004a53946f637c	/home/aella/aws-discovery-jammy-noble-retry-20260831/upgrade-discovery/jammy-to-noble/runtime/deb-cache/43/46/434677228239ae1340fac04641137ab9b8518619b738daef69f130e3c4691aec
jammy-to-noble	2026-08-31T12:41:20Z	GET	http://ap-northeast-2.ec2.archive.ubuntu.com/ubuntu/pool/main/s/strace/strace_6.8-0ubuntu2_amd64.deb	http://ap-northeast-2.ec2.archive.ubuntu.com/ubuntu/pool/main/s/strace/strace_6.8-0ubuntu2_amd64.deb	200	584172	d588810ae26b06fee6678dc81e5b54f6efcde8e718e4589adb4d11d254b9820b	/home/aella/aws-discovery-jammy-noble-retry-20260831/upgrade-discovery/jammy-to-noble/runtime/deb-cache/d3/ff/d3ff0858f941fd3ae717f6076924358a57b276f040a16f4cb7fec19ccdf97ed1
jammy-to-noble	2026-08-31T12:41:20Z	GET	http://ap-northeast-2.ec2.archive.ubuntu.com/ubuntu/pool/main/x/xz-utils/xz-utils_5.6.1%2breally5.4.5-1ubuntu0.3_amd64.deb	http://ap-northeast-2.ec2.archive.ubuntu.com/ubuntu/pool/main/x/xz-utils/xz-utils_5.6.1%2breally5.4.5-1ubuntu0.3_amd64.deb	200	267424	778edae086bc8f34d80f36f301bc8fb3eff2d906c146dfb533ea6840b6d64e00	/home/aella/aws-discovery-jammy-noble-retry-20260831/upgrade-discovery/jammy-to-noble/runtime/deb-cache/1c/32/1c32ec0fd27e8f10c26f041700070a6810089712daa2fcb8be8013e795d1a34d
jammy-to-noble	2026-08-31T12:41:21Z	GET	http://ap-northeast-2.ec2.archive.ubuntu.com/ubuntu/pool/main/s/sysstat/sysstat_12.6.1-2_amd64.deb	http://ap-northeast-2.ec2.archive.ubuntu.com/ubuntu/pool/main/s/sysstat/sysstat_12.6.1-2_amd64.deb	200	489308	40f8a528434e2816f78869b7aa71a9ff4057678e76ae3a4109b5a7a72caa1285	/home/aella/aws-discovery-jammy-noble-retry-20260831/upgrade-discovery/jammy-to-noble/runtime/deb-cache/e7/a5/e7a53347158f2caaef11beebe43cbb4f0d6c417a718a01603685d1192deac939
jammy-to-noble	2026-08-31T12:41:21Z	GET	http://ap-northeast-2.ec2.archive.ubuntu.com/ubuntu/pool/main/i/inetutils/telnet_0.17%2b2.5-3ubuntu4.2_all.deb	http://ap-northeast-2.ec2.archive.ubuntu.com/ubuntu/pool/main/i/inetutils/telnet_0.17%2b2.5-3ubuntu4.2_all.deb	200	3682	df0bb0964156d1eca3ca5bee0ffa09089f8ac880038ee33e210b45f2337f3e95	/home/aella/aws-discovery-jammy-noble-retry-20260831/upgrade-discovery/jammy-to-noble/runtime/deb-cache/57/96/5796c3fade9c5593dbfd53773082b4b0e2a65e807919bd71aef8b384c6ffab11
jammy-to-noble	2026-08-31T12:41:22Z	GET	http://ap-northeast-2.ec2.archive.ubuntu.com/ubuntu/pool/main/t/time/time_1.9-0.2build1_amd64.deb	http://ap-northeast-2.ec2.archive.ubuntu.com/ubuntu/pool/main/t/time/time_1.9-0.2build1_amd64.deb	200	45246	abe09ee9806b336cc255c013cc726b39cbf9d56ff9dc7c2acff5762ab0f07be8	/home/aella/aws-discovery-jammy-noble-retry-20260831/upgrade-discovery/jammy-to-noble/runtime/deb-cache/d8/9f/d89fcf4eb03ee08c5ae045bef896c544e1b4cf20e7aa7c013eb7f4f9e42c3e37
jammy-to-noble	2026-08-31T12:41:23Z	GET	http://ap-northeast-2.ec2.archive.ubuntu.com/ubuntu/pool/main/t/trace-cmd/trace-cmd_3.2-1ubuntu2_amd64.deb	http://ap-northeast-2.ec2.archive.ubuntu.com/ubuntu/pool/main/t/trace-cmd/trace-cmd_3.2-1ubuntu2_amd64.deb	200	336140	c578a4a3f05e85f29940a31aafbb5dca4cda6720ee9e39eee553d83d592afda0	/home/aella/aws-discovery-jammy-noble-retry-20260831/upgrade-discovery/jammy-to-noble/runtime/deb-cache/e2/53/e253663f5cbb1136186b8dd8437561bf16943f134994a259daa755c68ccafde3
jammy-to-noble	2026-08-31T12:41:23Z	GET	http://ap-northeast-2.ec2.archive.ubuntu.com/ubuntu/pool/main/u/usb.ids/usb.ids_2024.03.18-1_all.deb	http://ap-northeast-2.ec2.archive.ubuntu.com/ubuntu/pool/main/u/usb.ids/usb.ids_2024.03.18-1_all.deb	200	222814	23c2294d402ce92bcd77f1fc654d19478ac6875349d032f97855a6dae94d4862	/home/aella/aws-discovery-jammy-noble-retry-20260831/upgrade-discovery/jammy-to-noble/runtime/deb-cache/df/79/df79fc442b6d7b5bce2845e2117e84d11baf9cfe3460dda529778b621e3dfdc6
jammy-to-noble	2026-08-31T12:41:23Z	GET	http://ap-northeast-2.ec2.archive.ubuntu.com/ubuntu/pool/main/u/usbutils/usbutils_017-3build1_amd64.deb	http://ap-northeast-2.ec2.archive.ubuntu.com/ubuntu/pool/main/u/usbutils/usbutils_017-3build1_amd64.deb	200	84520	7ea68d1bc78e1bde05d99832bacadb1d5df1d30a758617032d44344ab4698fc6	/home/aella/aws-discovery-jammy-noble-retry-20260831/upgrade-discovery/jammy-to-noble/runtime/deb-cache/4c/d4/4cd44bf1ccd8d9d959f6bee512da726517bed7cec10213087bd7bf8d5dc74f95
jammy-to-noble	2026-08-31T12:41:23Z	GET	http://ap-northeast-2.ec2.archive.ubuntu.com/ubuntu/pool/main/u/ubuntu-meta/ubuntu-standard_1.539.2_amd64.deb	http://ap-northeast-2.ec2.archive.ubuntu.com/ubuntu/pool/main/u/ubuntu-meta/ubuntu-standard_1.539.2_amd64.deb	200	11114	86eee4aa5f149b94984df2f8b79fe0cdcf81cc38ca5b441f9df4516b38ade7f7	/home/aella/aws-discovery-jammy-noble-retry-20260831/upgrade-discovery/jammy-to-noble/runtime/deb-cache/58/b0/58b03e4769786c82f3b92775e76831f505f76b4b79858d9b73b622af08ca5468
jammy-to-noble	2026-08-31T12:41:24Z	GET	http://ap-northeast-2.ec2.archive.ubuntu.com/ubuntu/pool/main/u/ufw/ufw_0.36.2-6_all.deb	http://ap-northeast-2.ec2.archive.ubuntu.com/ubuntu/pool/main/u/ufw/ufw_0.36.2-6_all.deb	200	169082	096eb403ecaf6740d160bb306970f025222ef71324319cc1cb78d06dfa462ef1	/home/aella/aws-discovery-jammy-noble-retry-20260831/upgrade-discovery/jammy-to-noble/runtime/deb-cache/8a/b3/8ab3610f77bc4c89c9c89092d71bea3e8d5ea10d61ba165fade1f15189fc4a66
jammy-to-noble	2026-08-31T12:41:24Z	GET	http://ap-northeast-2.ec2.archive.ubuntu.com/ubuntu/pool/main/x/xauth/xauth_1.1.2-1build1_amd64.deb	http://ap-northeast-2.ec2.archive.ubuntu.com/ubuntu/pool/main/x/xauth/xauth_1.1.2-1build1_amd64.deb	200	25594	037e70571f39384e28c4ad0db07b44de11f0911ee6c02445560979b417012650	/home/aella/aws-discovery-jammy-noble-retry-20260831/upgrade-discovery/jammy-to-noble/runtime/deb-cache/91/70/91702363d714749046e28c823cde9ce4744b2dee342322b677d5b2d8ca0510ea
jammy-to-noble	2026-08-31T12:41:24Z	GET	http://ap-northeast-2.ec2.archive.ubuntu.com/ubuntu/pool/main/a/alsa-ucm-conf/alsa-ucm-conf_1.2.10-1ubuntu5.14_all.deb	http://ap-northeast-2.ec2.archive.ubuntu.com/ubuntu/pool/main/a/alsa-ucm-conf/alsa-ucm-conf_1.2.10-1ubuntu5.14_all.deb	200	70172	df89617df326e6d40c666bad483df576b9a680e41e4885e6aacbfbb8e2747a27	/home/aella/aws-discovery-jammy-noble-retry-20260831/upgrade-discovery/jammy-to-noble/runtime/deb-cache/f9/83/f983d5af9ef6b842302e51842366abce22ebb0d011f00a52dab5a6a5a1e775fa
jammy-to-noble	2026-08-31T12:41:24Z	GET	http://ap-northeast-2.ec2.archive.ubuntu.com/ubuntu/pool/main/a/apport-symptoms/apport-symptoms_0.25_all.deb	http://ap-northeast-2.ec2.archive.ubuntu.com/ubuntu/pool/main/a/apport-symptoms/apport-symptoms_0.25_all.deb	200	13050	cc2408d0d746b91847e1ac575714d40a9939c88df9859d65504661ef5a799a37	/home/aella/aws-discovery-jammy-noble-retry-20260831/upgrade-discovery/jammy-to-noble/runtime/deb-cache/87/ce/87ce0e7ec316e1c4be2c4fd4e155de74f31d5a7dbcb8734ba724e87f9172b84c
jammy-to-noble	2026-08-31T12:41:24Z	GET	http://ap-northeast-2.ec2.archive.ubuntu.com/ubuntu/pool/main/a/appstream/appstream_1.0.2-1build6_amd64.deb	http://ap-northeast-2.ec2.archive.ubuntu.com/ubuntu/pool/main/a/appstream/appstream_1.0.2-1build6_amd64.deb	200	69354	194ae7ce7955e7b33b6eb2cd79a97f7b43dfed20ad54d1a8fd0ea8ab6b057d97	/home/aella/aws-discovery-jammy-noble-retry-20260831/upgrade-discovery/jammy-to-noble/runtime/deb-cache/3b/29/3b292479339dd8d6ac275860d52b6aacd4c8e0df0b72f0bd781cee1bb4d9c6ed
jammy-to-noble	2026-08-31T12:41:24Z	GET	http://ap-northeast-2.ec2.archive.ubuntu.com/ubuntu/pool/universe/a/apt/apt-transport-https_2.8.3_all.deb	http://ap-northeast-2.ec2.archive.ubuntu.com/ubuntu/pool/universe/a/apt/apt-transport-https_2.8.3_all.deb	200	3970	472c59e11a30427c3b7107a294599a35ea8f8b9e3a4bd6fe4cfa6979a052f5cb	/home/aella/aws-discovery-jammy-noble-retry-20260831/upgrade-discovery/jammy-to-noble/runtime/deb-cache/b4/3e/b43e915c60ffd0f1fee372a82857383120569cbc4e22105b357c73f8e5327a15
jammy-to-noble	2026-08-31T12:41:24Z	GET	http://ap-northeast-2.ec2.archive.ubuntu.com/ubuntu/pool/universe/a/at/at_3.2.5-2.1ubuntu3_amd64.deb	http://ap-northeast-2.ec2.archive.ubuntu.com/ubuntu/pool/universe/a/at/at_3.2.5-2.1ubuntu3_amd64.deb	200	40606	55179f1ee3899635b0d418bfe9135a049aa5ad6902b6b717ca4ba4b7aa1f31b2	/home/aella/aws-discovery-jammy-noble-retry-20260831/upgrade-discovery/jammy-to-noble/runtime/deb-cache/e8/36/e836b10cac75dacff179e4b6635c41819a8ea46909b7f3de1c7aaaa442e3579e
jammy-to-noble	2026-08-31T12:41:24Z	GET	http://ap-northeast-2.ec2.archive.ubuntu.com/ubuntu/pool/main/b/bc/bc_1.07.1-3ubuntu4_amd64.deb	http://ap-northeast-2.ec2.archive.ubuntu.com/ubuntu/pool/main/b/bc/bc_1.07.1-3ubuntu4_amd64.deb	200	85264	cb85d5929476088533b3c5e1db2de5ab4593a69fa54243710f762197dbaea60d	/home/aella/aws-discovery-jammy-noble-retry-20260831/upgrade-discovery/jammy-to-noble/runtime/deb-cache/ee/60/ee60574060dcd0b3146f293862e922b89f39bbe8afac44e59752288bf3ace993
jammy-to-noble	2026-08-31T12:41:24Z	GET	http://ap-northeast-2.ec2.archive.ubuntu.com/ubuntu/pool/main/b/bcache-tools/bcache-tools_1.0.8-5build1_amd64.deb	http://ap-northeast-2.ec2.archive.ubuntu.com/ubuntu/pool/main/b/bcache-tools/bcache-tools_1.0.8-5build1_amd64.deb	200	19814	c809f3ecaefb3495f864cea87f1ee26b47abcc626977a4ab19aa9f3ec6a82489	/home/aella/aws-discovery-jammy-noble-retry-20260831/upgrade-discovery/jammy-to-noble/runtime/deb-cache/12/78/12789329e42f4778cefbd4add8e409159dcefbb778f51414cd58d13d1709498b
jammy-to-noble	2026-08-31T12:41:24Z	GET	http://ap-northeast-2.ec2.archive.ubuntu.com/ubuntu/pool/main/b/binutils/libctf0_2.42-4ubuntu2.10_amd64.deb	http://ap-northeast-2.ec2.archive.ubuntu.com/ubuntu/pool/main/b/binutils/libctf0_2.42-4ubuntu2.10_amd64.deb	200	94474	7ec86d697c3668503c85f308a6832f092075b5880ad002f22185264da0bd4645	/home/aella/aws-discovery-jammy-noble-retry-20260831/upgrade-discovery/jammy-to-noble/runtime/deb-cache/9b/0a/9b0aac2d7479d1377c639cdfb9cf494ff9907826cc40ba91d85dcba18389c693
jammy-to-noble	2026-08-31T12:41:24Z	GET	http://ap-northeast-2.ec2.archive.ubuntu.com/ubuntu/pool/main/b/binutils/libctf-nobfd0_2.42-4ubuntu2.10_amd64.deb	http://ap-northeast-2.ec2.archive.ubuntu.com/ubuntu/pool/main/b/binutils/libctf-nobfd0_2.42-4ubuntu2.10_amd64.deb	200	98012	da352eb7fa6c4369d2a6c1e5e680f574eda2e38576563326b18d9e47e61c4078	/home/aella/aws-discovery-jammy-noble-retry-20260831/upgrade-discovery/jammy-to-noble/runtime/deb-cache/0f/d7/0fd76029e268ac63e628ff3e774a34a32c550fc0ba2253ca4856a7178f0fa6be
jammy-to-noble	2026-08-31T12:41:24Z	GET	http://ap-northeast-2.ec2.archive.ubuntu.com/ubuntu/pool/main/b/binutils/libgprofng0_2.42-4ubuntu2.10_amd64.deb	http://ap-northeast-2.ec2.archive.ubuntu.com/ubuntu/pool/main/b/binutils/libgprofng0_2.42-4ubuntu2.10_amd64.deb	200	848684	1b7e3c2fc162e8358ca6e5a3fffdb4d0d632f790630323215841bb36a63c0ab8	/home/aella/aws-discovery-jammy-noble-retry-20260831/upgrade-discovery/jammy-to-noble/runtime/deb-cache/93/79/9379618ad87c99443556438c398f81cfe08bad55b58991310a9d069d33728b3b
jammy-to-noble	2026-08-31T12:41:24Z	GET	http://ap-northeast-2.ec2.archive.ubuntu.com/ubuntu/pool/main/b/binutils/libsframe1_2.42-4ubuntu2.10_amd64.deb	http://ap-northeast-2.ec2.archive.ubuntu.com/ubuntu/pool/main/b/binutils/libsframe1_2.42-4ubuntu2.10_amd64.deb	200	15724	72093fb456864db55f1352bfa5e952a94f7abaff64e71dff1fbf001db1984564	/home/aella/aws-discovery-jammy-noble-retry-20260831/upgrade-discovery/jammy-to-noble/runtime/deb-cache/1d/63/1d63e9f0e77653e50105715f7d62aef252e339119eb42f6d1c00525c6f787b8d
jammy-to-noble	2026-08-31T12:41:24Z	GET	http://ap-northeast-2.ec2.archive.ubuntu.com/ubuntu/pool/main/b/binutils/libbinutils_2.42-4ubuntu2.10_amd64.deb	http://ap-northeast-2.ec2.archive.ubuntu.com/ubuntu/pool/main/b/binutils/libbinutils_2.42-4ubuntu2.10_amd64.deb	200	576834	064dce00ce94e1fc2d33779cb0071088f4c8aac79e85345f2e78a020f7d14699	/home/aella/aws-discovery-jammy-noble-retry-20260831/upgrade-discovery/jammy-to-noble/runtime/deb-cache/b1/c6/b1c6d4200a2152766417d3dfe1f400a4dada5096d1f34c5642728fe6f92e52df
jammy-to-noble	2026-08-31T12:41:24Z	GET	http://ap-northeast-2.ec2.archive.ubuntu.com/ubuntu/pool/main/b/binutils/binutils_2.42-4ubuntu2.10_amd64.deb	http://ap-northeast-2.ec2.archive.ubuntu.com/ubuntu/pool/main/b/binutils/binutils_2.42-4ubuntu2.10_amd64.deb	200	18154	b3b5a84181a38fd191820b2cdcc1a3eeb1cd6333ad472f2092f96e81047e9c74	/home/aella/aws-discovery-jammy-noble-retry-20260831/upgrade-discovery/jammy-to-noble/runtime/deb-cache/aa/e4/aae41680c0fb733114f48dd96d30dc79e25eb6bc352349d0edac10a43429b655
jammy-to-noble	2026-08-31T12:41:24Z	GET	http://ap-northeast-2.ec2.archive.ubuntu.com/ubuntu/pool/main/b/binutils/binutils-common_2.42-4ubuntu2.10_amd64.deb	http://ap-northeast-2.ec2.archive.ubuntu.com/ubuntu/pool/main/b/binutils/binutils-common_2.42-4ubuntu2.10_amd64.deb	200	240286	d136073f5e2153f3df11c1d08d66727b9466b28ff483f50085f14bbe3464b5ee	/home/aella/aws-discovery-jammy-noble-retry-20260831/upgrade-discovery/jammy-to-noble/runtime/deb-cache/79/9b/799b9fb6c71cc45cb78132af53dd2a79cabef00652e96d10ac63b87885528809
jammy-to-noble	2026-08-31T12:41:24Z	GET	http://ap-northeast-2.ec2.archive.ubuntu.com/ubuntu/pool/main/b/binutils/binutils-x86-64-linux-gnu_2.42-4ubuntu2.10_amd64.deb	http://ap-northeast-2.ec2.archive.ubuntu.com/ubuntu/pool/main/b/binutils/binutils-x86-64-linux-gnu_2.42-4ubuntu2.10_amd64.deb	200	2462744	1e510a15f30208d39edcd840e48f26a77bbca7c417805eeccb1e3f7de198ef29	/home/aella/aws-discovery-jammy-noble-retry-20260831/upgrade-discovery/jammy-to-noble/runtime/deb-cache/e4/cf/e4cf5c839fc60b012ceb451bea4b8cb50cf1cbef6ed57e170f7e9a6d33d4b0c7
jammy-to-noble	2026-08-31T12:41:25Z	GET	http://ap-northeast-2.ec2.archive.ubuntu.com/ubuntu/pool/universe/b/bsdmainutils/ncal_12.1.8_amd64.deb	http://ap-northeast-2.ec2.archive.ubuntu.com/ubuntu/pool/universe/b/bsdmainutils/ncal_12.1.8_amd64.deb	200	20992	f5bc042c6d3d217defa3cb8dc467967c904c84722dc853f56a13b038bf63fd4b	/home/aella/aws-discovery-jammy-noble-retry-20260831/upgrade-discovery/jammy-to-noble/runtime/deb-cache/e7/cf/e7cf19e5fac4d584914f90ec2d43ddfa0602e869c26595d5db625ca734b5e1f3
jammy-to-noble	2026-08-31T12:41:25Z	GET	http://ap-northeast-2.ec2.archive.ubuntu.com/ubuntu/pool/universe/b/bsdmainutils/bsdmainutils_12.1.8_all.deb	http://ap-northeast-2.ec2.archive.ubuntu.com/ubuntu/pool/universe/b/bsdmainutils/bsdmainutils_12.1.8_all.deb	200	3176	d11f5e05ef218ca672e2148b782f0697660214a8cdec8526f3342c664011af52	/home/aella/aws-discovery-jammy-noble-retry-20260831/upgrade-discovery/jammy-to-noble/runtime/deb-cache/85/a6/85a6524b36a449041def193fbf689abb47e791124540b5b5fc9c5145d4c61e9c
jammy-to-noble	2026-08-31T12:41:25Z	GET	http://ap-northeast-2.ec2.archive.ubuntu.com/ubuntu/pool/main/g/gcc-13/gcc-13-base_13.3.0-6ubuntu2%7e24.04.1_amd64.deb	http://ap-northeast-2.ec2.archive.ubuntu.com/ubuntu/pool/main/g/gcc-13/gcc-13-base_13.3.0-6ubuntu2%7e24.04.1_amd64.deb	200	51616	e859aca26585bb91113a451f1e66bc0e5283cb08797d679aacc1d936ae6dff8e	/home/aella/aws-discovery-jammy-noble-retry-20260831/upgrade-discovery/jammy-to-noble/runtime/deb-cache/bd/8b/bd8b17e9dc21b01a335d6fd1863a3ca567a67c5b26c342b727249a97f99ec0c3
jammy-to-noble	2026-08-31T12:41:25Z	GET	http://ap-northeast-2.ec2.archive.ubuntu.com/ubuntu/pool/main/i/isl/libisl23_0.26-3build1.1_amd64.deb	http://ap-northeast-2.ec2.archive.ubuntu.com/ubuntu/pool/main/i/isl/libisl23_0.26-3build1.1_amd64.deb	200	679812	4e040926e50fb961fae9bf95660189d468336a4a17bc321872c434fc8f777e7f	/home/aella/aws-discovery-jammy-noble-retry-20260831/upgrade-discovery/jammy-to-noble/runtime/deb-cache/4c/e4/4ce4082a303f4384726c1f9481b665122a412cf76d020e30866d6053aca63438
jammy-to-noble	2026-08-31T12:41:25Z	GET	http://ap-northeast-2.ec2.archive.ubuntu.com/ubuntu/pool/main/m/mpclib3/libmpc3_1.3.1-1build1.1_amd64.deb	http://ap-northeast-2.ec2.archive.ubuntu.com/ubuntu/pool/main/m/mpclib3/libmpc3_1.3.1-1build1.1_amd64.deb	200	54636	cebe6098bb3d66fdacac9dc6fe406a651216d9c00f27c3f9c159d15d96cdf864	/home/aella/aws-discovery-jammy-noble-retry-20260831/upgrade-discovery/jammy-to-noble/runtime/deb-cache/ad/5f/ad5fd2aece944d5c25bde986cb1bf81761db4a2fb643293db00c85abb6a62a5d
jammy-to-noble	2026-08-31T12:41:25Z	GET	http://ap-northeast-2.ec2.archive.ubuntu.com/ubuntu/pool/main/g/gcc-13/cpp-13-x86-64-linux-gnu_13.3.0-6ubuntu2%7e24.04.1_amd64.deb	http://ap-northeast-2.ec2.archive.ubuntu.com/ubuntu/pool/main/g/gcc-13/cpp-13-x86-64-linux-gnu_13.3.0-6ubuntu2%7e24.04.1_amd64.deb	200	10714542	2ca48bf0c2d6465bc39322899715a85d934b4d7442dd5586a7bebbe3ce0f806b	/home/aella/aws-discovery-jammy-noble-retry-20260831/upgrade-discovery/jammy-to-noble/runtime/deb-cache/a7/2f/a72f3f672e3a7a78da6e1f9129ff235e66f5f65e8b21e6742915be32debd6a06
jammy-to-noble	2026-08-31T12:41:25Z	GET	http://ap-northeast-2.ec2.archive.ubuntu.com/ubuntu/pool/main/g/gcc-13/cpp-13_13.3.0-6ubuntu2%7e24.04.1_amd64.deb	http://ap-northeast-2.ec2.archive.ubuntu.com/ubuntu/pool/main/g/gcc-13/cpp-13_13.3.0-6ubuntu2%7e24.04.1_amd64.deb	200	1042	c7535331fbb183c802c3bf4b6b210872dcc12d0421b3212b3c4b940f2c59ed3a	/home/aella/aws-discovery-jammy-noble-retry-20260831/upgrade-discovery/jammy-to-noble/runtime/deb-cache/9e/a2/9ea27f6e1f2c665dc75296af4f88cffb7d1a731261186181e55947feeb0a81fc
jammy-to-noble	2026-08-31T12:41:25Z	GET	http://ap-northeast-2.ec2.archive.ubuntu.com/ubuntu/pool/main/g/gcc-defaults/g%2b%2b_13.2.0-7ubuntu1_amd64.deb	http://ap-northeast-2.ec2.archive.ubuntu.com/ubuntu/pool/main/g/gcc-defaults/g%2b%2b_13.2.0-7ubuntu1_amd64.deb	200	1100	800a84b369c64b18d65f0fb5c1533de0446c880ee4f1cadad64e3363327f63f0	/home/aella/aws-discovery-jammy-noble-retry-20260831/upgrade-discovery/jammy-to-noble/runtime/deb-cache/2e/10/2e105735e03b9f8370a6def442ce4ae2228d72947dbc6ebdd954cf21c1725cc7
jammy-to-noble	2026-08-31T12:41:25Z	GET	http://ap-northeast-2.ec2.archive.ubuntu.com/ubuntu/pool/main/g/gcc-defaults/gcc_13.2.0-7ubuntu1_amd64.deb	http://ap-northeast-2.ec2.archive.ubuntu.com/ubuntu/pool/main/g/gcc-defaults/gcc_13.2.0-7ubuntu1_amd64.deb	200	5018	0e0bb8b25153ed1c44ab92bc219eed469fcb5820c5c0bc6454b2fd366a33d3ee	/home/aella/aws-discovery-jammy-noble-retry-20260831/upgrade-discovery/jammy-to-noble/runtime/deb-cache/ce/4c/ce4ca233262f7f47a83da1a08120f09c34622e16336f0b1360c3956cb29ea164
jammy-to-noble	2026-08-31T12:41:25Z	GET	http://ap-northeast-2.ec2.archive.ubuntu.com/ubuntu/pool/main/g/gcc-defaults/cpp_13.2.0-7ubuntu1_amd64.deb	http://ap-northeast-2.ec2.archive.ubuntu.com/ubuntu/pool/main/g/gcc-defaults/cpp_13.2.0-7ubuntu1_amd64.deb	200	22442	b51f8094760f7b41afdcb1fe1b5a57fc64b75a090859918af17450a10f8c7d31	/home/aella/aws-discovery-jammy-noble-retry-20260831/upgrade-discovery/jammy-to-noble/runtime/deb-cache/54/ed/54ed40701db674561c2e696007477cacb2c3e3a59f59c85c7ad4956b529e4050
jammy-to-noble	2026-08-31T12:41:25Z	GET	http://ap-northeast-2.ec2.archive.ubuntu.com/ubuntu/pool/main/g/gcc-defaults/cpp-x86-64-linux-gnu_13.2.0-7ubuntu1_amd64.deb	http://ap-northeast-2.ec2.archive.ubuntu.com/ubuntu/pool/main/g/gcc-defaults/cpp-x86-64-linux-gnu_13.2.0-7ubuntu1_amd64.deb	200	5326	85059b30960de3582e8612740614da3dfe47241d0368a28dea686188cf7648dd	/home/aella/aws-discovery-jammy-noble-retry-20260831/upgrade-discovery/jammy-to-noble/runtime/deb-cache/1a/31/1a319bf1385ade12a4200675e9f4c6b7190bc95187e3bd997f254aefc1ac3d76
jammy-to-noble	2026-08-31T12:41:25Z	GET	http://ap-northeast-2.ec2.archive.ubuntu.com/ubuntu/pool/main/g/gcc-14/libcc1-0_14.2.0-4ubuntu2%7e24.04.1_amd64.deb	http://ap-northeast-2.ec2.archive.ubuntu.com/ubuntu/pool/main/g/gcc-14/libcc1-0_14.2.0-4ubuntu2%7e24.04.1_amd64.deb	200	48002	454456436ca767817a860557263d7cc2489f0a410f03efff4c0bb236d579ec09	/home/aella/aws-discovery-jammy-noble-retry-20260831/upgrade-discovery/jammy-to-noble/runtime/deb-cache/57/10/5710fc6f973449a103905a725fe1f375872dc50177b1221f2a0772a5f4b7f330
jammy-to-noble	2026-08-31T12:41:25Z	GET	http://ap-northeast-2.ec2.archive.ubuntu.com/ubuntu/pool/main/g/gcc-14/libgomp1_14.2.0-4ubuntu2%7e24.04.1_amd64.deb	http://ap-northeast-2.ec2.archive.ubuntu.com/ubuntu/pool/main/g/gcc-14/libgomp1_14.2.0-4ubuntu2%7e24.04.1_amd64.deb	200	148062	e8a95ec58125b4933597f30ff56c2ae10edf90f287262e366d4b6edea3019144	/home/aella/aws-discovery-jammy-noble-retry-20260831/upgrade-discovery/jammy-to-noble/runtime/deb-cache/66/a9/66a937521a55e68447fb0b37a14bca83538f5f4f64b661e991ff29b975c2eba1
jammy-to-noble	2026-08-31T12:41:25Z	GET	http://ap-northeast-2.ec2.archive.ubuntu.com/ubuntu/pool/main/g/gcc-14/libitm1_14.2.0-4ubuntu2%7e24.04.1_amd64.deb	http://ap-northeast-2.ec2.archive.ubuntu.com/ubuntu/pool/main/g/gcc-14/libitm1_14.2.0-4ubuntu2%7e24.04.1_amd64.deb	200	29702	1fca498129dd3510294809d77ee754f72a9de281111200e9b7b9a5adf37faa9f	/home/aella/aws-discovery-jammy-noble-retry-20260831/upgrade-discovery/jammy-to-noble/runtime/deb-cache/4f/1f/4f1fef91e2e409a69011683598f47da225e31cc151a9865c500c3b7e97ce5289
jammy-to-noble	2026-08-31T12:41:25Z	GET	http://ap-northeast-2.ec2.archive.ubuntu.com/ubuntu/pool/main/g/gcc-14/libatomic1_14.2.0-4ubuntu2%7e24.04.1_amd64.deb	http://ap-northeast-2.ec2.archive.ubuntu.com/ubuntu/pool/main/g/gcc-14/libatomic1_14.2.0-4ubuntu2%7e24.04.1_amd64.deb	200	10466	fe49cbbc7be753528380c724a8eef5f1e31dffa9221f692c5069048d81c7449d	/home/aella/aws-discovery-jammy-noble-retry-20260831/upgrade-discovery/jammy-to-noble/runtime/deb-cache/4e/e8/4ee8fbf50f226113755fabc5c482a7db1121e1c606c6d6a69ed72e93275f3f72
jammy-to-noble	2026-08-31T12:41:25Z	GET	http://ap-northeast-2.ec2.archive.ubuntu.com/ubuntu/pool/main/g/gcc-14/libasan8_14.2.0-4ubuntu2%7e24.04.1_amd64.deb	http://ap-northeast-2.ec2.archive.ubuntu.com/ubuntu/pool/main/g/gcc-14/libasan8_14.2.0-4ubuntu2%7e24.04.1_amd64.deb	200	3026656	8321aac6230fa1da320e76eb6288b7436164624aec449ed3933ea6c4cc86daac	/home/aella/aws-discovery-jammy-noble-retry-20260831/upgrade-discovery/jammy-to-noble/runtime/deb-cache/23/f8/23f8a9df7e62d0a2a62817f18f4f15a88fb18c3e63fe79a27cbfda14ef9c1e4c
jammy-to-noble	2026-08-31T12:41:25Z	GET	http://ap-northeast-2.ec2.archive.ubuntu.com/ubuntu/pool/main/g/gcc-14/liblsan0_14.2.0-4ubuntu2%7e24.04.1_amd64.deb	http://ap-northeast-2.ec2.archive.ubuntu.com/ubuntu/pool/main/g/gcc-14/liblsan0_14.2.0-4ubuntu2%7e24.04.1_amd64.deb	200	1321652	dc0c2a1a053e833ba4d71e1ec2ba4244fe301761ad4a91d6725f927a52d86a14	/home/aella/aws-discovery-jammy-noble-retry-20260831/upgrade-discovery/jammy-to-noble/runtime/deb-cache/f9/77/f977d0792c92861562c76d9b48ab20b454299e75aeed0dd7c3df02e9da3bc593
jammy-to-noble	2026-08-31T12:41:25Z	GET	http://ap-northeast-2.ec2.archive.ubuntu.com/ubuntu/pool/main/g/gcc-14/libtsan2_14.2.0-4ubuntu2%7e24.04.1_amd64.deb	http://ap-northeast-2.ec2.archive.ubuntu.com/ubuntu/pool/main/g/gcc-14/libtsan2_14.2.0-4ubuntu2%7e24.04.1_amd64.deb	200	2771910	8cbcc9b3ae5ef23b449383d47a9035b27596e307d7dce7df9b83d47a7acd1d91	/home/aella/aws-discovery-jammy-noble-retry-20260831/upgrade-discovery/jammy-to-noble/runtime/deb-cache/10/5f/105f080f9989e048886aca63bd1c591638080ba658a9a7938e36dbc00476903c
jammy-to-noble	2026-08-31T12:41:25Z	GET	http://ap-northeast-2.ec2.archive.ubuntu.com/ubuntu/pool/main/g/gcc-14/libubsan1_14.2.0-4ubuntu2%7e24.04.1_amd64.deb	http://ap-northeast-2.ec2.archive.ubuntu.com/ubuntu/pool/main/g/gcc-14/libubsan1_14.2.0-4ubuntu2%7e24.04.1_amd64.deb	200	1183812	a16dea3abe2dcac99bcfae27e7e5672fde64573c3c170dcb0cd55631238f9814	/home/aella/aws-discovery-jammy-noble-retry-20260831/upgrade-discovery/jammy-to-noble/runtime/deb-cache/39/83/39838e4795321ee257f7e1b0ce4243c05173b31d550ccab82a205ece85f5ef88
jammy-to-noble	2026-08-31T12:41:25Z	GET	http://ap-northeast-2.ec2.archive.ubuntu.com/ubuntu/pool/main/g/gcc-14/libhwasan0_14.2.0-4ubuntu2%7e24.04.1_amd64.deb	http://ap-northeast-2.ec2.archive.ubuntu.com/ubuntu/pool/main/g/gcc-14/libhwasan0_14.2.0-4ubuntu2%7e24.04.1_amd64.deb	200	1640706	2195318cfe68fe16b601913ef7b33c9a900372f57861643fdc9ae6fef84534cd	/home/aella/aws-discovery-jammy-noble-retry-20260831/upgrade-discovery/jammy-to-noble/runtime/deb-cache/27/98/2798c80855e45940bb5907fd7b4d25b5f93d6fc73bb7807316183c0f497e8783
jammy-to-noble	2026-08-31T12:41:25Z	GET	http://ap-northeast-2.ec2.archive.ubuntu.com/ubuntu/pool/main/g/gcc-14/libquadmath0_14.2.0-4ubuntu2%7e24.04.1_amd64.deb	http://ap-northeast-2.ec2.archive.ubuntu.com/ubuntu/pool/main/g/gcc-14/libquadmath0_14.2.0-4ubuntu2%7e24.04.1_amd64.deb	200	153316	dc8f0ca542e09d662f29370c8393c016440dd4bc5c996c5fcc19f632b63ce3b0	/home/aella/aws-discovery-jammy-noble-retry-20260831/upgrade-discovery/jammy-to-noble/runtime/deb-cache/20/ac/20ace3d98c7ab7a5661f3bfba8fbd847a6d80e10c59a9a4abe667f22559d0566
jammy-to-noble	2026-08-31T12:41:26Z	GET	http://ap-northeast-2.ec2.archive.ubuntu.com/ubuntu/pool/main/g/gcc-13/libgcc-13-dev_13.3.0-6ubuntu2%7e24.04.1_amd64.deb	http://ap-northeast-2.ec2.archive.ubuntu.com/ubuntu/pool/main/g/gcc-13/libgcc-13-dev_13.3.0-6ubuntu2%7e24.04.1_amd64.deb	200	2680642	cd689db2691edaa10f37329307292796bb599e722e0505c79e14caaa1fe9a93a	/home/aella/aws-discovery-jammy-noble-retry-20260831/upgrade-discovery/jammy-to-noble/runtime/deb-cache/eb/8e/eb8e512b99f60d2dde417155d38b314d78239fce4781c5230ee7928627e5cd8f
jammy-to-noble	2026-08-31T12:41:26Z	GET	http://ap-northeast-2.ec2.archive.ubuntu.com/ubuntu/pool/main/g/gcc-13/gcc-13-x86-64-linux-gnu_13.3.0-6ubuntu2%7e24.04.1_amd64.deb	http://ap-northeast-2.ec2.archive.ubuntu.com/ubuntu/pool/main/g/gcc-13/gcc-13-x86-64-linux-gnu_13.3.0-6ubuntu2%7e24.04.1_amd64.deb	200	21084546	a134b0319a82d14581b3a14820d2832af4ec9778ed8b9b4ddaeecfb0555ec325	/home/aella/aws-discovery-jammy-noble-retry-20260831/upgrade-discovery/jammy-to-noble/runtime/deb-cache/74/90/7490ed7c6dce2ff27e67aefa2255a9dd9cacb9a7a342526627744b06ae9cd1e1
jammy-to-noble	2026-08-31T12:41:26Z	GET	http://ap-northeast-2.ec2.archive.ubuntu.com/ubuntu/pool/main/g/gcc-13/libstdc%2b%2b-13-dev_13.3.0-6ubuntu2%7e24.04.1_amd64.deb	http://ap-northeast-2.ec2.archive.ubuntu.com/ubuntu/pool/main/g/gcc-13/libstdc%2b%2b-13-dev_13.3.0-6ubuntu2%7e24.04.1_amd64.deb	200	2419834	ee5633e863e19c3381ed97842ce35ed32ede96a3d1ae4e94c051d3036fe21347	/home/aella/aws-discovery-jammy-noble-retry-20260831/upgrade-discovery/jammy-to-noble/runtime/deb-cache/07/b5/07b588cb4db9e61bcc427001c13c3466f5a14c99e74d6ca5b7aa2126955aa990
jammy-to-noble	2026-08-31T12:41:26Z	GET	http://ap-northeast-2.ec2.archive.ubuntu.com/ubuntu/pool/main/g/gcc-13/g%2b%2b-13-x86-64-linux-gnu_13.3.0-6ubuntu2%7e24.04.1_amd64.deb	http://ap-northeast-2.ec2.archive.ubuntu.com/ubuntu/pool/main/g/gcc-13/g%2b%2b-13-x86-64-linux-gnu_13.3.0-6ubuntu2%7e24.04.1_amd64.deb	200	12161938	0bd6af6164252d4ea9170d201ee4c10a3120fe0fc04985a00be3bc9076353844	/home/aella/aws-discovery-jammy-noble-retry-20260831/upgrade-discovery/jammy-to-noble/runtime/deb-cache/1b/e1/1be1607fe73693a4d32a1d7feab7d38869201f852920a6885092e2856143171b
jammy-to-noble	2026-08-31T12:41:26Z	GET	http://ap-northeast-2.ec2.archive.ubuntu.com/ubuntu/pool/main/g/gcc-13/gcc-13_13.3.0-6ubuntu2%7e24.04.1_amd64.deb	http://ap-northeast-2.ec2.archive.ubuntu.com/ubuntu/pool/main/g/gcc-13/gcc-13_13.3.0-6ubuntu2%7e24.04.1_amd64.deb	200	494262	7438ff160b020a74970672189ecae25d0ca650de6d7f543f12a3134192cffbd9	/home/aella/aws-discovery-jammy-noble-retry-20260831/upgrade-discovery/jammy-to-noble/runtime/deb-cache/18/13/181359a2edfca3c05bc3605ea342d9c81b985599d2c063bf2d2f64b372c4930b
jammy-to-noble	2026-08-31T12:41:26Z	GET	http://ap-northeast-2.ec2.archive.ubuntu.com/ubuntu/pool/main/g/gcc-13/g%2b%2b-13_13.3.0-6ubuntu2%7e24.04.1_amd64.deb	http://ap-northeast-2.ec2.archive.ubuntu.com/ubuntu/pool/main/g/gcc-13/g%2b%2b-13_13.3.0-6ubuntu2%7e24.04.1_amd64.deb	200	16048	0f3ef964b8a91a9cd7bebfd126839a21941c55547cadcf4aa00204bc8cc43985	/home/aella/aws-discovery-jammy-noble-retry-20260831/upgrade-discovery/jammy-to-noble/runtime/deb-cache/5f/80/5f802c8e1959321db93fe035d82dca01977ebf2eb8256be4cd7c40100e05e021
jammy-to-noble	2026-08-31T12:41:26Z	GET	http://ap-northeast-2.ec2.archive.ubuntu.com/ubuntu/pool/main/g/gcc-defaults/gcc-x86-64-linux-gnu_13.2.0-7ubuntu1_amd64.deb	http://ap-northeast-2.ec2.archive.ubuntu.com/ubuntu/pool/main/g/gcc-defaults/gcc-x86-64-linux-gnu_13.2.0-7ubuntu1_amd64.deb	200	1212	72e79089a10e381360bfc6f03c5e5d8c2ff177d6dbac2cd7ffb3cc1383f57591	/home/aella/aws-discovery-jammy-noble-retry-20260831/upgrade-discovery/jammy-to-noble/runtime/deb-cache/aa/8a/aa8a949e2c55d37c1833d666446594946182876f08087973ba04e52de7251e47
jammy-to-noble	2026-08-31T12:41:26Z	GET	http://ap-northeast-2.ec2.archive.ubuntu.com/ubuntu/pool/main/g/gcc-defaults/g%2b%2b-x86-64-linux-gnu_13.2.0-7ubuntu1_amd64.deb	http://ap-northeast-2.ec2.archive.ubuntu.com/ubuntu/pool/main/g/gcc-defaults/g%2b%2b-x86-64-linux-gnu_13.2.0-7ubuntu1_amd64.deb	200	964	145b027a542db5b21f85d4f9e242f51c62c69914fc484adb3a4881ca8e2f3913	/home/aella/aws-discovery-jammy-noble-retry-20260831/upgrade-discovery/jammy-to-noble/runtime/deb-cache/44/9d/449d86722e6ba8da8cfcd3caec6546dfa40855329e53e48a58c83147cd91c7ac
jammy-to-noble	2026-08-31T12:41:26Z	GET	http://ap-northeast-2.ec2.archive.ubuntu.com/ubuntu/pool/main/m/make-dfsg/make_4.3-4.1build2_amd64.deb	http://ap-northeast-2.ec2.archive.ubuntu.com/ubuntu/pool/main/m/make-dfsg/make_4.3-4.1build2_amd64.deb	200	179752	1fe6a815b56c7b6e9ce4086a363f09444bbd0a0d30e230c453d0b78e44b57a99	/home/aella/aws-discovery-jammy-noble-retry-20260831/upgrade-discovery/jammy-to-noble/runtime/deb-cache/92/41/9241047b9f28a0adaff7f5e3f32914287833b3907ce8fac5cf5618b6e441a337
jammy-to-noble	2026-08-31T12:41:26Z	GET	http://ap-northeast-2.ec2.archive.ubuntu.com/ubuntu/pool/main/d/dpkg/dpkg-dev_1.22.6ubuntu6.6_all.deb	http://ap-northeast-2.ec2.archive.ubuntu.com/ubuntu/pool/main/d/dpkg/dpkg-dev_1.22.6ubuntu6.6_all.deb	200	1074218	70da073557dbed76dc14eb1e682e7ec30fcb736f3d98812490a4c785b4c481cb	/home/aella/aws-discovery-jammy-noble-retry-20260831/upgrade-discovery/jammy-to-noble/runtime/deb-cache/47/f4/47f4ca44efae1b0665018da8b30e3a024a8ee259563f949a5008cb46b14c74f2
jammy-to-noble	2026-08-31T12:41:26Z	GET	http://ap-northeast-2.ec2.archive.ubuntu.com/ubuntu/pool/main/d/dpkg/libdpkg-perl_1.22.6ubuntu6.6_all.deb	http://ap-northeast-2.ec2.archive.ubuntu.com/ubuntu/pool/main/d/dpkg/libdpkg-perl_1.22.6ubuntu6.6_all.deb	200	268420	db57f9f0608f78001b5f468e03541fdb88b7e30a07b46d0bcdb57a916a6e8c11	/home/aella/aws-discovery-jammy-noble-retry-20260831/upgrade-discovery/jammy-to-noble/runtime/deb-cache/89/bf/89bf924b87ed6e32ed88a18e2a4c5bb58228f90643caacfbe4eed3e97dd39e54
jammy-to-noble	2026-08-31T12:41:26Z	GET	http://ap-northeast-2.ec2.archive.ubuntu.com/ubuntu/pool/main/l/lto-disabled-list/lto-disabled-list_47_all.deb	http://ap-northeast-2.ec2.archive.ubuntu.com/ubuntu/pool/main/l/lto-disabled-list/lto-disabled-list_47_all.deb	200	12400	cac0f63c88188f376bb4df10a2af2b49a607bbef97a57db50ed58f678c21eee9	/home/aella/aws-discovery-jammy-noble-retry-20260831/upgrade-discovery/jammy-to-noble/runtime/deb-cache/8d/71/8d713683df5494b52dda0b1efaf4cc423b27f8b6d9393b27fe8d093d07e7a10d
jammy-to-noble	2026-08-31T12:41:26Z	GET	http://ap-northeast-2.ec2.archive.ubuntu.com/ubuntu/pool/main/b/build-essential/build-essential_12.10ubuntu1_amd64.deb	http://ap-northeast-2.ec2.archive.ubuntu.com/ubuntu/pool/main/b/build-essential/build-essential_12.10ubuntu1_amd64.deb	200	4928	9b2159b95a4c01937309783c7c8a6ec8dfbcb7ffd604951c9713ac52ee9c7268	/home/aella/aws-discovery-jammy-noble-retry-20260831/upgrade-discovery/jammy-to-noble/runtime/deb-cache/0a/0e/0a0e3c79c933b0b7238648bd1201bf006c1f8362b5691da58234830fb421d6af
jammy-to-noble	2026-08-31T12:41:26Z	GET	http://ap-northeast-2.ec2.archive.ubuntu.com/ubuntu/pool/main/b/byobu/byobu_6.11-0ubuntu1.1_all.deb	http://ap-northeast-2.ec2.archive.ubuntu.com/ubuntu/pool/main/b/byobu/byobu_6.11-0ubuntu1.1_all.deb	200	103564	d2b1c4f482c42b7d4804b485b8a28cd12fe12bd4f84dca3b7ab1e3aca3a13a64	/home/aella/aws-discovery-jammy-noble-retry-20260831/upgrade-discovery/jammy-to-noble/runtime/deb-cache/69/4a/694a67332b93694c9698bf97bb28048eaae73efad3981e41b63c3cb3f8ae3b3f
jammy-to-noble	2026-08-31T12:41:27Z	GET	http://ap-northeast-2.ec2.archive.ubuntu.com/ubuntu/pool/main/c/conntrack-tools/conntrack_1.4.8-1ubuntu1_amd64.deb	http://ap-northeast-2.ec2.archive.ubuntu.com/ubuntu/pool/main/c/conntrack-tools/conntrack_1.4.8-1ubuntu1_amd64.deb	200	37856	60b9d00b3382fab1d71b7f1ec0a33b21bee6f3a5fbd875fd1aa6e0bf7608fc19	/home/aella/aws-discovery-jammy-noble-retry-20260831/upgrade-discovery/jammy-to-noble/runtime/deb-cache/1d/9d/1d9d79c6cd30f8bdc7d81cd51915883a13080d6383244f72afd44cd154a9442a
jammy-to-noble	2026-08-31T12:41:27Z	GET	http://ap-northeast-2.ec2.archive.ubuntu.com/ubuntu/pool/main/r/runc-app/runc_1.3.4-0ubuntu1%7e24.04.1_amd64.deb	http://ap-northeast-2.ec2.archive.ubuntu.com/ubuntu/pool/main/r/runc-app/runc_1.3.4-0ubuntu1%7e24.04.1_amd64.deb	200	9573850	6ddd64ed7ef1693dd95620a2b1148a4187ef4fe0819c3c3049fad9385ecfd5dc	/home/aella/aws-discovery-jammy-noble-retry-20260831/upgrade-discovery/jammy-to-noble/runtime/deb-cache/ed/8e/ed8eab0334c1758d7265a741c48df6e0dc0070f2b69174e3f91ebd9fc42a2f7d
jammy-to-noble	2026-08-31T12:41:27Z	GET	http://ap-northeast-2.ec2.archive.ubuntu.com/ubuntu/pool/main/c/containerd-app/containerd_2.2.1-0ubuntu1%7e24.04.3_amd64.deb	http://ap-northeast-2.ec2.archive.ubuntu.com/ubuntu/pool/main/c/containerd-app/containerd_2.2.1-0ubuntu1%7e24.04.3_amd64.deb	200	28145484	459a0184cc631c17eb4a625392f749fa753627b4ddba196919e0666a6206d92a	/home/aella/aws-discovery-jammy-noble-retry-20260831/upgrade-discovery/jammy-to-noble/runtime/deb-cache/5f/8c/5f8cfbf5f0ce943460191a28f30977374fa385c78e4eabec5effad31f9fa58fa
jammy-to-noble	2026-08-31T12:41:31Z	GET	http://ap-northeast-2.ec2.archive.ubuntu.com/ubuntu/pool/universe/g/gcc-9/g%2b%2b-9_9.5.0-6ubuntu2.1_amd64.deb	http://ap-northeast-2.ec2.archive.ubuntu.com/ubuntu/pool/universe/g/gcc-9/g%2b%2b-9_9.5.0-6ubuntu2.1_amd64.deb	200	11803352	a5a53efd70c640381f8b503edc6e6c6379cdd97b1a9cd210575712a3899b2df2	/home/aella/aws-discovery-jammy-noble-retry-20260831/upgrade-discovery/jammy-to-noble/runtime/deb-cache/f6/e6/f6e617220214cb6419ffe62290c44fe53634636cf46f25f56687bae542bc283b
jammy-to-noble	2026-08-31T12:41:35Z	GET	http://ap-northeast-2.ec2.archive.ubuntu.com/ubuntu/pool/universe/g/gcc-9/gcc-9_9.5.0-6ubuntu2.1_amd64.deb	http://ap-northeast-2.ec2.archive.ubuntu.com/ubuntu/pool/universe/g/gcc-9/gcc-9_9.5.0-6ubuntu2.1_amd64.deb	200	11168374	62a525e5cc1e4a3bbfa8673992bb87a34fa1bf816c726748977d7f47fd3fb04c	/home/aella/aws-discovery-jammy-noble-retry-20260831/upgrade-discovery/jammy-to-noble/runtime/deb-cache/88/25/8825110bf29a1fa4154f5c4c2909305566e2ca0aa43310a4dc876833a6b0d11d
jammy-to-noble	2026-08-31T12:41:37Z	GET	http://ap-northeast-2.ec2.archive.ubuntu.com/ubuntu/pool/universe/g/gcc-9/cpp-9_9.5.0-6ubuntu2.1_amd64.deb	http://ap-northeast-2.ec2.archive.ubuntu.com/ubuntu/pool/universe/g/gcc-9/cpp-9_9.5.0-6ubuntu2.1_amd64.deb	200	10481300	2cd11ba67d4a0c3ae5a5598673b826a58313eebf32cb39c3ee6b785db999e3e5	/home/aella/aws-discovery-jammy-noble-retry-20260831/upgrade-discovery/jammy-to-noble/runtime/deb-cache/83/61/8361e47655b333de15707647597ad6372d2e204ea8a84b3e8f686e50494e00b8
jammy-to-noble	2026-08-31T12:41:38Z	GET	http://ap-northeast-2.ec2.archive.ubuntu.com/ubuntu/pool/universe/g/gcc-9/libasan5_9.5.0-6ubuntu2.1_amd64.deb	http://ap-northeast-2.ec2.archive.ubuntu.com/ubuntu/pool/universe/g/gcc-9/libasan5_9.5.0-6ubuntu2.1_amd64.deb	200	3106262	13f3d3fca7180ccffb65581e9e9099408fdb61eb75814347fbb68269c020b10b	/home/aella/aws-discovery-jammy-noble-retry-20260831/upgrade-discovery/jammy-to-noble/runtime/deb-cache/07/9c/079c282d151389823c35f26613410518e39c631113979922966902be45ad91e4
jammy-to-noble	2026-08-31T12:41:39Z	GET	http://ap-northeast-2.ec2.archive.ubuntu.com/ubuntu/pool/universe/g/gcc-9/libstdc%2b%2b-9-dev_9.5.0-6ubuntu2.1_amd64.deb	http://ap-northeast-2.ec2.archive.ubuntu.com/ubuntu/pool/universe/g/gcc-9/libstdc%2b%2b-9-dev_9.5.0-6ubuntu2.1_amd64.deb	200	1809380	20f27ce0ddacbbfc17abfaaee6d73e0d2e370957aadb558e7efb41594760737a	/home/aella/aws-discovery-jammy-noble-retry-20260831/upgrade-discovery/jammy-to-noble/runtime/deb-cache/07/bf/07bf92b2ae1a11da281d10634876be7fb7552afef28206f695e06042cb26a175
jammy-to-noble	2026-08-31T12:41:39Z	GET	http://ap-northeast-2.ec2.archive.ubuntu.com/ubuntu/pool/universe/g/gcc-9/libgcc-9-dev_9.5.0-6ubuntu2.1_amd64.deb	http://ap-northeast-2.ec2.archive.ubuntu.com/ubuntu/pool/universe/g/gcc-9/libgcc-9-dev_9.5.0-6ubuntu2.1_amd64.deb	200	2479280	395209103dd7e244cccb469cfc6566559af75dad25a47fa74b11331cdf8446d4	/home/aella/aws-discovery-jammy-noble-retry-20260831/upgrade-discovery/jammy-to-noble/runtime/deb-cache/a8/9f/a89fbb6bd9e0a766b40a519bb5a8f90d27bb7bd21613d1d7e49770a2bf7c39bb
jammy-to-noble	2026-08-31T12:41:39Z	GET	http://ap-northeast-2.ec2.archive.ubuntu.com/ubuntu/pool/universe/g/gcc-9/gcc-9-base_9.5.0-6ubuntu2.1_amd64.deb	http://ap-northeast-2.ec2.archive.ubuntu.com/ubuntu/pool/universe/g/gcc-9/gcc-9-base_9.5.0-6ubuntu2.1_amd64.deb	200	31678	0ef1d49dd21c1221752035d617b36e4a82dc30ed94da70f81964ef40ac880005	/home/aella/aws-discovery-jammy-noble-retry-20260831/upgrade-discovery/jammy-to-noble/runtime/deb-cache/74/35/7435231851a6ba12b4d9ccc5b8385f4c3062c74260a16ba531d84689e991522d
jammy-to-noble	2026-08-31T12:41:41Z	GET	http://ap-northeast-2.ec2.archive.ubuntu.com/ubuntu/pool/universe/g/gcc-11/g%2b%2b-11_11.5.0-1ubuntu1%7e24.04.1_amd64.deb	http://ap-northeast-2.ec2.archive.ubuntu.com/ubuntu/pool/universe/g/gcc-11/g%2b%2b-11_11.5.0-1ubuntu1%7e24.04.1_amd64.deb	200	11427914	dbc5a4bbcc866d0df9dd5080a0bc22c1deb029eb3292e4b7fb362eaabbdb96e9	/home/aella/aws-discovery-jammy-noble-retry-20260831/upgrade-discovery/jammy-to-noble/runtime/deb-cache/5c/1f/5c1f55c1d2bf2d2fbbe8477b4f07b9cc70d5e8d59af4b78d3e715ceb020baae7
jammy-to-noble	2026-08-31T12:41:42Z	GET	http://ap-northeast-2.ec2.archive.ubuntu.com/ubuntu/pool/universe/g/gcc-11/libstdc%2b%2b-11-dev_11.5.0-1ubuntu1%7e24.04.1_amd64.deb	http://ap-northeast-2.ec2.archive.ubuntu.com/ubuntu/pool/universe/g/gcc-11/libstdc%2b%2b-11-dev_11.5.0-1ubuntu1%7e24.04.1_amd64.deb	200	2094156	d97c42f258f923a728c6e2268fa557cf6fb3d331b9ced9387d2c024d77816fe7	/home/aella/aws-discovery-jammy-noble-retry-20260831/upgrade-discovery/jammy-to-noble/runtime/deb-cache/6f/2a/6f2a45c82f98c55963b3525ae8b7316f830aeb140d9e60cda283c7a929d6a80a
jammy-to-noble	2026-08-31T12:41:43Z	GET	http://ap-northeast-2.ec2.archive.ubuntu.com/ubuntu/pool/universe/g/gcc-11/libasan6_11.5.0-1ubuntu1%7e24.04.1_amd64.deb	http://ap-northeast-2.ec2.archive.ubuntu.com/ubuntu/pool/universe/g/gcc-11/libasan6_11.5.0-1ubuntu1%7e24.04.1_amd64.deb	200	2264206	0547d5675d4a4b2741754cbc469274a340ee5fae84acc9c836fab62912b204e7	/home/aella/aws-discovery-jammy-noble-retry-20260831/upgrade-discovery/jammy-to-noble/runtime/deb-cache/49/c0/49c0e7a1d2d9e89e1c817b69d64120fe8e978ace28ca8e497b08df55ed61e596
jammy-to-noble	2026-08-31T12:41:49Z	GET	http://ap-northeast-2.ec2.archive.ubuntu.com/ubuntu/pool/universe/g/gcc-11/gcc-11_11.5.0-1ubuntu1%7e24.04.1_amd64.deb	http://ap-northeast-2.ec2.archive.ubuntu.com/ubuntu/pool/universe/g/gcc-11/gcc-11_11.5.0-1ubuntu1%7e24.04.1_amd64.deb	200	20127164	daf37234a1e89c0adb15f94f7b28436bd16980899b7d835ea38406faa27d2c03	/home/aella/aws-discovery-jammy-noble-retry-20260831/upgrade-discovery/jammy-to-noble/runtime/deb-cache/cd/a2/cda2edbbeb835e817cd4bdf3d1f64247193c73dc51ef0fd510937a11e9f18fa2
jammy-to-noble	2026-08-31T12:41:50Z	GET	http://ap-northeast-2.ec2.archive.ubuntu.com/ubuntu/pool/universe/g/gcc-11/libgcc-11-dev_11.5.0-1ubuntu1%7e24.04.1_amd64.deb	http://ap-northeast-2.ec2.archive.ubuntu.com/ubuntu/pool/universe/g/gcc-11/libgcc-11-dev_11.5.0-1ubuntu1%7e24.04.1_amd64.deb	200	2481338	ce467e464ad713caaf5b8b20fd707513eea9b53be86d899f4c38770ace07e8a1	/home/aella/aws-discovery-jammy-noble-retry-20260831/upgrade-discovery/jammy-to-noble/runtime/deb-cache/1d/0a/1d0ac7c4be426eaaa93338d72e82b9028b4e9eae46a81e7383213c66a91ba1f9
jammy-to-noble	2026-08-31T12:41:51Z	GET	http://ap-northeast-2.ec2.archive.ubuntu.com/ubuntu/pool/universe/g/gcc-11/libtsan0_11.5.0-1ubuntu1%7e24.04.1_amd64.deb	http://ap-northeast-2.ec2.archive.ubuntu.com/ubuntu/pool/universe/g/gcc-11/libtsan0_11.5.0-1ubuntu1%7e24.04.1_amd64.deb	200	2267544	d5db13528facd513d5892d6011437bafeb6cd6412768e675716bd0e8d48c47ab	/home/aella/aws-discovery-jammy-noble-retry-20260831/upgrade-discovery/jammy-to-noble/runtime/deb-cache/a3/f5/a3f589eef8602f127e68cae20c29a101347fa6166255a298de83d1550ffae1c2
jammy-to-noble	2026-08-31T12:41:54Z	GET	http://ap-northeast-2.ec2.archive.ubuntu.com/ubuntu/pool/universe/g/gcc-11/cpp-11_11.5.0-1ubuntu1%7e24.04.1_amd64.deb	http://ap-northeast-2.ec2.archive.ubuntu.com/ubuntu/pool/universe/g/gcc-11/cpp-11_11.5.0-1ubuntu1%7e24.04.1_amd64.deb	200	9999194	2e2d7711dec3e0f8b27e6b92b4e11979cd35d0dce27bcbd7f0bcf3afaa14f0de	/home/aella/aws-discovery-jammy-noble-retry-20260831/upgrade-discovery/jammy-to-noble/runtime/deb-cache/ce/e5/cee524105b1776e80b7c8bf1d7b2dbbfd57dcd974c509eeab1992808ad167c16
jammy-to-noble	2026-08-31T12:41:54Z	GET	http://ap-northeast-2.ec2.archive.ubuntu.com/ubuntu/pool/universe/g/gcc-11/gcc-11-base_11.5.0-1ubuntu1%7e24.04.1_amd64.deb	http://ap-northeast-2.ec2.archive.ubuntu.com/ubuntu/pool/universe/g/gcc-11/gcc-11-base_11.5.0-1ubuntu1%7e24.04.1_amd64.deb	200	45580	30bea92fc6b45d107e5f01328950f49ee7ff5bf101a8ebc96b39003ec98c4c09	/home/aella/aws-discovery-jammy-noble-retry-20260831/upgrade-discovery/jammy-to-noble/runtime/deb-cache/6b/3c/6b3cbb03439433cef0261ead86bf726f4d0308976ce8a3e8e7a3522379371025
jammy-to-noble	2026-08-31T12:41:54Z	GET	http://ap-northeast-2.ec2.archive.ubuntu.com/ubuntu/pool/main/d/dns-root-data/dns-root-data_2024071801%7eubuntu0.24.04.1_all.deb	http://ap-northeast-2.ec2.archive.ubuntu.com/ubuntu/pool/main/d/dns-root-data/dns-root-data_2024071801%7eubuntu0.24.04.1_all.deb	200	5918	ee4617a269ec00257bb56ea28eb0eca3b1d4248d02ff65f79d4d40244f732df4	/home/aella/aws-discovery-jammy-noble-retry-20260831/upgrade-discovery/jammy-to-noble/runtime/deb-cache/a7/fd/a7fde224dfd0fa183e6c8d214e3c13e7f62c12ecf92fb7c7f1efc10ea1ecf9b5
jammy-to-noble	2026-08-31T12:41:54Z	GET	http://ap-northeast-2.ec2.archive.ubuntu.com/ubuntu/pool/main/d/dnsmasq/dnsmasq-base_2.90-2ubuntu0.4_amd64.deb	http://ap-northeast-2.ec2.archive.ubuntu.com/ubuntu/pool/main/d/dnsmasq/dnsmasq-base_2.90-2ubuntu0.4_amd64.deb	200	376178	d519d43f796fae7d9e1b565e5d6254d8cecafd934eb1c22d54f6c525f49da32c	/home/aella/aws-discovery-jammy-noble-retry-20260831/upgrade-discovery/jammy-to-noble/runtime/deb-cache/ad/a4/ada46d204d220e02e7272ce4d07e5bc02de334f7c1a5c5ca1ea4ff03e9d3e88e
jammy-to-noble	2026-08-31T12:41:54Z	GET	http://ap-northeast-2.ec2.archive.ubuntu.com/ubuntu/pool/universe/d/docker.io-app/docker.io_29.1.3-0ubuntu3%7e24.04.2_amd64.deb	http://ap-northeast-2.ec2.archive.ubuntu.com/ubuntu/pool/universe/d/docker.io-app/docker.io_29.1.3-0ubuntu3%7e24.04.2_amd64.deb	200	35558504	bd5c22d42d4ce3021958b7a8d627701597f61a1a9867ba83fe3c841f04991e3a	/home/aella/aws-discovery-jammy-noble-retry-20260831/upgrade-discovery/jammy-to-noble/runtime/deb-cache/18/aa/18aa0e88ef94b8ca621cb64d09db36df2b20cd3d71e42f23ee2371240a097009
jammy-to-noble	2026-08-31T12:41:56Z	GET	http://ap-northeast-2.ec2.archive.ubuntu.com/ubuntu/pool/main/libe/libeatmydata/libeatmydata1_131-1ubuntu1_amd64.deb	http://ap-northeast-2.ec2.archive.ubuntu.com/ubuntu/pool/main/libe/libeatmydata/libeatmydata1_131-1ubuntu1_amd64.deb	200	7438	004e7374215af769f399cca6e4a0a45774b74f6dfe4f62e6e87411fe297843b1	/home/aella/aws-discovery-jammy-noble-retry-20260831/upgrade-discovery/jammy-to-noble/runtime/deb-cache/f6/f2/f6f212dbe4a41b4bf120683a90a20c046f7e6e4998f4108f3da5a9bfd2e905f7
jammy-to-noble	2026-08-31T12:41:56Z	GET	http://ap-northeast-2.ec2.archive.ubuntu.com/ubuntu/pool/main/libe/libeatmydata/eatmydata_131-1ubuntu1_all.deb	http://ap-northeast-2.ec2.archive.ubuntu.com/ubuntu/pool/main/libe/libeatmydata/eatmydata_131-1ubuntu1_all.deb	200	5584	2ec86ae2793776ab6960f9d73c7ad187040a0262e23409dc6a866153b7d38a3f	/home/aella/aws-discovery-jammy-noble-retry-20260831/upgrade-discovery/jammy-to-noble/runtime/deb-cache/5d/9a/5d9a66a2e9ba37009d6a2a3e5399f5944b0a261a5f9fd7ba7d6c5bb3a43f057e
jammy-to-noble	2026-08-31T12:41:56Z	GET	http://ap-northeast-2.ec2.archive.ubuntu.com/ubuntu/pool/main/e/ebtables/ebtables_2.0.11-6build1_amd64.deb	http://ap-northeast-2.ec2.archive.ubuntu.com/ubuntu/pool/main/e/ebtables/ebtables_2.0.11-6build1_amd64.deb	200	88430	f50159e0170c0960d912daddf0926e935b1ff9c1f04b32ebd304f5d37d869f3d	/home/aella/aws-discovery-jammy-noble-retry-20260831/upgrade-discovery/jammy-to-noble/runtime/deb-cache/a6/31/a631b14aba0c821229bef0cdc64031110a42f16a4ddbc9ecdd088cbcb580edea
jammy-to-noble	2026-08-31T12:41:56Z	GET	http://ap-northeast-2.ec2.archive.ubuntu.com/ubuntu/pool/main/f/fakeroot/libfakeroot_1.33-1_amd64.deb	http://ap-northeast-2.ec2.archive.ubuntu.com/ubuntu/pool/main/f/fakeroot/libfakeroot_1.33-1_amd64.deb	200	32374	a78087f50586595375f850b4445261f7a47a83005b05ce521331929fab49df4b	/home/aella/aws-discovery-jammy-noble-retry-20260831/upgrade-discovery/jammy-to-noble/runtime/deb-cache/08/77/0877d1d2a1642c616995fe9429e4bd54b811fa9a889aa0c28ae291e5c760efa4
jammy-to-noble	2026-08-31T12:41:56Z	GET	http://ap-northeast-2.ec2.archive.ubuntu.com/ubuntu/pool/main/f/fakeroot/fakeroot_1.33-1_amd64.deb	http://ap-northeast-2.ec2.archive.ubuntu.com/ubuntu/pool/main/f/fakeroot/fakeroot_1.33-1_amd64.deb	200	67216	d58b7fc73f0b7ae8b9441b0aa41e44ead0d7e4deedf5aaf5696db182eac71031	/home/aella/aws-discovery-jammy-noble-retry-20260831/upgrade-discovery/jammy-to-noble/runtime/deb-cache/07/e2/07e235516dcdcea1064ff10fa1350d6e55b5d131cb87172158174502a11a7038
jammy-to-noble	2026-08-31T12:41:56Z	GET	http://ap-northeast-2.ec2.archive.ubuntu.com/ubuntu/pool/main/u/util-linux/fdisk_2.39.3-9ubuntu6.5_amd64.deb	http://ap-northeast-2.ec2.archive.ubuntu.com/ubuntu/pool/main/u/util-linux/fdisk_2.39.3-9ubuntu6.5_amd64.deb	200	121544	9c59ae2c2626cbd1d07a3aa6b244e34274fae937df64b07bdfe998f71ccde05c	/home/aella/aws-discovery-jammy-noble-retry-20260831/upgrade-discovery/jammy-to-noble/runtime/deb-cache/ac/48/ac488e8344955bdda54ab073673a84e59fb6a3322faf43c4df548c5b805bf74a
jammy-to-noble	2026-08-31T12:41:57Z	GET	http://ap-northeast-2.ec2.archive.ubuntu.com/ubuntu/pool/main/f/fonts-ubuntu/fonts-ubuntu-console_0.869%2bgit20240321-0ubuntu1_all.deb	http://ap-northeast-2.ec2.archive.ubuntu.com/ubuntu/pool/main/f/fonts-ubuntu/fonts-ubuntu-console_0.869%2bgit20240321-0ubuntu1_all.deb	200	18706	56fc22a81a4f2c3edd29fd16d41932d3de82645208a61a54c8f99b6221365ae4	/home/aella/aws-discovery-jammy-noble-retry-20260831/upgrade-discovery/jammy-to-noble/runtime/deb-cache/6b/8c/6b8c2b063bd38ac8c07f743609f05f7b663b3dc54b95dd0d0ce6374390cf2724
jammy-to-noble	2026-08-31T12:41:57Z	GET	http://ap-northeast-2.ec2.archive.ubuntu.com/ubuntu/pool/main/f/fwupd-signed/fwupd-signed_1.52%2b1.4-1_amd64.deb	http://ap-northeast-2.ec2.archive.ubuntu.com/ubuntu/pool/main/f/fwupd-signed/fwupd-signed_1.52%2b1.4-1_amd64.deb	200	29800	2f9bb0080bf39747c895e26631176734f0137ed0d696653b40169e5f9be7aa1d	/home/aella/aws-discovery-jammy-noble-retry-20260831/upgrade-discovery/jammy-to-noble/runtime/deb-cache/23/0a/230a40d168df37364a5a592319daeae5ea65ac27f69d0ceb4220ec211588b278
jammy-to-noble	2026-08-31T12:41:57Z	GET	http://ap-northeast-2.ec2.archive.ubuntu.com/ubuntu/pool/universe/g/gcc-10/gcc-10-base_10.5.0-4ubuntu2.1_amd64.deb	http://ap-northeast-2.ec2.archive.ubuntu.com/ubuntu/pool/universe/g/gcc-10/gcc-10-base_10.5.0-4ubuntu2.1_amd64.deb	200	40282	4179f7495e37e3f277b08f10d56a11773aa7b217d626a01ec11ebca8c1f8767a	/home/aella/aws-discovery-jammy-noble-retry-20260831/upgrade-discovery/jammy-to-noble/runtime/deb-cache/25/f2/25f2845cb7d6a3bf20cf21bb3534c02d5c6c45575e26ba3e055220dfaabbba84
jammy-to-noble	2026-08-31T12:41:57Z	GET	http://ap-northeast-2.ec2.archive.ubuntu.com/ubuntu/pool/universe/g/gcc-12/gcc-12-base_12.4.0-2ubuntu1%7e24.04.1_amd64.deb	http://ap-northeast-2.ec2.archive.ubuntu.com/ubuntu/pool/universe/g/gcc-12/gcc-12-base_12.4.0-2ubuntu1%7e24.04.1_amd64.deb	200	46826	84af26ed9e48d463d22db0f1031228c4ceb845bc19eba53ec39ccaf5fc636ff0	/home/aella/aws-discovery-jammy-noble-retry-20260831/upgrade-discovery/jammy-to-noble/runtime/deb-cache/de/f9/def974b44dcfb659346222b574fdc858dc3a4cc7586e4fbfb2be19ad4928b98e
jammy-to-noble	2026-08-31T12:41:59Z	GET	http://ap-northeast-2.ec2.archive.ubuntu.com/ubuntu/pool/universe/g/geoip-database/geoip-database_20240403-1ubuntu1_all.deb	http://ap-northeast-2.ec2.archive.ubuntu.com/ubuntu/pool/universe/g/geoip-database/geoip-database_20240403-1ubuntu1_all.deb	200	3758602	34361fc885b1c8075d4ce69da5d4080773710249ee1280bfa5c35d118c9b7833	/home/aella/aws-discovery-jammy-noble-retry-20260831/upgrade-discovery/jammy-to-noble/runtime/deb-cache/c8/ff/c8ff559379843fb9e792f8c84b47696e5519d3c4aa97781c7d1f17426484233c
jammy-to-noble	2026-08-31T12:41:59Z	GET	http://ap-northeast-2.ec2.archive.ubuntu.com/ubuntu/pool/main/p/packagekit/gir1.2-packagekitglib-1.0_1.2.8-2ubuntu1.5_amd64.deb	http://ap-northeast-2.ec2.archive.ubuntu.com/ubuntu/pool/main/p/packagekit/gir1.2-packagekitglib-1.0_1.2.8-2ubuntu1.5_amd64.deb	200	25576	f499a8403c1c51f018346dc130144110a9943c9473e5ec596387180acd4347f2	/home/aella/aws-discovery-jammy-noble-retry-20260831/upgrade-discovery/jammy-to-noble/runtime/deb-cache/64/13/64135b6deb28a11ac6e0a5136fc94c6b7747be8345e2601f51afb8b200b5c66f
jammy-to-noble	2026-08-31T12:41:59Z	GET	http://ap-northeast-2.ec2.archive.ubuntu.com/ubuntu/pool/main/h/hibagent/hibagent_1.0.1%2bgit20230216.9ac1209f7-0ubuntu3_all.deb	http://ap-northeast-2.ec2.archive.ubuntu.com/ubuntu/pool/main/h/hibagent/hibagent_1.0.1%2bgit20230216.9ac1209f7-0ubuntu3_all.deb	200	12056	42544edcd86e4236fddf5a097fa28753993b0166015c9041a542e43a4de620d2	/home/aella/aws-discovery-jammy-noble-retry-20260831/upgrade-discovery/jammy-to-noble/runtime/deb-cache/a7/d4/a7d448bd0dfb33bdbb6010ef365ca74d089aa217cff3ff9961c170e2eb8b1500
jammy-to-noble	2026-08-31T12:41:59Z	GET	http://ap-northeast-2.ec2.archive.ubuntu.com/ubuntu/pool/main/h/htop/htop_3.3.0-4build1_amd64.deb	http://ap-northeast-2.ec2.archive.ubuntu.com/ubuntu/pool/main/h/htop/htop_3.3.0-4build1_amd64.deb	200	170528	ee0e9cffc789788164214bac9b6e285a5127c07be1815129875c6c538ba849c6	/home/aella/aws-discovery-jammy-noble-retry-20260831/upgrade-discovery/jammy-to-noble/runtime/deb-cache/95/28/95284de148654d2820b6ce03eb6be8dd893a488a06f9542ff011fe5e4c436d39
jammy-to-noble	2026-08-31T12:42:00Z	GET	http://ap-northeast-2.ec2.archive.ubuntu.com/ubuntu/pool/main/h/hwdata/hwdata_0.379-1_all.deb	http://ap-northeast-2.ec2.archive.ubuntu.com/ubuntu/pool/main/h/hwdata/hwdata_0.379-1_all.deb	200	29110	ff3b05dc5ca0d10b50683838e1fc6d355867b76664eb2890c6ee1a55522b06c9	/home/aella/aws-discovery-jammy-noble-retry-20260831/upgrade-discovery/jammy-to-noble/runtime/deb-cache/1b/d9/1bd9db5bea1dc3577fcd9472865f1c66d50c11984e801a6694ffa6712407cf3b
jammy-to-noble	2026-08-31T12:42:01Z	GET	http://ap-northeast-2.ec2.archive.ubuntu.com/ubuntu/pool/universe/i/isc-dhcp/isc-dhcp-client_4.4.3-P1-4ubuntu2_amd64.deb	http://ap-northeast-2.ec2.archive.ubuntu.com/ubuntu/pool/universe/i/isc-dhcp/isc-dhcp-client_4.4.3-P1-4ubuntu2_amd64.deb	200	329090	25d570da506bde02231d6df8b17bd34c26a07dfbda0f21d53fe820d5a0c27a5e	/home/aella/aws-discovery-jammy-noble-retry-20260831/upgrade-discovery/jammy-to-noble/runtime/deb-cache/c0/b8/c0b88328781c700f6cce85cf4450024627953f446a9d2293329ce00f706d422e
jammy-to-noble	2026-08-31T12:42:01Z	GET	http://ap-northeast-2.ec2.archive.ubuntu.com/ubuntu/pool/universe/i/isc-dhcp/isc-dhcp-common_4.4.3-P1-4ubuntu2_amd64.deb	http://ap-northeast-2.ec2.archive.ubuntu.com/ubuntu/pool/universe/i/isc-dhcp/isc-dhcp-common_4.4.3-P1-4ubuntu2_amd64.deb	200	45800	e3cb9d736e4090a3a2e965e91407656cc603af44601a3b4257b1c97e1d3c248e	/home/aella/aws-discovery-jammy-noble-retry-20260831/upgrade-discovery/jammy-to-noble/runtime/deb-cache/db/1a/db1a9d749962367582a38cdbb778ab3be757f99eece3294b5cb44f612a24c0aa
jammy-to-noble	2026-08-31T12:42:02Z	GET	http://ap-northeast-2.ec2.archive.ubuntu.com/ubuntu/pool/main/i/iucode-tool/iucode-tool_2.3.1-3build1_amd64.deb	http://ap-northeast-2.ec2.archive.ubuntu.com/ubuntu/pool/main/i/iucode-tool/iucode-tool_2.3.1-3build1_amd64.deb	200	43850	d98748475409b4eaaab8477286a5cfe3da95f334b14b3c2a2e06f802560e211a	/home/aella/aws-discovery-jammy-noble-retry-20260831/upgrade-discovery/jammy-to-noble/runtime/deb-cache/5a/76/5a764e708cfc296622655ea6b58e206bd5f8b5a39c6c9b75af32a4b5f08363a6
jammy-to-noble	2026-08-31T12:42:02Z	GET	http://ap-northeast-2.ec2.archive.ubuntu.com/ubuntu/pool/main/libo/libonig/libonig5_6.9.9-1build1_amd64.deb	http://ap-northeast-2.ec2.archive.ubuntu.com/ubuntu/pool/main/libo/libonig/libonig5_6.9.9-1build1_amd64.deb	200	172336	605f42287d2bcb6c84f5a02377c7cd777090c5e857259a4030a571989f19dde2	/home/aella/aws-discovery-jammy-noble-retry-20260831/upgrade-discovery/jammy-to-noble/runtime/deb-cache/d9/4e/d94e1335d02e6ee8b2cbd463e0fb8f58f26da6acd78d87db1b682e06235aa673
jammy-to-noble	2026-08-31T12:42:02Z	GET	http://ap-northeast-2.ec2.archive.ubuntu.com/ubuntu/pool/main/j/jq/jq_1.7.1-3ubuntu0.24.04.2_amd64.deb	http://ap-northeast-2.ec2.archive.ubuntu.com/ubuntu/pool/main/j/jq/jq_1.7.1-3ubuntu0.24.04.2_amd64.deb	200	65694	f59183392f84fe67b407b494d8ba6185e9b0e4a106ffcb369490bd20a83fd40e	/home/aella/aws-discovery-jammy-noble-retry-20260831/upgrade-discovery/jammy-to-noble/runtime/deb-cache/ae/0c/ae0c038df0530c9c677128eb177ae63582cb75ce3aa56c2d81342ae2c7466651
jammy-to-noble	2026-08-31T12:42:02Z	GET	http://ap-northeast-2.ec2.archive.ubuntu.com/ubuntu/pool/main/j/jq/libjq1_1.7.1-3ubuntu0.24.04.2_amd64.deb	http://ap-northeast-2.ec2.archive.ubuntu.com/ubuntu/pool/main/j/jq/libjq1_1.7.1-3ubuntu0.24.04.2_amd64.deb	200	141902	078fbf38b2e7c3f24cc5dc894d1bb03b617894b887a6e13d5943e13818e724f3	/home/aella/aws-discovery-jammy-noble-retry-20260831/upgrade-discovery/jammy-to-noble/runtime/deb-cache/b3/de/b3de5d14cf7fade989fa6e2e7646626df0eab536305698d0ee07ff2ac1a2f056
jammy-to-noble	2026-08-31T12:42:03Z	GET	http://ap-northeast-2.ec2.archive.ubuntu.com/ubuntu/pool/main/p/python-bcrypt/python3-bcrypt_3.2.2-1build1_amd64.deb	http://ap-northeast-2.ec2.archive.ubuntu.com/ubuntu/pool/main/p/python-bcrypt/python3-bcrypt_3.2.2-1build1_amd64.deb	200	33022	b71bc6351c8d7647df1ed7150271183e6f35cff55844815bbd0f5fe95917b4f4	/home/aella/aws-discovery-jammy-noble-retry-20260831/upgrade-discovery/jammy-to-noble/runtime/deb-cache/fe/d7/fed718aea22b1da20210bab08eddbea1c6592ac141a547a4bd585de9273af04c
jammy-to-noble	2026-08-31T12:42:03Z	GET	http://ap-northeast-2.ec2.archive.ubuntu.com/ubuntu/pool/main/p/pyhamcrest/python3-hamcrest_2.1.0-1_all.deb	http://ap-northeast-2.ec2.archive.ubuntu.com/ubuntu/pool/main/p/pyhamcrest/python3-hamcrest_2.1.0-1_all.deb	200	28098	2c6cca063e8efe8666bc4b7aeebf3f8b2aa09c935fe8eabc8a00b7f2d5d106fc	/home/aella/aws-discovery-jammy-noble-retry-20260831/upgrade-discovery/jammy-to-noble/runtime/deb-cache/6e/16/6e16c3d61c1c786b0a97ad7c948cc1fe8d60949f357dcba3ffe6edd6cd6632bd
jammy-to-noble	2026-08-31T12:42:03Z	GET	http://ap-northeast-2.ec2.archive.ubuntu.com/ubuntu/pool/main/p/pyopenssl/python3-openssl_23.2.0-1ubuntu0.1_all.deb	http://ap-northeast-2.ec2.archive.ubuntu.com/ubuntu/pool/main/p/pyopenssl/python3-openssl_23.2.0-1ubuntu0.1_all.deb	200	48120	17ca62abb695637116b501875c4d7ef3a6a964113663797357a57df90be043eb	/home/aella/aws-discovery-jammy-noble-retry-20260831/upgrade-discovery/jammy-to-noble/runtime/deb-cache/b1/bf/b1bf11136290f25c51e06db79a5c4af9afd652dc43592aed0fc74d36eddbfcf8
jammy-to-noble	2026-08-31T12:42:03Z	GET	http://ap-northeast-2.ec2.archive.ubuntu.com/ubuntu/pool/main/p/python-attrs/python3-attr_23.2.0-2_all.deb	http://ap-northeast-2.ec2.archive.ubuntu.com/ubuntu/pool/main/p/python-attrs/python3-attr_23.2.0-2_all.deb	200	48568	219601ac95dbb78c22e5347704a272dfeee7e2ce38b31f521f50c74647c28bc9	/home/aella/aws-discovery-jammy-noble-retry-20260831/upgrade-discovery/jammy-to-noble/runtime/deb-cache/d5/42/d542f12093e539edb6387e281c6e0f1a0184afd9c76dfa1a2378becc8c222c4a
jammy-to-noble	2026-08-31T12:42:03Z	GET	http://ap-northeast-2.ec2.archive.ubuntu.com/ubuntu/pool/main/p/pyasn1/python3-pyasn1_0.4.8-4ubuntu0.2_all.deb	http://ap-northeast-2.ec2.archive.ubuntu.com/ubuntu/pool/main/p/pyasn1/python3-pyasn1_0.4.8-4ubuntu0.2_all.deb	200	51756	632f045b002f553e301f4cb1c0b1691eed76c49dbca1b05d1e9032559235e8e6	/home/aella/aws-discovery-jammy-noble-retry-20260831/upgrade-discovery/jammy-to-noble/runtime/deb-cache/3a/95/3a952bcd681824b831d40c77bf49fe199ca066c6c9b8943827e8e3f7bf00f53b
jammy-to-noble	2026-08-31T12:42:03Z	GET	http://ap-northeast-2.ec2.archive.ubuntu.com/ubuntu/pool/main/p/python-pyasn1-modules/python3-pyasn1-modules_0.2.8-1_all.deb	http://ap-northeast-2.ec2.archive.ubuntu.com/ubuntu/pool/main/p/python-pyasn1-modules/python3-pyasn1-modules_0.2.8-1_all.deb	200	67976	595f9684f9a8dc4dbbba560d868208e43112fb51d3bccf458f1752edb3a6cf54	/home/aella/aws-discovery-jammy-noble-retry-20260831/upgrade-discovery/jammy-to-noble/runtime/deb-cache/04/3d/043daab3540feeaca237a060cfcdbb4920089fbd3deb91753a5b8e23c84e3b32
jammy-to-noble	2026-08-31T12:42:03Z	GET	http://ap-northeast-2.ec2.archive.ubuntu.com/ubuntu/pool/main/p/python-service-identity/python3-service-identity_24.1.0-1_all.deb	http://ap-northeast-2.ec2.archive.ubuntu.com/ubuntu/pool/main/p/python-service-identity/python3-service-identity_24.1.0-1_all.deb	200	11250	8da1d388dfe1ad10ecde1d9321acba4455b6b3eed89c613ea349639b1023d2d1	/home/aella/aws-discovery-jammy-noble-retry-20260831/upgrade-discovery/jammy-to-noble/runtime/deb-cache/ef/04/ef04997f002f4b211273ea11c3c436ab56062bfc1c8a595e76ddc3f6909584ff
jammy-to-noble	2026-08-31T12:42:04Z	GET	http://ap-northeast-2.ec2.archive.ubuntu.com/ubuntu/pool/main/a/automat/python3-automat_22.10.0-2_all.deb	http://ap-northeast-2.ec2.archive.ubuntu.com/ubuntu/pool/main/a/automat/python3-automat_22.10.0-2_all.deb	200	27480	6e32ff796c67adf1aa8ec41adebc897b9e6f8e4091c8e190e04dd582f9885e9f	/home/aella/aws-discovery-jammy-noble-retry-20260831/upgrade-discovery/jammy-to-noble/runtime/deb-cache/d6/67/d6673e5b94e0c338e83b5b3a712c93014b1eca4d1c010279f964b856ee0b3478
jammy-to-noble	2026-08-31T12:42:04Z	GET	http://ap-northeast-2.ec2.archive.ubuntu.com/ubuntu/pool/main/c/constantly/python3-constantly_23.10.4-1_all.deb	http://ap-northeast-2.ec2.archive.ubuntu.com/ubuntu/pool/main/c/constantly/python3-constantly_23.10.4-1_all.deb	200	13742	eccf295d8913ceff6b0f10c048f8812b5cc0d0b8945d8d179e3bb0236ebd5ecd	/home/aella/aws-discovery-jammy-noble-retry-20260831/upgrade-discovery/jammy-to-noble/runtime/deb-cache/aa/8e/aa8e94f3e1cb8f9c6674b5c25190f5951c9a214a08f8194b7cbfa6cae310d515
jammy-to-noble	2026-08-31T12:42:04Z	GET	http://ap-northeast-2.ec2.archive.ubuntu.com/ubuntu/pool/main/h/hyperlink/python3-hyperlink_21.0.0-5_all.deb	http://ap-northeast-2.ec2.archive.ubuntu.com/ubuntu/pool/main/h/hyperlink/python3-hyperlink_21.0.0-5_all.deb	200	68050	6e6249fc8889829c1ec8d851594688ec92c46917474b699a29bcc0cce3eda2e4	/home/aella/aws-discovery-jammy-noble-retry-20260831/upgrade-discovery/jammy-to-noble/runtime/deb-cache/8e/92/8e928fb4e190826535c1aa5aba775321e815e2716441a598f36860647e0ba342
jammy-to-noble	2026-08-31T12:42:04Z	GET	http://ap-northeast-2.ec2.archive.ubuntu.com/ubuntu/pool/main/i/incremental/python3-incremental_22.10.0-1_all.deb	http://ap-northeast-2.ec2.archive.ubuntu.com/ubuntu/pool/main/i/incremental/python3-incremental_22.10.0-1_all.deb	200	17638	37c742cceb02111d72663465108b5eb8a89b00544d8fd5cd7355abd08fa2401a	/home/aella/aws-discovery-jammy-noble-retry-20260831/upgrade-discovery/jammy-to-noble/runtime/deb-cache/12/3b/123beb1332026f2ba22791e818c1029504cf3a8cbcbcde8c47892491ddbc5631
jammy-to-noble	2026-08-31T12:42:04Z	GET	http://ap-northeast-2.ec2.archive.ubuntu.com/ubuntu/pool/main/t/twisted/python3-twisted_24.3.0-1ubuntu0.2_all.deb	http://ap-northeast-2.ec2.archive.ubuntu.com/ubuntu/pool/main/t/twisted/python3-twisted_24.3.0-1ubuntu0.2_all.deb	200	2060572	a3f7e3ee5613aeccadc0665195bccf13ac5e59f23df55d53f6aed23ac583aec3	/home/aella/aws-discovery-jammy-noble-retry-20260831/upgrade-discovery/jammy-to-noble/runtime/deb-cache/fc/fc/fcfc1d298486fe0e0eb46a62998e0009789c713c4bfe0c5a37171d27c2bf1d2d
jammy-to-noble	2026-08-31T12:42:04Z	GET	http://ap-northeast-2.ec2.archive.ubuntu.com/ubuntu/pool/main/c/configobj/python3-configobj_5.0.8-3_all.deb	http://ap-northeast-2.ec2.archive.ubuntu.com/ubuntu/pool/main/c/configobj/python3-configobj_5.0.8-3_all.deb	200	33844	6495d7f7441b9fbcaf5f81889a1b882e5860a9573ea86cc0dbf17d1c5d5c67b0	/home/aella/aws-discovery-jammy-noble-retry-20260831/upgrade-discovery/jammy-to-noble/runtime/deb-cache/df/3b/df3bc6f8dd3a1cbf967430116b439563f442e7e699d4a8bea1938cd4884d6714
jammy-to-noble	2026-08-31T12:42:04Z	GET	http://ap-northeast-2.ec2.archive.ubuntu.com/ubuntu/pool/main/l/landscape-client/landscape-common_24.02-0ubuntu5.7_amd64.deb	http://ap-northeast-2.ec2.archive.ubuntu.com/ubuntu/pool/main/l/landscape-client/landscape-common_24.02-0ubuntu5.7_amd64.deb	200	93794	478ba7823bede1cf23c3eef8b04d28b421388ebc9e85747e363e33a40edba6fc	/home/aella/aws-discovery-jammy-noble-retry-20260831/upgrade-discovery/jammy-to-noble/runtime/deb-cache/dc/f0/dcf0b31362bff46b550b59980ccf99fa7338b2ad6a2bfc65973b1b64de8d410e
jammy-to-noble	2026-08-31T12:42:04Z	GET	http://ap-northeast-2.ec2.archive.ubuntu.com/ubuntu/pool/main/liba/libalgorithm-merge-perl/libalgorithm-merge-perl_0.08-5_all.deb	http://ap-northeast-2.ec2.archive.ubuntu.com/ubuntu/pool/main/liba/libalgorithm-merge-perl/libalgorithm-merge-perl_0.08-5_all.deb	200	11382	0ede1dbc3f899353bea903e071dbc86eb94bf90bc0d4fd626dbe6adb12b5db33	/home/aella/aws-discovery-jammy-noble-retry-20260831/upgrade-discovery/jammy-to-noble/runtime/deb-cache/c2/c7/c2c77bb7838605d1bfbfbc463bde8e81c80a6dac73ca99875e6d3d3ec472cf0c
jammy-to-noble	2026-08-31T12:42:04Z	GET	http://ap-northeast-2.ec2.archive.ubuntu.com/ubuntu/pool/main/libt/libtool/libltdl7_2.4.7-7build1_amd64.deb	http://ap-northeast-2.ec2.archive.ubuntu.com/ubuntu/pool/main/libt/libtool/libltdl7_2.4.7-7build1_amd64.deb	200	40258	02d0d2d7e1bf73f838a92f8df7a9b07b698c837e82bd89aee6a581cf793cd966	/home/aella/aws-discovery-jammy-noble-retry-20260831/upgrade-discovery/jammy-to-noble/runtime/deb-cache/a8/9d/a89dec136a3d53d16cc4d5ec2e473d997f6a69bf7165eb1056fb7a550d7c6ee9
jammy-to-noble	2026-08-31T12:42:04Z	GET	http://ap-northeast-2.ec2.archive.ubuntu.com/ubuntu/pool/main/t/tdb/libtdb1_1.4.10-1build1_amd64.deb	http://ap-northeast-2.ec2.archive.ubuntu.com/ubuntu/pool/main/t/tdb/libtdb1_1.4.10-1build1_amd64.deb	200	46772	5b647b74d61b8bfe32f7bc03ffd22bac146a557df0724bd8e361b09f55237860	/home/aella/aws-discovery-jammy-noble-retry-20260831/upgrade-discovery/jammy-to-noble/runtime/deb-cache/2d/d2/2dd24c66dda613ee617c4835540242891121cea90bcd1f9dc0d2a709d854e207
jammy-to-noble	2026-08-31T12:42:04Z	GET	http://ap-northeast-2.ec2.archive.ubuntu.com/ubuntu/pool/main/libo/libogg/libogg0_1.3.5-3build1_amd64.deb	http://ap-northeast-2.ec2.archive.ubuntu.com/ubuntu/pool/main/libo/libogg/libogg0_1.3.5-3build1_amd64.deb	200	22686	fbdb2fedbafb02c3f07f2c2ddeb4018b5e94e13462f93fbececdcefc06fe2ac1	/home/aella/aws-discovery-jammy-noble-retry-20260831/upgrade-discovery/jammy-to-noble/runtime/deb-cache/bc/c4/bcc438c6e8fdf01aae3d5d02a3cef2e90ff6da057c56f1c35b2dcbdceabe2cdd
jammy-to-noble	2026-08-31T12:42:04Z	GET	http://ap-northeast-2.ec2.archive.ubuntu.com/ubuntu/pool/main/libv/libvorbis/libvorbisfile3_1.3.7-1build3_amd64.deb	http://ap-northeast-2.ec2.archive.ubuntu.com/ubuntu/pool/main/libv/libvorbis/libvorbisfile3_1.3.7-1build3_amd64.deb	200	17092	fa12c52814bbfddff78186e7300b535bed30db02e4532fafae969aa9e5a79316	/home/aella/aws-discovery-jammy-noble-retry-20260831/upgrade-discovery/jammy-to-noble/runtime/deb-cache/e8/fe/e8feee0c90e70b38704136ee516338e96aa2748d0d76161452d8b6e65a913b21
jammy-to-noble	2026-08-31T12:42:04Z	GET	http://ap-northeast-2.ec2.archive.ubuntu.com/ubuntu/pool/main/libv/libvorbis/libvorbis0a_1.3.7-1build3_amd64.deb	http://ap-northeast-2.ec2.archive.ubuntu.com/ubuntu/pool/main/libv/libvorbis/libvorbis0a_1.3.7-1build3_amd64.deb	200	97554	d704ac0a5dd7a9797a2f2dc86fc8333c9973023b98b3510dcd2f1cc00da3624d	/home/aella/aws-discovery-jammy-noble-retry-20260831/upgrade-discovery/jammy-to-noble/runtime/deb-cache/a7/ca/a7caf1004e689778b6d6e87c947048ba996700d670884e82b3f28d8d74a8ffb2
jammy-to-noble	2026-08-31T12:42:05Z	GET	http://ap-northeast-2.ec2.archive.ubuntu.com/ubuntu/pool/main/libc/libcanberra/libcanberra0t64_0.30-10ubuntu10_amd64.deb	http://ap-northeast-2.ec2.archive.ubuntu.com/ubuntu/pool/main/libc/libcanberra/libcanberra0t64_0.30-10ubuntu10_amd64.deb	200	39418	a7d61d9dc9911fe5af1dfe4021b3796c1a055aade3d44c71a36aebf46c786691	/home/aella/aws-discovery-jammy-noble-retry-20260831/upgrade-discovery/jammy-to-noble/runtime/deb-cache/d0/3e/d03ec30ca6f708024795b09ea597fa26be43204172e8b55ac0e6642cfcabdd07
jammy-to-noble	2026-08-31T12:42:05Z	GET	http://ap-northeast-2.ec2.archive.ubuntu.com/ubuntu/pool/main/e/elfutils/libdebuginfod1t64_0.190-1.1ubuntu0.1_amd64.deb	http://ap-northeast-2.ec2.archive.ubuntu.com/ubuntu/pool/main/e/elfutils/libdebuginfod1t64_0.190-1.1ubuntu0.1_amd64.deb	200	17082	7ff18c57198200f4af7e50e0dce29366dc832c10d8c475ca7e0403083e042ea7	/home/aella/aws-discovery-jammy-noble-retry-20260831/upgrade-discovery/jammy-to-noble/runtime/deb-cache/40/c1/40c17be6469e55e5ca00f61008686eab32e2d8ff383766d0a5ad4c988e7da45a
jammy-to-noble	2026-08-31T12:42:05Z	GET	http://ap-northeast-2.ec2.archive.ubuntu.com/ubuntu/pool/main/libd/libdrm/libdrm-amdgpu1_2.4.125-1ubuntu0.1%7e24.04.2_amd64.deb	http://ap-northeast-2.ec2.archive.ubuntu.com/ubuntu/pool/main/libd/libdrm/libdrm-amdgpu1_2.4.125-1ubuntu0.1%7e24.04.2_amd64.deb	200	21374	aa29b7898bae596bf07e55ba178cf8d5ea698fe83688e1b34520d86010251a7a	/home/aella/aws-discovery-jammy-noble-retry-20260831/upgrade-discovery/jammy-to-noble/runtime/deb-cache/2c/24/2c24669f3addc0032c00b12fcbda9bb25a94a071f28f8a05d4d58e9e6d2e4062
jammy-to-noble	2026-08-31T12:42:05Z	GET	http://ap-northeast-2.ec2.archive.ubuntu.com/ubuntu/pool/universe/libd/libdumbnet/libdumbnet1_1.17.0-1ubuntu2_amd64.deb	http://ap-northeast-2.ec2.archive.ubuntu.com/ubuntu/pool/universe/libd/libdumbnet/libdumbnet1_1.17.0-1ubuntu2_amd64.deb	200	30702	a443a34832af3c9817566fb99d2a35465cfcafba233f923a60500037c37bd92a	/home/aella/aws-discovery-jammy-noble-retry-20260831/upgrade-discovery/jammy-to-noble/runtime/deb-cache/66/8f/668fcf3572016c093474da3d404cfbfe64536836954a6bad804e3afcf2804502
jammy-to-noble	2026-08-31T12:42:05Z	GET	http://ap-northeast-2.ec2.archive.ubuntu.com/ubuntu/pool/main/libe/libevent/libevent-2.1-7t64_2.1.12-stable-9ubuntu2_amd64.deb	http://ap-northeast-2.ec2.archive.ubuntu.com/ubuntu/pool/main/libe/libevent/libevent-2.1-7t64_2.1.12-stable-9ubuntu2_amd64.deb	200	144558	f95eddfc9e9028567a21b8162a1cb8aae96b2fb168f149c0a5b01d72bfd42471	/home/aella/aws-discovery-jammy-noble-retry-20260831/upgrade-discovery/jammy-to-noble/runtime/deb-cache/02/da/02da0f786c6a5a405e1257c7e79952c328c52e128af978798e788d2f16de4529
jammy-to-noble	2026-08-31T12:42:05Z	GET	http://ap-northeast-2.ec2.archive.ubuntu.com/ubuntu/pool/main/f/flex/libfl2_2.6.4-8.2build1_amd64.deb	http://ap-northeast-2.ec2.archive.ubuntu.com/ubuntu/pool/main/f/flex/libfl2_2.6.4-8.2build1_amd64.deb	200	9768	098db71e672ded6e8194eec7132a2ca31dee49022848c7b0f77ce912d99cb445	/home/aella/aws-discovery-jammy-noble-retry-20260831/upgrade-discovery/jammy-to-noble/runtime/deb-cache/35/ab/35ab1e7281d1e5a0fa3c4fb0464fb3b7c35b3817522e6f8e9926f9271bded655
jammy-to-noble	2026-08-31T12:42:05Z	GET	http://ap-northeast-2.ec2.archive.ubuntu.com/ubuntu/pool/main/libf/libftdi1/libftdi1-2_1.5-6build5_amd64.deb	http://ap-northeast-2.ec2.archive.ubuntu.com/ubuntu/pool/main/libf/libftdi1/libftdi1-2_1.5-6build5_amd64.deb	200	28440	e29ff4596879ee6e9a35151bde97e51d1da673a1323ac58358242836d42e1044	/home/aella/aws-discovery-jammy-noble-retry-20260831/upgrade-discovery/jammy-to-noble/runtime/deb-cache/61/90/61905dcfdfadf100b559a6a083783af7568087ad0a90e78795c8d16048639ba9
jammy-to-noble	2026-08-31T12:42:05Z	GET	http://ap-northeast-2.ec2.archive.ubuntu.com/ubuntu/pool/main/f/flashrom/libflashrom1_1.3.0-2.1ubuntu2_amd64.deb	http://ap-northeast-2.ec2.archive.ubuntu.com/ubuntu/pool/main/f/flashrom/libflashrom1_1.3.0-2.1ubuntu2_amd64.deb	200	209982	4ee151d3735dd490e5f70d967482036d5b439ffc2ea45e153ca91eaf46ab08f5	/home/aella/aws-discovery-jammy-noble-retry-20260831/upgrade-discovery/jammy-to-noble/runtime/deb-cache/0d/a8/0da82b466bc07fa2f2af74772dc06e80c2cb3a3cbb0eb6288f16551c8f5a6db9
jammy-to-noble	2026-08-31T12:42:05Z	GET	http://ap-northeast-2.ec2.archive.ubuntu.com/ubuntu/pool/main/g/gnutls28/libgnutls-openssl27t64_3.8.3-1.1ubuntu3.6_amd64.deb	http://ap-northeast-2.ec2.archive.ubuntu.com/ubuntu/pool/main/g/gnutls28/libgnutls-openssl27t64_3.8.3-1.1ubuntu3.6_amd64.deb	200	23752	fb5c82cc0d79ae47031aa0ebff855b5e9e5bbf0c454a03c27abbc068dd4d672e	/home/aella/aws-discovery-jammy-noble-retry-20260831/upgrade-discovery/jammy-to-noble/runtime/deb-cache/0a/9e/0a9ea8a25ae95cc433acf6351a9c288fff89fba9c137fcebaf5200911d299df9
jammy-to-noble	2026-08-31T12:42:05Z	GET	http://ap-northeast-2.ec2.archive.ubuntu.com/ubuntu/pool/universe/h/heimdal/libheimbase1t64-heimdal_7.8.git20221117.28daf24%2bdfsg-5ubuntu3_amd64.deb	http://ap-northeast-2.ec2.archive.ubuntu.com/ubuntu/pool/universe/h/heimdal/libheimbase1t64-heimdal_7.8.git20221117.28daf24%2bdfsg-5ubuntu3_amd64.deb	200	32964	09dca3615b9dc7d51b16ee192d1d9e6b079a60ed432f7a80bd0c6d223f84831c	/home/aella/aws-discovery-jammy-noble-retry-20260831/upgrade-discovery/jammy-to-noble/runtime/deb-cache/d8/bd/d8bd741b2e14de3e9bc5e63915639b61496749640cd5e81f5c8c397c5ea47e4a
jammy-to-noble	2026-08-31T12:42:06Z	GET	http://ap-northeast-2.ec2.archive.ubuntu.com/ubuntu/pool/main/libi/libinih/libinih1_55-1ubuntu2_amd64.deb	http://ap-northeast-2.ec2.archive.ubuntu.com/ubuntu/pool/main/libi/libinih/libinih1_55-1ubuntu2_amd64.deb	200	7062	7afede2f1279e0c22ffec5d682de3a1f72bc3bea337a1bb94fe7006a840d1a9f	/home/aella/aws-discovery-jammy-noble-retry-20260831/upgrade-discovery/jammy-to-noble/runtime/deb-cache/d7/06/d70639c23869d727e4ca0538462de64362a3b7f51f7e76e93040c9392903e47a
jammy-to-noble	2026-08-31T12:42:06Z	GET	http://ap-northeast-2.ec2.archive.ubuntu.com/ubuntu/pool/universe/h/highlight.js/libjs-highlight.js_9.18.5%2bdfsg1-2_all.deb	http://ap-northeast-2.ec2.archive.ubuntu.com/ubuntu/pool/universe/h/highlight.js/libjs-highlight.js_9.18.5%2bdfsg1-2_all.deb	200	385312	a76484a96f0f72b21360137e03106fd8d5ea8793441681b51ea9c386ce92e409	/home/aella/aws-discovery-jammy-noble-retry-20260831/upgrade-discovery/jammy-to-noble/runtime/deb-cache/0e/bb/0ebba62da97522fb8c479972c2a3950a4b50dde2c3f7ef23d3ea1604f3351d76
jammy-to-noble	2026-08-31T12:42:06Z	GET	http://ap-northeast-2.ec2.archive.ubuntu.com/ubuntu/pool/main/n/node-jquery/libjs-jquery_3.6.1%2bdfsg%2b%7e3.5.14-1_all.deb	http://ap-northeast-2.ec2.archive.ubuntu.com/ubuntu/pool/main/n/node-jquery/libjs-jquery_3.6.1%2bdfsg%2b%7e3.5.14-1_all.deb	200	327720	8cd2eccd9c73c78c8dfdc5394861c63645f7e114553f29b4d9f15628625d191d	/home/aella/aws-discovery-jammy-noble-retry-20260831/upgrade-discovery/jammy-to-noble/runtime/deb-cache/e5/56/e556d170118ef266b24b57c6879db90476288148fd838fc0479647f553eb28ae
jammy-to-noble	2026-08-31T12:42:06Z	GET	http://ap-northeast-2.ec2.archive.ubuntu.com/ubuntu/pool/main/u/underscore/libjs-underscore_1.13.4%7edfsg%2b%7e1.11.4-3_all.deb	http://ap-northeast-2.ec2.archive.ubuntu.com/ubuntu/pool/main/u/underscore/libjs-underscore_1.13.4%7edfsg%2b%7e1.11.4-3_all.deb	200	117876	d5257b7b4aacb4ebfbe6deda3d672090b85674db457377084e47f12dcc63992b	/home/aella/aws-discovery-jammy-noble-retry-20260831/upgrade-discovery/jammy-to-noble/runtime/deb-cache/64/63/6463f5973b1fc2497d92e11dfb6b5c257c0209bfb501cf326ea9ffb23f35b541
jammy-to-noble	2026-08-31T12:42:06Z	GET	http://ap-northeast-2.ec2.archive.ubuntu.com/ubuntu/pool/main/s/sphinx/libjs-sphinxdoc_7.2.6-6_all.deb	http://ap-northeast-2.ec2.archive.ubuntu.com/ubuntu/pool/main/s/sphinx/libjs-sphinxdoc_7.2.6-6_all.deb	200	149488	3221a4bbc32830cef39def2e20fce04c0af523463444f0bcf27ded153f7c4055	/home/aella/aws-discovery-jammy-noble-retry-20260831/upgrade-discovery/jammy-to-noble/runtime/deb-cache/59/d2/59d2c729c1bd88e2af8c751aa3f0a01c43fe0f4ca0fe4cd2c089a0727fd8a0ef
jammy-to-noble	2026-08-31T12:42:06Z	GET	http://ap-northeast-2.ec2.archive.ubuntu.com/ubuntu/pool/main/o/openldap/libldap-common_2.6.10%2bdfsg-0ubuntu0.24.04.1_all.deb	http://ap-northeast-2.ec2.archive.ubuntu.com/ubuntu/pool/main/o/openldap/libldap-common_2.6.10%2bdfsg-0ubuntu0.24.04.1_all.deb	200	32942	d509c254b8fea34f1e8186f6fccef1a499798931c471108c63529bcca9e40516	/home/aella/aws-discovery-jammy-noble-retry-20260831/upgrade-discovery/jammy-to-noble/runtime/deb-cache/ab/50/ab50a10d4ba62cee9f8a9f9c3e4a3679f898c3d4966c4c491b6eefd59c121e8b
jammy-to-noble	2026-08-31T12:42:06Z	GET	http://ap-northeast-2.ec2.archive.ubuntu.com/ubuntu/pool/main/l/llvm-toolchain-19/libllvm19_19.1.1-1ubuntu1%7e24.04.2_amd64.deb	http://ap-northeast-2.ec2.archive.ubuntu.com/ubuntu/pool/main/l/llvm-toolchain-19/libllvm19_19.1.1-1ubuntu1%7e24.04.2_amd64.deb	200	28737618	a62f1074eb7aecf10e00fed9c7c967dc6c801fae444a40b8007e246320f5ee15	/home/aella/aws-discovery-jammy-noble-retry-20260831/upgrade-discovery/jammy-to-noble/runtime/deb-cache/79/19/7919f66d0778bd53d6bb3d2310e4c5119746518a44665f2cde82b37ce394f14b
jammy-to-noble	2026-08-31T12:42:06Z	GET	http://ap-northeast-2.ec2.archive.ubuntu.com/ubuntu/pool/main/libm/libmbim/libmbim-utils_1.31.2-0ubuntu3.1_amd64.deb	http://ap-northeast-2.ec2.archive.ubuntu.com/ubuntu/pool/main/libm/libmbim/libmbim-utils_1.31.2-0ubuntu3.1_amd64.deb	200	71560	a2d34cce4e8ce77d2e27d0fa47430798b346555c0065482612c8a73b29fe56af	/home/aella/aws-discovery-jammy-noble-retry-20260831/upgrade-discovery/jammy-to-noble/runtime/deb-cache/5d/20/5d20f61ada9eaf2466c9eb092a62971678f508cd042cbb28d32165dd20c8ce84
jammy-to-noble	2026-08-31T12:42:07Z	GET	http://ap-northeast-2.ec2.archive.ubuntu.com/ubuntu/pool/main/libm/libmodule-find-perl/libmodule-find-perl_0.16-2_all.deb	http://ap-northeast-2.ec2.archive.ubuntu.com/ubuntu/pool/main/libm/libmodule-find-perl/libmodule-find-perl_0.16-2_all.deb	200	10656	ee3994b90e047f4e003a67ca30df7b5d989e4e3f57713c485093ae798506f5da	/home/aella/aws-discovery-jammy-noble-retry-20260831/upgrade-discovery/jammy-to-noble/runtime/deb-cache/e4/ac/e4ac1c61358f2938451587a1a16b62b5cabf64f92e3c7752ec93225fb11fa463
jammy-to-noble	2026-08-31T12:42:07Z	GET	http://ap-northeast-2.ec2.archive.ubuntu.com/ubuntu/pool/main/libm/libmodule-scandeps-perl/libmodule-scandeps-perl_1.35-1ubuntu0.24.04.1_all.deb	http://ap-northeast-2.ec2.archive.ubuntu.com/ubuntu/pool/main/libm/libmodule-scandeps-perl/libmodule-scandeps-perl_1.35-1ubuntu0.24.04.1_all.deb	200	29998	5f8cd74bdab977385652a8106d8f5727dba52dd561b1cd6b5fd9a7fef317e01c	/home/aella/aws-discovery-jammy-noble-retry-20260831/upgrade-discovery/jammy-to-noble/runtime/deb-cache/ad/bc/adbc4dd33033afa594f7ab6159389c4d9ed531a9a4974d774d8a46dfe7b4e707
jammy-to-noble	2026-08-31T12:42:07Z	GET	http://ap-northeast-2.ec2.archive.ubuntu.com/ubuntu/pool/universe/a/autogen/libopts25_5.18.16-5build1_amd64.deb	http://ap-northeast-2.ec2.archive.ubuntu.com/ubuntu/pool/universe/a/autogen/libopts25_5.18.16-5build1_amd64.deb	200	64980	e7348119f5b1a24e9ce5c46f4f1775a7d774265bae6c54e1c4b7dd23b19bdb3a	/home/aella/aws-discovery-jammy-noble-retry-20260831/upgrade-discovery/jammy-to-noble/runtime/deb-cache/56/a5/56a59f8856632fcfd51ea00417095c37aa46fd4d989d7ffae71582551a55f2a4
jammy-to-noble	2026-08-31T12:42:07Z	GET	http://ap-northeast-2.ec2.archive.ubuntu.com/ubuntu/pool/main/p/protobuf-c/libprotobuf-c1_1.4.1-1ubuntu4_amd64.deb	http://ap-northeast-2.ec2.archive.ubuntu.com/ubuntu/pool/main/p/protobuf-c/libprotobuf-c1_1.4.1-1ubuntu4_amd64.deb	200	20790	577b713651a61e82226e46c9c9e3c23cd16df9ee3c2b27b22b49c5abb2ef8f61	/home/aella/aws-discovery-jammy-noble-retry-20260831/upgrade-discovery/jammy-to-noble/runtime/deb-cache/8a/e9/8ae99862ca6c8de7634bc3b5ff62b45cc6a651a95199a748c03e9f899f44e6f9
jammy-to-noble	2026-08-31T12:42:08Z	GET	http://ap-northeast-2.ec2.archive.ubuntu.com/ubuntu/pool/main/libq/libqmi/libqmi-utils_1.35.2-0ubuntu2_amd64.deb	http://ap-northeast-2.ec2.archive.ubuntu.com/ubuntu/pool/main/libq/libqmi/libqmi-utils_1.35.2-0ubuntu2_amd64.deb	200	200612	b1488e00d0f0ba75cfb4970f471b3400b25c28df40c0358cfe551208c66ff3f0	/home/aella/aws-discovery-jammy-noble-retry-20260831/upgrade-discovery/jammy-to-noble/runtime/deb-cache/0f/6a/0f6a95ab3f99ba42fd2ff721d672f640475be00ab63bfbfc8dbc822528880ebe
jammy-to-noble	2026-08-31T12:42:08Z	GET	http://ap-northeast-2.ec2.archive.ubuntu.com/ubuntu/pool/main/c/cyrus-sasl2/libsasl2-modules_2.1.28%2bdfsg1-5ubuntu3.1_amd64.deb	http://ap-northeast-2.ec2.archive.ubuntu.com/ubuntu/pool/main/c/cyrus-sasl2/libsasl2-modules_2.1.28%2bdfsg1-5ubuntu3.1_amd64.deb	200	69916	a05457e0cc509235bcca25ab857ceb29465bfa23c559036f15b3ce557c8a5153	/home/aella/aws-discovery-jammy-noble-retry-20260831/upgrade-discovery/jammy-to-noble/runtime/deb-cache/a9/44/a944997e9e147c9df5d2e514eaeb70ca6e0341a69c35d49fd9645b9ac1ceca76
jammy-to-noble	2026-08-31T12:42:08Z	GET	http://ap-northeast-2.ec2.archive.ubuntu.com/ubuntu/pool/main/libs/libsigsegv/libsigsegv2_2.14-1ubuntu2_amd64.deb	http://ap-northeast-2.ec2.archive.ubuntu.com/ubuntu/pool/main/libs/libsigsegv/libsigsegv2_2.14-1ubuntu2_amd64.deb	200	15042	889f338bea4ebfd999939d946da4ac0a45668264a5aae78e023feeb0529505b8	/home/aella/aws-discovery-jammy-noble-retry-20260831/upgrade-discovery/jammy-to-noble/runtime/deb-cache/4a/ec/4aeccd041921ec1a498a7474186e9b395b495cba08e7c74c7634a532a39e9b20
jammy-to-noble	2026-08-31T12:42:09Z	GET	http://ap-northeast-2.ec2.archive.ubuntu.com/ubuntu/pool/universe/libs/libsmbios/libsmbios-c2_2.4.3-1build2_amd64.deb	http://ap-northeast-2.ec2.archive.ubuntu.com/ubuntu/pool/universe/libs/libsmbios/libsmbios-c2_2.4.3-1build2_amd64.deb	200	73208	0d8b601aa62602ab57d0a6c042f602e4818923f57b891ce3b6aaf9b3b8d3751e	/home/aella/aws-discovery-jammy-noble-retry-20260831/upgrade-discovery/jammy-to-noble/runtime/deb-cache/86/6b/866b36201c6dca1ac8d1175b2e5f62538bc0801056e1213040ed53b11e23b33d
jammy-to-noble	2026-08-31T12:42:09Z	GET	http://ap-northeast-2.ec2.archive.ubuntu.com/ubuntu/pool/main/libs/libsort-naturally-perl/libsort-naturally-perl_1.03-4_all.deb	http://ap-northeast-2.ec2.archive.ubuntu.com/ubuntu/pool/main/libs/libsort-naturally-perl/libsort-naturally-perl_1.03-4_all.deb	200	13066	67cb7bb19a8b9406b13682296ff1df5848fd46d08338def2ec7ad50cb8b253fd	/home/aella/aws-discovery-jammy-noble-retry-20260831/upgrade-discovery/jammy-to-noble/runtime/deb-cache/8c/8e/8c8e878af8f4e0a4ddbefcffe24e2e656416bc7705ec67bba4cc8602cfcff607
jammy-to-noble	2026-08-31T12:42:09Z	GET	http://ap-northeast-2.ec2.archive.ubuntu.com/ubuntu/pool/main/libs/libsoup2.4/libsoup2.4-common_2.74.3-6ubuntu1.7_all.deb	http://ap-northeast-2.ec2.archive.ubuntu.com/ubuntu/pool/main/libs/libsoup2.4/libsoup2.4-common_2.74.3-6ubuntu1.7_all.deb	200	9554	41af1450c00596d24b77ef8ef6b1e5ca7a8b0e018374b779b6d91b2bf4bef1ca	/home/aella/aws-discovery-jammy-noble-retry-20260831/upgrade-discovery/jammy-to-noble/runtime/deb-cache/2d/38/2d38837410273b707ca5b127fc90fedcb79ea4e24c4bf1863dc7b63581acf895
jammy-to-noble	2026-08-31T12:42:09Z	GET	http://ap-northeast-2.ec2.archive.ubuntu.com/ubuntu/pool/main/libs/libsoup2.4/libsoup-2.4-1_2.74.3-6ubuntu1.7_amd64.deb	http://ap-northeast-2.ec2.archive.ubuntu.com/ubuntu/pool/main/libs/libsoup2.4/libsoup-2.4-1_2.74.3-6ubuntu1.7_amd64.deb	200	283080	632c78bd8221f943321f92930ce9e74819d972b8d266727e3e8606a226efc3aa	/home/aella/aws-discovery-jammy-noble-retry-20260831/upgrade-discovery/jammy-to-noble/runtime/deb-cache/0f/9b/0f9b0dd89e346aed612fea44e35cf95f0e0a31084b48f19a96f3cab268dcea76
jammy-to-noble	2026-08-31T12:42:09Z	GET	http://ap-northeast-2.ec2.archive.ubuntu.com/ubuntu/pool/main/s/shadow/libsubid4_4.13%2bdfsg1-4ubuntu3.2_amd64.deb	http://ap-northeast-2.ec2.archive.ubuntu.com/ubuntu/pool/main/s/shadow/libsubid4_4.13%2bdfsg1-4ubuntu3.2_amd64.deb	200	23442	ba97fd28c53560a8d2a2261e8f75a7ab4112535b12f9fe1d50970c30051da0da	/home/aella/aws-discovery-jammy-noble-retry-20260831/upgrade-discovery/jammy-to-noble/runtime/deb-cache/05/dc/05dc848a0f96aadec6bbfae88504742aac6b770338dc35f6a32f7d573d08e539
jammy-to-noble	2026-08-31T12:42:09Z	GET	http://ap-northeast-2.ec2.archive.ubuntu.com/ubuntu/pool/main/t/tcl8.6/libtcl8.6_8.6.14%2bdfsg-1build1_amd64.deb	http://ap-northeast-2.ec2.archive.ubuntu.com/ubuntu/pool/main/t/tcl8.6/libtcl8.6_8.6.14%2bdfsg-1build1_amd64.deb	200	987614	7534eb825f6317514d747ce53b4d6c23bf24df1dc1785f9599610ece5515e685	/home/aella/aws-discovery-jammy-noble-retry-20260831/upgrade-discovery/jammy-to-noble/runtime/deb-cache/2f/cc/2fcc0555957758c25536a578db50cd608cb79b197d87e602fc6033dfd7c806ae
jammy-to-noble	2026-08-31T12:42:09Z	GET	http://ap-northeast-2.ec2.archive.ubuntu.com/ubuntu/pool/main/libu/liburing/liburing2_2.5-1build1_amd64.deb	http://ap-northeast-2.ec2.archive.ubuntu.com/ubuntu/pool/main/libu/liburing/liburing2_2.5-1build1_amd64.deb	200	21092	c2aef62accee92a06263c3ad4ef46132c13e409b54296c44792a20491830a7b0	/home/aella/aws-discovery-jammy-noble-retry-20260831/upgrade-discovery/jammy-to-noble/runtime/deb-cache/ce/b1/ceb15db247f5b407fc9e4e3ebb090f61ffe1b83a75959dbaae1c47964fe14044
jammy-to-noble	2026-08-31T12:42:09Z	GET	http://ap-northeast-2.ec2.archive.ubuntu.com/ubuntu/pool/main/libu/libusb/libusb-0.1-4_0.1.12-35build1_amd64.deb	http://ap-northeast-2.ec2.archive.ubuntu.com/ubuntu/pool/main/libu/libusb/libusb-0.1-4_0.1.12-35build1_amd64.deb	200	17200	f29a7abfdb1f4b10b87742c9bd31049166408c686fbd6ddd10d14062c743e47e	/home/aella/aws-discovery-jammy-noble-retry-20260831/upgrade-discovery/jammy-to-noble/runtime/deb-cache/2e/c7/2ec7d71ba386ec639503790f82eaaf7b7f09f28887d5ee883422e54efda06513
jammy-to-noble	2026-08-31T12:42:09Z	GET	http://ap-northeast-2.ec2.archive.ubuntu.com/ubuntu/pool/universe/u/ustr/libustr-1.0-1_1.0.4-6.1build1_amd64.deb	http://ap-northeast-2.ec2.archive.ubuntu.com/ubuntu/pool/universe/u/ustr/libustr-1.0-1_1.0.4-6.1build1_amd64.deb	200	71318	b222333d3a62e93fa9fa1f072784f0bd857f263025c0a4a2cd2ad10c46cf3f07	/home/aella/aws-discovery-jammy-noble-retry-20260831/upgrade-discovery/jammy-to-noble/runtime/deb-cache/c1/bd/c1bd88bed13dc1ca67e8c4a5bc21c233d47eb01faab74eb5771c2be603233a9b
jammy-to-noble	2026-08-31T12:42:11Z	GET	http://ap-northeast-2.ec2.archive.ubuntu.com/ubuntu/pool/main/l/linux-aws-7.0/linux-modules-7.0.0-1011-aws_7.0.0-1011.11%7e24.04.1_amd64.deb	http://ap-northeast-2.ec2.archive.ubuntu.com/ubuntu/pool/main/l/linux-aws-7.0/linux-modules-7.0.0-1011-aws_7.0.0-1011.11%7e24.04.1_amd64.deb	200	148050112	39202a1467375b5187c52c4d950935040a1b91febd8dcfabf11e95e0c45e05e0	/home/aella/aws-discovery-jammy-noble-retry-20260831/upgrade-discovery/jammy-to-noble/runtime/deb-cache/83/28/8328db93271b3dec2f3fd37656846c830170e2be5c031b9d445f8d26bbab5dfe
jammy-to-noble	2026-08-31T12:42:11Z	GET	http://ap-northeast-2.ec2.archive.ubuntu.com/ubuntu/pool/main/l/linux-signed-aws-7.0/linux-image-7.0.0-1011-aws_7.0.0-1011.11%7e24.04.1_amd64.deb	http://ap-northeast-2.ec2.archive.ubuntu.com/ubuntu/pool/main/l/linux-signed-aws-7.0/linux-image-7.0.0-1011-aws_7.0.0-1011.11%7e24.04.1_amd64.deb	200	16659792	1ccdef64b8b809949d453a22cbddb39ca8d3f9a84ca9e37205e8f69b6a58343a	/home/aella/aws-discovery-jammy-noble-retry-20260831/upgrade-discovery/jammy-to-noble/runtime/deb-cache/aa/53/aa533087a10a88a22a44ac9f40d17fbc30cfb14fb586d1a0135702736ae01229
jammy-to-noble	2026-08-31T12:42:11Z	GET	http://ap-northeast-2.ec2.archive.ubuntu.com/ubuntu/pool/main/a/amd64-microcode/amd64-microcode_3.20251202.1ubuntu0.24.04.1_amd64.deb	http://ap-northeast-2.ec2.archive.ubuntu.com/ubuntu/pool/main/a/amd64-microcode/amd64-microcode_3.20251202.1ubuntu0.24.04.1_amd64.deb	200	458436	75f6860067115841864a4aaa2468665f9f398d3142a8a8b12ad07ebe9e00e4db	/home/aella/aws-discovery-jammy-noble-retry-20260831/upgrade-discovery/jammy-to-noble/runtime/deb-cache/54/9a/549a2bdab2b32105323289ccbdecbbc0b00a6224ed5aaf09a82b8dee8e02ea62
jammy-to-noble	2026-08-31T12:42:11Z	GET	http://ap-northeast-2.ec2.archive.ubuntu.com/ubuntu/pool/main/i/intel-microcode/intel-microcode_3.20260210.0ubuntu0.24.04.1_amd64.deb	http://ap-northeast-2.ec2.archive.ubuntu.com/ubuntu/pool/main/i/intel-microcode/intel-microcode_3.20260210.0ubuntu0.24.04.1_amd64.deb	200	13542214	bc68035481205a190f937f50e69eb1a1ca7fc209de7dfebe88c921387e328eb5	/home/aella/aws-discovery-jammy-noble-retry-20260831/upgrade-discovery/jammy-to-noble/runtime/deb-cache/43/92/4392244df368e12688a5ea395ad494ae6441983512c35eff874fd6f9876b5497
jammy-to-noble	2026-08-31T12:42:11Z	GET	http://ap-northeast-2.ec2.archive.ubuntu.com/ubuntu/pool/main/m/microcode-initrd/microcode-initrd_3build1_amd64.deb	http://ap-northeast-2.ec2.archive.ubuntu.com/ubuntu/pool/main/m/microcode-initrd/microcode-initrd_3build1_amd64.deb	200	3176	d22970ccaf860336f200d78bd9e0fe828de5964f93c5a133bfb5622935f2035d	/home/aella/aws-discovery-jammy-noble-retry-20260831/upgrade-discovery/jammy-to-noble/runtime/deb-cache/fe/7c/fe7c1a8a6c4d390362bba2c793f11503384a485407e95293d884520b591b5ef5
jammy-to-noble	2026-08-31T12:42:11Z	GET	http://ap-northeast-2.ec2.archive.ubuntu.com/ubuntu/pool/main/l/linux-meta-aws-7.0/linux-aws_7.0.0-1011.11%7e24.04.1_amd64.deb	http://ap-northeast-2.ec2.archive.ubuntu.com/ubuntu/pool/main/l/linux-meta-aws-7.0/linux-aws_7.0.0-1011.11%7e24.04.1_amd64.deb	200	1732	80d4952185254d8c3eeca148c426dc57a8c421080731378b90803b045a9f70f0	/home/aella/aws-discovery-jammy-noble-retry-20260831/upgrade-discovery/jammy-to-noble/runtime/deb-cache/22/2e/222e04b6061e98ff96468cdd35e996b1070a9e7ecdd4b2b2ef0ca96ed6b3285e
jammy-to-noble	2026-08-31T12:42:11Z	GET	http://ap-northeast-2.ec2.archive.ubuntu.com/ubuntu/pool/main/l/linux-meta-aws-7.0/linux-image-aws_7.0.0-1011.11%7e24.04.1_amd64.deb	http://ap-northeast-2.ec2.archive.ubuntu.com/ubuntu/pool/main/l/linux-meta-aws-7.0/linux-image-aws_7.0.0-1011.11%7e24.04.1_amd64.deb	200	2370	257cc613057cbc4b7f7659943627ebdbcffcd42228520be29af40849236b862c	/home/aella/aws-discovery-jammy-noble-retry-20260831/upgrade-discovery/jammy-to-noble/runtime/deb-cache/a9/1f/a91f7168f157b3f9c8d697fe2876a0a156dfc8cf5208fc1e370f1c3cc2f9a79a
jammy-to-noble	2026-08-31T12:42:12Z	GET	http://ap-northeast-2.ec2.archive.ubuntu.com/ubuntu/pool/main/l/linux-aws-7.0/linux-aws-7.0-headers-7.0.0-1011_7.0.0-1011.11%7e24.04.1_all.deb	http://ap-northeast-2.ec2.archive.ubuntu.com/ubuntu/pool/main/l/linux-aws-7.0/linux-aws-7.0-headers-7.0.0-1011_7.0.0-1011.11%7e24.04.1_all.deb	200	14821132	22d56d0544ec20bfc879e575f8f77b530ea7de1d6b00bc0842140a717b864618	/home/aella/aws-discovery-jammy-noble-retry-20260831/upgrade-discovery/jammy-to-noble/runtime/deb-cache/65/a2/65a2ff456602c3acba7f20f6a6762af0571f7261b6d26e749520ff6e96cf95c1
jammy-to-noble	2026-08-31T12:42:12Z	GET	http://ap-northeast-2.ec2.archive.ubuntu.com/ubuntu/pool/main/l/linux-aws-7.0/linux-headers-7.0.0-1011-aws_7.0.0-1011.11%7e24.04.1_amd64.deb	http://ap-northeast-2.ec2.archive.ubuntu.com/ubuntu/pool/main/l/linux-aws-7.0/linux-headers-7.0.0-1011-aws_7.0.0-1011.11%7e24.04.1_amd64.deb	200	3917234	bd2f1dd31d392bcf92ee4af8af90c4cb390b4876ef6f3580cef35997b0e06cc5	/home/aella/aws-discovery-jammy-noble-retry-20260831/upgrade-discovery/jammy-to-noble/runtime/deb-cache/34/a0/34a0c76325f62a2dc2a3d45fae17f135f1aa93da37f17b8572518a11894e2361
jammy-to-noble	2026-08-31T12:42:12Z	GET	http://ap-northeast-2.ec2.archive.ubuntu.com/ubuntu/pool/main/l/linux-meta-aws-7.0/linux-headers-aws_7.0.0-1011.11%7e24.04.1_amd64.deb	http://ap-northeast-2.ec2.archive.ubuntu.com/ubuntu/pool/main/l/linux-meta-aws-7.0/linux-headers-aws_7.0.0-1011.11%7e24.04.1_amd64.deb	200	2284	b137b8f30b7251251c43f324c15474bdf68604c8adf4ead142679e5237409b5b	/home/aella/aws-discovery-jammy-noble-retry-20260831/upgrade-discovery/jammy-to-noble/runtime/deb-cache/7e/12/7e12b559eadac7d11c3df9dfe8b1d7b2a93c851e2501f59f573f64d1c41f89bb
jammy-to-noble	2026-08-31T12:42:12Z	GET	http://ap-northeast-2.ec2.archive.ubuntu.com/ubuntu/pool/main/l/linux/linux-tools-common_6.8.0-138.138_all.deb	http://ap-northeast-2.ec2.archive.ubuntu.com/ubuntu/pool/main/l/linux/linux-tools-common_6.8.0-138.138_all.deb	200	362536	557be625abea935b5b6cd9cc9ba5ddcd3ffbe030ce01e26c5b8f919dc9d7a230	/home/aella/aws-discovery-jammy-noble-retry-20260831/upgrade-discovery/jammy-to-noble/runtime/deb-cache/45/56/45563ce5cbb07216d5cd82a6c059b645b9d09425ebe482865c9147702a1ae3c4
jammy-to-noble	2026-08-31T12:42:12Z	GET	http://ap-northeast-2.ec2.archive.ubuntu.com/ubuntu/pool/main/l/linux-aws-7.0/linux-aws-7.0-tools-7.0.0-1011_7.0.0-1011.11%7e24.04.1_amd64.deb	http://ap-northeast-2.ec2.archive.ubuntu.com/ubuntu/pool/main/l/linux-aws-7.0/linux-aws-7.0-tools-7.0.0-1011_7.0.0-1011.11%7e24.04.1_amd64.deb	200	6387366	0d7c5d434b51398cc84d41346e90bbac704877a513f9c40f73cfffa29f53bccf	/home/aella/aws-discovery-jammy-noble-retry-20260831/upgrade-discovery/jammy-to-noble/runtime/deb-cache/d5/fd/d5fd43ccc13d23286296daa14224755359cc188c9e3035df46bc1c9402ec1646
jammy-to-noble	2026-08-31T12:42:17Z	GET	http://ap-northeast-2.ec2.archive.ubuntu.com/ubuntu/pool/main/l/linux-aws/linux-aws-headers-6.8.0-1063_6.8.0-1063.66_all.deb	http://ap-northeast-2.ec2.archive.ubuntu.com/ubuntu/pool/main/l/linux-aws/linux-aws-headers-6.8.0-1063_6.8.0-1063.66_all.deb	200	13579230	ee27f93e00568e36672dff09c3b67df480ffa418f3e1ac67940901ea50702418	/home/aella/aws-discovery-jammy-noble-retry-20260831/upgrade-discovery/jammy-to-noble/runtime/deb-cache/2d/a2/2da287ddf2fd63ed58fb7d2532afaedf816e46f99f7b50475686a783192140f1
jammy-to-noble	2026-08-31T12:42:19Z	GET	http://ap-northeast-2.ec2.archive.ubuntu.com/ubuntu/pool/main/l/linux-aws/linux-aws-tools-6.8.0-1063_6.8.0-1063.66_amd64.deb	http://ap-northeast-2.ec2.archive.ubuntu.com/ubuntu/pool/main/l/linux-aws/linux-aws-tools-6.8.0-1063_6.8.0-1063.66_amd64.deb	200	3808202	bdc429c0307d32aa989a0fa862b0f501cb2a1bb5c28555682b2143e3bade1317	/home/aella/aws-discovery-jammy-noble-retry-20260831/upgrade-discovery/jammy-to-noble/runtime/deb-cache/2f/86/2f869150b3b84413d7d0e1ca050ea990275873b80a7b31b3121deaf4c37909dd
jammy-to-noble	2026-08-31T12:42:19Z	GET	http://ap-northeast-2.ec2.archive.ubuntu.com/ubuntu/pool/main/l/linux-aws/linux-headers-6.8.0-1063-aws_6.8.0-1063.66_amd64.deb	http://ap-northeast-2.ec2.archive.ubuntu.com/ubuntu/pool/main/l/linux-aws/linux-headers-6.8.0-1063-aws_6.8.0-1063.66_amd64.deb	200	3429940	26bb0eca76bb012b952fc4b012d95225673bde869815108ac95284a71ea79076	/home/aella/aws-discovery-jammy-noble-retry-20260831/upgrade-discovery/jammy-to-noble/runtime/deb-cache/7f/94/7f94e9e6594d74121bdc61e501d1ac1c200dc5250ada73135f3a4b0dc3d26c5f
jammy-to-noble	2026-08-31T12:42:20Z	GET	http://ap-northeast-2.ec2.archive.ubuntu.com/ubuntu/pool/main/l/linux-aws/linux-modules-6.8.0-1063-aws_6.8.0-1063.66_amd64.deb	http://ap-northeast-2.ec2.archive.ubuntu.com/ubuntu/pool/main/l/linux-aws/linux-modules-6.8.0-1063-aws_6.8.0-1063.66_amd64.deb	200	37621952	fe5a4303693d1df7d1588998e2e576cf18a9003b0fb9687da74a62f69bfb08f1	/home/aella/aws-discovery-jammy-noble-retry-20260831/upgrade-discovery/jammy-to-noble/runtime/deb-cache/5b/b9/5bb9183f69dde73827891f2cdd0b552f6e35daad4738aee748ace08bf156d2c1
jammy-to-noble	2026-08-31T12:42:20Z	GET	http://ap-northeast-2.ec2.archive.ubuntu.com/ubuntu/pool/main/l/linux-signed-aws/linux-image-6.8.0-1063-aws_6.8.0-1063.66_amd64.deb	http://ap-northeast-2.ec2.archive.ubuntu.com/ubuntu/pool/main/l/linux-signed-aws/linux-image-6.8.0-1063-aws_6.8.0-1063.66_amd64.deb	200	14726954	b87336e50ceb23a8701ca5452fc9ac607da5f7bf100c6120a12bc6d72a45d9f1	/home/aella/aws-discovery-jammy-noble-retry-20260831/upgrade-discovery/jammy-to-noble/runtime/deb-cache/86/08/86082acd1e2c54675414a371da0038d3baab5846da5926503e76a9f8e0dc1a05
jammy-to-noble	2026-08-31T12:42:20Z	GET	http://ap-northeast-2.ec2.archive.ubuntu.com/ubuntu/pool/main/l/linux-aws/linux-tools-6.8.0-1063-aws_6.8.0-1063.66_amd64.deb	http://ap-northeast-2.ec2.archive.ubuntu.com/ubuntu/pool/main/l/linux-aws/linux-tools-6.8.0-1063-aws_6.8.0-1063.66_amd64.deb	200	1778	23c1dbb2c1f282905a6f3412d57ba4bf182b3ef0e88c26fc225499ff3e6e9790	/home/aella/aws-discovery-jammy-noble-retry-20260831/upgrade-discovery/jammy-to-noble/runtime/deb-cache/d1/58/d1585d5e220d33ebcb3f64ea6f6484006f28e8af5778ed4fff208b208c5700b4
jammy-to-noble	2026-08-31T12:42:20Z	GET	http://ap-northeast-2.ec2.archive.ubuntu.com/ubuntu/pool/main/l/linux-aws-7.0/linux-tools-7.0.0-1011-aws_7.0.0-1011.11%7e24.04.1_amd64.deb	http://ap-northeast-2.ec2.archive.ubuntu.com/ubuntu/pool/main/l/linux-aws-7.0/linux-tools-7.0.0-1011-aws_7.0.0-1011.11%7e24.04.1_amd64.deb	200	1632	294c57e12b5ba3f3a64b8ba08c67df07ade9bdff7ae884e7459d72ef0c5a9e2d	/home/aella/aws-discovery-jammy-noble-retry-20260831/upgrade-discovery/jammy-to-noble/runtime/deb-cache/27/44/2744becc11200fb46a6d9590d01e9972a94bf36d2ade8274e44b33090d93cf79
jammy-to-noble	2026-08-31T12:42:20Z	GET	http://ap-northeast-2.ec2.archive.ubuntu.com/ubuntu/pool/universe/l/ltrace/ltrace_0.7.3-6.4ubuntu3_amd64.deb	http://ap-northeast-2.ec2.archive.ubuntu.com/ubuntu/pool/universe/l/ltrace/ltrace_0.7.3-6.4ubuntu3_amd64.deb	200	134192	829ce2c5c867ba0a40fc12e63fe29a7caef7b27afa7d568083ef212332490c4a	/home/aella/aws-discovery-jammy-noble-retry-20260831/upgrade-discovery/jammy-to-noble/runtime/deb-cache/5e/dc/5edcee23d5b2cad2719afe8b05bd03d9097eafe32c84bb3d480465bf9fe99420
jammy-to-noble	2026-08-31T12:42:20Z	GET	http://ap-northeast-2.ec2.archive.ubuntu.com/ubuntu/pool/main/l/lxd-agent-loader/lxd-agent-loader_0.7ubuntu0.1_all.deb	http://ap-northeast-2.ec2.archive.ubuntu.com/ubuntu/pool/main/l/lxd-agent-loader/lxd-agent-loader_0.7ubuntu0.1_all.deb	200	4836	ce2aa5b188fb286f9c8eae05ad424bb10a161d260f64a57163f0f66f03880752	/home/aella/aws-discovery-jammy-noble-retry-20260831/upgrade-discovery/jammy-to-noble/runtime/deb-cache/b9/4a/b94a34ba199d567353ab3176f90ec8429670aefe09b8b246530a7b04ce2ba2f1
jammy-to-noble	2026-08-31T12:42:20Z	GET	http://ap-northeast-2.ec2.archive.ubuntu.com/ubuntu/pool/main/l/lxd-installer/lxd-installer_4ubuntu0.1_all.deb	http://ap-northeast-2.ec2.archive.ubuntu.com/ubuntu/pool/main/l/lxd-installer/lxd-installer_4ubuntu0.1_all.deb	200	3926	1359e30487b9316e84fab65f0cade57d534fe5d63dff5c560707581729251323	/home/aella/aws-discovery-jammy-noble-retry-20260831/upgrade-discovery/jammy-to-noble/runtime/deb-cache/84/67/8467593f8f7ea9372b0083a19d754eccc67e0c94c3f14365421de8f166de457c
jammy-to-noble	2026-08-31T12:42:20Z	GET	http://ap-northeast-2.ec2.archive.ubuntu.com/ubuntu/pool/main/m/mailcap/mailcap_3.70%2bnmu1ubuntu1.24.04.1_all.deb	http://ap-northeast-2.ec2.archive.ubuntu.com/ubuntu/pool/main/m/mailcap/mailcap_3.70%2bnmu1ubuntu1.24.04.1_all.deb	200	23582	9b3c524197b5894edc52db34e59fe1c26d3e4726e3d375cbdbb5a33630797de4	/home/aella/aws-discovery-jammy-noble-retry-20260831/upgrade-discovery/jammy-to-noble/runtime/deb-cache/9f/79/9f79d5866d622dda05b6476a82741375ae63fc0d2e0ff3cd612a363d755c0e7a
jammy-to-noble	2026-08-31T12:42:21Z	GET	http://ap-northeast-2.ec2.archive.ubuntu.com/ubuntu/pool/universe/m/makedev/makedev_2.3.1-97.1_all.deb	http://ap-northeast-2.ec2.archive.ubuntu.com/ubuntu/pool/universe/m/makedev/makedev_2.3.1-97.1_all.deb	200	25706	90363b8e3085545da5de8b8daf603f84d64e3d407197340100ed317eda616a50	/home/aella/aws-discovery-jammy-noble-retry-20260831/upgrade-discovery/jammy-to-noble/runtime/deb-cache/01/45/0145bf665a06f3ff53e832cbc5835a6f9825c48b0f28ef5c3db50c56acaf9eb5
jammy-to-noble	2026-08-31T12:42:21Z	GET	http://ap-northeast-2.ec2.archive.ubuntu.com/ubuntu/pool/main/m/mdadm/mdadm_4.3-1ubuntu2.1_amd64.deb	http://ap-northeast-2.ec2.archive.ubuntu.com/ubuntu/pool/main/m/mdadm/mdadm_4.3-1ubuntu2.1_amd64.deb	200	463862	7d5691bd73244e677a8cc800c237110074007b26f1800d0d1d22bdbddc10cfa6	/home/aella/aws-discovery-jammy-noble-retry-20260831/upgrade-discovery/jammy-to-noble/runtime/deb-cache/7f/1b/7f1b8f613d1062da5cc04abcb5b020405fa5abdbd5c5fed0c55ff6fee154d866
jammy-to-noble	2026-08-31T12:42:21Z	GET	http://ap-northeast-2.ec2.archive.ubuntu.com/ubuntu/pool/main/n/needrestart/needrestart_3.6-7ubuntu4.5_all.deb	http://ap-northeast-2.ec2.archive.ubuntu.com/ubuntu/pool/main/n/needrestart/needrestart_3.6-7ubuntu4.5_all.deb	200	48858	0fafb62367a17255e729c9f56eb8b7339c81272f8b6b84925cfa7ef46ad3d174	/home/aella/aws-discovery-jammy-noble-retry-20260831/upgrade-discovery/jammy-to-noble/runtime/deb-cache/8a/15/8a153f01ae9ff5b0ea2b87a1190a2bd69a4d4d9364a88ec2f2d325791bbe323e
jammy-to-noble	2026-08-31T12:42:21Z	GET	http://ap-northeast-2.ec2.archive.ubuntu.com/ubuntu/pool/main/n/net-tools/net-tools_2.10-0.1ubuntu4.4_amd64.deb	http://ap-northeast-2.ec2.archive.ubuntu.com/ubuntu/pool/main/n/net-tools/net-tools_2.10-0.1ubuntu4.4_amd64.deb	200	203940	548d7a207200d6712c9b8d0525d5eace23ef8b36415b0fe6522cfe890bc817e5	/home/aella/aws-discovery-jammy-noble-retry-20260831/upgrade-discovery/jammy-to-noble/runtime/deb-cache/a2/b2/a2b218b61dbe994cb142c7c93113057bd8e854a435ff036c918d230703a4f26d
jammy-to-noble	2026-08-31T12:42:21Z	GET	http://ap-northeast-2.ec2.archive.ubuntu.com/ubuntu/pool/universe/n/nodejs/nodejs-doc_18.19.1%2bdfsg-6ubuntu5_all.deb	http://ap-northeast-2.ec2.archive.ubuntu.com/ubuntu/pool/universe/n/nodejs/nodejs-doc_18.19.1%2bdfsg-6ubuntu5_all.deb	200	3552418	75bd73fa5b6610e5a4953947b30ee726c29135d00b6a19a8c4d3bcff29d81bc8	/home/aella/aws-discovery-jammy-noble-retry-20260831/upgrade-discovery/jammy-to-noble/runtime/deb-cache/4f/a4/4fa471d949d977edf882e743e4ffbdbbd3e80e87f50cc78f4fa442e31f57c275
jammy-to-noble	2026-08-31T12:42:22Z	GET	http://ap-northeast-2.ec2.archive.ubuntu.com/ubuntu/pool/universe/n/ntpsec/ntpdate_4.2.8p15%2bdfsg-2%7e1.2.2%2bdfsg1-4build2_all.deb	http://ap-northeast-2.ec2.archive.ubuntu.com/ubuntu/pool/universe/n/ntpsec/ntpdate_4.2.8p15%2bdfsg-2%7e1.2.2%2bdfsg1-4build2_all.deb	200	17534	f42f53c3a0be1f115ad325a5d70e96016cd80ea0582f1a24c4df3943578e4ba3	/home/aella/aws-discovery-jammy-noble-retry-20260831/upgrade-discovery/jammy-to-noble/runtime/deb-cache/25/f3/25f3897c06315501c5c87539654a29b2967f1b746d618ad54550b477e13659e2
jammy-to-noble	2026-08-31T12:42:22Z	GET	http://ap-northeast-2.ec2.archive.ubuntu.com/ubuntu/pool/universe/n/ntpsec/ntpsec-ntpdate_1.2.2%2bdfsg1-4build2_amd64.deb	http://ap-northeast-2.ec2.archive.ubuntu.com/ubuntu/pool/universe/n/ntpsec/ntpsec-ntpdate_1.2.2%2bdfsg1-4build2_amd64.deb	200	22324	5102e408bd118dece843a0de5d26fed30e3d003a92a9c1648f2723e672b632cc	/home/aella/aws-discovery-jammy-noble-retry-20260831/upgrade-discovery/jammy-to-noble/runtime/deb-cache/cb/ba/cbbab08f3e14bc8b06e5e4d52458fc7bff6bf77f7146a13b0b71d8a4989c1132
jammy-to-noble	2026-08-31T12:42:22Z	GET	http://ap-northeast-2.ec2.archive.ubuntu.com/ubuntu/pool/main/o/os-prober/os-prober_1.81ubuntu4_amd64.deb	http://ap-northeast-2.ec2.archive.ubuntu.com/ubuntu/pool/main/o/os-prober/os-prober_1.81ubuntu4_amd64.deb	200	17972	056d5a2bfcf3511fd48acdd2311a48af0710850defb97d90b7629fc7e3fea6cf	/home/aella/aws-discovery-jammy-noble-retry-20260831/upgrade-discovery/jammy-to-noble/runtime/deb-cache/94/04/9404677a1179acae0f9d1ed8cd73f8d843a6c0a29dfebbc49019f9643170dd7c
jammy-to-noble	2026-08-31T12:42:22Z	GET	http://ap-northeast-2.ec2.archive.ubuntu.com/ubuntu/pool/main/p/pastebinit/pastebinit_1.6.2-1_all.deb	http://ap-northeast-2.ec2.archive.ubuntu.com/ubuntu/pool/main/p/pastebinit/pastebinit_1.6.2-1_all.deb	200	14302	76e96950b6d594f826f4a66c5ab9e53f45561c0e6039d3675a49454e5e26040b	/home/aella/aws-discovery-jammy-noble-retry-20260831/upgrade-discovery/jammy-to-noble/runtime/deb-cache/88/15/8815e7700be5623ca2754e5fd9377d77ed5eb49f3de353e7cf11b87689d9b768
jammy-to-noble	2026-08-31T12:42:22Z	GET	http://ap-northeast-2.ec2.archive.ubuntu.com/ubuntu/pool/universe/p/plocate/plocate_1.1.19-2ubuntu2_amd64.deb	http://ap-northeast-2.ec2.archive.ubuntu.com/ubuntu/pool/universe/p/plocate/plocate_1.1.19-2ubuntu2_amd64.deb	200	138676	90375d69eda16ca5f73e6449447ef05c1a18b7b1de4092879eda9850898c04b0	/home/aella/aws-discovery-jammy-noble-retry-20260831/upgrade-discovery/jammy-to-noble/runtime/deb-cache/0e/14/0e14fa0b4538b1205af529e234b559a0f2170c72ceb9e66f387f706d9c05e841
jammy-to-noble	2026-08-31T12:42:22Z	GET	http://ap-northeast-2.ec2.archive.ubuntu.com/ubuntu/pool/main/p/pollinate/pollinate_4.33-3.1ubuntu1.3_all.deb	http://ap-northeast-2.ec2.archive.ubuntu.com/ubuntu/pool/main/p/pollinate/pollinate_4.33-3.1ubuntu1.3_all.deb	200	10254	391f3192e6d12e86e5f92dc3f8207aa6e7dd84f8d477ed7b8d62c4529d3f935e	/home/aella/aws-discovery-jammy-noble-retry-20260831/upgrade-discovery/jammy-to-noble/runtime/deb-cache/54/18/54181b8d25d31c4860322f81f2c28b30b78b8c5a9144cf72ae2e7fc9395185c1
jammy-to-noble	2026-08-31T12:42:23Z	GET	http://ap-northeast-2.ec2.archive.ubuntu.com/ubuntu/pool/main/p/python-tz/python3-tz_2024.1-2_all.deb	http://ap-northeast-2.ec2.archive.ubuntu.com/ubuntu/pool/main/p/python-tz/python3-tz_2024.1-2_all.deb	200	31432	fea61f0993810c2ad36aa46757e1c3f4c1da3cbb8b2b2bb42975f5a4dad9300f	/home/aella/aws-discovery-jammy-noble-retry-20260831/upgrade-discovery/jammy-to-noble/runtime/deb-cache/3e/a6/3ea681404944628d29ea69022e41d813b8bcf42ff7f17d363286266e52ba7297
jammy-to-noble	2026-08-31T12:42:24Z	GET	http://ap-northeast-2.ec2.archive.ubuntu.com/ubuntu/pool/main/p/python-babel/python3-babel_2.10.3-3build1_all.deb	http://ap-northeast-2.ec2.archive.ubuntu.com/ubuntu/pool/main/p/python-babel/python3-babel_2.10.3-3build1_all.deb	200	87486	d8bc401868f7ca3ad20faeae256dde4b59537b1446fe9d0b5587a75ea5e5cd0b	/home/aella/aws-discovery-jammy-noble-retry-20260831/upgrade-discovery/jammy-to-noble/runtime/deb-cache/48/be/48be0a58a65d4a50f6243e5102a995fa1450eeeeb0f2dc5af765e17fc11b5bb8
jammy-to-noble	2026-08-31T12:42:24Z	GET	http://ap-northeast-2.ec2.archive.ubuntu.com/ubuntu/pool/main/p/python-babel/python-babel-localedata_2.10.3-3build1_all.deb	http://ap-northeast-2.ec2.archive.ubuntu.com/ubuntu/pool/main/p/python-babel/python-babel-localedata_2.10.3-3build1_all.deb	200	6356512	2dd9e1ee14f4e19185e4ca6a97476ab3f1e64aa1bd08851c515a24f7a74cefdc	/home/aella/aws-discovery-jammy-noble-retry-20260831/upgrade-discovery/jammy-to-noble/runtime/deb-cache/0e/18/0e18e4c2984704ae39db52b2a51da63751bac10f40d80c8eddb503b1568334ab
jammy-to-noble	2026-08-31T12:42:24Z	GET	http://ap-northeast-2.ec2.archive.ubuntu.com/ubuntu/pool/universe/p/python-argcomplete/python3-argcomplete_3.1.4-1ubuntu0.1_all.deb	http://ap-northeast-2.ec2.archive.ubuntu.com/ubuntu/pool/universe/p/python-argcomplete/python3-argcomplete_3.1.4-1ubuntu0.1_all.deb	200	33800	9175233b81304064aad6442ef7f11a1d55f6737077e2025e6cc36f8dd0bf08de	/home/aella/aws-discovery-jammy-noble-retry-20260831/upgrade-discovery/jammy-to-noble/runtime/deb-cache/8a/8d/8a8d8292a6856676d73c391018ea43601ec392b72638c6050db14d5c9cb9249a
jammy-to-noble	2026-08-31T12:42:25Z	GET	http://ap-northeast-2.ec2.archive.ubuntu.com/ubuntu/pool/universe/a/asn1crypto/python3-asn1crypto_1.5.1-3_all.deb	http://ap-northeast-2.ec2.archive.ubuntu.com/ubuntu/pool/universe/a/asn1crypto/python3-asn1crypto_1.5.1-3_all.deb	200	79666	92be3d563557d1b84792acd8b815159e0566ba2cad8612b8c83805dce6fb832c	/home/aella/aws-discovery-jammy-noble-retry-20260831/upgrade-discovery/jammy-to-noble/runtime/deb-cache/01/a3/01a3f9884e4c0702e5436e647550a6e20576681be1b357ce3608eea8e7d30f5b
jammy-to-noble	2026-08-31T12:42:25Z	GET	http://ap-northeast-2.ec2.archive.ubuntu.com/ubuntu/pool/main/p/python-dateutil/python3-dateutil_2.8.2-3ubuntu1_all.deb	http://ap-northeast-2.ec2.archive.ubuntu.com/ubuntu/pool/main/p/python-dateutil/python3-dateutil_2.8.2-3ubuntu1_all.deb	200	79432	cdee46578ba57ad77ade552a1c8b92d7b9350384c60564cc22aafb898c517d68	/home/aella/aws-discovery-jammy-noble-retry-20260831/upgrade-discovery/jammy-to-noble/runtime/deb-cache/94/9b/949b1b197f490549d099c8f17a639a0de864a3f313fc5d76a87ee682cbdafc0c
jammy-to-noble	2026-08-31T12:42:25Z	GET	http://ap-northeast-2.ec2.archive.ubuntu.com/ubuntu/pool/main/p/python-jmespath/python3-jmespath_1.0.1-1_all.deb	http://ap-northeast-2.ec2.archive.ubuntu.com/ubuntu/pool/main/p/python-jmespath/python3-jmespath_1.0.1-1_all.deb	200	21328	d5993df32fe9a15bb7832c9e25fff3a3e641362a8905714d0a6705e122839b52	/home/aella/aws-discovery-jammy-noble-retry-20260831/upgrade-discovery/jammy-to-noble/runtime/deb-cache/cd/2f/cd2f47e1527650180a9ef080b2b2682fcc0f532d8f4458c38c8e97eecfff8dae
jammy-to-noble	2026-08-31T12:42:25Z	GET	http://ap-northeast-2.ec2.archive.ubuntu.com/ubuntu/pool/main/p/python-botocore/python3-botocore_1.34.46%2brepack-1ubuntu1_all.deb	http://ap-northeast-2.ec2.archive.ubuntu.com/ubuntu/pool/main/p/python-botocore/python3-botocore_1.34.46%2brepack-1ubuntu1_all.deb	200	6211442	89acd25ca7069c352f3b113b38771e7ea51874efef3f53cc5390771544499ba2	/home/aella/aws-discovery-jammy-noble-retry-20260831/upgrade-discovery/jammy-to-noble/runtime/deb-cache/92/5f/925f23b0d37d404d9b49af7284d7f5832737df980a3cb7a3ab32fb58a98c69de
jammy-to-noble	2026-08-31T12:42:26Z	GET	http://ap-northeast-2.ec2.archive.ubuntu.com/ubuntu/pool/main/p/python-s3transfer/python3-s3transfer_0.10.1-1ubuntu2_all.deb	http://ap-northeast-2.ec2.archive.ubuntu.com/ubuntu/pool/main/p/python-s3transfer/python3-s3transfer_0.10.1-1ubuntu2_all.deb	200	54302	7d0b6e7a3d111a2036526366cbce0c219b12ee7e5e455f8e8008ab98a662fa94	/home/aella/aws-discovery-jammy-noble-retry-20260831/upgrade-discovery/jammy-to-noble/runtime/deb-cache/3b/ca/3bca04a0930f9e83382c4cbea444cb41f63e051776672e8429b6c1265675215e
jammy-to-noble	2026-08-31T12:42:26Z	GET	http://ap-northeast-2.ec2.archive.ubuntu.com/ubuntu/pool/main/p/python-boto3/python3-boto3_1.34.46%2bdfsg-1ubuntu1_all.deb	http://ap-northeast-2.ec2.archive.ubuntu.com/ubuntu/pool/main/p/python-boto3/python3-boto3_1.34.46%2bdfsg-1ubuntu1_all.deb	200	72546	7dbbc06d9075169a48f8adbee2f38dcedffc2e7e51e785617909d8899a50c295	/home/aella/aws-discovery-jammy-noble-retry-20260831/upgrade-discovery/jammy-to-noble/runtime/deb-cache/83/ed/83ed792df6309f4e43e5404456c47d1258d842dfa75d7396ea57d1d2449796c6
jammy-to-noble	2026-08-31T12:42:27Z	GET	http://ap-northeast-2.ec2.archive.ubuntu.com/ubuntu/pool/main/p/python-colorama/python3-colorama_0.4.6-4_all.deb	http://ap-northeast-2.ec2.archive.ubuntu.com/ubuntu/pool/main/p/python-colorama/python3-colorama_0.4.6-4_all.deb	200	32082	ff2c58893bfaf6dfad356c3c19a5d6575be38b4ee920c64c462078dca3c3c721	/home/aella/aws-discovery-jammy-noble-retry-20260831/upgrade-discovery/jammy-to-noble/runtime/deb-cache/f8/38/f83821fed1dcb652c63e29eaa021f416c0eb57409b8e2f266ee2b7b01e1d7b3a
jammy-to-noble	2026-08-31T12:42:27Z	GET	http://ap-northeast-2.ec2.archive.ubuntu.com/ubuntu/pool/main/p/python-click/python3-click_8.1.6-2_all.deb	http://ap-northeast-2.ec2.archive.ubuntu.com/ubuntu/pool/main/p/python-click/python3-click_8.1.6-2_all.deb	200	79018	174eddcab141d350cf3c8386f5603d51346dcd181714c341ebb18336193fc8b7	/home/aella/aws-discovery-jammy-noble-retry-20260831/upgrade-discovery/jammy-to-noble/runtime/deb-cache/c2/a8/c2a865b4eb068539462d3e410debc3de9e96462316af90528cac2970b929f285
jammy-to-noble	2026-08-31T12:42:28Z	GET	http://ap-northeast-2.ec2.archive.ubuntu.com/ubuntu/pool/universe/e/entrypoints/python3-entrypoints_0.4-2_all.deb	http://ap-northeast-2.ec2.archive.ubuntu.com/ubuntu/pool/universe/e/entrypoints/python3-entrypoints_0.4-2_all.deb	200	7146	a52f2c879ad465b3ab3c1f1778e84c41860fb948d61e1beebaa2ce1c93340f1f	/home/aella/aws-discovery-jammy-noble-retry-20260831/upgrade-discovery/jammy-to-noble/runtime/deb-cache/0a/15/0a15a76b74dccae396b5e61348aa332b8d77eefebea60aef0ef611573f5eb805
jammy-to-noble	2026-08-31T12:42:28Z	GET	http://ap-northeast-2.ec2.archive.ubuntu.com/ubuntu/pool/universe/j/jaraco.classes/python3-jaraco.classes_3.2.1-4_all.deb	http://ap-northeast-2.ec2.archive.ubuntu.com/ubuntu/pool/universe/j/jaraco.classes/python3-jaraco.classes_3.2.1-4_all.deb	200	6528	81ceff0f5674bcffa86fc4b5367c8c09bc7ba6df44b3c80731bfafc019be4635	/home/aella/aws-discovery-jammy-noble-retry-20260831/upgrade-discovery/jammy-to-noble/runtime/deb-cache/fb/ec/fbecfe2f5f038c7dbf5d6a8d64d4ba505d52bc3e38c43dff8f865b9b315ed321
jammy-to-noble	2026-08-31T12:42:28Z	GET	http://ap-northeast-2.ec2.archive.ubuntu.com/ubuntu/pool/universe/j/jeepney/python3-jeepney_0.8.0-3_all.deb	http://ap-northeast-2.ec2.archive.ubuntu.com/ubuntu/pool/universe/j/jeepney/python3-jeepney_0.8.0-3_all.deb	200	34668	ec4d581ee79b9cda105becb2a4b937a2d02092c37cfc3e3b22e9d22ba4ab5068	/home/aella/aws-discovery-jammy-noble-retry-20260831/upgrade-discovery/jammy-to-noble/runtime/deb-cache/f0/86/f086c1fbc339c64eeea2ed496699d93f5c21c8c45ee3beebb0df47787fac35e1
jammy-to-noble	2026-08-31T12:42:29Z	GET	http://ap-northeast-2.ec2.archive.ubuntu.com/ubuntu/pool/main/p/python-json-patch/python3-jsonpatch_1.32-3_all.deb	http://ap-northeast-2.ec2.archive.ubuntu.com/ubuntu/pool/main/p/python-json-patch/python3-jsonpatch_1.32-3_all.deb	200	12114	4c7545d1e9ab4297098c28998b44a32059e47002286531ddae1f44856ce37f2b	/home/aella/aws-discovery-jammy-noble-retry-20260831/upgrade-discovery/jammy-to-noble/runtime/deb-cache/f6/33/f6335358635f3a306033094daa2ee527af50918ee9add8e4d5753a199cf6f265
jammy-to-noble	2026-08-31T12:42:29Z	GET	http://ap-northeast-2.ec2.archive.ubuntu.com/ubuntu/pool/universe/p/python-secretstorage/python3-secretstorage_3.3.3-3_all.deb	http://ap-northeast-2.ec2.archive.ubuntu.com/ubuntu/pool/universe/p/python-secretstorage/python3-secretstorage_3.3.3-3_all.deb	200	13716	42a1fb5f350ee366890caa749055975a8de5696b4b276679e35c78e6a8821cf4	/home/aella/aws-discovery-jammy-noble-retry-20260831/upgrade-discovery/jammy-to-noble/runtime/deb-cache/e0/e1/e0e164d76f7628ff4f9217fc7ef58652b57661e3a3de718586c558ede3de56cd
jammy-to-noble	2026-08-31T12:42:29Z	GET	http://ap-northeast-2.ec2.archive.ubuntu.com/ubuntu/pool/universe/p/python-keyring/python3-keyring_24.3.1-1_all.deb	http://ap-northeast-2.ec2.archive.ubuntu.com/ubuntu/pool/universe/p/python-keyring/python3-keyring_24.3.1-1_all.deb	200	40274	b3b5416fa74ae1271bb54c601599df22f53fdce88eeb66a31931ca5fd313a5c3	/home/aella/aws-discovery-jammy-noble-retry-20260831/upgrade-discovery/jammy-to-noble/runtime/deb-cache/18/42/1842e7135e8fe233af1bc86b50fb1a9c0e5a36c7f2527c02d2606dd46d0f9db6
jammy-to-noble	2026-08-31T12:42:29Z	GET	http://ap-northeast-2.ec2.archive.ubuntu.com/ubuntu/pool/universe/p/python-lockfile/python3-lockfile_0.12.2-3_all.deb	http://ap-northeast-2.ec2.archive.ubuntu.com/ubuntu/pool/universe/p/python-lockfile/python3-lockfile_0.12.2-3_all.deb	200	13738	5b90f9a2832a5e3dd9c2233426dbe21c32c8b43f5e45b99175a66696106fab1f	/home/aella/aws-discovery-jammy-noble-retry-20260831/upgrade-discovery/jammy-to-noble/runtime/deb-cache/06/88/0688b97780872ed680987147c1a1d2b564cdc653ee33d98fbd096bc35b8c99a5
jammy-to-noble	2026-08-31T12:42:30Z	GET	http://ap-northeast-2.ec2.archive.ubuntu.com/ubuntu/pool/universe/libc/libcloud/python3-libcloud_3.4.1-5_all.deb	http://ap-northeast-2.ec2.archive.ubuntu.com/ubuntu/pool/universe/libc/libcloud/python3-libcloud_3.4.1-5_all.deb	200	751260	36257095308abeeafc52401de83438f17606245db90692e4961c4b99aabf5003	/home/aella/aws-discovery-jammy-noble-retry-20260831/upgrade-discovery/jammy-to-noble/runtime/deb-cache/e4/3b/e43bb90903c8b6825565277203975851c006c3281c139f5a2584417ea5288a19
jammy-to-noble	2026-08-31T12:42:30Z	GET	http://ap-northeast-2.ec2.archive.ubuntu.com/ubuntu/pool/universe/p/python-ntlm-auth/python3-ntlm-auth_1.5.0-1_all.deb	http://ap-northeast-2.ec2.archive.ubuntu.com/ubuntu/pool/universe/p/python-ntlm-auth/python3-ntlm-auth_1.5.0-1_all.deb	200	21332	f5f0c191478f9e01eee232e2a069723217091209181f0a91cee79a6a9453bae0	/home/aella/aws-discovery-jammy-noble-retry-20260831/upgrade-discovery/jammy-to-noble/runtime/deb-cache/f0/23/f0236a7dc2a5a4778a1e68896f7e633dd49ea82cf27ce3d80eb297b583586aef
jammy-to-noble	2026-08-31T12:42:31Z	GET	http://ap-northeast-2.ec2.archive.ubuntu.com/ubuntu/pool/main/p/ptyprocess/python3-ptyprocess_0.7.0-5_all.deb	http://ap-northeast-2.ec2.archive.ubuntu.com/ubuntu/pool/main/p/ptyprocess/python3-ptyprocess_0.7.0-5_all.deb	200	15066	888d027a3b0181774fd21375887fa307b2ee67213059eee2ddbf83b4d92733a0	/home/aella/aws-discovery-jammy-noble-retry-20260831/upgrade-discovery/jammy-to-noble/runtime/deb-cache/50/19/50191d0519cdfa2de870eeda51d5d68c595201bcf48ac44f26f67519af2360e7
jammy-to-noble	2026-08-31T12:42:31Z	GET	http://ap-northeast-2.ec2.archive.ubuntu.com/ubuntu/pool/main/p/pexpect/python3-pexpect_4.9-2_all.deb	http://ap-northeast-2.ec2.archive.ubuntu.com/ubuntu/pool/main/p/pexpect/python3-pexpect_4.9-2_all.deb	200	48108	cd1a55d1f487273dc21f6e2e6a627d9d9f87eb4ee9d8050ab2478eea31612ba0	/home/aella/aws-discovery-jammy-noble-retry-20260831/upgrade-discovery/jammy-to-noble/runtime/deb-cache/ad/90/ad903c3d08ecd8b3e9d81bbe313d48c63c94074200681ba5a075ba55c261167c
jammy-to-noble	2026-08-31T12:42:31Z	GET	http://ap-northeast-2.ec2.archive.ubuntu.com/ubuntu/pool/main/w/wcwidth/python3-wcwidth_0.2.5%2bdfsg1-1.1ubuntu1_all.deb	http://ap-northeast-2.ec2.archive.ubuntu.com/ubuntu/pool/main/w/wcwidth/python3-wcwidth_0.2.5%2bdfsg1-1.1ubuntu1_all.deb	200	22506	1c75f3638a9709353111f66e6b4cdc6371beb21bee962f954a176410568aff40	/home/aella/aws-discovery-jammy-noble-retry-20260831/upgrade-discovery/jammy-to-noble/runtime/deb-cache/cb/b8/cbb8a38838e64d32dfee2f1ea701c8886cef72ece8f0b04650a094628d828d1b
jammy-to-noble	2026-08-31T12:42:31Z	GET	http://ap-northeast-2.ec2.archive.ubuntu.com/ubuntu/pool/main/p/prettytable/python3-prettytable_3.6.0-2_all.deb	http://ap-northeast-2.ec2.archive.ubuntu.com/ubuntu/pool/main/p/prettytable/python3-prettytable_3.6.0-2_all.deb	200	32846	9a4d05bfde87cde1968511a49a640462e3e32b32f6899594bf4d053b7cbcad5e	/home/aella/aws-discovery-jammy-noble-retry-20260831/upgrade-discovery/jammy-to-noble/runtime/deb-cache/b7/56/b756de0ef88b2bf633648725f1e13c17f239a3bd31a26ebac013869b1094ede7
jammy-to-noble	2026-08-31T12:42:32Z	GET	http://ap-northeast-2.ec2.archive.ubuntu.com/ubuntu/pool/universe/p/pycryptodome/python3-pycryptodome_3.20.0%2bdfsg-1_amd64.deb	http://ap-northeast-2.ec2.archive.ubuntu.com/ubuntu/pool/universe/p/pycryptodome/python3-pycryptodome_3.20.0%2bdfsg-1_amd64.deb	200	1089256	e9f2752e5a1f8ffcc567726c54fd6a651bb2f5b215b71a744d06777211a55938	/home/aella/aws-discovery-jammy-noble-retry-20260831/upgrade-discovery/jammy-to-noble/runtime/deb-cache/1d/ed/1dedde4a128b19f44855ed7baffa66f500bd6000ea64a178f83c9d0d5ecfe3e3
jammy-to-noble	2026-08-31T12:42:32Z	GET	http://ap-northeast-2.ec2.archive.ubuntu.com/ubuntu/pool/universe/p/python-requests-ntlm/python3-requests-ntlm_1.1.0-3_all.deb	http://ap-northeast-2.ec2.archive.ubuntu.com/ubuntu/pool/universe/p/python-requests-ntlm/python3-requests-ntlm_1.1.0-3_all.deb	200	6308	a57722a9d1b510bc71bd9eb3e9383b67341575bf36457456be16021559cb38b3	/home/aella/aws-discovery-jammy-noble-retry-20260831/upgrade-discovery/jammy-to-noble/runtime/deb-cache/42/bc/42bc73eef16138eeee308f0dba8e92c76c3d9954aa2fff80598305af58c67466
jammy-to-noble	2026-08-31T12:42:33Z	GET	http://ap-northeast-2.ec2.archive.ubuntu.com/ubuntu/pool/universe/p/python-requests-toolbelt/python3-requests-toolbelt_1.0.0-2_all.deb	http://ap-northeast-2.ec2.archive.ubuntu.com/ubuntu/pool/universe/p/python-requests-toolbelt/python3-requests-toolbelt_1.0.0-2_all.deb	200	36734	5a5cddf416e4f25b99d0840894cd9d2a52e56edcc4cd83b9b4cb09ab0edbbbd6	/home/aella/aws-discovery-jammy-noble-retry-20260831/upgrade-discovery/jammy-to-noble/runtime/deb-cache/77/0b/770b6766a3bd5dcae0ffc7ccb9abc993d210e17c008680b7a45b5c8d733a708f
jammy-to-noble	2026-08-31T12:42:33Z	GET	http://ap-northeast-2.ec2.archive.ubuntu.com/ubuntu/pool/universe/p/python-requests-unixsocket/python3-requests-unixsocket_0.3.0-3ubuntu3_all.deb	http://ap-northeast-2.ec2.archive.ubuntu.com/ubuntu/pool/universe/p/python-requests-unixsocket/python3-requests-unixsocket_0.3.0-3ubuntu3_all.deb	200	7438	6ea2224f9c1b3ade67daff87f791efc3f229efb457fe891a0721b220993f6965	/home/aella/aws-discovery-jammy-noble-retry-20260831/upgrade-discovery/jammy-to-noble/runtime/deb-cache/7d/9c/7d9cdc90571254eb255ce7f010bf469f16d13120741e45d13de2a54ab1e60e72
jammy-to-noble	2026-08-31T12:42:33Z	GET	http://ap-northeast-2.ec2.archive.ubuntu.com/ubuntu/pool/main/p/pyserial/python3-serial_3.5-2_all.deb	http://ap-northeast-2.ec2.archive.ubuntu.com/ubuntu/pool/main/p/pyserial/python3-serial_3.5-2_all.deb	200	78642	8a85d5160f57558edfae21efb34b7c9c645c8107109354edf68414afb9e177e3	/home/aella/aws-discovery-jammy-noble-retry-20260831/upgrade-discovery/jammy-to-noble/runtime/deb-cache/06/e2/06e2c021a43278c9f755f29570f091b3b700f419eee3386d172bf1b2278e2a06
jammy-to-noble	2026-08-31T12:42:33Z	GET	http://ap-northeast-2.ec2.archive.ubuntu.com/ubuntu/pool/main/s/software-properties/software-properties-common_0.99.49.4_all.deb	http://ap-northeast-2.ec2.archive.ubuntu.com/ubuntu/pool/main/s/software-properties/software-properties-common_0.99.49.4_all.deb	200	14438	36e179d8d4f8be092b090db03c68dd4b9214c1917e4f5ab77b9ba06bf85723ae	/home/aella/aws-discovery-jammy-noble-retry-20260831/upgrade-discovery/jammy-to-noble/runtime/deb-cache/98/ba/98ba7a70fc810ce78fc1726e06e4ce208b23394c716d047c38a425c19af8086d
jammy-to-noble	2026-08-31T12:42:33Z	GET	http://ap-northeast-2.ec2.archive.ubuntu.com/ubuntu/pool/main/s/software-properties/python3-software-properties_0.99.49.4_all.deb	http://ap-northeast-2.ec2.archive.ubuntu.com/ubuntu/pool/main/s/software-properties/python3-software-properties_0.99.49.4_all.deb	200	30004	856df960f441aee189ac1851d79838bc3dc3287b4f48a4c2d5e56d47b93d41bd	/home/aella/aws-discovery-jammy-noble-retry-20260831/upgrade-discovery/jammy-to-noble/runtime/deb-cache/27/32/273298db58f95e59c306fca9b648ddd5d1234937fad185ff3c11f64ed2c01d4f
jammy-to-noble	2026-08-31T12:42:34Z	GET	http://ap-northeast-2.ec2.archive.ubuntu.com/ubuntu/pool/main/p/python-xmltodict/python3-xmltodict_0.13.0-1ubuntu0.24.04.1_all.deb	http://ap-northeast-2.ec2.archive.ubuntu.com/ubuntu/pool/main/p/python-xmltodict/python3-xmltodict_0.13.0-1ubuntu0.24.04.1_all.deb	200	14252	04e04f661b8c38da52324012e3580d6a6f5605131fd53fdb3320b5805b418d29	/home/aella/aws-discovery-jammy-noble-retry-20260831/upgrade-discovery/jammy-to-noble/runtime/deb-cache/62/16/6216cb1d7b8d3e2149029cd58130d287373ef92c47bf34d6a16d583308c62e3c
jammy-to-noble	2026-08-31T12:42:34Z	GET	http://ap-northeast-2.ec2.archive.ubuntu.com/ubuntu/pool/universe/p/pywinrm/python3-winrm_0.4.3-2_all.deb	http://ap-northeast-2.ec2.archive.ubuntu.com/ubuntu/pool/universe/p/pywinrm/python3-winrm_0.4.3-2_all.deb	200	31924	07e135dd072de42544afa8edcdedca34874e63f5a9fcdac54073b420e25dfb4f	/home/aella/aws-discovery-jammy-noble-retry-20260831/upgrade-discovery/jammy-to-noble/runtime/deb-cache/a0/af/a0afde58d717e835ea0a69f1b0fe65bf5fc836c7f1bd770d6a79752a293b35d5
jammy-to-noble	2026-08-31T12:42:34Z	GET	http://ap-northeast-2.ec2.archive.ubuntu.com/ubuntu/pool/universe/r/rename/rename_2.02-1_all.deb	http://ap-northeast-2.ec2.archive.ubuntu.com/ubuntu/pool/universe/r/rename/rename_2.02-1_all.deb	200	20328	b16e94226499c72d5208eb5df1e0b11fe0fcffa81e31f81bda80fe89b9abe5ae	/home/aella/aws-discovery-jammy-noble-retry-20260831/upgrade-discovery/jammy-to-noble/runtime/deb-cache/04/f7/04f711316f80ab5fd44f6a4262ea4055adee6eb4f1c3e4c45f7fa49233caeb60
jammy-to-noble	2026-08-31T12:42:34Z	GET	http://ap-northeast-2.ec2.archive.ubuntu.com/ubuntu/pool/main/r/run-one/run-one_1.17-0ubuntu2_all.deb	http://ap-northeast-2.ec2.archive.ubuntu.com/ubuntu/pool/main/r/run-one/run-one_1.17-0ubuntu2_all.deb	200	5650	fea035fbcb0b3212a9fe8681eddfe84b48e87d5bc2ccd0e4f0e652521906812e	/home/aella/aws-discovery-jammy-noble-retry-20260831/upgrade-discovery/jammy-to-noble/runtime/deb-cache/ad/81/ad819432d0cadb8700cbc0c214a6423cf70acce5bae0ea35c6be194b52db3307
jammy-to-noble	2026-08-31T12:42:35Z	GET	http://ap-northeast-2.ec2.archive.ubuntu.com/ubuntu/pool/main/s/sbsigntool/sbsigntool_0.9.4-3.1ubuntu7_amd64.deb	http://ap-northeast-2.ec2.archive.ubuntu.com/ubuntu/pool/main/s/sbsigntool/sbsigntool_0.9.4-3.1ubuntu7_amd64.deb	200	52398	ae14776b92b5ae136c1a122086eadedd2110075319df4f54632fba717c85c35f	/home/aella/aws-discovery-jammy-noble-retry-20260831/upgrade-discovery/jammy-to-noble/runtime/deb-cache/65/22/65227969e239404bdb2c4d5c725a68d84c2ba5a726052b63348cce63af77e347
jammy-to-noble	2026-08-31T12:42:35Z	GET	http://ap-northeast-2.ec2.archive.ubuntu.com/ubuntu/pool/main/s/screen/screen_4.9.1-1ubuntu1_amd64.deb	http://ap-northeast-2.ec2.archive.ubuntu.com/ubuntu/pool/main/s/screen/screen_4.9.1-1ubuntu1_amd64.deb	200	653752	8fed84af7de16c1f486be506ef40431fc2cb73b5fb705f2c17de5875f0507d0b	/home/aella/aws-discovery-jammy-noble-retry-20260831/upgrade-discovery/jammy-to-noble/runtime/deb-cache/ee/74/ee748406b5943a00f564a1f23c682ed975b5289672b1a5a79211cbc5a67ea83f
jammy-to-noble	2026-08-31T12:42:36Z	GET	http://ap-northeast-2.ec2.archive.ubuntu.com/ubuntu/pool/main/s/secureboot-db/secureboot-db_1.9build1_amd64.deb	http://ap-northeast-2.ec2.archive.ubuntu.com/ubuntu/pool/main/s/secureboot-db/secureboot-db_1.9build1_amd64.deb	200	18994	efc42b7b4b9c4a5ea8fe44d919b7844687ebb262095b76330d6e5366283ed786	/home/aella/aws-discovery-jammy-noble-retry-20260831/upgrade-discovery/jammy-to-noble/runtime/deb-cache/9d/a6/9da6cc14f55165ae3ed9337ddc5aca7138b5e9004369f3ec3f60df0017dece71
jammy-to-noble	2026-08-31T12:42:36Z	GET	http://ap-northeast-2.ec2.archive.ubuntu.com/ubuntu/pool/main/p/python-magic/python3-magic_0.4.27-3_all.deb	http://ap-northeast-2.ec2.archive.ubuntu.com/ubuntu/pool/main/p/python-magic/python3-magic_0.4.27-3_all.deb	200	13416	ef317e08df2506c8bd8604ad3554c2f4b8c00a3bd317e3e0f3ddc9cd0dc11c22	/home/aella/aws-discovery-jammy-noble-retry-20260831/upgrade-discovery/jammy-to-noble/runtime/deb-cache/be/27/be275de4efe17e052f0fc103ce712e64a79e71df10700b4d2a10be3d55acd06e
jammy-to-noble	2026-08-31T12:42:36Z	GET	http://ap-northeast-2.ec2.archive.ubuntu.com/ubuntu/pool/main/s/sosreport/sosreport_4.10.2-0ubuntu0%7e24.04.1_amd64.deb	http://ap-northeast-2.ec2.archive.ubuntu.com/ubuntu/pool/main/s/sosreport/sosreport_4.10.2-0ubuntu0%7e24.04.1_amd64.deb	200	380980	1dfce64fa3185bd67fcbff461c430fc940ab8143be03b1035b7dce1cc450ad35	/home/aella/aws-discovery-jammy-noble-retry-20260831/upgrade-discovery/jammy-to-noble/runtime/deb-cache/95/6e/956eea05dfc747cab5b6f201cea8f963fdcc61cc0a8d32f753805885568a0e72
jammy-to-noble	2026-08-31T12:42:36Z	GET	http://ap-northeast-2.ec2.archive.ubuntu.com/ubuntu/pool/main/t/tcltk-defaults/tcl_8.6.14build1_amd64.deb	http://ap-northeast-2.ec2.archive.ubuntu.com/ubuntu/pool/main/t/tcltk-defaults/tcl_8.6.14build1_amd64.deb	200	4124	4f3faeee46c154ffa5f94383120443a2ba3f9aae30a6ea49ad08e4488d2a8d3f	/home/aella/aws-discovery-jammy-noble-retry-20260831/upgrade-discovery/jammy-to-noble/runtime/deb-cache/e6/89/e689c54536aa984dd85c7705d158352fb6d1bfd2d20349bf52b8edafdddfbeff
jammy-to-noble	2026-08-31T12:42:36Z	GET	http://ap-northeast-2.ec2.archive.ubuntu.com/ubuntu/pool/main/t/tcl8.6/tcl8.6_8.6.14%2bdfsg-1build1_amd64.deb	http://ap-northeast-2.ec2.archive.ubuntu.com/ubuntu/pool/main/t/tcl8.6/tcl8.6_8.6.14%2bdfsg-1build1_amd64.deb	200	14736	c262c559f67f37a150376c164642f63519469ed288559257f7502aae5448748c	/home/aella/aws-discovery-jammy-noble-retry-20260831/upgrade-discovery/jammy-to-noble/runtime/deb-cache/d3/f2/d3f22132016fefbde36492db85cfc8d43f0ac2e236ea1b77ee001ebf5a4d9c6e
jammy-to-noble	2026-08-31T12:42:36Z	GET	http://ap-northeast-2.ec2.archive.ubuntu.com/ubuntu/pool/main/t/thin-provisioning-tools/thin-provisioning-tools_0.9.0-2ubuntu5.1_amd64.deb	http://ap-northeast-2.ec2.archive.ubuntu.com/ubuntu/pool/main/t/thin-provisioning-tools/thin-provisioning-tools_0.9.0-2ubuntu5.1_amd64.deb	200	435754	c7fed85c84eb2a950cee181b8b7f6f0be1541b44ddae4d0e827f77d6d417d647	/home/aella/aws-discovery-jammy-noble-retry-20260831/upgrade-discovery/jammy-to-noble/runtime/deb-cache/75/4c/754cb4fed69a29bacaf1a34c5e2ec415ed7acd53aa5e33d325f8774f96795a89
jammy-to-noble	2026-08-31T12:42:36Z	GET	http://ap-northeast-2.ec2.archive.ubuntu.com/ubuntu/pool/main/t/tpm-udev/tpm-udev_0.6ubuntu1_all.deb	http://ap-northeast-2.ec2.archive.ubuntu.com/ubuntu/pool/main/t/tpm-udev/tpm-udev_0.6ubuntu1_all.deb	200	4226	7ff6b02368f0db0589a509209383e8a875934bc92f3cca737633dbffaf186023	/home/aella/aws-discovery-jammy-noble-retry-20260831/upgrade-discovery/jammy-to-noble/runtime/deb-cache/79/9a/799aa07bf8e346173cb772e5d9cfd55926e45a937068e451073b57e4be467cb8
jammy-to-noble	2026-08-31T12:42:37Z	GET	http://ap-northeast-2.ec2.archive.ubuntu.com/ubuntu/pool/universe/t/traceroute/traceroute_2.1.5-1_amd64.deb	http://ap-northeast-2.ec2.archive.ubuntu.com/ubuntu/pool/universe/t/traceroute/traceroute_2.1.5-1_amd64.deb	200	60520	ee9d51e5abfb13caee0be5f00d5de97c5e858161ae10142493812087c9cd0d17	/home/aella/aws-discovery-jammy-noble-retry-20260831/upgrade-discovery/jammy-to-noble/runtime/deb-cache/31/65/31653a16fd535f4fde697ac188ace6058736a3debbde3e620bd6209abecc19cd
jammy-to-noble	2026-08-31T12:42:38Z	GET	http://ap-northeast-2.ec2.archive.ubuntu.com/ubuntu/pool/universe/u/ubuntu-advantage-tools/ubuntu-advantage-tools_37.2ubuntu%7e24.04.1_all.deb	http://ap-northeast-2.ec2.archive.ubuntu.com/ubuntu/pool/universe/u/ubuntu-advantage-tools/ubuntu-advantage-tools_37.2ubuntu%7e24.04.1_all.deb	200	10946	a1af36eb163ec241c35a5b68faa5faa222be6aed64a78b95d917115e6178ba63	/home/aella/aws-discovery-jammy-noble-retry-20260831/upgrade-discovery/jammy-to-noble/runtime/deb-cache/7e/41/7e41886d32d7526d65dbda2fb3282a6495b5417d503798e8127fbee7f58716ed
jammy-to-noble	2026-08-31T12:42:38Z	GET	http://ap-northeast-2.ec2.archive.ubuntu.com/ubuntu/pool/universe/u/ubuntu-keyring/ubuntu-cloudimage-keyring_2023.11.28.1_all.deb	http://ap-northeast-2.ec2.archive.ubuntu.com/ubuntu/pool/universe/u/ubuntu-keyring/ubuntu-cloudimage-keyring_2023.11.28.1_all.deb	200	1524	42cf4d3604b468daf87a98c0e4ffaa6f491fc239f11eebee6d40a3f21302726c	/home/aella/aws-discovery-jammy-noble-retry-20260831/upgrade-discovery/jammy-to-noble/runtime/deb-cache/e9/f2/e9f218a4e368f70e64c9070bb53c7b71b2f7a0c15b98df99ed13cd1dd52ed818
jammy-to-noble	2026-08-31T12:42:38Z	GET	http://ap-northeast-2.ec2.archive.ubuntu.com/ubuntu/pool/main/c/cloud-utils/cloud-guest-utils_0.33-1_all.deb	http://ap-northeast-2.ec2.archive.ubuntu.com/ubuntu/pool/main/c/cloud-utils/cloud-guest-utils_0.33-1_all.deb	200	19528	4a9a79b50a58c68c09430675cf4849abd6bd3ec386dc4c55c0f8e76acadfa441	/home/aella/aws-discovery-jammy-noble-retry-20260831/upgrade-discovery/jammy-to-noble/runtime/deb-cache/6a/e1/6ae1364cf03a3bef578bd6171bc35c85ebbcc6a2750a18f0d8a5d8fca4db89dd
jammy-to-noble	2026-08-31T12:42:38Z	GET	http://ap-northeast-2.ec2.archive.ubuntu.com/ubuntu/pool/main/c/cloud-initramfs-tools/cloud-initramfs-copymods_0.49%7e24.04.1_all.deb	http://ap-northeast-2.ec2.archive.ubuntu.com/ubuntu/pool/main/c/cloud-initramfs-tools/cloud-initramfs-copymods_0.49%7e24.04.1_all.deb	200	3960	2d119377727d63e271a033ff68fbcc61eddf2db3fbe19146f6aa368bc1d4ee33	/home/aella/aws-discovery-jammy-noble-retry-20260831/upgrade-discovery/jammy-to-noble/runtime/deb-cache/1a/a9/1aa9972016003375aa323bca50befbde995ba6ae46bf8571c748d4ee768c54f6
jammy-to-noble	2026-08-31T12:42:38Z	GET	http://ap-northeast-2.ec2.archive.ubuntu.com/ubuntu/pool/main/c/cloud-initramfs-tools/cloud-initramfs-dyn-netconf_0.49%7e24.04.1_all.deb	http://ap-northeast-2.ec2.archive.ubuntu.com/ubuntu/pool/main/c/cloud-initramfs-tools/cloud-initramfs-dyn-netconf_0.49%7e24.04.1_all.deb	200	6454	abeec2a8e9ceda045bffcd0e939a266fbf123654375f3fec7a686d2ecc8735e2	/home/aella/aws-discovery-jammy-noble-retry-20260831/upgrade-discovery/jammy-to-noble/runtime/deb-cache/42/e3/42e36b0d285744030decfb070543cc07a1de28be9c0fa8f547e94cf44026e134
jammy-to-noble	2026-08-31T12:42:39Z	GET	http://ap-northeast-2.ec2.archive.ubuntu.com/ubuntu/pool/main/c/cloud-initramfs-tools/overlayroot_0.49%7e24.04.1_all.deb	http://ap-northeast-2.ec2.archive.ubuntu.com/ubuntu/pool/main/c/cloud-initramfs-tools/overlayroot_0.49%7e24.04.1_all.deb	200	15822	83888163dc1f752e01e1d9ef4c24f69ad5d5f5007c92ea35f4d2653f6a47d41f	/home/aella/aws-discovery-jammy-noble-retry-20260831/upgrade-discovery/jammy-to-noble/runtime/deb-cache/9a/a7/9aa75b2af5ef2d52593bb2951700d89fa3db80e50185fced69c5cdbeb07be6a4
jammy-to-noble	2026-08-31T12:42:39Z	GET	http://ap-northeast-2.ec2.archive.ubuntu.com/ubuntu/pool/main/x/xfsprogs/xfsprogs_6.6.0-1ubuntu2.1_amd64.deb	http://ap-northeast-2.ec2.archive.ubuntu.com/ubuntu/pool/main/x/xfsprogs/xfsprogs_6.6.0-1ubuntu2.1_amd64.deb	200	900936	2da65187043b2f8739f68d919faec7c1a4c172804c6a7cd6d816e02dd941bc71	/home/aella/aws-discovery-jammy-noble-retry-20260831/upgrade-discovery/jammy-to-noble/runtime/deb-cache/44/3a/443a73bfd059ccbb0aa6c2b22e8d27f87c84510a8a7ba77f9540fb212d2b2181
jammy-to-noble	2026-08-31T12:42:39Z	GET	http://ap-northeast-2.ec2.archive.ubuntu.com/ubuntu/pool/main/u/ubuntu-meta/ubuntu-server_1.539.2_amd64.deb	http://ap-northeast-2.ec2.archive.ubuntu.com/ubuntu/pool/main/u/ubuntu-meta/ubuntu-server_1.539.2_amd64.deb	200	11012	9a38ea62d6309429d6283592c7f9439652ff76d47212010c126ab9cd623be2b6	/home/aella/aws-discovery-jammy-noble-retry-20260831/upgrade-discovery/jammy-to-noble/runtime/deb-cache/ca/8a/ca8a96b5c71845fa7ff229643e36967158c616a0b6af82a05fecb6d27e0f717c
jammy-to-noble	2026-08-31T12:42:39Z	GET	http://ap-northeast-2.ec2.archive.ubuntu.com/ubuntu/pool/main/s/shadow/uidmap_4.13%2bdfsg1-4ubuntu3.2_amd64.deb	http://ap-northeast-2.ec2.archive.ubuntu.com/ubuntu/pool/main/s/shadow/uidmap_4.13%2bdfsg1-4ubuntu3.2_amd64.deb	200	26006	a80cb7f72dd18c73cbb0b07b7fbe855504f26bfafae072a9b3d125c89d499b9e	/home/aella/aws-discovery-jammy-noble-retry-20260831/upgrade-discovery/jammy-to-noble/runtime/deb-cache/24/a5/24a52af492c986f1b3224d8e194a86d5d632bc5fb252a922c5e59d40b6d31872
jammy-to-noble	2026-08-31T12:42:39Z	GET	http://ap-northeast-2.ec2.archive.ubuntu.com/ubuntu/pool/main/u/unattended-upgrades/unattended-upgrades_2.9.1%2bnmu4ubuntu1_all.deb	http://ap-northeast-2.ec2.archive.ubuntu.com/ubuntu/pool/main/u/unattended-upgrades/unattended-upgrades_2.9.1%2bnmu4ubuntu1_all.deb	200	51198	13c576c7d8184f509d5ddc4d75bec6e62ef3f745319cce60f8131f401091113b	/home/aella/aws-discovery-jammy-noble-retry-20260831/upgrade-discovery/jammy-to-noble/runtime/deb-cache/e9/b1/e9b17f09693380c1157f5e331b1e5c425439a360078d9c5a25f7ca95d0df1090
jammy-to-noble	2026-08-31T12:42:39Z	GET	http://ap-northeast-2.ec2.archive.ubuntu.com/ubuntu/pool/main/u/unzip/unzip_6.0-28ubuntu4.1_amd64.deb	http://ap-northeast-2.ec2.archive.ubuntu.com/ubuntu/pool/main/u/unzip/unzip_6.0-28ubuntu4.1_amd64.deb	200	174454	a505b9d491386167bd8e14e3383315a4a7d6539e4406745901ccf009a7988271	/home/aella/aws-discovery-jammy-noble-retry-20260831/upgrade-discovery/jammy-to-noble/runtime/deb-cache/78/d4/78d4fba187d0426a6cdd908bdf8464f5c54407a19bcd7043c2bf5da33e6ff4ff
jammy-to-noble	2026-08-31T12:42:39Z	GET	http://ap-northeast-2.ec2.archive.ubuntu.com/ubuntu/pool/main/z/zip/zip_3.0-13ubuntu0.2_amd64.deb	http://ap-northeast-2.ec2.archive.ubuntu.com/ubuntu/pool/main/z/zip/zip_3.0-13ubuntu0.2_amd64.deb	200	175652	30b325b542ef8e9a22a5e1e1cfce8c4f4b75db73e339e76bf405b635861f1f76	/home/aella/aws-discovery-jammy-noble-retry-20260831/upgrade-discovery/jammy-to-noble/runtime/deb-cache/15/a1/15a14a645709324062e9ac129c8d89a902a9a7a1de70ad6ea5b3c1f7e22ca408
jammy-to-noble	2026-08-31T12:42:39Z	GET	http://ap-northeast-2.ec2.archive.ubuntu.com/ubuntu/pool/main/g/gdisk/gdisk_1.0.10-1build1_amd64.deb	http://ap-northeast-2.ec2.archive.ubuntu.com/ubuntu/pool/main/g/gdisk/gdisk_1.0.10-1build1_amd64.deb	200	252838	4d899a8d2baf3296bdc566924330f534bb8d345ffedea194b588864d7c0469ba	/home/aella/aws-discovery-jammy-noble-retry-20260831/upgrade-discovery/jammy-to-noble/runtime/deb-cache/ef/0d/ef0d63df72964dbcd198463dc0e91cd307b212b11de6f2d7fdb7669d690b0e37
jammy-to-noble	2026-08-31T12:42:39Z	GET	http://ap-northeast-2.ec2.archive.ubuntu.com/ubuntu/pool/main/p/python-passlib/python3-passlib_1.7.4-4_all.deb	http://ap-northeast-2.ec2.archive.ubuntu.com/ubuntu/pool/main/p/python-passlib/python3-passlib_1.7.4-4_all.deb	200	475540	351abecc9b0c690b7b0a400c8df7dd9605b43db400f48e10f329ae58c49cfe4e	/home/aella/aws-discovery-jammy-noble-retry-20260831/upgrade-discovery/jammy-to-noble/runtime/deb-cache/0d/55/0d55efdc2a7cf86a0400aa105ae90898495806c2ba8028ff9e6d4d209b05d350
jammy-to-noble	2026-08-31T12:42:39Z	GET	http://ap-northeast-2.ec2.archive.ubuntu.com/ubuntu/pool/main/s/socat/socat_1.8.0.0-4ubuntu0.1_amd64.deb	http://ap-northeast-2.ec2.archive.ubuntu.com/ubuntu/pool/main/s/socat/socat_1.8.0.0-4ubuntu0.1_amd64.deb	200	374324	46e854289b6b1c97e28be5d9293bea61e8633d00d6a65d9513f019c7232696fe	/home/aella/aws-discovery-jammy-noble-retry-20260831/upgrade-discovery/jammy-to-noble/runtime/deb-cache/4f/ee/4fee425129efec0d33677a2bde3fdd2434ef5d158cbbf9e3d59ac7e6d36f0f0b
jammy-to-noble	2026-08-31T12:42:40Z	GET	http://ap-northeast-2.ec2.archive.ubuntu.com/ubuntu/pool/main/s/ssh-import-id/ssh-import-id_5.11-0ubuntu2.24.04.1_all.deb	http://ap-northeast-2.ec2.archive.ubuntu.com/ubuntu/pool/main/s/ssh-import-id/ssh-import-id_5.11-0ubuntu2.24.04.1_all.deb	200	10140	97bb2840a271ee0573da934ce1811f961e4b844fe876e34602b4661db25135b5	/home/aella/aws-discovery-jammy-noble-retry-20260831/upgrade-discovery/jammy-to-noble/runtime/deb-cache/01/ba/01bacbc4b57224cdc8944f42a12adf5f2c1e78c1e52c694c3d21dd1297e57d05
jammy-to-noble	2026-08-31T12:42:40Z	GET	http://ap-northeast-2.ec2.archive.ubuntu.com/ubuntu/pool/main/u/usb-modeswitch-data/usb-modeswitch-data_20191128-6_all.deb	http://ap-northeast-2.ec2.archive.ubuntu.com/ubuntu/pool/main/u/usb-modeswitch-data/usb-modeswitch-data_20191128-6_all.deb	200	30260	5876392944e57dd450c5aba8d077458ae87cbbfc810ab127643954afc1111f51	/home/aella/aws-discovery-jammy-noble-retry-20260831/upgrade-discovery/jammy-to-noble/runtime/deb-cache/fd/6c/fd6c15e44a1ef40ec29942172d9ce21ab877cf606b8d7a7e6bae0e3693b0adbf
jammy-to-noble	2026-08-31T12:42:41Z	GET	http://ap-northeast-2.ec2.archive.ubuntu.com/ubuntu/pool/main/u/usb-modeswitch/usb-modeswitch_2.6.1-3ubuntu3_amd64.deb	http://ap-northeast-2.ec2.archive.ubuntu.com/ubuntu/pool/main/u/usb-modeswitch/usb-modeswitch_2.6.1-3ubuntu3_amd64.deb	200	44024	18c0617408a0df01d8e246f6b6c66a1beb365fac28f90bac69a6fb9bbf9d8af2	/home/aella/aws-discovery-jammy-noble-retry-20260831/upgrade-discovery/jammy-to-noble/runtime/deb-cache/f3/b8/f3b83f7af61bc56d8f77a7fbb976d6410cc13e3b6a77b2de7c18d434154a3bbf
