hop	requested_at	method	original_url	final_url	http_status	size_bytes	sha256	local_path
xenial-to-bionic	2026-08-31T10:58:28Z	GET	http://ap-northeast-2.ec2.archive.ubuntu.com/ubuntu/dists/xenial/InRelease	http://ap-northeast-2.ec2.archive.ubuntu.com/ubuntu/dists/xenial/InRelease	200	246846	30e9ff343d9ec0b64d28d27010bf472090bb3399b4b6bc5aee077085e920e89b	/home/aella/aws-discovery-xenial-bionic-retry2-20260831/upgrade-discovery/xenial-to-bionic/runtime/deb-cache/38/39/38394c3df726bd17dde2ce7619cf68d2f25ac459430ee14aa9c6b1020e204653
xenial-to-bionic	2026-08-31T10:58:28Z	GET	http://ap-northeast-2.ec2.archive.ubuntu.com/ubuntu/dists/xenial-updates/InRelease	http://ap-northeast-2.ec2.archive.ubuntu.com/ubuntu/dists/xenial-updates/InRelease	200	105657	c66c21b2cdca7e6155fbf2c6af1f37a3b788cdead3b28dc4c845e734b87dce6b	/home/aella/aws-discovery-xenial-bionic-retry2-20260831/upgrade-discovery/xenial-to-bionic/runtime/deb-cache/73/86/7386d1204183ee7e3e38ff5ce11b1a5f858a80ceead2cd48b182fbf18a1c5af0
xenial-to-bionic	2026-08-31T10:58:28Z	GET	http://ap-northeast-2.ec2.archive.ubuntu.com/ubuntu/dists/xenial-backports/InRelease	http://ap-northeast-2.ec2.archive.ubuntu.com/ubuntu/dists/xenial-backports/InRelease	200	105705	337c90957a935b2dad8e3e26da0ec2df0910a6d8ca026856261cb1e624810ecf	/home/aella/aws-discovery-xenial-bionic-retry2-20260831/upgrade-discovery/xenial-to-bionic/runtime/deb-cache/5b/19/5b1926df3a8841bd5473d2526f01b0018e4116d66a6c67da229c904f0f318318
xenial-to-bionic	2026-08-31T10:58:28Z	GET	http://security.ubuntu.com/ubuntu/dists/xenial-security/InRelease	http://security.ubuntu.com/ubuntu/dists/xenial-security/InRelease	200	105659	07982b0847a3ad9f0edb4fa24c21a0f92a7871b20a6c42318d7151b7ba3e244f	/home/aella/aws-discovery-xenial-bionic-retry2-20260831/upgrade-discovery/xenial-to-bionic/runtime/deb-cache/62/78/6278124a9d2986b7a38a5d95d0e1c90dfa79922480ce3184905126f7b650698d
xenial-to-bionic	2026-08-31T10:59:14Z	GET	http://ap-northeast-2.ec2.archive.ubuntu.com/ubuntu/pool/main/b/base-files/motd-news-config_9.4ubuntu4.14_all.deb	http://ap-northeast-2.ec2.archive.ubuntu.com/ubuntu/pool/main/b/base-files/motd-news-config_9.4ubuntu4.14_all.deb	200	4480	b9b0cc3b64b2e1f3b8fcf390057d3cb3d6e30148482f73d770d723f3ea943406	/home/aella/aws-discovery-xenial-bionic-retry2-20260831/upgrade-discovery/xenial-to-bionic/runtime/deb-cache/b9/a6/b9a60ed01e37d6b7122fb99156cf9a9e1da0e5ea4144a2f85de11edba826e2d1
xenial-to-bionic	2026-08-31T10:59:14Z	GET	http://ap-northeast-2.ec2.archive.ubuntu.com/ubuntu/pool/main/b/base-files/base-files_9.4ubuntu4.14_amd64.deb	http://ap-northeast-2.ec2.archive.ubuntu.com/ubuntu/pool/main/b/base-files/base-files_9.4ubuntu4.14_amd64.deb	200	60898	82f7ad9bc2a9a0f84b2c62d9ebbd30e2ce429fcc51538879dbf88202e3d22221	/home/aella/aws-discovery-xenial-bionic-retry2-20260831/upgrade-discovery/xenial-to-bionic/runtime/deb-cache/36/5c/365c13a3cb2bbd9caf71d0df5f1127d4629b9b7b479c71a359881c1e595d6f5a
xenial-to-bionic	2026-08-31T10:59:15Z	GET	http://ap-northeast-2.ec2.archive.ubuntu.com/ubuntu/pool/main/g/glibc/locales_2.23-0ubuntu11.3_all.deb	http://ap-northeast-2.ec2.archive.ubuntu.com/ubuntu/pool/main/g/glibc/locales_2.23-0ubuntu11.3_all.deb	200	3196636	a347d902b853c627a18dba36ce14edf75b047170a12ce31588e0e7f7b01b7033	/home/aella/aws-discovery-xenial-bionic-retry2-20260831/upgrade-discovery/xenial-to-bionic/runtime/deb-cache/98/eb/98eb8f34083a06db63b88260f1f5cfb3df6b1de173d74bbdd09046088385a710
xenial-to-bionic	2026-08-31T10:59:15Z	GET	http://ap-northeast-2.ec2.archive.ubuntu.com/ubuntu/pool/main/g/glibc/libc-bin_2.23-0ubuntu11.3_amd64.deb	http://ap-northeast-2.ec2.archive.ubuntu.com/ubuntu/pool/main/g/glibc/libc-bin_2.23-0ubuntu11.3_amd64.deb	200	628652	d981726e05393f2c8058e5efd1a15fff14fe319c380c5f43475f13b5a2dc6e38	/home/aella/aws-discovery-xenial-bionic-retry2-20260831/upgrade-discovery/xenial-to-bionic/runtime/deb-cache/56/d1/56d1a692d087595fc712f6f88c7e856f65d4030f4fd1fbe8e8315630b28ca0a4
xenial-to-bionic	2026-08-31T10:59:15Z	GET	http://ap-northeast-2.ec2.archive.ubuntu.com/ubuntu/pool/main/a/apt/libapt-pkg5.0_1.2.35_amd64.deb	http://ap-northeast-2.ec2.archive.ubuntu.com/ubuntu/pool/main/a/apt/libapt-pkg5.0_1.2.35_amd64.deb	200	715106	7218bc48259830ebdd923a97cbca80dbe81276d51ac98bfd5df29aa2039e8025	/home/aella/aws-discovery-xenial-bionic-retry2-20260831/upgrade-discovery/xenial-to-bionic/runtime/deb-cache/8e/1c/8e1c40d16174eb1a6283edd05b6cbf60be5652c2b3b660ed0d7f265ad3569b3e
xenial-to-bionic	2026-08-31T10:59:15Z	GET	http://ap-northeast-2.ec2.archive.ubuntu.com/ubuntu/pool/main/a/apt/libapt-inst2.0_1.2.35_amd64.deb	http://ap-northeast-2.ec2.archive.ubuntu.com/ubuntu/pool/main/a/apt/libapt-inst2.0_1.2.35_amd64.deb	200	54820	50a6947053ad96970c84fabbea8b045658294f29a674a8ce4708edaa78133520	/home/aella/aws-discovery-xenial-bionic-retry2-20260831/upgrade-discovery/xenial-to-bionic/runtime/deb-cache/9c/d1/9cd1e3fb0eac3a301eff48375924bb36960784f3c9925e135676e6621021bc61
xenial-to-bionic	2026-08-31T10:59:15Z	GET	http://ap-northeast-2.ec2.archive.ubuntu.com/ubuntu/pool/main/a/apt/apt_1.2.35_amd64.deb	http://ap-northeast-2.ec2.archive.ubuntu.com/ubuntu/pool/main/a/apt/apt_1.2.35_amd64.deb	200	1106944	a458b534d0fda677e2c659ed25fd41fc436afd5136d50b84d7a4a3d8a1fad156	/home/aella/aws-discovery-xenial-bionic-retry2-20260831/upgrade-discovery/xenial-to-bionic/runtime/deb-cache/a5/dc/a5dc5d63d7ca05f4bd06b2d6f3d1dbafd92f2b7de8ab3adc19a47222f617caea
xenial-to-bionic	2026-08-31T10:59:15Z	GET	http://ap-northeast-2.ec2.archive.ubuntu.com/ubuntu/pool/main/a/apt/apt-utils_1.2.35_amd64.deb	http://ap-northeast-2.ec2.archive.ubuntu.com/ubuntu/pool/main/a/apt/apt-utils_1.2.35_amd64.deb	200	196204	b0a0f704641c8cdce837067f886d6e5d6d166364b12ce5ad437e12fcabea8c4a	/home/aella/aws-discovery-xenial-bionic-retry2-20260831/upgrade-discovery/xenial-to-bionic/runtime/deb-cache/f3/5e/f35ec54b45b236cf55cbee0d845b08ff1e6b1f3cde0bd25be7831256ec767902
xenial-to-bionic	2026-08-31T10:59:15Z	GET	http://ap-northeast-2.ec2.archive.ubuntu.com/ubuntu/pool/main/g/grub2/grub-pc_2.02%7ebeta2-36ubuntu3.32_amd64.deb	http://ap-northeast-2.ec2.archive.ubuntu.com/ubuntu/pool/main/g/grub2/grub-pc_2.02%7ebeta2-36ubuntu3.32_amd64.deb	200	197062	b7b16d9fde48e8b807e589a6b0469245484b1619e648b6c43f214466409eafb5	/home/aella/aws-discovery-xenial-bionic-retry2-20260831/upgrade-discovery/xenial-to-bionic/runtime/deb-cache/62/c6/62c69a44c7edb27c74994964370829d156566f54b26e44af7a396ae861db6322
xenial-to-bionic	2026-08-31T10:59:15Z	GET	http://ap-northeast-2.ec2.archive.ubuntu.com/ubuntu/pool/main/g/grub2/grub-pc-bin_2.02%7ebeta2-36ubuntu3.32_amd64.deb	http://ap-northeast-2.ec2.archive.ubuntu.com/ubuntu/pool/main/g/grub2/grub-pc-bin_2.02%7ebeta2-36ubuntu3.32_amd64.deb	200	891794	058b401c41e08784b20afebe5ac45df58a9f64a1bfc3ddaefbd29d23f31a3499	/home/aella/aws-discovery-xenial-bionic-retry2-20260831/upgrade-discovery/xenial-to-bionic/runtime/deb-cache/9a/23/9a23c38d7021f264ba4c56cf1e3e71b9ddf199632c6ddc2597c1e7342af6e87e
xenial-to-bionic	2026-08-31T10:59:15Z	GET	http://ap-northeast-2.ec2.archive.ubuntu.com/ubuntu/pool/main/g/grub2/grub2-common_2.02%7ebeta2-36ubuntu3.32_amd64.deb	http://ap-northeast-2.ec2.archive.ubuntu.com/ubuntu/pool/main/g/grub2/grub2-common_2.02%7ebeta2-36ubuntu3.32_amd64.deb	200	512838	6aa0363703c0e8f90b859943377d5eaa21666f916a27c8db5688a1a53d3f4f56	/home/aella/aws-discovery-xenial-bionic-retry2-20260831/upgrade-discovery/xenial-to-bionic/runtime/deb-cache/bb/47/bb47183d9b7b364d81a3538f3ef8688cf2b58721b6fe886c74d379a0e4f7ec11
xenial-to-bionic	2026-08-31T10:59:16Z	GET	http://ap-northeast-2.ec2.archive.ubuntu.com/ubuntu/pool/main/g/grub2/grub-common_2.02%7ebeta2-36ubuntu3.32_amd64.deb	http://ap-northeast-2.ec2.archive.ubuntu.com/ubuntu/pool/main/g/grub2/grub-common_2.02%7ebeta2-36ubuntu3.32_amd64.deb	200	1709082	58fef454b698ca4c512c6096a448c14888b96a6b5d514709120d9e51dd42fbd4	/home/aella/aws-discovery-xenial-bionic-retry2-20260831/upgrade-discovery/xenial-to-bionic/runtime/deb-cache/46/d8/46d8b965c158c3719aa52c00b9721acc2bad07f0be72f5aba132810deeba6021
xenial-to-bionic	2026-08-31T10:59:16Z	GET	http://ap-northeast-2.ec2.archive.ubuntu.com/ubuntu/pool/main/p/python-apt/python-apt-common_1.1.0%7ebeta1ubuntu0.16.04.12_all.deb	http://ap-northeast-2.ec2.archive.ubuntu.com/ubuntu/pool/main/p/python-apt/python-apt-common_1.1.0%7ebeta1ubuntu0.16.04.12_all.deb	200	16738	430761a0fd84c3046751b3ada6b4e0215d38643a65b7116e850e994febeaf5c9	/home/aella/aws-discovery-xenial-bionic-retry2-20260831/upgrade-discovery/xenial-to-bionic/runtime/deb-cache/1b/0f/1b0f3a6a2cb2812b2a27d75122298b38c228b92ae7a82cddf25353f93dc85d84
xenial-to-bionic	2026-08-31T10:59:16Z	GET	http://ap-northeast-2.ec2.archive.ubuntu.com/ubuntu/pool/main/p/python-apt/python3-apt_1.1.0%7ebeta1ubuntu0.16.04.12_amd64.deb	http://ap-northeast-2.ec2.archive.ubuntu.com/ubuntu/pool/main/p/python-apt/python3-apt_1.1.0%7ebeta1ubuntu0.16.04.12_amd64.deb	200	144514	855f1cb63fbb341dab9043ce19246752d6878c4f8bed0986b0912328bd9abad3	/home/aella/aws-discovery-xenial-bionic-retry2-20260831/upgrade-discovery/xenial-to-bionic/runtime/deb-cache/b7/4f/b74f1988c25d0495ba7e1cfcb18c525c693c208317372532fe838f937547673c
xenial-to-bionic	2026-08-31T10:59:16Z	GET	http://ap-northeast-2.ec2.archive.ubuntu.com/ubuntu/pool/main/d/distro-info-data/distro-info-data_0.28ubuntu0.22_all.deb	http://ap-northeast-2.ec2.archive.ubuntu.com/ubuntu/pool/main/d/distro-info-data/distro-info-data_0.28ubuntu0.22_all.deb	200	5262	012d67414140cbdd25c65a7f66e8c5107e310b040776b0636771648e561173ea	/home/aella/aws-discovery-xenial-bionic-retry2-20260831/upgrade-discovery/xenial-to-bionic/runtime/deb-cache/56/46/56464677de598187a534a9096bdb1201bddbb2bbcdfa555312f083829b0b3ef7
xenial-to-bionic	2026-08-31T10:59:16Z	GET	http://ap-northeast-2.ec2.archive.ubuntu.com/ubuntu/pool/main/d/distro-info/python3-distro-info_0.14ubuntu0.3_all.deb	http://ap-northeast-2.ec2.archive.ubuntu.com/ubuntu/pool/main/d/distro-info/python3-distro-info_0.14ubuntu0.3_all.deb	200	8332	3eb17b7fcbeb693a87a053ada30d27a85a0f674a7ec9fd4892bcd899b326714b	/home/aella/aws-discovery-xenial-bionic-retry2-20260831/upgrade-discovery/xenial-to-bionic/runtime/deb-cache/5c/27/5c270058689ae78010e3923a046d6a24a50a0686c71c447042ae15e7ab88e5e9
xenial-to-bionic	2026-08-31T10:59:16Z	GET	http://ap-northeast-2.ec2.archive.ubuntu.com/ubuntu/pool/main/u/update-manager/update-manager-core_16.04.23_all.deb	http://ap-northeast-2.ec2.archive.ubuntu.com/ubuntu/pool/main/u/update-manager/update-manager-core_16.04.23_all.deb	200	5540	973ab92dcb9fc874bd62943859ab35733f9049f47b87c93acfc35e40d5ef6d71	/home/aella/aws-discovery-xenial-bionic-retry2-20260831/upgrade-discovery/xenial-to-bionic/runtime/deb-cache/d3/1d/d31d3841e0613188dcb5a9988dfa8de67ae19dafdd07c418923dbb9c4c28a209
xenial-to-bionic	2026-08-31T10:59:16Z	GET	http://ap-northeast-2.ec2.archive.ubuntu.com/ubuntu/pool/main/u/update-manager/python3-update-manager_16.04.23_all.deb	http://ap-northeast-2.ec2.archive.ubuntu.com/ubuntu/pool/main/u/update-manager/python3-update-manager_16.04.23_all.deb	200	33772	5e812ef6f70043acb43d34d54209cef1f6832ed9f5da02d2ef35ea8f799c7e3e	/home/aella/aws-discovery-xenial-bionic-retry2-20260831/upgrade-discovery/xenial-to-bionic/runtime/deb-cache/03/40/0340b703d5548ef8498845d6ae2666c4b3b2a4dba4f8779ebc022a861b6d7585
xenial-to-bionic	2026-08-31T10:59:16Z	GET	http://ap-northeast-2.ec2.archive.ubuntu.com/ubuntu/pool/main/a/apt/apt-transport-https_1.2.35_amd64.deb	http://ap-northeast-2.ec2.archive.ubuntu.com/ubuntu/pool/main/a/apt/apt-transport-https_1.2.35_amd64.deb	200	26626	68f4184d44dac3e5e748959b33e0d2385f18992d8bb4f6373e91a02bfd6739cc	/home/aella/aws-discovery-xenial-bionic-retry2-20260831/upgrade-discovery/xenial-to-bionic/runtime/deb-cache/8e/f3/8ef31a9fcdbdfa8ef5f39ad468f5d57b493912e73d267ef933234cce795af14c
xenial-to-bionic	2026-08-31T10:59:16Z	GET	http://ap-northeast-2.ec2.archive.ubuntu.com/ubuntu/pool/main/d/distro-info/distro-info_0.14ubuntu0.3_amd64.deb	http://ap-northeast-2.ec2.archive.ubuntu.com/ubuntu/pool/main/d/distro-info/distro-info_0.14ubuntu0.3_amd64.deb	200	20188	4fa3ddadf3bc4bc7ae0b4aeda479f3f06059d908c4371cd0339fd26e14539fdc	/home/aella/aws-discovery-xenial-bionic-retry2-20260831/upgrade-discovery/xenial-to-bionic/runtime/deb-cache/0b/44/0b44fc54f390cd37a46d99f8de4f5774194af7b6e1a56a41f8a6835a06368b86
xenial-to-bionic	2026-08-31T10:59:16Z	GET	http://ap-northeast-2.ec2.archive.ubuntu.com/ubuntu/pool/main/u/ubuntu-advantage-tools/ubuntu-advantage-tools_37.1ubuntu0%7e16.04.1_all.deb	http://ap-northeast-2.ec2.archive.ubuntu.com/ubuntu/pool/main/u/ubuntu-advantage-tools/ubuntu-advantage-tools_37.1ubuntu0%7e16.04.1_all.deb	200	11306	db5d796d6528041f7bc5a9650445aadb5a350526697cffb05be2065e9bfd036b	/home/aella/aws-discovery-xenial-bionic-retry2-20260831/upgrade-discovery/xenial-to-bionic/runtime/deb-cache/15/ff/15ff23934d6c8d16f53afeedf3e0b39ee8eb394ab9305fd2146f9359ad9d5e51
xenial-to-bionic	2026-08-31T10:59:16Z	GET	http://ap-northeast-2.ec2.archive.ubuntu.com/ubuntu/pool/main/u/ubuntu-advantage-tools/ubuntu-pro-client_37.1ubuntu0%7e16.04.1_amd64.deb	http://ap-northeast-2.ec2.archive.ubuntu.com/ubuntu/pool/main/u/ubuntu-advantage-tools/ubuntu-pro-client_37.1ubuntu0%7e16.04.1_amd64.deb	200	236240	057afc4137b9806e9ddd02f1772f65f634c76e626d8ed21260545da31d22a792	/home/aella/aws-discovery-xenial-bionic-retry2-20260831/upgrade-discovery/xenial-to-bionic/runtime/deb-cache/66/af/66affec73f9abc9e570fefa3bde9511bea3cbd2ec8f3ed3ed8162249853f119d
xenial-to-bionic	2026-08-31T10:59:17Z	GET	http://ap-northeast-2.ec2.archive.ubuntu.com/ubuntu/pool/main/u/update-notifier/update-notifier-common_3.168.22_all.deb	http://ap-northeast-2.ec2.archive.ubuntu.com/ubuntu/pool/main/u/update-notifier/update-notifier-common_3.168.22_all.deb	200	168894	4cb6b9ec7a16a508f07b8252e4cc06882b06d11c74cf8c2d34220bb109f917c1	/home/aella/aws-discovery-xenial-bionic-retry2-20260831/upgrade-discovery/xenial-to-bionic/runtime/deb-cache/fb/ed/fbedaa640bf459b2518754cc7a28bfe3f863d2c7bb6dcf6c5fae1eb479c86385
xenial-to-bionic	2026-08-31T10:59:17Z	GET	http://ap-northeast-2.ec2.archive.ubuntu.com/ubuntu/pool/main/a/apparmor/libapparmor1_2.10.95-0ubuntu2.12_amd64.deb	http://ap-northeast-2.ec2.archive.ubuntu.com/ubuntu/pool/main/a/apparmor/libapparmor1_2.10.95-0ubuntu2.12_amd64.deb	200	29410	d9867c05ba70390eb24ff5eebab3c1ef9b4429df797938b5291f8e9b0327fdfc	/home/aella/aws-discovery-xenial-bionic-retry2-20260831/upgrade-discovery/xenial-to-bionic/runtime/deb-cache/47/21/4721013da165c21c5e349f692a1c831c9bc0aafb9e9b26e9bcf4c6f30b29b488
xenial-to-bionic	2026-08-31T10:59:17Z	GET	http://ap-northeast-2.ec2.archive.ubuntu.com/ubuntu/pool/main/g/glibc/multiarch-support_2.23-0ubuntu11.3_amd64.deb	http://ap-northeast-2.ec2.archive.ubuntu.com/ubuntu/pool/main/g/glibc/multiarch-support_2.23-0ubuntu11.3_amd64.deb	200	6830	eb1937472e06e892fb80a6b9e5fdc372f0224be357441f38b190502556ee69bb	/home/aella/aws-discovery-xenial-bionic-retry2-20260831/upgrade-discovery/xenial-to-bionic/runtime/deb-cache/b2/c4/b2c42d33d29e0c82ad8544c7b10bed994ed7965751cbcd836b193d6435f14b8d
xenial-to-bionic	2026-08-31T10:59:18Z	GET	http://ap-northeast-2.ec2.archive.ubuntu.com/ubuntu/pool/main/b/bind9/libisc-export160_9.10.3.dfsg.P4-8ubuntu1.19_amd64.deb	http://ap-northeast-2.ec2.archive.ubuntu.com/ubuntu/pool/main/b/bind9/libisc-export160_9.10.3.dfsg.P4-8ubuntu1.19_amd64.deb	200	153182	afa11ce24a56e1d1d0b30acd72877b261faf83dd88d94cf6e7f418ca1a85c9fe	/home/aella/aws-discovery-xenial-bionic-retry2-20260831/upgrade-discovery/xenial-to-bionic/runtime/deb-cache/8e/e6/8ee67f389b3259b2510c776ca7381266e9ad56c737c4edbc0670394793b88369
xenial-to-bionic	2026-08-31T10:59:18Z	GET	http://ap-northeast-2.ec2.archive.ubuntu.com/ubuntu/pool/main/b/bind9/libdns-export162_9.10.3.dfsg.P4-8ubuntu1.19_amd64.deb	http://ap-northeast-2.ec2.archive.ubuntu.com/ubuntu/pool/main/b/bind9/libdns-export162_9.10.3.dfsg.P4-8ubuntu1.19_amd64.deb	200	665254	9c775983f381cebed586a648cf324fdc08612e7232325ff5dd39d8893fad2626	/home/aella/aws-discovery-xenial-bionic-retry2-20260831/upgrade-discovery/xenial-to-bionic/runtime/deb-cache/39/d5/39d5dcc2606a2c6f1737efbf14638bef1ec662e2df43dd6fbebd7a585dd06c91
xenial-to-bionic	2026-08-31T10:59:18Z	GET	http://ap-northeast-2.ec2.archive.ubuntu.com/ubuntu/pool/main/g/gnutls28/libgnutls-openssl27_3.4.10-4ubuntu1.9_amd64.deb	http://ap-northeast-2.ec2.archive.ubuntu.com/ubuntu/pool/main/g/gnutls28/libgnutls-openssl27_3.4.10-4ubuntu1.9_amd64.deb	200	21884	382c3aa70c0e74d58e9b998398c5f2833ffd63bcc237cc0aa88db41346d9a31d	/home/aella/aws-discovery-xenial-bionic-retry2-20260831/upgrade-discovery/xenial-to-bionic/runtime/deb-cache/72/9c/729c266d098f6ee56245b814c81c0f8c175cca4e97eaec7a05018343906d11b7
xenial-to-bionic	2026-08-31T10:59:18Z	GET	http://ap-northeast-2.ec2.archive.ubuntu.com/ubuntu/pool/main/g/gnutls28/libgnutls30_3.4.10-4ubuntu1.9_amd64.deb	http://ap-northeast-2.ec2.archive.ubuntu.com/ubuntu/pool/main/g/gnutls28/libgnutls30_3.4.10-4ubuntu1.9_amd64.deb	200	548382	bcb30ac02c44f6872d81fdd718375a19af12eeecccc4f18b804c5e1e38368b72	/home/aella/aws-discovery-xenial-bionic-retry2-20260831/upgrade-discovery/xenial-to-bionic/runtime/deb-cache/08/7c/087c1538d6ccbe757879ec5c3113bdaee3e0903d0e69ba98adeec77eb8422451
xenial-to-bionic	2026-08-31T10:59:19Z	GET	http://ap-northeast-2.ec2.archive.ubuntu.com/ubuntu/pool/main/o/openssl/libssl1.0.0_1.0.2g-1ubuntu4.20_amd64.deb	http://ap-northeast-2.ec2.archive.ubuntu.com/ubuntu/pool/main/o/openssl/libssl1.0.0_1.0.2g-1ubuntu4.20_amd64.deb	200	1082730	8003f9866297dd0fe77cc771470a06803d1d1b860350ad91dd212e38c36a20d2	/home/aella/aws-discovery-xenial-bionic-retry2-20260831/upgrade-discovery/xenial-to-bionic/runtime/deb-cache/ca/93/ca936e72fee0dee78646a2accb221624076f060aa6c7ed6899002da4e06a91c5
xenial-to-bionic	2026-08-31T10:59:19Z	GET	http://ap-northeast-2.ec2.archive.ubuntu.com/ubuntu/pool/main/u/ubuntu-advantage-tools/ubuntu-pro-client-l10n_37.1ubuntu0%7e16.04.1_amd64.deb	http://ap-northeast-2.ec2.archive.ubuntu.com/ubuntu/pool/main/u/ubuntu-advantage-tools/ubuntu-pro-client-l10n_37.1ubuntu0%7e16.04.1_amd64.deb	200	1522	39b21d55549f40cd6f6011b7adce2f6658282796ce7addbca97b16a0a34aab6b	/home/aella/aws-discovery-xenial-bionic-retry2-20260831/upgrade-discovery/xenial-to-bionic/runtime/deb-cache/c5/18/c518f115e4193c73b79babf92872430359c4ef157ae07fc34c4b4c4194e34748
xenial-to-bionic	2026-08-31T10:59:19Z	GET	http://ap-northeast-2.ec2.archive.ubuntu.com/ubuntu/pool/main/a/apparmor/libapparmor-perl_2.10.95-0ubuntu2.12_amd64.deb	http://ap-northeast-2.ec2.archive.ubuntu.com/ubuntu/pool/main/a/apparmor/libapparmor-perl_2.10.95-0ubuntu2.12_amd64.deb	200	31608	f11b56e175af11f6c1fc2595da72c96a2b827d98bbd7e9656b9a189913d129ab	/home/aella/aws-discovery-xenial-bionic-retry2-20260831/upgrade-discovery/xenial-to-bionic/runtime/deb-cache/8d/26/8d264a942883da4b0539b5bde54bdeddc3ce34baaa5180e4ddcfaa1e89d8e30e
xenial-to-bionic	2026-08-31T10:59:19Z	GET	http://ap-northeast-2.ec2.archive.ubuntu.com/ubuntu/pool/main/a/apparmor/apparmor_2.10.95-0ubuntu2.12_amd64.deb	http://ap-northeast-2.ec2.archive.ubuntu.com/ubuntu/pool/main/a/apparmor/apparmor_2.10.95-0ubuntu2.12_amd64.deb	200	450598	fd7c236bd210b4c8e6420fbd9f800292f7dab481c8b32544489ba520bf0d188c	/home/aella/aws-discovery-xenial-bionic-retry2-20260831/upgrade-discovery/xenial-to-bionic/runtime/deb-cache/33/da/33da738a52c6f9eaa05d2ad9d0d9f78cb080816f903fc5259bb41905969a058f
xenial-to-bionic	2026-08-31T10:59:19Z	GET	http://ap-northeast-2.ec2.archive.ubuntu.com/ubuntu/pool/main/b/bind9/bind9-host_9.10.3.dfsg.P4-8ubuntu1.19_amd64.deb	http://ap-northeast-2.ec2.archive.ubuntu.com/ubuntu/pool/main/b/bind9/bind9-host_9.10.3.dfsg.P4-8ubuntu1.19_amd64.deb	200	38282	d3ab09aa296dc4b653e9d3168bc77bbb353cf344e620ca3514c7d3bd8c183f5b	/home/aella/aws-discovery-xenial-bionic-retry2-20260831/upgrade-discovery/xenial-to-bionic/runtime/deb-cache/0c/b1/0cb1b18a03a2725cfe8c48639eb03e6745b660065851f5a65ed795af37e58d3e
xenial-to-bionic	2026-08-31T10:59:19Z	GET	http://ap-northeast-2.ec2.archive.ubuntu.com/ubuntu/pool/main/b/bind9/dnsutils_9.10.3.dfsg.P4-8ubuntu1.19_amd64.deb	http://ap-northeast-2.ec2.archive.ubuntu.com/ubuntu/pool/main/b/bind9/dnsutils_9.10.3.dfsg.P4-8ubuntu1.19_amd64.deb	200	88864	e2d66440568dcb73b41f8566a40ad84ded8c3e4c4dee9cebda28cdcda98e0aff	/home/aella/aws-discovery-xenial-bionic-retry2-20260831/upgrade-discovery/xenial-to-bionic/runtime/deb-cache/3f/ef/3fefa4a478ff99c11a4ca7f0a6055fcbc1b5e48ee49820ae547c4ebf99bafff9
xenial-to-bionic	2026-08-31T10:59:20Z	GET	http://ap-northeast-2.ec2.archive.ubuntu.com/ubuntu/pool/main/b/bind9/libisc160_9.10.3.dfsg.P4-8ubuntu1.19_amd64.deb	http://ap-northeast-2.ec2.archive.ubuntu.com/ubuntu/pool/main/b/bind9/libisc160_9.10.3.dfsg.P4-8ubuntu1.19_amd64.deb	200	215184	ae21765f93d53f4ed3bbd5fc835c6a80d7a75481c6010892a0f01ae616c5549b	/home/aella/aws-discovery-xenial-bionic-retry2-20260831/upgrade-discovery/xenial-to-bionic/runtime/deb-cache/ee/d1/eed185c4f37dc68529585948bfc5de3c15255487f96ea12af1cab530b24eccf3
xenial-to-bionic	2026-08-31T10:59:21Z	GET	http://ap-northeast-2.ec2.archive.ubuntu.com/ubuntu/pool/main/b/bind9/libdns162_9.10.3.dfsg.P4-8ubuntu1.19_amd64.deb	http://ap-northeast-2.ec2.archive.ubuntu.com/ubuntu/pool/main/b/bind9/libdns162_9.10.3.dfsg.P4-8ubuntu1.19_amd64.deb	200	872176	e7b5c983ece133eda3707c42113110ff77f7afe273db39455949c427066ada2a	/home/aella/aws-discovery-xenial-bionic-retry2-20260831/upgrade-discovery/xenial-to-bionic/runtime/deb-cache/cb/63/cb63d89ced64b4ee59e933af5a1b2b7fe25902edfd4c28c46bb7499b843a8a44
xenial-to-bionic	2026-08-31T10:59:21Z	GET	http://ap-northeast-2.ec2.archive.ubuntu.com/ubuntu/pool/main/b/bind9/libisccc140_9.10.3.dfsg.P4-8ubuntu1.19_amd64.deb	http://ap-northeast-2.ec2.archive.ubuntu.com/ubuntu/pool/main/b/bind9/libisccc140_9.10.3.dfsg.P4-8ubuntu1.19_amd64.deb	200	16290	ae273ac1fd07fadd94d847c113d99aec4cfcd2c71ba2893907734aad783664a4	/home/aella/aws-discovery-xenial-bionic-retry2-20260831/upgrade-discovery/xenial-to-bionic/runtime/deb-cache/49/a3/49a305735afd48fb95a1c4b34f67c0c91d0b5cebce1009308001e165089165c7
xenial-to-bionic	2026-08-31T10:59:22Z	GET	http://ap-northeast-2.ec2.archive.ubuntu.com/ubuntu/pool/main/b/bind9/libisccfg140_9.10.3.dfsg.P4-8ubuntu1.19_amd64.deb	http://ap-northeast-2.ec2.archive.ubuntu.com/ubuntu/pool/main/b/bind9/libisccfg140_9.10.3.dfsg.P4-8ubuntu1.19_amd64.deb	200	40514	6afd8f3559b68e2bbdb5b96d1d0e9a4364d2d23bab0cb50c2030b7191ff336e7	/home/aella/aws-discovery-xenial-bionic-retry2-20260831/upgrade-discovery/xenial-to-bionic/runtime/deb-cache/3b/99/3b99d412af8e9e99744baaefc8a0e6c51495fa843f6e13649bf46994d3c6881b
xenial-to-bionic	2026-08-31T10:59:22Z	GET	http://ap-northeast-2.ec2.archive.ubuntu.com/ubuntu/pool/main/b/bind9/liblwres141_9.10.3.dfsg.P4-8ubuntu1.19_amd64.deb	http://ap-northeast-2.ec2.archive.ubuntu.com/ubuntu/pool/main/b/bind9/liblwres141_9.10.3.dfsg.P4-8ubuntu1.19_amd64.deb	200	33874	3c984e4cc190f4a5088c35a8c872ab50f1b06c8377159ec14840fdb1678818e6	/home/aella/aws-discovery-xenial-bionic-retry2-20260831/upgrade-discovery/xenial-to-bionic/runtime/deb-cache/78/f7/78f78babc04469eec9354ec573a6199a9c0fa0d55bcfd225db1ceaa96732ccaf
xenial-to-bionic	2026-08-31T10:59:22Z	GET	http://ap-northeast-2.ec2.archive.ubuntu.com/ubuntu/pool/main/b/bind9/libbind9-140_9.10.3.dfsg.P4-8ubuntu1.19_amd64.deb	http://ap-northeast-2.ec2.archive.ubuntu.com/ubuntu/pool/main/b/bind9/libbind9-140_9.10.3.dfsg.P4-8ubuntu1.19_amd64.deb	200	23640	a20937c872fc468fae0ebe6a4319e5e6ae9b98aa09f3749d2727bbb8af13f0f4	/home/aella/aws-discovery-xenial-bionic-retry2-20260831/upgrade-discovery/xenial-to-bionic/runtime/deb-cache/d4/d5/d4d58a896f43d4445e5d33e3db6e8db11fe222f74783d8059afd606d22b29de9
xenial-to-bionic	2026-08-31T10:59:22Z	GET	http://ap-northeast-2.ec2.archive.ubuntu.com/ubuntu/pool/main/o/openssl/openssl_1.0.2g-1ubuntu4.20_amd64.deb	http://ap-northeast-2.ec2.archive.ubuntu.com/ubuntu/pool/main/o/openssl/openssl_1.0.2g-1ubuntu4.20_amd64.deb	200	491618	9159c5bd3767cbd85f8573e5791dda3d95875d31f5d7152ea464557175b4ee09	/home/aella/aws-discovery-xenial-bionic-retry2-20260831/upgrade-discovery/xenial-to-bionic/runtime/deb-cache/5c/d4/5cd4b97530876d2fe61a97c021b1d89b86c62f39a8cea62fe2ef2841a8ad989b
xenial-to-bionic	2026-08-31T10:59:22Z	GET	http://ap-northeast-2.ec2.archive.ubuntu.com/ubuntu/pool/main/a/apport/python3-problem-report_2.20.1-0ubuntu2.30%2besm7_all.deb	http://ap-northeast-2.ec2.archive.ubuntu.com/ubuntu/pool/main/a/apport/python3-problem-report_2.20.1-0ubuntu2.30%2besm7_all.deb	200	10394	18f12269c6a39a3e0db3bca7e49ae4b2074776dddae5a5a23a72c5d29055db28	/home/aella/aws-discovery-xenial-bionic-retry2-20260831/upgrade-discovery/xenial-to-bionic/runtime/deb-cache/96/b0/96b09511ea9828c0811d341196303b04af47578413b0f6e531f36f386e1b6bd2
xenial-to-bionic	2026-08-31T10:59:22Z	GET	http://ap-northeast-2.ec2.archive.ubuntu.com/ubuntu/pool/main/a/apport/python3-apport_2.20.1-0ubuntu2.30%2besm7_all.deb	http://ap-northeast-2.ec2.archive.ubuntu.com/ubuntu/pool/main/a/apport/python3-apport_2.20.1-0ubuntu2.30%2besm7_all.deb	200	81482	df9c53ef0629b73a257028a29e71b90eaf56d51b26b27f80cf3e867ebe2aec72	/home/aella/aws-discovery-xenial-bionic-retry2-20260831/upgrade-discovery/xenial-to-bionic/runtime/deb-cache/77/e6/77e688e589ea38fe10b1125bb72e91b354beb024aa3b552593534452bd78920c
xenial-to-bionic	2026-08-31T10:59:22Z	GET	http://ap-northeast-2.ec2.archive.ubuntu.com/ubuntu/pool/main/a/apport/apport_2.20.1-0ubuntu2.30%2besm7_all.deb	http://ap-northeast-2.ec2.archive.ubuntu.com/ubuntu/pool/main/a/apport/apport_2.20.1-0ubuntu2.30%2besm7_all.deb	200	122710	4980a8e434d09b17cd0876fa9837e0e9021315458ff4dea850504e6211b72fb8	/home/aella/aws-discovery-xenial-bionic-retry2-20260831/upgrade-discovery/xenial-to-bionic/runtime/deb-cache/86/af/86afe6bfe600023e8445f0b7c15072cd10214db71feed8c153824060579cf8ac
xenial-to-bionic	2026-08-31T10:59:29Z	GET	http://ap-northeast-2.ec2.archive.ubuntu.com/ubuntu/pool/universe/d/docker.io/docker.io_18.09.7-0ubuntu1%7e16.04.7_amd64.deb	http://ap-northeast-2.ec2.archive.ubuntu.com/ubuntu/pool/universe/d/docker.io/docker.io_18.09.7-0ubuntu1%7e16.04.7_amd64.deb	200	30485616	c25c5edbfae3a78222e07de9a1301bfa8aa8ce0032806bc1a0125a6c87b08c8a	/home/aella/aws-discovery-xenial-bionic-retry2-20260831/upgrade-discovery/xenial-to-bionic/runtime/deb-cache/0e/a1/0ea1d89692f60479952de6f1a7f51cd2d77e0a3e04b5a8e609f1f00c9671070d
xenial-to-bionic	2026-08-31T10:59:31Z	GET	http://ap-northeast-2.ec2.archive.ubuntu.com/ubuntu/pool/universe/r/runc/runc_1.0.0%7erc7%2bgit20190403.029124da-0ubuntu1%7e16.04.4_amd64.deb	http://ap-northeast-2.ec2.archive.ubuntu.com/ubuntu/pool/universe/r/runc/runc_1.0.0%7erc7%2bgit20190403.029124da-0ubuntu1%7e16.04.4_amd64.deb	200	1890216	e86f7daecdcd70e6e3b5758415792a1f146a4c4b7a325f4180b4b97d3a8a080d	/home/aella/aws-discovery-xenial-bionic-retry2-20260831/upgrade-discovery/xenial-to-bionic/runtime/deb-cache/12/cf/12cf3321bf914e05e06799c7ee5af939b995ce50acc30f825dc38a0ea11915c6
xenial-to-bionic	2026-08-31T10:59:31Z	GET	http://ap-northeast-2.ec2.archive.ubuntu.com/ubuntu/pool/universe/c/containerd/containerd_1.2.6-0ubuntu1%7e16.04.6%2besm1_amd64.deb	http://ap-northeast-2.ec2.archive.ubuntu.com/ubuntu/pool/universe/c/containerd/containerd_1.2.6-0ubuntu1%7e16.04.6%2besm1_amd64.deb	200	19754898	14f506f25a15708b6100930c369d8f9db6fbdf016950a7852c0f472af0cf1c2f	/home/aella/aws-discovery-xenial-bionic-retry2-20260831/upgrade-discovery/xenial-to-bionic/runtime/deb-cache/f7/d8/f7d802f0a65b3994cb58fc9a87f2ae201905ef64dcc9e478b16d8c6b01445da2
xenial-to-bionic	2026-08-31T10:59:31Z	GET	http://ap-northeast-2.ec2.archive.ubuntu.com/ubuntu/pool/main/j/json-glib/libjson-glib-1.0-common_1.1.2-0ubuntu1_all.deb	http://ap-northeast-2.ec2.archive.ubuntu.com/ubuntu/pool/main/j/json-glib/libjson-glib-1.0-common_1.1.2-0ubuntu1_all.deb	200	6172	47aa86e541daac5f9d26a8a2837de0af835e0e208b775844c57266912b156dbf	/home/aella/aws-discovery-xenial-bionic-retry2-20260831/upgrade-discovery/xenial-to-bionic/runtime/deb-cache/92/dd/92ddd65099f55906b7cfb5ef6b553baf6536cf9c26cae4fe5d607077af3ebfd9
xenial-to-bionic	2026-08-31T10:59:31Z	GET	http://ap-northeast-2.ec2.archive.ubuntu.com/ubuntu/pool/main/j/json-glib/libjson-glib-1.0-0_1.1.2-0ubuntu1_amd64.deb	http://ap-northeast-2.ec2.archive.ubuntu.com/ubuntu/pool/main/j/json-glib/libjson-glib-1.0-0_1.1.2-0ubuntu1_amd64.deb	200	60286	2fc34ea9548cb3a63047c71a8fd7ce9eebbef0540cb7ef0ff9c6307c1800b145	/home/aella/aws-discovery-xenial-bionic-retry2-20260831/upgrade-discovery/xenial-to-bionic/runtime/deb-cache/de/3f/de3fb50932b99ce7e76d851003fae206e542c1699d03edd61618d7da511eeb25
xenial-to-bionic	2026-08-31T10:59:31Z	GET	http://ap-northeast-2.ec2.archive.ubuntu.com/ubuntu/pool/main/f/flask/python-flask_0.10.1-2ubuntu0.1_all.deb	http://ap-northeast-2.ec2.archive.ubuntu.com/ubuntu/pool/main/f/flask/python-flask_0.10.1-2ubuntu0.1_all.deb	200	52112	3dd392543e8733ec73a3e333251b50ca3a4b868c9bd20eeebbe1dd03aca4bb2e	/home/aella/aws-discovery-xenial-bionic-retry2-20260831/upgrade-discovery/xenial-to-bionic/runtime/deb-cache/e6/36/e63620afb16f560ee57c55878dbaa1a574698ae8bbe3ebcf258df7309f3ccd8a
xenial-to-bionic	2026-08-31T10:59:31Z	GET	http://ap-northeast-2.ec2.archive.ubuntu.com/ubuntu/pool/main/s/software-properties/software-properties-common_0.96.20.13_all.deb	http://ap-northeast-2.ec2.archive.ubuntu.com/ubuntu/pool/main/s/software-properties/software-properties-common_0.96.20.13_all.deb	200	9522	5ba2d9d07b39bb7a9d87465dbccb7bc8e00505dd1e67aae1228fb36543edef03	/home/aella/aws-discovery-xenial-bionic-retry2-20260831/upgrade-discovery/xenial-to-bionic/runtime/deb-cache/90/e1/90e18ea3d287bcdad61a7560ee0da916fe8c84d08fe4ae09dbb4e4428417aacd
xenial-to-bionic	2026-08-31T10:59:31Z	GET	http://ap-northeast-2.ec2.archive.ubuntu.com/ubuntu/pool/main/u/ubuntu-advantage-desktop-daemon/ubuntu-advantage-desktop-daemon_1.10.ubuntu0.16.04.1%7eesm1_amd64.deb	http://ap-northeast-2.ec2.archive.ubuntu.com/ubuntu/pool/main/u/ubuntu-advantage-desktop-daemon/ubuntu-advantage-desktop-daemon_1.10.ubuntu0.16.04.1%7eesm1_amd64.deb	200	23370	51e94282cfd5d2b59b08f26c47b276911bbf97a0e4e306cfe05c56188e101ca4	/home/aella/aws-discovery-xenial-bionic-retry2-20260831/upgrade-discovery/xenial-to-bionic/runtime/deb-cache/e8/63/e8637537dacb449cfdd5c965ec7549b9c07c47abc28e01184864692fe721f872
xenial-to-bionic	2026-08-31T10:59:31Z	GET	http://ap-northeast-2.ec2.archive.ubuntu.com/ubuntu/pool/main/s/software-properties/python3-software-properties_0.96.20.13_all.deb	http://ap-northeast-2.ec2.archive.ubuntu.com/ubuntu/pool/main/s/software-properties/python3-software-properties_0.96.20.13_all.deb	200	20202	e990fa4f4c5f86b8fef048424678b123cb4618234d52081a5eeb8cb7745a7fc2	/home/aella/aws-discovery-xenial-bionic-retry2-20260831/upgrade-discovery/xenial-to-bionic/runtime/deb-cache/f3/39/f339eb0a8d866c00116d50d345961e50faf81f84fa3cb45c71014e95dd9f3cd0
xenial-to-bionic	2026-08-31T10:59:32Z	GET	http://ap-northeast-2.ec2.archive.ubuntu.com/ubuntu/pool/main/s/sosreport/sosreport_3.9.1-1ubuntu0.16.04.2_amd64.deb	http://ap-northeast-2.ec2.archive.ubuntu.com/ubuntu/pool/main/s/sosreport/sosreport_3.9.1-1ubuntu0.16.04.2_amd64.deb	200	169896	b911f3eb3b1d97d9865f0ec6be2cc07a73c4394e78df50d0fd9638d38896a76e	/home/aella/aws-discovery-xenial-bionic-retry2-20260831/upgrade-discovery/xenial-to-bionic/runtime/deb-cache/9e/e4/9ee4bc214f4d95f5cf9fc0ecc6a01e803cb0bf16a2f78e2ccbc0788755fe7271
xenial-to-bionic	2026-08-31T11:03:17Z	GET	http://ap-northeast-2.ec2.archive.ubuntu.com/ubuntu//dists/bionic-updates/main/dist-upgrader-all/current/bionic.tar.gz.gpg	http://ap-northeast-2.ec2.archive.ubuntu.com/ubuntu//dists/bionic-updates/main/dist-upgrader-all/current/bionic.tar.gz.gpg	200	819	9013e2a3ceb64a31dd1c2713f64fa00d494cbdfb6542165f46c82f90fea73873	/home/aella/aws-discovery-xenial-bionic-retry2-20260831/upgrade-discovery/xenial-to-bionic/runtime/deb-cache/02/26/0226197d50121df905067aba93aeef94c29ff13b225177998af00ac333834316
xenial-to-bionic	2026-08-31T11:03:17Z	GET	http://ap-northeast-2.ec2.archive.ubuntu.com/ubuntu//dists/bionic-updates/main/dist-upgrader-all/current/bionic.tar.gz	http://ap-northeast-2.ec2.archive.ubuntu.com/ubuntu//dists/bionic-updates/main/dist-upgrader-all/current/bionic.tar.gz	200	1251181	976b87d935f8aa2867fac161198812693e6bde6b8fc3fd84f9a7705f638b50a3	/home/aella/aws-discovery-xenial-bionic-retry2-20260831/upgrade-discovery/xenial-to-bionic/runtime/deb-cache/8b/17/8b1711746ec9d97757ee660ba7cf7327c1e4c9843149941504c7ff662a56ed54
xenial-to-bionic	2026-08-31T11:03:45Z	GET	http://ap-northeast-2.ec2.archive.ubuntu.com/ubuntu/dists/bionic/InRelease	http://ap-northeast-2.ec2.archive.ubuntu.com/ubuntu/dists/bionic/InRelease	200	242048	690bd875ab5799394af7406f32f2e698c48e772ac367d520f74ec1095662da4d	/home/aella/aws-discovery-xenial-bionic-retry2-20260831/upgrade-discovery/xenial-to-bionic/runtime/deb-cache/1d/1b/1d1bacd5d3c72dd571f32b9cdaf1dff9f415d267c52b757e62bdb758adde7d78
xenial-to-bionic	2026-08-31T11:03:45Z	GET	http://ap-northeast-2.ec2.archive.ubuntu.com/ubuntu/dists/bionic-updates/InRelease	http://ap-northeast-2.ec2.archive.ubuntu.com/ubuntu/dists/bionic-updates/InRelease	200	101771	598ead2c4b97dc08b63f714ea48ee84614011c143c90d12c563792c181616371	/home/aella/aws-discovery-xenial-bionic-retry2-20260831/upgrade-discovery/xenial-to-bionic/runtime/deb-cache/9a/e8/9ae8669cf975c3094b52128a9926d1bb85ae346d6498b79eea1d788ec38973ab
xenial-to-bionic	2026-08-31T11:03:45Z	GET	http://ap-northeast-2.ec2.archive.ubuntu.com/ubuntu/dists/bionic-backports/InRelease	http://ap-northeast-2.ec2.archive.ubuntu.com/ubuntu/dists/bionic-backports/InRelease	200	101819	859175fc58aa777bcf7dc64bd33505bbcd75424bd45cb9054d3d34b5826c0302	/home/aella/aws-discovery-xenial-bionic-retry2-20260831/upgrade-discovery/xenial-to-bionic/runtime/deb-cache/2f/e0/2fe009bf82d59fd181b228f6e8b1828c0f3f373039acc4793057fe19a41ef802
xenial-to-bionic	2026-08-31T11:03:45Z	GET	http://ap-northeast-2.ec2.archive.ubuntu.com/ubuntu/dists/bionic/main/binary-amd64/by-hash/SHA256/695c0eea6c76328592315343dc03cc2b063dfba15fcf145234dfd5ede50a48d3	http://ap-northeast-2.ec2.archive.ubuntu.com/ubuntu/dists/bionic/main/binary-amd64/by-hash/SHA256/695c0eea6c76328592315343dc03cc2b063dfba15fcf145234dfd5ede50a48d3	200	1019132	695c0eea6c76328592315343dc03cc2b063dfba15fcf145234dfd5ede50a48d3	/home/aella/aws-discovery-xenial-bionic-retry2-20260831/upgrade-discovery/xenial-to-bionic/runtime/deb-cache/30/58/305838f9331733a78425791700de4371835fcb75240f94d3fa644d41afc6e76e
xenial-to-bionic	2026-08-31T11:03:45Z	GET	http://ap-northeast-2.ec2.archive.ubuntu.com/ubuntu/dists/bionic/main/i18n/by-hash/SHA256/10a5b73a30c25a2ff16a5f92665e7174bc28a1c644e955d5cb06653906318258	http://ap-northeast-2.ec2.archive.ubuntu.com/ubuntu/dists/bionic/main/i18n/by-hash/SHA256/10a5b73a30c25a2ff16a5f92665e7174bc28a1c644e955d5cb06653906318258	200	516200	10a5b73a30c25a2ff16a5f92665e7174bc28a1c644e955d5cb06653906318258	/home/aella/aws-discovery-xenial-bionic-retry2-20260831/upgrade-discovery/xenial-to-bionic/runtime/deb-cache/41/2f/412fb13d7b9838d9ffc344c06ffde8c12b756d6e7d504a8793189a9f0f8eedfe
xenial-to-bionic	2026-08-31T11:03:45Z	GET	http://ap-northeast-2.ec2.archive.ubuntu.com/ubuntu/dists/bionic/restricted/binary-amd64/by-hash/SHA256/d5a23110195ccffd0047b55725591feaa324c1a526a71834987ab51b73885217	http://ap-northeast-2.ec2.archive.ubuntu.com/ubuntu/dists/bionic/restricted/binary-amd64/by-hash/SHA256/d5a23110195ccffd0047b55725591feaa324c1a526a71834987ab51b73885217	200	9184	d5a23110195ccffd0047b55725591feaa324c1a526a71834987ab51b73885217	/home/aella/aws-discovery-xenial-bionic-retry2-20260831/upgrade-discovery/xenial-to-bionic/runtime/deb-cache/4b/1d/4b1d20639b8c29f49b710fbbac8d497a9af6bcf975e90abc9a45dd7596baddd2
xenial-to-bionic	2026-08-31T11:03:45Z	GET	http://ap-northeast-2.ec2.archive.ubuntu.com/ubuntu/dists/bionic/restricted/i18n/by-hash/SHA256/2d706352f6df497ebe615f5ace0c7d38b34e3eceb2468049a9e05bc159b9cba6	http://ap-northeast-2.ec2.archive.ubuntu.com/ubuntu/dists/bionic/restricted/i18n/by-hash/SHA256/2d706352f6df497ebe615f5ace0c7d38b34e3eceb2468049a9e05bc159b9cba6	200	3584	2d706352f6df497ebe615f5ace0c7d38b34e3eceb2468049a9e05bc159b9cba6	/home/aella/aws-discovery-xenial-bionic-retry2-20260831/upgrade-discovery/xenial-to-bionic/runtime/deb-cache/07/79/07795163288a82189f309ae4e14746260b1c01a93348a1485d2ac1b7d6defba1
xenial-to-bionic	2026-08-31T11:03:45Z	GET	http://ap-northeast-2.ec2.archive.ubuntu.com/ubuntu/dists/bionic/universe/binary-amd64/by-hash/SHA256/39ec12bac1f788ae649d32c138898d49fdec15eee020a9c72ae92a622fb662a0	http://ap-northeast-2.ec2.archive.ubuntu.com/ubuntu/dists/bionic/universe/binary-amd64/by-hash/SHA256/39ec12bac1f788ae649d32c138898d49fdec15eee020a9c72ae92a622fb662a0	200	8569560	39ec12bac1f788ae649d32c138898d49fdec15eee020a9c72ae92a622fb662a0	/home/aella/aws-discovery-xenial-bionic-retry2-20260831/upgrade-discovery/xenial-to-bionic/runtime/deb-cache/6d/96/6d96784009f7bde477587648d0e7ab4a7850d757d6a8ca6d1f089bc51eab741f
xenial-to-bionic	2026-08-31T11:03:45Z	GET	http://ap-northeast-2.ec2.archive.ubuntu.com/ubuntu/dists/bionic/universe/i18n/by-hash/SHA256/9fc21dfcc2639dc719471cdc93179e47479a193e9b8fc46e55e90c87f2ca0122	http://ap-northeast-2.ec2.archive.ubuntu.com/ubuntu/dists/bionic/universe/i18n/by-hash/SHA256/9fc21dfcc2639dc719471cdc93179e47479a193e9b8fc46e55e90c87f2ca0122	200	4940820	9fc21dfcc2639dc719471cdc93179e47479a193e9b8fc46e55e90c87f2ca0122	/home/aella/aws-discovery-xenial-bionic-retry2-20260831/upgrade-discovery/xenial-to-bionic/runtime/deb-cache/7a/22/7a227d88f50c922adda71d214b6e372193ac67f7aa3df0d97c96d39224df7f76
xenial-to-bionic	2026-08-31T11:03:45Z	GET	http://ap-northeast-2.ec2.archive.ubuntu.com/ubuntu/dists/bionic/multiverse/binary-amd64/by-hash/SHA256/6f613efa2fcdd62f9708766c7d371db57f43710105bb99f5f55fbf9ee0db6c40	http://ap-northeast-2.ec2.archive.ubuntu.com/ubuntu/dists/bionic/multiverse/binary-amd64/by-hash/SHA256/6f613efa2fcdd62f9708766c7d371db57f43710105bb99f5f55fbf9ee0db6c40	200	150848	6f613efa2fcdd62f9708766c7d371db57f43710105bb99f5f55fbf9ee0db6c40	/home/aella/aws-discovery-xenial-bionic-retry2-20260831/upgrade-discovery/xenial-to-bionic/runtime/deb-cache/cb/b4/cbb43f6540019d818c67edc4c9b8e6148294c4db9d7921169266718f40cd6971
xenial-to-bionic	2026-08-31T11:03:45Z	GET	http://ap-northeast-2.ec2.archive.ubuntu.com/ubuntu/dists/bionic/multiverse/i18n/by-hash/SHA256/2eb6c6d7df04f8c59dc79bc947c0d744df25652e40fc72755d57cd07796612de	http://ap-northeast-2.ec2.archive.ubuntu.com/ubuntu/dists/bionic/multiverse/i18n/by-hash/SHA256/2eb6c6d7df04f8c59dc79bc947c0d744df25652e40fc72755d57cd07796612de	200	108068	2eb6c6d7df04f8c59dc79bc947c0d744df25652e40fc72755d57cd07796612de	/home/aella/aws-discovery-xenial-bionic-retry2-20260831/upgrade-discovery/xenial-to-bionic/runtime/deb-cache/58/d2/58d2b36e79ee9edd5094567f91f623368402590d7e04ccff7bdc8d7d024579ef
xenial-to-bionic	2026-08-31T11:03:45Z	GET	http://ap-northeast-2.ec2.archive.ubuntu.com/ubuntu/dists/bionic-updates/main/binary-amd64/by-hash/SHA256/a8bdb6a6b6d9782e002c24b70ef519636e229c21b6fa560509236f3eb6c5c647	http://ap-northeast-2.ec2.archive.ubuntu.com/ubuntu/dists/bionic-updates/main/binary-amd64/by-hash/SHA256/a8bdb6a6b6d9782e002c24b70ef519636e229c21b6fa560509236f3eb6c5c647	200	3092460	a8bdb6a6b6d9782e002c24b70ef519636e229c21b6fa560509236f3eb6c5c647	/home/aella/aws-discovery-xenial-bionic-retry2-20260831/upgrade-discovery/xenial-to-bionic/runtime/deb-cache/f8/23/f82314d0928a5d51687ac43c7a1172c34683882fbacbf2415350a80097392d82
xenial-to-bionic	2026-08-31T11:03:45Z	GET	http://ap-northeast-2.ec2.archive.ubuntu.com/ubuntu/dists/bionic-updates/main/i18n/by-hash/SHA256/c8f347d34b74f96108549e1cc8761d4a68e4937a8b0f9868f7821a9a05a569d2	http://ap-northeast-2.ec2.archive.ubuntu.com/ubuntu/dists/bionic-updates/main/i18n/by-hash/SHA256/c8f347d34b74f96108549e1cc8761d4a68e4937a8b0f9868f7821a9a05a569d2	200	552084	c8f347d34b74f96108549e1cc8761d4a68e4937a8b0f9868f7821a9a05a569d2	/home/aella/aws-discovery-xenial-bionic-retry2-20260831/upgrade-discovery/xenial-to-bionic/runtime/deb-cache/0a/d2/0ad2e318a0928c62a4089c8494e7039072fe92f914d6ac7ac5acdff4e594ec44
xenial-to-bionic	2026-08-31T11:03:45Z	GET	http://ap-northeast-2.ec2.archive.ubuntu.com/ubuntu/dists/bionic-updates/restricted/binary-amd64/by-hash/SHA256/aa5c53675d36d1436555f2bb3c974dac0b8a22ec5cc5bfaa3b61b198f00597d3	http://ap-northeast-2.ec2.archive.ubuntu.com/ubuntu/dists/bionic-updates/restricted/binary-amd64/by-hash/SHA256/aa5c53675d36d1436555f2bb3c974dac0b8a22ec5cc5bfaa3b61b198f00597d3	200	1368100	aa5c53675d36d1436555f2bb3c974dac0b8a22ec5cc5bfaa3b61b198f00597d3	/home/aella/aws-discovery-xenial-bionic-retry2-20260831/upgrade-discovery/xenial-to-bionic/runtime/deb-cache/94/8c/948ca8e7dbdbb7a5aad9e510e8bfb0a2c8b21260337716497f639a4dc1424391
xenial-to-bionic	2026-08-31T11:03:45Z	GET	http://ap-northeast-2.ec2.archive.ubuntu.com/ubuntu/dists/bionic-updates/restricted/i18n/by-hash/SHA256/2ec7fe0f276fa3c7cf0ca689ef8b610ad3fe395a7759051e7b3da1639b9acd3d	http://ap-northeast-2.ec2.archive.ubuntu.com/ubuntu/dists/bionic-updates/restricted/i18n/by-hash/SHA256/2ec7fe0f276fa3c7cf0ca689ef8b610ad3fe395a7759051e7b3da1639b9acd3d	200	186600	2ec7fe0f276fa3c7cf0ca689ef8b610ad3fe395a7759051e7b3da1639b9acd3d	/home/aella/aws-discovery-xenial-bionic-retry2-20260831/upgrade-discovery/xenial-to-bionic/runtime/deb-cache/55/ca/55ca70d19f70adff4d96211ff8c70a7d4814acfd03a251db50cdc1682d8cdacd
xenial-to-bionic	2026-08-31T11:03:45Z	GET	http://ap-northeast-2.ec2.archive.ubuntu.com/ubuntu/dists/bionic-updates/universe/binary-amd64/by-hash/SHA256/5bd0649c6e9005798ab4836201e645c5ec715b3fa17a4f7a9ce03a6d3a200dd4	http://ap-northeast-2.ec2.archive.ubuntu.com/ubuntu/dists/bionic-updates/universe/binary-amd64/by-hash/SHA256/5bd0649c6e9005798ab4836201e645c5ec715b3fa17a4f7a9ce03a6d3a200dd4	200	1935880	5bd0649c6e9005798ab4836201e645c5ec715b3fa17a4f7a9ce03a6d3a200dd4	/home/aella/aws-discovery-xenial-bionic-retry2-20260831/upgrade-discovery/xenial-to-bionic/runtime/deb-cache/f6/1c/f61c7479ddf61c1e8b3b14a83eb4c5215f0686f05789e600975e04d2b8a95849
xenial-to-bionic	2026-08-31T11:03:45Z	GET	http://ap-northeast-2.ec2.archive.ubuntu.com/ubuntu/dists/bionic-updates/universe/i18n/by-hash/SHA256/12b7703fd9bd1a80bb5b55d95b2788207d6c149e604689be351a07e812f93ea0	http://ap-northeast-2.ec2.archive.ubuntu.com/ubuntu/dists/bionic-updates/universe/i18n/by-hash/SHA256/12b7703fd9bd1a80bb5b55d95b2788207d6c149e604689be351a07e812f93ea0	200	419924	12b7703fd9bd1a80bb5b55d95b2788207d6c149e604689be351a07e812f93ea0	/home/aella/aws-discovery-xenial-bionic-retry2-20260831/upgrade-discovery/xenial-to-bionic/runtime/deb-cache/eb/a5/eba575178201298e7bc01bcd072752f34f240b635068b316c9b0d21e6ddbff86
xenial-to-bionic	2026-08-31T11:03:45Z	GET	http://ap-northeast-2.ec2.archive.ubuntu.com/ubuntu/dists/bionic-updates/multiverse/binary-amd64/by-hash/SHA256/f03b26fa57736fd5a5a7a6075aff84c33f3ba15efa045e439fd69c03f6059071	http://ap-northeast-2.ec2.archive.ubuntu.com/ubuntu/dists/bionic-updates/multiverse/binary-amd64/by-hash/SHA256/f03b26fa57736fd5a5a7a6075aff84c33f3ba15efa045e439fd69c03f6059071	200	25680	f03b26fa57736fd5a5a7a6075aff84c33f3ba15efa045e439fd69c03f6059071	/home/aella/aws-discovery-xenial-bionic-retry2-20260831/upgrade-discovery/xenial-to-bionic/runtime/deb-cache/9b/12/9b128899803cde83d91d384428b453f968ee46a7e6fbee0c43b3067e229538ae
xenial-to-bionic	2026-08-31T11:03:45Z	GET	http://ap-northeast-2.ec2.archive.ubuntu.com/ubuntu/dists/bionic-updates/multiverse/i18n/by-hash/SHA256/df81673cd688b16c3f789e054a40fa8600c848330420f702216f06cd55712bee	http://ap-northeast-2.ec2.archive.ubuntu.com/ubuntu/dists/bionic-updates/multiverse/i18n/by-hash/SHA256/df81673cd688b16c3f789e054a40fa8600c848330420f702216f06cd55712bee	200	6056	df81673cd688b16c3f789e054a40fa8600c848330420f702216f06cd55712bee	/home/aella/aws-discovery-xenial-bionic-retry2-20260831/upgrade-discovery/xenial-to-bionic/runtime/deb-cache/51/0f/510fdf23946d51f767471ff2a426026c923cbe1dbd5ea3a7be27f03ed2b5211a
xenial-to-bionic	2026-08-31T11:03:45Z	GET	http://ap-northeast-2.ec2.archive.ubuntu.com/ubuntu/dists/bionic-backports/main/binary-amd64/by-hash/SHA256/381636f083c26acf844252b57938df53f34c248883a724bbe47b326cc5bca9ac	http://ap-northeast-2.ec2.archive.ubuntu.com/ubuntu/dists/bionic-backports/main/binary-amd64/by-hash/SHA256/381636f083c26acf844252b57938df53f34c248883a724bbe47b326cc5bca9ac	200	53688	381636f083c26acf844252b57938df53f34c248883a724bbe47b326cc5bca9ac	/home/aella/aws-discovery-xenial-bionic-retry2-20260831/upgrade-discovery/xenial-to-bionic/runtime/deb-cache/c5/81/c58107a2cf8367a07ada357cfc7aac85517b95d538a9f1a5b9153d45eab94fea
xenial-to-bionic	2026-08-31T11:03:45Z	GET	http://ap-northeast-2.ec2.archive.ubuntu.com/ubuntu/dists/bionic-backports/main/i18n/by-hash/SHA256/10a1d5beb13515799e17fdd5c6de687fbaf0352145ba7794c9d0bae69efa01e4	http://ap-northeast-2.ec2.archive.ubuntu.com/ubuntu/dists/bionic-backports/main/i18n/by-hash/SHA256/10a1d5beb13515799e17fdd5c6de687fbaf0352145ba7794c9d0bae69efa01e4	200	14524	10a1d5beb13515799e17fdd5c6de687fbaf0352145ba7794c9d0bae69efa01e4	/home/aella/aws-discovery-xenial-bionic-retry2-20260831/upgrade-discovery/xenial-to-bionic/runtime/deb-cache/eb/42/eb422a313368c0815c541a328a91b20cf452b2871f1e3c29134c4fcbe920ab42
xenial-to-bionic	2026-08-31T11:03:45Z	GET	http://ap-northeast-2.ec2.archive.ubuntu.com/ubuntu/dists/bionic-backports/universe/binary-amd64/by-hash/SHA256/c794796e96170239e8fd5ca1f9d2be37b924af148a91a3f77e08148800e2ead5	http://ap-northeast-2.ec2.archive.ubuntu.com/ubuntu/dists/bionic-backports/universe/binary-amd64/by-hash/SHA256/c794796e96170239e8fd5ca1f9d2be37b924af148a91a3f77e08148800e2ead5	200	18288	c794796e96170239e8fd5ca1f9d2be37b924af148a91a3f77e08148800e2ead5	/home/aella/aws-discovery-xenial-bionic-retry2-20260831/upgrade-discovery/xenial-to-bionic/runtime/deb-cache/55/7a/557afd0fb780fb6f24bf011e3933a656281d08a17cb371ef45dfd65f9520691f
xenial-to-bionic	2026-08-31T11:03:45Z	GET	http://ap-northeast-2.ec2.archive.ubuntu.com/ubuntu/dists/bionic-backports/universe/i18n/by-hash/SHA256/e095c961c6b90ee870f24f5001909fac65ddf285cf1fecfc6ff17002817dd0c8	http://ap-northeast-2.ec2.archive.ubuntu.com/ubuntu/dists/bionic-backports/universe/i18n/by-hash/SHA256/e095c961c6b90ee870f24f5001909fac65ddf285cf1fecfc6ff17002817dd0c8	200	8612	e095c961c6b90ee870f24f5001909fac65ddf285cf1fecfc6ff17002817dd0c8	/home/aella/aws-discovery-xenial-bionic-retry2-20260831/upgrade-discovery/xenial-to-bionic/runtime/deb-cache/9c/3c/9c3ce15745a948557c77b9930343553a1a9e23ed2d5cbf89d2deedc61ee94180
xenial-to-bionic	2026-08-31T11:03:46Z	GET	http://security.ubuntu.com/ubuntu/dists/bionic-security/InRelease	http://security.ubuntu.com/ubuntu/dists/bionic-security/InRelease	200	101773	c72e2844f54421f56b954984961764fd2ad9fb04f21c81f55e418c54ec3d4e66	/home/aella/aws-discovery-xenial-bionic-retry2-20260831/upgrade-discovery/xenial-to-bionic/runtime/deb-cache/df/a7/dfa748dd9a9d6effc615d6bf0e03c0df3ac6273abcc0dddf2f9ebe133d403f9c
xenial-to-bionic	2026-08-31T11:03:48Z	GET	http://security.ubuntu.com/ubuntu/dists/bionic-security/main/binary-amd64/by-hash/SHA256/0815bae1c24b845451ae9e0e1471fee25391bd35897a6c09dd441de77a3a8104	http://security.ubuntu.com/ubuntu/dists/bionic-security/main/binary-amd64/by-hash/SHA256/0815bae1c24b845451ae9e0e1471fee25391bd35897a6c09dd441de77a3a8104	200	2762904	0815bae1c24b845451ae9e0e1471fee25391bd35897a6c09dd441de77a3a8104	/home/aella/aws-discovery-xenial-bionic-retry2-20260831/upgrade-discovery/xenial-to-bionic/runtime/deb-cache/f1/c4/f1c48987388ec115d427b467b898380b4aa966c75d7d8c832684c92c1b278270
xenial-to-bionic	2026-08-31T11:03:50Z	GET	http://security.ubuntu.com/ubuntu/dists/bionic-security/main/i18n/by-hash/SHA256/95c9d8e3a56c506dde3cb9d0ba74e88725bc4cc0dfcb1fe117cc6004c7e0d9c7	http://security.ubuntu.com/ubuntu/dists/bionic-security/main/i18n/by-hash/SHA256/95c9d8e3a56c506dde3cb9d0ba74e88725bc4cc0dfcb1fe117cc6004c7e0d9c7	200	467428	95c9d8e3a56c506dde3cb9d0ba74e88725bc4cc0dfcb1fe117cc6004c7e0d9c7	/home/aella/aws-discovery-xenial-bionic-retry2-20260831/upgrade-discovery/xenial-to-bionic/runtime/deb-cache/01/2b/012b6bec16a04cadcd515ac15a0edbb286611b5e81e60aae11345541c9fb827b
xenial-to-bionic	2026-08-31T11:03:52Z	GET	http://security.ubuntu.com/ubuntu/dists/bionic-security/restricted/binary-amd64/by-hash/SHA256/dc8751f4d213b63110f49f2274e430e3359b5c5ed0fb00512934af32b3f0031d	http://security.ubuntu.com/ubuntu/dists/bionic-security/restricted/binary-amd64/by-hash/SHA256/dc8751f4d213b63110f49f2274e430e3359b5c5ed0fb00512934af32b3f0031d	200	1338112	dc8751f4d213b63110f49f2274e430e3359b5c5ed0fb00512934af32b3f0031d	/home/aella/aws-discovery-xenial-bionic-retry2-20260831/upgrade-discovery/xenial-to-bionic/runtime/deb-cache/af/1e/af1ee562402aaf6d8fc20ce1b5f94d356a53eee127239ac7c7da3e89f4aee019
xenial-to-bionic	2026-08-31T11:03:54Z	GET	http://security.ubuntu.com/ubuntu/dists/bionic-security/restricted/i18n/by-hash/SHA256/20b7417838e67fcbae8b7e79a92d42a560eeeb2f7f602b32a233139c8aa1ba57	http://security.ubuntu.com/ubuntu/dists/bionic-security/restricted/i18n/by-hash/SHA256/20b7417838e67fcbae8b7e79a92d42a560eeeb2f7f602b32a233139c8aa1ba57	200	182000	20b7417838e67fcbae8b7e79a92d42a560eeeb2f7f602b32a233139c8aa1ba57	/home/aella/aws-discovery-xenial-bionic-retry2-20260831/upgrade-discovery/xenial-to-bionic/runtime/deb-cache/49/67/496708357e3ca69d3fe3a5b4d38b6dcd7906381b5f1c7c44971c369a58fae2fe
xenial-to-bionic	2026-08-31T11:03:56Z	GET	http://security.ubuntu.com/ubuntu/dists/bionic-security/universe/binary-amd64/by-hash/SHA256/87b4d8cf9da57a77c4b1fe44fa8e251b745c49623d837279d90c24d3883e4f43	http://security.ubuntu.com/ubuntu/dists/bionic-security/universe/binary-amd64/by-hash/SHA256/87b4d8cf9da57a77c4b1fe44fa8e251b745c49623d837279d90c24d3883e4f43	200	1319196	87b4d8cf9da57a77c4b1fe44fa8e251b745c49623d837279d90c24d3883e4f43	/home/aella/aws-discovery-xenial-bionic-retry2-20260831/upgrade-discovery/xenial-to-bionic/runtime/deb-cache/33/09/3309ff912aeefbdcd3d759ac3e678970a0963dbe36ab1b971e272463a4fa715e
xenial-to-bionic	2026-08-31T11:03:57Z	GET	http://security.ubuntu.com/ubuntu/dists/bionic-security/universe/i18n/by-hash/SHA256/b7e35362b958950c80d050b5427b1cd04e43422ec3f6fc7aa1841aafee4377bb	http://security.ubuntu.com/ubuntu/dists/bionic-security/universe/i18n/by-hash/SHA256/b7e35362b958950c80d050b5427b1cd04e43422ec3f6fc7aa1841aafee4377bb	200	307336	b7e35362b958950c80d050b5427b1cd04e43422ec3f6fc7aa1841aafee4377bb	/home/aella/aws-discovery-xenial-bionic-retry2-20260831/upgrade-discovery/xenial-to-bionic/runtime/deb-cache/9d/24/9d24dbee44394f847a371ce8ed8b071677ef365e40d39be75b7089138d8afbee
xenial-to-bionic	2026-08-31T11:03:58Z	GET	http://security.ubuntu.com/ubuntu/dists/bionic-security/multiverse/binary-amd64/by-hash/SHA256/95616feebae276957850c6c8f56e59e13ceb0c6d6567acb415f06987c5e74bfe	http://security.ubuntu.com/ubuntu/dists/bionic-security/multiverse/binary-amd64/by-hash/SHA256/95616feebae276957850c6c8f56e59e13ceb0c6d6567acb415f06987c5e74bfe	200	19824	95616feebae276957850c6c8f56e59e13ceb0c6d6567acb415f06987c5e74bfe	/home/aella/aws-discovery-xenial-bionic-retry2-20260831/upgrade-discovery/xenial-to-bionic/runtime/deb-cache/cd/a6/cda699265dc8fd5a239102e84aa7b673a7083716afeab14957b61091d9299bc5
xenial-to-bionic	2026-08-31T11:03:59Z	GET	http://security.ubuntu.com/ubuntu/dists/bionic-security/multiverse/i18n/by-hash/SHA256/3c20a1b08cbe84987db3e3bb0eb721d94219520e658a0af17469d86b0508f17b	http://security.ubuntu.com/ubuntu/dists/bionic-security/multiverse/i18n/by-hash/SHA256/3c20a1b08cbe84987db3e3bb0eb721d94219520e658a0af17469d86b0508f17b	200	3896	3c20a1b08cbe84987db3e3bb0eb721d94219520e658a0af17469d86b0508f17b	/home/aella/aws-discovery-xenial-bionic-retry2-20260831/upgrade-discovery/xenial-to-bionic/runtime/deb-cache/5d/ef/5defb892b8cb47786dcef53b90049004f57aea5e514d8d8b6830328162e9161d
xenial-to-bionic	2026-08-31T11:05:24Z	GET	http://ap-northeast-2.ec2.archive.ubuntu.com/ubuntu/pool/main/g/glibc/locales_2.27-3ubuntu1.6_all.deb	http://ap-northeast-2.ec2.archive.ubuntu.com/ubuntu/pool/main/g/glibc/locales_2.27-3ubuntu1.6_all.deb	200	3612972	b58da92ae09d70621ca5959c55fff55d42561f8d22c47779db9bb484e4a9b2e5	/home/aella/aws-discovery-xenial-bionic-retry2-20260831/upgrade-discovery/xenial-to-bionic/runtime/deb-cache/0f/ce/0fce37f63df1cb00af3006d51b64355a8ba3fb7942d9e53ddcb64c2950dc2592
xenial-to-bionic	2026-08-31T11:05:24Z	GET	http://ap-northeast-2.ec2.archive.ubuntu.com/ubuntu/pool/main/g/glibc/libc-dev-bin_2.27-3ubuntu1.6_amd64.deb	http://ap-northeast-2.ec2.archive.ubuntu.com/ubuntu/pool/main/g/glibc/libc-dev-bin_2.27-3ubuntu1.6_amd64.deb	200	71852	8017554e87d08d6a3d4c70e8eca5807a975d990ac950efdaa8e200e49737f85d	/home/aella/aws-discovery-xenial-bionic-retry2-20260831/upgrade-discovery/xenial-to-bionic/runtime/deb-cache/97/41/974138735b294717f5f13be77aec64d5bdde553fc32718dd1c26e1169f6a409d
xenial-to-bionic	2026-08-31T11:05:25Z	GET	http://ap-northeast-2.ec2.archive.ubuntu.com/ubuntu/pool/main/g/glibc/libc6-dev_2.27-3ubuntu1.6_amd64.deb	http://ap-northeast-2.ec2.archive.ubuntu.com/ubuntu/pool/main/g/glibc/libc6-dev_2.27-3ubuntu1.6_amd64.deb	200	2586788	96ae7d2cf38f0547ca3cccb3344c8802fdf5bcd71c4b6d9aed09558ac8cc87db	/home/aella/aws-discovery-xenial-bionic-retry2-20260831/upgrade-discovery/xenial-to-bionic/runtime/deb-cache/3d/09/3d09b3eed86b01b02c41155c6798a40eb80534e25708fe46321a1e4e4a9ec245
xenial-to-bionic	2026-08-31T11:05:25Z	GET	http://ap-northeast-2.ec2.archive.ubuntu.com/ubuntu/pool/main/g/glibc/libc6_2.27-3ubuntu1.6_amd64.deb	http://ap-northeast-2.ec2.archive.ubuntu.com/ubuntu/pool/main/g/glibc/libc6_2.27-3ubuntu1.6_amd64.deb	200	2831000	5b813d4512491cd8fb30b2eb9192349ee75ffe3c9f21ae136cc7b2429f70c3b2	/home/aella/aws-discovery-xenial-bionic-retry2-20260831/upgrade-discovery/xenial-to-bionic/runtime/deb-cache/39/8b/398b1d51f0de28a3b0d9748ea66fe9b573d662c8588a3a68fa48dfa3507d13c4
xenial-to-bionic	2026-08-31T11:05:25Z	GET	http://ap-northeast-2.ec2.archive.ubuntu.com/ubuntu/pool/main/g/glibc/libc-bin_2.27-3ubuntu1.6_amd64.deb	http://ap-northeast-2.ec2.archive.ubuntu.com/ubuntu/pool/main/g/glibc/libc-bin_2.27-3ubuntu1.6_amd64.deb	200	640392	9a2913ea17c5e5c30476dfa566cce190ec93583543259b6901c2b5a20323fb24	/home/aella/aws-discovery-xenial-bionic-retry2-20260831/upgrade-discovery/xenial-to-bionic/runtime/deb-cache/aa/79/aa79199eec708bf190578d5b061e0324a3e1f87740414b773b79d75b83128605
xenial-to-bionic	2026-08-31T11:05:25Z	GET	http://ap-northeast-2.ec2.archive.ubuntu.com/ubuntu/pool/main/x/xz-utils/liblzma5_5.2.2-1.3ubuntu0.1_amd64.deb	http://ap-northeast-2.ec2.archive.ubuntu.com/ubuntu/pool/main/x/xz-utils/liblzma5_5.2.2-1.3ubuntu0.1_amd64.deb	200	91108	10ceffc040ad0e0ab510a868015a2d10b9381618d01f745ccf11f4d40cd36068	/home/aella/aws-discovery-xenial-bionic-retry2-20260831/upgrade-discovery/xenial-to-bionic/runtime/deb-cache/b6/ff/b6ffdace0e95fee52cf8674592c983844bdcd098cf5f9028621b18dad811f91b
xenial-to-bionic	2026-08-31T11:05:26Z	GET	http://ap-northeast-2.ec2.archive.ubuntu.com/ubuntu/pool/main/libz/libzstd/libzstd1_1.3.3%2bdfsg-2ubuntu1.2_amd64.deb	http://ap-northeast-2.ec2.archive.ubuntu.com/ubuntu/pool/main/libz/libzstd/libzstd1_1.3.3%2bdfsg-2ubuntu1.2_amd64.deb	200	188624	2809c4cb4df8462e9d0a694be13a7787f91784da88435825556608cd472a713b	/home/aella/aws-discovery-xenial-bionic-retry2-20260831/upgrade-discovery/xenial-to-bionic/runtime/deb-cache/37/4b/374bbe0feee872e1b0e13796e216366ce0a5f84e2d7d583b5dd436d078c9f3b2
xenial-to-bionic	2026-08-31T11:05:26Z	GET	http://ap-northeast-2.ec2.archive.ubuntu.com/ubuntu/pool/main/t/tar/tar_1.29b-2ubuntu0.4_amd64.deb	http://ap-northeast-2.ec2.archive.ubuntu.com/ubuntu/pool/main/t/tar/tar_1.29b-2ubuntu0.4_amd64.deb	200	233720	365d9e86595e82026281dfe23bc2aa0cc537ddf5709c06cdf4e293ce447dcaf3	/home/aella/aws-discovery-xenial-bionic-retry2-20260831/upgrade-discovery/xenial-to-bionic/runtime/deb-cache/26/12/26122dd16160626695a637aecc8390579f74a39fb43499df7fbad630f7d34d5c
xenial-to-bionic	2026-08-31T11:05:26Z	GET	http://ap-northeast-2.ec2.archive.ubuntu.com/ubuntu/pool/main/libf/libfile-fcntllock-perl/libfile-fcntllock-perl_0.22-3build2_amd64.deb	http://ap-northeast-2.ec2.archive.ubuntu.com/ubuntu/pool/main/libf/libfile-fcntllock-perl/libfile-fcntllock-perl_0.22-3build2_amd64.deb	200	33158	138111d1f1e5969227633ff67e7279b31b8ff6a31d7c5b1ad2ad86f69e8ef2b4	/home/aella/aws-discovery-xenial-bionic-retry2-20260831/upgrade-discovery/xenial-to-bionic/runtime/deb-cache/aa/9c/aa9c8a7f643418c4a94fe649b736342fe6e9a8e85b190cb4d4420d7702d6308d
xenial-to-bionic	2026-08-31T11:05:26Z	GET	http://ap-northeast-2.ec2.archive.ubuntu.com/ubuntu/pool/main/a/apparmor/libapparmor1_2.12-4ubuntu5.3_amd64.deb	http://ap-northeast-2.ec2.archive.ubuntu.com/ubuntu/pool/main/a/apparmor/libapparmor1_2.12-4ubuntu5.3_amd64.deb	200	30676	50b0db3d4b0543c1729857604ab362cfcf9a1a49e6246d235dceb3a6a282ddf1	/home/aella/aws-discovery-xenial-bionic-retry2-20260831/upgrade-discovery/xenial-to-bionic/runtime/deb-cache/b9/22/b922b31316aded8748a19cf096973e7a70c03202be8a9b8e0effc5ee4c56e212
xenial-to-bionic	2026-08-31T11:05:26Z	GET	http://ap-northeast-2.ec2.archive.ubuntu.com/ubuntu/pool/main/a/apparmor/libapparmor-perl_2.12-4ubuntu5.3_amd64.deb	http://ap-northeast-2.ec2.archive.ubuntu.com/ubuntu/pool/main/a/apparmor/libapparmor-perl_2.12-4ubuntu5.3_amd64.deb	200	32556	b98ca07b4dfcb319e4e240f4640fb8be2187e9da2e53224297fe361129468ff4	/home/aella/aws-discovery-xenial-bionic-retry2-20260831/upgrade-discovery/xenial-to-bionic/runtime/deb-cache/a1/1c/a11c7936cd0ce030c07e5128a2339606cb1265c05bdad1905431c02f799ae467
xenial-to-bionic	2026-08-31T11:05:27Z	GET	http://ap-northeast-2.ec2.archive.ubuntu.com/ubuntu/pool/main/libt/libtext-charwidth-perl/libtext-charwidth-perl_0.04-7.1_amd64.deb	http://ap-northeast-2.ec2.archive.ubuntu.com/ubuntu/pool/main/libt/libtext-charwidth-perl/libtext-charwidth-perl_0.04-7.1_amd64.deb	200	9492	3929ca4c674d54d9a5d5bb966a29e3b7986d1a4aba13d9c827fa293f56f4fb65	/home/aella/aws-discovery-xenial-bionic-retry2-20260831/upgrade-discovery/xenial-to-bionic/runtime/deb-cache/fe/c4/fec4d51cb52903e9c9616e0a224bb8e3f102b9068cc3fbbc866c2d89e8a13ea4
xenial-to-bionic	2026-08-31T11:05:27Z	GET	http://ap-northeast-2.ec2.archive.ubuntu.com/ubuntu/pool/main/u/ubuntu-release-upgrader/python3-distupgrade_18.04.45_all.deb	http://ap-northeast-2.ec2.archive.ubuntu.com/ubuntu/pool/main/u/ubuntu-release-upgrader/python3-distupgrade_18.04.45_all.deb	200	107972	6db335a4d980e0c05b609591396caa1ee311c746c1beaa0c51752797360e9a17	/home/aella/aws-discovery-xenial-bionic-retry2-20260831/upgrade-discovery/xenial-to-bionic/runtime/deb-cache/21/83/21835892065a28852feb7265ecabcfa275a0da300b4c1344e62c8d62dbd5755d
xenial-to-bionic	2026-08-31T11:05:28Z	GET	http://ap-northeast-2.ec2.archive.ubuntu.com/ubuntu/pool/main/u/update-manager/python3-update-manager_18.04.13.1_all.deb	http://ap-northeast-2.ec2.archive.ubuntu.com/ubuntu/pool/main/u/update-manager/python3-update-manager_18.04.13.1_all.deb	200	35400	372e7e396bbfe3d47a276585b96d091412c9ea23cbb1d27d1d8b79d00dc75896	/home/aella/aws-discovery-xenial-bionic-retry2-20260831/upgrade-discovery/xenial-to-bionic/runtime/deb-cache/5c/16/5c16789e751c75ff7bab3af1872e8019ef1dc2158b2a23c23b005027a53340cd
xenial-to-bionic	2026-08-31T11:05:28Z	GET	http://ap-northeast-2.ec2.archive.ubuntu.com/ubuntu/pool/main/u/ubuntu-release-upgrader/ubuntu-release-upgrader-core_18.04.45_all.deb	http://ap-northeast-2.ec2.archive.ubuntu.com/ubuntu/pool/main/u/ubuntu-release-upgrader/ubuntu-release-upgrader-core_18.04.45_all.deb	200	26072	0ad68bd05ed8d4235b3c423243f3f4b81062124cca66c2e5afa0c298dc96c270	/home/aella/aws-discovery-xenial-bionic-retry2-20260831/upgrade-discovery/xenial-to-bionic/runtime/deb-cache/60/ef/60efce9eb045b557e952b6c8fa3659f62c72fdee6107d0deeb4fcce053f55cd3
xenial-to-bionic	2026-08-31T11:05:28Z	GET	http://ap-northeast-2.ec2.archive.ubuntu.com/ubuntu/pool/main/u/update-manager/update-manager-core_18.04.13.1_all.deb	http://ap-northeast-2.ec2.archive.ubuntu.com/ubuntu/pool/main/u/update-manager/update-manager-core_18.04.13.1_all.deb	200	8528	8781c3dcc4015749fe48ff7c4558a9c5b7fa634a9bcda45363ba3c2e03fbe2e0	/home/aella/aws-discovery-xenial-bionic-retry2-20260831/upgrade-discovery/xenial-to-bionic/runtime/deb-cache/a6/03/a603ba7c9955e2044ddedb4ace1ae7837ec32b6faf550806280e019237512ecc
xenial-to-bionic	2026-08-31T11:05:28Z	GET	http://ap-northeast-2.ec2.archive.ubuntu.com/ubuntu/pool/main/u/update-notifier/update-notifier-common_3.192.1.21_all.deb	http://ap-northeast-2.ec2.archive.ubuntu.com/ubuntu/pool/main/u/update-notifier/update-notifier-common_3.192.1.21_all.deb	200	172308	1550e3eca32467c7c25b5a5c72ce644b6153f7be6a4bd35838a0757a672ab9b2	/home/aella/aws-discovery-xenial-bionic-retry2-20260831/upgrade-discovery/xenial-to-bionic/runtime/deb-cache/11/34/1134a7c8fc064e564b88f38f67bdea0c288704569706c69bcdc090a19bf6e5da
xenial-to-bionic	2026-08-31T11:05:28Z	GET	http://ap-northeast-2.ec2.archive.ubuntu.com/ubuntu/pool/main/d/debconf/debconf_1.5.66ubuntu1_all.deb	http://ap-northeast-2.ec2.archive.ubuntu.com/ubuntu/pool/main/d/debconf/debconf_1.5.66ubuntu1_all.deb	200	123704	132ac2ac86f2ddda238ca3a09a4d1a32a2841d05c2c489ed4d747d3cf66970ef	/home/aella/aws-discovery-xenial-bionic-retry2-20260831/upgrade-discovery/xenial-to-bionic/runtime/deb-cache/a1/c4/a1c4711743c52d3fd55c670a209eb8d6ac8bbab5935e9180d8229286b4f03d35
xenial-to-bionic	2026-08-31T11:05:28Z	GET	http://ap-northeast-2.ec2.archive.ubuntu.com/ubuntu/pool/main/d/debconf/python3-debconf_1.5.66ubuntu1_all.deb	http://ap-northeast-2.ec2.archive.ubuntu.com/ubuntu/pool/main/d/debconf/python3-debconf_1.5.66ubuntu1_all.deb	200	4060	ce578b4c11b1becd50ab24fb0a81ac0fe6e8ab6c1dbc0680a35e89804d108a98	/home/aella/aws-discovery-xenial-bionic-retry2-20260831/upgrade-discovery/xenial-to-bionic/runtime/deb-cache/7e/cd/7ecd88c6eb7c085e775a6e07f8e86b2e53fb5c841fc9d7e4539e1e36dd00b105
xenial-to-bionic	2026-08-31T11:05:28Z	GET	http://ap-northeast-2.ec2.archive.ubuntu.com/ubuntu/pool/main/p/python-httplib2/python-httplib2_0.9.2%2bdfsg-1ubuntu0.3_all.deb	http://ap-northeast-2.ec2.archive.ubuntu.com/ubuntu/pool/main/p/python-httplib2/python-httplib2_0.9.2%2bdfsg-1ubuntu0.3_all.deb	200	34864	1fdbeeb281c0b8ef405d009746de9bd703ee3229e28df0377ee27d59b0494d9a	/home/aella/aws-discovery-xenial-bionic-retry2-20260831/upgrade-discovery/xenial-to-bionic/runtime/deb-cache/13/b6/13b618aa6cd636b4e4ced19bc3163994ea38fcd9db3afd7d6fd91d09ec2f0305
xenial-to-bionic	2026-08-31T11:05:28Z	GET	http://ap-northeast-2.ec2.archive.ubuntu.com/ubuntu/pool/main/o/openssl/libssl1.1_1.1.1-1ubuntu2.1%7e18.04.23_amd64.deb	http://ap-northeast-2.ec2.archive.ubuntu.com/ubuntu/pool/main/o/openssl/libssl1.1_1.1.1-1ubuntu2.1%7e18.04.23_amd64.deb	200	1302640	986727f5a99088bef98971edfcd9567f5693b5e941aa241894fce1020c7015a0	/home/aella/aws-discovery-xenial-bionic-retry2-20260831/upgrade-discovery/xenial-to-bionic/runtime/deb-cache/d0/21/d021535a4c4b9a18e4402dadd3259203c113d6378405d2251b6fde33c3cc62a4
xenial-to-bionic	2026-08-31T11:05:29Z	GET	http://ap-northeast-2.ec2.archive.ubuntu.com/ubuntu/pool/main/r/readline/libreadline7_7.0-3_amd64.deb	http://ap-northeast-2.ec2.archive.ubuntu.com/ubuntu/pool/main/r/readline/libreadline7_7.0-3_amd64.deb	200	123760	8706403267e95615f1b70db31ff16709361982728b308466346e01c20a743dd5	/home/aella/aws-discovery-xenial-bionic-retry2-20260831/upgrade-discovery/xenial-to-bionic/runtime/deb-cache/9d/4d/9d4dbb89613c61b2e3a554ec7de2e01e49f733bd014b19cdff5450be068d401b
xenial-to-bionic	2026-08-31T11:05:29Z	GET	http://ap-northeast-2.ec2.archive.ubuntu.com/ubuntu/pool/main/p/python2.7/libpython2.7_2.7.17-1%7e18.04ubuntu1.11_amd64.deb	http://ap-northeast-2.ec2.archive.ubuntu.com/ubuntu/pool/main/p/python2.7/libpython2.7_2.7.17-1%7e18.04ubuntu1.11_amd64.deb	200	1053628	69f6202720f4c5b2e436460ee82325ae84a50e37484bc3c7bf6fef1731c94ed0	/home/aella/aws-discovery-xenial-bionic-retry2-20260831/upgrade-discovery/xenial-to-bionic/runtime/deb-cache/c3/1e/c31eacbd9809cf9d01e8d279694cada94a4bf0f309105888fbdac564e9c4458c
xenial-to-bionic	2026-08-31T11:05:29Z	GET	http://ap-northeast-2.ec2.archive.ubuntu.com/ubuntu/pool/main/p/python2.7/libpython2.7-dev_2.7.17-1%7e18.04ubuntu1.11_amd64.deb	http://ap-northeast-2.ec2.archive.ubuntu.com/ubuntu/pool/main/p/python2.7/libpython2.7-dev_2.7.17-1%7e18.04ubuntu1.11_amd64.deb	200	28265808	5c5c0689cefaf328eeeb5faa746bfb0c23e3c253c4470061bdbd7561b336bfd5	/home/aella/aws-discovery-xenial-bionic-retry2-20260831/upgrade-discovery/xenial-to-bionic/runtime/deb-cache/d2/0f/d20fe463efa625f6ae706b36964d0893683c43f260a807e0de7ebf9faaf548d2
xenial-to-bionic	2026-08-31T11:05:30Z	GET	http://ap-northeast-2.ec2.archive.ubuntu.com/ubuntu/pool/main/p/python2.7/python2.7-dev_2.7.17-1%7e18.04ubuntu1.11_amd64.deb	http://ap-northeast-2.ec2.archive.ubuntu.com/ubuntu/pool/main/p/python2.7/python2.7-dev_2.7.17-1%7e18.04ubuntu1.11_amd64.deb	200	284736	374df527bb31cf744374f14e094f021c71ad51849edd3da76c0d0cdae817d0bf	/home/aella/aws-discovery-xenial-bionic-retry2-20260831/upgrade-discovery/xenial-to-bionic/runtime/deb-cache/43/a4/43a45dc51cbe2c150c60f67e31757e4f959dd4c2e6eaecc9fd0ebf35a468d7cc
xenial-to-bionic	2026-08-31T11:05:30Z	GET	http://ap-northeast-2.ec2.archive.ubuntu.com/ubuntu/pool/main/p/python2.7/python2.7_2.7.17-1%7e18.04ubuntu1.11_amd64.deb	http://ap-northeast-2.ec2.archive.ubuntu.com/ubuntu/pool/main/p/python2.7/python2.7_2.7.17-1%7e18.04ubuntu1.11_amd64.deb	200	247780	ada9b8a5b7492533afda91fd39f2b29972fa18b4d8890da92ff664fa45b95e60	/home/aella/aws-discovery-xenial-bionic-retry2-20260831/upgrade-discovery/xenial-to-bionic/runtime/deb-cache/0d/44/0d443ab466df7788561b516446fecfcca68b6769d95ebb0b2be8d31f9236db5b
xenial-to-bionic	2026-08-31T11:05:30Z	GET	http://ap-northeast-2.ec2.archive.ubuntu.com/ubuntu/pool/main/p/python2.7/libpython2.7-stdlib_2.7.17-1%7e18.04ubuntu1.11_amd64.deb	http://ap-northeast-2.ec2.archive.ubuntu.com/ubuntu/pool/main/p/python2.7/libpython2.7-stdlib_2.7.17-1%7e18.04ubuntu1.11_amd64.deb	200	1919244	e5771e15134b3795ff06fb1af58d971dbef1012e18a810faa3e74d4484acf32b	/home/aella/aws-discovery-xenial-bionic-retry2-20260831/upgrade-discovery/xenial-to-bionic/runtime/deb-cache/76/56/7656b9f9c25a6222149326baac47b297d505e77c0a6e492ca96a36d0a601af85
xenial-to-bionic	2026-08-31T11:05:30Z	GET	http://ap-northeast-2.ec2.archive.ubuntu.com/ubuntu/pool/main/p/python2.7/libpython2.7-minimal_2.7.17-1%7e18.04ubuntu1.11_amd64.deb	http://ap-northeast-2.ec2.archive.ubuntu.com/ubuntu/pool/main/p/python2.7/libpython2.7-minimal_2.7.17-1%7e18.04ubuntu1.11_amd64.deb	200	335464	8d036897ece48dd52501afe164c37e22fb330867cce73d4c2d4ad4b7c66522c9	/home/aella/aws-discovery-xenial-bionic-retry2-20260831/upgrade-discovery/xenial-to-bionic/runtime/deb-cache/1b/e6/1be60b2ad03881e0a1478adddb25335fd25b69bad7307e6c0a3d2dfa3da127de
xenial-to-bionic	2026-08-31T11:05:31Z	GET	http://ap-northeast-2.ec2.archive.ubuntu.com/ubuntu/pool/main/p/python2.7/python2.7-minimal_2.7.17-1%7e18.04ubuntu1.11_amd64.deb	http://ap-northeast-2.ec2.archive.ubuntu.com/ubuntu/pool/main/p/python2.7/python2.7-minimal_2.7.17-1%7e18.04ubuntu1.11_amd64.deb	200	1293816	42e5fe99c7c0e85c1c83e3afad67c3673a0b97507a1428f0e9fd0cfb286981da	/home/aella/aws-discovery-xenial-bionic-retry2-20260831/upgrade-discovery/xenial-to-bionic/runtime/deb-cache/2a/35/2a350c65d4e6ebbfaf95bf9981e771383f1239a49a5227d094cccf67056ebc2c
xenial-to-bionic	2026-08-31T11:05:31Z	GET	http://ap-northeast-2.ec2.archive.ubuntu.com/ubuntu/pool/main/p/python-defaults/python-minimal_2.7.15%7erc1-1_amd64.deb	http://ap-northeast-2.ec2.archive.ubuntu.com/ubuntu/pool/main/p/python-defaults/python-minimal_2.7.15%7erc1-1_amd64.deb	200	28068	960ba1bf3601f763f2d9b26773ce91840facb16f141197ef462a98a5e86bbd07	/home/aella/aws-discovery-xenial-bionic-retry2-20260831/upgrade-discovery/xenial-to-bionic/runtime/deb-cache/29/0c/290cb5432823f51b5842c46192f3fc5fe4459f45e3f51022aeee2dd155cd727a
xenial-to-bionic	2026-08-31T11:05:32Z	GET	http://ap-northeast-2.ec2.archive.ubuntu.com/ubuntu/pool/main/p/python-defaults/libpython-stdlib_2.7.15%7erc1-1_amd64.deb	http://ap-northeast-2.ec2.archive.ubuntu.com/ubuntu/pool/main/p/python-defaults/libpython-stdlib_2.7.15%7erc1-1_amd64.deb	200	7620	2443d968497fb5850a7d2de82f81fcba7b3e61aecc34e61ecacc6f9f80954a6b	/home/aella/aws-discovery-xenial-bionic-retry2-20260831/upgrade-discovery/xenial-to-bionic/runtime/deb-cache/53/62/5362ec388040106128b497fc7e85d0b9d63b3d7e0560c01d259f05c88ce1422f
xenial-to-bionic	2026-08-31T11:05:32Z	GET	http://ap-northeast-2.ec2.archive.ubuntu.com/ubuntu/pool/main/p/python-defaults/python-all_2.7.15%7erc1-1_amd64.deb	http://ap-northeast-2.ec2.archive.ubuntu.com/ubuntu/pool/main/p/python-defaults/python-all_2.7.15%7erc1-1_amd64.deb	200	1076	8ddccc2415eb8151007222a46940b2ea0c5828b77c44a216808ed3f5264594d6	/home/aella/aws-discovery-xenial-bionic-retry2-20260831/upgrade-discovery/xenial-to-bionic/runtime/deb-cache/3e/72/3e72f995557bb44327c118cd9b77259a09324ccd84907c1acea3270acd550fea
xenial-to-bionic	2026-08-31T11:05:32Z	GET	http://ap-northeast-2.ec2.archive.ubuntu.com/ubuntu/pool/main/p/python-defaults/python-all-dev_2.7.15%7erc1-1_amd64.deb	http://ap-northeast-2.ec2.archive.ubuntu.com/ubuntu/pool/main/p/python-defaults/python-all-dev_2.7.15%7erc1-1_amd64.deb	200	1100	7f0e3f9abcb1f6d6dd2b6496f18647919c8391d4babe5cec8f28b24ebd34d3f5	/home/aella/aws-discovery-xenial-bionic-retry2-20260831/upgrade-discovery/xenial-to-bionic/runtime/deb-cache/81/6a/816a3075f334c4ded2aa2fca68e87978d0380044eecb452df59192cf5db4a053
xenial-to-bionic	2026-08-31T11:05:32Z	GET	http://ap-northeast-2.ec2.archive.ubuntu.com/ubuntu/pool/main/p/python-defaults/libpython-all-dev_2.7.15%7erc1-1_amd64.deb	http://ap-northeast-2.ec2.archive.ubuntu.com/ubuntu/pool/main/p/python-defaults/libpython-all-dev_2.7.15%7erc1-1_amd64.deb	200	1092	6195582003765617b485fb92ef5636c27f3cd5c307d360a3acfbf0a62bdd8881	/home/aella/aws-discovery-xenial-bionic-retry2-20260831/upgrade-discovery/xenial-to-bionic/runtime/deb-cache/01/9e/019e0132ac79fa748c3144305a9e558b53f4cf55072fb2ef87251041f9f5ef44
xenial-to-bionic	2026-08-31T11:05:32Z	GET	http://ap-northeast-2.ec2.archive.ubuntu.com/ubuntu/pool/main/p/python-defaults/libpython-dev_2.7.15%7erc1-1_amd64.deb	http://ap-northeast-2.ec2.archive.ubuntu.com/ubuntu/pool/main/p/python-defaults/libpython-dev_2.7.15%7erc1-1_amd64.deb	200	7684	0d0b1e86da5fe125ad7400d4be0cea0b1751d98064f58323f557e1f53c6a043a	/home/aella/aws-discovery-xenial-bionic-retry2-20260831/upgrade-discovery/xenial-to-bionic/runtime/deb-cache/c9/10/c9108649842bcfe64e6d70d20d72a94d07360fce4da84e6dc37dc124fbf4679d
xenial-to-bionic	2026-08-31T11:05:32Z	GET	http://ap-northeast-2.ec2.archive.ubuntu.com/ubuntu/pool/main/p/python-defaults/python-dev_2.7.15%7erc1-1_amd64.deb	http://ap-northeast-2.ec2.archive.ubuntu.com/ubuntu/pool/main/p/python-defaults/python-dev_2.7.15%7erc1-1_amd64.deb	200	1256	c0f1439246fb95e255a123d8d083c8afef6e2fdfa2b567ccacc7d49ff9f5bbe1	/home/aella/aws-discovery-xenial-bionic-retry2-20260831/upgrade-discovery/xenial-to-bionic/runtime/deb-cache/0b/04/0b040d31f2d9533ca4c3a38d18ef895b1a5e1f2672be787bf1a5c52cc92e7f83
xenial-to-bionic	2026-08-31T11:05:32Z	GET	http://ap-northeast-2.ec2.archive.ubuntu.com/ubuntu/pool/main/p/python-defaults/python_2.7.15%7erc1-1_amd64.deb	http://ap-northeast-2.ec2.archive.ubuntu.com/ubuntu/pool/main/p/python-defaults/python_2.7.15%7erc1-1_amd64.deb	200	139968	9be87952c519f94d24129911e03a24035ce47358cb528492f4a53b2e31efc6d4	/home/aella/aws-discovery-xenial-bionic-retry2-20260831/upgrade-discovery/xenial-to-bionic/runtime/deb-cache/45/29/4529f3b53a880e1ce7e31df689b6aaffbabc8a44b77e19d4de77728837f545b1
xenial-to-bionic	2026-08-31T11:05:32Z	GET	http://ap-northeast-2.ec2.archive.ubuntu.com/ubuntu/pool/main/d/debconf/debconf-i18n_1.5.66ubuntu1_all.deb	http://ap-northeast-2.ec2.archive.ubuntu.com/ubuntu/pool/main/d/debconf/debconf-i18n_1.5.66ubuntu1_all.deb	200	204796	d681b769b74fa3224317452ac66d0e9f233d2008db8c315995c1065e238c65a5	/home/aella/aws-discovery-xenial-bionic-retry2-20260831/upgrade-discovery/xenial-to-bionic/runtime/deb-cache/ac/19/ac193b8f9e5ef10f9fc854d316341cf7708cc167ed202fb1732f2c6478ab6dc5
xenial-to-bionic	2026-08-31T11:05:32Z	GET	http://ap-northeast-2.ec2.archive.ubuntu.com/ubuntu/pool/main/g/git/git-man_2.17.1-1ubuntu0.18_all.deb	http://ap-northeast-2.ec2.archive.ubuntu.com/ubuntu/pool/main/g/git/git-man_2.17.1-1ubuntu0.18_all.deb	200	804428	0f7824ae6cc655ac264086a1dc24fc08110532a84c7e2834c28b3371e1f6a762	/home/aella/aws-discovery-xenial-bionic-retry2-20260831/upgrade-discovery/xenial-to-bionic/runtime/deb-cache/05/b0/05b037e9bf3618e9f08cf8b9ec1a326e129d8c0bb627a9c91cb38ca66cc06e21
xenial-to-bionic	2026-08-31T11:05:32Z	GET	http://ap-northeast-2.ec2.archive.ubuntu.com/ubuntu/pool/main/g/git/git_2.17.1-1ubuntu0.18_amd64.deb	http://ap-northeast-2.ec2.archive.ubuntu.com/ubuntu/pool/main/g/git/git_2.17.1-1ubuntu0.18_amd64.deb	200	3989588	fb43bb837d2f770038d4e582846e60fd3eaf78b53b4fa32e5433162cef9c8580	/home/aella/aws-discovery-xenial-bionic-retry2-20260831/upgrade-discovery/xenial-to-bionic/runtime/deb-cache/38/79/3879d3c09b7cfdd706fa294cb77a3486259a26da0ae09ba92fa64138fdf14a5e
xenial-to-bionic	2026-08-31T11:05:33Z	GET	http://ap-northeast-2.ec2.archive.ubuntu.com/ubuntu/pool/main/p/perl/perl_5.26.1-6ubuntu0.7_amd64.deb	http://ap-northeast-2.ec2.archive.ubuntu.com/ubuntu/pool/main/p/perl/perl_5.26.1-6ubuntu0.7_amd64.deb	200	201492	863a38b9a4fee0499e810db79fc6f544525a56233e282d3b95e7576350cba8c9	/home/aella/aws-discovery-xenial-bionic-retry2-20260831/upgrade-discovery/xenial-to-bionic/runtime/deb-cache/72/18/721881704bced39e4b32a0fded3825452e2d2c3a6b609b6c95db6aef208a397b
xenial-to-bionic	2026-08-31T11:05:33Z	GET	http://ap-northeast-2.ec2.archive.ubuntu.com/ubuntu/pool/main/p/perl/perl-modules-5.26_5.26.1-6ubuntu0.7_all.deb	http://ap-northeast-2.ec2.archive.ubuntu.com/ubuntu/pool/main/p/perl/perl-modules-5.26_5.26.1-6ubuntu0.7_all.deb	200	2764044	529b55d3a2bb25042e8fc6191b584709309bbd48aada7012bf7717735bc2ff65	/home/aella/aws-discovery-xenial-bionic-retry2-20260831/upgrade-discovery/xenial-to-bionic/runtime/deb-cache/40/e4/40e4d3693d1f5799f50d7feb9b3eedb32dd66dcccf6099b589a42534586ad988
xenial-to-bionic	2026-08-31T11:05:34Z	GET	http://ap-northeast-2.ec2.archive.ubuntu.com/ubuntu/pool/main/g/gdbm/libgdbm5_1.14.1-6_amd64.deb	http://ap-northeast-2.ec2.archive.ubuntu.com/ubuntu/pool/main/g/gdbm/libgdbm5_1.14.1-6_amd64.deb	200	26040	d12d02c0d237e2ff766c02e31f4779a455c81d9f7a8ebbc7a083cc2d77d5cf13	/home/aella/aws-discovery-xenial-bionic-retry2-20260831/upgrade-discovery/xenial-to-bionic/runtime/deb-cache/86/73/8673d96b17996552af0b5aa479d481c5e4da965a4efd449a06eeddf216fb4c4a
xenial-to-bionic	2026-08-31T11:05:34Z	GET	http://ap-northeast-2.ec2.archive.ubuntu.com/ubuntu/pool/main/g/gdbm/libgdbm-compat4_1.14.1-6_amd64.deb	http://ap-northeast-2.ec2.archive.ubuntu.com/ubuntu/pool/main/g/gdbm/libgdbm-compat4_1.14.1-6_amd64.deb	200	6084	fb66aa765ad0527762fa62b7536cc1b577a5ddaf3f856616f34b05b578f92664	/home/aella/aws-discovery-xenial-bionic-retry2-20260831/upgrade-discovery/xenial-to-bionic/runtime/deb-cache/65/2b/652b08d92f93bc64593f0a9f35e5c87960b9c739cf7663dc06585e41cfb13b92
xenial-to-bionic	2026-08-31T11:05:34Z	GET	http://ap-northeast-2.ec2.archive.ubuntu.com/ubuntu/pool/main/p/perl/libperl5.26_5.26.1-6ubuntu0.7_amd64.deb	http://ap-northeast-2.ec2.archive.ubuntu.com/ubuntu/pool/main/p/perl/libperl5.26_5.26.1-6ubuntu0.7_amd64.deb	200	3532112	46e8b2a22a8bb5ee4b0dbd0a08a2e262639c8147e4a5e362e4f3f59230afda6d	/home/aella/aws-discovery-xenial-bionic-retry2-20260831/upgrade-discovery/xenial-to-bionic/runtime/deb-cache/03/ac/03acb5e8b552b916eec9c451d97f76e3778cd6df1c4ea2b7bd86ddb6e5280b9d
xenial-to-bionic	2026-08-31T11:05:34Z	GET	http://ap-northeast-2.ec2.archive.ubuntu.com/ubuntu/pool/main/libt/libtext-iconv-perl/libtext-iconv-perl_1.7-5build6_amd64.deb	http://ap-northeast-2.ec2.archive.ubuntu.com/ubuntu/pool/main/libt/libtext-iconv-perl/libtext-iconv-perl_1.7-5build6_amd64.deb	200	12994	77a839fcb4a3f91e6b54d8c726183bf94cbb6ddb15a4a16a8e019145615346de	/home/aella/aws-discovery-xenial-bionic-retry2-20260831/upgrade-discovery/xenial-to-bionic/runtime/deb-cache/ca/52/ca529dbfe1281dc4442c311e773f7181fd11aa54b746def3f9bfb2fcf774d3aa
xenial-to-bionic	2026-08-31T11:05:34Z	GET	http://ap-northeast-2.ec2.archive.ubuntu.com/ubuntu/pool/main/liba/libalgorithm-diff-xs-perl/libalgorithm-diff-xs-perl_0.04-5_amd64.deb	http://ap-northeast-2.ec2.archive.ubuntu.com/ubuntu/pool/main/liba/libalgorithm-diff-xs-perl/libalgorithm-diff-xs-perl_0.04-5_amd64.deb	200	11144	a94fa09306a4f7225a4bb69297fd2cc72a2f1139e1b6f9d88a65f1fdf6a53218	/home/aella/aws-discovery-xenial-bionic-retry2-20260831/upgrade-discovery/xenial-to-bionic/runtime/deb-cache/a7/65/a765e1060b27afc899fc3660fa3d24e8aa28f1256f1c150e8dbe0d2a4dd84086
xenial-to-bionic	2026-08-31T11:05:34Z	GET	http://ap-northeast-2.ec2.archive.ubuntu.com/ubuntu/pool/main/p/perl/perl-base_5.26.1-6ubuntu0.7_amd64.deb	http://ap-northeast-2.ec2.archive.ubuntu.com/ubuntu/pool/main/p/perl/perl-base_5.26.1-6ubuntu0.7_amd64.deb	200	1392104	8ff63f69bfff84dfbb1b6a7f3398829919e51f327ea4555957ae0771aa675ebc	/home/aella/aws-discovery-xenial-bionic-retry2-20260831/upgrade-discovery/xenial-to-bionic/runtime/deb-cache/85/68/85682a6f3978f1774eeeaa37e8d612122d69a93d17a133e735e0d46f30e86bb8
xenial-to-bionic	2026-08-31T11:05:34Z	GET	http://ap-northeast-2.ec2.archive.ubuntu.com/ubuntu/pool/main/libl/liblocale-gettext-perl/liblocale-gettext-perl_1.07-3build2_amd64.deb	http://ap-northeast-2.ec2.archive.ubuntu.com/ubuntu/pool/main/libl/liblocale-gettext-perl/liblocale-gettext-perl_1.07-3build2_amd64.deb	200	16606	71e6c29eba41d285695402837222cadc53f39dbff4548adc6906b7f376ddcb31	/home/aella/aws-discovery-xenial-bionic-retry2-20260831/upgrade-discovery/xenial-to-bionic/runtime/deb-cache/41/a8/41a80ff8389bd5fb1da4e9decc2f3568527546e953d481113fbe79ef4e045b61
xenial-to-bionic	2026-08-31T11:05:34Z	GET	http://ap-northeast-2.ec2.archive.ubuntu.com/ubuntu/pool/main/libu/libunistring/libunistring2_0.9.9-0ubuntu2_amd64.deb	http://ap-northeast-2.ec2.archive.ubuntu.com/ubuntu/pool/main/libu/libunistring/libunistring2_0.9.9-0ubuntu2_amd64.deb	200	367900	ce608f38449d030ef2dd7190b8ad6d0b72958a5c3f944153d707186b9b4ec200	/home/aella/aws-discovery-xenial-bionic-retry2-20260831/upgrade-discovery/xenial-to-bionic/runtime/deb-cache/0b/4d/0b4d8d407d302763cdb5e20a1d59930685433362c40c6bb5588a76974b6fa247
xenial-to-bionic	2026-08-31T11:05:34Z	GET	http://ap-northeast-2.ec2.archive.ubuntu.com/ubuntu/pool/main/libi/libidn2/libidn2-0_2.0.4-1.1ubuntu0.2_amd64.deb	http://ap-northeast-2.ec2.archive.ubuntu.com/ubuntu/pool/main/libi/libidn2/libidn2-0_2.0.4-1.1ubuntu0.2_amd64.deb	200	48688	432f5bb836d90753a1a32c55d608670e31479de5ad765163c160b883223eebb1	/home/aella/aws-discovery-xenial-bionic-retry2-20260831/upgrade-discovery/xenial-to-bionic/runtime/deb-cache/6c/80/6c80f8a6eb32b27d0c0892b8ef5aa5f8150d3d33cb2663dc922e0972c5a1a441
xenial-to-bionic	2026-08-31T11:05:35Z	GET	http://ap-northeast-2.ec2.archive.ubuntu.com/ubuntu/pool/main/libt/libtasn1-6/libtasn1-6_4.13-2_amd64.deb	http://ap-northeast-2.ec2.archive.ubuntu.com/ubuntu/pool/main/libt/libtasn1-6/libtasn1-6_4.13-2_amd64.deb	200	36200	60a665065add39d6fa2ea5dc91b766e843b0066c128144bc863c293796dd85ea	/home/aella/aws-discovery-xenial-bionic-retry2-20260831/upgrade-discovery/xenial-to-bionic/runtime/deb-cache/fe/f2/fef2c4637f1345fd0b15c1a81893ce9f9caead904171b15c57ebcc1f66b734d4
xenial-to-bionic	2026-08-31T11:05:35Z	GET	http://ap-northeast-2.ec2.archive.ubuntu.com/ubuntu/pool/main/g/gnutls28/libgnutls-openssl27_3.5.18-1ubuntu1.6_amd64.deb	http://ap-northeast-2.ec2.archive.ubuntu.com/ubuntu/pool/main/g/gnutls28/libgnutls-openssl27_3.5.18-1ubuntu1.6_amd64.deb	200	21108	60e9e7ca76b9a3509453bef087ab2f300a2a34a38027d2d4bde8626a7b788f59	/home/aella/aws-discovery-xenial-bionic-retry2-20260831/upgrade-discovery/xenial-to-bionic/runtime/deb-cache/a4/b5/a4b5c720cdfb5f588d83c24ab72bb6b80079275a5eaacafdcdddc37e46f18bc1
xenial-to-bionic	2026-08-31T11:05:35Z	GET	http://ap-northeast-2.ec2.archive.ubuntu.com/ubuntu/pool/main/g/gmp/libgmp10_6.1.2%2bdfsg-2ubuntu0.1_amd64.deb	http://ap-northeast-2.ec2.archive.ubuntu.com/ubuntu/pool/main/g/gmp/libgmp10_6.1.2%2bdfsg-2ubuntu0.1_amd64.deb	200	240488	b988d4914caccf1ba87d1139089fbc4ff94f4c0f7d23e53d48dcf06ae4bf4318	/home/aella/aws-discovery-xenial-bionic-retry2-20260831/upgrade-discovery/xenial-to-bionic/runtime/deb-cache/7e/65/7e65bd39fde25c92252d0f93c6c018740aef53a5e40cd260e3142572eaea5f05
xenial-to-bionic	2026-08-31T11:05:35Z	GET	http://ap-northeast-2.ec2.archive.ubuntu.com/ubuntu/pool/main/n/nettle/libnettle6_3.4.1-0ubuntu0.18.04.1_amd64.deb	http://ap-northeast-2.ec2.archive.ubuntu.com/ubuntu/pool/main/n/nettle/libnettle6_3.4.1-0ubuntu0.18.04.1_amd64.deb	200	110756	b998b527eb1179899b7948fcf281c756f0b71160f9758e4d53dbeb84a7881edc	/home/aella/aws-discovery-xenial-bionic-retry2-20260831/upgrade-discovery/xenial-to-bionic/runtime/deb-cache/f6/be/f6be1e74f187eebb39e30f1926b657840b9fa64c63917f5e0fe856783eeb45e5
xenial-to-bionic	2026-08-31T11:05:35Z	GET	http://ap-northeast-2.ec2.archive.ubuntu.com/ubuntu/pool/main/n/nettle/libhogweed4_3.4.1-0ubuntu0.18.04.1_amd64.deb	http://ap-northeast-2.ec2.archive.ubuntu.com/ubuntu/pool/main/n/nettle/libhogweed4_3.4.1-0ubuntu0.18.04.1_amd64.deb	200	139848	4cf78ebd6926063a25856d158560171151e0798af1e67800bbf0c5ee170a8f6c	/home/aella/aws-discovery-xenial-bionic-retry2-20260831/upgrade-discovery/xenial-to-bionic/runtime/deb-cache/cc/94/cc942502e997e72a0b11b8d7250d5b055941c17977dab61095d262f614dffeef
xenial-to-bionic	2026-08-31T11:05:35Z	GET	http://ap-northeast-2.ec2.archive.ubuntu.com/ubuntu/pool/main/libf/libffi/libffi6_3.2.1-8_amd64.deb	http://ap-northeast-2.ec2.archive.ubuntu.com/ubuntu/pool/main/libf/libffi/libffi6_3.2.1-8_amd64.deb	200	17948	fa26945b0aadfc72ec623c68be9cc59235a7fe42e2388f7015fd131f4fb06dc9	/home/aella/aws-discovery-xenial-bionic-retry2-20260831/upgrade-discovery/xenial-to-bionic/runtime/deb-cache/4c/16/4c16dabf5d0aaca3c986900ea266dd338d677d30a43661f571f4240b1f8831b1
xenial-to-bionic	2026-08-31T11:05:35Z	GET	http://ap-northeast-2.ec2.archive.ubuntu.com/ubuntu/pool/main/p/p11-kit/libp11-kit0_0.23.9-2ubuntu0.1_amd64.deb	http://ap-northeast-2.ec2.archive.ubuntu.com/ubuntu/pool/main/p/p11-kit/libp11-kit0_0.23.9-2ubuntu0.1_amd64.deb	200	187392	b29824b813bf3a47b60a852d75780931393549aa57f4c960dce620da9ef49539	/home/aella/aws-discovery-xenial-bionic-retry2-20260831/upgrade-discovery/xenial-to-bionic/runtime/deb-cache/1b/c7/1bc7045af1c46c53da09d7ff8647d278724ed0bcc074f9de9560a390c05ee5b3
xenial-to-bionic	2026-08-31T11:05:35Z	GET	http://ap-northeast-2.ec2.archive.ubuntu.com/ubuntu/pool/main/z/zlib/zlib1g_1.2.11.dfsg-0ubuntu2.2_amd64.deb	http://ap-northeast-2.ec2.archive.ubuntu.com/ubuntu/pool/main/z/zlib/zlib1g_1.2.11.dfsg-0ubuntu2.2_amd64.deb	200	56852	515c904330188cc53238ae38bf16fbaa774ac9d168d8e400003416eb05bc6a86	/home/aella/aws-discovery-xenial-bionic-retry2-20260831/upgrade-discovery/xenial-to-bionic/runtime/deb-cache/9c/f1/9cf107dac270d0574b6a6436711c626cdedab529bbcdf39cc015048b92c58d4a
xenial-to-bionic	2026-08-31T11:05:35Z	GET	http://ap-northeast-2.ec2.archive.ubuntu.com/ubuntu/pool/main/g/gnutls28/libgnutls30_3.5.18-1ubuntu1.6_amd64.deb	http://ap-northeast-2.ec2.archive.ubuntu.com/ubuntu/pool/main/g/gnutls28/libgnutls30_3.5.18-1ubuntu1.6_amd64.deb	200	645792	2e49c5f7269d802e0a7a4ad34d8cfb836890040523f4b368cf7ad9f96c22875e	/home/aella/aws-discovery-xenial-bionic-retry2-20260831/upgrade-discovery/xenial-to-bionic/runtime/deb-cache/55/0d/550d850b390f6c54370b3a9ceffe77cb7dd08ad36d9b821900aef92a9ec17acf
xenial-to-bionic	2026-08-31T11:05:35Z	GET	http://ap-northeast-2.ec2.archive.ubuntu.com/ubuntu/pool/main/e/e2fsprogs/libcom-err2_1.44.1-1ubuntu1.4_amd64.deb	http://ap-northeast-2.ec2.archive.ubuntu.com/ubuntu/pool/main/e/e2fsprogs/libcom-err2_1.44.1-1ubuntu1.4_amd64.deb	200	8696	3ebd8c270ce45fd27db0b3d19f51d32b5fd8ec41ecc8f268a7c6f2f7e6ab4d10	/home/aella/aws-discovery-xenial-bionic-retry2-20260831/upgrade-discovery/xenial-to-bionic/runtime/deb-cache/74/65/7465cae4b9b6310ca1e7d8d399f369e55041c29894482535534325b1d0f684bc
xenial-to-bionic	2026-08-31T11:05:36Z	GET	http://ap-northeast-2.ec2.archive.ubuntu.com/ubuntu/pool/main/e/e2fsprogs/libcomerr2_1.44.1-1ubuntu1.4_amd64.deb	http://ap-northeast-2.ec2.archive.ubuntu.com/ubuntu/pool/main/e/e2fsprogs/libcomerr2_1.44.1-1ubuntu1.4_amd64.deb	200	2712	db40ad31d1a5016b5f37851eabf12e800184f7d157a9f636d31c4f81fa62245c	/home/aella/aws-discovery-xenial-bionic-retry2-20260831/upgrade-discovery/xenial-to-bionic/runtime/deb-cache/79/f9/79f94de45b5b9857c526ddd140e7a2a38ec87a600d255ed8ba9b19ba1b0ab00c
xenial-to-bionic	2026-08-31T11:05:36Z	GET	http://ap-northeast-2.ec2.archive.ubuntu.com/ubuntu/pool/main/k/keyutils/libkeyutils1_1.5.9-9.2ubuntu2.1_amd64.deb	http://ap-northeast-2.ec2.archive.ubuntu.com/ubuntu/pool/main/k/keyutils/libkeyutils1_1.5.9-9.2ubuntu2.1_amd64.deb	200	8764	9faef52a0fea9071aadbd9fc639862a8e6825108e3ce057aa213a6127af6fd53	/home/aella/aws-discovery-xenial-bionic-retry2-20260831/upgrade-discovery/xenial-to-bionic/runtime/deb-cache/5f/bb/5fbb71b7b6c5bae9d47754ab078bb54bf87b6774aaf68581c3df57b9acfd4c4d
xenial-to-bionic	2026-08-31T11:05:36Z	GET	http://ap-northeast-2.ec2.archive.ubuntu.com/ubuntu/pool/main/k/krb5/libk5crypto3_1.16-2ubuntu0.4_amd64.deb	http://ap-northeast-2.ec2.archive.ubuntu.com/ubuntu/pool/main/k/krb5/libk5crypto3_1.16-2ubuntu0.4_amd64.deb	200	85288	7998c603dcf0debb757dc4129d5ad17d5845adaedd546c95c13491ded38047d3	/home/aella/aws-discovery-xenial-bionic-retry2-20260831/upgrade-discovery/xenial-to-bionic/runtime/deb-cache/cb/74/cb743e40210ba6640cbd45c00f35ce802cf51a10cd5d1c942bfd1b5936cae30a
xenial-to-bionic	2026-08-31T11:05:36Z	GET	http://ap-northeast-2.ec2.archive.ubuntu.com/ubuntu/pool/main/k/krb5/libkrb5support0_1.16-2ubuntu0.4_amd64.deb	http://ap-northeast-2.ec2.archive.ubuntu.com/ubuntu/pool/main/k/krb5/libkrb5support0_1.16-2ubuntu0.4_amd64.deb	200	30852	a965be6f93f15824d6a1abd08e8ac4bbb2ac67ceb8df9ba3710f887e3ee55157	/home/aella/aws-discovery-xenial-bionic-retry2-20260831/upgrade-discovery/xenial-to-bionic/runtime/deb-cache/b6/0a/b60a13cc753fba2bd239772f77d0ef36742e2720a511ca29227a4afda20b6621
xenial-to-bionic	2026-08-31T11:05:36Z	GET	http://ap-northeast-2.ec2.archive.ubuntu.com/ubuntu/pool/main/k/krb5/libgssapi-krb5-2_1.16-2ubuntu0.4_amd64.deb	http://ap-northeast-2.ec2.archive.ubuntu.com/ubuntu/pool/main/k/krb5/libgssapi-krb5-2_1.16-2ubuntu0.4_amd64.deb	200	122292	7bb6506ca4f7b6bd092d651ac8f8cb518f22bee524f372eb4995fb3df990b790	/home/aella/aws-discovery-xenial-bionic-retry2-20260831/upgrade-discovery/xenial-to-bionic/runtime/deb-cache/f0/c2/f0c25ed451e8d220bb98e00510bcbe83c971c49dfc1472e62c0fb4f8c7249cf6
xenial-to-bionic	2026-08-31T11:05:37Z	GET	http://ap-northeast-2.ec2.archive.ubuntu.com/ubuntu/pool/main/k/krb5/libkrb5-3_1.16-2ubuntu0.4_amd64.deb	http://ap-northeast-2.ec2.archive.ubuntu.com/ubuntu/pool/main/k/krb5/libkrb5-3_1.16-2ubuntu0.4_amd64.deb	200	278424	187bbc14d043926ff4a220fcce19bed652a2cbcf12c94b1afc7ecaadb05785d2	/home/aella/aws-discovery-xenial-bionic-retry2-20260831/upgrade-discovery/xenial-to-bionic/runtime/deb-cache/e1/22/e1225e9a7838ec97fa1bc62755d1978644e4f675b60e6f268ff645f2a1868b28
xenial-to-bionic	2026-08-31T11:05:37Z	GET	http://ap-northeast-2.ec2.archive.ubuntu.com/ubuntu/pool/main/n/nghttp2/libnghttp2-14_1.30.0-1ubuntu1_amd64.deb	http://ap-northeast-2.ec2.archive.ubuntu.com/ubuntu/pool/main/n/nghttp2/libnghttp2-14_1.30.0-1ubuntu1_amd64.deb	200	77784	6655e9e57e7191313836e1cd2c8ee988489ab98c6f8a425216c8f2bd6135834a	/home/aella/aws-discovery-xenial-bionic-retry2-20260831/upgrade-discovery/xenial-to-bionic/runtime/deb-cache/40/5a/405a54b04343852168111d4ad8f789302cc34167f8c3b7058f903e586527b7ef
xenial-to-bionic	2026-08-31T11:05:37Z	GET	http://ap-northeast-2.ec2.archive.ubuntu.com/ubuntu/pool/main/libp/libpsl/libpsl5_0.19.1-5build1_amd64.deb	http://ap-northeast-2.ec2.archive.ubuntu.com/ubuntu/pool/main/libp/libpsl/libpsl5_0.19.1-5build1_amd64.deb	200	41772	e629a5a55218956c4be5709b1afe0dc5e104dec6a5e6b7c4d12add4fd6c4f652	/home/aella/aws-discovery-xenial-bionic-retry2-20260831/upgrade-discovery/xenial-to-bionic/runtime/deb-cache/bd/a4/bda4347b9723d82928aa627a4af650c87734180183851b570892fbfad676d17a
xenial-to-bionic	2026-08-31T11:05:37Z	GET	http://ap-northeast-2.ec2.archive.ubuntu.com/ubuntu/pool/main/o/openldap/libldap-common_2.4.45%2bdfsg-1ubuntu1.11_all.deb	http://ap-northeast-2.ec2.archive.ubuntu.com/ubuntu/pool/main/o/openldap/libldap-common_2.4.45%2bdfsg-1ubuntu1.11_all.deb	200	15800	aac0d8fdd5112285476f7c6b9db432582ac77f217f05f840e06760f253369060	/home/aella/aws-discovery-xenial-bionic-retry2-20260831/upgrade-discovery/xenial-to-bionic/runtime/deb-cache/bc/3f/bc3fd41c70c068dd2c3e1372ea4426c40d37803f502266b43b6faf0782f4dfef
xenial-to-bionic	2026-08-31T11:05:37Z	GET	http://ap-northeast-2.ec2.archive.ubuntu.com/ubuntu/pool/main/h/heimdal/libroken18-heimdal_7.5.0%2bdfsg-1ubuntu0.4_amd64.deb	http://ap-northeast-2.ec2.archive.ubuntu.com/ubuntu/pool/main/h/heimdal/libroken18-heimdal_7.5.0%2bdfsg-1ubuntu0.4_amd64.deb	200	42284	e52426ca6cfdbd5673fe79e1f0e267d27e0e57d0819605d0ca9c21e0271cc920	/home/aella/aws-discovery-xenial-bionic-retry2-20260831/upgrade-discovery/xenial-to-bionic/runtime/deb-cache/ba/ac/baac467487a317d2f15796cf1a895472e0ebb933ad12bf18fcde33214b6a7f27
xenial-to-bionic	2026-08-31T11:05:37Z	GET	http://ap-northeast-2.ec2.archive.ubuntu.com/ubuntu/pool/main/h/heimdal/libasn1-8-heimdal_7.5.0%2bdfsg-1ubuntu0.4_amd64.deb	http://ap-northeast-2.ec2.archive.ubuntu.com/ubuntu/pool/main/h/heimdal/libasn1-8-heimdal_7.5.0%2bdfsg-1ubuntu0.4_amd64.deb	200	174560	69e577157b9be7834297915df4e87ecc8094a66a74a4a97940755b10cbcf294a	/home/aella/aws-discovery-xenial-bionic-retry2-20260831/upgrade-discovery/xenial-to-bionic/runtime/deb-cache/e9/01/e901d0a788930265cbb67a54d43a73b55a3432e3c18bd9b84e72820b02a8e663
xenial-to-bionic	2026-08-31T11:05:37Z	GET	http://ap-northeast-2.ec2.archive.ubuntu.com/ubuntu/pool/main/h/heimdal/libheimbase1-heimdal_7.5.0%2bdfsg-1ubuntu0.4_amd64.deb	http://ap-northeast-2.ec2.archive.ubuntu.com/ubuntu/pool/main/h/heimdal/libheimbase1-heimdal_7.5.0%2bdfsg-1ubuntu0.4_amd64.deb	200	30276	91aa2ffa68dfa37082051fcf5f06f592e9d9c3ad0151f7ec4e10d89f438e0e89	/home/aella/aws-discovery-xenial-bionic-retry2-20260831/upgrade-discovery/xenial-to-bionic/runtime/deb-cache/43/d5/43d5d850dbc9a2ca00819997213277940a6445cd0ed809a671949380797577a8
xenial-to-bionic	2026-08-31T11:05:37Z	GET	http://ap-northeast-2.ec2.archive.ubuntu.com/ubuntu/pool/main/h/heimdal/libhcrypto4-heimdal_7.5.0%2bdfsg-1ubuntu0.4_amd64.deb	http://ap-northeast-2.ec2.archive.ubuntu.com/ubuntu/pool/main/h/heimdal/libhcrypto4-heimdal_7.5.0%2bdfsg-1ubuntu0.4_amd64.deb	200	85924	e0dd9b34f4e2ad4479acf76c83fdeada9d02af560d7b6c2842c0dc3140dc4dd7	/home/aella/aws-discovery-xenial-bionic-retry2-20260831/upgrade-discovery/xenial-to-bionic/runtime/deb-cache/66/17/6617fc11ad0dd7a47a1b09ef33b9d555f76002fe892a93497e95fa755a3dee64
xenial-to-bionic	2026-08-31T11:05:37Z	GET	http://ap-northeast-2.ec2.archive.ubuntu.com/ubuntu/pool/main/h/heimdal/libwind0-heimdal_7.5.0%2bdfsg-1ubuntu0.4_amd64.deb	http://ap-northeast-2.ec2.archive.ubuntu.com/ubuntu/pool/main/h/heimdal/libwind0-heimdal_7.5.0%2bdfsg-1ubuntu0.4_amd64.deb	200	47976	1e0a997d1b0f2d3d3eb365a3a449869f66ca5897bf103629b1d92244f5594a1a	/home/aella/aws-discovery-xenial-bionic-retry2-20260831/upgrade-discovery/xenial-to-bionic/runtime/deb-cache/87/a1/87a1767cd90a20a28c9c8f98e279d7eb190e28e45c81f5d753e307aa3c4046cd
xenial-to-bionic	2026-08-31T11:05:37Z	GET	http://ap-northeast-2.ec2.archive.ubuntu.com/ubuntu/pool/main/h/heimdal/libhx509-5-heimdal_7.5.0%2bdfsg-1ubuntu0.4_amd64.deb	http://ap-northeast-2.ec2.archive.ubuntu.com/ubuntu/pool/main/h/heimdal/libhx509-5-heimdal_7.5.0%2bdfsg-1ubuntu0.4_amd64.deb	200	107288	1b0dc70d2bb8c5b49d2f295e39075f4a2318501b278abd6642ac74dd4e98ac33	/home/aella/aws-discovery-xenial-bionic-retry2-20260831/upgrade-discovery/xenial-to-bionic/runtime/deb-cache/07/92/07925c6c6b98656b2ea2da1473149c5f2abf596f8c91e0a46f7b54548067863b
xenial-to-bionic	2026-08-31T11:05:38Z	GET	http://ap-northeast-2.ec2.archive.ubuntu.com/ubuntu/pool/main/s/sqlite3/libsqlite3-0_3.22.0-1ubuntu0.7_amd64.deb	http://ap-northeast-2.ec2.archive.ubuntu.com/ubuntu/pool/main/s/sqlite3/libsqlite3-0_3.22.0-1ubuntu0.7_amd64.deb	200	498788	d3c33e4dfd6f77f632a0e09c2a1c21517c5a555e9c31749e56c8c0e7c1e6c534	/home/aella/aws-discovery-xenial-bionic-retry2-20260831/upgrade-discovery/xenial-to-bionic/runtime/deb-cache/0d/c5/0dc508aa7186cb55c6ffb3a59074321182681ecd69cd43c011440819359fc98c
xenial-to-bionic	2026-08-31T11:05:38Z	GET	http://ap-northeast-2.ec2.archive.ubuntu.com/ubuntu/pool/main/h/heimdal/libkrb5-26-heimdal_7.5.0%2bdfsg-1ubuntu0.4_amd64.deb	http://ap-northeast-2.ec2.archive.ubuntu.com/ubuntu/pool/main/h/heimdal/libkrb5-26-heimdal_7.5.0%2bdfsg-1ubuntu0.4_amd64.deb	200	206844	2b963b0a6b5ca93474098387c63e59a02b2246637f7f79908eb55883905ef743	/home/aella/aws-discovery-xenial-bionic-retry2-20260831/upgrade-discovery/xenial-to-bionic/runtime/deb-cache/97/ce/97cea15b9405e0e5bb310ca563e28b7a85056a8232d841afb4d493c1f3f81895
xenial-to-bionic	2026-08-31T11:05:38Z	GET	http://ap-northeast-2.ec2.archive.ubuntu.com/ubuntu/pool/main/h/heimdal/libheimntlm0-heimdal_7.5.0%2bdfsg-1ubuntu0.4_amd64.deb	http://ap-northeast-2.ec2.archive.ubuntu.com/ubuntu/pool/main/h/heimdal/libheimntlm0-heimdal_7.5.0%2bdfsg-1ubuntu0.4_amd64.deb	200	14804	45ddf1b3374cbb121a203826892d227ac4480dc049519cd2597caad847900af5	/home/aella/aws-discovery-xenial-bionic-retry2-20260831/upgrade-discovery/xenial-to-bionic/runtime/deb-cache/1f/35/1f35d138074a2b498480d160c1dde1cde7ae67c61bce27aee58fd781ed6a09d4
xenial-to-bionic	2026-08-31T11:05:39Z	GET	http://ap-northeast-2.ec2.archive.ubuntu.com/ubuntu/pool/main/h/heimdal/libgssapi3-heimdal_7.5.0%2bdfsg-1ubuntu0.4_amd64.deb	http://ap-northeast-2.ec2.archive.ubuntu.com/ubuntu/pool/main/h/heimdal/libgssapi3-heimdal_7.5.0%2bdfsg-1ubuntu0.4_amd64.deb	200	96684	a849cd342aa2e86a1684c4350ee1f3a764b628eff91e7f8008b5d1c2f0a7e179	/home/aella/aws-discovery-xenial-bionic-retry2-20260831/upgrade-discovery/xenial-to-bionic/runtime/deb-cache/01/18/0118dda76d9dbb62dea9bd3250addb6f63241e017d6a8ad5ed24465aa9a144be
xenial-to-bionic	2026-08-31T11:05:40Z	GET	http://ap-northeast-2.ec2.archive.ubuntu.com/ubuntu/pool/main/d/db5.3/libdb5.3_5.3.28-13.1ubuntu1.1_amd64.deb	http://ap-northeast-2.ec2.archive.ubuntu.com/ubuntu/pool/main/d/db5.3/libdb5.3_5.3.28-13.1ubuntu1.1_amd64.deb	200	672472	abb7f569252604af9b123cd6c73195cbd54d7b7664479a85fd5fd12fe8ba3b5d	/home/aella/aws-discovery-xenial-bionic-retry2-20260831/upgrade-discovery/xenial-to-bionic/runtime/deb-cache/be/52/be52433459b5248f4b9b5c41fa67cfb5f9c42ad249b6c7c9798a566c77509a0b
xenial-to-bionic	2026-08-31T11:05:41Z	GET	http://ap-northeast-2.ec2.archive.ubuntu.com/ubuntu/pool/main/c/cyrus-sasl2/libsasl2-modules-db_2.1.27%7e101-g0780600%2bdfsg-3ubuntu2.4_amd64.deb	http://ap-northeast-2.ec2.archive.ubuntu.com/ubuntu/pool/main/c/cyrus-sasl2/libsasl2-modules-db_2.1.27%7e101-g0780600%2bdfsg-3ubuntu2.4_amd64.deb	200	15008	3740b7bffef437e19f7160e1ac194bf61aab2fb8056edb0ce60350a8dc7b69a0	/home/aella/aws-discovery-xenial-bionic-retry2-20260831/upgrade-discovery/xenial-to-bionic/runtime/deb-cache/0c/72/0c7273fa71858db4287e2eb55fbcebfe043d5dfa607636fbbc29fd63cf3318f1
xenial-to-bionic	2026-08-31T11:05:41Z	GET	http://ap-northeast-2.ec2.archive.ubuntu.com/ubuntu/pool/main/c/cyrus-sasl2/libsasl2-2_2.1.27%7e101-g0780600%2bdfsg-3ubuntu2.4_amd64.deb	http://ap-northeast-2.ec2.archive.ubuntu.com/ubuntu/pool/main/c/cyrus-sasl2/libsasl2-2_2.1.27%7e101-g0780600%2bdfsg-3ubuntu2.4_amd64.deb	200	49204	c896c5a8b3ea7a4afac819861caf76573c74a086869b142e9455bc0edf1cac3e	/home/aella/aws-discovery-xenial-bionic-retry2-20260831/upgrade-discovery/xenial-to-bionic/runtime/deb-cache/cd/31/cd311c57752fa497753a74bd75ad10e26acf0f55ed45fb93868bf1862e48787f
xenial-to-bionic	2026-08-31T11:05:41Z	GET	http://ap-northeast-2.ec2.archive.ubuntu.com/ubuntu/pool/main/o/openldap/libldap-2.4-2_2.4.45%2bdfsg-1ubuntu1.11_amd64.deb	http://ap-northeast-2.ec2.archive.ubuntu.com/ubuntu/pool/main/o/openldap/libldap-2.4-2_2.4.45%2bdfsg-1ubuntu1.11_amd64.deb	200	153588	a87d1468f8a1d6b5d61f0215e16d3e7a5b5b9f2341d59164b9279f8b24d8a3f2	/home/aella/aws-discovery-xenial-bionic-retry2-20260831/upgrade-discovery/xenial-to-bionic/runtime/deb-cache/68/70/68703be8731a01fc41e17c90eca5b92da791588bc6af2454ec5b6b6c2320e842
xenial-to-bionic	2026-08-31T11:05:41Z	GET	http://ap-northeast-2.ec2.archive.ubuntu.com/ubuntu/pool/main/r/rtmpdump/librtmp1_2.4%2b20151223.gitfa8646d.1-1_amd64.deb	http://ap-northeast-2.ec2.archive.ubuntu.com/ubuntu/pool/main/r/rtmpdump/librtmp1_2.4%2b20151223.gitfa8646d.1-1_amd64.deb	200	54182	1a1f9615c0b907b897cbbe61f4f6d29e395c9bb9bcfb94621fa73fe2fb8cb7d2	/home/aella/aws-discovery-xenial-bionic-retry2-20260831/upgrade-discovery/xenial-to-bionic/runtime/deb-cache/88/75/8875d8fb3ec5fe553de68ec521f593948b464cbdfe06ec3978096fe80682606c
xenial-to-bionic	2026-08-31T11:05:41Z	GET	http://ap-northeast-2.ec2.archive.ubuntu.com/ubuntu/pool/main/c/curl/libcurl4_7.58.0-2ubuntu3.24_amd64.deb	http://ap-northeast-2.ec2.archive.ubuntu.com/ubuntu/pool/main/c/curl/libcurl4_7.58.0-2ubuntu3.24_amd64.deb	200	220516	03f232f7f2f77f7243c1e240f53233071c9185089c54b0ca5307502869662ac0	/home/aella/aws-discovery-xenial-bionic-retry2-20260831/upgrade-discovery/xenial-to-bionic/runtime/deb-cache/84/b8/84b864edf9ba6191c7db5ab29da4f597719a65db5713c543cc8977e17175856e
xenial-to-bionic	2026-08-31T11:05:41Z	GET	http://ap-northeast-2.ec2.archive.ubuntu.com/ubuntu/pool/main/c/curl/curl_7.58.0-2ubuntu3.24_amd64.deb	http://ap-northeast-2.ec2.archive.ubuntu.com/ubuntu/pool/main/c/curl/curl_7.58.0-2ubuntu3.24_amd64.deb	200	158760	b7a477c240e239f561fdefeb9c34de94fb4e58eb538cbe7c699fe30a7a35bb07	/home/aella/aws-discovery-xenial-bionic-retry2-20260831/upgrade-discovery/xenial-to-bionic/runtime/deb-cache/f8/6c/f86ce108647ac8d65ffb19399d0b46840ff4609c54b871524f84a8ba17c07f10
xenial-to-bionic	2026-08-31T11:05:41Z	GET	http://ap-northeast-2.ec2.archive.ubuntu.com/ubuntu/pool/main/c/curl/libcurl3-gnutls_7.58.0-2ubuntu3.24_amd64.deb	http://ap-northeast-2.ec2.archive.ubuntu.com/ubuntu/pool/main/c/curl/libcurl3-gnutls_7.58.0-2ubuntu3.24_amd64.deb	200	218704	a48b952560c8ccf4d1b0556ab7cdf877098061c887a3eeda59690f3b7b079b6e	/home/aella/aws-discovery-xenial-bionic-retry2-20260831/upgrade-discovery/xenial-to-bionic/runtime/deb-cache/a1/ba/a1ba3cbdd7a6db15938a9a10299a5e6cdc9af747ef030020ae14e87a2e5d3f34
xenial-to-bionic	2026-08-31T11:05:41Z	GET	http://ap-northeast-2.ec2.archive.ubuntu.com/ubuntu/pool/main/l/linux/linux-libc-dev_4.15.0-213.224_amd64.deb	http://ap-northeast-2.ec2.archive.ubuntu.com/ubuntu/pool/main/l/linux/linux-libc-dev_4.15.0-213.224_amd64.deb	200	983468	06d9f16644d3a1b2ab7dd01730e833d516b6f575d975855f496eea6463fef2f6	/home/aella/aws-discovery-xenial-bionic-retry2-20260831/upgrade-discovery/xenial-to-bionic/runtime/deb-cache/87/32/8732b53f7fe9a555da2151d4c4650b3f3426995d9018465ff3f4464bd249a6b5
xenial-to-bionic	2026-08-31T11:05:41Z	GET	http://ap-northeast-2.ec2.archive.ubuntu.com/ubuntu/pool/main/e/expat/libexpat1-dev_2.2.5-3ubuntu0.9_amd64.deb	http://ap-northeast-2.ec2.archive.ubuntu.com/ubuntu/pool/main/e/expat/libexpat1-dev_2.2.5-3ubuntu0.9_amd64.deb	200	123696	194bd6d1af8e8cd635d4d0023e97da355d9d5c1e1f431c6cbb96f37e47b71ef6	/home/aella/aws-discovery-xenial-bionic-retry2-20260831/upgrade-discovery/xenial-to-bionic/runtime/deb-cache/e6/3d/e63dda17bd95b083fc09876ca368d85b61ab051366fa613f6655b2c098d46c06
xenial-to-bionic	2026-08-31T11:05:41Z	GET	http://ap-northeast-2.ec2.archive.ubuntu.com/ubuntu/pool/main/e/expat/libexpat1_2.2.5-3ubuntu0.9_amd64.deb	http://ap-northeast-2.ec2.archive.ubuntu.com/ubuntu/pool/main/e/expat/libexpat1_2.2.5-3ubuntu0.9_amd64.deb	200	82796	1d011da2ad0deb03ff8d2b61a76cb86956a8763d6cb947c7e1b1a0b3d0abaabe	/home/aella/aws-discovery-xenial-bionic-retry2-20260831/upgrade-discovery/xenial-to-bionic/runtime/deb-cache/52/37/5237d20bf7aa51d73e77a83e5586249eee607c1ea4b335e7e49cb896e74961d0
xenial-to-bionic	2026-08-31T11:05:41Z	GET	http://ap-northeast-2.ec2.archive.ubuntu.com/ubuntu/pool/main/p/pcre3/libpcre3_8.39-9ubuntu0.1_amd64.deb	http://ap-northeast-2.ec2.archive.ubuntu.com/ubuntu/pool/main/p/pcre3/libpcre3_8.39-9ubuntu0.1_amd64.deb	200	230760	a913c6a5943ad5608e675ccfee38029c123a689a983292d10172d6bda20e474f	/home/aella/aws-discovery-xenial-bionic-retry2-20260831/upgrade-discovery/xenial-to-bionic/runtime/deb-cache/5b/cd/5bcd04c0ba2fe56a3a6ebc5d6da7c467179b96aee4d43184d21cf0bf70daea47
xenial-to-bionic	2026-08-31T11:05:41Z	GET	http://ap-northeast-2.ec2.archive.ubuntu.com/ubuntu/pool/main/libe/liberror-perl/liberror-perl_0.17025-1_all.deb	http://ap-northeast-2.ec2.archive.ubuntu.com/ubuntu/pool/main/libe/liberror-perl/liberror-perl_0.17025-1_all.deb	200	22828	1fcf30b7f6dcd9981cd43d61b8edceff370ab5e565177758715ca905ae61aefe	/home/aella/aws-discovery-xenial-bionic-retry2-20260831/upgrade-discovery/xenial-to-bionic/runtime/deb-cache/e0/b5/e0b59c030f2133b481654e96ec956788a79564fec820191b9991a14d2562fe99
xenial-to-bionic	2026-08-31T11:05:42Z	GET	http://ap-northeast-2.ec2.archive.ubuntu.com/ubuntu/pool/main/b/bzip2/bzip2_1.0.6-8.1ubuntu0.2_amd64.deb	http://ap-northeast-2.ec2.archive.ubuntu.com/ubuntu/pool/main/b/bzip2/bzip2_1.0.6-8.1ubuntu0.2_amd64.deb	200	33928	14955e4660d85da6507e9074f14f4d412bc7bf9e7841f327cf8751a6d227e329	/home/aella/aws-discovery-xenial-bionic-retry2-20260831/upgrade-discovery/xenial-to-bionic/runtime/deb-cache/99/8d/998d4de222abbb1ed1080e33f062fe16a85d5cdafe12b6965665877ecd62e87d
xenial-to-bionic	2026-08-31T11:05:42Z	GET	http://ap-northeast-2.ec2.archive.ubuntu.com/ubuntu/pool/main/b/bzip2/libbz2-1.0_1.0.6-8.1ubuntu0.2_amd64.deb	http://ap-northeast-2.ec2.archive.ubuntu.com/ubuntu/pool/main/b/bzip2/libbz2-1.0_1.0.6-8.1ubuntu0.2_amd64.deb	200	31168	897850ec11aab3280ce2755eb552995a5aa9b16a70453934828c6418591ea87b	/home/aella/aws-discovery-xenial-bionic-retry2-20260831/upgrade-discovery/xenial-to-bionic/runtime/deb-cache/a1/ec/a1ec68a0c6d9ee6bd33db12bc0e812f26cc61a6dc163641a57b376489f3350e7
xenial-to-bionic	2026-08-31T11:05:42Z	GET	http://ap-northeast-2.ec2.archive.ubuntu.com/ubuntu/pool/main/x/xz-utils/xz-utils_5.2.2-1.3ubuntu0.1_amd64.deb	http://ap-northeast-2.ec2.archive.ubuntu.com/ubuntu/pool/main/x/xz-utils/xz-utils_5.2.2-1.3ubuntu0.1_amd64.deb	200	83824	bfd4d081809401717753017f94cdeadc639878bd1ab49d3b3e04f91918717f97	/home/aella/aws-discovery-xenial-bionic-retry2-20260831/upgrade-discovery/xenial-to-bionic/runtime/deb-cache/49/37/493793908e3114562b4d2eda2ed04554fb6e2518a9fd14ce9e67b36f40616345
xenial-to-bionic	2026-08-31T11:05:42Z	GET	http://ap-northeast-2.ec2.archive.ubuntu.com/ubuntu/pool/main/c/cron/cron_3.0pl1-128.1ubuntu1.2_amd64.deb	http://ap-northeast-2.ec2.archive.ubuntu.com/ubuntu/pool/main/c/cron/cron_3.0pl1-128.1ubuntu1.2_amd64.deb	200	69548	e7cd32c4962a28ed82ea87150a702cae4d3db3ba32e58514268c16d1497378f5	/home/aella/aws-discovery-xenial-bionic-retry2-20260831/upgrade-discovery/xenial-to-bionic/runtime/deb-cache/25/fe/25fe3d20068f096e1ddc34710ce1cc15f2ec38c07c84958b38a583f83b800157
xenial-to-bionic	2026-08-31T11:05:42Z	GET	http://ap-northeast-2.ec2.archive.ubuntu.com/ubuntu/pool/main/d/dpkg/libdpkg-perl_1.19.0.5ubuntu2.4_all.deb	http://ap-northeast-2.ec2.archive.ubuntu.com/ubuntu/pool/main/d/dpkg/libdpkg-perl_1.19.0.5ubuntu2.4_all.deb	200	211840	3f3ba6877e54a95a5a192e957c46350418b79498d24b99926e530aef3d932538	/home/aella/aws-discovery-xenial-bionic-retry2-20260831/upgrade-discovery/xenial-to-bionic/runtime/deb-cache/22/11/22112eee79ff76e203a457a5cf020cf0a7ed004ebdd93a0c831fc6634856e3ef
xenial-to-bionic	2026-08-31T11:05:42Z	GET	http://ap-northeast-2.ec2.archive.ubuntu.com/ubuntu/pool/main/d/dpkg/dpkg_1.19.0.5ubuntu2.4_amd64.deb	http://ap-northeast-2.ec2.archive.ubuntu.com/ubuntu/pool/main/d/dpkg/dpkg_1.19.0.5ubuntu2.4_amd64.deb	200	1137220	ad5b8fa9dd3bbfe694bb7263639903bb7f01d9f9229422f0ac2b41847d64b971	/home/aella/aws-discovery-xenial-bionic-retry2-20260831/upgrade-discovery/xenial-to-bionic/runtime/deb-cache/4f/c6/4fc66811ff95d3fa2fa3879f16a4e1361ced63174a66798e517bc3617aceeb28
xenial-to-bionic	2026-08-31T11:05:42Z	GET	http://ap-northeast-2.ec2.archive.ubuntu.com/ubuntu/pool/main/d/dpkg/dpkg-dev_1.19.0.5ubuntu2.4_all.deb	http://ap-northeast-2.ec2.archive.ubuntu.com/ubuntu/pool/main/d/dpkg/dpkg-dev_1.19.0.5ubuntu2.4_all.deb	200	607432	bc437446e66a0ac9ac9de51a16960c5463c11556947835385971e18bc01864a2	/home/aella/aws-discovery-xenial-bionic-retry2-20260831/upgrade-discovery/xenial-to-bionic/runtime/deb-cache/fa/30/fa3066009658bf03c32a1873f72a328bda1306ac5b0bcd56e5ac1cd79430deee
xenial-to-bionic	2026-08-31T11:05:42Z	GET	http://ap-northeast-2.ec2.archive.ubuntu.com/ubuntu/pool/main/p/patch/patch_2.7.6-2ubuntu1.1_amd64.deb	http://ap-northeast-2.ec2.archive.ubuntu.com/ubuntu/pool/main/p/patch/patch_2.7.6-2ubuntu1.1_amd64.deb	200	101856	f56fc64546fbbbba26ca1776587bf0c3cad48438bb84c5c423c025ab86d4263e	/home/aella/aws-discovery-xenial-bionic-retry2-20260831/upgrade-discovery/xenial-to-bionic/runtime/deb-cache/44/2c/442c82a1685f2fffc180605cea137d1e32e4dec57d3c597cba9f1f3cb72cf45d
xenial-to-bionic	2026-08-31T11:05:43Z	GET	http://ap-northeast-2.ec2.archive.ubuntu.com/ubuntu/pool/main/m/make-dfsg/make_4.1-9.1ubuntu1_amd64.deb	http://ap-northeast-2.ec2.archive.ubuntu.com/ubuntu/pool/main/m/make-dfsg/make_4.1-9.1ubuntu1_amd64.deb	200	153924	6a7f7b7ad1f6ff6332099ed9ceaa4889a6ce56a7a48817ddccc0952126059d07	/home/aella/aws-discovery-xenial-bionic-retry2-20260831/upgrade-discovery/xenial-to-bionic/runtime/deb-cache/7d/77/7d77536b97d0cb2fb7f13b56d6c2989c3bcecfcaafacc057785f70ea6bb88b3f
xenial-to-bionic	2026-08-31T11:05:44Z	GET	http://ap-northeast-2.ec2.archive.ubuntu.com/ubuntu/pool/main/b/binutils/binutils_2.30-21ubuntu1%7e18.04.9_amd64.deb	http://ap-northeast-2.ec2.archive.ubuntu.com/ubuntu/pool/main/b/binutils/binutils_2.30-21ubuntu1%7e18.04.9_amd64.deb	200	3392	87a2aa5f0d3b7c31e0fb16055d6a5ed6e5a668c75c4dd02c32a08e4fc4980f8d	/home/aella/aws-discovery-xenial-bionic-retry2-20260831/upgrade-discovery/xenial-to-bionic/runtime/deb-cache/62/cc/62cc494d1f3525490c6b81212fc04b9a13ca4f8fc9145c01d6544112e8fa1057
xenial-to-bionic	2026-08-31T11:05:44Z	GET	http://ap-northeast-2.ec2.archive.ubuntu.com/ubuntu/pool/main/b/binutils/binutils-common_2.30-21ubuntu1%7e18.04.9_amd64.deb	http://ap-northeast-2.ec2.archive.ubuntu.com/ubuntu/pool/main/b/binutils/binutils-common_2.30-21ubuntu1%7e18.04.9_amd64.deb	200	196808	52a7fac6b89db7049106040d56fef6f8d405050d56151b6d576e491cd32c0501	/home/aella/aws-discovery-xenial-bionic-retry2-20260831/upgrade-discovery/xenial-to-bionic/runtime/deb-cache/a6/6d/a66d8d66f9fd780dbc261e930d4cd4000da75cfad0361e8c81e5ce71dbea976a
xenial-to-bionic	2026-08-31T11:05:44Z	GET	http://ap-northeast-2.ec2.archive.ubuntu.com/ubuntu/pool/main/b/binutils/libbinutils_2.30-21ubuntu1%7e18.04.9_amd64.deb	http://ap-northeast-2.ec2.archive.ubuntu.com/ubuntu/pool/main/b/binutils/libbinutils_2.30-21ubuntu1%7e18.04.9_amd64.deb	200	489104	3b236bcd2b068263e031cf344911926817663a50eef54c61fdc981111420ed4f	/home/aella/aws-discovery-xenial-bionic-retry2-20260831/upgrade-discovery/xenial-to-bionic/runtime/deb-cache/6c/e7/6ce71bfc2e717e77a9d2b995b9a13eb882e543b497aa298202e84f2d05e451bf
xenial-to-bionic	2026-08-31T11:05:44Z	GET	http://ap-northeast-2.ec2.archive.ubuntu.com/ubuntu/pool/main/b/binutils/binutils-x86-64-linux-gnu_2.30-21ubuntu1%7e18.04.9_amd64.deb	http://ap-northeast-2.ec2.archive.ubuntu.com/ubuntu/pool/main/b/binutils/binutils-x86-64-linux-gnu_2.30-21ubuntu1%7e18.04.9_amd64.deb	200	1839460	513f472188f42de5a8bcd5373cdf18cb8651bab629a941bbd32f34f14e277223	/home/aella/aws-discovery-xenial-bionic-retry2-20260831/upgrade-discovery/xenial-to-bionic/runtime/deb-cache/1b/8e/1b8e946c35af9a49e049b283ccbdcf70c6dda1ca8e55c0da8eef599a2ee5b176
xenial-to-bionic	2026-08-31T11:05:44Z	GET	http://ap-northeast-2.ec2.archive.ubuntu.com/ubuntu/pool/main/a/audit/libaudit-common_2.8.2-1ubuntu1.1_all.deb	http://ap-northeast-2.ec2.archive.ubuntu.com/ubuntu/pool/main/a/audit/libaudit-common_2.8.2-1ubuntu1.1_all.deb	200	4068	e521299aad48bfcca25f4710583d6846b372adb8e4571420c3ba12a933b487df	/home/aella/aws-discovery-xenial-bionic-retry2-20260831/upgrade-discovery/xenial-to-bionic/runtime/deb-cache/de/77/de771b0b5e6085353904c1fe759a578d90c3f37b61e46999187b68220f786073
xenial-to-bionic	2026-08-31T11:05:44Z	GET	http://ap-northeast-2.ec2.archive.ubuntu.com/ubuntu/pool/main/libc/libcap-ng/libcap-ng0_0.7.7-3.1_amd64.deb	http://ap-northeast-2.ec2.archive.ubuntu.com/ubuntu/pool/main/libc/libcap-ng/libcap-ng0_0.7.7-3.1_amd64.deb	200	11084	e9f43cdbd1da7cab9bbe1f136ef0779109c62e9fee42e92e573b1e4ba4524c3e	/home/aella/aws-discovery-xenial-bionic-retry2-20260831/upgrade-discovery/xenial-to-bionic/runtime/deb-cache/6b/4a/6b4a1851b385ac4cd8409093f2ce0b9d7ca63df02f3d70c6190d815075641e98
xenial-to-bionic	2026-08-31T11:05:44Z	GET	http://ap-northeast-2.ec2.archive.ubuntu.com/ubuntu/pool/main/a/audit/libaudit1_2.8.2-1ubuntu1.1_amd64.deb	http://ap-northeast-2.ec2.archive.ubuntu.com/ubuntu/pool/main/a/audit/libaudit1_2.8.2-1ubuntu1.1_amd64.deb	200	38672	758bea04e59e04f16faf65723798181a650f2af5b54ea85011c15143b0f5bbc9	/home/aella/aws-discovery-xenial-bionic-retry2-20260831/upgrade-discovery/xenial-to-bionic/runtime/deb-cache/97/09/97096c4ed12fa690a41ea172560832c13dec7f97296aeb018afb7c715cd064d0
xenial-to-bionic	2026-08-31T11:05:44Z	GET	http://ap-northeast-2.ec2.archive.ubuntu.com/ubuntu/pool/main/p/pam/libpam0g_1.1.8-3.6ubuntu2.18.04.6_amd64.deb	http://ap-northeast-2.ec2.archive.ubuntu.com/ubuntu/pool/main/p/pam/libpam0g_1.1.8-3.6ubuntu2.18.04.6_amd64.deb	200	54340	7d10859062b771ef8f42a145cc903c6464b720069f3dac864f15ae9ca4df845b	/home/aella/aws-discovery-xenial-bionic-retry2-20260831/upgrade-discovery/xenial-to-bionic/runtime/deb-cache/1b/53/1b539ea4543a6d5533fc08595b31207e2244bc372916da9e6536cb74aab17580
xenial-to-bionic	2026-08-31T11:05:44Z	GET	http://ap-northeast-2.ec2.archive.ubuntu.com/ubuntu/pool/main/libs/libselinux/libselinux1_2.7-2build2_amd64.deb	http://ap-northeast-2.ec2.archive.ubuntu.com/ubuntu/pool/main/libs/libselinux/libselinux1_2.7-2build2_amd64.deb	200	68184	6b6c70f809e8b13f0b1f27006e125abb3a8c3195f5c888dce0df1a5d3f211c0d	/home/aella/aws-discovery-xenial-bionic-retry2-20260831/upgrade-discovery/xenial-to-bionic/runtime/deb-cache/38/9d/389d92f33d7bd749c762f53c828055f461b23ee138d706a7f9776bce56c21157
xenial-to-bionic	2026-08-31T11:05:44Z	GET	http://ap-northeast-2.ec2.archive.ubuntu.com/ubuntu/pool/main/d/debianutils/debianutils_4.8.4_amd64.deb	http://ap-northeast-2.ec2.archive.ubuntu.com/ubuntu/pool/main/d/debianutils/debianutils_4.8.4_amd64.deb	200	85672	2956dc70a0bd3a56365922c8f90cf9b9d0917a0308d6ea310e0f94d8ea4e11bf	/home/aella/aws-discovery-xenial-bionic-retry2-20260831/upgrade-discovery/xenial-to-bionic/runtime/deb-cache/1b/c7/1bc700bd7293ff29a799f79d99c22ca83a500dc606c9d7b9fbaf680f4060b046
xenial-to-bionic	2026-08-31T11:05:44Z	GET	http://ap-northeast-2.ec2.archive.ubuntu.com/ubuntu/pool/main/libs/libsepol/libsepol1_2.7-1ubuntu0.1_amd64.deb	http://ap-northeast-2.ec2.archive.ubuntu.com/ubuntu/pool/main/libs/libsepol/libsepol1_2.7-1ubuntu0.1_amd64.deb	200	250280	dab4ccd8177b639a6014138773dda5890aaadf6752e239bb04514b9331b8dfd5	/home/aella/aws-discovery-xenial-bionic-retry2-20260831/upgrade-discovery/xenial-to-bionic/runtime/deb-cache/60/0e/600ecc050c8c14fb1bd13d953b004ed454a3517845c7adf4aff25b046437caa3
xenial-to-bionic	2026-08-31T11:05:44Z	GET	http://ap-northeast-2.ec2.archive.ubuntu.com/ubuntu/pool/main/libs/libsemanage/libsemanage-common_2.7-2build2_all.deb	http://ap-northeast-2.ec2.archive.ubuntu.com/ubuntu/pool/main/libs/libsemanage/libsemanage-common_2.7-2build2_all.deb	200	6904	7cdc8045ff29946fe605e2f4d0afa85a284f0be217e897549f90b2e8cd1b62e6	/home/aella/aws-discovery-xenial-bionic-retry2-20260831/upgrade-discovery/xenial-to-bionic/runtime/deb-cache/14/6b/146bbe7d84310319f94ccce91a8be4c0f457f00669a077401937c203af84f303
xenial-to-bionic	2026-08-31T11:05:44Z	GET	http://ap-northeast-2.ec2.archive.ubuntu.com/ubuntu/pool/main/libs/libsemanage/libsemanage1_2.7-2build2_amd64.deb	http://ap-northeast-2.ec2.archive.ubuntu.com/ubuntu/pool/main/libs/libsemanage/libsemanage1_2.7-2build2_amd64.deb	200	84584	935efd994906075dfe00a946a442afcf7845871feb4c4e0359ae1921dd0abbb6	/home/aella/aws-discovery-xenial-bionic-retry2-20260831/upgrade-discovery/xenial-to-bionic/runtime/deb-cache/98/b6/98b6c37c35e6fc05bb3241da45edcd79146c1ae9d3a57462151cbbf7c693e79b
xenial-to-bionic	2026-08-31T11:05:44Z	GET	http://ap-northeast-2.ec2.archive.ubuntu.com/ubuntu/pool/main/p/pam/libpam-modules-bin_1.1.8-3.6ubuntu2.18.04.6_amd64.deb	http://ap-northeast-2.ec2.archive.ubuntu.com/ubuntu/pool/main/p/pam/libpam-modules-bin_1.1.8-3.6ubuntu2.18.04.6_amd64.deb	200	40328	6d1ca3fd67813d3600804f87312877bbe285042d70c4be88716696228abf355b	/home/aella/aws-discovery-xenial-bionic-retry2-20260831/upgrade-discovery/xenial-to-bionic/runtime/deb-cache/d8/3b/d83b671af496a907077a76fca05858f42b6eef4198b73e6bf13b783ffd348ada
xenial-to-bionic	2026-08-31T11:05:44Z	GET	http://ap-northeast-2.ec2.archive.ubuntu.com/ubuntu/pool/main/p/pam/libpam-modules_1.1.8-3.6ubuntu2.18.04.6_amd64.deb	http://ap-northeast-2.ec2.archive.ubuntu.com/ubuntu/pool/main/p/pam/libpam-modules_1.1.8-3.6ubuntu2.18.04.6_amd64.deb	200	252564	35298bfc5396c9ec0a938ef1f89e2ea147aae0618ecc71a31754ddda9665c10b	/home/aella/aws-discovery-xenial-bionic-retry2-20260831/upgrade-discovery/xenial-to-bionic/runtime/deb-cache/8e/80/8e80e3184c2625008d70b6fccf5a05b11c5e2619d2cb813eb8511d49e0b79ac1
xenial-to-bionic	2026-08-31T11:05:44Z	GET	http://ap-northeast-2.ec2.archive.ubuntu.com/ubuntu/pool/main/s/shadow/passwd_4.5-1ubuntu2.5_amd64.deb	http://ap-northeast-2.ec2.archive.ubuntu.com/ubuntu/pool/main/s/shadow/passwd_4.5-1ubuntu2.5_amd64.deb	200	817648	c18bb45bd412e9a954a02ca308a470050de93a7c7b2a53ad656a2effef959d19	/home/aella/aws-discovery-xenial-bionic-retry2-20260831/upgrade-discovery/xenial-to-bionic/runtime/deb-cache/fc/1a/fc1aa7c7351c310556bc5cfbccb4f38e94e54b102e7f7a9251fd02be6082df41
xenial-to-bionic	2026-08-31T11:05:46Z	GET	http://ap-northeast-2.ec2.archive.ubuntu.com/ubuntu/pool/main/a/adduser/adduser_3.116ubuntu1_all.deb	http://ap-northeast-2.ec2.archive.ubuntu.com/ubuntu/pool/main/a/adduser/adduser_3.116ubuntu1_all.deb	200	162684	d451eb00b2d0e2940e26028ea9f2fb1be4f5109010e997acfb2c46229ebd9ebe	/home/aella/aws-discovery-xenial-bionic-retry2-20260831/upgrade-discovery/xenial-to-bionic/runtime/deb-cache/fa/1c/fa1c4e264c2fa0683a58b0aca1d46abae626cc51f4e6e08a724187fe14f50fc0
xenial-to-bionic	2026-08-31T11:05:46Z	GET	http://ap-northeast-2.ec2.archive.ubuntu.com/ubuntu/pool/main/a/argon2/libargon2-0_0%7e20161029-1.1_amd64.deb	http://ap-northeast-2.ec2.archive.ubuntu.com/ubuntu/pool/main/a/argon2/libargon2-0_0%7e20161029-1.1_amd64.deb	200	19852	3f66dc6094e4173a559183da65a06fe1be235c1baa268d7145d2abc813164b50	/home/aella/aws-discovery-xenial-bionic-retry2-20260831/upgrade-discovery/xenial-to-bionic/runtime/deb-cache/33/d4/33d4bdda54f494672fd080775685cd314aa5c0367a0282518d516f254a76c6d5
xenial-to-bionic	2026-08-31T11:05:46Z	GET	http://ap-northeast-2.ec2.archive.ubuntu.com/ubuntu/pool/main/libg/libgpg-error/libgpg-error0_1.27-6_amd64.deb	http://ap-northeast-2.ec2.archive.ubuntu.com/ubuntu/pool/main/libg/libgpg-error/libgpg-error0_1.27-6_amd64.deb	200	38004	afcf8629c4de6946d73661126ae4e0a28f9718c8720900201d46fd963e0b5ccf	/home/aella/aws-discovery-xenial-bionic-retry2-20260831/upgrade-discovery/xenial-to-bionic/runtime/deb-cache/4a/1c/4a1c6f643f28ee8bb8304744eddbbabe106bb062e045d92ae45eca50f3058fb6
xenial-to-bionic	2026-08-31T11:05:46Z	GET	http://ap-northeast-2.ec2.archive.ubuntu.com/ubuntu/pool/main/libg/libgcrypt20/libgcrypt20_1.8.1-4ubuntu1.3_amd64.deb	http://ap-northeast-2.ec2.archive.ubuntu.com/ubuntu/pool/main/libg/libgcrypt20/libgcrypt20_1.8.1-4ubuntu1.3_amd64.deb	200	417656	079025d334873844bba2aae474fe78f3eff3e04673302c91e4167916fd03efd2	/home/aella/aws-discovery-xenial-bionic-retry2-20260831/upgrade-discovery/xenial-to-bionic/runtime/deb-cache/36/ca/36caa1e20bce47856e96d59049b3bc9724b64ca5fa88604879df2f65a187da7e
xenial-to-bionic	2026-08-31T11:05:46Z	GET	http://ap-northeast-2.ec2.archive.ubuntu.com/ubuntu/pool/main/j/json-c/libjson-c3_0.12.1-1.3ubuntu0.3_amd64.deb	http://ap-northeast-2.ec2.archive.ubuntu.com/ubuntu/pool/main/j/json-c/libjson-c3_0.12.1-1.3ubuntu0.3_amd64.deb	200	21736	76dbaacd8b85f6ffca837b96b51422744338f479c9fe7dc203b0722b09d7dab5	/home/aella/aws-discovery-xenial-bionic-retry2-20260831/upgrade-discovery/xenial-to-bionic/runtime/deb-cache/a1/6b/a16b655f32102fcd29e0d9eb43fa4f659274e917b8738403ef5d132a1e2f4439
xenial-to-bionic	2026-08-31T11:05:46Z	GET	http://ap-northeast-2.ec2.archive.ubuntu.com/ubuntu/pool/main/e/efivar/libefivar1_34-1_amd64.deb	http://ap-northeast-2.ec2.archive.ubuntu.com/ubuntu/pool/main/e/efivar/libefivar1_34-1_amd64.deb	200	46248	9313ac00255ff5f90bd05731e4aa39e63c23274cb765462c54a5a9bea1aca4f4	/home/aella/aws-discovery-xenial-bionic-retry2-20260831/upgrade-discovery/xenial-to-bionic/runtime/deb-cache/01/85/0185d394f82da3dd1a256d28d20497daa5cd0b4db42829199ddfa751f86027b2
xenial-to-bionic	2026-08-31T11:05:46Z	GET	http://ap-northeast-2.ec2.archive.ubuntu.com/ubuntu/pool/main/e/efivar/libefiboot1_34-1_amd64.deb	http://ap-northeast-2.ec2.archive.ubuntu.com/ubuntu/pool/main/e/efivar/libefiboot1_34-1_amd64.deb	200	23544	b1b128b8906706d62cee238a41277a76b539356d09ab316ec834a5db3970d11b	/home/aella/aws-discovery-xenial-bionic-retry2-20260831/upgrade-discovery/xenial-to-bionic/runtime/deb-cache/80/6e/806ea57beab74a1b64e6eeee92f3270a426740143d99d6bca72141aef1d7f43b
xenial-to-bionic	2026-08-31T11:05:46Z	GET	http://ap-northeast-2.ec2.archive.ubuntu.com/ubuntu/pool/main/p/popt/libpopt0_1.16-11_amd64.deb	http://ap-northeast-2.ec2.archive.ubuntu.com/ubuntu/pool/main/p/popt/libpopt0_1.16-11_amd64.deb	200	26216	732c1bc997577dacc0ba0fc0ef013dacb2919cf0ce13c7bc7a04b95cbfe24113	/home/aella/aws-discovery-xenial-bionic-retry2-20260831/upgrade-discovery/xenial-to-bionic/runtime/deb-cache/11/16/11165ac2f3c2ca592aa14aeb9889c8fc4253316803bba8a524053c1b8b6aae69
xenial-to-bionic	2026-08-31T11:05:46Z	GET	http://ap-northeast-2.ec2.archive.ubuntu.com/ubuntu/pool/main/e/efibootmgr/efibootmgr_15-1_amd64.deb	http://ap-northeast-2.ec2.archive.ubuntu.com/ubuntu/pool/main/e/efibootmgr/efibootmgr_15-1_amd64.deb	200	28158	dcd5e3a6b78614c8d3325ce7faa879cf161d92c4e1fecdce7d657f53077bb5e3	/home/aella/aws-discovery-xenial-bionic-retry2-20260831/upgrade-discovery/xenial-to-bionic/runtime/deb-cache/28/3a/283abbc22b171a343ff1e2bc6d55ab414c935aa9d3f25faa9888711f38330bba
xenial-to-bionic	2026-08-31T11:05:46Z	GET	http://ap-northeast-2.ec2.archive.ubuntu.com/ubuntu/pool/main/t/texinfo/install-info_6.5.0.dfsg.1-2_amd64.deb	http://ap-northeast-2.ec2.archive.ubuntu.com/ubuntu/pool/main/t/texinfo/install-info_6.5.0.dfsg.1-2_amd64.deb	200	55372	f77f4a2a0838efec950798ab48b0b3ca86fe96f0e342bd3e1926f194dcbfe8ca	/home/aella/aws-discovery-xenial-bionic-retry2-20260831/upgrade-discovery/xenial-to-bionic/runtime/deb-cache/17/7e/177efcbec0a94025a4449a11f63ecd23c9e90d993da19200bcaeb57b6f75e9d0
xenial-to-bionic	2026-08-31T11:05:46Z	GET	http://ap-northeast-2.ec2.archive.ubuntu.com/ubuntu/pool/main/g/grub2/grub-pc_2.02-2ubuntu8.26_amd64.deb	http://ap-northeast-2.ec2.archive.ubuntu.com/ubuntu/pool/main/g/grub2/grub-pc_2.02-2ubuntu8.26_amd64.deb	200	137668	1eb2aa2ec62247e97d71c80d5b98aee4b5072e59c7913f15c3b099b846da861e	/home/aella/aws-discovery-xenial-bionic-retry2-20260831/upgrade-discovery/xenial-to-bionic/runtime/deb-cache/3f/1a/3f1aa264e50120493e56b84fb9571c032a6ef689fe7a8ca1ff96f85705bc4ade
xenial-to-bionic	2026-08-31T11:05:46Z	GET	http://ap-northeast-2.ec2.archive.ubuntu.com/ubuntu/pool/main/g/grub2/grub2-common_2.02-2ubuntu8.26_amd64.deb	http://ap-northeast-2.ec2.archive.ubuntu.com/ubuntu/pool/main/g/grub2/grub2-common_2.02-2ubuntu8.26_amd64.deb	200	533468	02d1234c09ae1fe3a9eddb1c6a7be00a89b2bb4adf986ab31088ec1289f9263a	/home/aella/aws-discovery-xenial-bionic-retry2-20260831/upgrade-discovery/xenial-to-bionic/runtime/deb-cache/96/cc/96ccd5ed9e1b4483c263a50a3c7f0e0589e083811c71069fa3dbc820e10fb974
xenial-to-bionic	2026-08-31T11:05:48Z	GET	http://ap-northeast-2.ec2.archive.ubuntu.com/ubuntu/pool/main/c/coreutils/coreutils_8.28-1ubuntu1_amd64.deb	http://ap-northeast-2.ec2.archive.ubuntu.com/ubuntu/pool/main/c/coreutils/coreutils_8.28-1ubuntu1_amd64.deb	200	1230832	24541a48e25dfb17c98ce77dda61800e6cd68d74c25725753613fbcc00f2418f	/home/aella/aws-discovery-xenial-bionic-retry2-20260831/upgrade-discovery/xenial-to-bionic/runtime/deb-cache/58/31/5831d0dacc3ba32e98b2eae0e816af8707fc4c6da06a2ed22d9f205f5f90722c
xenial-to-bionic	2026-08-31T11:05:48Z	GET	http://ap-northeast-2.ec2.archive.ubuntu.com/ubuntu/pool/main/s/sensible-utils/sensible-utils_0.0.12_all.deb	http://ap-northeast-2.ec2.archive.ubuntu.com/ubuntu/pool/main/s/sensible-utils/sensible-utils_0.0.12_all.deb	200	14796	08186f9cdb8589b551c16ea4daa3ff37e88fa50a0a5efa8ea05efcce58c2180a	/home/aella/aws-discovery-xenial-bionic-retry2-20260831/upgrade-discovery/xenial-to-bionic/runtime/deb-cache/f0/38/f038d356e0dc69b2aac71864f14b2a39613c2f0edfc5145dfeb7c564e6153739
xenial-to-bionic	2026-08-31T11:05:49Z	GET	http://ap-northeast-2.ec2.archive.ubuntu.com/ubuntu/pool/main/u/ucf/ucf_3.0038_all.deb	http://ap-northeast-2.ec2.archive.ubuntu.com/ubuntu/pool/main/u/ucf/ucf_3.0038_all.deb	200	50480	fb069365dce07ec9b04110e806736c5a5d0b0f350216c90912749226f1187ed5	/home/aella/aws-discovery-xenial-bionic-retry2-20260831/upgrade-discovery/xenial-to-bionic/runtime/deb-cache/36/71/3671653a886073b7af9180a3b8b6236b2303537d002983148fc45a5eb7904fd6
xenial-to-bionic	2026-08-31T11:05:49Z	GET	http://ap-northeast-2.ec2.archive.ubuntu.com/ubuntu/pool/main/g/grub2/grub-pc-bin_2.02-2ubuntu8.26_amd64.deb	http://ap-northeast-2.ec2.archive.ubuntu.com/ubuntu/pool/main/g/grub2/grub-pc-bin_2.02-2ubuntu8.26_amd64.deb	200	901236	e948644746cc9b4eb9c302909bd73f4526e2739db0b92f3b988c94328c7ee0c6	/home/aella/aws-discovery-xenial-bionic-retry2-20260831/upgrade-discovery/xenial-to-bionic/runtime/deb-cache/2d/54/2d54291b802174c3b1b00457f623b9f6a9763632015d1dcbf96152b4b0bb645c
xenial-to-bionic	2026-08-31T11:05:49Z	GET	http://ap-northeast-2.ec2.archive.ubuntu.com/ubuntu/pool/main/libp/libpng1.6/libpng16-16_1.6.34-1ubuntu0.18.04.2_amd64.deb	http://ap-northeast-2.ec2.archive.ubuntu.com/ubuntu/pool/main/libp/libpng1.6/libpng16-16_1.6.34-1ubuntu0.18.04.2_amd64.deb	200	175920	4d484ba67be62e7bb450ff41c88d06e65d564f9180daccc4a2640760493804bc	/home/aella/aws-discovery-xenial-bionic-retry2-20260831/upgrade-discovery/xenial-to-bionic/runtime/deb-cache/a8/48/a8485614add91a48e59a4d92281a40c02f7499c2188748a3c050b3c0e4e5174c
xenial-to-bionic	2026-08-31T11:05:49Z	GET	http://ap-northeast-2.ec2.archive.ubuntu.com/ubuntu/pool/main/f/freetype/libfreetype6_2.8.1-2ubuntu2.2_amd64.deb	http://ap-northeast-2.ec2.archive.ubuntu.com/ubuntu/pool/main/f/freetype/libfreetype6_2.8.1-2ubuntu2.2_amd64.deb	200	335148	81b8338c2242051192741a3e8f09ad03a56cde983bc9edc53303b528b1d1cb89	/home/aella/aws-discovery-xenial-bionic-retry2-20260831/upgrade-discovery/xenial-to-bionic/runtime/deb-cache/ec/91/ec91027955746415fdff65210e6509e62a0e9764c1e77634dc08cc21d70f7dde
xenial-to-bionic	2026-08-31T11:05:49Z	GET	http://ap-northeast-2.ec2.archive.ubuntu.com/ubuntu/pool/main/u/util-linux/libuuid1_2.31.1-0.4ubuntu3.7_amd64.deb	http://ap-northeast-2.ec2.archive.ubuntu.com/ubuntu/pool/main/u/util-linux/libuuid1_2.31.1-0.4ubuntu3.7_amd64.deb	200	20116	c04350aa8dc1bd73712716f9826b0f02fa10b77058c990a406445020970c2eaa	/home/aella/aws-discovery-xenial-bionic-retry2-20260831/upgrade-discovery/xenial-to-bionic/runtime/deb-cache/74/b6/74b65ce783c609b9874600f13450274a6d4db7040f89406e3cab323267178e00
xenial-to-bionic	2026-08-31T11:05:49Z	GET	http://ap-northeast-2.ec2.archive.ubuntu.com/ubuntu/pool/main/u/util-linux/libblkid1_2.31.1-0.4ubuntu3.7_amd64.deb	http://ap-northeast-2.ec2.archive.ubuntu.com/ubuntu/pool/main/u/util-linux/libblkid1_2.31.1-0.4ubuntu3.7_amd64.deb	200	123892	1ebe375596d1ab25d58f44086bb876474c30a3a2e3765acda4a613ab17d21fb1	/home/aella/aws-discovery-xenial-bionic-retry2-20260831/upgrade-discovery/xenial-to-bionic/runtime/deb-cache/29/a2/29a2c7e1d01a8e4d14ed982b6000c8e49a6dbff0c1f170f508387d82d7295dc6
xenial-to-bionic	2026-08-31T11:05:49Z	GET	http://ap-northeast-2.ec2.archive.ubuntu.com/ubuntu/pool/main/u/util-linux/libmount1_2.31.1-0.4ubuntu3.7_amd64.deb	http://ap-northeast-2.ec2.archive.ubuntu.com/ubuntu/pool/main/u/util-linux/libmount1_2.31.1-0.4ubuntu3.7_amd64.deb	200	135776	d76f62fec485bfa7558ba1a89907edd17e54c6782de2b000f70c0a01cd91200b	/home/aella/aws-discovery-xenial-bionic-retry2-20260831/upgrade-discovery/xenial-to-bionic/runtime/deb-cache/01/4f/014fd9edb4891c2b9520dfe160b12b542f1f8fc3ffefde162d11cbab6b720fea
xenial-to-bionic	2026-08-31T11:05:49Z	GET	http://ap-northeast-2.ec2.archive.ubuntu.com/ubuntu/pool/main/u/util-linux/libsmartcols1_2.31.1-0.4ubuntu3.7_amd64.deb	http://ap-northeast-2.ec2.archive.ubuntu.com/ubuntu/pool/main/u/util-linux/libsmartcols1_2.31.1-0.4ubuntu3.7_amd64.deb	200	83776	dc152f65abbc4fd8f6f3a3c9ffc3d9a413ea2dccb666a60948d8bdcfd53cc70c	/home/aella/aws-discovery-xenial-bionic-retry2-20260831/upgrade-discovery/xenial-to-bionic/runtime/deb-cache/1e/84/1e842f2910ab61fab0118198e4a1afa8df432e5851cf9e315463b194e1bfbd45
xenial-to-bionic	2026-08-31T11:05:49Z	GET	http://ap-northeast-2.ec2.archive.ubuntu.com/ubuntu/pool/main/u/util-linux/libfdisk1_2.31.1-0.4ubuntu3.7_amd64.deb	http://ap-northeast-2.ec2.archive.ubuntu.com/ubuntu/pool/main/u/util-linux/libfdisk1_2.31.1-0.4ubuntu3.7_amd64.deb	200	164120	6877f63ccc889cefd8c348b67b7fcf7620d6e76757e4ae567162efab07e79bcb	/home/aella/aws-discovery-xenial-bionic-retry2-20260831/upgrade-discovery/xenial-to-bionic/runtime/deb-cache/d3/6d/d36d9ec5e808faa82253b9fb8119eb91a5f6e41bf36efb6d9b9d2f69d7bff6fd
xenial-to-bionic	2026-08-31T11:05:49Z	GET	http://ap-northeast-2.ec2.archive.ubuntu.com/ubuntu/pool/main/n/ncurses/libtinfo5_6.1-1ubuntu1.18.04.1_amd64.deb	http://ap-northeast-2.ec2.archive.ubuntu.com/ubuntu/pool/main/n/ncurses/libtinfo5_6.1-1ubuntu1.18.04.1_amd64.deb	200	81392	f7a59966bba0f997dd1bee0994c43cd563026a81e791cacc6540a2a8c9a49e53	/home/aella/aws-discovery-xenial-bionic-retry2-20260831/upgrade-discovery/xenial-to-bionic/runtime/deb-cache/e1/0b/e10b26ad2c3fb7e45fd4abd428a15791036840a75b72d536a8562288d88eda1b
xenial-to-bionic	2026-08-31T11:05:49Z	GET	http://ap-northeast-2.ec2.archive.ubuntu.com/ubuntu/pool/main/n/ncurses/ncurses-bin_6.1-1ubuntu1.18.04.1_amd64.deb	http://ap-northeast-2.ec2.archive.ubuntu.com/ubuntu/pool/main/n/ncurses/ncurses-bin_6.1-1ubuntu1.18.04.1_amd64.deb	200	163360	e4f119a6a126031b97888da70a7f84da0ecf2d1acc46ef3f0db400e4ee7fe526	/home/aella/aws-discovery-xenial-bionic-retry2-20260831/upgrade-discovery/xenial-to-bionic/runtime/deb-cache/14/a6/14a6b906ccdbed3a8d94edd9ba43bd1262e69b1d2816c99e217a0553517cf1da
xenial-to-bionic	2026-08-31T11:05:51Z	GET	http://ap-northeast-2.ec2.archive.ubuntu.com/ubuntu/pool/main/n/ncurses/libncursesw5_6.1-1ubuntu1.18.04.1_amd64.deb	http://ap-northeast-2.ec2.archive.ubuntu.com/ubuntu/pool/main/n/ncurses/libncursesw5_6.1-1ubuntu1.18.04.1_amd64.deb	200	117200	5cd3081d4c419cb40878527bf4e68b02063b22305c330b491fa425ec9dea58f3	/home/aella/aws-discovery-xenial-bionic-retry2-20260831/upgrade-discovery/xenial-to-bionic/runtime/deb-cache/b3/66/b3662843ff46d303c2a215d55792f2ebb0811a595b645fc5c15d1f4cd14c77e8
xenial-to-bionic	2026-08-31T11:05:51Z	GET	http://ap-northeast-2.ec2.archive.ubuntu.com/ubuntu/pool/main/n/ncurses/libncurses5_6.1-1ubuntu1.18.04.1_amd64.deb	http://ap-northeast-2.ec2.archive.ubuntu.com/ubuntu/pool/main/n/ncurses/libncurses5_6.1-1ubuntu1.18.04.1_amd64.deb	200	95068	7374b0d1bf39a7b250dcf18251bba9dbf548d90ddcfa66d31670d73d667abaeb	/home/aella/aws-discovery-xenial-bionic-retry2-20260831/upgrade-discovery/xenial-to-bionic/runtime/deb-cache/24/7f/247f0ba499b5ac01ea4c1ab30262f8cdbb00904303d6fed2bb6a2f381bcb74b3
xenial-to-bionic	2026-08-31T11:05:51Z	GET	http://ap-northeast-2.ec2.archive.ubuntu.com/ubuntu/pool/main/s/systemd/libudev1_237-3ubuntu10.57_amd64.deb	http://ap-northeast-2.ec2.archive.ubuntu.com/ubuntu/pool/main/s/systemd/libudev1_237-3ubuntu10.57_amd64.deb	200	53952	04cb377b1ecaa3f4a8e1d2612c428ccf6d87b9f9cda267ac78d34d99388675df	/home/aella/aws-discovery-xenial-bionic-retry2-20260831/upgrade-discovery/xenial-to-bionic/runtime/deb-cache/3e/24/3e24cc30755907635f99daa269f8519ece0f8dc9f3affe2a3e4706565b7435d3
xenial-to-bionic	2026-08-31T11:05:51Z	GET	http://ap-northeast-2.ec2.archive.ubuntu.com/ubuntu/pool/main/c/cryptsetup/libcryptsetup12_2.0.2-1ubuntu1.2_amd64.deb	http://ap-northeast-2.ec2.archive.ubuntu.com/ubuntu/pool/main/c/cryptsetup/libcryptsetup12_2.0.2-1ubuntu1.2_amd64.deb	200	134316	4084206f21a9dfbdab57014482a0ebd785d9b6a2ebc0114f8e250c1d8e48d35a	/home/aella/aws-discovery-xenial-bionic-retry2-20260831/upgrade-discovery/xenial-to-bionic/runtime/deb-cache/12/7e/127e1d0de41a251288c4238118904e4b4226afcbcdd28b653970638885cab4e8
xenial-to-bionic	2026-08-31T11:05:51Z	GET	http://ap-northeast-2.ec2.archive.ubuntu.com/ubuntu/pool/main/i/iptables/libip4tc0_1.6.1-2ubuntu2.1_amd64.deb	http://ap-northeast-2.ec2.archive.ubuntu.com/ubuntu/pool/main/i/iptables/libip4tc0_1.6.1-2ubuntu2.1_amd64.deb	200	19804	19de5944f434d8bad1ec78a45adb0d5f85d26d3fd443cd667dd34423665bde6d	/home/aella/aws-discovery-xenial-bionic-retry2-20260831/upgrade-discovery/xenial-to-bionic/runtime/deb-cache/72/c8/72c8c0a6884d23a8c1e05c4456eb5aa4968e4bed79cea6867909681a7bf77bc4
xenial-to-bionic	2026-08-31T11:05:51Z	GET	http://ap-northeast-2.ec2.archive.ubuntu.com/ubuntu/pool/main/s/systemd/libsystemd0_237-3ubuntu10.57_amd64.deb	http://ap-northeast-2.ec2.archive.ubuntu.com/ubuntu/pool/main/s/systemd/libsystemd0_237-3ubuntu10.57_amd64.deb	200	204880	637d89dd31920db1baf2c4b9a34d7bb3d9829ff01e5d7ad75d302791120a2f45	/home/aella/aws-discovery-xenial-bionic-retry2-20260831/upgrade-discovery/xenial-to-bionic/runtime/deb-cache/57/06/570670c7c084a8d89ccaf51363c87ba11327157d172d922522c7fd433c6fce00
xenial-to-bionic	2026-08-31T11:05:51Z	GET	http://ap-northeast-2.ec2.archive.ubuntu.com/ubuntu/pool/main/s/systemd/libpam-systemd_237-3ubuntu10.57_amd64.deb	http://ap-northeast-2.ec2.archive.ubuntu.com/ubuntu/pool/main/s/systemd/libpam-systemd_237-3ubuntu10.57_amd64.deb	200	107420	8fea593b6ea328547c8bb713f642b0ccbb6cba1982587cc843ad986c3f439641	/home/aella/aws-discovery-xenial-bionic-retry2-20260831/upgrade-discovery/xenial-to-bionic/runtime/deb-cache/6a/d7/6ad7c2e9c1214006c32bdf26e4ce3b8cdd3dd513ed8ef8e93d2b1c3289f7f9e3
xenial-to-bionic	2026-08-31T11:05:51Z	GET	http://ap-northeast-2.ec2.archive.ubuntu.com/ubuntu/pool/main/i/init-system-helpers/init-system-helpers_1.51_all.deb	http://ap-northeast-2.ec2.archive.ubuntu.com/ubuntu/pool/main/i/init-system-helpers/init-system-helpers_1.51_all.deb	200	37260	5be3de2fafd378bbd0a39106536c6960087bdbaa0fad88f35396ec9e1401282e	/home/aella/aws-discovery-xenial-bionic-retry2-20260831/upgrade-discovery/xenial-to-bionic/runtime/deb-cache/22/19/2219dd7041c31994ca42e087af55898103e5ee0dd5ae1ab5841d9eeb5e1b941a
xenial-to-bionic	2026-08-31T11:05:51Z	GET	http://ap-northeast-2.ec2.archive.ubuntu.com/ubuntu/pool/main/u/util-linux/fdisk_2.31.1-0.4ubuntu3.7_amd64.deb	http://ap-northeast-2.ec2.archive.ubuntu.com/ubuntu/pool/main/u/util-linux/fdisk_2.31.1-0.4ubuntu3.7_amd64.deb	200	107636	687c78d6f1852779e8d30001adb33856654dca8767d3f465b1df277695331df7	/home/aella/aws-discovery-xenial-bionic-retry2-20260831/upgrade-discovery/xenial-to-bionic/runtime/deb-cache/8b/0d/8b0d79ec4a7e488b7483c6f437f8d0a3e71aee9042a09762cd1af650baa1cc79
xenial-to-bionic	2026-08-31T11:05:51Z	GET	http://ap-northeast-2.ec2.archive.ubuntu.com/ubuntu/pool/main/b/bash-completion/bash-completion_2.8-1ubuntu1_all.deb	http://ap-northeast-2.ec2.archive.ubuntu.com/ubuntu/pool/main/b/bash-completion/bash-completion_2.8-1ubuntu1_all.deb	200	167736	6cd0c72badbc45b0aedd4732b17aebfe0a78704ed9e055d46989d946a9c04cd3	/home/aella/aws-discovery-xenial-bionic-retry2-20260831/upgrade-discovery/xenial-to-bionic/runtime/deb-cache/5a/cf/5acfb5967192f5bc43a5b0ceb49c2e91c9434408775340d96df856c80297a9cd
xenial-to-bionic	2026-08-31T11:05:51Z	GET	http://ap-northeast-2.ec2.archive.ubuntu.com/ubuntu/pool/main/u/util-linux/util-linux_2.31.1-0.4ubuntu3.7_amd64.deb	http://ap-northeast-2.ec2.archive.ubuntu.com/ubuntu/pool/main/u/util-linux/util-linux_2.31.1-0.4ubuntu3.7_amd64.deb	200	904476	4480cf8e9202013611aa00b79834a9b6808617c66f521d894bd17905218c6544	/home/aella/aws-discovery-xenial-bionic-retry2-20260831/upgrade-discovery/xenial-to-bionic/runtime/deb-cache/0c/65/0c65eea3c7611a573516f2600c80b7c04233ee2da84bbc8c5b69efc6dc21d105
xenial-to-bionic	2026-08-31T11:05:51Z	GET	http://ap-northeast-2.ec2.archive.ubuntu.com/ubuntu/pool/main/u/util-linux/mount_2.31.1-0.4ubuntu3.7_amd64.deb	http://ap-northeast-2.ec2.archive.ubuntu.com/ubuntu/pool/main/u/util-linux/mount_2.31.1-0.4ubuntu3.7_amd64.deb	200	106556	8f66c610b993d09f4905c873bf20e19151cb1c827f9d0248d05f497d44ed6691	/home/aella/aws-discovery-xenial-bionic-retry2-20260831/upgrade-discovery/xenial-to-bionic/runtime/deb-cache/dd/fa/ddfaece6ac1c5eb5f2af6d316aa93aa4db81a35e5f8075b1dd7d1b2e8ba6e165
xenial-to-bionic	2026-08-31T11:05:52Z	GET	http://ap-northeast-2.ec2.archive.ubuntu.com/ubuntu/pool/main/s/sysvinit/sysvinit-utils_2.88dsf-59.10ubuntu1_amd64.deb	http://ap-northeast-2.ec2.archive.ubuntu.com/ubuntu/pool/main/s/sysvinit/sysvinit-utils_2.88dsf-59.10ubuntu1_amd64.deb	200	18568	35e24a72b6e48aa910186b0c5ccf95d039c543f0e8174d7dbe2393cf3de3ea7a	/home/aella/aws-discovery-xenial-bionic-retry2-20260831/upgrade-discovery/xenial-to-bionic/runtime/deb-cache/6d/32/6d32b69556ca0e053afb5800629fc7b58289680e5fe26d02a8dddba712fb11fe
xenial-to-bionic	2026-08-31T11:05:52Z	GET	http://ap-northeast-2.ec2.archive.ubuntu.com/ubuntu/pool/main/n/netbase/netbase_5.4_all.deb	http://ap-northeast-2.ec2.archive.ubuntu.com/ubuntu/pool/main/n/netbase/netbase_5.4_all.deb	200	12710	cbda1c8035cd1fe0b1fb09b456892c0bb868657bfe02da82f0b16207d391145e	/home/aella/aws-discovery-xenial-bionic-retry2-20260831/upgrade-discovery/xenial-to-bionic/runtime/deb-cache/39/78/39781a77fc80fb118969cc9e513d2ca4375ebfbdbc1270473872184889f63b43
xenial-to-bionic	2026-08-31T11:05:53Z	GET	http://ap-northeast-2.ec2.archive.ubuntu.com/ubuntu/pool/main/i/ifupdown/ifupdown_0.8.17ubuntu1.1_amd64.deb	http://ap-northeast-2.ec2.archive.ubuntu.com/ubuntu/pool/main/i/ifupdown/ifupdown_0.8.17ubuntu1.1_amd64.deb	200	55928	18a1686150e1f7fbea581ee1f235f15c1ea24069ae7ae4e2df7872eecc3d927e	/home/aella/aws-discovery-xenial-bionic-retry2-20260831/upgrade-discovery/xenial-to-bionic/runtime/deb-cache/96/7a/967a540e304bef9e8976c99497bbff8fd705598600f238ddfc96bfba382b7d4a
xenial-to-bionic	2026-08-31T11:05:53Z	GET	http://ap-northeast-2.ec2.archive.ubuntu.com/ubuntu/pool/main/s/systemd/systemd_237-3ubuntu10.57_amd64.deb	http://ap-northeast-2.ec2.archive.ubuntu.com/ubuntu/pool/main/s/systemd/systemd_237-3ubuntu10.57_amd64.deb	200	2914624	6c56d5873c54202e84703c1e087fe6b43aa6957a272127e3f0b7945ae89230c9	/home/aella/aws-discovery-xenial-bionic-retry2-20260831/upgrade-discovery/xenial-to-bionic/runtime/deb-cache/81/09/8109da04c5f0fe4c2fe46d9dcfef3a5c43910351e999f4242711aa752a6109b3
xenial-to-bionic	2026-08-31T11:05:53Z	GET	http://ap-northeast-2.ec2.archive.ubuntu.com/ubuntu/pool/main/g/grub2/grub-common_2.02-2ubuntu8.26_amd64.deb	http://ap-northeast-2.ec2.archive.ubuntu.com/ubuntu/pool/main/g/grub2/grub-common_2.02-2ubuntu8.26_amd64.deb	200	1772512	cc41a8020c65c579b3d31639c097ae03cc915ac1adc8b78a6e53f7274c2036f5	/home/aella/aws-discovery-xenial-bionic-retry2-20260831/upgrade-discovery/xenial-to-bionic/runtime/deb-cache/65/97/659755a6eb6371178121d20522d3711c552cd803cdb73bde3baf3dd6748a993b
xenial-to-bionic	2026-08-31T11:05:53Z	GET	http://ap-northeast-2.ec2.archive.ubuntu.com/ubuntu/pool/main/m/mdadm/mdadm_4.1%7erc1-3%7eubuntu18.04.4_amd64.deb	http://ap-northeast-2.ec2.archive.ubuntu.com/ubuntu/pool/main/m/mdadm/mdadm_4.1%7erc1-3%7eubuntu18.04.4_amd64.deb	200	415896	986d6f28643a00dabccf9ce09ffa5fe921503319c01ea794558d3c1f88e0b7e1	/home/aella/aws-discovery-xenial-bionic-retry2-20260831/upgrade-discovery/xenial-to-bionic/runtime/deb-cache/ac/0f/ac0ff774f12630953c39ec6f1368b160e2cf47260d7f77f06e2b0c36ac6d5c3b
xenial-to-bionic	2026-08-31T11:05:53Z	GET	http://ap-northeast-2.ec2.archive.ubuntu.com/ubuntu/pool/main/s/systemd/udev_237-3ubuntu10.57_amd64.deb	http://ap-northeast-2.ec2.archive.ubuntu.com/ubuntu/pool/main/s/systemd/udev_237-3ubuntu10.57_amd64.deb	200	1099872	9e68de2a18d4536fd8931d45e6027b3733c5842988ace9e5d6b9693264525d33	/home/aella/aws-discovery-xenial-bionic-retry2-20260831/upgrade-discovery/xenial-to-bionic/runtime/deb-cache/65/51/6551bf395fb55a5752c6dd71d5b8fdf4c9fcefafefb50a753a2edbce05ba6367
xenial-to-bionic	2026-08-31T11:05:53Z	GET	http://ap-northeast-2.ec2.archive.ubuntu.com/ubuntu/pool/main/b/bsdmainutils/bsdmainutils_11.1.2ubuntu1_amd64.deb	http://ap-northeast-2.ec2.archive.ubuntu.com/ubuntu/pool/main/b/bsdmainutils/bsdmainutils_11.1.2ubuntu1_amd64.deb	200	181460	d34835828bad74f2289562641ba0a7b3d21f906a579f282141e63ac687b8eb72	/home/aella/aws-discovery-xenial-bionic-retry2-20260831/upgrade-discovery/xenial-to-bionic/runtime/deb-cache/97/d7/97d7c0c6341bc61e30a073060ab776264cd94dbaf50479c99fba38d554c6a280
xenial-to-bionic	2026-08-31T11:05:53Z	GET	http://ap-northeast-2.ec2.archive.ubuntu.com/ubuntu/pool/main/u/util-linux/bsdutils_2.31.1-0.4ubuntu3.7_amd64.deb	http://ap-northeast-2.ec2.archive.ubuntu.com/ubuntu/pool/main/u/util-linux/bsdutils_2.31.1-0.4ubuntu3.7_amd64.deb	200	60212	f2f19c529e88a07ec764256fd75d12c95190f79ffa38f33ba5cd096effdf7760	/home/aella/aws-discovery-xenial-bionic-retry2-20260831/upgrade-discovery/xenial-to-bionic/runtime/deb-cache/fd/2a/fd2aca48fcce0e320d868066da721207f242ad0180f6396863d2f5bfabcedeee
xenial-to-bionic	2026-08-31T11:05:53Z	GET	http://ap-northeast-2.ec2.archive.ubuntu.com/ubuntu/pool/main/libb/libbsd/libbsd0_0.8.7-1ubuntu0.1_amd64.deb	http://ap-northeast-2.ec2.archive.ubuntu.com/ubuntu/pool/main/libb/libbsd/libbsd0_0.8.7-1ubuntu0.1_amd64.deb	200	41560	a1e1900a51b56919113ac07ad873c25ad0f57a7042a054e5ed755d5d82871745	/home/aella/aws-discovery-xenial-bionic-retry2-20260831/upgrade-discovery/xenial-to-bionic/runtime/deb-cache/74/2d/742def4651a2b8e20c6a42d39d82ff75832f0bd07acb938420e6d5fdec0e8c49
xenial-to-bionic	2026-08-31T11:05:53Z	GET	http://ap-northeast-2.ec2.archive.ubuntu.com/ubuntu/pool/main/s/sed/sed_4.4-2_amd64.deb	http://ap-northeast-2.ec2.archive.ubuntu.com/ubuntu/pool/main/s/sed/sed_4.4-2_amd64.deb	200	182284	ce884ec68a7b77ea3e45558da3fd0aa7ac634a15be440d86922afc219de4a4a1	/home/aella/aws-discovery-xenial-bionic-retry2-20260831/upgrade-discovery/xenial-to-bionic/runtime/deb-cache/b3/ca/b3cae6fe8ee27f7fd22dc925e5a3fe2788b5179e8838d6c3e3870189d211c2dd
xenial-to-bionic	2026-08-31T11:05:53Z	GET	http://ap-northeast-2.ec2.archive.ubuntu.com/ubuntu/pool/main/f/fuse/fuse_2.9.7-1ubuntu1_amd64.deb	http://ap-northeast-2.ec2.archive.ubuntu.com/ubuntu/pool/main/f/fuse/fuse_2.9.7-1ubuntu1_amd64.deb	200	24544	a7b3de22b2944948a4a3c64af62b42af76806bdc3eeaf3e02a7c33bc11e2d160	/home/aella/aws-discovery-xenial-bionic-retry2-20260831/upgrade-discovery/xenial-to-bionic/runtime/deb-cache/7a/d5/7ad53ed41e4812489b25688492d6866304f83d84e7ec650ad3b164102cf915fc
xenial-to-bionic	2026-08-31T11:05:53Z	GET	http://ap-northeast-2.ec2.archive.ubuntu.com/ubuntu/pool/main/f/fuse/libfuse2_2.9.7-1ubuntu1_amd64.deb	http://ap-northeast-2.ec2.archive.ubuntu.com/ubuntu/pool/main/f/fuse/libfuse2_2.9.7-1ubuntu1_amd64.deb	200	80870	4f332bcabd466dbff28ad0614b5eaeef49a7ff9140c2cc3c1749a0ed06b0c75a	/home/aella/aws-discovery-xenial-bionic-retry2-20260831/upgrade-discovery/xenial-to-bionic/runtime/deb-cache/e3/b0/e3b0807cb078f8a18bce235e60fcf56d30dec37b6bed87854e8810070813f10e
xenial-to-bionic	2026-08-31T11:05:53Z	GET	http://ap-northeast-2.ec2.archive.ubuntu.com/ubuntu/pool/main/g/gcc-8/gcc-8-base_8.4.0-1ubuntu1%7e18.04_amd64.deb	http://ap-northeast-2.ec2.archive.ubuntu.com/ubuntu/pool/main/g/gcc-8/gcc-8-base_8.4.0-1ubuntu1%7e18.04_amd64.deb	200	18736	68ef7e8bb42275140fd9e22193994cb3026557aac020fbb08bd7db1c0f8840d1	/home/aella/aws-discovery-xenial-bionic-retry2-20260831/upgrade-discovery/xenial-to-bionic/runtime/deb-cache/d0/bb/d0bbeb012ad3e313404000d14ab014f0fe6bd60ab6ccbcd3c6d99edfae778784
xenial-to-bionic	2026-08-31T11:05:53Z	GET	http://ap-northeast-2.ec2.archive.ubuntu.com/ubuntu/pool/main/g/gcc-8/libgcc1_8.4.0-1ubuntu1%7e18.04_amd64.deb	http://ap-northeast-2.ec2.archive.ubuntu.com/ubuntu/pool/main/g/gcc-8/libgcc1_8.4.0-1ubuntu1%7e18.04_amd64.deb	200	40648	116dadf4ceaba7150eb46a6598dd3defa62b1b2a6578fb494f4c932878634994	/home/aella/aws-discovery-xenial-bionic-retry2-20260831/upgrade-discovery/xenial-to-bionic/runtime/deb-cache/d9/29/d9296d45b54a306785276f8e9e11ae9bde8e7c0956f4b5487340942fced0e499
xenial-to-bionic	2026-08-31T11:05:53Z	GET	http://ap-northeast-2.ec2.archive.ubuntu.com/ubuntu/pool/main/g/gcc-8/libstdc%2b%2b6_8.4.0-1ubuntu1%7e18.04_amd64.deb	http://ap-northeast-2.ec2.archive.ubuntu.com/ubuntu/pool/main/g/gcc-8/libstdc%2b%2b6_8.4.0-1ubuntu1%7e18.04_amd64.deb	200	400412	4dbd1ffa20011329608f584ff329a10507cfa78c3f76fa34e6f479f9680b64f4	/home/aella/aws-discovery-xenial-bionic-retry2-20260831/upgrade-discovery/xenial-to-bionic/runtime/deb-cache/d6/57/d65760947214a4abaac9bf31799faf8f73b71cb8f28759100b8e16676386e0d0
xenial-to-bionic	2026-08-31T11:05:53Z	GET	http://ap-northeast-2.ec2.archive.ubuntu.com/ubuntu/pool/main/g/gettext/libasprintf0v5_0.19.8.1-6ubuntu0.3_amd64.deb	http://ap-northeast-2.ec2.archive.ubuntu.com/ubuntu/pool/main/g/gettext/libasprintf0v5_0.19.8.1-6ubuntu0.3_amd64.deb	200	20672	9488e32bcbad348789962ad2ca91bf815f74b7d92e5e1e58c86348ce5d4b69a7	/home/aella/aws-discovery-xenial-bionic-retry2-20260831/upgrade-discovery/xenial-to-bionic/runtime/deb-cache/ec/eb/eceb47af2a6facae35e019037c1e31bef4071035934986b787fad312b0dcbcb0
xenial-to-bionic	2026-08-31T11:05:53Z	GET	http://ap-northeast-2.ec2.archive.ubuntu.com/ubuntu/pool/main/g/gettext/gettext-base_0.19.8.1-6ubuntu0.3_amd64.deb	http://ap-northeast-2.ec2.archive.ubuntu.com/ubuntu/pool/main/g/gettext/gettext-base_0.19.8.1-6ubuntu0.3_amd64.deb	200	113036	f316af1d1909294ecec100fd6ffdf90de8c00bb4a0c7e097522ed188d91fd8fe	/home/aella/aws-discovery-xenial-bionic-retry2-20260831/upgrade-discovery/xenial-to-bionic/runtime/deb-cache/14/3a/143ae706bbc3aa314be938787d402df60dd767474ac735f317e36831d023b279
xenial-to-bionic	2026-08-31T11:05:53Z	GET	http://ap-northeast-2.ec2.archive.ubuntu.com/ubuntu/pool/main/a/acl/acl_2.2.52-3build1_amd64.deb	http://ap-northeast-2.ec2.archive.ubuntu.com/ubuntu/pool/main/a/acl/acl_2.2.52-3build1_amd64.deb	200	38504	7664041a35332febccd6c2c13d384c0bad6b0af63c7250f70d6c29477e5e5754	/home/aella/aws-discovery-xenial-bionic-retry2-20260831/upgrade-discovery/xenial-to-bionic/runtime/deb-cache/7b/85/7b85f8e379c6813d14ed411b4d35fb5da6e1c3361c8b49b066aa0723461573e3
xenial-to-bionic	2026-08-31T11:05:53Z	GET	http://ap-northeast-2.ec2.archive.ubuntu.com/ubuntu/pool/main/a/attr/libattr1_2.4.47-2build1_amd64.deb	http://ap-northeast-2.ec2.archive.ubuntu.com/ubuntu/pool/main/a/attr/libattr1_2.4.47-2build1_amd64.deb	200	9524	91ef5319ee1f0173a6c5d16ba364e79c90f74b94b5d7daed1a2674a92f4f9c78	/home/aella/aws-discovery-xenial-bionic-retry2-20260831/upgrade-discovery/xenial-to-bionic/runtime/deb-cache/bd/f9/bdf9dedba09a73e6954e5ddb2c818923697183d0e7412535ea1061313cb756a5
xenial-to-bionic	2026-08-31T11:05:53Z	GET	http://ap-northeast-2.ec2.archive.ubuntu.com/ubuntu/pool/main/a/acl/libacl1_2.2.52-3build1_amd64.deb	http://ap-northeast-2.ec2.archive.ubuntu.com/ubuntu/pool/main/a/acl/libacl1_2.2.52-3build1_amd64.deb	200	16126	adbe1a5b37daf02f7bbd645c3a0baf63f6607e207567574c609493c32d5d57a5	/home/aella/aws-discovery-xenial-bionic-retry2-20260831/upgrade-discovery/xenial-to-bionic/runtime/deb-cache/29/5a/295a66785918aa4cf79b580c7bc56411ef4753772a2a414bac1d8560391b8377
xenial-to-bionic	2026-08-31T11:05:53Z	GET	http://ap-northeast-2.ec2.archive.ubuntu.com/ubuntu/pool/main/k/kmod/kmod_24-1ubuntu3.5_amd64.deb	http://ap-northeast-2.ec2.archive.ubuntu.com/ubuntu/pool/main/k/kmod/kmod_24-1ubuntu3.5_amd64.deb	200	88796	95c7b910461c543322289239749a3afccc3617ab9506d708cef617d408bcd815	/home/aella/aws-discovery-xenial-bionic-retry2-20260831/upgrade-discovery/xenial-to-bionic/runtime/deb-cache/57/9d/579d1646d27883bf890a0aecaab1380decf9a86a50ba671c6c2b25bac65a4574
xenial-to-bionic	2026-08-31T11:05:54Z	GET	http://ap-northeast-2.ec2.archive.ubuntu.com/ubuntu/pool/main/k/kmod/libkmod2_24-1ubuntu3.5_amd64.deb	http://ap-northeast-2.ec2.archive.ubuntu.com/ubuntu/pool/main/k/kmod/libkmod2_24-1ubuntu3.5_amd64.deb	200	40216	f6041aae36c1f90ecd40cf1d8da5493775aec92eb7ae597fc496ef160f8205c7	/home/aella/aws-discovery-xenial-bionic-retry2-20260831/upgrade-discovery/xenial-to-bionic/runtime/deb-cache/82/19/8219251a3af276051413cea0e54f6773ff35e99c51fe1c239aed36a40bd9f485
xenial-to-bionic	2026-08-31T11:05:54Z	GET	http://ap-northeast-2.ec2.archive.ubuntu.com/ubuntu/pool/main/p/procps/libprocps6_3.3.12-3ubuntu1.2_amd64.deb	http://ap-northeast-2.ec2.archive.ubuntu.com/ubuntu/pool/main/p/procps/libprocps6_3.3.12-3ubuntu1.2_amd64.deb	200	31812	8d6b338a6a6f1d8bda80550cc06ed01116473a18546d8a3c5a0bc116d5498d04	/home/aella/aws-discovery-xenial-bionic-retry2-20260831/upgrade-discovery/xenial-to-bionic/runtime/deb-cache/a4/ec/a4ec06cc269e6fe8c1c7488df9efcea134bc673030ccd7fe2063b5da8aacdee6
xenial-to-bionic	2026-08-31T11:05:54Z	GET	http://ap-northeast-2.ec2.archive.ubuntu.com/ubuntu/pool/main/p/procps/procps_3.3.12-3ubuntu1.2_amd64.deb	http://ap-northeast-2.ec2.archive.ubuntu.com/ubuntu/pool/main/p/procps/procps_3.3.12-3ubuntu1.2_amd64.deb	200	224664	f5ea4948405a19646bc7b6d505b9e01ee831e7507a5fe85168aa85a3cad42af5	/home/aella/aws-discovery-xenial-bionic-retry2-20260831/upgrade-discovery/xenial-to-bionic/runtime/deb-cache/3b/6e/3b6e6a38f3ed9b98b6fc63492e75d86f38b62a04d847c56a1f1190efaa3889b7
xenial-to-bionic	2026-08-31T11:05:54Z	GET	http://ap-northeast-2.ec2.archive.ubuntu.com/ubuntu/pool/main/l/lvm2/libdevmapper1.02.1_1.02.145-4.1ubuntu3.18.04.3_amd64.deb	http://ap-northeast-2.ec2.archive.ubuntu.com/ubuntu/pool/main/l/lvm2/libdevmapper1.02.1_1.02.145-4.1ubuntu3.18.04.3_amd64.deb	200	126828	f78be8e9fad1d4ebfcb42a97933e08840e41cef0847bb4320af75c9136cfab33	/home/aella/aws-discovery-xenial-bionic-retry2-20260831/upgrade-discovery/xenial-to-bionic/runtime/deb-cache/3a/a9/3aa98f5a44e4dbb2c90f612afbfcf6fd9e464baa104f76adc9a2f8163e6e7c18
xenial-to-bionic	2026-08-31T11:05:54Z	GET	http://ap-northeast-2.ec2.archive.ubuntu.com/ubuntu/pool/main/p/pam/libpam-runtime_1.1.8-3.6ubuntu2.18.04.6_all.deb	http://ap-northeast-2.ec2.archive.ubuntu.com/ubuntu/pool/main/p/pam/libpam-runtime_1.1.8-3.6ubuntu2.18.04.6_all.deb	200	37064	1ce4b6002d228596882ca14180b464170a0be5c043461aa05149f615cb8fdbec	/home/aella/aws-discovery-xenial-bionic-retry2-20260831/upgrade-discovery/xenial-to-bionic/runtime/deb-cache/76/23/76238cb74023e311219f61452614a872b6cc7e3864b4ed6ad74ac2538c6fdaa5
xenial-to-bionic	2026-08-31T11:05:54Z	GET	http://ap-northeast-2.ec2.archive.ubuntu.com/ubuntu/pool/main/d/dbus/dbus_1.12.2-1ubuntu1.4_amd64.deb	http://ap-northeast-2.ec2.archive.ubuntu.com/ubuntu/pool/main/d/dbus/dbus_1.12.2-1ubuntu1.4_amd64.deb	200	150168	5126617e2e0064ac1d5e5e8a4ddca576d49ab4f6465a3464eb3f0620bbbdfd39	/home/aella/aws-discovery-xenial-bionic-retry2-20260831/upgrade-discovery/xenial-to-bionic/runtime/deb-cache/4a/d3/4ad3c608ca87dee40de529c9a1de808a93436096c64e5bf31043362f76009ae9
xenial-to-bionic	2026-08-31T11:05:54Z	GET	http://ap-northeast-2.ec2.archive.ubuntu.com/ubuntu/pool/main/d/dbus/libdbus-1-3_1.12.2-1ubuntu1.4_amd64.deb	http://ap-northeast-2.ec2.archive.ubuntu.com/ubuntu/pool/main/d/dbus/libdbus-1-3_1.12.2-1ubuntu1.4_amd64.deb	200	175076	efc1c44df3498c4629db4982d76ddd2a04f1b3b53d8d21d81dfd1f803604dfc4	/home/aella/aws-discovery-xenial-bionic-retry2-20260831/upgrade-discovery/xenial-to-bionic/runtime/deb-cache/b7/e4/b7e495f5f049b27324acf0e007f9d055258ef74f1b85aa7a9748bc1880bef391
xenial-to-bionic	2026-08-31T11:05:54Z	GET	http://ap-northeast-2.ec2.archive.ubuntu.com/ubuntu/pool/main/b/busybox/busybox-initramfs_1.27.2-2ubuntu3.4_amd64.deb	http://ap-northeast-2.ec2.archive.ubuntu.com/ubuntu/pool/main/b/busybox/busybox-initramfs_1.27.2-2ubuntu3.4_amd64.deb	200	165572	4d8ddcdf26c79f6ff4d1bceb5dcdb9a82480d75738c5daaf1817601bdda8a90e	/home/aella/aws-discovery-xenial-bionic-retry2-20260831/upgrade-discovery/xenial-to-bionic/runtime/deb-cache/6e/f7/6ef74cb2d0769d81940e41a8d0defc5ef271f98388fbc372ccc662bbab8fb98b
xenial-to-bionic	2026-08-31T11:05:54Z	GET	http://ap-northeast-2.ec2.archive.ubuntu.com/ubuntu/pool/main/i/isc-dhcp/isc-dhcp-client_4.3.5-3ubuntu7.4_amd64.deb	http://ap-northeast-2.ec2.archive.ubuntu.com/ubuntu/pool/main/i/isc-dhcp/isc-dhcp-client_4.3.5-3ubuntu7.4_amd64.deb	200	243092	90c8b3fa86defba9652d80a17c68bbdd1abc25ad63dee61984a480e96eedb28c	/home/aella/aws-discovery-xenial-bionic-retry2-20260831/upgrade-discovery/xenial-to-bionic/runtime/deb-cache/46/a1/46a1197f601e7e73150c09058fbdb5735b24f3f776d45b02b613c46a1106f1cd
xenial-to-bionic	2026-08-31T11:05:55Z	GET	http://ap-northeast-2.ec2.archive.ubuntu.com/ubuntu/pool/main/f/friendly-recovery/friendly-recovery_0.2.38ubuntu1.2_all.deb	http://ap-northeast-2.ec2.archive.ubuntu.com/ubuntu/pool/main/f/friendly-recovery/friendly-recovery_0.2.38ubuntu1.2_all.deb	200	9012	b01f23ee6e600052a82c42c5614877f6372305f9616ec22272d5773449cb74ea	/home/aella/aws-discovery-xenial-bionic-retry2-20260831/upgrade-discovery/xenial-to-bionic/runtime/deb-cache/f6/28/f62843f442283030249a0a887264bf2b0454e5b96af28f42a489fa4c29c5f75d
xenial-to-bionic	2026-08-31T11:05:58Z	GET	http://ap-northeast-2.ec2.archive.ubuntu.com/ubuntu/pool/main/l/lvm2/lvm2_2.02.176-4.1ubuntu3.18.04.3_amd64.deb	http://ap-northeast-2.ec2.archive.ubuntu.com/ubuntu/pool/main/l/lvm2/lvm2_2.02.176-4.1ubuntu3.18.04.3_amd64.deb	200	928580	68de40c4fa8d4c2eaa5e80102ec008d09e7e8ef855305d8f3f6d396a3c53c7da	/home/aella/aws-discovery-xenial-bionic-retry2-20260831/upgrade-discovery/xenial-to-bionic/runtime/deb-cache/b6/20/b6207b974671b4174fb8d3caa71875a3c645f210c475ca1811b93e28aefe7b5a
xenial-to-bionic	2026-08-31T11:05:58Z	GET	http://ap-northeast-2.ec2.archive.ubuntu.com/ubuntu/pool/main/k/klibc/klibc-utils_2.0.4-9ubuntu2.2_amd64.deb	http://ap-northeast-2.ec2.archive.ubuntu.com/ubuntu/pool/main/k/klibc/klibc-utils_2.0.4-9ubuntu2.2_amd64.deb	200	110328	e25a79865c7124dbd99f1c6d2026642d20c2778f87294dddf00b8a9d4462bad1	/home/aella/aws-discovery-xenial-bionic-retry2-20260831/upgrade-discovery/xenial-to-bionic/runtime/deb-cache/01/f6/01f6f0470c4cd0f0e9fb17f2f3e31f21388f138bbea497c0b3fd5da51bca1e97
xenial-to-bionic	2026-08-31T11:05:58Z	GET	http://ap-northeast-2.ec2.archive.ubuntu.com/ubuntu/pool/main/i/initramfs-tools/initramfs-tools_0.130ubuntu3.13_all.deb	http://ap-northeast-2.ec2.archive.ubuntu.com/ubuntu/pool/main/i/initramfs-tools/initramfs-tools_0.130ubuntu3.13_all.deb	200	9608	a606f95797e18c55522fc2762be2ae40812b3b47b5b0baedbd70df446bdcb3cc	/home/aella/aws-discovery-xenial-bionic-retry2-20260831/upgrade-discovery/xenial-to-bionic/runtime/deb-cache/b1/1f/b11f3b7ffb953f281a8191e2abe1fbfa82d509289c8fcbf7bc69e0cacad64dcf
xenial-to-bionic	2026-08-31T11:05:59Z	GET	http://ap-northeast-2.ec2.archive.ubuntu.com/ubuntu/pool/main/i/initramfs-tools/initramfs-tools-core_0.130ubuntu3.13_all.deb	http://ap-northeast-2.ec2.archive.ubuntu.com/ubuntu/pool/main/i/initramfs-tools/initramfs-tools-core_0.130ubuntu3.13_all.deb	200	49032	78f01e5321cebbc40edf08ca280f0a34d96b632c15079ee2b607ff77a6fd1391	/home/aella/aws-discovery-xenial-bionic-retry2-20260831/upgrade-discovery/xenial-to-bionic/runtime/deb-cache/41/2a/412a649345ec1d66450fa30a19c5da54d3fa53d6e60ebc4d18cd64643fbb2ff4
xenial-to-bionic	2026-08-31T11:05:59Z	GET	http://ap-northeast-2.ec2.archive.ubuntu.com/ubuntu/pool/main/i/initramfs-tools/initramfs-tools-bin_0.130ubuntu3.13_amd64.deb	http://ap-northeast-2.ec2.archive.ubuntu.com/ubuntu/pool/main/i/initramfs-tools/initramfs-tools-bin_0.130ubuntu3.13_amd64.deb	200	10924	e9d0ae62fd062fd4161a9c16788408518cad6c01aa02233e562eea71e8447bec	/home/aella/aws-discovery-xenial-bionic-retry2-20260831/upgrade-discovery/xenial-to-bionic/runtime/deb-cache/5d/76/5d7601f67745f3c4684b02ab9c806a89bc744cd9dcf3f66895dacc15a11a6ed0
xenial-to-bionic	2026-08-31T11:06:00Z	GET	http://ap-northeast-2.ec2.archive.ubuntu.com/ubuntu/pool/main/k/klibc/libklibc_2.0.4-9ubuntu2.2_amd64.deb	http://ap-northeast-2.ec2.archive.ubuntu.com/ubuntu/pool/main/k/klibc/libklibc_2.0.4-9ubuntu2.2_amd64.deb	200	41820	05db19caafba94dced058e0c5d7bbd1fcb6e335a20030e0cae93503981d8c261	/home/aella/aws-discovery-xenial-bionic-retry2-20260831/upgrade-discovery/xenial-to-bionic/runtime/deb-cache/f6/7c/f67c03329b923dc8796837120df6005026d49ccaf5af355475ce5fe3b45b6b34
xenial-to-bionic	2026-08-31T11:06:00Z	GET	http://ap-northeast-2.ec2.archive.ubuntu.com/ubuntu/pool/main/c/cpio/cpio_2.12%2bdfsg-6ubuntu0.18.04.4_amd64.deb	http://ap-northeast-2.ec2.archive.ubuntu.com/ubuntu/pool/main/c/cpio/cpio_2.12%2bdfsg-6ubuntu0.18.04.4_amd64.deb	200	86404	0a720bdd184d6073331c1a206475ac2ec1146b07097fecc2159d66c5e0e4cf3a	/home/aella/aws-discovery-xenial-bionic-retry2-20260831/upgrade-discovery/xenial-to-bionic/runtime/deb-cache/e3/a0/e3a0e27ea3b5e77e6f3f61c2e1dddb474401cbdbb1a8c4f3f78414e881261143
xenial-to-bionic	2026-08-31T11:06:00Z	GET	http://ap-northeast-2.ec2.archive.ubuntu.com/ubuntu/pool/main/b/bind9/libisc-export169_9.11.3%2bdfsg-1ubuntu1.18_amd64.deb	http://ap-northeast-2.ec2.archive.ubuntu.com/ubuntu/pool/main/b/bind9/libisc-export169_9.11.3%2bdfsg-1ubuntu1.18_amd64.deb	200	163212	de7e12ea9b4430974bf57563420a48b8b772eb2da9fc65288d8b72433c0127bb	/home/aella/aws-discovery-xenial-bionic-retry2-20260831/upgrade-discovery/xenial-to-bionic/runtime/deb-cache/ba/16/ba16d803a3a6e5e515c3995ce290da104a375bc9f6953fef1f96401e0a217e07
xenial-to-bionic	2026-08-31T11:06:00Z	GET	http://ap-northeast-2.ec2.archive.ubuntu.com/ubuntu/pool/main/b/bind9/libdns-export1100_9.11.3%2bdfsg-1ubuntu1.18_amd64.deb	http://ap-northeast-2.ec2.archive.ubuntu.com/ubuntu/pool/main/b/bind9/libdns-export1100_9.11.3%2bdfsg-1ubuntu1.18_amd64.deb	200	748752	886a9fd2031897c64a4a99d13e370637bf5cc04201fe94e114c3249b1f15b698	/home/aella/aws-discovery-xenial-bionic-retry2-20260831/upgrade-discovery/xenial-to-bionic/runtime/deb-cache/7b/9b/7b9b45cc42e420dd28993be1e7140398a6eaa6465ca11b856cc3977786ce5f60
xenial-to-bionic	2026-08-31T11:06:00Z	GET	http://ap-northeast-2.ec2.archive.ubuntu.com/ubuntu/pool/main/e/elfutils/libelf1_0.170-0.4ubuntu0.1_amd64.deb	http://ap-northeast-2.ec2.archive.ubuntu.com/ubuntu/pool/main/e/elfutils/libelf1_0.170-0.4ubuntu0.1_amd64.deb	200	44796	93d6cf79756f6b1d9649b6dd4dace71f09ce8f9d88597fdf740a02d2c0250907	/home/aella/aws-discovery-xenial-bionic-retry2-20260831/upgrade-discovery/xenial-to-bionic/runtime/deb-cache/a3/10/a310f218472af2575799078762448a5735ecd913b6881d4467a4e158694e7ab1
xenial-to-bionic	2026-08-31T11:06:00Z	GET	http://ap-northeast-2.ec2.archive.ubuntu.com/ubuntu/pool/main/libm/libmnl/libmnl0_1.0.4-2_amd64.deb	http://ap-northeast-2.ec2.archive.ubuntu.com/ubuntu/pool/main/libm/libmnl/libmnl0_1.0.4-2_amd64.deb	200	12260	b0e446accd3884d6b87994170e2c9c4867299f922c6fffe1d1e7861d241f8b5c	/home/aella/aws-discovery-xenial-bionic-retry2-20260831/upgrade-discovery/xenial-to-bionic/runtime/deb-cache/be/0c/be0cc582f9abdc0357862393898fff791e42628f024a94f861d8bee8d6bc0bfe
xenial-to-bionic	2026-08-31T11:06:00Z	GET	http://ap-northeast-2.ec2.archive.ubuntu.com/ubuntu/pool/main/i/iproute2/iproute2_4.15.0-2ubuntu1.3_amd64.deb	http://ap-northeast-2.ec2.archive.ubuntu.com/ubuntu/pool/main/i/iproute2/iproute2_4.15.0-2ubuntu1.3_amd64.deb	200	721448	17f68215581a7c76bb41b1dd852148dcceec8285065545863e681d4b18d218b5	/home/aella/aws-discovery-xenial-bionic-retry2-20260831/upgrade-discovery/xenial-to-bionic/runtime/deb-cache/72/9b/729b2c5b3f8d128ee71ae855b776d46704df607fb7a566631e1c2d35ff9d8368
xenial-to-bionic	2026-08-31T11:06:00Z	GET	http://ap-northeast-2.ec2.archive.ubuntu.com/ubuntu/pool/main/n/newt/python3-newt_0.52.20-1ubuntu1_amd64.deb	http://ap-northeast-2.ec2.archive.ubuntu.com/ubuntu/pool/main/n/newt/python3-newt_0.52.20-1ubuntu1_amd64.deb	200	19012	dbbc8463e1926f492aa33cdf50ab45254ce937a84588a0dce0a85916e2f08043	/home/aella/aws-discovery-xenial-bionic-retry2-20260831/upgrade-discovery/xenial-to-bionic/runtime/deb-cache/ba/a4/baa49a952973ba4822c62f07a5e41e289ebc04ee0e41bf48ba8d6b300f35a069
xenial-to-bionic	2026-08-31T11:06:00Z	GET	http://ap-northeast-2.ec2.archive.ubuntu.com/ubuntu/pool/main/s/slang2/libslang2_2.3.1a-3ubuntu1_amd64.deb	http://ap-northeast-2.ec2.archive.ubuntu.com/ubuntu/pool/main/s/slang2/libslang2_2.3.1a-3ubuntu1_amd64.deb	200	423640	f0c143c0a008dbe3a4a80f2beccf677caf481c407894be6a21967103b0aedafb	/home/aella/aws-discovery-xenial-bionic-retry2-20260831/upgrade-discovery/xenial-to-bionic/runtime/deb-cache/c4/48/c4483b7597e7ed130ed09c5f763ccb824058be031a1015b066d6cc230ade9587
xenial-to-bionic	2026-08-31T11:06:00Z	GET	http://ap-northeast-2.ec2.archive.ubuntu.com/ubuntu/pool/main/n/newt/libnewt0.52_0.52.20-1ubuntu1_amd64.deb	http://ap-northeast-2.ec2.archive.ubuntu.com/ubuntu/pool/main/n/newt/libnewt0.52_0.52.20-1ubuntu1_amd64.deb	200	40576	3cbef00ed5b720b98eac1abebc199ef6799bc445311a3f951a9cfcc21ac8fe8c	/home/aella/aws-discovery-xenial-bionic-retry2-20260831/upgrade-discovery/xenial-to-bionic/runtime/deb-cache/aa/15/aa1512bd2b403ba62bec4502959ddb97f684146d1304150326a71d43942c082d
xenial-to-bionic	2026-08-31T11:06:00Z	GET	http://ap-northeast-2.ec2.archive.ubuntu.com/ubuntu/pool/main/n/newt/whiptail_0.52.20-1ubuntu1_amd64.deb	http://ap-northeast-2.ec2.archive.ubuntu.com/ubuntu/pool/main/n/newt/whiptail_0.52.20-1ubuntu1_amd64.deb	200	16588	21fd40003dacb1ba83da389c696fa30a4a0be6a5a44549c5b1df9873e1f8115e	/home/aella/aws-discovery-xenial-bionic-retry2-20260831/upgrade-discovery/xenial-to-bionic/runtime/deb-cache/0d/85/0d85b8e0ccc99c27810f3e0aa532b07c265aaeddbe8029f52fb54dd586c556ae
xenial-to-bionic	2026-08-31T11:06:01Z	GET	http://ap-northeast-2.ec2.archive.ubuntu.com/ubuntu/pool/main/l/lvm2/libdevmapper-event1.02.1_1.02.145-4.1ubuntu3.18.04.3_amd64.deb	http://ap-northeast-2.ec2.archive.ubuntu.com/ubuntu/pool/main/l/lvm2/libdevmapper-event1.02.1_1.02.145-4.1ubuntu3.18.04.3_amd64.deb	200	10900	54e018acbccac9df17d27cfa7c00c8168b9f8f2d441f40fd282a3425b550f0c4	/home/aella/aws-discovery-xenial-bionic-retry2-20260831/upgrade-discovery/xenial-to-bionic/runtime/deb-cache/0f/4b/0f4bc8a56601c617755a9f6d32e3d5b574c5fef88fefca89da19a353be28d1cf
xenial-to-bionic	2026-08-31T11:06:01Z	GET	http://ap-northeast-2.ec2.archive.ubuntu.com/ubuntu/pool/main/l/lvm2/liblvm2app2.2_2.02.176-4.1ubuntu3.18.04.3_amd64.deb	http://ap-northeast-2.ec2.archive.ubuntu.com/ubuntu/pool/main/l/lvm2/liblvm2app2.2_2.02.176-4.1ubuntu3.18.04.3_amd64.deb	200	432108	017e82afd7d5dec5f4caf166f1a2379675444d19310b7ef557240ee110fdc4a8	/home/aella/aws-discovery-xenial-bionic-retry2-20260831/upgrade-discovery/xenial-to-bionic/runtime/deb-cache/0f/97/0f974e9ae642c97fee862ad1a7ca80b7937075e97105de8da15f6ec34fa7532e
xenial-to-bionic	2026-08-31T11:06:02Z	GET	http://ap-northeast-2.ec2.archive.ubuntu.com/ubuntu/pool/main/l/lvm2/dmsetup_1.02.145-4.1ubuntu3.18.04.3_amd64.deb	http://ap-northeast-2.ec2.archive.ubuntu.com/ubuntu/pool/main/l/lvm2/dmsetup_1.02.145-4.1ubuntu3.18.04.3_amd64.deb	200	74416	3555b0a7fd3bdaa59207a47077bc748d444077e78fde9ebd1826c0ca141c7547	/home/aella/aws-discovery-xenial-bionic-retry2-20260831/upgrade-discovery/xenial-to-bionic/runtime/deb-cache/1d/c1/1dc1a72b406afddc1c0af2d433121bd0630cadd13eb4c1c32265ba9bb768d824
xenial-to-bionic	2026-08-31T11:06:04Z	GET	http://ap-northeast-2.ec2.archive.ubuntu.com/ubuntu/pool/main/l/lvm2/liblvm2cmd2.02_2.02.176-4.1ubuntu3.18.04.3_amd64.deb	http://ap-northeast-2.ec2.archive.ubuntu.com/ubuntu/pool/main/l/lvm2/liblvm2cmd2.02_2.02.176-4.1ubuntu3.18.04.3_amd64.deb	200	584272	df9e6d93cfb178da12e81e361633de195067ea7e4d7e34f5a57b01cc75e6baf7	/home/aella/aws-discovery-xenial-bionic-retry2-20260831/upgrade-discovery/xenial-to-bionic/runtime/deb-cache/5c/9b/5c9b9eebd240db120af2edc6bdfa553632636086fcd5e1b2dac216df85112710
xenial-to-bionic	2026-08-31T11:06:04Z	GET	http://ap-northeast-2.ec2.archive.ubuntu.com/ubuntu/pool/main/l/lvm2/dmeventd_1.02.145-4.1ubuntu3.18.04.3_amd64.deb	http://ap-northeast-2.ec2.archive.ubuntu.com/ubuntu/pool/main/l/lvm2/dmeventd_1.02.145-4.1ubuntu3.18.04.3_amd64.deb	200	30376	cf15468a9a593feec8acb52e20af49eb72e68d180d42938c86f6bac88778c622	/home/aella/aws-discovery-xenial-bionic-retry2-20260831/upgrade-discovery/xenial-to-bionic/runtime/deb-cache/9e/9c/9e9cc8ebbdf0bfbd79891980dbce5cec029e011b6016a697ef608f2a2d9cb1ef
xenial-to-bionic	2026-08-31T11:06:04Z	GET	http://ap-northeast-2.ec2.archive.ubuntu.com/ubuntu/pool/main/l/linux-base/linux-base_4.5ubuntu1.7_all.deb	http://ap-northeast-2.ec2.archive.ubuntu.com/ubuntu/pool/main/l/linux-base/linux-base_4.5ubuntu1.7_all.deb	200	17864	d4ec27ae2e8ce18eb2c408292fb94fcfed7a3cd444a7db3d1f32b72bb18047d0	/home/aella/aws-discovery-xenial-bionic-retry2-20260831/upgrade-discovery/xenial-to-bionic/runtime/deb-cache/a6/63/a663b6d4e7b1a6a54799089f528fcecec284ebab7cc6cca2b70899eaff5799ec
xenial-to-bionic	2026-08-31T11:06:04Z	GET	http://ap-northeast-2.ec2.archive.ubuntu.com/ubuntu/pool/main/s/systemd/systemd-sysv_237-3ubuntu10.57_amd64.deb	http://ap-northeast-2.ec2.archive.ubuntu.com/ubuntu/pool/main/s/systemd/systemd-sysv_237-3ubuntu10.57_amd64.deb	200	11768	0de021f5995e4a9a0365f86aa9132feade4d67f1559cb396e0052d32564e72de	/home/aella/aws-discovery-xenial-bionic-retry2-20260831/upgrade-discovery/xenial-to-bionic/runtime/deb-cache/17/74/1774cfbe91fe9346cae5826052a45aef26b94a277cfcd5d7a10c997bf7fe84d1
xenial-to-bionic	2026-08-31T11:06:06Z	GET	http://ap-northeast-2.ec2.archive.ubuntu.com/ubuntu/pool/main/k/kbd/kbd_2.0.4-2ubuntu1_amd64.deb	http://ap-northeast-2.ec2.archive.ubuntu.com/ubuntu/pool/main/k/kbd/kbd_2.0.4-2ubuntu1_amd64.deb	200	214628	1b9fcb80f32b6afea10ca0b9cf31742aef2afe7f34f352c56bc7b92f17aade34	/home/aella/aws-discovery-xenial-bionic-retry2-20260831/upgrade-discovery/xenial-to-bionic/runtime/deb-cache/b5/b5/b5b5bcfc88f90d69beb96e08a1f3d38168f06d993de965abf8351cb958715648
xenial-to-bionic	2026-08-31T11:06:06Z	GET	http://ap-northeast-2.ec2.archive.ubuntu.com/ubuntu/pool/main/c/console-setup/console-setup_1.178ubuntu2.9_all.deb	http://ap-northeast-2.ec2.archive.ubuntu.com/ubuntu/pool/main/c/console-setup/console-setup_1.178ubuntu2.9_all.deb	200	104584	413b6cb6e062cf7e4ba3408ef3dc815ee296db5286ef77ee51e2e6ec99bf88b0	/home/aella/aws-discovery-xenial-bionic-retry2-20260831/upgrade-discovery/xenial-to-bionic/runtime/deb-cache/0e/8f/0e8f350927a829f3f340865848a76ddcc8eca36a8ef485ed3098b7fdbf93b978
xenial-to-bionic	2026-08-31T11:06:06Z	GET	http://ap-northeast-2.ec2.archive.ubuntu.com/ubuntu/pool/main/c/console-setup/keyboard-configuration_1.178ubuntu2.9_all.deb	http://ap-northeast-2.ec2.archive.ubuntu.com/ubuntu/pool/main/c/console-setup/keyboard-configuration_1.178ubuntu2.9_all.deb	200	369192	14a5e5ff8660142ebf7f237c150bc942ff18d471e1d5f5331dcb93e3f6356eaa	/home/aella/aws-discovery-xenial-bionic-retry2-20260831/upgrade-discovery/xenial-to-bionic/runtime/deb-cache/e0/90/e09015ffd9dd063a6d0529996c69b432d97df76dcbd52fd8087c7b29c6941771
xenial-to-bionic	2026-08-31T11:06:06Z	GET	http://ap-northeast-2.ec2.archive.ubuntu.com/ubuntu/pool/main/c/console-setup/console-setup-linux_1.178ubuntu2.9_all.deb	http://ap-northeast-2.ec2.archive.ubuntu.com/ubuntu/pool/main/c/console-setup/console-setup-linux_1.178ubuntu2.9_all.deb	200	982176	e72238b9ee38287d0791ec94214c4e3392099992ac5de429a2a8bf93c94034d4	/home/aella/aws-discovery-xenial-bionic-retry2-20260831/upgrade-discovery/xenial-to-bionic/runtime/deb-cache/cc/c5/ccc5afcd852afb6d5473c2cc457aa5710da571f2fa1be35dd61e30abdd9d8b85
xenial-to-bionic	2026-08-31T11:06:08Z	GET	http://ap-northeast-2.ec2.archive.ubuntu.com/ubuntu/pool/main/x/xkeyboard-config/xkb-data_2.23.1-1ubuntu1.18.04.1_all.deb	http://ap-northeast-2.ec2.archive.ubuntu.com/ubuntu/pool/main/x/xkeyboard-config/xkb-data_2.23.1-1ubuntu1.18.04.1_all.deb	200	325344	762e4f19a2530d33528b08338c646801c77ea58563503ab6cf4b00404a9bc63f	/home/aella/aws-discovery-xenial-bionic-retry2-20260831/upgrade-discovery/xenial-to-bionic/runtime/deb-cache/f2/d8/f2d81308d0825aca1b08cf4ad6f738934f9a208a06a529d606596f95c8c089c9
xenial-to-bionic	2026-08-31T11:06:08Z	GET	http://ap-northeast-2.ec2.archive.ubuntu.com/ubuntu/pool/main/l/lsb/lsb-base_9.20170808ubuntu1_all.deb	http://ap-northeast-2.ec2.archive.ubuntu.com/ubuntu/pool/main/l/lsb/lsb-base_9.20170808ubuntu1_all.deb	200	12460	fc5414daefad5c2eecb490979063f7856b300fb51dc911485663b4a5067b8aa8	/home/aella/aws-discovery-xenial-bionic-retry2-20260831/upgrade-discovery/xenial-to-bionic/runtime/deb-cache/91/77/9177c2d04ea2a7ae3564290c220cbd5b302ab844a32f726f8373fa1b5e18ce1c
xenial-to-bionic	2026-08-31T11:06:08Z	GET	http://ap-northeast-2.ec2.archive.ubuntu.com/ubuntu/pool/main/r/readline/readline-common_7.0-3_all.deb	http://ap-northeast-2.ec2.archive.ubuntu.com/ubuntu/pool/main/r/readline/readline-common_7.0-3_all.deb	200	52856	84cb3642c82114496d2fc17011db13655bd661cf4641098c03c168ddde367908	/home/aella/aws-discovery-xenial-bionic-retry2-20260831/upgrade-discovery/xenial-to-bionic/runtime/deb-cache/1a/83/1a83b4423fc923cfde78b300057778986c24ace93ce08c17b741589ac738cfbb
xenial-to-bionic	2026-08-31T11:06:08Z	GET	http://ap-northeast-2.ec2.archive.ubuntu.com/ubuntu/pool/main/m/mime-support/mime-support_3.60ubuntu1_all.deb	http://ap-northeast-2.ec2.archive.ubuntu.com/ubuntu/pool/main/m/mime-support/mime-support_3.60ubuntu1_all.deb	200	30126	98e05aa03538c5f182ed14cbb59cfe64b30592d77e602abd2442a9f1c72532b3	/home/aella/aws-discovery-xenial-bionic-retry2-20260831/upgrade-discovery/xenial-to-bionic/runtime/deb-cache/99/6a/996a0a267a4982b57fd09417b4d207570c0a6394e36b58cac7030cd63c1fa1e4
xenial-to-bionic	2026-08-31T11:06:08Z	GET	http://ap-northeast-2.ec2.archive.ubuntu.com/ubuntu/pool/main/o/openssl/openssl_1.1.1-1ubuntu2.1%7e18.04.23_amd64.deb	http://ap-northeast-2.ec2.archive.ubuntu.com/ubuntu/pool/main/o/openssl/openssl_1.1.1-1ubuntu2.1%7e18.04.23_amd64.deb	200	613880	859c21a32a5101cb151d560333d79a1bc3b66fd22f7c68d16b64365910f33c5e	/home/aella/aws-discovery-xenial-bionic-retry2-20260831/upgrade-discovery/xenial-to-bionic/runtime/deb-cache/82/e7/82e709c4e8c9351bbeeb61c8de1999e96f9319d3a1d92e1547e578ca9c4bc645
xenial-to-bionic	2026-08-31T11:06:08Z	GET	http://ap-northeast-2.ec2.archive.ubuntu.com/ubuntu/pool/main/c/ca-certificates/ca-certificates_20230311ubuntu0.18.04.1_all.deb	http://ap-northeast-2.ec2.archive.ubuntu.com/ubuntu/pool/main/c/ca-certificates/ca-certificates_20230311ubuntu0.18.04.1_all.deb	200	150728	ebab7dae205c7ad4a6d12cada2b611896ebc0d8b0477d96d2659b9959e5f4703	/home/aella/aws-discovery-xenial-bionic-retry2-20260831/upgrade-discovery/xenial-to-bionic/runtime/deb-cache/29/30/2930c86416dcec8fa04794998be3329caa590fc1d898b5a3054ed2a81b3c9f63
xenial-to-bionic	2026-08-31T11:06:08Z	GET	http://ap-northeast-2.ec2.archive.ubuntu.com/ubuntu/pool/main/p/python3.6/libpython3.6-minimal_3.6.9-1%7e18.04ubuntu1.12_amd64.deb	http://ap-northeast-2.ec2.archive.ubuntu.com/ubuntu/pool/main/p/python3.6/libpython3.6-minimal_3.6.9-1%7e18.04ubuntu1.12_amd64.deb	200	533052	b6cf05fd4bbf9f3534284a8617e8fb561f1d810bb28e31c2b99e6b05c09dd223	/home/aella/aws-discovery-xenial-bionic-retry2-20260831/upgrade-discovery/xenial-to-bionic/runtime/deb-cache/62/89/62894e01b4f70d80a8160e86ec4cf44480b1eef30cfcdd4c26b35d07e468a79e
xenial-to-bionic	2026-08-31T11:06:08Z	GET	http://ap-northeast-2.ec2.archive.ubuntu.com/ubuntu/pool/main/p/python3.6/python3.6-minimal_3.6.9-1%7e18.04ubuntu1.12_amd64.deb	http://ap-northeast-2.ec2.archive.ubuntu.com/ubuntu/pool/main/p/python3.6/python3.6-minimal_3.6.9-1%7e18.04ubuntu1.12_amd64.deb	200	1609256	c3667fc0122006d01167533c100461a8325646beecd007b33ccb4949a460302f	/home/aella/aws-discovery-xenial-bionic-retry2-20260831/upgrade-discovery/xenial-to-bionic/runtime/deb-cache/3c/db/3cdb253c6134d4d0e02cffdc79e38b867cc1e01e1baf8e94f604186a9166476e
xenial-to-bionic	2026-08-31T11:06:08Z	GET	http://ap-northeast-2.ec2.archive.ubuntu.com/ubuntu/pool/main/d/dh-python/dh-python_3.20180325ubuntu2_all.deb	http://ap-northeast-2.ec2.archive.ubuntu.com/ubuntu/pool/main/d/dh-python/dh-python_3.20180325ubuntu2_all.deb	200	89244	fdb04c16cbf229b976eae2b9c4c5c488d8d34b8a8d4fbf4555ab15898ac06161	/home/aella/aws-discovery-xenial-bionic-retry2-20260831/upgrade-discovery/xenial-to-bionic/runtime/deb-cache/be/14/be14954aecd8eed147439727b41912159c81d0438f92fc775a102b2ac95cc437
xenial-to-bionic	2026-08-31T11:06:08Z	GET	http://ap-northeast-2.ec2.archive.ubuntu.com/ubuntu/pool/main/p/python3-stdlib-extensions/python3-gdbm_3.6.9-1%7e18.04_amd64.deb	http://ap-northeast-2.ec2.archive.ubuntu.com/ubuntu/pool/main/p/python3-stdlib-extensions/python3-gdbm_3.6.9-1%7e18.04_amd64.deb	200	17848	0566ebc626fd48c2658bd51fa19e684a4ccf052094870d8568d51d63d67343a6	/home/aella/aws-discovery-xenial-bionic-retry2-20260831/upgrade-discovery/xenial-to-bionic/runtime/deb-cache/d5/69/d5695675a4c7a004373f4c36d30d6c93cc895dcecb491b452f4c7a545f42d5e1
xenial-to-bionic	2026-08-31T11:06:09Z	GET	http://ap-northeast-2.ec2.archive.ubuntu.com/ubuntu/pool/main/p/python-systemd/python3-systemd_234-1build1_amd64.deb	http://ap-northeast-2.ec2.archive.ubuntu.com/ubuntu/pool/main/p/python-systemd/python3-systemd_234-1build1_amd64.deb	200	36112	e0f3049fdf1e7a829db34f1815b00a3e4c41b54cdb1ad52a9df4dcb0241a81d7	/home/aella/aws-discovery-xenial-bionic-retry2-20260831/upgrade-discovery/xenial-to-bionic/runtime/deb-cache/a1/55/a1555d72783b71da36afc13372c532b4750ea57a9bd961f36ac7af1ad0f314fd
xenial-to-bionic	2026-08-31T11:06:09Z	GET	http://ap-northeast-2.ec2.archive.ubuntu.com/ubuntu/pool/main/m/markupsafe/python3-markupsafe_1.0-1build1_amd64.deb	http://ap-northeast-2.ec2.archive.ubuntu.com/ubuntu/pool/main/m/markupsafe/python3-markupsafe_1.0-1build1_amd64.deb	200	13492	ff96a9900df192e718262fc12ccb0822b86c8f86acc7e5604d7a4033e8ec4847	/home/aella/aws-discovery-xenial-bionic-retry2-20260831/upgrade-discovery/xenial-to-bionic/runtime/deb-cache/53/1d/531d984e5fb88dac85074929f3a603419383827f07ae1864788cc045612b1054
xenial-to-bionic	2026-08-31T11:06:09Z	GET	http://ap-northeast-2.ec2.archive.ubuntu.com/ubuntu/pool/main/p/pygobject/python3-gi_3.26.1-2ubuntu1_amd64.deb	http://ap-northeast-2.ec2.archive.ubuntu.com/ubuntu/pool/main/p/pygobject/python3-gi_3.26.1-2ubuntu1_amd64.deb	200	153080	3e7771eb3acb2e8b98f34f839f046e0c3382c3b115c6f4afc991bf801f0531ed	/home/aella/aws-discovery-xenial-bionic-retry2-20260831/upgrade-discovery/xenial-to-bionic/runtime/deb-cache/05/11/0511aa238feb80e65a0e41cec221483dc261641455f1066b0481bf5ddcc335e4
xenial-to-bionic	2026-08-31T11:06:09Z	GET	http://ap-northeast-2.ec2.archive.ubuntu.com/ubuntu/pool/main/p/python-cffi/python3-cffi-backend_1.11.5-1_amd64.deb	http://ap-northeast-2.ec2.archive.ubuntu.com/ubuntu/pool/main/p/python-cffi/python3-cffi-backend_1.11.5-1_amd64.deb	200	64552	51c2719d7c340563e36066c9d267542caf1d7eb418c24b8cbd8ddcd88e85a691	/home/aella/aws-discovery-xenial-bionic-retry2-20260831/upgrade-discovery/xenial-to-bionic/runtime/deb-cache/12/d9/12d9a0861f62e91010d154cc8ee8a3d8ee634dc96a58ee892999b84a40670e7f
xenial-to-bionic	2026-08-31T11:06:09Z	GET	http://ap-northeast-2.ec2.archive.ubuntu.com/ubuntu/pool/main/d/dbus-python/python3-dbus_1.2.6-1_amd64.deb	http://ap-northeast-2.ec2.archive.ubuntu.com/ubuntu/pool/main/d/dbus-python/python3-dbus_1.2.6-1_amd64.deb	200	89872	47f7bb0fe28baabb97982388bed7e8ebe4a9a59caa3c0184d47c52711f61f2e0	/home/aella/aws-discovery-xenial-bionic-retry2-20260831/upgrade-discovery/xenial-to-bionic/runtime/deb-cache/bb/22/bb22890f2b4ebb3333e1f9a3df196a79526c7380c68df96b17952bda4143c9c9
xenial-to-bionic	2026-08-31T11:06:09Z	GET	http://ap-northeast-2.ec2.archive.ubuntu.com/ubuntu/pool/main/p/python-apt/python3-apt_1.6.6_amd64.deb	http://ap-northeast-2.ec2.archive.ubuntu.com/ubuntu/pool/main/p/python-apt/python3-apt_1.6.6_amd64.deb	200	149284	c3c5779ae1efc37bcee3b3e7b1274c888f684da4f35223fde35381c01f31f529	/home/aella/aws-discovery-xenial-bionic-retry2-20260831/upgrade-discovery/xenial-to-bionic/runtime/deb-cache/50/5f/505fe2a1591d23c7013e9fbd26284c59b7e8af0a7ebb8173f660b029b1578e9e
xenial-to-bionic	2026-08-31T11:06:09Z	GET	http://ap-northeast-2.ec2.archive.ubuntu.com/ubuntu/pool/main/p/pycurl/python3-pycurl_7.43.0.1-0.2_amd64.deb	http://ap-northeast-2.ec2.archive.ubuntu.com/ubuntu/pool/main/p/pycurl/python3-pycurl_7.43.0.1-0.2_amd64.deb	200	42520	00d8e9aac8874ccccffb560b5f6ca90908dfbf89d45a9979b1ef6f43a72d17ff	/home/aella/aws-discovery-xenial-bionic-retry2-20260831/upgrade-discovery/xenial-to-bionic/runtime/deb-cache/0d/bf/0dbf1a6d51867dbd3eb6447eae5dca05b5c3a60a2366e1b4a26718fa5401f6d1
xenial-to-bionic	2026-08-31T11:06:10Z	GET	http://ap-northeast-2.ec2.archive.ubuntu.com/ubuntu/pool/main/p/pyyaml/python3-yaml_3.12-1build2_amd64.deb	http://ap-northeast-2.ec2.archive.ubuntu.com/ubuntu/pool/main/p/pyyaml/python3-yaml_3.12-1build2_amd64.deb	200	109068	6c893d278b4e5a4a02289633c1867cd64ae33fa9ce31b351d2b8e6c63f7d8449	/home/aella/aws-discovery-xenial-bionic-retry2-20260831/upgrade-discovery/xenial-to-bionic/runtime/deb-cache/e9/18/e918670b0ad9c21bc6513220b72e2254009f75bc46efdf1e7aa18602dd53bfbe
xenial-to-bionic	2026-08-31T11:06:10Z	GET	http://ap-northeast-2.ec2.archive.ubuntu.com/ubuntu/pool/main/p/python-cryptography/python3-cryptography_2.1.4-1ubuntu1.4_amd64.deb	http://ap-northeast-2.ec2.archive.ubuntu.com/ubuntu/pool/main/p/python-cryptography/python3-cryptography_2.1.4-1ubuntu1.4_amd64.deb	200	220380	96095f5fd364e49939115cae0376c9a7bf95d5cb7cbc488eae494dff02c71efc	/home/aella/aws-discovery-xenial-bionic-retry2-20260831/upgrade-discovery/xenial-to-bionic/runtime/deb-cache/0c/d6/0cd6c38e3686c9358e4ad36db821fccdc9cf479728314892ed90a03c12db426e
xenial-to-bionic	2026-08-31T11:06:10Z	GET	http://ap-northeast-2.ec2.archive.ubuntu.com/ubuntu/pool/main/p/python3-defaults/python3-minimal_3.6.7-1%7e18.04_amd64.deb	http://ap-northeast-2.ec2.archive.ubuntu.com/ubuntu/pool/main/p/python3-defaults/python3-minimal_3.6.7-1%7e18.04_amd64.deb	200	23728	5a535025423b658181d50e8af9f376aae6fd85efaa6931ae148554788912774d	/home/aella/aws-discovery-xenial-bionic-retry2-20260831/upgrade-discovery/xenial-to-bionic/runtime/deb-cache/38/6b/386be0ad678b47b308b2454a6468201fc04d1195d6f669e61c96fe4c79089a04
xenial-to-bionic	2026-08-31T11:06:11Z	GET	http://ap-northeast-2.ec2.archive.ubuntu.com/ubuntu/pool/main/p/python3-defaults/python3_3.6.7-1%7e18.04_amd64.deb	http://ap-northeast-2.ec2.archive.ubuntu.com/ubuntu/pool/main/p/python3-defaults/python3_3.6.7-1%7e18.04_amd64.deb	200	47248	6823addff8bc3d89115512ba786e929ff6c072c4eaedcfc89d6ba6a450ac4902	/home/aella/aws-discovery-xenial-bionic-retry2-20260831/upgrade-discovery/xenial-to-bionic/runtime/deb-cache/a3/23/a32344ec57fd40ad8047d19ebba39b118ca40470fcd370d4578885cecc967276
xenial-to-bionic	2026-08-31T11:06:11Z	GET	http://ap-northeast-2.ec2.archive.ubuntu.com/ubuntu/pool/main/m/mpdecimal/libmpdec2_2.4.2-1ubuntu1_amd64.deb	http://ap-northeast-2.ec2.archive.ubuntu.com/ubuntu/pool/main/m/mpdecimal/libmpdec2_2.4.2-1ubuntu1_amd64.deb	200	84060	2962dbb81413ad47fee589bb6663589e38b84d80b4d55d8019f0b305025c5eb6	/home/aella/aws-discovery-xenial-bionic-retry2-20260831/upgrade-discovery/xenial-to-bionic/runtime/deb-cache/ec/d3/ecd37ea0e9d916f019d64f934d66d4a47d3554bba1c743056c8a1a570d1bffde
xenial-to-bionic	2026-08-31T11:06:11Z	GET	http://ap-northeast-2.ec2.archive.ubuntu.com/ubuntu/pool/main/p/python3.6/libpython3.6-stdlib_3.6.9-1%7e18.04ubuntu1.12_amd64.deb	http://ap-northeast-2.ec2.archive.ubuntu.com/ubuntu/pool/main/p/python3.6/libpython3.6-stdlib_3.6.9-1%7e18.04ubuntu1.12_amd64.deb	200	1712736	93b8849a7c3099090c79042bcd4d61925c3a05826d91b4ba884fcd0d8157c291	/home/aella/aws-discovery-xenial-bionic-retry2-20260831/upgrade-discovery/xenial-to-bionic/runtime/deb-cache/9b/25/9b25337c506adcb16f5aa75d85220d4b7edf1bb722b96e162a5180a37f20ac2e
xenial-to-bionic	2026-08-31T11:06:11Z	GET	http://ap-northeast-2.ec2.archive.ubuntu.com/ubuntu/pool/main/p/python3.6/python3.6_3.6.9-1%7e18.04ubuntu1.12_amd64.deb	http://ap-northeast-2.ec2.archive.ubuntu.com/ubuntu/pool/main/p/python3.6/python3.6_3.6.9-1%7e18.04ubuntu1.12_amd64.deb	200	202776	e09795811e40bf1c93f82c985917af5cd0837892f8e5cfa073c5414ef1cc2ca0	/home/aella/aws-discovery-xenial-bionic-retry2-20260831/upgrade-discovery/xenial-to-bionic/runtime/deb-cache/90/14/901467fa84c248b5bfcadbccb3a271bec3c77967c9dad91ceebfa830a4696e08
xenial-to-bionic	2026-08-31T11:06:11Z	GET	http://ap-northeast-2.ec2.archive.ubuntu.com/ubuntu/pool/main/p/python3-defaults/libpython3-stdlib_3.6.7-1%7e18.04_amd64.deb	http://ap-northeast-2.ec2.archive.ubuntu.com/ubuntu/pool/main/p/python3-defaults/libpython3-stdlib_3.6.7-1%7e18.04_amd64.deb	200	7240	34f8ea2689b6744a603758154d5c2c25deb25e4d7282ed972738bfe0684b4f26	/home/aella/aws-discovery-xenial-bionic-retry2-20260831/upgrade-discovery/xenial-to-bionic/runtime/deb-cache/fb/09/fb0953e8523278eb68d5c27e4eb360b4ec687928a7f92dcf425a38c55172330a
xenial-to-bionic	2026-08-31T11:06:11Z	GET	http://ap-northeast-2.ec2.archive.ubuntu.com/ubuntu/pool/main/p/python3-stdlib-extensions/python3-lib2to3_3.6.9-1%7e18.04_all.deb	http://ap-northeast-2.ec2.archive.ubuntu.com/ubuntu/pool/main/p/python3-stdlib-extensions/python3-lib2to3_3.6.9-1%7e18.04_all.deb	200	77444	3d20a1a4e5bfa53de66e06a293465855d113a633dac6fdeea3bd3f81f032e9fd	/home/aella/aws-discovery-xenial-bionic-retry2-20260831/upgrade-discovery/xenial-to-bionic/runtime/deb-cache/ad/66/ad6603f69fb7ec93ba201d0037bbe82c9b8f2f08eac3104a3f1c36539a8c9991
xenial-to-bionic	2026-08-31T11:06:11Z	GET	http://ap-northeast-2.ec2.archive.ubuntu.com/ubuntu/pool/main/p/python3-stdlib-extensions/python3-distutils_3.6.9-1%7e18.04_all.deb	http://ap-northeast-2.ec2.archive.ubuntu.com/ubuntu/pool/main/p/python3-stdlib-extensions/python3-distutils_3.6.9-1%7e18.04_all.deb	200	144176	f836b1e22923fa175c1968b9dbd916ae5639c9250e21bcfb88f9df2dc289f65c	/home/aella/aws-discovery-xenial-bionic-retry2-20260831/upgrade-discovery/xenial-to-bionic/runtime/deb-cache/78/21/7821f16a54baa7363d9cba0201a45233957ebecfcc9ba9a31ca6f009d7240eda
xenial-to-bionic	2026-08-31T11:06:11Z	GET	http://ap-northeast-2.ec2.archive.ubuntu.com/ubuntu/pool/main/g/glib2.0/libglib2.0-0_2.56.4-0ubuntu0.18.04.9_amd64.deb	http://ap-northeast-2.ec2.archive.ubuntu.com/ubuntu/pool/main/g/glib2.0/libglib2.0-0_2.56.4-0ubuntu0.18.04.9_amd64.deb	200	1168948	0f629a40a5ea5e73195365c9a00adb5f7bd8761681bfa6c94adf6f20d1485b4e	/home/aella/aws-discovery-xenial-bionic-retry2-20260831/upgrade-discovery/xenial-to-bionic/runtime/deb-cache/51/e2/51e232b9250d252323725fb35b49b876780c6885827bb489f4c5a6e554bdf305
xenial-to-bionic	2026-08-31T11:06:11Z	GET	http://ap-northeast-2.ec2.archive.ubuntu.com/ubuntu/pool/main/g/gobject-introspection/libgirepository-1.0-1_1.56.1-1_amd64.deb	http://ap-northeast-2.ec2.archive.ubuntu.com/ubuntu/pool/main/g/gobject-introspection/libgirepository-1.0-1_1.56.1-1_amd64.deb	200	81992	5ebe2f31f36042bec9c390e8e890b24a3a1f21ec1b2f70eabee62c3bf63fd511	/home/aella/aws-discovery-xenial-bionic-retry2-20260831/upgrade-discovery/xenial-to-bionic/runtime/deb-cache/d7/eb/d7eb35e63d2de201e0f6a4905f04f20c2e9de586dbcf08bbcef209054b1adcb6
xenial-to-bionic	2026-08-31T11:06:12Z	GET	http://ap-northeast-2.ec2.archive.ubuntu.com/ubuntu/pool/main/g/gobject-introspection/gir1.2-glib-2.0_1.56.1-1_amd64.deb	http://ap-northeast-2.ec2.archive.ubuntu.com/ubuntu/pool/main/g/gobject-introspection/gir1.2-glib-2.0_1.56.1-1_amd64.deb	200	130804	1dffd1d91b80785060c12661beeb551af46a0f0ccd42ab22a778548c5883a750	/home/aella/aws-discovery-xenial-bionic-retry2-20260831/upgrade-discovery/xenial-to-bionic/runtime/deb-cache/79/29/7929129d6425f0b009733bcc03b7e72116b46d9c5391f4fb362e7968272d2571
xenial-to-bionic	2026-08-31T11:06:12Z	GET	http://ap-northeast-2.ec2.archive.ubuntu.com/ubuntu/pool/main/l/lz4/liblz4-1_0.0%7er131-2ubuntu3.1_amd64.deb	http://ap-northeast-2.ec2.archive.ubuntu.com/ubuntu/pool/main/l/lz4/liblz4-1_0.0%7er131-2ubuntu3.1_amd64.deb	200	48536	deed1dc6d2c5b492b136fe23b0c6563f9fe9a9a016bd0c93abdb253cc97cfe67	/home/aella/aws-discovery-xenial-bionic-retry2-20260831/upgrade-discovery/xenial-to-bionic/runtime/deb-cache/68/a9/68a941b4ec034aeecfda525566073ced9838872eef6bb01bad7628e4aed2d93b
xenial-to-bionic	2026-08-31T11:06:12Z	GET	http://ap-northeast-2.ec2.archive.ubuntu.com/ubuntu/pool/main/a/apt/libapt-pkg5.0_1.6.17_amd64.deb	http://ap-northeast-2.ec2.archive.ubuntu.com/ubuntu/pool/main/a/apt/libapt-pkg5.0_1.6.17_amd64.deb	200	812464	9cf15d2910a3691709e7276073e5dd79b13e89279842a8345187e54715b7265a	/home/aella/aws-discovery-xenial-bionic-retry2-20260831/upgrade-discovery/xenial-to-bionic/runtime/deb-cache/ec/d5/ecd5a792b9cbe2b57c0af8cefc1564fb7bfc55e7cd3efe0b2738b9c4465960b3
xenial-to-bionic	2026-08-31T11:06:13Z	GET	http://ap-northeast-2.ec2.archive.ubuntu.com/ubuntu/pool/main/a/apt/libapt-inst2.0_1.6.17_amd64.deb	http://ap-northeast-2.ec2.archive.ubuntu.com/ubuntu/pool/main/a/apt/libapt-inst2.0_1.6.17_amd64.deb	200	54580	968fcf0e090dfa282166e83246ae34fd0252f339f603ac3e5b73dea6500d06e2	/home/aella/aws-discovery-xenial-bionic-retry2-20260831/upgrade-discovery/xenial-to-bionic/runtime/deb-cache/34/4a/344a196ea367b98ee45c9e9b53d6dbdb42ad36117fe15cb268b8c9799fb0938d
xenial-to-bionic	2026-08-31T11:06:13Z	GET	http://ap-northeast-2.ec2.archive.ubuntu.com/ubuntu/pool/main/p/python-apt/python-apt-common_1.6.6_all.deb	http://ap-northeast-2.ec2.archive.ubuntu.com/ubuntu/pool/main/p/python-apt/python-apt-common_1.6.6_all.deb	200	16916	13188ff3218efd581241b95499ff84e40b808c8c1076ce5b57de18f82cd39fdf	/home/aella/aws-discovery-xenial-bionic-retry2-20260831/upgrade-discovery/xenial-to-bionic/runtime/deb-cache/4b/15/4b156acaf91e90feab50fb2318329ebdedf0692fb5e34fbbc3377ae7cf62e22d
xenial-to-bionic	2026-08-31T11:06:13Z	GET	http://ap-northeast-2.ec2.archive.ubuntu.com/ubuntu/pool/main/liby/libyaml/libyaml-0-2_0.1.7-2ubuntu3_amd64.deb	http://ap-northeast-2.ec2.archive.ubuntu.com/ubuntu/pool/main/liby/libyaml/libyaml-0-2_0.1.7-2ubuntu3_amd64.deb	200	47190	590a2f084e3ba39fad34fbf45cf118ba7a74df6388d2a15d11dab1f8761d9feb	/home/aella/aws-discovery-xenial-bionic-retry2-20260831/upgrade-discovery/xenial-to-bionic/runtime/deb-cache/29/8a/298a5625843ca19689b1f522c97ba8cbb232ed94989cec5b7f727f6eac35a730
xenial-to-bionic	2026-08-31T11:06:13Z	GET	http://ap-northeast-2.ec2.archive.ubuntu.com/ubuntu/pool/main/a/asn1crypto/python3-asn1crypto_0.24.0-1_all.deb	http://ap-northeast-2.ec2.archive.ubuntu.com/ubuntu/pool/main/a/asn1crypto/python3-asn1crypto_0.24.0-1_all.deb	200	72784	94649bd889bf8e9607b8a385c355bdab360f469d7861c4c354987fec0f7cec61	/home/aella/aws-discovery-xenial-bionic-retry2-20260831/upgrade-discovery/xenial-to-bionic/runtime/deb-cache/a1/b4/a1b4a502f516a1f9d9531146f11268f40329d70d33d0e6e1c491746ad63aba40
xenial-to-bionic	2026-08-31T11:06:13Z	GET	http://ap-northeast-2.ec2.archive.ubuntu.com/ubuntu/pool/main/p/python-idna/python3-idna_2.6-1_all.deb	http://ap-northeast-2.ec2.archive.ubuntu.com/ubuntu/pool/main/p/python-idna/python3-idna_2.6-1_all.deb	200	32520	6cb85404887cd98bb633b6753bce833b37ff073562532da1762313ac51247962	/home/aella/aws-discovery-xenial-bionic-retry2-20260831/upgrade-discovery/xenial-to-bionic/runtime/deb-cache/9e/c1/9ec106920237104b3927cdca1bf0071a03c56757a09566aa9a7ab45d073e88c7
xenial-to-bionic	2026-08-31T11:06:14Z	GET	http://ap-northeast-2.ec2.archive.ubuntu.com/ubuntu/pool/main/s/six/python3-six_1.11.0-2_all.deb	http://ap-northeast-2.ec2.archive.ubuntu.com/ubuntu/pool/main/s/six/python3-six_1.11.0-2_all.deb	200	11352	5c73f30a89f5906e84c66b38fcb0ea20b42c0376079beb6bcd35ba969befa6d7	/home/aella/aws-discovery-xenial-bionic-retry2-20260831/upgrade-discovery/xenial-to-bionic/runtime/deb-cache/03/15/03158d7f99c3f6137332e23571f5c1d6951e30246e5b34d54b41789f8e2f70f0
xenial-to-bionic	2026-08-31T11:06:14Z	GET	http://ap-northeast-2.ec2.archive.ubuntu.com/ubuntu/pool/main/d/distro-info/distro-info_0.18ubuntu0.18.04.1_amd64.deb	http://ap-northeast-2.ec2.archive.ubuntu.com/ubuntu/pool/main/d/distro-info/distro-info_0.18ubuntu0.18.04.1_amd64.deb	200	19948	b4630906326a30e845c194dfc3d2d09e17c79f02af7094fc8ea60cf056ea95b0	/home/aella/aws-discovery-xenial-bionic-retry2-20260831/upgrade-discovery/xenial-to-bionic/runtime/deb-cache/9a/a4/9aa4333a8732bbc284084e455e8b99749575437de5e87f206c50fb17f9eb2b49
xenial-to-bionic	2026-08-31T11:06:14Z	GET	http://ap-northeast-2.ec2.archive.ubuntu.com/ubuntu/pool/main/d/distro-info-data/distro-info-data_0.37ubuntu0.21_all.deb	http://ap-northeast-2.ec2.archive.ubuntu.com/ubuntu/pool/main/d/distro-info-data/distro-info-data_0.37ubuntu0.21_all.deb	200	5204	494405ea3f71c59b4ae2d08ea5f2750fba9cab89a538eee6dbdd6cea366c7992	/home/aella/aws-discovery-xenial-bionic-retry2-20260831/upgrade-discovery/xenial-to-bionic/runtime/deb-cache/36/90/3690cb145e47d70f1da56f09cd0a4086b071388da7182f66ff4caeaf17a5c8b8
xenial-to-bionic	2026-08-31T11:06:14Z	GET	http://ap-northeast-2.ec2.archive.ubuntu.com/ubuntu/pool/main/d/distro-info/python3-distro-info_0.18ubuntu0.18.04.1_all.deb	http://ap-northeast-2.ec2.archive.ubuntu.com/ubuntu/pool/main/d/distro-info/python3-distro-info_0.18ubuntu0.18.04.1_all.deb	200	9296	23acc3f3fe6dba088d7e30548e8d0f6266b670039c08db66f87e8d9ab78e4225	/home/aella/aws-discovery-xenial-bionic-retry2-20260831/upgrade-discovery/xenial-to-bionic/runtime/deb-cache/6c/72/6c72b1e89ae365d9ebe81317ebf4ca81b61329cbe2873cf6a4eab530773319a2
xenial-to-bionic	2026-08-31T11:06:14Z	GET	http://ap-northeast-2.ec2.archive.ubuntu.com/ubuntu/pool/main/g/gnupg2/gpgv_2.2.4-1ubuntu1.6_amd64.deb	http://ap-northeast-2.ec2.archive.ubuntu.com/ubuntu/pool/main/g/gnupg2/gpgv_2.2.4-1ubuntu1.6_amd64.deb	200	198400	f3e20dbee4b0d0aed8d565c331bfc86d0afd18b74a87258c22255e58f1f5f703	/home/aella/aws-discovery-xenial-bionic-retry2-20260831/upgrade-discovery/xenial-to-bionic/runtime/deb-cache/96/2b/962bf06c17f2872dbceb4c7407d56fcad4605ab558e565b4ab389fb71f5d47d1
xenial-to-bionic	2026-08-31T11:06:15Z	GET	http://ap-northeast-2.ec2.archive.ubuntu.com/ubuntu/pool/main/l/lsb/lsb-release_9.20170808ubuntu1_all.deb	http://ap-northeast-2.ec2.archive.ubuntu.com/ubuntu/pool/main/l/lsb/lsb-release_9.20170808ubuntu1_all.deb	200	10972	ef48dc987c1ae78630ff4d9ee88d906adf6b46d3e506a58b48324e99fbfdea02	/home/aella/aws-discovery-xenial-bionic-retry2-20260831/upgrade-discovery/xenial-to-bionic/runtime/deb-cache/a2/49/a249abf1a2025a4fb601ff03585ff6cb6588bdf23a6b7443c91215697706ca08
xenial-to-bionic	2026-08-31T11:06:15Z	GET	http://ap-northeast-2.ec2.archive.ubuntu.com/ubuntu/pool/universe/a/apt/apt-transport-https_1.6.17_all.deb	http://ap-northeast-2.ec2.archive.ubuntu.com/ubuntu/pool/universe/a/apt/apt-transport-https_1.6.17_all.deb	200	1692	91c3c8a9ad9f061623065cb6685bc07a5a95951a17dacbc2c1b444f852d14186	/home/aella/aws-discovery-xenial-bionic-retry2-20260831/upgrade-discovery/xenial-to-bionic/runtime/deb-cache/fc/d5/fcd5b5736340c2a8daafe17e9cf2da5fd807da9a6611e9bc00d758a1db5ae0a0
xenial-to-bionic	2026-08-31T11:06:15Z	GET	http://ap-northeast-2.ec2.archive.ubuntu.com/ubuntu/pool/main/a/apt/apt-utils_1.6.17_amd64.deb	http://ap-northeast-2.ec2.archive.ubuntu.com/ubuntu/pool/main/a/apt/apt-utils_1.6.17_amd64.deb	200	206304	506a0a34ef5b368ff83c630c68b1380334ff5f397b467d4a0aedc2ead414ce50	/home/aella/aws-discovery-xenial-bionic-retry2-20260831/upgrade-discovery/xenial-to-bionic/runtime/deb-cache/78/97/7897656747ada478bae2a763158219bcf4db2bd0ef3f8bd0749f071222fcf086
xenial-to-bionic	2026-08-31T11:06:16Z	GET	http://ap-northeast-2.ec2.archive.ubuntu.com/ubuntu/pool/main/a/apt/apt_1.6.17_amd64.deb	http://ap-northeast-2.ec2.archive.ubuntu.com/ubuntu/pool/main/a/apt/apt_1.6.17_amd64.deb	200	1206476	bc90a60c118094fc67f350fcaf9cdf1a33b9b048fee4d2271218d9a1896635f0	/home/aella/aws-discovery-xenial-bionic-retry2-20260831/upgrade-discovery/xenial-to-bionic/runtime/deb-cache/8f/fa/8ffa3ca6766e45508c12ac9909e8bd1dcd090f8151d6ca2ac4cb39f18d3de172
xenial-to-bionic	2026-08-31T11:06:16Z	GET	http://ap-northeast-2.ec2.archive.ubuntu.com/ubuntu/pool/universe/u/ubuntu-keyring/ubuntu-cloudimage-keyring_2018.09.18.1%7e18.04.2_all.deb	http://ap-northeast-2.ec2.archive.ubuntu.com/ubuntu/pool/universe/u/ubuntu-keyring/ubuntu-cloudimage-keyring_2018.09.18.1%7e18.04.2_all.deb	200	1740	94ead86302090d62fa7f7f91a1117eaf6307daa21c0f38c4e77123295378735d	/home/aella/aws-discovery-xenial-bionic-retry2-20260831/upgrade-discovery/xenial-to-bionic/runtime/deb-cache/58/4b/584bb5cfce43db6bcd5872942ecc9175fea7de52a5d9b1195eef9ee9ee348c7f
xenial-to-bionic	2026-08-31T11:06:16Z	GET	http://ap-northeast-2.ec2.archive.ubuntu.com/ubuntu/pool/main/u/ubuntu-keyring/ubuntu-keyring_2018.09.18.1%7e18.04.2_all.deb	http://ap-northeast-2.ec2.archive.ubuntu.com/ubuntu/pool/main/u/ubuntu-keyring/ubuntu-keyring_2018.09.18.1%7e18.04.2_all.deb	200	22276	5d8609563fb3074026b254d7d5248f90d393c7dbafcac48916f333bf3c90fed9	/home/aella/aws-discovery-xenial-bionic-retry2-20260831/upgrade-discovery/xenial-to-bionic/runtime/deb-cache/19/e7/19e75d192af662d11ca298fbf59110d52f48dad935fe563cec057d7b8574d752
xenial-to-bionic	2026-08-31T11:06:16Z	GET	http://ap-northeast-2.ec2.archive.ubuntu.com/ubuntu/pool/main/libs/libseccomp/libseccomp2_2.5.1-1ubuntu1%7e18.04.2_amd64.deb	http://ap-northeast-2.ec2.archive.ubuntu.com/ubuntu/pool/main/libs/libseccomp/libseccomp2_2.5.1-1ubuntu1%7e18.04.2_amd64.deb	200	43016	f7de0f06cf0052802ceb61f10ba3816b820e74a00a36a986c3ec4a2272f5529c	/home/aella/aws-discovery-xenial-bionic-retry2-20260831/upgrade-discovery/xenial-to-bionic/runtime/deb-cache/48/a4/48a4e95c5bec113909fa7625bf9e99806b3de02a9a83a8fb8fb51a9e3c2b03b9
xenial-to-bionic	2026-08-31T11:06:16Z	GET	http://ap-northeast-2.ec2.archive.ubuntu.com/ubuntu/pool/main/u/ubuntu-advantage-tools/ubuntu-pro-client-l10n_37.1ubuntu0%7e18.04.1_amd64.deb	http://ap-northeast-2.ec2.archive.ubuntu.com/ubuntu/pool/main/u/ubuntu-advantage-tools/ubuntu-pro-client-l10n_37.1ubuntu0%7e18.04.1_amd64.deb	200	1592	5b7aad55f2cab39dcfa49d2f07a9bb710e0d2d5c494a9610fbe894a8e7004412	/home/aella/aws-discovery-xenial-bionic-retry2-20260831/upgrade-discovery/xenial-to-bionic/runtime/deb-cache/d4/95/d495f3444e5cff81058b60ddc5677d3f0b2560c03b3b32f2577d126f9f17b49a
xenial-to-bionic	2026-08-31T11:06:16Z	GET	http://ap-northeast-2.ec2.archive.ubuntu.com/ubuntu/pool/main/p/python-setuptools/python3-pkg-resources_39.0.1-2ubuntu0.1_all.deb	http://ap-northeast-2.ec2.archive.ubuntu.com/ubuntu/pool/main/p/python-setuptools/python3-pkg-resources_39.0.1-2ubuntu0.1_all.deb	200	99008	8bce70c91ad0d5cd93f24c681748baa667865f9c46542922bac7a8ed98d4edde	/home/aella/aws-discovery-xenial-bionic-retry2-20260831/upgrade-discovery/xenial-to-bionic/runtime/deb-cache/fd/da/fdda5df69f997f0b73901e2a326834da50904607f8745c966b7573e4b43b0407
xenial-to-bionic	2026-08-31T11:06:16Z	GET	http://ap-northeast-2.ec2.archive.ubuntu.com/ubuntu/pool/main/u/ubuntu-advantage-tools/ubuntu-pro-client_37.1ubuntu0%7e18.04.1_amd64.deb	http://ap-northeast-2.ec2.archive.ubuntu.com/ubuntu/pool/main/u/ubuntu-advantage-tools/ubuntu-pro-client_37.1ubuntu0%7e18.04.1_amd64.deb	200	236564	c8119eee3d8e75d56a50e9a0f44fc2574781ed5a593bb9715121d84b70d65743	/home/aella/aws-discovery-xenial-bionic-retry2-20260831/upgrade-discovery/xenial-to-bionic/runtime/deb-cache/8a/78/8a780bf070019fff3ecb8afff046ed6861af92e9ce11043d747c85fcf5bf9b8a
xenial-to-bionic	2026-08-31T11:06:16Z	GET	http://ap-northeast-2.ec2.archive.ubuntu.com/ubuntu/pool/main/u/ubuntu-advantage-tools/ubuntu-advantage-tools_37.1ubuntu0%7e18.04.1_all.deb	http://ap-northeast-2.ec2.archive.ubuntu.com/ubuntu/pool/main/u/ubuntu-advantage-tools/ubuntu-advantage-tools_37.1ubuntu0%7e18.04.1_all.deb	200	11016	ecefae8e29767c43b833871d817a5e0e47122a54f4269e3fe63cbe3e7235cfb1	/home/aella/aws-discovery-xenial-bionic-retry2-20260831/upgrade-discovery/xenial-to-bionic/runtime/deb-cache/a8/63/a8633f307e7a42b1917f4c43ce6f0c2b3acef6ef569939fc2001706f25515010
xenial-to-bionic	2026-08-31T11:06:16Z	GET	http://ap-northeast-2.ec2.archive.ubuntu.com/ubuntu/pool/main/c/chardet/python3-chardet_3.0.4-1_all.deb	http://ap-northeast-2.ec2.archive.ubuntu.com/ubuntu/pool/main/c/chardet/python3-chardet_3.0.4-1_all.deb	200	80252	2c1ec04f4d71f00cc36217a44828aa14cdfd46f8017e4674b6181e84b2d34f80	/home/aella/aws-discovery-xenial-bionic-retry2-20260831/upgrade-discovery/xenial-to-bionic/runtime/deb-cache/db/34/db34c20d78ad7b704c2ebb43c557c74df19ba3aeea64b182900011e5d67a11f8
xenial-to-bionic	2026-08-31T11:06:16Z	GET	http://ap-northeast-2.ec2.archive.ubuntu.com/ubuntu/pool/main/p/python-debian/python3-debian_0.1.32_all.deb	http://ap-northeast-2.ec2.archive.ubuntu.com/ubuntu/pool/main/p/python-debian/python3-debian_0.1.32_all.deb	200	65360	5b997e6501966ed76e79bd2560664f6efd853a3c9c876fc6dc23603a5f746b99	/home/aella/aws-discovery-xenial-bionic-retry2-20260831/upgrade-discovery/xenial-to-bionic/runtime/deb-cache/4e/15/4e15d503aa2e9a8afa66c6dd9c0197221ec87a5cbe4369a01e2acff95a1fa1cb
xenial-to-bionic	2026-08-31T11:06:17Z	GET	http://ap-northeast-2.ec2.archive.ubuntu.com/ubuntu/pool/main/liba/libassuan/libassuan0_2.5.1-2_amd64.deb	http://ap-northeast-2.ec2.archive.ubuntu.com/ubuntu/pool/main/liba/libassuan/libassuan0_2.5.1-2_amd64.deb	200	35024	190df07d7983b062cb70b86b8d88346cafbcba44a86cb8fcf7005fb56e5b29bf	/home/aella/aws-discovery-xenial-bionic-retry2-20260831/upgrade-discovery/xenial-to-bionic/runtime/deb-cache/49/6d/496dae77d07c85780e9110c312df2e389b98f656aaad53b0d4a032d1f0cc4d1e
xenial-to-bionic	2026-08-31T11:06:17Z	GET	http://ap-northeast-2.ec2.archive.ubuntu.com/ubuntu/pool/main/libk/libksba/libksba8_1.3.5-2ubuntu0.18.04.2_amd64.deb	http://ap-northeast-2.ec2.archive.ubuntu.com/ubuntu/pool/main/libk/libksba/libksba8_1.3.5-2ubuntu0.18.04.2_amd64.deb	200	94636	4d45c10e6502fb828b25cc2fa9844485647ec955bdc6b5b21bb1529f516d46d7	/home/aella/aws-discovery-xenial-bionic-retry2-20260831/upgrade-discovery/xenial-to-bionic/runtime/deb-cache/e6/e0/e6e0d3657f852febf9afbf88188e3b839d17b84b1da38f71d68eb004a1bdba28
xenial-to-bionic	2026-08-31T11:06:17Z	GET	http://ap-northeast-2.ec2.archive.ubuntu.com/ubuntu/pool/main/n/npth/libnpth0_1.5-3_amd64.deb	http://ap-northeast-2.ec2.archive.ubuntu.com/ubuntu/pool/main/n/npth/libnpth0_1.5-3_amd64.deb	200	7668	06e63fa7325b6f89090d9be52dcea560537baf35201d82976aa36cc5a25a3a19	/home/aella/aws-discovery-xenial-bionic-retry2-20260831/upgrade-discovery/xenial-to-bionic/runtime/deb-cache/15/57/1557b34148bd35c32a368150bb3529c5d6bac6efb27d48965764633844ed1a3b
xenial-to-bionic	2026-08-31T11:06:17Z	GET	http://ap-northeast-2.ec2.archive.ubuntu.com/ubuntu/pool/main/g/gnupg2/dirmngr_2.2.4-1ubuntu1.6_amd64.deb	http://ap-northeast-2.ec2.archive.ubuntu.com/ubuntu/pool/main/g/gnupg2/dirmngr_2.2.4-1ubuntu1.6_amd64.deb	200	316648	3dd4b9602c9a1ee1526665f97b7c466b00e702da152d0d46e5d455517183ba66	/home/aella/aws-discovery-xenial-bionic-retry2-20260831/upgrade-discovery/xenial-to-bionic/runtime/deb-cache/de/4e/de4eb51eb3c3ada6349da74c6f28078064e3bbf2766b0f1b5cbc49d61a09bc1c
xenial-to-bionic	2026-08-31T11:06:17Z	GET	http://ap-northeast-2.ec2.archive.ubuntu.com/ubuntu/pool/main/g/gnupg2/gnupg-l10n_2.2.4-1ubuntu1.6_all.deb	http://ap-northeast-2.ec2.archive.ubuntu.com/ubuntu/pool/main/g/gnupg2/gnupg-l10n_2.2.4-1ubuntu1.6_all.deb	200	50112	455ad6c69c2d98b3c7fdc6a0b8782ad96323d7aa1a48d9c5b28753d86c65e97f	/home/aella/aws-discovery-xenial-bionic-retry2-20260831/upgrade-discovery/xenial-to-bionic/runtime/deb-cache/c9/50/c950d996c9e50cfc68c181e1f709216fc7f42c26b61283c9ef49aec4c135c56b
xenial-to-bionic	2026-08-31T11:06:17Z	GET	http://ap-northeast-2.ec2.archive.ubuntu.com/ubuntu/pool/main/g/gnupg2/gnupg-utils_2.2.4-1ubuntu1.6_amd64.deb	http://ap-northeast-2.ec2.archive.ubuntu.com/ubuntu/pool/main/g/gnupg2/gnupg-utils_2.2.4-1ubuntu1.6_amd64.deb	200	127832	9469591bb0f38474746390407867cb85598202525601fb57ead9975eb66f82ff	/home/aella/aws-discovery-xenial-bionic-retry2-20260831/upgrade-discovery/xenial-to-bionic/runtime/deb-cache/2d/16/2d1695665aed14fc79e16945ae577bd9917bc00229390557ef9a44c70f0a57c2
xenial-to-bionic	2026-08-31T11:06:17Z	GET	http://ap-northeast-2.ec2.archive.ubuntu.com/ubuntu/pool/main/g/gnupg2/gpg_2.2.4-1ubuntu1.6_amd64.deb	http://ap-northeast-2.ec2.archive.ubuntu.com/ubuntu/pool/main/g/gnupg2/gpg_2.2.4-1ubuntu1.6_amd64.deb	200	468012	f131f79d8493852589238c969f4d08722f06fb5fdc9e44739206615002bf896f	/home/aella/aws-discovery-xenial-bionic-retry2-20260831/upgrade-discovery/xenial-to-bionic/runtime/deb-cache/2d/71/2d714c9d90f5edafd020a27e7d4154a697eff884d50e0c9074f23a16039a7439
xenial-to-bionic	2026-08-31T11:06:17Z	GET	http://ap-northeast-2.ec2.archive.ubuntu.com/ubuntu/pool/main/p/pinentry/pinentry-curses_1.1.0-1_amd64.deb	http://ap-northeast-2.ec2.archive.ubuntu.com/ubuntu/pool/main/p/pinentry/pinentry-curses_1.1.0-1_amd64.deb	200	35792	18cd353bdf4ad53df6ea112d0477d1e4c1ceb3e140a6b083694f43d591ad9cad	/home/aella/aws-discovery-xenial-bionic-retry2-20260831/upgrade-discovery/xenial-to-bionic/runtime/deb-cache/71/e5/71e5736cd5cf5e9c8e99d993f3ef9eb287484e098d925ee55a1b527eeb672c3f
xenial-to-bionic	2026-08-31T11:06:17Z	GET	http://ap-northeast-2.ec2.archive.ubuntu.com/ubuntu/pool/main/g/gnupg2/gpg-agent_2.2.4-1ubuntu1.6_amd64.deb	http://ap-northeast-2.ec2.archive.ubuntu.com/ubuntu/pool/main/g/gnupg2/gpg-agent_2.2.4-1ubuntu1.6_amd64.deb	200	227236	7f383d68fb4ae5dc85bab80296a60845428a2bd3f34b040a6c0f04e43f416130	/home/aella/aws-discovery-xenial-bionic-retry2-20260831/upgrade-discovery/xenial-to-bionic/runtime/deb-cache/dc/78/dc78e4f23ed8c2643e70be3ad29757b81593134fd75be967c02a9ddc5bcaf700
xenial-to-bionic	2026-08-31T11:06:17Z	GET	http://ap-northeast-2.ec2.archive.ubuntu.com/ubuntu/pool/main/g/gnupg2/gpg-wks-client_2.2.4-1ubuntu1.6_amd64.deb	http://ap-northeast-2.ec2.archive.ubuntu.com/ubuntu/pool/main/g/gnupg2/gpg-wks-client_2.2.4-1ubuntu1.6_amd64.deb	200	91772	66a0df52caca6e78e5604d97a0afb625d6cb23e4dd4941d70a0e748c35018f30	/home/aella/aws-discovery-xenial-bionic-retry2-20260831/upgrade-discovery/xenial-to-bionic/runtime/deb-cache/03/eb/03eba8fbbc30d035120b421a0fe09ce49b2624a4e599fb8edc2f6d7db90fb08b
xenial-to-bionic	2026-08-31T11:06:17Z	GET	http://ap-northeast-2.ec2.archive.ubuntu.com/ubuntu/pool/main/g/gnupg2/gpg-wks-server_2.2.4-1ubuntu1.6_amd64.deb	http://ap-northeast-2.ec2.archive.ubuntu.com/ubuntu/pool/main/g/gnupg2/gpg-wks-server_2.2.4-1ubuntu1.6_amd64.deb	200	84996	3c604d270d4de76ee3768762b78a8d4ec52fc7a501ccaaad464adc06a0cc7f75	/home/aella/aws-discovery-xenial-bionic-retry2-20260831/upgrade-discovery/xenial-to-bionic/runtime/deb-cache/60/07/60074ef1d46dde4b0a137db5ff1f2bd34dcbe00650a7df6036e58791ece62285
xenial-to-bionic	2026-08-31T11:06:17Z	GET	http://ap-northeast-2.ec2.archive.ubuntu.com/ubuntu/pool/main/g/gnupg2/gpgsm_2.2.4-1ubuntu1.6_amd64.deb	http://ap-northeast-2.ec2.archive.ubuntu.com/ubuntu/pool/main/g/gnupg2/gpgsm_2.2.4-1ubuntu1.6_amd64.deb	200	214904	a6a3b2157a048fd9e6b3c54444385a9eafd31f3931601dffea0f9c5481f3b0f2	/home/aella/aws-discovery-xenial-bionic-retry2-20260831/upgrade-discovery/xenial-to-bionic/runtime/deb-cache/dd/29/dd291e609286889a7ee9c79b3ab28093dcf5f09063796a0f920869bbca50730b
xenial-to-bionic	2026-08-31T11:06:17Z	GET	http://ap-northeast-2.ec2.archive.ubuntu.com/ubuntu/pool/main/s/software-properties/python3-software-properties_0.96.24.32.22_all.deb	http://ap-northeast-2.ec2.archive.ubuntu.com/ubuntu/pool/main/s/software-properties/python3-software-properties_0.96.24.32.22_all.deb	200	20452	db92886da7ca219cbb22efc45d00b5467d14be1be2dff61a1800dba75d907596	/home/aella/aws-discovery-xenial-bionic-retry2-20260831/upgrade-discovery/xenial-to-bionic/runtime/deb-cache/83/32/83323429490db2386915c6324234f73402ed74d5304c1c8920c2af38e1150df0
xenial-to-bionic	2026-08-31T11:06:17Z	GET	http://ap-northeast-2.ec2.archive.ubuntu.com/ubuntu/pool/main/s/software-properties/software-properties-common_0.96.24.32.22_all.deb	http://ap-northeast-2.ec2.archive.ubuntu.com/ubuntu/pool/main/s/software-properties/software-properties-common_0.96.24.32.22_all.deb	200	9880	23d63ab98b3feec49a3ca52bde55c228cfa64aeeccec13ed764970563147b1df	/home/aella/aws-discovery-xenial-bionic-retry2-20260831/upgrade-discovery/xenial-to-bionic/runtime/deb-cache/3a/27/3a27fff6cd0ada6003bab1d5b4982e20399c4733ea947723c50eead685b6cf30
xenial-to-bionic	2026-08-31T11:06:17Z	GET	http://ap-northeast-2.ec2.archive.ubuntu.com/ubuntu/pool/main/g/gnupg2/gnupg_2.2.4-1ubuntu1.6_amd64.deb	http://ap-northeast-2.ec2.archive.ubuntu.com/ubuntu/pool/main/g/gnupg2/gnupg_2.2.4-1ubuntu1.6_amd64.deb	200	249320	054f3b08911fce727d4d6ae3627ce92c1931e46960b5c72498e472e60a5b6efc	/home/aella/aws-discovery-xenial-bionic-retry2-20260831/upgrade-discovery/xenial-to-bionic/runtime/deb-cache/6d/4e/6d4ee495f0bab5d92c9f9f34657becf1c3bbc6061ecb22ba2df8fc725472a88a
xenial-to-bionic	2026-08-31T11:06:17Z	GET	http://ap-northeast-2.ec2.archive.ubuntu.com/ubuntu/pool/main/g/gnupg2/gpgconf_2.2.4-1ubuntu1.6_amd64.deb	http://ap-northeast-2.ec2.archive.ubuntu.com/ubuntu/pool/main/g/gnupg2/gpgconf_2.2.4-1ubuntu1.6_amd64.deb	200	123508	cb8af25bc13d9e8cd40904f4c17d6288fcf1c9c5b251b5a8ca8b8ab0305e3d31	/home/aella/aws-discovery-xenial-bionic-retry2-20260831/upgrade-discovery/xenial-to-bionic/runtime/deb-cache/2e/5b/2e5b157c261798846f659361435934207c83b899c64992aac0cbf67487284ab7
xenial-to-bionic	2026-08-31T11:06:18Z	GET	http://ap-northeast-2.ec2.archive.ubuntu.com/ubuntu/pool/main/i/iso-codes/iso-codes_3.79-1_all.deb	http://ap-northeast-2.ec2.archive.ubuntu.com/ubuntu/pool/main/i/iso-codes/iso-codes_3.79-1_all.deb	200	2565288	8165d689f373fe941d47fce0f948e6c840fe0d30dae186dd0f1e23f442a65db2	/home/aella/aws-discovery-xenial-bionic-retry2-20260831/upgrade-discovery/xenial-to-bionic/runtime/deb-cache/fd/6c/fd6cdf64971cc36dfe56ff1b9f639680f8ab1290d77256c566506eb4cc88d614
xenial-to-bionic	2026-08-31T11:06:19Z	GET	http://ap-northeast-2.ec2.archive.ubuntu.com/ubuntu/pool/universe/f/fonts-ubuntu/fonts-ubuntu-font-family-console_0.83-2_all.deb	http://ap-northeast-2.ec2.archive.ubuntu.com/ubuntu/pool/universe/f/fonts-ubuntu/fonts-ubuntu-font-family-console_0.83-2_all.deb	200	10296	f73a8f8406b78d1ab68a4593a682563ddb94c072655617fbd2cf23f147b70139	/home/aella/aws-discovery-xenial-bionic-retry2-20260831/upgrade-discovery/xenial-to-bionic/runtime/deb-cache/13/2f/132fe9ee48ecd0e825e8118c441222a456f8d0f49550f708c9c320e60c6cf351
xenial-to-bionic	2026-08-31T11:06:19Z	GET	http://ap-northeast-2.ec2.archive.ubuntu.com/ubuntu/pool/main/f/fonts-ubuntu/fonts-ubuntu-console_0.83-2_all.deb	http://ap-northeast-2.ec2.archive.ubuntu.com/ubuntu/pool/main/f/fonts-ubuntu/fonts-ubuntu-console_0.83-2_all.deb	200	18728	445979c45c30e52adcabbcbdafcf038e0c22954820dfa3c0fee495db3f27300e	/home/aella/aws-discovery-xenial-bionic-retry2-20260831/upgrade-discovery/xenial-to-bionic/runtime/deb-cache/4f/e0/4fe073d928e95fde105c7aff2c7047f37ef28ea4fce9f48aaca6944bf9dd9f3e
xenial-to-bionic	2026-08-31T11:06:19Z	GET	http://ap-northeast-2.ec2.archive.ubuntu.com/ubuntu/pool/main/h/htop/htop_2.1.0-3_amd64.deb	http://ap-northeast-2.ec2.archive.ubuntu.com/ubuntu/pool/main/h/htop/htop_2.1.0-3_amd64.deb	200	80048	61747e8cd561dd7e659957949c1ff4196a7b5606b86ff9e8d6e47d193353f0c3	/home/aella/aws-discovery-xenial-bionic-retry2-20260831/upgrade-discovery/xenial-to-bionic/runtime/deb-cache/af/54/af546b8f5f80b6fc6abf4f0f38559b6737f641e39dbbe59eb8b38955d70421ec
xenial-to-bionic	2026-08-31T11:06:19Z	GET	http://ap-northeast-2.ec2.archive.ubuntu.com/ubuntu/pool/main/a/acpid/acpid_2.0.28-1ubuntu1_amd64.deb	http://ap-northeast-2.ec2.archive.ubuntu.com/ubuntu/pool/main/a/acpid/acpid_2.0.28-1ubuntu1_amd64.deb	200	36518	f2afba152b0c82ec2be80a455f7757d2e778e7322ce53dae10c00a685bda4623	/home/aella/aws-discovery-xenial-bionic-retry2-20260831/upgrade-discovery/xenial-to-bionic/runtime/deb-cache/f0/e2/f0e28cf9263d46e5ad1535a3705322c72b8d8b35e827d7e01732567947bea3f2
xenial-to-bionic	2026-08-31T11:06:19Z	GET	http://ap-northeast-2.ec2.archive.ubuntu.com/ubuntu/pool/main/p/python-httplib2/python3-httplib2_0.9.2%2bdfsg-1ubuntu0.3_all.deb	http://ap-northeast-2.ec2.archive.ubuntu.com/ubuntu/pool/main/p/python-httplib2/python3-httplib2_0.9.2%2bdfsg-1ubuntu0.3_all.deb	200	28752	f84cd0f882a70ec51a68fae6157cbe2804671901cfae326057f8aa2cfef0360a	/home/aella/aws-discovery-xenial-bionic-retry2-20260831/upgrade-discovery/xenial-to-bionic/runtime/deb-cache/24/6f/246fc1df897de6bb9f0b5285cf59ada0cc24eb4f64457d8cf203d0f10160c356
xenial-to-bionic	2026-08-31T11:06:19Z	GET	http://ap-northeast-2.ec2.archive.ubuntu.com/ubuntu/pool/main/p/python-certifi/python3-certifi_2018.1.18-2_all.deb	http://ap-northeast-2.ec2.archive.ubuntu.com/ubuntu/pool/main/p/python-certifi/python3-certifi_2018.1.18-2_all.deb	200	144008	bf58b7c4539ba282eda68d21755d1ef813403b0fbc46da6ec0107c8b24743e86	/home/aella/aws-discovery-xenial-bionic-retry2-20260831/upgrade-discovery/xenial-to-bionic/runtime/deb-cache/74/0e/740e5d0e6aa1244c0cffa60f87f85ce571da1ef34293cdf858cdf0e949b94660
xenial-to-bionic	2026-08-31T11:06:19Z	GET	http://ap-northeast-2.ec2.archive.ubuntu.com/ubuntu/pool/main/r/requests/python3-requests_2.18.4-2ubuntu0.1_all.deb	http://ap-northeast-2.ec2.archive.ubuntu.com/ubuntu/pool/main/r/requests/python3-requests_2.18.4-2ubuntu0.1_all.deb	200	58328	7bdf4213a239195f2da6e6d8032d2d44e8f43e21476f30493ee744d757e0e7c2	/home/aella/aws-discovery-xenial-bionic-retry2-20260831/upgrade-discovery/xenial-to-bionic/runtime/deb-cache/05/a7/05a7fb091cdd0846b1917e0f16145dc1f76ca505c497bc6c77d322853db275be
xenial-to-bionic	2026-08-31T11:06:19Z	GET	http://ap-northeast-2.ec2.archive.ubuntu.com/ubuntu/pool/main/p/python-urllib3/python3-urllib3_1.22-1ubuntu0.18.04.2_all.deb	http://ap-northeast-2.ec2.archive.ubuntu.com/ubuntu/pool/main/p/python-urllib3/python3-urllib3_1.22-1ubuntu0.18.04.2_all.deb	200	86152	01396ce176dc414ad5a72c90a8458db9b58a165ff024bca4acd7f1dcfc833b2d	/home/aella/aws-discovery-xenial-bionic-retry2-20260831/upgrade-discovery/xenial-to-bionic/runtime/deb-cache/e0/97/e097abe3124bd95469e779a53fc063daf3ca963e4db439c81d0507cb7a1c101d
xenial-to-bionic	2026-08-31T11:06:19Z	GET	http://ap-northeast-2.ec2.archive.ubuntu.com/ubuntu/pool/main/p/python-requests-unixsocket/python3-requests-unixsocket_0.1.5-3_all.deb	http://ap-northeast-2.ec2.archive.ubuntu.com/ubuntu/pool/main/p/python-requests-unixsocket/python3-requests-unixsocket_0.1.5-3_all.deb	200	6286	8c2954f5e5bb2fd85fd441a80cdac44bc8fe5943897d66e6d4af74a42f1e5851	/home/aella/aws-discovery-xenial-bionic-retry2-20260831/upgrade-discovery/xenial-to-bionic/runtime/deb-cache/46/ca/46caa3ecc78a7df0d3bec6f69cc143227525d4ed444cc6cb448d6d6631812436
xenial-to-bionic	2026-08-31T11:06:19Z	GET	http://ap-northeast-2.ec2.archive.ubuntu.com/ubuntu/pool/main/a/apport/python3-problem-report_2.20.9-0ubuntu7.29%2besm3_all.deb	http://ap-northeast-2.ec2.archive.ubuntu.com/ubuntu/pool/main/a/apport/python3-problem-report_2.20.9-0ubuntu7.29%2besm3_all.deb	200	10536	a04028670631aae63c94d3616210f873466325e1e104a37829ff21bab94be0c6	/home/aella/aws-discovery-xenial-bionic-retry2-20260831/upgrade-discovery/xenial-to-bionic/runtime/deb-cache/cc/1f/cc1f8f0ba36750ac4e52b4c1914c3032261fd50b44dde64a7a0410a8cc18f176
xenial-to-bionic	2026-08-31T11:06:19Z	GET	http://ap-northeast-2.ec2.archive.ubuntu.com/ubuntu/pool/main/a/apport/python3-apport_2.20.9-0ubuntu7.29%2besm3_all.deb	http://ap-northeast-2.ec2.archive.ubuntu.com/ubuntu/pool/main/a/apport/python3-apport_2.20.9-0ubuntu7.29%2besm3_all.deb	200	84292	d7792c5cf05f6c7033f6d4c184e3360c2f3c4782604e84dc96b0b768f7c5de61	/home/aella/aws-discovery-xenial-bionic-retry2-20260831/upgrade-discovery/xenial-to-bionic/runtime/deb-cache/32/07/3207f52dc3c5158e6c1d9e4b00bc8517df5d06763528c8c7ff812c12ddb99c7a
xenial-to-bionic	2026-08-31T11:06:20Z	GET	http://ap-northeast-2.ec2.archive.ubuntu.com/ubuntu/pool/main/a/apport/apport_2.20.9-0ubuntu7.29%2besm3_all.deb	http://ap-northeast-2.ec2.archive.ubuntu.com/ubuntu/pool/main/a/apport/apport_2.20.9-0ubuntu7.29%2besm3_all.deb	200	126296	0cef87c567a0f8b28aa9c5f243e5f64f7dfc05e8b382ecc50f6cc7d5bb42f6a8	/home/aella/aws-discovery-xenial-bionic-retry2-20260831/upgrade-discovery/xenial-to-bionic/runtime/deb-cache/02/14/0214e4c3a8c566b47546a6716ee45f7a91578a7c468caaf62ad172ad775fb66b
xenial-to-bionic	2026-08-31T11:06:20Z	GET	http://ap-northeast-2.ec2.archive.ubuntu.com/ubuntu/pool/main/a/at/at_3.1.20-3.1ubuntu2_amd64.deb	http://ap-northeast-2.ec2.archive.ubuntu.com/ubuntu/pool/main/a/at/at_3.1.20-3.1ubuntu2_amd64.deb	200	39468	4be356a9fef5489bba9005167821b0649da9ee6dbd7607130d8413fa2a92acda	/home/aella/aws-discovery-xenial-bionic-retry2-20260831/upgrade-discovery/xenial-to-bionic/runtime/deb-cache/75/b0/75b0ca22943a28cf19a1b101150da7e51841bc73a5ba57ae0acfa4342c4acda5
xenial-to-bionic	2026-08-31T11:06:20Z	GET	http://ap-northeast-2.ec2.archive.ubuntu.com/ubuntu/pool/main/m/mpclib3/libmpc3_1.1.0-1_amd64.deb	http://ap-northeast-2.ec2.archive.ubuntu.com/ubuntu/pool/main/m/mpclib3/libmpc3_1.1.0-1_amd64.deb	200	40784	3c3c45aa50ce1ff753107766c6fea35a82c52ad11afcab0abfd0cd0c76730f87	/home/aella/aws-discovery-xenial-bionic-retry2-20260831/upgrade-discovery/xenial-to-bionic/runtime/deb-cache/43/7c/437ce8d00cefddaa96cdf32b5b5659d26ae3a317c96eb5463bd0ca21e935cc99
xenial-to-bionic	2026-08-31T11:06:21Z	GET	http://ap-northeast-2.ec2.archive.ubuntu.com/ubuntu/pool/main/m/mpfr4/libmpfr6_4.0.1-1_amd64.deb	http://ap-northeast-2.ec2.archive.ubuntu.com/ubuntu/pool/main/m/mpfr4/libmpfr6_4.0.1-1_amd64.deb	200	242588	701990426b88d7af39237d6128078d8a4788c72d42e1b9a1b058a871e16ab7fb	/home/aella/aws-discovery-xenial-bionic-retry2-20260831/upgrade-discovery/xenial-to-bionic/runtime/deb-cache/61/28/61282dc70e79fb30bddd316e560aeaf5083c87609f0fe72085cef6ff7b50036b
xenial-to-bionic	2026-08-31T11:06:22Z	GET	http://ap-northeast-2.ec2.archive.ubuntu.com/ubuntu/pool/main/g/gawk/gawk_4.1.4%2bdfsg-1build1_amd64.deb	http://ap-northeast-2.ec2.archive.ubuntu.com/ubuntu/pool/main/g/gawk/gawk_4.1.4%2bdfsg-1build1_amd64.deb	200	401348	bb4bc89381d0dfab2e33d103ff2d5472e814e70c576434a3116d5d9cfec5a382	/home/aella/aws-discovery-xenial-bionic-retry2-20260831/upgrade-discovery/xenial-to-bionic/runtime/deb-cache/7b/ae/7bae659d2ec65268bb9f5621a2350a7580299a69aa79b56fb26d43b8fbce79cd
xenial-to-bionic	2026-08-31T11:06:23Z	GET	http://ap-northeast-2.ec2.archive.ubuntu.com/ubuntu/pool/main/b/bcache-tools/bcache-tools_1.0.8-2ubuntu0.18.04.1_amd64.deb	http://ap-northeast-2.ec2.archive.ubuntu.com/ubuntu/pool/main/b/bcache-tools/bcache-tools_1.0.8-2ubuntu0.18.04.1_amd64.deb	200	19568	a40f3f6fbe9c3a0fcf593855850e0c65a824f3990e3d59813d1bfb112b041e5f	/home/aella/aws-discovery-xenial-bionic-retry2-20260831/upgrade-discovery/xenial-to-bionic/runtime/deb-cache/c7/90/c790ad82eaa750c70c046327cbc355fbc7e17404c2db5d1d23825bd689b5c978
xenial-to-bionic	2026-08-31T11:06:23Z	GET	http://ap-northeast-2.ec2.archive.ubuntu.com/ubuntu/pool/main/b/btrfs-progs/btrfs-tools_4.15.1-1build1_amd64.deb	http://ap-northeast-2.ec2.archive.ubuntu.com/ubuntu/pool/main/b/btrfs-progs/btrfs-tools_4.15.1-1build1_amd64.deb	200	2604	265b5f040e7eeef0f8928d7459fb2ace7662c062647000732ae8d77f61c8f1db	/home/aella/aws-discovery-xenial-bionic-retry2-20260831/upgrade-discovery/xenial-to-bionic/runtime/deb-cache/3d/06/3d06f73e004402272c6db784c2a387d75b8db32bfb75a9d63fbfdc4850af15c2
xenial-to-bionic	2026-08-31T11:06:24Z	GET	http://ap-northeast-2.ec2.archive.ubuntu.com/ubuntu/pool/main/b/btrfs-progs/btrfs-progs_4.15.1-1build1_amd64.deb	http://ap-northeast-2.ec2.archive.ubuntu.com/ubuntu/pool/main/b/btrfs-progs/btrfs-progs_4.15.1-1build1_amd64.deb	200	624652	a64b4071ddebb052ab9264bdb117116eb5d96829d740f7103006bb487f613c40	/home/aella/aws-discovery-xenial-bionic-retry2-20260831/upgrade-discovery/xenial-to-bionic/runtime/deb-cache/10/95/1095c41458224e212d24a3b21443837284fe95b2d82ea70a9ce39cb8f8855d11
xenial-to-bionic	2026-08-31T11:06:24Z	GET	http://ap-northeast-2.ec2.archive.ubuntu.com/ubuntu/pool/main/n/net-tools/net-tools_1.60%2bgit20161116.90da8a0-1ubuntu1_amd64.deb	http://ap-northeast-2.ec2.archive.ubuntu.com/ubuntu/pool/main/n/net-tools/net-tools_1.60%2bgit20161116.90da8a0-1ubuntu1_amd64.deb	200	194236	80958d972b3a26aa23a272877138a65cafbb81501b4db172f4568e2e0e4803e8	/home/aella/aws-discovery-xenial-bionic-retry2-20260831/upgrade-discovery/xenial-to-bionic/runtime/deb-cache/f9/fc/f9fcc700bab56aaa7426ce179a522d8972732e4a52e9196372c0c5cba164f896
xenial-to-bionic	2026-08-31T11:06:24Z	GET	http://ap-northeast-2.ec2.archive.ubuntu.com/ubuntu/pool/main/libe/libevent/libevent-2.1-6_2.1.8-stable-4build1_amd64.deb	http://ap-northeast-2.ec2.archive.ubuntu.com/ubuntu/pool/main/libe/libevent/libevent-2.1-6_2.1.8-stable-4build1_amd64.deb	200	133328	76bc94b3bb4356673c61dd2a4a7b06f40de21dab051aa4b31282aa9d7798b383	/home/aella/aws-discovery-xenial-bionic-retry2-20260831/upgrade-discovery/xenial-to-bionic/runtime/deb-cache/60/55/60557ceb2d9b9fd664ba8a4cdaa3e75ca07ddbf7d2573b3278139d50c8bce388
xenial-to-bionic	2026-08-31T11:06:24Z	GET	http://ap-northeast-2.ec2.archive.ubuntu.com/ubuntu/pool/main/t/tmux/tmux_2.6-3ubuntu0.3_amd64.deb	http://ap-northeast-2.ec2.archive.ubuntu.com/ubuntu/pool/main/t/tmux/tmux_2.6-3ubuntu0.3_amd64.deb	200	248656	a634d1a8dea1d3d36c33ddd4be81c35445fc7a7c63ed1c778a4bab2e1f4af1b7	/home/aella/aws-discovery-xenial-bionic-retry2-20260831/upgrade-discovery/xenial-to-bionic/runtime/deb-cache/d9/cf/d9cf73a1e40280000ccb5798a0efa45977689742d6e06ee71718e577ab003919
xenial-to-bionic	2026-08-31T11:06:24Z	GET	http://ap-northeast-2.ec2.archive.ubuntu.com/ubuntu/pool/main/b/byobu/byobu_5.125-0ubuntu1_all.deb	http://ap-northeast-2.ec2.archive.ubuntu.com/ubuntu/pool/main/b/byobu/byobu_5.125-0ubuntu1_all.deb	200	103564	3d478b50f302e20fe955da6eafe1d5149bb9813ec2137628aba7b8818df4aa65	/home/aella/aws-discovery-xenial-bionic-retry2-20260831/upgrade-discovery/xenial-to-bionic/runtime/deb-cache/8a/e2/8ae2ff8239605144fa64fe6585b7529d00496d3a154213f0558c15b5b6f198ae
xenial-to-bionic	2026-08-31T11:06:24Z	GET	http://ap-northeast-2.ec2.archive.ubuntu.com/ubuntu/pool/main/e/e2fsprogs/libext2fs2_1.44.1-1ubuntu1.4_amd64.deb	http://ap-northeast-2.ec2.archive.ubuntu.com/ubuntu/pool/main/e/e2fsprogs/libext2fs2_1.44.1-1ubuntu1.4_amd64.deb	200	156464	a2a6ba3644f125b4839c7f5f44d0e9fada6edba9a1ca2bc41dbd3d602196b5a2	/home/aella/aws-discovery-xenial-bionic-retry2-20260831/upgrade-discovery/xenial-to-bionic/runtime/deb-cache/f7/08/f708e8bbcd0a3cc369da09f5d9a27fdbaaa6315140a5c0acc6ecbd451b14102e
xenial-to-bionic	2026-08-31T11:06:25Z	GET	http://ap-northeast-2.ec2.archive.ubuntu.com/ubuntu/pool/main/e/e2fsprogs/e2fslibs_1.44.1-1ubuntu1.4_amd64.deb	http://ap-northeast-2.ec2.archive.ubuntu.com/ubuntu/pool/main/e/e2fsprogs/e2fslibs_1.44.1-1ubuntu1.4_amd64.deb	200	2712	ffddcaaede153758e9d2d8f38672ca0be08a790a82a6cdd8e2cb69aa6a0930f3	/home/aella/aws-discovery-xenial-bionic-retry2-20260831/upgrade-discovery/xenial-to-bionic/runtime/deb-cache/07/6b/076b878537613399d0450071bb43e1ca635f7a968893faf616a7c36f6d39a75d
xenial-to-bionic	2026-08-31T11:06:25Z	GET	http://ap-northeast-2.ec2.archive.ubuntu.com/ubuntu/pool/main/e/e2fsprogs/e2fsprogs_1.44.1-1ubuntu1.4_amd64.deb	http://ap-northeast-2.ec2.archive.ubuntu.com/ubuntu/pool/main/e/e2fsprogs/e2fsprogs_1.44.1-1ubuntu1.4_amd64.deb	200	390440	97a1e97416e0d2274fd56c5fa93de893280384b686f2a18464a045d0c7f68fd0	/home/aella/aws-discovery-xenial-bionic-retry2-20260831/upgrade-discovery/xenial-to-bionic/runtime/deb-cache/7e/be/7ebe27d0a3a1702b7bba7c8469de82359c211c0d56a71edb6cd26ddd184a5f7f
xenial-to-bionic	2026-08-31T11:06:25Z	GET	http://ap-northeast-2.ec2.archive.ubuntu.com/ubuntu/pool/main/c/cloud-utils/cloud-guest-utils_0.30-0ubuntu5_all.deb	http://ap-northeast-2.ec2.archive.ubuntu.com/ubuntu/pool/main/c/cloud-utils/cloud-guest-utils_0.30-0ubuntu5_all.deb	200	15332	8be0fb9e8198c3da592740663fa41102641f2cf310bdd48f8bcbe5a34ab5fd4a	/home/aella/aws-discovery-xenial-bionic-retry2-20260831/upgrade-discovery/xenial-to-bionic/runtime/deb-cache/df/4f/df4f2069a521b41ce69e9dd26bd9142c5227bc37b3b7ec40d86e381588ac1521
xenial-to-bionic	2026-08-31T11:06:25Z	GET	http://ap-northeast-2.ec2.archive.ubuntu.com/ubuntu/pool/main/c/cloud-initramfs-tools/cloud-initramfs-copymods_0.40ubuntu1.1_all.deb	http://ap-northeast-2.ec2.archive.ubuntu.com/ubuntu/pool/main/c/cloud-initramfs-tools/cloud-initramfs-copymods_0.40ubuntu1.1_all.deb	200	3804	4afa9392e8e95982c82aeee4b222821670479df70a6ac52bc2b154681b2c9b66	/home/aella/aws-discovery-xenial-bionic-retry2-20260831/upgrade-discovery/xenial-to-bionic/runtime/deb-cache/61/43/61431f86e3101dfb273159f39eea5deeb1bb4b4fde1e047a9077bdf7ca45e759
xenial-to-bionic	2026-08-31T11:06:26Z	GET	http://ap-northeast-2.ec2.archive.ubuntu.com/ubuntu/pool/main/c/cloud-initramfs-tools/cloud-initramfs-dyn-netconf_0.40ubuntu1.1_all.deb	http://ap-northeast-2.ec2.archive.ubuntu.com/ubuntu/pool/main/c/cloud-initramfs-tools/cloud-initramfs-dyn-netconf_0.40ubuntu1.1_all.deb	200	6308	155aa6e94d5ffdee8a40547b08b8ea72f5285173ca0267b399954cc7507de343	/home/aella/aws-discovery-xenial-bionic-retry2-20260831/upgrade-discovery/xenial-to-bionic/runtime/deb-cache/99/94/999456d1337a8c2e5325b8871b6c465a04410a11bc8fcf6869e57c296f883b27
xenial-to-bionic	2026-08-31T11:06:26Z	GET	http://ap-northeast-2.ec2.archive.ubuntu.com/ubuntu/pool/main/e/ethtool/ethtool_4.15-0ubuntu1_amd64.deb	http://ap-northeast-2.ec2.archive.ubuntu.com/ubuntu/pool/main/e/ethtool/ethtool_4.15-0ubuntu1_amd64.deb	200	114412	3c8d1bf083dda92f8a8c2437ffc25ed7f5839f48ac3975fcdbd85edc25595553	/home/aella/aws-discovery-xenial-bionic-retry2-20260831/upgrade-discovery/xenial-to-bionic/runtime/deb-cache/fc/75/fc75699fc8cce99824e5a9bb4e89a7b7b83ed2fba3c6e431fed1828bc30af4d4
xenial-to-bionic	2026-08-31T11:06:26Z	GET	http://ap-northeast-2.ec2.archive.ubuntu.com/ubuntu/pool/main/o/open-isns/libisns0_0.97-2build1_amd64.deb	http://ap-northeast-2.ec2.archive.ubuntu.com/ubuntu/pool/main/o/open-isns/libisns0_0.97-2build1_amd64.deb	200	110104	91ec955c543900d676c4e7157f9e9618e87e0baa22b82895a191538001a3d301	/home/aella/aws-discovery-xenial-bionic-retry2-20260831/upgrade-discovery/xenial-to-bionic/runtime/deb-cache/4f/42/4f427bd41d2147174e9dd3a864abd97527b7f8715e6cc4105f41a20a7b3f427a
xenial-to-bionic	2026-08-31T11:06:26Z	GET	http://ap-northeast-2.ec2.archive.ubuntu.com/ubuntu/pool/main/o/open-iscsi/open-iscsi_2.0.874-5ubuntu2.11_amd64.deb	http://ap-northeast-2.ec2.archive.ubuntu.com/ubuntu/pool/main/o/open-iscsi/open-iscsi_2.0.874-5ubuntu2.11_amd64.deb	200	280372	b62b44368f0772a95f0e768910f09fc85affbaa75496eb3edc8306d5bd981306	/home/aella/aws-discovery-xenial-bionic-retry2-20260831/upgrade-discovery/xenial-to-bionic/runtime/deb-cache/bc/ec/bcecde40b48fd54cc237b2bd0454390086d7191610f84b3cf238125a067c9e8e
xenial-to-bionic	2026-08-31T11:06:26Z	GET	http://ap-northeast-2.ec2.archive.ubuntu.com/ubuntu/pool/main/i/icu/libicu60_60.2-3ubuntu3.2_amd64.deb	http://ap-northeast-2.ec2.archive.ubuntu.com/ubuntu/pool/main/i/icu/libicu60_60.2-3ubuntu3.2_amd64.deb	200	8050316	f01f61f57e63dc905e02e6441d10370fe0c79e43e70e6f5fe24b342fd2633209	/home/aella/aws-discovery-xenial-bionic-retry2-20260831/upgrade-discovery/xenial-to-bionic/runtime/deb-cache/62/48/62488c98edb9344da01fef7cbe76ef513002a482f4f77ee71fd619ff73a140f3
xenial-to-bionic	2026-08-31T11:06:26Z	GET	http://ap-northeast-2.ec2.archive.ubuntu.com/ubuntu/pool/main/libx/libxml2/libxml2_2.9.4%2bdfsg1-6.1ubuntu1.9_amd64.deb	http://ap-northeast-2.ec2.archive.ubuntu.com/ubuntu/pool/main/libx/libxml2/libxml2_2.9.4%2bdfsg1-6.1ubuntu1.9_amd64.deb	200	663416	43e5cf390913bdc03ec991c3c35ccfdc94316907bf0500730474a1d54eb29d9b	/home/aella/aws-discovery-xenial-bionic-retry2-20260831/upgrade-discovery/xenial-to-bionic/runtime/deb-cache/b5/78/b578ba8e3b319522b8cb7f65ca5ce124fe09904aa785ec1de7dfac4532d54ada
xenial-to-bionic	2026-08-31T11:06:27Z	GET	http://ap-northeast-2.ec2.archive.ubuntu.com/ubuntu/pool/main/libx/libxslt/libxslt1.1_1.1.29-5ubuntu0.3_amd64.deb	http://ap-northeast-2.ec2.archive.ubuntu.com/ubuntu/pool/main/libx/libxslt/libxslt1.1_1.1.29-5ubuntu0.3_amd64.deb	200	149704	a060c281ed7f82303a4b40e14455bfb342f817ed73c02a1ac81c21acd341d34d	/home/aella/aws-discovery-xenial-bionic-retry2-20260831/upgrade-discovery/xenial-to-bionic/runtime/deb-cache/4b/a0/4ba0a1ce4a5b3c9c3d1594c8e92b2b09d85df446386efbd07d830695ac13a4c1
xenial-to-bionic	2026-08-31T11:06:27Z	GET	http://ap-northeast-2.ec2.archive.ubuntu.com/ubuntu/pool/main/x/xmlsec1/libxmlsec1_1.2.25-1build1_amd64.deb	http://ap-northeast-2.ec2.archive.ubuntu.com/ubuntu/pool/main/x/xmlsec1/libxmlsec1_1.2.25-1build1_amd64.deb	200	125240	c85e0d5058583e4277615f5a5bf27f43b0e6492b717392ffbd3a62083bcfacda	/home/aella/aws-discovery-xenial-bionic-retry2-20260831/upgrade-discovery/xenial-to-bionic/runtime/deb-cache/6a/5d/6a5d88d678c98b8ae71888d09f2b6318efdb2401311350dc64ae779e5900c260
xenial-to-bionic	2026-08-31T11:06:27Z	GET	http://ap-northeast-2.ec2.archive.ubuntu.com/ubuntu/pool/main/x/xmlsec1/libxmlsec1-openssl_1.2.25-1build1_amd64.deb	http://ap-northeast-2.ec2.archive.ubuntu.com/ubuntu/pool/main/x/xmlsec1/libxmlsec1-openssl_1.2.25-1build1_amd64.deb	200	73596	4bcee60ab33b864d32e415d029afd65c2bba5759fc82e576169563acf8b31947	/home/aella/aws-discovery-xenial-bionic-retry2-20260831/upgrade-discovery/xenial-to-bionic/runtime/deb-cache/33/4a/334af6d2129ff75cba81bcc4d70e4bb713cf07a9c84b97ee2f7ac4d38b71787e
xenial-to-bionic	2026-08-31T11:06:28Z	GET	http://ap-northeast-2.ec2.archive.ubuntu.com/ubuntu/pool/main/libd/libdrm/libdrm-common_2.4.101-2%7e18.04.1_all.deb	http://ap-northeast-2.ec2.archive.ubuntu.com/ubuntu/pool/main/libd/libdrm/libdrm-common_2.4.101-2%7e18.04.1_all.deb	200	5560	aeb91e6c0c4072cd39b70f8f9f49fe99ddf874aead25792322191539b0a1227d	/home/aella/aws-discovery-xenial-bionic-retry2-20260831/upgrade-discovery/xenial-to-bionic/runtime/deb-cache/8e/23/8e238c5baacd31e294d7b6dade82fa7b11f674437af21dbd2c88c277e7dddaa5
xenial-to-bionic	2026-08-31T11:06:28Z	GET	http://ap-northeast-2.ec2.archive.ubuntu.com/ubuntu/pool/main/libd/libdrm/libdrm2_2.4.101-2%7e18.04.1_amd64.deb	http://ap-northeast-2.ec2.archive.ubuntu.com/ubuntu/pool/main/libd/libdrm/libdrm2_2.4.101-2%7e18.04.1_amd64.deb	200	32260	11189d34243699552eb95421a74bead7cc413573691873ee9a6267f360d2db32	/home/aella/aws-discovery-xenial-bionic-retry2-20260831/upgrade-discovery/xenial-to-bionic/runtime/deb-cache/21/1d/211d138a2f1ae0a7c8be12be6e35881fc36bc02d626420d3dc1e4acd281537f1
xenial-to-bionic	2026-08-31T11:06:28Z	GET	http://ap-northeast-2.ec2.archive.ubuntu.com/ubuntu/pool/main/libm/libmspack/libmspack0_0.6-3ubuntu0.3_amd64.deb	http://ap-northeast-2.ec2.archive.ubuntu.com/ubuntu/pool/main/libm/libmspack/libmspack0_0.6-3ubuntu0.3_amd64.deb	200	37500	071cc02976d799c5dc190029239e6806c9ca14fabced7a7ca1ca5117ec44f7ff	/home/aella/aws-discovery-xenial-bionic-retry2-20260831/upgrade-discovery/xenial-to-bionic/runtime/deb-cache/5b/f2/5bf22ddef5b523abda0a7ea30c262146e680fc1b0fef5b4cac95f1d259df4703
xenial-to-bionic	2026-08-31T11:06:28Z	GET	http://ap-northeast-2.ec2.archive.ubuntu.com/ubuntu/pool/main/p/pciutils/pciutils_3.5.2-1ubuntu1.1_amd64.deb	http://ap-northeast-2.ec2.archive.ubuntu.com/ubuntu/pool/main/p/pciutils/pciutils_3.5.2-1ubuntu1.1_amd64.deb	200	257292	217ff292f4a0e5b3acfa02eba10c82895175fc19698113453c16a529575d5264	/home/aella/aws-discovery-xenial-bionic-retry2-20260831/upgrade-discovery/xenial-to-bionic/runtime/deb-cache/e8/6d/e86d2de4ecb741a2fad888d2f657e9f9d0903a50d0fca1222951a487b32c1c13
xenial-to-bionic	2026-08-31T11:06:28Z	GET	http://ap-northeast-2.ec2.archive.ubuntu.com/ubuntu/pool/main/p/pciutils/libpci3_3.5.2-1ubuntu1.1_amd64.deb	http://ap-northeast-2.ec2.archive.ubuntu.com/ubuntu/pool/main/p/pciutils/libpci3_3.5.2-1ubuntu1.1_amd64.deb	200	24148	eace46f6ebbcc8cd123c25af36ce8be1e5534fa61641a7229d1f4cd27c56869e	/home/aella/aws-discovery-xenial-bionic-retry2-20260831/upgrade-discovery/xenial-to-bionic/runtime/deb-cache/1d/1a/1d1a36d1689aebe501ba4f91d30179b0a34fe69294594f46c76f2791a05d37d0
xenial-to-bionic	2026-08-31T11:06:28Z	GET	http://ap-northeast-2.ec2.archive.ubuntu.com/ubuntu/pool/main/o/open-vm-tools/open-vm-tools_11.0.5-4ubuntu0.18.04.3_amd64.deb	http://ap-northeast-2.ec2.archive.ubuntu.com/ubuntu/pool/main/o/open-vm-tools/open-vm-tools_11.0.5-4ubuntu0.18.04.3_amd64.deb	200	543828	693288f0ea0706670fdab1ccd3691c21627af69804136582b51cfc38dd6fae98	/home/aella/aws-discovery-xenial-bionic-retry2-20260831/upgrade-discovery/xenial-to-bionic/runtime/deb-cache/10/c5/10c5722693e41c68c2a63f1d93e9f7b8840ff9e11e79ab9ef09c05a66bb23606
xenial-to-bionic	2026-08-31T11:06:28Z	GET	http://ap-northeast-2.ec2.archive.ubuntu.com/ubuntu/pool/main/c/cryptsetup/cryptsetup-bin_2.0.2-1ubuntu1.2_amd64.deb	http://ap-northeast-2.ec2.archive.ubuntu.com/ubuntu/pool/main/c/cryptsetup/cryptsetup-bin_2.0.2-1ubuntu1.2_amd64.deb	200	92972	ade25310a1beffc223b996bc40046542c9b56c4502ea5b1b9fa1a771d036c9d2	/home/aella/aws-discovery-xenial-bionic-retry2-20260831/upgrade-discovery/xenial-to-bionic/runtime/deb-cache/3b/69/3b692dd5d9ecaf57a06fdc7bfba5a10799d4c64844c7f6c15639e732c3352ad3
xenial-to-bionic	2026-08-31T11:06:28Z	GET	http://ap-northeast-2.ec2.archive.ubuntu.com/ubuntu/pool/main/c/cryptsetup/cryptsetup_2.0.2-1ubuntu1.2_amd64.deb	http://ap-northeast-2.ec2.archive.ubuntu.com/ubuntu/pool/main/c/cryptsetup/cryptsetup_2.0.2-1ubuntu1.2_amd64.deb	200	151664	88170abe7a79ec13580ad148fb4bd2fbb8c722b8fbd1d249368d01cc737acc1a	/home/aella/aws-discovery-xenial-bionic-retry2-20260831/upgrade-discovery/xenial-to-bionic/runtime/deb-cache/da/bf/dabf6d14bf59d4667431489f60308c96aa81c05a451615a3d46b1525f6aa5531
xenial-to-bionic	2026-08-31T11:06:28Z	GET	http://ap-northeast-2.ec2.archive.ubuntu.com/ubuntu/pool/main/c/cloud-initramfs-tools/overlayroot_0.40ubuntu1.1_all.deb	http://ap-northeast-2.ec2.archive.ubuntu.com/ubuntu/pool/main/c/cloud-initramfs-tools/overlayroot_0.40ubuntu1.1_all.deb	200	15152	402cea45728a38ad7606655d037cadeb8e798dbf0895538a46a67ba2fad1912c	/home/aella/aws-discovery-xenial-bionic-retry2-20260831/upgrade-discovery/xenial-to-bionic/runtime/deb-cache/82/ae/82ae4725a402ee2efe458379694d7a62486dcc25b852328771c7eb77460c1a73
xenial-to-bionic	2026-08-31T11:06:28Z	GET	http://ap-northeast-2.ec2.archive.ubuntu.com/ubuntu/pool/main/g/gpm/libgpm2_1.20.7-5_amd64.deb	http://ap-northeast-2.ec2.archive.ubuntu.com/ubuntu/pool/main/g/gpm/libgpm2_1.20.7-5_amd64.deb	200	15076	8d5a84110df1a8e6acf3f786256876f7ecb479a9b07965d5400ab215e1f3cc9f	/home/aella/aws-discovery-xenial-bionic-retry2-20260831/upgrade-discovery/xenial-to-bionic/runtime/deb-cache/c9/a6/c9a6e90d2287cfde47b3e24193324848ad7587bcc25eb0cc98997d2d1e1bef7c
xenial-to-bionic	2026-08-31T11:06:28Z	GET	http://ap-northeast-2.ec2.archive.ubuntu.com/ubuntu/pool/main/p/python3.6/libpython3.6_3.6.9-1%7e18.04ubuntu1.12_amd64.deb	http://ap-northeast-2.ec2.archive.ubuntu.com/ubuntu/pool/main/p/python3.6/libpython3.6_3.6.9-1%7e18.04ubuntu1.12_amd64.deb	200	1414044	c301aac744bad362d9642c8205ce89339d5e59c95a00992055f731e83c4ec433	/home/aella/aws-discovery-xenial-bionic-retry2-20260831/upgrade-discovery/xenial-to-bionic/runtime/deb-cache/26/6f/266f4e14b652bb6a254ab23fa674f803a5f133a8bc44956afa4784c9602904c5
xenial-to-bionic	2026-08-31T11:06:28Z	GET	http://ap-northeast-2.ec2.archive.ubuntu.com/ubuntu/pool/main/v/vim/vim_8.0.1453-1ubuntu1.13_amd64.deb	http://ap-northeast-2.ec2.archive.ubuntu.com/ubuntu/pool/main/v/vim/vim_8.0.1453-1ubuntu1.13_amd64.deb	200	1156340	4395befaea533d244960d20333519fc7f4549e95905e09a8877556aae165ad3a	/home/aella/aws-discovery-xenial-bionic-retry2-20260831/upgrade-discovery/xenial-to-bionic/runtime/deb-cache/9e/ad/9ead35592680cdf2e40e1c134d7c18faf0cf2ccf1e3b3d51682765751a5b55a0
xenial-to-bionic	2026-08-31T11:06:28Z	GET	http://ap-northeast-2.ec2.archive.ubuntu.com/ubuntu/pool/main/v/vim/vim-tiny_8.0.1453-1ubuntu1.13_amd64.deb	http://ap-northeast-2.ec2.archive.ubuntu.com/ubuntu/pool/main/v/vim/vim-tiny_8.0.1453-1ubuntu1.13_amd64.deb	200	478968	71d56c906b62685534dfedb1e8052058db37849aad6721d25bc258aec75ad23c	/home/aella/aws-discovery-xenial-bionic-retry2-20260831/upgrade-discovery/xenial-to-bionic/runtime/deb-cache/d2/89/d289ddc369f6b7b900789f09d09e3579844d28c34459fbf80e1ba37c3c6e8649
xenial-to-bionic	2026-08-31T11:06:28Z	GET	http://ap-northeast-2.ec2.archive.ubuntu.com/ubuntu/pool/main/v/vim/vim-runtime_8.0.1453-1ubuntu1.13_all.deb	http://ap-northeast-2.ec2.archive.ubuntu.com/ubuntu/pool/main/v/vim/vim-runtime_8.0.1453-1ubuntu1.13_all.deb	200	5439060	bb2fd0dc71b91c8858c22046e18c2c180f87c16c76531bb6096a3408c700c4dc	/home/aella/aws-discovery-xenial-bionic-retry2-20260831/upgrade-discovery/xenial-to-bionic/runtime/deb-cache/6b/11/6b114c6b5e2b43718ec0f35b1ec9e2aa17f6cb16c63336b636dff80b49522c32
xenial-to-bionic	2026-08-31T11:06:28Z	GET	http://ap-northeast-2.ec2.archive.ubuntu.com/ubuntu/pool/main/v/vim/vim-common_8.0.1453-1ubuntu1.13_all.deb	http://ap-northeast-2.ec2.archive.ubuntu.com/ubuntu/pool/main/v/vim/vim-common_8.0.1453-1ubuntu1.13_all.deb	200	73116	4f987ba0ed586ccddfb323e2022d38c91fd53e2470a7beed7d1b1ee65eb38a8e	/home/aella/aws-discovery-xenial-bionic-retry2-20260831/upgrade-discovery/xenial-to-bionic/runtime/deb-cache/0f/e3/0fe3d471e4076dc06941f3a5ce19afebc7597d285fe19894523b25c781baad41
xenial-to-bionic	2026-08-31T11:06:29Z	GET	http://ap-northeast-2.ec2.archive.ubuntu.com/ubuntu/pool/main/v/vim/xxd_8.0.1453-1ubuntu1.13_amd64.deb	http://ap-northeast-2.ec2.archive.ubuntu.com/ubuntu/pool/main/v/vim/xxd_8.0.1453-1ubuntu1.13_amd64.deb	200	51900	2248c382227451eede4c9400472304bd22e8dbb08bd1053c86138806a6187778	/home/aella/aws-discovery-xenial-bionic-retry2-20260831/upgrade-discovery/xenial-to-bionic/runtime/deb-cache/19/71/197150e0ccdb9baaefe1a3f19341e48ecaf60669eae09521a132a0ea7e6c2d83
xenial-to-bionic	2026-08-31T11:06:29Z	GET	http://ap-northeast-2.ec2.archive.ubuntu.com/ubuntu/pool/main/p/pollinate/pollinate_4.33-0ubuntu1%7e18.04.2_all.deb	http://ap-northeast-2.ec2.archive.ubuntu.com/ubuntu/pool/main/p/pollinate/pollinate_4.33-0ubuntu1%7e18.04.2_all.deb	200	11840	16155f875be6cd5b7e3484f0b2d184b687bf42772e494e1d95fec502fb162ca6	/home/aella/aws-discovery-xenial-bionic-retry2-20260831/upgrade-discovery/xenial-to-bionic/runtime/deb-cache/8b/7f/8b7f55c7a27c93cb708efd59e1ef493df2ed5bf2ae254ee07ef15ead6d8b329a
xenial-to-bionic	2026-08-31T11:06:29Z	GET	http://ap-northeast-2.ec2.archive.ubuntu.com/ubuntu/pool/main/s/screen/screen_4.6.2-1ubuntu1.1_amd64.deb	http://ap-northeast-2.ec2.archive.ubuntu.com/ubuntu/pool/main/s/screen/screen_4.6.2-1ubuntu1.1_amd64.deb	200	576936	9589a9b9d05835021c96656937a7352334a06aedab1b5e23e30c0a62067f2f3b	/home/aella/aws-discovery-xenial-bionic-retry2-20260831/upgrade-discovery/xenial-to-bionic/runtime/deb-cache/6b/0e/6b0ee030b2494f2d72adb6d364151dd0876e137d18be168c791f65800ec381ab
xenial-to-bionic	2026-08-31T11:06:29Z	GET	http://ap-northeast-2.ec2.archive.ubuntu.com/ubuntu/pool/main/p/ptyprocess/python3-ptyprocess_0.5.2-1_all.deb	http://ap-northeast-2.ec2.archive.ubuntu.com/ubuntu/pool/main/p/ptyprocess/python3-ptyprocess_0.5.2-1_all.deb	200	12652	2e14058e0927ed0837d6d213432bc80289264c14c594191f5a3aa336c23a7a39	/home/aella/aws-discovery-xenial-bionic-retry2-20260831/upgrade-discovery/xenial-to-bionic/runtime/deb-cache/3e/e6/3ee68e9207f46291860ca4a634c4fd6e9b24b213d484a165432afb8fb0295aeb
xenial-to-bionic	2026-08-31T11:06:29Z	GET	http://ap-northeast-2.ec2.archive.ubuntu.com/ubuntu/pool/main/p/pexpect/python3-pexpect_4.2.1-1_all.deb	http://ap-northeast-2.ec2.archive.ubuntu.com/ubuntu/pool/main/p/pexpect/python3-pexpect_4.2.1-1_all.deb	200	42440	5f488c06e79e9b52ebb1229e2db68fcfc627e31b6c32444adc9b53c0c35ebbea	/home/aella/aws-discovery-xenial-bionic-retry2-20260831/upgrade-discovery/xenial-to-bionic/runtime/deb-cache/8a/46/8a46c2dd6cec4f5d0625849eeff65f7abdc3d2158a56d275f4c2542ccf44216a
xenial-to-bionic	2026-08-31T11:06:29Z	GET	http://ap-northeast-2.ec2.archive.ubuntu.com/ubuntu/pool/main/s/sosreport/sosreport_4.4-1ubuntu0.18.04.3_amd64.deb	http://ap-northeast-2.ec2.archive.ubuntu.com/ubuntu/pool/main/s/sosreport/sosreport_4.4-1ubuntu0.18.04.3_amd64.deb	200	304844	e4e0276053ba1370eb66903227d32769af8e4f67473cefd5b1592fee63cc8eed	/home/aella/aws-discovery-xenial-bionic-retry2-20260831/upgrade-discovery/xenial-to-bionic/runtime/deb-cache/ef/02/ef0270d8ffa3177cfb3541a5fe3b8290a7cc2e6045793f3d7e00b87c5cc7963b
xenial-to-bionic	2026-08-31T11:06:30Z	GET	http://ap-northeast-2.ec2.archive.ubuntu.com/ubuntu/pool/main/x/xfsprogs/xfsprogs_4.9.0%2bnmu1ubuntu2_amd64.deb	http://ap-northeast-2.ec2.archive.ubuntu.com/ubuntu/pool/main/x/xfsprogs/xfsprogs_4.9.0%2bnmu1ubuntu2_amd64.deb	200	682824	b29e34cb8a4138b180ca3f18b4dff30df8fe30ac144c839129f35498d33ff774	/home/aella/aws-discovery-xenial-bionic-retry2-20260831/upgrade-discovery/xenial-to-bionic/runtime/deb-cache/99/90/99900d4033b5a2a6399d05f6ecff410dfef899fc803c7e133ecb28372adca497
xenial-to-bionic	2026-08-31T11:06:30Z	GET	http://ap-northeast-2.ec2.archive.ubuntu.com/ubuntu/pool/main/u/ubuntu-meta/ubuntu-server_1.417.5_amd64.deb	http://ap-northeast-2.ec2.archive.ubuntu.com/ubuntu/pool/main/u/ubuntu-meta/ubuntu-server_1.417.5_amd64.deb	200	2548	2c7fe99c5463488a834e868af51552a363b4a7c8b802154ae346a3fa9688c226	/home/aella/aws-discovery-xenial-bionic-retry2-20260831/upgrade-discovery/xenial-to-bionic/runtime/deb-cache/3b/b0/3bb0de3510b3f40868c324e96b79aba9421bec3bc37ed064629c398c04ead99f
xenial-to-bionic	2026-08-31T11:06:30Z	GET	http://ap-northeast-2.ec2.archive.ubuntu.com/ubuntu/pool/main/b/base-files/base-files_10.1ubuntu2.12_amd64.deb	http://ap-northeast-2.ec2.archive.ubuntu.com/ubuntu/pool/main/b/base-files/base-files_10.1ubuntu2.12_amd64.deb	200	60356	b2ab5a54d4d81edce2ff2704650b5144eacb396b1afc2ad59728daba1a2219a8	/home/aella/aws-discovery-xenial-bionic-retry2-20260831/upgrade-discovery/xenial-to-bionic/runtime/deb-cache/6c/82/6c826f809a13491f50397307e6ce6bed44ff95233c88ea9cb88c1cb525208f64
xenial-to-bionic	2026-08-31T11:06:30Z	GET	http://ap-northeast-2.ec2.archive.ubuntu.com/ubuntu/pool/main/b/base-files/motd-news-config_10.1ubuntu2.12_all.deb	http://ap-northeast-2.ec2.archive.ubuntu.com/ubuntu/pool/main/b/base-files/motd-news-config_10.1ubuntu2.12_all.deb	200	4440	42eaa339a3165fb18ceec93c94b4bbdac4ddb2828454ef958624c40de4c7158e	/home/aella/aws-discovery-xenial-bionic-retry2-20260831/upgrade-discovery/xenial-to-bionic/runtime/deb-cache/2f/fe/2ffe6df5946bec6bec2ea54efeba96bccf1fa42f5612dca65d554eb9f242d0d3
xenial-to-bionic	2026-08-31T11:06:30Z	GET	http://ap-northeast-2.ec2.archive.ubuntu.com/ubuntu/pool/main/b/bash/bash_4.4.18-2ubuntu1.3_amd64.deb	http://ap-northeast-2.ec2.archive.ubuntu.com/ubuntu/pool/main/b/bash/bash_4.4.18-2ubuntu1.3_amd64.deb	200	614620	54e03bbeb6bf647f7bef19ac88b4209e435af1b339f0c779c66e9ec57c737f72	/home/aella/aws-discovery-xenial-bionic-retry2-20260831/upgrade-discovery/xenial-to-bionic/runtime/deb-cache/04/d6/04d6ae591c9a160f451690fbb2f88c38a494385e5c1725b5762375a46ddae068
xenial-to-bionic	2026-08-31T11:06:31Z	GET	http://ap-northeast-2.ec2.archive.ubuntu.com/ubuntu/pool/main/d/dash/dash_0.5.8-2.10_amd64.deb	http://ap-northeast-2.ec2.archive.ubuntu.com/ubuntu/pool/main/d/dash/dash_0.5.8-2.10_amd64.deb	200	88544	51fe28b98b8e023325ae8868f29807cdb53f6f2eac943723b5e6bd47cde0cb2c	/home/aella/aws-discovery-xenial-bionic-retry2-20260831/upgrade-discovery/xenial-to-bionic/runtime/deb-cache/8c/68/8c68d4d8a81837bb49753ec13f00c1f0b236a326cc6f7a69ca48142d1093599b
xenial-to-bionic	2026-08-31T11:06:31Z	GET	http://ap-northeast-2.ec2.archive.ubuntu.com/ubuntu/pool/main/d/diffutils/diffutils_3.6-1_amd64.deb	http://ap-northeast-2.ec2.archive.ubuntu.com/ubuntu/pool/main/d/diffutils/diffutils_3.6-1_amd64.deb	200	167178	4a2f0f62cb9c7bc00d535e85f5629eb9f513e9c6161474a95445db1c446b5dc1	/home/aella/aws-discovery-xenial-bionic-retry2-20260831/upgrade-discovery/xenial-to-bionic/runtime/deb-cache/52/ba/52baf276c2c8b1ab3a970f6a701b0f866142e148ae3f4fac854d07912adcc7bb
xenial-to-bionic	2026-08-31T11:06:31Z	GET	http://ap-northeast-2.ec2.archive.ubuntu.com/ubuntu/pool/main/f/findutils/findutils_4.6.0%2bgit%2b20170828-2_amd64.deb	http://ap-northeast-2.ec2.archive.ubuntu.com/ubuntu/pool/main/f/findutils/findutils_4.6.0%2bgit%2b20170828-2_amd64.deb	200	291344	70a920ad25287775ed169b20405703f85860e7fba0cf0672e2aea6b800835b26	/home/aella/aws-discovery-xenial-bionic-retry2-20260831/upgrade-discovery/xenial-to-bionic/runtime/deb-cache/7d/6a/7d6ab59786c643398db27123a1eee05c74d0af2513cb44e49a10ce67bf17bcdc
xenial-to-bionic	2026-08-31T11:06:32Z	GET	http://ap-northeast-2.ec2.archive.ubuntu.com/ubuntu/pool/main/g/grep/grep_3.1-2build1_amd64.deb	http://ap-northeast-2.ec2.archive.ubuntu.com/ubuntu/pool/main/g/grep/grep_3.1-2build1_amd64.deb	200	158964	069931377d9c13691622444463494030d907602afddd989b8f30336e079abe33	/home/aella/aws-discovery-xenial-bionic-retry2-20260831/upgrade-discovery/xenial-to-bionic/runtime/deb-cache/f5/7c/f57c57fee9396208167fe258f90fcddf8f8b0734651c9d1acf5cfe71327513fc
xenial-to-bionic	2026-08-31T11:06:32Z	GET	http://ap-northeast-2.ec2.archive.ubuntu.com/ubuntu/pool/main/g/gzip/gzip_1.6-5ubuntu1.2_amd64.deb	http://ap-northeast-2.ec2.archive.ubuntu.com/ubuntu/pool/main/g/gzip/gzip_1.6-5ubuntu1.2_amd64.deb	200	90316	322f7a25fb281d27526661f672efec1b4e310c4140730a67aa26b59b98950ae3	/home/aella/aws-discovery-xenial-bionic-retry2-20260831/upgrade-discovery/xenial-to-bionic/runtime/deb-cache/41/71/4171f1943851611128d1453e1237d6f0250a243a38b48a7a279f10666654bb28
xenial-to-bionic	2026-08-31T11:06:32Z	GET	http://ap-northeast-2.ec2.archive.ubuntu.com/ubuntu/pool/main/h/hostname/hostname_3.20_amd64.deb	http://ap-northeast-2.ec2.archive.ubuntu.com/ubuntu/pool/main/h/hostname/hostname_3.20_amd64.deb	200	11296	220e0bfc812916f6f94d603096298591272dc4645a057b7734d211c7f81e9ec7	/home/aella/aws-discovery-xenial-bionic-retry2-20260831/upgrade-discovery/xenial-to-bionic/runtime/deb-cache/97/55/975531011404764790cdb0f9772958e352d49ab0db0b73e46c9a76aa17d79827
xenial-to-bionic	2026-08-31T11:06:32Z	GET	http://ap-northeast-2.ec2.archive.ubuntu.com/ubuntu/pool/main/s/shadow/login_4.5-1ubuntu2.5_amd64.deb	http://ap-northeast-2.ec2.archive.ubuntu.com/ubuntu/pool/main/s/shadow/login_4.5-1ubuntu2.5_amd64.deb	200	306948	e18a7017a1ca25e80450293ec85acfe63b1101f07c4f414776a47b6e89f187a6	/home/aella/aws-discovery-xenial-bionic-retry2-20260831/upgrade-discovery/xenial-to-bionic/runtime/deb-cache/30/a6/30a60bcadc145830c31bd30f315fe5859d83b2d62c750e6bc35d8931b332e28c
xenial-to-bionic	2026-08-31T11:06:32Z	GET	http://ap-northeast-2.ec2.archive.ubuntu.com/ubuntu/pool/main/i/init-system-helpers/init_1.51_amd64.deb	http://ap-northeast-2.ec2.archive.ubuntu.com/ubuntu/pool/main/i/init-system-helpers/init_1.51_amd64.deb	200	5864	dfed676bd0592994647f8478c92f66b8649930546794fe9c63e5e090a4f115b9	/home/aella/aws-discovery-xenial-bionic-retry2-20260831/upgrade-discovery/xenial-to-bionic/runtime/deb-cache/f1/97/f1972a7b0d9a9de37e0a8cef2dc422ee7b472a0508645e9d42a266f5c4bfe52a
xenial-to-bionic	2026-08-31T11:06:32Z	GET	http://ap-northeast-2.ec2.archive.ubuntu.com/ubuntu/pool/main/c/cdebconf/libdebconfclient0_0.213ubuntu1_amd64.deb	http://ap-northeast-2.ec2.archive.ubuntu.com/ubuntu/pool/main/c/cdebconf/libdebconfclient0_0.213ubuntu1_amd64.deb	200	6048	7a3e3979966479aa108ff5ef991d00a080a37ea79822276c2ec1b6d5bf522333	/home/aella/aws-discovery-xenial-bionic-retry2-20260831/upgrade-discovery/xenial-to-bionic/runtime/deb-cache/db/de/dbde7f19998576da26bc08687a93ce4f4c48901ac7751bc47529c402a49172ca
xenial-to-bionic	2026-08-31T11:06:32Z	GET	http://ap-northeast-2.ec2.archive.ubuntu.com/ubuntu/pool/main/b/base-passwd/base-passwd_3.5.44_amd64.deb	http://ap-northeast-2.ec2.archive.ubuntu.com/ubuntu/pool/main/b/base-passwd/base-passwd_3.5.44_amd64.deb	200	47236	6910f5a7f6fa9ba8eb98e3925abba9709bd28cf6f368955e536119ad39e9ad94	/home/aella/aws-discovery-xenial-bionic-retry2-20260831/upgrade-discovery/xenial-to-bionic/runtime/deb-cache/30/ee/30ee009afeeaccb2c18521908e40701458a825bfd40aa28736bf09abb8fae684
xenial-to-bionic	2026-08-31T11:06:32Z	GET	http://ap-northeast-2.ec2.archive.ubuntu.com/ubuntu/pool/main/n/ncurses/ncurses-base_6.1-1ubuntu1.18.04.1_all.deb	http://ap-northeast-2.ec2.archive.ubuntu.com/ubuntu/pool/main/n/ncurses/ncurses-base_6.1-1ubuntu1.18.04.1_all.deb	200	18268	c3d95e18613d6b59f744776520c605d43042db8a8e2a9be3e3b456cac9d9c3cb	/home/aella/aws-discovery-xenial-bionic-retry2-20260831/upgrade-discovery/xenial-to-bionic/runtime/deb-cache/f2/e9/f2e9843ecec2a4c1fb75ecfc13e96cc41c2e8fdd862a402ae16514e09e64054f
xenial-to-bionic	2026-08-31T11:06:34Z	GET	http://ap-northeast-2.ec2.archive.ubuntu.com/ubuntu/pool/main/l/lxc/liblxc1_3.0.3-0ubuntu1%7e18.04.3_amd64.deb	http://ap-northeast-2.ec2.archive.ubuntu.com/ubuntu/pool/main/l/lxc/liblxc1_3.0.3-0ubuntu1%7e18.04.3_amd64.deb	200	263388	b5f9cdc14ce575bf4aa0640a062b19611d4cd4289b11327a8270040058d9aa0d	/home/aella/aws-discovery-xenial-bionic-retry2-20260831/upgrade-discovery/xenial-to-bionic/runtime/deb-cache/95/56/95560d1f0dcefc4dbc4a753e0c4b3106a724d00f20914fc67a0840dae1d8816b
xenial-to-bionic	2026-08-31T11:06:35Z	GET	http://ap-northeast-2.ec2.archive.ubuntu.com/ubuntu/pool/main/l/lxc/liblxc-common_3.0.3-0ubuntu1%7e18.04.3_amd64.deb	http://ap-northeast-2.ec2.archive.ubuntu.com/ubuntu/pool/main/l/lxc/liblxc-common_3.0.3-0ubuntu1%7e18.04.3_amd64.deb	200	438284	0330876aabf5800e0aa297d3fcac957ad882175aed023cba7ba85be73787c783	/home/aella/aws-discovery-xenial-bionic-retry2-20260831/upgrade-discovery/xenial-to-bionic/runtime/deb-cache/0e/e1/0ee100d19466402b6f12713706f0c5b245211c29dd846ef3caad5f7864ef7ec5
xenial-to-bionic	2026-08-31T11:06:35Z	GET	http://ap-northeast-2.ec2.archive.ubuntu.com/ubuntu/pool/main/r/rsync/rsync_3.1.2-2.1ubuntu1.6_amd64.deb	http://ap-northeast-2.ec2.archive.ubuntu.com/ubuntu/pool/main/r/rsync/rsync_3.1.2-2.1ubuntu1.6_amd64.deb	200	338460	b564f3fe9b79cef954e02f7e800d4ee81e8b9b244fec27bd0b0f80a9c03cd3cf	/home/aella/aws-discovery-xenial-bionic-retry2-20260831/upgrade-discovery/xenial-to-bionic/runtime/deb-cache/b0/44/b0445596c1e4f0f32205b93f9401861786da8a9cca621aea1e9de78dc3415784
xenial-to-bionic	2026-08-31T11:06:35Z	GET	http://ap-northeast-2.ec2.archive.ubuntu.com/ubuntu/pool/main/libc/libcap2/libcap2_2.25-1.2_amd64.deb	http://ap-northeast-2.ec2.archive.ubuntu.com/ubuntu/pool/main/libc/libcap2/libcap2_2.25-1.2_amd64.deb	200	13040	00655717ec2494a953b1c3f477bc86b080760402b72a926057076144aa8b9c41	/home/aella/aws-discovery-xenial-bionic-retry2-20260831/upgrade-discovery/xenial-to-bionic/runtime/deb-cache/76/8e/768e7af40b37d50ca20fd65afd81a5358df885be72fecea733e2f90db58c5da8
xenial-to-bionic	2026-08-31T11:06:35Z	GET	http://ap-northeast-2.ec2.archive.ubuntu.com/ubuntu/pool/main/m/mawk/mawk_1.3.3-17ubuntu3_amd64.deb	http://ap-northeast-2.ec2.archive.ubuntu.com/ubuntu/pool/main/m/mawk/mawk_1.3.3-17ubuntu3_amd64.deb	200	81500	8261763e3a25c21fb015779bde4a088baea74a468ee66347ab2744cd3b52d3f7	/home/aella/aws-discovery-xenial-bionic-retry2-20260831/upgrade-discovery/xenial-to-bionic/runtime/deb-cache/d6/51/d6514f19bca2076d102b757c4cdf3cb218a5a6da19cee8845c32b08e0ec52643
xenial-to-bionic	2026-08-31T11:06:35Z	GET	http://ap-northeast-2.ec2.archive.ubuntu.com/ubuntu/pool/main/a/accountsservice/accountsservice_0.6.45-1ubuntu1.3_amd64.deb	http://ap-northeast-2.ec2.archive.ubuntu.com/ubuntu/pool/main/a/accountsservice/accountsservice_0.6.45-1ubuntu1.3_amd64.deb	200	62420	3d76bac7ae425b8eff2599da2b02b2874ad2df6603d0b7b645cf8cc1f830c9a1	/home/aella/aws-discovery-xenial-bionic-retry2-20260831/upgrade-discovery/xenial-to-bionic/runtime/deb-cache/c8/50/c85039697e32f53c22903a0f8ab1e9330ce8255ebe9db889d599d36bc1f5149b
xenial-to-bionic	2026-08-31T11:06:35Z	GET	http://ap-northeast-2.ec2.archive.ubuntu.com/ubuntu/pool/main/a/accountsservice/libaccountsservice0_0.6.45-1ubuntu1.3_amd64.deb	http://ap-northeast-2.ec2.archive.ubuntu.com/ubuntu/pool/main/a/accountsservice/libaccountsservice0_0.6.45-1ubuntu1.3_amd64.deb	200	72668	bcaf7cdb1b9873cfba107759e791580e8dfb3eeca4f7ec562924d1da56ac5720	/home/aella/aws-discovery-xenial-bionic-retry2-20260831/upgrade-discovery/xenial-to-bionic/runtime/deb-cache/c9/d3/c9d39a0c1f1fb3b1f41beec5bf3b002b50abc66b6b40f3eb27269a010ddd26c7
xenial-to-bionic	2026-08-31T11:06:35Z	GET	http://ap-northeast-2.ec2.archive.ubuntu.com/ubuntu/pool/main/p/policykit-1/libpolkit-gobject-1-0_0.105-20ubuntu0.18.04.6_amd64.deb	http://ap-northeast-2.ec2.archive.ubuntu.com/ubuntu/pool/main/p/policykit-1/libpolkit-gobject-1-0_0.105-20ubuntu0.18.04.6_amd64.deb	200	36368	105353290ae1b54f93ea3ede1f3a3d503cc9b6e8e2cdde1fc98b964306468172	/home/aella/aws-discovery-xenial-bionic-retry2-20260831/upgrade-discovery/xenial-to-bionic/runtime/deb-cache/34/94/349444effa33cf88884a56f4efb8bba5a4134fbc3071e6eeb7c90643f0eea9ad
xenial-to-bionic	2026-08-31T11:06:36Z	GET	http://ap-northeast-2.ec2.archive.ubuntu.com/ubuntu/pool/main/l/language-selector/language-selector-common_0.188.3_all.deb	http://ap-northeast-2.ec2.archive.ubuntu.com/ubuntu/pool/main/l/language-selector/language-selector-common_0.188.3_all.deb	200	218816	17183a8f0cefc2cf8b51c80bc10a1e0ffc53ff30d3dbbcbbd15b6d9c0d6dd34f	/home/aella/aws-discovery-xenial-bionic-retry2-20260831/upgrade-discovery/xenial-to-bionic/runtime/deb-cache/60/a7/60a70f7235672cae8c97138fb502bf6ebdb3c93aabc478a24addc90016539775
xenial-to-bionic	2026-08-31T11:06:36Z	GET	http://ap-northeast-2.ec2.archive.ubuntu.com/ubuntu/pool/main/libn/libnih/libnih1_1.0.3-6ubuntu2_amd64.deb	http://ap-northeast-2.ec2.archive.ubuntu.com/ubuntu/pool/main/libn/libnih/libnih1_1.0.3-6ubuntu2_amd64.deb	200	49340	7534d7217c5e4d3f4e0bce47406cf79f17cc757ac86f47502d479322beea1bf5	/home/aella/aws-discovery-xenial-bionic-retry2-20260831/upgrade-discovery/xenial-to-bionic/runtime/deb-cache/f4/9e/f49e03acbe7c58b2b0bb1b15d83ad533c356d752a0f9cd188642f47ea12c2307
xenial-to-bionic	2026-08-31T11:06:37Z	GET	http://ap-northeast-2.ec2.archive.ubuntu.com/ubuntu/pool/main/g/groff/groff-base_1.22.3-10_amd64.deb	http://ap-northeast-2.ec2.archive.ubuntu.com/ubuntu/pool/main/g/groff/groff-base_1.22.3-10_amd64.deb	200	1152504	970dbdef2b64b0ea354b39434ccbd7fc7d50b81fed26b75a1179aee653b99be2	/home/aella/aws-discovery-xenial-bionic-retry2-20260831/upgrade-discovery/xenial-to-bionic/runtime/deb-cache/57/08/5708d406e5228d171e4d381b53d525c7615e948ab674ff4f58363090d425af46
xenial-to-bionic	2026-08-31T11:06:37Z	GET	http://ap-northeast-2.ec2.archive.ubuntu.com/ubuntu/pool/main/libp/libpipeline/libpipeline1_1.5.0-1_amd64.deb	http://ap-northeast-2.ec2.archive.ubuntu.com/ubuntu/pool/main/libp/libpipeline/libpipeline1_1.5.0-1_amd64.deb	200	25256	643b1e8e975bfbecdbadc6a9b7de05562827f9c3a2a38912772670649da2d28c	/home/aella/aws-discovery-xenial-bionic-retry2-20260831/upgrade-discovery/xenial-to-bionic/runtime/deb-cache/df/10/df1049f4e7fe0001970dd5ae033daa34a35fd546b86047200b6c532f0d541c39
xenial-to-bionic	2026-08-31T11:06:39Z	GET	http://ap-northeast-2.ec2.archive.ubuntu.com/ubuntu/pool/main/m/man-db/man-db_2.8.3-2ubuntu0.1_amd64.deb	http://ap-northeast-2.ec2.archive.ubuntu.com/ubuntu/pool/main/m/man-db/man-db_2.8.3-2ubuntu0.1_amd64.deb	200	1018996	3b77513c5367e3badfaf06cb2e5d075550e7319a67e4eb4e65d0195a61c0232a	/home/aella/aws-discovery-xenial-bionic-retry2-20260831/upgrade-discovery/xenial-to-bionic/runtime/deb-cache/78/ae/78ae1584262c0cf9a2fd25dcab686dfadb8150878adbcf94c3ea57cf3cf68eae
xenial-to-bionic	2026-08-31T11:06:39Z	GET	http://ap-northeast-2.ec2.archive.ubuntu.com/ubuntu/pool/main/n/ntfs-3g/libntfs-3g88_2017.3.23-2ubuntu0.18.04.5_amd64.deb	http://ap-northeast-2.ec2.archive.ubuntu.com/ubuntu/pool/main/n/ntfs-3g/libntfs-3g88_2017.3.23-2ubuntu0.18.04.5_amd64.deb	200	148664	58f806a575f2cf85ebc8c33dfa92b7f6fa65f5176e4f2929aefffeb25bf63a79	/home/aella/aws-discovery-xenial-bionic-retry2-20260831/upgrade-discovery/xenial-to-bionic/runtime/deb-cache/ef/fc/effcbe080d33ff2b46d840b19d885f19a01db0acbf2a905791f44a99cb229506
xenial-to-bionic	2026-08-31T11:06:39Z	GET	http://ap-northeast-2.ec2.archive.ubuntu.com/ubuntu/pool/main/n/ntfs-3g/ntfs-3g_2017.3.23-2ubuntu0.18.04.5_amd64.deb	http://ap-northeast-2.ec2.archive.ubuntu.com/ubuntu/pool/main/n/ntfs-3g/ntfs-3g_2017.3.23-2ubuntu0.18.04.5_amd64.deb	200	384276	938fe690e0dd60b63ff644b81832d85004ba8f1ea1ec192ee9303f186c08e500	/home/aella/aws-discovery-xenial-bionic-retry2-20260831/upgrade-discovery/xenial-to-bionic/runtime/deb-cache/89/df/89dff43b37635aa7c10df2200ba9020f51be433a6ff2ce0dc980571bcbd71b99
xenial-to-bionic	2026-08-31T11:06:39Z	GET	http://ap-northeast-2.ec2.archive.ubuntu.com/ubuntu/pool/main/p/popularity-contest/popularity-contest_1.66ubuntu1_all.deb	http://ap-northeast-2.ec2.archive.ubuntu.com/ubuntu/pool/main/p/popularity-contest/popularity-contest_1.66ubuntu1_all.deb	200	33952	393c4482e34ee093c8e9081d5289db2888a0243bdbe5fca7f5a5a898dc0a12f3	/home/aella/aws-discovery-xenial-bionic-retry2-20260831/upgrade-discovery/xenial-to-bionic/runtime/deb-cache/db/65/db65bdbdf3bcb0cb00d4377efc5e03f14aef684ad2bb831466480382138fbec7
xenial-to-bionic	2026-08-31T11:06:39Z	GET	http://ap-northeast-2.ec2.archive.ubuntu.com/ubuntu/pool/main/u/util-linux/uuid-runtime_2.31.1-0.4ubuntu3.7_amd64.deb	http://ap-northeast-2.ec2.archive.ubuntu.com/ubuntu/pool/main/u/util-linux/uuid-runtime_2.31.1-0.4ubuntu3.7_amd64.deb	200	34812	4329cf6ba4f1ef85fae2089ac25ed3b6f5efb6b08a97d58f0bfd3e0d97abd6d3	/home/aella/aws-discovery-xenial-bionic-retry2-20260831/upgrade-discovery/xenial-to-bionic/runtime/deb-cache/68/e5/68e5ab73d3b001d4399d09935b9e6078a3b14109abaeee62b2eab2e8c5f96227
xenial-to-bionic	2026-08-31T11:06:39Z	GET	http://ap-northeast-2.ec2.archive.ubuntu.com/ubuntu/pool/main/t/tzdata/tzdata_2023c-0ubuntu0.18.04_all.deb	http://ap-northeast-2.ec2.archive.ubuntu.com/ubuntu/pool/main/t/tzdata/tzdata_2023c-0ubuntu0.18.04_all.deb	200	185672	a28267ee7bf79156d0bf834264d0ecd4071de6b6fad277aee344989171745b29	/home/aella/aws-discovery-xenial-bionic-retry2-20260831/upgrade-discovery/xenial-to-bionic/runtime/deb-cache/7e/a6/7ea6c38f2fecaca163cb33f39d900c3cd0b2a3c636590524d7ad11465fe4d19e
xenial-to-bionic	2026-08-31T11:06:39Z	GET	http://ap-northeast-2.ec2.archive.ubuntu.com/ubuntu/pool/main/libe/libedit/libedit2_3.1-20170329-1_amd64.deb	http://ap-northeast-2.ec2.archive.ubuntu.com/ubuntu/pool/main/libe/libedit/libedit2_3.1-20170329-1_amd64.deb	200	76872	414cc28beac456b78140b0a07558034c4a2987212b347401dbb6e1d375f11d32	/home/aella/aws-discovery-xenial-bionic-retry2-20260831/upgrade-discovery/xenial-to-bionic/runtime/deb-cache/25/29/2529d2c133e6940fb46f710d898787d3fde7e2881064c75b4f98deb738dff388
xenial-to-bionic	2026-08-31T11:06:39Z	GET	http://ap-northeast-2.ec2.archive.ubuntu.com/ubuntu/pool/universe/a/autogen/libopts25_5.18.12-4_amd64.deb	http://ap-northeast-2.ec2.archive.ubuntu.com/ubuntu/pool/universe/a/autogen/libopts25_5.18.12-4_amd64.deb	200	58180	911e7ab0e4c8913deefebf0f2e58e3cf06ea791585d324a8d4cb9c5988336539	/home/aella/aws-discovery-xenial-bionic-retry2-20260831/upgrade-discovery/xenial-to-bionic/runtime/deb-cache/6f/c2/6fc22d93cf6a4a551384091ea6f0402e1d9eb99f14044fa8bd5afef9155275a1
xenial-to-bionic	2026-08-31T11:06:40Z	GET	http://ap-northeast-2.ec2.archive.ubuntu.com/ubuntu/pool/universe/n/ntp/ntp_4.2.8p10%2bdfsg-5ubuntu7.3_amd64.deb	http://ap-northeast-2.ec2.archive.ubuntu.com/ubuntu/pool/universe/n/ntp/ntp_4.2.8p10%2bdfsg-5ubuntu7.3_amd64.deb	200	640284	064ddfd68431e197065b7d627d014969b0e5c79aa8ae53277a581a5be0f80621	/home/aella/aws-discovery-xenial-bionic-retry2-20260831/upgrade-discovery/xenial-to-bionic/runtime/deb-cache/70/fc/70fc779096bba376329349412e9b97e65a4e582e392e1770ef5e8a2f4f77643c
xenial-to-bionic	2026-08-31T11:06:40Z	GET	http://ap-northeast-2.ec2.archive.ubuntu.com/ubuntu/pool/universe/n/ntp/ntpdate_4.2.8p10%2bdfsg-5ubuntu7.3_amd64.deb	http://ap-northeast-2.ec2.archive.ubuntu.com/ubuntu/pool/universe/n/ntp/ntpdate_4.2.8p10%2bdfsg-5ubuntu7.3_amd64.deb	200	51320	7c0135b56117b7037a1ae0d3fc250a536ccfba8ee981ed1061f307228abcfa52	/home/aella/aws-discovery-xenial-bionic-retry2-20260831/upgrade-discovery/xenial-to-bionic/runtime/deb-cache/94/b5/94b5d7c02b5cb0d7bd5f0d8c35b662a754024adba89d446e3dc5f3973a0c91a2
xenial-to-bionic	2026-08-31T11:06:41Z	GET	http://ap-northeast-2.ec2.archive.ubuntu.com/ubuntu/pool/main/p/python-certifi/python-certifi_2018.1.18-2_all.deb	http://ap-northeast-2.ec2.archive.ubuntu.com/ubuntu/pool/main/p/python-certifi/python-certifi_2018.1.18-2_all.deb	200	144096	55fce161de0ccaf57b4ebfd192ea56ffdeda9100da63154d1141879b01af9efe	/home/aella/aws-discovery-xenial-bionic-retry2-20260831/upgrade-discovery/xenial-to-bionic/runtime/deb-cache/fb/17/fb173a70acba2316cb9256943fdfc076f0190e3a4174420f2951016f04620a2c
xenial-to-bionic	2026-08-31T11:06:41Z	GET	http://ap-northeast-2.ec2.archive.ubuntu.com/ubuntu/pool/main/p/python-setuptools/python-setuptools_39.0.1-2ubuntu0.1_all.deb	http://ap-northeast-2.ec2.archive.ubuntu.com/ubuntu/pool/main/p/python-setuptools/python-setuptools_39.0.1-2ubuntu0.1_all.deb	200	329336	35ee329caf8ae7928178419544ef30bb592970b9cbf9555a80c00938cf8643ae	/home/aella/aws-discovery-xenial-bionic-retry2-20260831/upgrade-discovery/xenial-to-bionic/runtime/deb-cache/19/b7/19b7f9354d5829288769a627be1d4e1c68c241b3851e1db8401893d746480c97
xenial-to-bionic	2026-08-31T11:06:42Z	GET	http://ap-northeast-2.ec2.archive.ubuntu.com/ubuntu/pool/main/p/python-setuptools/python-pkg-resources_39.0.1-2ubuntu0.1_all.deb	http://ap-northeast-2.ec2.archive.ubuntu.com/ubuntu/pool/main/p/python-setuptools/python-pkg-resources_39.0.1-2ubuntu0.1_all.deb	200	128080	68f52602773cacc43285ce97c4b3cc49191380cb4d7eabe753f2d6fc151affa8	/home/aella/aws-discovery-xenial-bionic-retry2-20260831/upgrade-discovery/xenial-to-bionic/runtime/deb-cache/a1/1e/a11e2ffdf17248ae3fdf31f1e6b33aa9e6ad0280341cf5c67599aaf5520e9185
xenial-to-bionic	2026-08-31T11:06:42Z	GET	http://ap-northeast-2.ec2.archive.ubuntu.com/ubuntu/pool/main/c/chardet/python-chardet_3.0.4-1_all.deb	http://ap-northeast-2.ec2.archive.ubuntu.com/ubuntu/pool/main/c/chardet/python-chardet_3.0.4-1_all.deb	200	80292	8e71fa093851731252725e15b0d52165530a1244b2f790a016320652ec2e3dc8	/home/aella/aws-discovery-xenial-bionic-retry2-20260831/upgrade-discovery/xenial-to-bionic/runtime/deb-cache/9d/34/9d3441dcc8ff774b6b6b7a104c789f216e2270d3e72ac0cfc7cccf06b2dce9cb
xenial-to-bionic	2026-08-31T11:06:42Z	GET	http://ap-northeast-2.ec2.archive.ubuntu.com/ubuntu/pool/main/p/python-idna/python-idna_2.6-1_all.deb	http://ap-northeast-2.ec2.archive.ubuntu.com/ubuntu/pool/main/p/python-idna/python-idna_2.6-1_all.deb	200	32360	72b160bc4363c1a8d1318e35fa3e5c7e198fafdfe0f80258a0a1e129466ea9b6	/home/aella/aws-discovery-xenial-bionic-retry2-20260831/upgrade-discovery/xenial-to-bionic/runtime/deb-cache/b9/f6/b9f66ce3af2d977a551f920272b8d4cbd6bda5d0e242bc513ca816a82e004086
xenial-to-bionic	2026-08-31T11:06:42Z	GET	http://ap-northeast-2.ec2.archive.ubuntu.com/ubuntu/pool/main/s/six/python-six_1.11.0-2_all.deb	http://ap-northeast-2.ec2.archive.ubuntu.com/ubuntu/pool/main/s/six/python-six_1.11.0-2_all.deb	200	11288	ff9e29376ae796b4108ca7f2aa26698a049db6f48c26ae0b8c95b56be3ee931e	/home/aella/aws-discovery-xenial-bionic-retry2-20260831/upgrade-discovery/xenial-to-bionic/runtime/deb-cache/2b/cb/2bcb534cfb63189fb25e0d21c3a9290204a67fce38d543b1c52802aa84df1aad
xenial-to-bionic	2026-08-31T11:06:42Z	GET	http://ap-northeast-2.ec2.archive.ubuntu.com/ubuntu/pool/main/r/requests/python-requests_2.18.4-2ubuntu0.1_all.deb	http://ap-northeast-2.ec2.archive.ubuntu.com/ubuntu/pool/main/r/requests/python-requests_2.18.4-2ubuntu0.1_all.deb	200	58496	7c4940969aec14ce530b8927478dd14044eb1f7ee09ac94c2afd8061cf56a791	/home/aella/aws-discovery-xenial-bionic-retry2-20260831/upgrade-discovery/xenial-to-bionic/runtime/deb-cache/f1/40/f140a25b48fc6bdfdde0076133bf6e7bb3d9f5b3fc59a504f38860a01cec68c4
xenial-to-bionic	2026-08-31T11:06:42Z	GET	http://ap-northeast-2.ec2.archive.ubuntu.com/ubuntu/pool/main/p/python-urllib3/python-urllib3_1.22-1ubuntu0.18.04.2_all.deb	http://ap-northeast-2.ec2.archive.ubuntu.com/ubuntu/pool/main/p/python-urllib3/python-urllib3_1.22-1ubuntu0.18.04.2_all.deb	200	86024	de15416d242fd23ec0281d390d3b690995a1168e5237536c7e74dca700334c8b	/home/aella/aws-discovery-xenial-bionic-retry2-20260831/upgrade-discovery/xenial-to-bionic/runtime/deb-cache/ce/82/ce82d3038808cb967011d595de4b04aea1153b2b254057b77d0a8d6675729624
xenial-to-bionic	2026-08-31T11:06:42Z	GET	http://ap-northeast-2.ec2.archive.ubuntu.com/ubuntu/pool/universe/p/python-pyvmomi/python-pyvmomi_6.5.0.2017.5-0ubuntu1_all.deb	http://ap-northeast-2.ec2.archive.ubuntu.com/ubuntu/pool/universe/p/python-pyvmomi/python-pyvmomi_6.5.0.2017.5-0ubuntu1_all.deb	200	169168	74a71a2477647426b9946c57d2ecb9f20d536d753574bc97ecd83cab3c2712d6	/home/aella/aws-discovery-xenial-bionic-retry2-20260831/upgrade-discovery/xenial-to-bionic/runtime/deb-cache/15/37/15374fa75ea10bdda80d6c5d08c4d6da528b917c58b5506c603b6edecfa2edb4
xenial-to-bionic	2026-08-31T11:06:42Z	GET	http://ap-northeast-2.ec2.archive.ubuntu.com/ubuntu/pool/main/s/sgml-base/sgml-base_1.29_all.deb	http://ap-northeast-2.ec2.archive.ubuntu.com/ubuntu/pool/main/s/sgml-base/sgml-base_1.29_all.deb	200	12284	9398605687c3b84ca1513d5055f75841aca38a96d3daabef1ffff192f8aa4edf	/home/aella/aws-discovery-xenial-bionic-retry2-20260831/upgrade-discovery/xenial-to-bionic/runtime/deb-cache/dc/d1/dcd1930f17b4f60b41d9b63d00fd51a592bb4332926fb78f9ad8fd2ff0b2ac96
xenial-to-bionic	2026-08-31T11:06:43Z	GET	http://ap-northeast-2.ec2.archive.ubuntu.com/ubuntu/pool/main/a/apparmor/apparmor_2.12-4ubuntu5.3_amd64.deb	http://ap-northeast-2.ec2.archive.ubuntu.com/ubuntu/pool/main/a/apparmor/apparmor_2.12-4ubuntu5.3_amd64.deb	200	487716	7a295728d5fdc7db44661fc6258a2515d223d66621900747dbdaae7f384c321c	/home/aella/aws-discovery-xenial-bionic-retry2-20260831/upgrade-discovery/xenial-to-bionic/runtime/deb-cache/46/dc/46dccc7cad30f975e52a849da5ea22687cd54282d7bc1c8c65840ffbc5a356a8
xenial-to-bionic	2026-08-31T11:06:43Z	GET	http://ap-northeast-2.ec2.archive.ubuntu.com/ubuntu/pool/main/o/openssh/openssh-sftp-server_7.6p1-4ubuntu0.7_amd64.deb	http://ap-northeast-2.ec2.archive.ubuntu.com/ubuntu/pool/main/o/openssh/openssh-sftp-server_7.6p1-4ubuntu0.7_amd64.deb	200	45528	028c1d9e1885fd953ca3d6b706b213e5b4621f2232887874841e29a998295058	/home/aella/aws-discovery-xenial-bionic-retry2-20260831/upgrade-discovery/xenial-to-bionic/runtime/deb-cache/5f/74/5f741ee15675c61308b765ee42d4c7397dde1f395bfa41c27f37791353b97f49
xenial-to-bionic	2026-08-31T11:06:43Z	GET	http://ap-northeast-2.ec2.archive.ubuntu.com/ubuntu/pool/main/o/openssl1.0/libssl1.0.0_1.0.2n-1ubuntu5.13_amd64.deb	http://ap-northeast-2.ec2.archive.ubuntu.com/ubuntu/pool/main/o/openssl1.0/libssl1.0.0_1.0.2n-1ubuntu5.13_amd64.deb	200	1089156	ed14555671475a2db481049b4b66ecd376f79a7ca6d4d78a1702feb037aa5422	/home/aella/aws-discovery-xenial-bionic-retry2-20260831/upgrade-discovery/xenial-to-bionic/runtime/deb-cache/20/d6/20d68558475575fcb6dfe8c0a33bb76942e2035504463f52c2f97306c9b77b8a
xenial-to-bionic	2026-08-31T11:06:43Z	GET	http://ap-northeast-2.ec2.archive.ubuntu.com/ubuntu/pool/main/t/tcp-wrappers/libwrap0_7.6.q-27_amd64.deb	http://ap-northeast-2.ec2.archive.ubuntu.com/ubuntu/pool/main/t/tcp-wrappers/libwrap0_7.6.q-27_amd64.deb	200	46256	d7d273e017f992ad81f8e8c695ba8bff2de886cc98c63b10a2e44048527fa248	/home/aella/aws-discovery-xenial-bionic-retry2-20260831/upgrade-discovery/xenial-to-bionic/runtime/deb-cache/e6/3a/e63a18c00b2b163c70f20799321905381e38224b4eba4310b4cd30152e126c83
xenial-to-bionic	2026-08-31T11:06:45Z	GET	http://ap-northeast-2.ec2.archive.ubuntu.com/ubuntu/pool/main/o/openssh/openssh-server_7.6p1-4ubuntu0.7_amd64.deb	http://ap-northeast-2.ec2.archive.ubuntu.com/ubuntu/pool/main/o/openssh/openssh-server_7.6p1-4ubuntu0.7_amd64.deb	200	332232	6fc22ccafc3f26b07f9f34825496c60f180f25fd93687461be05c1fb460ea9ad	/home/aella/aws-discovery-xenial-bionic-retry2-20260831/upgrade-discovery/xenial-to-bionic/runtime/deb-cache/06/2d/062d512862b4de1b3db472a00be5627af4e1fc8082558c6aa988bd3dd2fc5afa
xenial-to-bionic	2026-08-31T11:06:45Z	GET	http://ap-northeast-2.ec2.archive.ubuntu.com/ubuntu/pool/main/o/openssh/openssh-client_7.6p1-4ubuntu0.7_amd64.deb	http://ap-northeast-2.ec2.archive.ubuntu.com/ubuntu/pool/main/o/openssh/openssh-client_7.6p1-4ubuntu0.7_amd64.deb	200	609848	5a02eb7cba4f8474c4cac44a117359cfaf5b6db63aa0da5b719284a54b63a60d	/home/aella/aws-discovery-xenial-bionic-retry2-20260831/upgrade-discovery/xenial-to-bionic/runtime/deb-cache/9b/9d/9b9d0972ded31708a720d5fb5152f5bc039c2fae7eaa031349386c03c5bf603e
xenial-to-bionic	2026-08-31T11:06:45Z	GET	http://ap-northeast-2.ec2.archive.ubuntu.com/ubuntu/pool/main/s/squashfs-tools/squashfs-tools_4.3-6ubuntu0.18.04.4_amd64.deb	http://ap-northeast-2.ec2.archive.ubuntu.com/ubuntu/pool/main/s/squashfs-tools/squashfs-tools_4.3-6ubuntu0.18.04.4_amd64.deb	200	111240	70b4c2b92f6b1835c0e8a1c17975c78ba5fa7ad7f57fd7cbbe285c6856a6acfc	/home/aella/aws-discovery-xenial-bionic-retry2-20260831/upgrade-discovery/xenial-to-bionic/runtime/deb-cache/f9/8b/f98b62ea4e06fae42b2f06df18ed70f1116882d6bfb3531e477e3014906f28a7
xenial-to-bionic	2026-08-31T11:06:45Z	GET	http://ap-northeast-2.ec2.archive.ubuntu.com/ubuntu/pool/main/d/dbus/dbus-user-session_1.12.2-1ubuntu1.4_amd64.deb	http://ap-northeast-2.ec2.archive.ubuntu.com/ubuntu/pool/main/d/dbus/dbus-user-session_1.12.2-1ubuntu1.4_amd64.deb	200	9388	55e34596bfc99e506a693a5e3a9f6768c098b440465f700bbf0fd57240a3ebc2	/home/aella/aws-discovery-xenial-bionic-retry2-20260831/upgrade-discovery/xenial-to-bionic/runtime/deb-cache/07/9a/079a99b159ca49ef87dde9596666f97fdfc85643745025b5ba21219b03e755ac
xenial-to-bionic	2026-08-31T11:06:45Z	GET	http://ap-northeast-2.ec2.archive.ubuntu.com/ubuntu/pool/universe/s/snapd/ubuntu-core-launcher_2.58%2b18.04.1_amd64.deb	http://ap-northeast-2.ec2.archive.ubuntu.com/ubuntu/pool/universe/s/snapd/ubuntu-core-launcher_2.58%2b18.04.1_amd64.deb	200	1648	c450ea7076b77c9ad5bb204b210c906fbdf313744e6a52da5a3f4e92891160bf	/home/aella/aws-discovery-xenial-bionic-retry2-20260831/upgrade-discovery/xenial-to-bionic/runtime/deb-cache/98/76/987687bebda94479dffdfac1fda5f5cd12b7933ceacdc6252355a0fb1bf48e13
xenial-to-bionic	2026-08-31T11:06:45Z	GET	http://ap-northeast-2.ec2.archive.ubuntu.com/ubuntu/pool/main/s/snapd/snapd_2.58%2b18.04.1_amd64.deb	http://ap-northeast-2.ec2.archive.ubuntu.com/ubuntu/pool/main/s/snapd/snapd_2.58%2b18.04.1_amd64.deb	200	37863204	0ee0c568db6cca45a31689a7553790c08a1324926ef0b83264cfba69d3cb6bca	/home/aella/aws-discovery-xenial-bionic-retry2-20260831/upgrade-discovery/xenial-to-bionic/runtime/deb-cache/dc/9b/dc9b49b9a2c2efda1e0405ef57cb1da5a59fb254232909f5f4eaa9646de9da05
xenial-to-bionic	2026-08-31T11:06:45Z	GET	http://ap-northeast-2.ec2.archive.ubuntu.com/ubuntu/pool/main/e/e2fsprogs/libss2_1.44.1-1ubuntu1.4_amd64.deb	http://ap-northeast-2.ec2.archive.ubuntu.com/ubuntu/pool/main/e/e2fsprogs/libss2_1.44.1-1ubuntu1.4_amd64.deb	200	11168	5fceda65d813a5327df8a7ddd60380ff6bf3d4a81e17b3445c2694cac3954cd6	/home/aella/aws-discovery-xenial-bionic-retry2-20260831/upgrade-discovery/xenial-to-bionic/runtime/deb-cache/3e/9c/3e9cdfd3e800a61083c9246400c68264eec3122f4faa74560dea65597405071d
xenial-to-bionic	2026-08-31T11:06:46Z	GET	http://ap-northeast-2.ec2.archive.ubuntu.com/ubuntu/pool/main/libi/libidn/libidn11_1.33-2.1ubuntu1.2_amd64.deb	http://ap-northeast-2.ec2.archive.ubuntu.com/ubuntu/pool/main/libi/libidn/libidn11_1.33-2.1ubuntu1.2_amd64.deb	200	46608	b29455935f76ba96a368440158a482620d125624421927849132260d5508cdbd	/home/aella/aws-discovery-xenial-bionic-retry2-20260831/upgrade-discovery/xenial-to-bionic/runtime/deb-cache/af/d9/afd99c1da9b509ca2c5a5dd4ce23048e57724ee9b37c546ba217ede9a8520685
xenial-to-bionic	2026-08-31T11:06:46Z	GET	http://ap-northeast-2.ec2.archive.ubuntu.com/ubuntu/pool/main/libu/libusb/libusb-0.1-4_0.1.12-31_amd64.deb	http://ap-northeast-2.ec2.archive.ubuntu.com/ubuntu/pool/main/libu/libusb/libusb-0.1-4_0.1.12-31_amd64.deb	200	17140	e0158b8e47df240e77cded7a35b3df146af558290ac7bcef9efafc4d68bed878	/home/aella/aws-discovery-xenial-bionic-retry2-20260831/upgrade-discovery/xenial-to-bionic/runtime/deb-cache/2a/97/2a9763c0817d8180ad1d71f9bcdb4dc23cd87a9698ebb1feebfa031829749697
xenial-to-bionic	2026-08-31T11:06:46Z	GET	http://ap-northeast-2.ec2.archive.ubuntu.com/ubuntu/pool/main/e/eject/eject_2.1.5%2bdeb1%2bcvs20081104-13.2_amd64.deb	http://ap-northeast-2.ec2.archive.ubuntu.com/ubuntu/pool/main/e/eject/eject_2.1.5%2bdeb1%2bcvs20081104-13.2_amd64.deb	200	22828	df72c92e334e019cdd410414f73199570e1067f9fd7baebdc7d895e10883a89f	/home/aella/aws-discovery-xenial-bionic-retry2-20260831/upgrade-discovery/xenial-to-bionic/runtime/deb-cache/0b/61/0b61f7d2bfb9bf932c2a1675c1f0ad62b36b6dfb2c5b7e0d8882b661cf3bd5dc
xenial-to-bionic	2026-08-31T11:06:46Z	GET	http://ap-northeast-2.ec2.archive.ubuntu.com/ubuntu/pool/main/f/file/file_5.32-2ubuntu0.4_amd64.deb	http://ap-northeast-2.ec2.archive.ubuntu.com/ubuntu/pool/main/f/file/file_5.32-2ubuntu0.4_amd64.deb	200	22072	6145f715ce851cc535326591e8f8fa8d76e24def7159698a2b14060de90a8e34	/home/aella/aws-discovery-xenial-bionic-retry2-20260831/upgrade-discovery/xenial-to-bionic/runtime/deb-cache/04/f6/04f63062e761af37fa2c547750ae1feeb4b521797ea4cd74336a265a4edba0bf
xenial-to-bionic	2026-08-31T11:06:46Z	GET	http://ap-northeast-2.ec2.archive.ubuntu.com/ubuntu/pool/main/f/file/libmagic1_5.32-2ubuntu0.4_amd64.deb	http://ap-northeast-2.ec2.archive.ubuntu.com/ubuntu/pool/main/f/file/libmagic1_5.32-2ubuntu0.4_amd64.deb	200	68592	4a351886cb6785ada16295c55d7cd5ec60055bf4ec4675a5f033d9544452b338	/home/aella/aws-discovery-xenial-bionic-retry2-20260831/upgrade-discovery/xenial-to-bionic/runtime/deb-cache/61/04/6104c7dedfb57655c73aff7f49de98a836c6d06bda87b6c6ed67e4d0e72724e1
xenial-to-bionic	2026-08-31T11:06:46Z	GET	http://ap-northeast-2.ec2.archive.ubuntu.com/ubuntu/pool/main/f/file/libmagic-mgc_5.32-2ubuntu0.4_amd64.deb	http://ap-northeast-2.ec2.archive.ubuntu.com/ubuntu/pool/main/f/file/libmagic-mgc_5.32-2ubuntu0.4_amd64.deb	200	183876	c7a9a8abb3fb762609aba85e8945bc06a7f7f4928c2c1c2203ea7bb42eee5fef	/home/aella/aws-discovery-xenial-bionic-retry2-20260831/upgrade-discovery/xenial-to-bionic/runtime/deb-cache/7a/d8/7ad800e338f70e5c55dc064d6d343ba2b3b6b7e7281983bcb8df048e344b6cef
xenial-to-bionic	2026-08-31T11:06:46Z	GET	http://ap-northeast-2.ec2.archive.ubuntu.com/ubuntu/pool/main/i/iputils/iputils-ping_20161105-1ubuntu3_amd64.deb	http://ap-northeast-2.ec2.archive.ubuntu.com/ubuntu/pool/main/i/iputils/iputils-ping_20161105-1ubuntu3_amd64.deb	200	54240	faaf3cf2b74101873fabb565047bf82d5d304f21cc505bf67356738d6332cc61	/home/aella/aws-discovery-xenial-bionic-retry2-20260831/upgrade-discovery/xenial-to-bionic/runtime/deb-cache/21/a0/21a0b17b190946d53eae1e91846a327a8c41c71f511ffade801a9d825f37791c
xenial-to-bionic	2026-08-31T11:06:46Z	GET	http://ap-northeast-2.ec2.archive.ubuntu.com/ubuntu/pool/main/i/isc-dhcp/isc-dhcp-common_4.3.5-3ubuntu7.4_amd64.deb	http://ap-northeast-2.ec2.archive.ubuntu.com/ubuntu/pool/main/i/isc-dhcp/isc-dhcp-common_4.3.5-3ubuntu7.4_amd64.deb	200	44836	76e10d262b539c619eeb3b74613f964e0ab5bd5d18e2fa44d081a740a8094afd	/home/aella/aws-discovery-xenial-bionic-retry2-20260831/upgrade-discovery/xenial-to-bionic/runtime/deb-cache/d9/00/d900c27a2c1288c90388585e6efb8aa8bdbd901a3314c4555a323911b56986a1
xenial-to-bionic	2026-08-31T11:06:46Z	GET	http://ap-northeast-2.ec2.archive.ubuntu.com/ubuntu/pool/main/l/less/less_487-0.1_amd64.deb	http://ap-northeast-2.ec2.archive.ubuntu.com/ubuntu/pool/main/l/less/less_487-0.1_amd64.deb	200	111512	00d9c5e56b81c95a14e3fd148ff464acaf3fe757d3e4b4d1e54990b28c54eb57	/home/aella/aws-discovery-xenial-bionic-retry2-20260831/upgrade-discovery/xenial-to-bionic/runtime/deb-cache/9b/15/9b15c940dcf9f21006bd02ab486450508154df134b13bbf68b12db681972ee44
xenial-to-bionic	2026-08-31T11:06:46Z	GET	http://ap-northeast-2.ec2.archive.ubuntu.com/ubuntu/pool/main/l/linux-atm/libatm1_2.5.1-2build1_amd64.deb	http://ap-northeast-2.ec2.archive.ubuntu.com/ubuntu/pool/main/l/linux-atm/libatm1_2.5.1-2build1_amd64.deb	200	21880	6c4d9cb22c5fcfd1ddd3da1db1124a1a3b03dd9f54df437a77e2abd69703adee	/home/aella/aws-discovery-xenial-bionic-retry2-20260831/upgrade-discovery/xenial-to-bionic/runtime/deb-cache/fd/dd/fddd10b38c7a6eb415df5c4122c6f49d110f71172ef4ffc6ca2b1d0527e9b756
xenial-to-bionic	2026-08-31T11:06:46Z	GET	http://ap-northeast-2.ec2.archive.ubuntu.com/ubuntu/pool/main/libc/libcap2/libcap2-bin_2.25-1.2_amd64.deb	http://ap-northeast-2.ec2.archive.ubuntu.com/ubuntu/pool/main/libc/libcap2/libcap2-bin_2.25-1.2_amd64.deb	200	20572	8c4ad3f19ad9b5d34975a7973d195292181e2c01151d62b0833605d0fd8b51d8	/home/aella/aws-discovery-xenial-bionic-retry2-20260831/upgrade-discovery/xenial-to-bionic/runtime/deb-cache/90/be/90bea224b4901a877835c7439c87fe8a2e1179f16a6801c77b48f93dbef0e16c
xenial-to-bionic	2026-08-31T11:06:46Z	GET	http://ap-northeast-2.ec2.archive.ubuntu.com/ubuntu/pool/main/libe/libestr/libestr0_0.1.10-2.1_amd64.deb	http://ap-northeast-2.ec2.archive.ubuntu.com/ubuntu/pool/main/libe/libestr/libestr0_0.1.10-2.1_amd64.deb	200	7616	6b2833888c2d8a170411e4397fca746c06ddb30af9ec2fe6b01770dc26ec91de	/home/aella/aws-discovery-xenial-bionic-retry2-20260831/upgrade-discovery/xenial-to-bionic/runtime/deb-cache/13/7b/137b473342aa52e6f7fcc81ebd3ea9189fc971c4424113aa697020ba7f6b1e92
xenial-to-bionic	2026-08-31T11:06:46Z	GET	http://ap-northeast-2.ec2.archive.ubuntu.com/ubuntu/pool/main/libf/libfastjson/libfastjson4_0.99.8-2_amd64.deb	http://ap-northeast-2.ec2.archive.ubuntu.com/ubuntu/pool/main/libf/libfastjson/libfastjson4_0.99.8-2_amd64.deb	200	20212	51519c12de5cb24679833feafecd1c58e8835ad9849d7107987f55b5bd2782aa	/home/aella/aws-discovery-xenial-bionic-retry2-20260831/upgrade-discovery/xenial-to-bionic/runtime/deb-cache/92/c6/92c616767032ed59ad7dedef8d2e5f1ad1be773d03bbd7fd4c71533a284f7a3f
xenial-to-bionic	2026-08-31T11:06:46Z	GET	http://ap-northeast-2.ec2.archive.ubuntu.com/ubuntu/pool/main/f/fribidi/libfribidi0_0.19.7-2ubuntu0.1_amd64.deb	http://ap-northeast-2.ec2.archive.ubuntu.com/ubuntu/pool/main/f/fribidi/libfribidi0_0.19.7-2ubuntu0.1_amd64.deb	200	25164	44fdbe0cf32c00f96cae8081ddafff389d4eb043fa9691c156b7bb00e1f62015	/home/aella/aws-discovery-xenial-bionic-retry2-20260831/upgrade-discovery/xenial-to-bionic/runtime/deb-cache/2b/33/2b33c208760c09da81a761ce1dbcf6c2092771734249c935cdf7f82e81785a83
xenial-to-bionic	2026-08-31T11:06:46Z	GET	http://ap-northeast-2.ec2.archive.ubuntu.com/ubuntu/pool/main/g/glib2.0/libglib2.0-data_2.56.4-0ubuntu0.18.04.9_all.deb	http://ap-northeast-2.ec2.archive.ubuntu.com/ubuntu/pool/main/g/glib2.0/libglib2.0-data_2.56.4-0ubuntu0.18.04.9_all.deb	200	4728	3380d870e8649d6e21e2b5c187146b60871c15bad13871f2764a67fedf9f66d8	/home/aella/aws-discovery-xenial-bionic-retry2-20260831/upgrade-discovery/xenial-to-bionic/runtime/deb-cache/41/0f/410f3643af15c84f3c314def3f78c6ec84ce21493bb9c01ff2b7a2008616b4f0
xenial-to-bionic	2026-08-31T11:06:46Z	GET	http://ap-northeast-2.ec2.archive.ubuntu.com/ubuntu/pool/main/s/systemd/libnss-systemd_237-3ubuntu10.57_amd64.deb	http://ap-northeast-2.ec2.archive.ubuntu.com/ubuntu/pool/main/s/systemd/libnss-systemd_237-3ubuntu10.57_amd64.deb	200	104640	28fd194cbae2b5a3e3be045eebd68bb49fc3ce3ad57c086e2c9f291e1ba532b3	/home/aella/aws-discovery-xenial-bionic-retry2-20260831/upgrade-discovery/xenial-to-bionic/runtime/deb-cache/e6/13/e613e9c7896de893a6b3e18f8db018615ef2a7ab799b1ea50f6740f69dc6dcda
xenial-to-bionic	2026-08-31T11:06:47Z	GET	http://ap-northeast-2.ec2.archive.ubuntu.com/ubuntu/pool/main/libc/libcap2/libpam-cap_2.25-1.2_amd64.deb	http://ap-northeast-2.ec2.archive.ubuntu.com/ubuntu/pool/main/libc/libcap2/libpam-cap_2.25-1.2_amd64.deb	200	7268	d8d078aa01d3d7822a3396c3ed5c94a8043b6ce162d5dd1262f8630db4eb22f5	/home/aella/aws-discovery-xenial-bionic-retry2-20260831/upgrade-discovery/xenial-to-bionic/runtime/deb-cache/51/30/51301ffe14dbc34ca781760b7c6fb5d4b9c061998e91658e81f7c0adecbfa8fc
xenial-to-bionic	2026-08-31T11:06:47Z	GET	http://ap-northeast-2.ec2.archive.ubuntu.com/ubuntu/pool/main/i/iptables/libxtables12_1.6.1-2ubuntu2.1_amd64.deb	http://ap-northeast-2.ec2.archive.ubuntu.com/ubuntu/pool/main/i/iptables/libxtables12_1.6.1-2ubuntu2.1_amd64.deb	200	28084	fe32fe3faaf65880d81bcde854df75cb3a270f93e2fc472efa2ef1ebebc66ba2	/home/aella/aws-discovery-xenial-bionic-retry2-20260831/upgrade-discovery/xenial-to-bionic/runtime/deb-cache/fd/1a/fd1a26e6fe515f658ae4be911636399d1d67e1079aff41cf0cf3fd316aeb062b
xenial-to-bionic	2026-08-31T11:06:47Z	GET	http://ap-northeast-2.ec2.archive.ubuntu.com/ubuntu/pool/main/l/logrotate/logrotate_3.11.0-0.1ubuntu1_amd64.deb	http://ap-northeast-2.ec2.archive.ubuntu.com/ubuntu/pool/main/l/logrotate/logrotate_3.11.0-0.1ubuntu1_amd64.deb	200	41774	7e3ddaba91f40115337042afd94352b157e9c31cf02fc6da6237f6a6ff7c4405	/home/aella/aws-discovery-xenial-bionic-retry2-20260831/upgrade-discovery/xenial-to-bionic/runtime/deb-cache/3e/75/3e75ae082e3a073a7380c5ba76287e7a650b8d987612475feb258f6802603fbd
xenial-to-bionic	2026-08-31T11:06:47Z	GET	http://ap-northeast-2.ec2.archive.ubuntu.com/ubuntu/pool/main/n/netcat-openbsd/netcat-openbsd_1.187-1ubuntu0.1_amd64.deb	http://ap-northeast-2.ec2.archive.ubuntu.com/ubuntu/pool/main/n/netcat-openbsd/netcat-openbsd_1.187-1ubuntu0.1_amd64.deb	200	39788	aa5381260763cebb27e959718f5ff81540c9cee06b1d2ff8a34c9dcca1617596	/home/aella/aws-discovery-xenial-bionic-retry2-20260831/upgrade-discovery/xenial-to-bionic/runtime/deb-cache/1d/15/1d152a5e74fd0f8ae09ed0a05db7ed11e6e9359f6fae7d77a3e508782c0b9777
xenial-to-bionic	2026-08-31T11:06:47Z	GET	http://ap-northeast-2.ec2.archive.ubuntu.com/ubuntu/pool/main/n/netplan.io/libnetplan0_0.99-0ubuntu3%7e18.04.5_amd64.deb	http://ap-northeast-2.ec2.archive.ubuntu.com/ubuntu/pool/main/n/netplan.io/libnetplan0_0.99-0ubuntu3%7e18.04.5_amd64.deb	200	22568	9ac77a2b94ef992e7be9fd9a87f8db73359466decdd3bff69c38c2d9aefabf66	/home/aella/aws-discovery-xenial-bionic-retry2-20260831/upgrade-discovery/xenial-to-bionic/runtime/deb-cache/8c/62/8c62cc8fc2b3b014e82220a4ef578b065e54cb225a53eb826dde8388d24c62c4
xenial-to-bionic	2026-08-31T11:06:47Z	GET	http://ap-northeast-2.ec2.archive.ubuntu.com/ubuntu/pool/main/n/netifaces/python3-netifaces_0.10.4-0.1build4_amd64.deb	http://ap-northeast-2.ec2.archive.ubuntu.com/ubuntu/pool/main/n/netifaces/python3-netifaces_0.10.4-0.1build4_amd64.deb	200	12784	7a0e008e7407096d52a177ed39d3f8e9e234105e0d8685efa97976f50412ccd2	/home/aella/aws-discovery-xenial-bionic-retry2-20260831/upgrade-discovery/xenial-to-bionic/runtime/deb-cache/35/fb/35fb01de1c4d416f644d234d4e9487b33d958f72ba901f7a6f26ef9757a20f9e
xenial-to-bionic	2026-08-31T11:06:47Z	GET	http://ap-northeast-2.ec2.archive.ubuntu.com/ubuntu/pool/main/n/netplan.io/netplan.io_0.99-0ubuntu3%7e18.04.5_amd64.deb	http://ap-northeast-2.ec2.archive.ubuntu.com/ubuntu/pool/main/n/netplan.io/netplan.io_0.99-0ubuntu3%7e18.04.5_amd64.deb	200	71064	349dc2a25939c3ea6459ec883118a7998f06c39ddcaadec329b02f32cfaa6850	/home/aella/aws-discovery-xenial-bionic-retry2-20260831/upgrade-discovery/xenial-to-bionic/runtime/deb-cache/ea/5b/ea5b1001ef94523f16ebd13a667914b8747c8ca2e6a7bf1b30bb75178d08caaf
xenial-to-bionic	2026-08-31T11:06:47Z	GET	http://ap-northeast-2.ec2.archive.ubuntu.com/ubuntu/pool/main/n/networkd-dispatcher/networkd-dispatcher_1.7-0ubuntu3.5_all.deb	http://ap-northeast-2.ec2.archive.ubuntu.com/ubuntu/pool/main/n/networkd-dispatcher/networkd-dispatcher_1.7-0ubuntu3.5_all.deb	200	14308	52ef11232688e80390ef510e86cb5ba0fd0fb048a85c58fc6bd49b29090295de	/home/aella/aws-discovery-xenial-bionic-retry2-20260831/upgrade-discovery/xenial-to-bionic/runtime/deb-cache/0d/b1/0db14644f490bfe9271bf26af4e7afd844da4756a537dd453fa7f9e481189ebc
xenial-to-bionic	2026-08-31T11:06:47Z	GET	http://ap-northeast-2.ec2.archive.ubuntu.com/ubuntu/pool/main/n/netplan.io/nplan_0.99-0ubuntu3%7e18.04.5_all.deb	http://ap-northeast-2.ec2.archive.ubuntu.com/ubuntu/pool/main/n/netplan.io/nplan_0.99-0ubuntu3%7e18.04.5_all.deb	200	1800	5219f85dab65e67e4ca8431df9b8d5fb35ea9c26cdf0911d589bb9bf0c2c1f85	/home/aella/aws-discovery-xenial-bionic-retry2-20260831/upgrade-discovery/xenial-to-bionic/runtime/deb-cache/31/bc/31bc21ba7e091319082346c90df47ca3b55e5238add639c5aaa9bd0ab8570676
xenial-to-bionic	2026-08-31T11:06:47Z	GET	http://ap-northeast-2.ec2.archive.ubuntu.com/ubuntu/pool/main/r/rsyslog/rsyslog_8.32.0-1ubuntu4.2_amd64.deb	http://ap-northeast-2.ec2.archive.ubuntu.com/ubuntu/pool/main/r/rsyslog/rsyslog_8.32.0-1ubuntu4.2_amd64.deb	200	411620	c44c5d1f1891453c3a31d048c91d633edc9a583b90f9de275c17654c01c14de6	/home/aella/aws-discovery-xenial-bionic-retry2-20260831/upgrade-discovery/xenial-to-bionic/runtime/deb-cache/8a/56/8a56af92f45ca16a98a0e1955045ce3d088c52f9a343535c73aa51eb32ca597d
xenial-to-bionic	2026-08-31T11:06:47Z	GET	http://ap-northeast-2.ec2.archive.ubuntu.com/ubuntu/pool/main/s/shared-mime-info/shared-mime-info_1.9-2_amd64.deb	http://ap-northeast-2.ec2.archive.ubuntu.com/ubuntu/pool/main/s/shared-mime-info/shared-mime-info_1.9-2_amd64.deb	200	425856	1278d560955970c818e52bd939dc5f7b6653cfe90a994bcd804ca5075802e5c0	/home/aella/aws-discovery-xenial-bionic-retry2-20260831/upgrade-discovery/xenial-to-bionic/runtime/deb-cache/0f/74/0f74f028a2850ab2d7ff18e666ffc97410d94b14bee242c3de082fa0bae3ab8f
xenial-to-bionic	2026-08-31T11:06:47Z	GET	http://ap-northeast-2.ec2.archive.ubuntu.com/ubuntu/pool/main/s/sudo/sudo_1.8.21p2-3ubuntu1.6_amd64.deb	http://ap-northeast-2.ec2.archive.ubuntu.com/ubuntu/pool/main/s/sudo/sudo_1.8.21p2-3ubuntu1.6_amd64.deb	200	429652	c6b7bf62e2fd34cad2922ded2eef86b1e2fcbaf69c1110f386eb60e02f0f06f7	/home/aella/aws-discovery-xenial-bionic-retry2-20260831/upgrade-discovery/xenial-to-bionic/runtime/deb-cache/b7/de/b7de51f6336cd2c59ec83a9150067500397fb730c5e7f444ec9cdbf622bf9051
xenial-to-bionic	2026-08-31T11:06:47Z	GET	http://ap-northeast-2.ec2.archive.ubuntu.com/ubuntu/pool/main/u/ubuntu-meta/ubuntu-minimal_1.417.5_amd64.deb	http://ap-northeast-2.ec2.archive.ubuntu.com/ubuntu/pool/main/u/ubuntu-meta/ubuntu-minimal_1.417.5_amd64.deb	200	2624	ce7c506479a6253d41c740fb8636219b6eabb3de59663d801346da878dae7302	/home/aella/aws-discovery-xenial-bionic-retry2-20260831/upgrade-discovery/xenial-to-bionic/runtime/deb-cache/cd/54/cd54e342a2d4a5619f04b1a64080a0423a248759d05021ff5de2860c963b96ce
xenial-to-bionic	2026-08-31T11:06:47Z	GET	http://ap-northeast-2.ec2.archive.ubuntu.com/ubuntu/pool/main/x/xdg-user-dirs/xdg-user-dirs_0.17-1ubuntu1_amd64.deb	http://ap-northeast-2.ec2.archive.ubuntu.com/ubuntu/pool/main/x/xdg-user-dirs/xdg-user-dirs_0.17-1ubuntu1_amd64.deb	200	48048	68ddeef702701e78bc22a19c935839faa99dff56e7245b9f6e26d754eac2b887	/home/aella/aws-discovery-xenial-bionic-retry2-20260831/upgrade-discovery/xenial-to-bionic/runtime/deb-cache/f3/c5/f3c5dd8c6a0258db5ace20a4c71d2d01624b5a4430d1b4b2d20435456cc51054
xenial-to-bionic	2026-08-31T11:06:47Z	GET	http://ap-northeast-2.ec2.archive.ubuntu.com/ubuntu/pool/main/b/bind9/libisc169_9.11.3%2bdfsg-1ubuntu1.18_amd64.deb	http://ap-northeast-2.ec2.archive.ubuntu.com/ubuntu/pool/main/b/bind9/libisc169_9.11.3%2bdfsg-1ubuntu1.18_amd64.deb	200	236888	8cceaaa8c68fae2de15da5f11925cb7f1cd406469a013952ab440f4cab903084	/home/aella/aws-discovery-xenial-bionic-retry2-20260831/upgrade-discovery/xenial-to-bionic/runtime/deb-cache/2c/42/2c42897d7617fe68484a4a7d28eb85038e06bd92ee028b1c1ed0540ebd7cf2df
xenial-to-bionic	2026-08-31T11:06:48Z	GET	http://ap-northeast-2.ec2.archive.ubuntu.com/ubuntu/pool/main/g/geoip-database/geoip-database_20180315-1_all.deb	http://ap-northeast-2.ec2.archive.ubuntu.com/ubuntu/pool/main/g/geoip-database/geoip-database_20180315-1_all.deb	200	2090448	cb202e88ccc1bf9cc1db6cf7b405fde2a6155738fddb93f9ad23b415c472cfa2	/home/aella/aws-discovery-xenial-bionic-retry2-20260831/upgrade-discovery/xenial-to-bionic/runtime/deb-cache/de/88/de880252a9cfcf7a605476d638607fb0dbe46b4318578e7cb2f72fe2aac209d3
xenial-to-bionic	2026-08-31T11:06:48Z	GET	http://ap-northeast-2.ec2.archive.ubuntu.com/ubuntu/pool/main/g/geoip/libgeoip1_1.6.12-1_amd64.deb	http://ap-northeast-2.ec2.archive.ubuntu.com/ubuntu/pool/main/g/geoip/libgeoip1_1.6.12-1_amd64.deb	200	71808	9f9cd3fb6678611e36fc635bcf00532f087f3b9a41f33a1c36f8adac97093002	/home/aella/aws-discovery-xenial-bionic-retry2-20260831/upgrade-discovery/xenial-to-bionic/runtime/deb-cache/73/c5/73c5e8cc02d97ade41b22a1c21045afa47974b0be35f7045a7befc29a829fdaf
xenial-to-bionic	2026-08-31T11:06:48Z	GET	http://ap-northeast-2.ec2.archive.ubuntu.com/ubuntu/pool/main/b/bind9/libdns1100_9.11.3%2bdfsg-1ubuntu1.18_amd64.deb	http://ap-northeast-2.ec2.archive.ubuntu.com/ubuntu/pool/main/b/bind9/libdns1100_9.11.3%2bdfsg-1ubuntu1.18_amd64.deb	200	958936	3c83eee2bc7fcfc4bcde2101431101f880a737ec643b04b67231c1b44b11ea1e	/home/aella/aws-discovery-xenial-bionic-retry2-20260831/upgrade-discovery/xenial-to-bionic/runtime/deb-cache/75/0c/750ce808b606b5203972fe5e806bbc75386ad0aa26f8eb373664d46efb1be3de
xenial-to-bionic	2026-08-31T11:06:48Z	GET	http://ap-northeast-2.ec2.archive.ubuntu.com/ubuntu/pool/main/b/bind9/libisccc160_9.11.3%2bdfsg-1ubuntu1.18_amd64.deb	http://ap-northeast-2.ec2.archive.ubuntu.com/ubuntu/pool/main/b/bind9/libisccc160_9.11.3%2bdfsg-1ubuntu1.18_amd64.deb	200	17880	cb3f9595ea53308a6cf661a77e320981cf7e54df4cc579466071c4181faf4b9a	/home/aella/aws-discovery-xenial-bionic-retry2-20260831/upgrade-discovery/xenial-to-bionic/runtime/deb-cache/20/18/201805f478ef628d6ffb90fa5cbfd8202ec0056fd753f17594834fdddc85cd00
xenial-to-bionic	2026-08-31T11:06:48Z	GET	http://ap-northeast-2.ec2.archive.ubuntu.com/ubuntu/pool/main/b/bind9/libisccfg160_9.11.3%2bdfsg-1ubuntu1.18_amd64.deb	http://ap-northeast-2.ec2.archive.ubuntu.com/ubuntu/pool/main/b/bind9/libisccfg160_9.11.3%2bdfsg-1ubuntu1.18_amd64.deb	200	48344	a9359b1b8ab1b4dddf2e1d6142ac2cc84f57cb968c39219419e61e2542671802	/home/aella/aws-discovery-xenial-bionic-retry2-20260831/upgrade-discovery/xenial-to-bionic/runtime/deb-cache/c1/c6/c1c6a1f8a8a45f1ed32e5eeca93d98e7ff88f0bd8c577e5fd78f8d1ae35d50ba
xenial-to-bionic	2026-08-31T11:06:48Z	GET	http://ap-northeast-2.ec2.archive.ubuntu.com/ubuntu/pool/main/b/bind9/libbind9-160_9.11.3%2bdfsg-1ubuntu1.18_amd64.deb	http://ap-northeast-2.ec2.archive.ubuntu.com/ubuntu/pool/main/b/bind9/libbind9-160_9.11.3%2bdfsg-1ubuntu1.18_amd64.deb	200	27620	8d5efd36fc84906f5d8229bad7fbcb98f5a7ed17c41db85038059376ac6dc8e8	/home/aella/aws-discovery-xenial-bionic-retry2-20260831/upgrade-discovery/xenial-to-bionic/runtime/deb-cache/23/1d/231d8afd647b034fb29533deb61e4d1d469df9d6f27525a82ec8de7a9bf19ac1
xenial-to-bionic	2026-08-31T11:06:48Z	GET	http://ap-northeast-2.ec2.archive.ubuntu.com/ubuntu/pool/main/b/bind9/liblwres160_9.11.3%2bdfsg-1ubuntu1.18_amd64.deb	http://ap-northeast-2.ec2.archive.ubuntu.com/ubuntu/pool/main/b/bind9/liblwres160_9.11.3%2bdfsg-1ubuntu1.18_amd64.deb	200	34528	fae341a8e546d76a3ab3c31c3a8512ebfa997b611b08ea7329bd52c1df57b658	/home/aella/aws-discovery-xenial-bionic-retry2-20260831/upgrade-discovery/xenial-to-bionic/runtime/deb-cache/7a/3f/7a3fbab6ea7e406568e9fb8f8c76582e0a26724e14318a87f65236147c661f55
xenial-to-bionic	2026-08-31T11:06:48Z	GET	http://ap-northeast-2.ec2.archive.ubuntu.com/ubuntu/pool/main/b/bind9/bind9-host_9.11.3%2bdfsg-1ubuntu1.18_amd64.deb	http://ap-northeast-2.ec2.archive.ubuntu.com/ubuntu/pool/main/b/bind9/bind9-host_9.11.3%2bdfsg-1ubuntu1.18_amd64.deb	200	53540	de4447d3aa6836358474d288b065494216bc32492f9f45ed52f4794e0e783f20	/home/aella/aws-discovery-xenial-bionic-retry2-20260831/upgrade-discovery/xenial-to-bionic/runtime/deb-cache/45/df/45dfe28f833c48e60fa87a5e46b13f791f2fca91fb23970397d67a7042560e8b
xenial-to-bionic	2026-08-31T11:06:48Z	GET	http://ap-northeast-2.ec2.archive.ubuntu.com/ubuntu/pool/main/b/busybox/busybox-static_1.27.2-2ubuntu3.4_amd64.deb	http://ap-northeast-2.ec2.archive.ubuntu.com/ubuntu/pool/main/b/busybox/busybox-static_1.27.2-2ubuntu3.4_amd64.deb	200	918156	08e48efa90c16397ecf7d869bec0758ec635faa85cb079427a467fb4377574a3	/home/aella/aws-discovery-xenial-bionic-retry2-20260831/upgrade-discovery/xenial-to-bionic/runtime/deb-cache/16/15/16154aa65e7f4b4f44b86e6e572a63721477a3bfe4d47b7b88917e844b769ff7
xenial-to-bionic	2026-08-31T11:06:48Z	GET	http://ap-northeast-2.ec2.archive.ubuntu.com/ubuntu/pool/main/c/command-not-found/command-not-found-data_18.04.6_amd64.deb	http://ap-northeast-2.ec2.archive.ubuntu.com/ubuntu/pool/main/c/command-not-found/command-not-found-data_18.04.6_amd64.deb	200	1008700	4f4728f05891945fef18dbdebc9118ce0128939283d615a630a953aca0d067a9	/home/aella/aws-discovery-xenial-bionic-retry2-20260831/upgrade-discovery/xenial-to-bionic/runtime/deb-cache/0b/d3/0bd311c9e70c573e2ce875c79858bd67ca60fd186efdc271789746cb54381754
xenial-to-bionic	2026-08-31T11:06:48Z	GET	http://ap-northeast-2.ec2.archive.ubuntu.com/ubuntu/pool/main/c/command-not-found/python3-commandnotfound_18.04.6_all.deb	http://ap-northeast-2.ec2.archive.ubuntu.com/ubuntu/pool/main/c/command-not-found/python3-commandnotfound_18.04.6_all.deb	200	9032	e99b5e150964d4f8b414bdb17ff328f8ae8b71da584b92f62b93ab6a4ed661e8	/home/aella/aws-discovery-xenial-bionic-retry2-20260831/upgrade-discovery/xenial-to-bionic/runtime/deb-cache/36/c3/36c373e4a60aa731dfba0bd392c880cfe95cd0f6b428054b18f7c2a196af6d0e
xenial-to-bionic	2026-08-31T11:06:49Z	GET	http://ap-northeast-2.ec2.archive.ubuntu.com/ubuntu/pool/main/c/command-not-found/command-not-found_18.04.6_all.deb	http://ap-northeast-2.ec2.archive.ubuntu.com/ubuntu/pool/main/c/command-not-found/command-not-found_18.04.6_all.deb	200	5208	ebc6681ea33bbdb3006377ead679fdef9214ab13da0a4b39476b33c768372b60	/home/aella/aws-discovery-xenial-bionic-retry2-20260831/upgrade-discovery/xenial-to-bionic/runtime/deb-cache/e8/46/e8462d8ea04d6ffb018cd54e62f05f5df053c0706db0bd06cc46d8976d8cf2fb
xenial-to-bionic	2026-08-31T11:06:50Z	GET	http://ap-northeast-2.ec2.archive.ubuntu.com/ubuntu/pool/main/d/dmidecode/dmidecode_3.1-1ubuntu0.1_amd64.deb	http://ap-northeast-2.ec2.archive.ubuntu.com/ubuntu/pool/main/d/dmidecode/dmidecode_3.1-1ubuntu0.1_amd64.deb	200	50896	c01fad0a3ee1c82666f8347cd5e4c6fcf13a29c2c38a0e597710e391633fdeb1	/home/aella/aws-discovery-xenial-bionic-retry2-20260831/upgrade-discovery/xenial-to-bionic/runtime/deb-cache/9d/0a/9d0a761492aa82aa61687bd77ed2a864da24af71744c3a2482bcf80aff3bad16
xenial-to-bionic	2026-08-31T11:06:50Z	GET	http://ap-northeast-2.ec2.archive.ubuntu.com/ubuntu/pool/main/b/bind9/libirs160_9.11.3%2bdfsg-1ubuntu1.18_amd64.deb	http://ap-northeast-2.ec2.archive.ubuntu.com/ubuntu/pool/main/b/bind9/libirs160_9.11.3%2bdfsg-1ubuntu1.18_amd64.deb	200	19096	daf4a04c82f3140ea584fd47f41fcffba8f701fc45addbccd42ab6ed7871fe20	/home/aella/aws-discovery-xenial-bionic-retry2-20260831/upgrade-discovery/xenial-to-bionic/runtime/deb-cache/c1/b2/c1b2018e5a4f3c7684d20ead7d957e3df6b3d3f76b7163a89760d88ad30c3969
xenial-to-bionic	2026-08-31T11:06:50Z	GET	http://ap-northeast-2.ec2.archive.ubuntu.com/ubuntu/pool/main/b/bind9/dnsutils_9.11.3%2bdfsg-1ubuntu1.18_amd64.deb	http://ap-northeast-2.ec2.archive.ubuntu.com/ubuntu/pool/main/b/bind9/dnsutils_9.11.3%2bdfsg-1ubuntu1.18_amd64.deb	200	145100	1779bcfb9bafcce900c6a256c80fdcf9457af0bbb264a77c34a7b1a40f405ee5	/home/aella/aws-discovery-xenial-bionic-retry2-20260831/upgrade-discovery/xenial-to-bionic/runtime/deb-cache/f1/18/f1185a1be5007a34a08753a03c58b5bd7eb5547035c0fce66798fdfbf1eb5046
xenial-to-bionic	2026-08-31T11:06:50Z	GET	http://ap-northeast-2.ec2.archive.ubuntu.com/ubuntu/pool/main/d/dosfstools/dosfstools_4.1-1_amd64.deb	http://ap-northeast-2.ec2.archive.ubuntu.com/ubuntu/pool/main/d/dosfstools/dosfstools_4.1-1_amd64.deb	200	58058	58a15c62ba50622da685cb809ebbf0ea103bf9c6b9536265e3f31365978a1d0d	/home/aella/aws-discovery-xenial-bionic-retry2-20260831/upgrade-discovery/xenial-to-bionic/runtime/deb-cache/27/5e/275e8e6a4a05fb3d1a9a3bc47ea3f7c38edb82b3b4e42cded7265ced9fda2ca8
xenial-to-bionic	2026-08-31T11:06:50Z	GET	http://ap-northeast-2.ec2.archive.ubuntu.com/ubuntu/pool/main/e/ed/ed_1.10-2.1_amd64.deb	http://ap-northeast-2.ec2.archive.ubuntu.com/ubuntu/pool/main/e/ed/ed_1.10-2.1_amd64.deb	200	49194	7909f873c476be93dbc30029db19139f7e20f68915aa502df9aa2a7b4f60c806	/home/aella/aws-discovery-xenial-bionic-retry2-20260831/upgrade-discovery/xenial-to-bionic/runtime/deb-cache/d3/85/d385eaf66ec6e80a0d2e34b269dfe1372b11c320edb2d5cc9c3664a6a87c92c2
xenial-to-bionic	2026-08-31T11:06:50Z	GET	http://ap-northeast-2.ec2.archive.ubuntu.com/ubuntu/pool/main/n/netkit-ftp/ftp_0.17-34_amd64.deb	http://ap-northeast-2.ec2.archive.ubuntu.com/ubuntu/pool/main/n/netkit-ftp/ftp_0.17-34_amd64.deb	200	56008	762d2d7c9c0c648386d23e8c8cefd47fd247341d3fdc2fb081ebd50d381a46f7	/home/aella/aws-discovery-xenial-bionic-retry2-20260831/upgrade-discovery/xenial-to-bionic/runtime/deb-cache/88/a9/88a912ebfbcc536f90584283e94f6479d1097ccb27252f4c075d8fb56c214f7d
xenial-to-bionic	2026-08-31T11:06:50Z	GET	http://ap-northeast-2.ec2.archive.ubuntu.com/ubuntu/pool/main/h/hdparm/hdparm_9.54%2bds-1_amd64.deb	http://ap-northeast-2.ec2.archive.ubuntu.com/ubuntu/pool/main/h/hdparm/hdparm_9.54%2bds-1_amd64.deb	200	95988	d0ed0ecbc12689a096e559bbae45ad2e6c292586bd3666bc14f4617b7a1578e3	/home/aella/aws-discovery-xenial-bionic-retry2-20260831/upgrade-discovery/xenial-to-bionic/runtime/deb-cache/1e/de/1ede87cf8d12b9b9d9ceaedc2b16983d0b98ed312efb7d5c0f65ff394e35c37c
xenial-to-bionic	2026-08-31T11:06:50Z	GET	http://ap-northeast-2.ec2.archive.ubuntu.com/ubuntu/pool/main/t/texinfo/info_6.5.0.dfsg.1-2_amd64.deb	http://ap-northeast-2.ec2.archive.ubuntu.com/ubuntu/pool/main/t/texinfo/info_6.5.0.dfsg.1-2_amd64.deb	200	104436	783f60b442f582db01bc3c5e926fe824f812806e21c7657007635868e1223f0a	/home/aella/aws-discovery-xenial-bionic-retry2-20260831/upgrade-discovery/xenial-to-bionic/runtime/deb-cache/ff/f3/fff3a5f2353a402d4a281f97500f2a8186a9da99455d0000d8e2bdddae1bcb18
xenial-to-bionic	2026-08-31T11:06:51Z	GET	http://ap-northeast-2.ec2.archive.ubuntu.com/ubuntu/pool/main/i/iptables/libip6tc0_1.6.1-2ubuntu2.1_amd64.deb	http://ap-northeast-2.ec2.archive.ubuntu.com/ubuntu/pool/main/i/iptables/libip6tc0_1.6.1-2ubuntu2.1_amd64.deb	200	20128	3c5ac3e353666ed8e10afd70007486fe22d74d5d908464cca6c7baaad660d479	/home/aella/aws-discovery-xenial-bionic-retry2-20260831/upgrade-discovery/xenial-to-bionic/runtime/deb-cache/29/24/29241da1496518760166865ab34155147cdbc67a3cbda592b726874acb02551d
xenial-to-bionic	2026-08-31T11:06:51Z	GET	http://ap-northeast-2.ec2.archive.ubuntu.com/ubuntu/pool/main/i/iptables/libiptc0_1.6.1-2ubuntu2.1_amd64.deb	http://ap-northeast-2.ec2.archive.ubuntu.com/ubuntu/pool/main/i/iptables/libiptc0_1.6.1-2ubuntu2.1_amd64.deb	200	9468	cea32a61f2103b23cd4c85ab1959ab439e5c72ca5f0c2ef08408aea5068d88a3	/home/aella/aws-discovery-xenial-bionic-retry2-20260831/upgrade-discovery/xenial-to-bionic/runtime/deb-cache/e4/93/e49369777fe23e6fcf3a1d726355ed4c3ce68c7eb47edfaad804c3832a75c2c9
xenial-to-bionic	2026-08-31T11:06:51Z	GET	http://ap-northeast-2.ec2.archive.ubuntu.com/ubuntu/pool/main/libn/libnetfilter-conntrack/libnetfilter-conntrack3_1.0.6-2_amd64.deb	http://ap-northeast-2.ec2.archive.ubuntu.com/ubuntu/pool/main/libn/libnetfilter-conntrack/libnetfilter-conntrack3_1.0.6-2_amd64.deb	200	37792	af601d16474d7886ab88e69494b80357f3a1129b24114039e2e2f7b8bdd1356f	/home/aella/aws-discovery-xenial-bionic-retry2-20260831/upgrade-discovery/xenial-to-bionic/runtime/deb-cache/df/99/df9971c8311cec3296ba30b2438d14143d262c1049eeb5548ae478e1301c0258
xenial-to-bionic	2026-08-31T11:06:51Z	GET	http://ap-northeast-2.ec2.archive.ubuntu.com/ubuntu/pool/main/i/iptables/iptables_1.6.1-2ubuntu2.1_amd64.deb	http://ap-northeast-2.ec2.archive.ubuntu.com/ubuntu/pool/main/i/iptables/iptables_1.6.1-2ubuntu2.1_amd64.deb	200	268788	cd2fd8211212c0a261996b47378f7f2d12c7eda109db0527b56eb93e7db10b5f	/home/aella/aws-discovery-xenial-bionic-retry2-20260831/upgrade-discovery/xenial-to-bionic/runtime/deb-cache/4a/4f/4a4feee9e4da7db4300e42c97ff6a72215aae65335c8186a5fa9afcf5b2d0bd7
xenial-to-bionic	2026-08-31T11:06:51Z	GET	http://ap-northeast-2.ec2.archive.ubuntu.com/ubuntu/pool/main/i/iputils/iputils-tracepath_20161105-1ubuntu3_amd64.deb	http://ap-northeast-2.ec2.archive.ubuntu.com/ubuntu/pool/main/i/iputils/iputils-tracepath_20161105-1ubuntu3_amd64.deb	200	34332	0f71469d4b64ba1233d4436d3c6312f49982094aa91b3064f5800eb5190ceb26	/home/aella/aws-discovery-xenial-bionic-retry2-20260831/upgrade-discovery/xenial-to-bionic/runtime/deb-cache/ca/7b/ca7bcca197d809b2ad622ddb6630113d611758d375bd805d6c02eb993004fd67
xenial-to-bionic	2026-08-31T11:06:51Z	GET	http://ap-northeast-2.ec2.archive.ubuntu.com/ubuntu/pool/main/n/numactl/libnuma1_2.0.11-2.1ubuntu0.1_amd64.deb	http://ap-northeast-2.ec2.archive.ubuntu.com/ubuntu/pool/main/n/numactl/libnuma1_2.0.11-2.1ubuntu0.1_amd64.deb	200	21980	5d26f5433fdb7ab3fc78b260ea090f89f14ba3bc792009265be717b03ecccc4e	/home/aella/aws-discovery-xenial-bionic-retry2-20260831/upgrade-discovery/xenial-to-bionic/runtime/deb-cache/f6/b5/f6b5c61d3c40acfc6c807fc6cc56c7022b38e671e15ba67c3f558162fba63919
xenial-to-bionic	2026-08-31T11:06:52Z	GET	http://ap-northeast-2.ec2.archive.ubuntu.com/ubuntu/pool/main/i/irqbalance/irqbalance_1.3.0-0.1ubuntu0.18.04.1_amd64.deb	http://ap-northeast-2.ec2.archive.ubuntu.com/ubuntu/pool/main/i/irqbalance/irqbalance_1.3.0-0.1ubuntu0.18.04.1_amd64.deb	200	47988	00d48f793f6158c47ec40c251bea07150ac00b7b6c174347ef18a5b6aa64ee49	/home/aella/aws-discovery-xenial-bionic-retry2-20260831/upgrade-discovery/xenial-to-bionic/runtime/deb-cache/ac/e2/ace2bded8ba4900488ab02e3a6554c6e520de387f75fc8747b66680399f7f7bb
xenial-to-bionic	2026-08-31T11:06:52Z	GET	http://ap-northeast-2.ec2.archive.ubuntu.com/ubuntu/pool/main/k/krb5/krb5-locales_1.16-2ubuntu0.4_all.deb	http://ap-northeast-2.ec2.archive.ubuntu.com/ubuntu/pool/main/k/krb5/krb5-locales_1.16-2ubuntu0.4_all.deb	200	13424	c76519707f4c3a6cb81686a62ab5b910a6511ef25caaf22162959bdcb2c86277	/home/aella/aws-discovery-xenial-bionic-retry2-20260831/upgrade-discovery/xenial-to-bionic/runtime/deb-cache/7f/50/7f50bdf0aa5a018bf383cb414c9c0b83bec949b84d28f1e033f2c27e0d73615d
xenial-to-bionic	2026-08-31T11:06:52Z	GET	http://ap-northeast-2.ec2.archive.ubuntu.com/ubuntu/pool/main/p/parted/parted_3.2-20ubuntu0.2_amd64.deb	http://ap-northeast-2.ec2.archive.ubuntu.com/ubuntu/pool/main/p/parted/parted_3.2-20ubuntu0.2_amd64.deb	200	42424	55c02e617c3c457baf9cba19724a052ce72b86aa40f79aafc8e15061a60c0ea6	/home/aella/aws-discovery-xenial-bionic-retry2-20260831/upgrade-discovery/xenial-to-bionic/runtime/deb-cache/a7/c7/a7c79efb7194e0a3ed2959460c8a6146ba5eaa27ab2e3d42dae605ebc4127c13
xenial-to-bionic	2026-08-31T11:06:52Z	GET	http://ap-northeast-2.ec2.archive.ubuntu.com/ubuntu/pool/main/p/parted/libparted2_3.2-20ubuntu0.2_amd64.deb	http://ap-northeast-2.ec2.archive.ubuntu.com/ubuntu/pool/main/p/parted/libparted2_3.2-20ubuntu0.2_amd64.deb	200	122752	87f9a99f220582c92659e59fbb4f614ec375eb46b443d505619d64cdc863481b	/home/aella/aws-discovery-xenial-bionic-retry2-20260831/upgrade-discovery/xenial-to-bionic/runtime/deb-cache/50/e2/50e2e0c9372460c3be2d6dff5987d51c2eb9c786761e3f1cd24ed8311427688c
xenial-to-bionic	2026-08-31T11:06:52Z	GET	http://ap-northeast-2.ec2.archive.ubuntu.com/ubuntu/pool/main/libp/libpcap/libpcap0.8_1.8.1-6ubuntu1.18.04.2_amd64.deb	http://ap-northeast-2.ec2.archive.ubuntu.com/ubuntu/pool/main/libp/libpcap/libpcap0.8_1.8.1-6ubuntu1.18.04.2_amd64.deb	200	118128	af85b7e75234c9cae94fbfc26e2a1e4c12457aee5123922eb9611c0eeb03434b	/home/aella/aws-discovery-xenial-bionic-retry2-20260831/upgrade-discovery/xenial-to-bionic/runtime/deb-cache/6c/78/6c78937446abb11c54edf975dce526610d3658faa8220dc1b9604c3f5bf5759f
xenial-to-bionic	2026-08-31T11:06:52Z	GET	http://ap-northeast-2.ec2.archive.ubuntu.com/ubuntu/pool/main/p/plymouth/libplymouth4_0.9.3-1ubuntu7.18.04.2_amd64.deb	http://ap-northeast-2.ec2.archive.ubuntu.com/ubuntu/pool/main/p/plymouth/libplymouth4_0.9.3-1ubuntu7.18.04.2_amd64.deb	200	87472	6e612f9baba20d7ce029e2b402c20cf72c54c9dfcc2267e4b3e9462aa2ff58f1	/home/aella/aws-discovery-xenial-bionic-retry2-20260831/upgrade-discovery/xenial-to-bionic/runtime/deb-cache/f2/77/f2777c16683cef99005327ac2335ead7894053ceab7112a21a45cd14a99fdefc
xenial-to-bionic	2026-08-31T11:06:52Z	GET	http://ap-northeast-2.ec2.archive.ubuntu.com/ubuntu/pool/main/libu/libusb-1.0/libusb-1.0-0_1.0.21-2_amd64.deb	http://ap-northeast-2.ec2.archive.ubuntu.com/ubuntu/pool/main/libu/libusb-1.0/libusb-1.0-0_1.0.21-2_amd64.deb	200	43258	6cb1401f2078e314f6da0ae382349fb302cb395bb883ffaf1317449074847d66	/home/aella/aws-discovery-xenial-bionic-retry2-20260831/upgrade-discovery/xenial-to-bionic/runtime/deb-cache/03/60/0360517fcd60327a8e6bc89d90a1011cc6242b31e2f92d276663a38b3df9e212
xenial-to-bionic	2026-08-31T11:06:52Z	GET	http://ap-northeast-2.ec2.archive.ubuntu.com/ubuntu/pool/main/libx/libx11/libx11-data_1.6.4-3ubuntu0.4_all.deb	http://ap-northeast-2.ec2.archive.ubuntu.com/ubuntu/pool/main/libx/libx11/libx11-data_1.6.4-3ubuntu0.4_all.deb	200	113652	9efe859df17bcde68f04fa5d73f35e2284fd5fa8580cec60176610cb6fbd68f2	/home/aella/aws-discovery-xenial-bionic-retry2-20260831/upgrade-discovery/xenial-to-bionic/runtime/deb-cache/75/12/75124f68a19b865872e01944be5a179895b806491e9bea18537115e79a2b52b1
xenial-to-bionic	2026-08-31T11:06:53Z	GET	http://ap-northeast-2.ec2.archive.ubuntu.com/ubuntu/pool/main/libx/libxau/libxau6_1.0.8-1ubuntu1_amd64.deb	http://ap-northeast-2.ec2.archive.ubuntu.com/ubuntu/pool/main/libx/libxau/libxau6_1.0.8-1ubuntu1_amd64.deb	200	7556	fa1ae4072a6955195eb78e7ac1f0fd3fb525cfd33b340a99357a21bf6f94eb74	/home/aella/aws-discovery-xenial-bionic-retry2-20260831/upgrade-discovery/xenial-to-bionic/runtime/deb-cache/fa/fc/fafc23a361fee2ba00fdc8a1f08ec27b5ff36081996f2d80c074e7b816464b04
xenial-to-bionic	2026-08-31T11:06:53Z	GET	http://ap-northeast-2.ec2.archive.ubuntu.com/ubuntu/pool/main/libx/libxdmcp/libxdmcp6_1.1.2-3_amd64.deb	http://ap-northeast-2.ec2.archive.ubuntu.com/ubuntu/pool/main/libx/libxdmcp/libxdmcp6_1.1.2-3_amd64.deb	200	10728	8905e3441f5e408208b73817253504498c4488c7803ff4a8fb85e225f0757e55	/home/aella/aws-discovery-xenial-bionic-retry2-20260831/upgrade-discovery/xenial-to-bionic/runtime/deb-cache/a2/50/a250854a64e15e5e03609a73f1e6e84e5846acdb81b926f0132a2d504a8b4e95
xenial-to-bionic	2026-08-31T11:06:53Z	GET	http://ap-northeast-2.ec2.archive.ubuntu.com/ubuntu/pool/main/libx/libxcb/libxcb1_1.13-2%7eubuntu18.04_amd64.deb	http://ap-northeast-2.ec2.archive.ubuntu.com/ubuntu/pool/main/libx/libxcb/libxcb1_1.13-2%7eubuntu18.04_amd64.deb	200	45512	9a29e9ff0598a2bde15de5f53152247607515183548b342eea7f397a5df4cf38	/home/aella/aws-discovery-xenial-bionic-retry2-20260831/upgrade-discovery/xenial-to-bionic/runtime/deb-cache/2b/46/2b4615efa78536ceb6738bb8566487a4aed3138afffb81e62298a6e75761027b
xenial-to-bionic	2026-08-31T11:06:53Z	GET	http://ap-northeast-2.ec2.archive.ubuntu.com/ubuntu/pool/main/libx/libx11/libx11-6_1.6.4-3ubuntu0.4_amd64.deb	http://ap-northeast-2.ec2.archive.ubuntu.com/ubuntu/pool/main/libx/libx11/libx11-6_1.6.4-3ubuntu0.4_amd64.deb	200	571684	4095f0a83f7d4ef87d8ddc96de641735c4d6de11495183ab6ec7b9c35671cffe	/home/aella/aws-discovery-xenial-bionic-retry2-20260831/upgrade-discovery/xenial-to-bionic/runtime/deb-cache/39/82/3982b72e2585932c1f6d04cf6bf633b435d5dd8a493f1f2b91865ddc685e1f1c
xenial-to-bionic	2026-08-31T11:06:53Z	GET	http://ap-northeast-2.ec2.archive.ubuntu.com/ubuntu/pool/main/l/lshw/lshw_02.18-0.1ubuntu6.18.04.2_amd64.deb	http://ap-northeast-2.ec2.archive.ubuntu.com/ubuntu/pool/main/l/lshw/lshw_02.18-0.1ubuntu6.18.04.2_amd64.deb	200	233796	e6ecb36f307e8ae9f4da1f1e14995fc1cd8998c2ed4efd7e40470c8a7a31c5ee	/home/aella/aws-discovery-xenial-bionic-retry2-20260831/upgrade-discovery/xenial-to-bionic/runtime/deb-cache/01/1e/011ea1a87adbb71d8026bfbfc42cd311b10e42430ce01753fc6903bb364713ac
xenial-to-bionic	2026-08-31T11:06:53Z	GET	http://ap-northeast-2.ec2.archive.ubuntu.com/ubuntu/pool/main/l/ltrace/ltrace_0.7.3-6ubuntu1_amd64.deb	http://ap-northeast-2.ec2.archive.ubuntu.com/ubuntu/pool/main/l/ltrace/ltrace_0.7.3-6ubuntu1_amd64.deb	200	133554	16fb24eadb34a044dfb51abaa31f2c69fc70405d315a6f0b84bb1539d1707a02	/home/aella/aws-discovery-xenial-bionic-retry2-20260831/upgrade-discovery/xenial-to-bionic/runtime/deb-cache/64/89/6489b6c1cb954eb64fe1d93bf4c70063e87367084776839f58d5a2302e03013f
xenial-to-bionic	2026-08-31T11:06:53Z	GET	http://ap-northeast-2.ec2.archive.ubuntu.com/ubuntu/pool/main/m/manpages/manpages-dev_4.15-1_all.deb	http://ap-northeast-2.ec2.archive.ubuntu.com/ubuntu/pool/main/m/manpages/manpages-dev_4.15-1_all.deb	200	2216684	2ea36d0d91c2a649ea31ef382ce977775f297bbd9d80ba07606f4df7b3942a01	/home/aella/aws-discovery-xenial-bionic-retry2-20260831/upgrade-discovery/xenial-to-bionic/runtime/deb-cache/8a/d9/8ad9b2075f137498718048130eb92f3b9672041b85b7ce9e072ace5b1cb303dc
xenial-to-bionic	2026-08-31T11:06:54Z	GET	http://ap-northeast-2.ec2.archive.ubuntu.com/ubuntu/pool/main/m/manpages/manpages_4.15-1_all.deb	http://ap-northeast-2.ec2.archive.ubuntu.com/ubuntu/pool/main/m/manpages/manpages_4.15-1_all.deb	200	1233600	f937c30cf9b1474e699d0394ae1426d979be37f7443d3509c0e6bf22440e24d4	/home/aella/aws-discovery-xenial-bionic-retry2-20260831/upgrade-discovery/xenial-to-bionic/runtime/deb-cache/34/68/346869b7754db6a960eb33bd1463fbb7bd84cd5ba7421969614f73f96b6f31ef
xenial-to-bionic	2026-08-31T11:06:54Z	GET	http://ap-northeast-2.ec2.archive.ubuntu.com/ubuntu/pool/main/m/mlocate/mlocate_0.26-2ubuntu3.1_amd64.deb	http://ap-northeast-2.ec2.archive.ubuntu.com/ubuntu/pool/main/m/mlocate/mlocate_0.26-2ubuntu3.1_amd64.deb	200	48952	2ef218c612c14cfd7e9221b8080b93a124c012cb4e968c176a4f1a3e6a32117d	/home/aella/aws-discovery-xenial-bionic-retry2-20260831/upgrade-discovery/xenial-to-bionic/runtime/deb-cache/ce/fe/cefe926cf864b646283f57cb8d2c554a323dd2443912e5afdd9e5c12981a187b
xenial-to-bionic	2026-08-31T11:06:54Z	GET	http://ap-northeast-2.ec2.archive.ubuntu.com/ubuntu/pool/main/m/mtr/mtr-tiny_0.92-1_amd64.deb	http://ap-northeast-2.ec2.archive.ubuntu.com/ubuntu/pool/main/m/mtr/mtr-tiny_0.92-1_amd64.deb	200	48824	49f555fc84790d726c04d5eb8ef78e11712088c51635580c4322e3319758b866	/home/aella/aws-discovery-xenial-bionic-retry2-20260831/upgrade-discovery/xenial-to-bionic/runtime/deb-cache/77/28/77280bb0a7d63e2fd39d3bf6961b07f540ff3d84f57bd18b3da42077dabdf91c
xenial-to-bionic	2026-08-31T11:06:54Z	GET	http://ap-northeast-2.ec2.archive.ubuntu.com/ubuntu/pool/main/g/glibc/multiarch-support_2.27-3ubuntu1.6_amd64.deb	http://ap-northeast-2.ec2.archive.ubuntu.com/ubuntu/pool/main/g/glibc/multiarch-support_2.27-3ubuntu1.6_amd64.deb	200	6960	70c0efcf6299aeedcf374e54eeb826f9f0e49c3359267aa6e61bf749dde449c1	/home/aella/aws-discovery-xenial-bionic-retry2-20260831/upgrade-discovery/xenial-to-bionic/runtime/deb-cache/a7/bd/a7bd6f0b04ec8c47a1ac3feef0764f3f7281a4c661250346c3c2741a3c330243
xenial-to-bionic	2026-08-31T11:06:56Z	GET	http://ap-northeast-2.ec2.archive.ubuntu.com/ubuntu/pool/main/n/nano/nano_2.9.3-2_amd64.deb	http://ap-northeast-2.ec2.archive.ubuntu.com/ubuntu/pool/main/n/nano/nano_2.9.3-2_amd64.deb	200	231376	270db1296d5d0f6c19e73e760f128322b6251de60116b804f4d571977303b9d2	/home/aella/aws-discovery-xenial-bionic-retry2-20260831/upgrade-discovery/xenial-to-bionic/runtime/deb-cache/2d/13/2d135225a7f7d5c2d1691ac7299334da781968977e171d62dc01c041fbd79a00
xenial-to-bionic	2026-08-31T11:06:56Z	GET	http://ap-northeast-2.ec2.archive.ubuntu.com/ubuntu/pool/main/p/plymouth/plymouth_0.9.3-1ubuntu7.18.04.2_amd64.deb	http://ap-northeast-2.ec2.archive.ubuntu.com/ubuntu/pool/main/p/plymouth/plymouth_0.9.3-1ubuntu7.18.04.2_amd64.deb	200	107928	b91fb36131ecb053b5ef105e1b8065305a19068365c63e6aa6f3d63b015d0dea	/home/aella/aws-discovery-xenial-bionic-retry2-20260831/upgrade-discovery/xenial-to-bionic/runtime/deb-cache/3f/2d/3f2d3dd61d652f1a9e3f17a7896cb1e03985a4d5cca19cbee9a48b33630b756d
xenial-to-bionic	2026-08-31T11:06:56Z	GET	http://ap-northeast-2.ec2.archive.ubuntu.com/ubuntu/pool/main/p/plymouth/plymouth-theme-ubuntu-text_0.9.3-1ubuntu7.18.04.2_amd64.deb	http://ap-northeast-2.ec2.archive.ubuntu.com/ubuntu/pool/main/p/plymouth/plymouth-theme-ubuntu-text_0.9.3-1ubuntu7.18.04.2_amd64.deb	200	9060	53a7c122bba6efc5c956b9287a21f1d1fdcd645b936502d49142e57bee2a39e0	/home/aella/aws-discovery-xenial-bionic-retry2-20260831/upgrade-discovery/xenial-to-bionic/runtime/deb-cache/82/36/823621ee15c90e25fc0855db1b55f1ddd1b5340dd4d526f47e3b94a441879cdb
xenial-to-bionic	2026-08-31T11:06:56Z	GET	http://ap-northeast-2.ec2.archive.ubuntu.com/ubuntu/pool/main/p/powermgmt-base/powermgmt-base_1.33_all.deb	http://ap-northeast-2.ec2.archive.ubuntu.com/ubuntu/pool/main/p/powermgmt-base/powermgmt-base_1.33_all.deb	200	8660	66773a1b9b033a31b361414788fdf884a67ee26b0bba86619ff6a500248e2e57	/home/aella/aws-discovery-xenial-bionic-retry2-20260831/upgrade-discovery/xenial-to-bionic/runtime/deb-cache/d1/9a/d19a0368c952cdaf054ba5ba90b0f2bb19cf7a95bdc10d1fc1ea555157c68202
xenial-to-bionic	2026-08-31T11:06:56Z	GET	http://ap-northeast-2.ec2.archive.ubuntu.com/ubuntu/pool/main/p/psmisc/psmisc_23.1-1ubuntu0.1_amd64.deb	http://ap-northeast-2.ec2.archive.ubuntu.com/ubuntu/pool/main/p/psmisc/psmisc_23.1-1ubuntu0.1_amd64.deb	200	52456	5826bd62a06ca529a877cb7d5aecbecdafd649f3de3c95b00595bf5365a3285c	/home/aella/aws-discovery-xenial-bionic-retry2-20260831/upgrade-discovery/xenial-to-bionic/runtime/deb-cache/29/37/2937acae005b2cf12581fad0a9f1f009379d230d07dd5125940e863597f3cf0b
xenial-to-bionic	2026-08-31T11:06:56Z	GET	http://ap-northeast-2.ec2.archive.ubuntu.com/ubuntu/pool/main/p/publicsuffix/publicsuffix_20180223.1310-1_all.deb	http://ap-northeast-2.ec2.archive.ubuntu.com/ubuntu/pool/main/p/publicsuffix/publicsuffix_20180223.1310-1_all.deb	200	97576	e7abd66c805a812e3c6b8d80f1221217cfb3f7675b5d260e579881d6cda0119d	/home/aella/aws-discovery-xenial-bionic-retry2-20260831/upgrade-discovery/xenial-to-bionic/runtime/deb-cache/25/85/2585dda9ce01a7b2d79ba519fbec19c93bc50bb0211fa7b5fbc0cc6cb63c03d0
xenial-to-bionic	2026-08-31T11:06:57Z	GET	http://ap-northeast-2.ec2.archive.ubuntu.com/ubuntu/pool/main/libu/libunwind/libunwind8_1.2.1-8ubuntu0.1_amd64.deb	http://ap-northeast-2.ec2.archive.ubuntu.com/ubuntu/pool/main/libu/libunwind/libunwind8_1.2.1-8ubuntu0.1_amd64.deb	200	47512	c31d6627250b0c140b6bebe934ee2a68ecfed67a725640e96f34cd18493e3c0a	/home/aella/aws-discovery-xenial-bionic-retry2-20260831/upgrade-discovery/xenial-to-bionic/runtime/deb-cache/c4/0c/c40c10dd7ea1749b928478b4258a9b5795e590c1a6fac9f27a1cf8d7ffe4c223
xenial-to-bionic	2026-08-31T11:06:58Z	GET	http://ap-northeast-2.ec2.archive.ubuntu.com/ubuntu/pool/main/s/strace/strace_4.21-1ubuntu1_amd64.deb	http://ap-northeast-2.ec2.archive.ubuntu.com/ubuntu/pool/main/s/strace/strace_4.21-1ubuntu1_amd64.deb	200	333388	92caad9d763f8a08e16c9b186587711bb921a542fea8524ebd4fac7426cc3e06	/home/aella/aws-discovery-xenial-bionic-retry2-20260831/upgrade-discovery/xenial-to-bionic/runtime/deb-cache/66/60/6660104f9bbe81ebfa16bd3c250be1048a52911f4dad4c5f4b5b85306213a238
xenial-to-bionic	2026-08-31T11:06:59Z	GET	http://ap-northeast-2.ec2.archive.ubuntu.com/ubuntu/pool/main/t/tcpdump/tcpdump_4.9.3-0ubuntu0.18.04.3_amd64.deb	http://ap-northeast-2.ec2.archive.ubuntu.com/ubuntu/pool/main/t/tcpdump/tcpdump_4.9.3-0ubuntu0.18.04.3_amd64.deb	200	363588	1f84fd385f5a364a177e3357742f96c6c1e373d27034b6eb01c30450f990f0f7	/home/aella/aws-discovery-xenial-bionic-retry2-20260831/upgrade-discovery/xenial-to-bionic/runtime/deb-cache/ff/37/ff37d57023b54a8b01070c86cf945bcd3fa5dfada5c18e70cccc02a84d7309c3
xenial-to-bionic	2026-08-31T11:07:00Z	GET	http://ap-northeast-2.ec2.archive.ubuntu.com/ubuntu/pool/main/n/netkit-telnet/telnet_0.17-41_amd64.deb	http://ap-northeast-2.ec2.archive.ubuntu.com/ubuntu/pool/main/n/netkit-telnet/telnet_0.17-41_amd64.deb	200	67080	2c9f3f589180be0d85ef6ad9c15de43296449c2f703af91539b2d23afeac82ea	/home/aella/aws-discovery-xenial-bionic-retry2-20260831/upgrade-discovery/xenial-to-bionic/runtime/deb-cache/34/69/346951927db797f6c0b8f40236ba8ce5d1f028bdcdd31d4a123d6dd509b6d537
xenial-to-bionic	2026-08-31T11:07:00Z	GET	http://ap-northeast-2.ec2.archive.ubuntu.com/ubuntu/pool/main/t/time/time_1.7-25.1build1_amd64.deb	http://ap-northeast-2.ec2.archive.ubuntu.com/ubuntu/pool/main/t/time/time_1.7-25.1build1_amd64.deb	200	26158	c46db7f84e8e92004ebb437e36560e3bfe656ff79d4d1a359a8a193a6c2521c2	/home/aella/aws-discovery-xenial-bionic-retry2-20260831/upgrade-discovery/xenial-to-bionic/runtime/deb-cache/15/1f/151f0390cb87086bc4fa89ef2688c632b4e787d8d10ec8f5085eb9922fcc258b
xenial-to-bionic	2026-08-31T11:07:00Z	GET	http://ap-northeast-2.ec2.archive.ubuntu.com/ubuntu/pool/main/u/usbutils/usbutils_007-4build1_amd64.deb	http://ap-northeast-2.ec2.archive.ubuntu.com/ubuntu/pool/main/u/usbutils/usbutils_007-4build1_amd64.deb	200	208084	a9fa16915b8a58ec25306ec17802ceb400f5b6ceb24934d8345df360dedf3d9e	/home/aella/aws-discovery-xenial-bionic-retry2-20260831/upgrade-discovery/xenial-to-bionic/runtime/deb-cache/e6/07/e607cecf56ca69706ffa4eaf08557929536190bec4dd71c07221d433a61c52e7
xenial-to-bionic	2026-08-31T11:07:00Z	GET	http://ap-northeast-2.ec2.archive.ubuntu.com/ubuntu/pool/main/w/wget/wget_1.19.4-1ubuntu2.2_amd64.deb	http://ap-northeast-2.ec2.archive.ubuntu.com/ubuntu/pool/main/w/wget/wget_1.19.4-1ubuntu2.2_amd64.deb	200	315936	ccf494f932e83e08b218702b9c2fc00cfcdf697ab0c7b3af62e94f99e427f048	/home/aella/aws-discovery-xenial-bionic-retry2-20260831/upgrade-discovery/xenial-to-bionic/runtime/deb-cache/c5/6b/c56b36d10227f7db7a33b9612b59c4d0b2c0b21544712352f2e8bbcbb2c19b1a
xenial-to-bionic	2026-08-31T11:07:00Z	GET	http://ap-northeast-2.ec2.archive.ubuntu.com/ubuntu/pool/main/u/ubuntu-meta/ubuntu-standard_1.417.5_amd64.deb	http://ap-northeast-2.ec2.archive.ubuntu.com/ubuntu/pool/main/u/ubuntu-meta/ubuntu-standard_1.417.5_amd64.deb	200	2680	a7ebd955dff315fe2efc7ed8de434e8c175366920bb1e9ca204143c574a49bd3	/home/aella/aws-discovery-xenial-bionic-retry2-20260831/upgrade-discovery/xenial-to-bionic/runtime/deb-cache/9f/bc/9fbcf4b43b986a9d6979334d45153747e6c575fa00e5dd8f565220f43971ffec
xenial-to-bionic	2026-08-31T11:07:00Z	GET	http://ap-northeast-2.ec2.archive.ubuntu.com/ubuntu/pool/main/u/ufw/ufw_0.36-0ubuntu0.18.04.2_all.deb	http://ap-northeast-2.ec2.archive.ubuntu.com/ubuntu/pool/main/u/ufw/ufw_0.36-0ubuntu0.18.04.2_all.deb	200	145644	1757375adc94877e6b46fbfbb9411c08be1766d3d7924aa3858a82114bb7905b	/home/aella/aws-discovery-xenial-bionic-retry2-20260831/upgrade-discovery/xenial-to-bionic/runtime/deb-cache/6b/7b/6b7b3c9879554679dbe6df053a57f5b5d93862bf6f433d70fc956926e21dfbe5
xenial-to-bionic	2026-08-31T11:07:00Z	GET	http://ap-northeast-2.ec2.archive.ubuntu.com/ubuntu/pool/main/u/ureadahead/ureadahead_0.100.0-21_amd64.deb	http://ap-northeast-2.ec2.archive.ubuntu.com/ubuntu/pool/main/u/ureadahead/ureadahead_0.100.0-21_amd64.deb	200	19408	de8d807c7ad73517b4a8cff9b5af93c796a92bc488428f14919017ff335cede9	/home/aella/aws-discovery-xenial-bionic-retry2-20260831/upgrade-discovery/xenial-to-bionic/runtime/deb-cache/46/b6/46b6678ffb70332aec2dfed1ad7fe3edfc7178e9b4681acd2a0e59f49d57846f
xenial-to-bionic	2026-08-31T11:07:00Z	GET	http://ap-northeast-2.ec2.archive.ubuntu.com/ubuntu/pool/main/x/xauth/xauth_1.0.10-1_amd64.deb	http://ap-northeast-2.ec2.archive.ubuntu.com/ubuntu/pool/main/x/xauth/xauth_1.0.10-1_amd64.deb	200	24640	f499832a25338aacc727be300d182a668951923824958898ff1985e046d6a352	/home/aella/aws-discovery-xenial-bionic-retry2-20260831/upgrade-discovery/xenial-to-bionic/runtime/deb-cache/bc/84/bc847a4108a86994c5a9dc9ab766cc3bb11592060ef9db69c1bb632cdf0175a4
xenial-to-bionic	2026-08-31T11:07:00Z	GET	http://ap-northeast-2.ec2.archive.ubuntu.com/ubuntu/pool/main/p/pyopenssl/python-openssl_17.5.0-1ubuntu1_all.deb	http://ap-northeast-2.ec2.archive.ubuntu.com/ubuntu/pool/main/p/pyopenssl/python-openssl_17.5.0-1ubuntu1_all.deb	200	41332	1a3b04c4ac955981790d54021edb0a7d26c653f24c5a1ff2450b7b34bcc578fe	/home/aella/aws-discovery-xenial-bionic-retry2-20260831/upgrade-discovery/xenial-to-bionic/runtime/deb-cache/6b/b8/6bb8862b6ef51b18eb6d65a5f165ebb1bbf65b9a5ffbf53e1a604768530f86e1
xenial-to-bionic	2026-08-31T11:07:00Z	GET	http://ap-northeast-2.ec2.archive.ubuntu.com/ubuntu/pool/main/a/asn1crypto/python-asn1crypto_0.24.0-1_all.deb	http://ap-northeast-2.ec2.archive.ubuntu.com/ubuntu/pool/main/a/asn1crypto/python-asn1crypto_0.24.0-1_all.deb	200	72700	da50cdb26a6fde12a8490b946b75a7f70e89b424060fe3ed362cb912a97b3465	/home/aella/aws-discovery-xenial-bionic-retry2-20260831/upgrade-discovery/xenial-to-bionic/runtime/deb-cache/83/e8/83e81f83502629143b292df247558e00890f6c40c1ab795f67d2162054a73f7c
xenial-to-bionic	2026-08-31T11:07:01Z	GET	http://ap-northeast-2.ec2.archive.ubuntu.com/ubuntu/pool/main/p/python-cffi/python-cffi-backend_1.11.5-1_amd64.deb	http://ap-northeast-2.ec2.archive.ubuntu.com/ubuntu/pool/main/p/python-cffi/python-cffi-backend_1.11.5-1_amd64.deb	200	63436	3c290fb9d2126ba18b5d703f34a806e393d0a51ef9891727732d8929683c4c83	/home/aella/aws-discovery-xenial-bionic-retry2-20260831/upgrade-discovery/xenial-to-bionic/runtime/deb-cache/dc/3f/dc3fa00cbf088fc2d6e697f0808d46a4d471c0bb92b9d280cdabfe5f11541e4f
xenial-to-bionic	2026-08-31T11:07:01Z	GET	http://ap-northeast-2.ec2.archive.ubuntu.com/ubuntu/pool/main/e/enum34/python-enum34_1.1.6-2_all.deb	http://ap-northeast-2.ec2.archive.ubuntu.com/ubuntu/pool/main/e/enum34/python-enum34_1.1.6-2_all.deb	200	34832	67f09be31b5e1ac8aa77dcd4f5b3e7d97edc0b57b1116d018b6ad3e31dcb824d	/home/aella/aws-discovery-xenial-bionic-retry2-20260831/upgrade-discovery/xenial-to-bionic/runtime/deb-cache/f8/95/f8959e1bdf3479e807c96c750243ce839f68d53f0ab22ec47367263df28ada1f
xenial-to-bionic	2026-08-31T11:07:01Z	GET	http://ap-northeast-2.ec2.archive.ubuntu.com/ubuntu/pool/main/p/python-ipaddress/python-ipaddress_1.0.17-1_all.deb	http://ap-northeast-2.ec2.archive.ubuntu.com/ubuntu/pool/main/p/python-ipaddress/python-ipaddress_1.0.17-1_all.deb	200	18182	0c0f74232e3089c2ce28bbff2b60398713776f40284371ab4c5fba6636be43db	/home/aella/aws-discovery-xenial-bionic-retry2-20260831/upgrade-discovery/xenial-to-bionic/runtime/deb-cache/c3/d9/c3d9eda27847cc2c0395a965e16a5652141c3864700a9840d143d3963a533662
xenial-to-bionic	2026-08-31T11:07:02Z	GET	http://ap-northeast-2.ec2.archive.ubuntu.com/ubuntu/pool/main/p/python-cryptography/python-cryptography_2.1.4-1ubuntu1.4_amd64.deb	http://ap-northeast-2.ec2.archive.ubuntu.com/ubuntu/pool/main/p/python-cryptography/python-cryptography_2.1.4-1ubuntu1.4_amd64.deb	200	275524	bad14cf6f396f9e0fa4b7ad78b84cb40e57595764e8775fa4f2ab7f3f0a9836a	/home/aella/aws-discovery-xenial-bionic-retry2-20260831/upgrade-discovery/xenial-to-bionic/runtime/deb-cache/16/62/1662707b811fda1d878b377c603d361249cfa749943abb5bc49f0665bc03321a
xenial-to-bionic	2026-08-31T11:07:02Z	GET	http://ap-northeast-2.ec2.archive.ubuntu.com/ubuntu/pool/main/m/markupsafe/python-markupsafe_1.0-1build1_amd64.deb	http://ap-northeast-2.ec2.archive.ubuntu.com/ubuntu/pool/main/m/markupsafe/python-markupsafe_1.0-1build1_amd64.deb	200	13040	58cd1a38824a76e5e3176f1a794bc6d593fe73a4ec9a867b811870fd1870fd60	/home/aella/aws-discovery-xenial-bionic-retry2-20260831/upgrade-discovery/xenial-to-bionic/runtime/deb-cache/0a/d7/0ad72213700559bfb9e776613db04e5da5cd34f304594b06057c60c92c6bc025
xenial-to-bionic	2026-08-31T11:07:02Z	GET	http://ap-northeast-2.ec2.archive.ubuntu.com/ubuntu/pool/main/j/jinja2/python-jinja2_2.10-1ubuntu0.18.04.1_all.deb	http://ap-northeast-2.ec2.archive.ubuntu.com/ubuntu/pool/main/j/jinja2/python-jinja2_2.10-1ubuntu0.18.04.1_all.deb	200	94780	22ef47b2068353702086f578d4acc71cb87a012f5ed1f508eb657e4e537ff88e	/home/aella/aws-discovery-xenial-bionic-retry2-20260831/upgrade-discovery/xenial-to-bionic/runtime/deb-cache/e8/01/e8016a2decfdf4a9b87eb21e5d861a630916be1c7b55163cfc1b2e0a08b9a5b7
xenial-to-bionic	2026-08-31T11:07:02Z	GET	http://ap-northeast-2.ec2.archive.ubuntu.com/ubuntu/pool/main/p/pyasn1/python-pyasn1_0.4.2-3_all.deb	http://ap-northeast-2.ec2.archive.ubuntu.com/ubuntu/pool/main/p/pyasn1/python-pyasn1_0.4.2-3_all.deb	200	46732	f61f4b4644144307ded2f101e00c84bf800ba8ba58eee992c7632904c5bd42f6	/home/aella/aws-discovery-xenial-bionic-retry2-20260831/upgrade-discovery/xenial-to-bionic/runtime/deb-cache/76/b6/76b6f4d15de94aa898831fdf37ad016befada09571552c177eacb8d42fb6c580
xenial-to-bionic	2026-08-31T11:07:03Z	GET	http://ap-northeast-2.ec2.archive.ubuntu.com/ubuntu/pool/main/p/paramiko/python-paramiko_2.0.0-1ubuntu1.3_all.deb	http://ap-northeast-2.ec2.archive.ubuntu.com/ubuntu/pool/main/p/paramiko/python-paramiko_2.0.0-1ubuntu1.3_all.deb	200	110444	1061a77e291e145b4ab4c234644de2f00528398a0f6891af1f8e5250164fddb8	/home/aella/aws-discovery-xenial-bionic-retry2-20260831/upgrade-discovery/xenial-to-bionic/runtime/deb-cache/24/e6/24e6920003a8593d56ca15b6cc3b313a40c0304255614cbf259c592cf304c392
xenial-to-bionic	2026-08-31T11:07:03Z	GET	http://ap-northeast-2.ec2.archive.ubuntu.com/ubuntu/pool/main/p/pyyaml/python-yaml_3.12-1build2_amd64.deb	http://ap-northeast-2.ec2.archive.ubuntu.com/ubuntu/pool/main/p/pyyaml/python-yaml_3.12-1build2_amd64.deb	200	115300	6d7224b64bad33e42a21cad92c2381f480785fdce00d8df8ecd0411f7570ae06	/home/aella/aws-discovery-xenial-bionic-retry2-20260831/upgrade-discovery/xenial-to-bionic/runtime/deb-cache/78/55/785594345608e13e28e4d2edc5b0ef1a539dbe8b0f83d7b3468f7ddaaffd0f75
xenial-to-bionic	2026-08-31T11:07:03Z	GET	http://ap-northeast-2.ec2.archive.ubuntu.com/ubuntu/pool/main/p/python-crypto/python-crypto_2.6.1-8ubuntu2_amd64.deb	http://ap-northeast-2.ec2.archive.ubuntu.com/ubuntu/pool/main/p/python-crypto/python-crypto_2.6.1-8ubuntu2_amd64.deb	200	244160	c40c21f6160c58facc934ff8f26ef5792a6ea5afdc6971a8cc889d438d925a8d	/home/aella/aws-discovery-xenial-bionic-retry2-20260831/upgrade-discovery/xenial-to-bionic/runtime/deb-cache/20/58/2058c6065864f6afc5657e78ae9ae08b064fa6cd4c92e556d44db115f5122750
xenial-to-bionic	2026-08-31T11:07:04Z	GET	http://ap-northeast-2.ec2.archive.ubuntu.com/ubuntu/pool/main/i/ieee-data/ieee-data_20180204.1_all.deb	http://ap-northeast-2.ec2.archive.ubuntu.com/ubuntu/pool/main/i/ieee-data/ieee-data_20180204.1_all.deb	200	1538848	2fed75e5908894a7cb48bc6793eba5641305fade7a28717c308641cdd574f380	/home/aella/aws-discovery-xenial-bionic-retry2-20260831/upgrade-discovery/xenial-to-bionic/runtime/deb-cache/ee/6d/ee6d885bf6dd7c35b8a2acca811781b5332cac2817b15cd3d6d4a871a7dc696e
xenial-to-bionic	2026-08-31T11:07:05Z	GET	http://ap-northeast-2.ec2.archive.ubuntu.com/ubuntu/pool/main/p/python-netaddr/python-netaddr_0.7.19-1_all.deb	http://ap-northeast-2.ec2.archive.ubuntu.com/ubuntu/pool/main/p/python-netaddr/python-netaddr_0.7.19-1_all.deb	200	213348	d39b3711181a9539100d23279a8cd5c8180ac1ce909b3b1caab0ddc273a61943	/home/aella/aws-discovery-xenial-bionic-retry2-20260831/upgrade-discovery/xenial-to-bionic/runtime/deb-cache/43/c0/43c09aebde084f1e04e7700874003df2ca2ef18c93db212eb2f0faed3362bcd8
xenial-to-bionic	2026-08-31T11:07:07Z	GET	http://ap-northeast-2.ec2.archive.ubuntu.com/ubuntu/pool/universe/a/ansible/ansible_2.5.1%2bdfsg-1ubuntu0.1_all.deb	http://ap-northeast-2.ec2.archive.ubuntu.com/ubuntu/pool/universe/a/ansible/ansible_2.5.1%2bdfsg-1ubuntu0.1_all.deb	200	3198096	9e9ce5337e3e5346d9833f6c1810a4aa886ec27980d58c1cf34bd639a44abf9f	/home/aella/aws-discovery-xenial-bionic-retry2-20260831/upgrade-discovery/xenial-to-bionic/runtime/deb-cache/45/27/45271da8b9b20395549bb6417c78b6a7996bda6eeeff0123945380606e57b3a6
xenial-to-bionic	2026-08-31T11:07:07Z	GET	http://ap-northeast-2.ec2.archive.ubuntu.com/ubuntu/pool/main/a/apr-util/libaprutil1_1.6.1-2ubuntu0.1_amd64.deb	http://ap-northeast-2.ec2.archive.ubuntu.com/ubuntu/pool/main/a/apr-util/libaprutil1_1.6.1-2ubuntu0.1_amd64.deb	200	84592	0c9e5b2aae85cd61a0f9c78398ff0cb89d47d70270cd7df564ac71fd8b6a824e	/home/aella/aws-discovery-xenial-bionic-retry2-20260831/upgrade-discovery/xenial-to-bionic/runtime/deb-cache/e9/0c/e90c477730e4a39e675d8193ef13e528ce355765456d8a26e0b5e83e177f6780
xenial-to-bionic	2026-08-31T11:07:07Z	GET	http://ap-northeast-2.ec2.archive.ubuntu.com/ubuntu/pool/main/a/apr/libapr1_1.6.3-2_amd64.deb	http://ap-northeast-2.ec2.archive.ubuntu.com/ubuntu/pool/main/a/apr/libapr1_1.6.3-2_amd64.deb	200	90904	8fdfc973846218581b0adbf5d7fd95572a5c2bb77af98c508020e7405d8be66b	/home/aella/aws-discovery-xenial-bionic-retry2-20260831/upgrade-discovery/xenial-to-bionic/runtime/deb-cache/59/09/5909ae6eb2b3c6c64984c941c8014cc736857ab3c1e501d83a99cf23cd5e1eeb
xenial-to-bionic	2026-08-31T11:07:07Z	GET	http://ap-northeast-2.ec2.archive.ubuntu.com/ubuntu/pool/main/a/apache2/apache2-utils_2.4.29-1ubuntu4.27_amd64.deb	http://ap-northeast-2.ec2.archive.ubuntu.com/ubuntu/pool/main/a/apache2/apache2-utils_2.4.29-1ubuntu4.27_amd64.deb	200	83308	129929a1ac334f07f083d3b5ee6b0a52d67efe2fb7575dac72e386afaadfdb95	/home/aella/aws-discovery-xenial-bionic-retry2-20260831/upgrade-discovery/xenial-to-bionic/runtime/deb-cache/59/f2/59f257a94eb3b046179294fa068e407157858ad80f06cbe97f535ebbfaa283b8
xenial-to-bionic	2026-08-31T11:07:07Z	GET	http://ap-northeast-2.ec2.archive.ubuntu.com/ubuntu/pool/main/b/bc/bc_1.07.1-2_amd64.deb	http://ap-northeast-2.ec2.archive.ubuntu.com/ubuntu/pool/main/b/bc/bc_1.07.1-2_amd64.deb	200	86160	061619b85e59f1a949bf032def9ce36eb7dce776ffbd19504bfd6f1f6ef66633	/home/aella/aws-discovery-xenial-bionic-retry2-20260831/upgrade-discovery/xenial-to-bionic/runtime/deb-cache/a8/eb/a8eb24316ae4582c55504a4949f9767d1e8545c5d4df861b05ba82f2ad8d2944
xenial-to-bionic	2026-08-31T11:07:07Z	GET	http://ap-northeast-2.ec2.archive.ubuntu.com/ubuntu/pool/main/g/gcc-7/gcc-7-base_7.5.0-3ubuntu1%7e18.04_amd64.deb	http://ap-northeast-2.ec2.archive.ubuntu.com/ubuntu/pool/main/g/gcc-7/gcc-7-base_7.5.0-3ubuntu1%7e18.04_amd64.deb	200	18268	6c30e2237e5a7c7264d24b2130b160271232a7748325a4659af19f4d861e9a23	/home/aella/aws-discovery-xenial-bionic-retry2-20260831/upgrade-discovery/xenial-to-bionic/runtime/deb-cache/38/c5/38c5cf26305dfb50393ea1bc4cb0394d70bbc762e35653698bd0883c13040cf2
xenial-to-bionic	2026-08-31T11:07:07Z	GET	http://ap-northeast-2.ec2.archive.ubuntu.com/ubuntu/pool/main/i/isl/libisl19_0.19-1_amd64.deb	http://ap-northeast-2.ec2.archive.ubuntu.com/ubuntu/pool/main/i/isl/libisl19_0.19-1_amd64.deb	200	551452	07a0827aba14140b1833ca19ced3f939b2d075646094926d43678a0d19cc942f	/home/aella/aws-discovery-xenial-bionic-retry2-20260831/upgrade-discovery/xenial-to-bionic/runtime/deb-cache/5e/d8/5ed84d7d977df43a37743ade8f85fd7d09c814730ff5c495503a6f689eb39d73
xenial-to-bionic	2026-08-31T11:07:08Z	GET	http://ap-northeast-2.ec2.archive.ubuntu.com/ubuntu/pool/main/g/gcc-7/cpp-7_7.5.0-3ubuntu1%7e18.04_amd64.deb	http://ap-northeast-2.ec2.archive.ubuntu.com/ubuntu/pool/main/g/gcc-7/cpp-7_7.5.0-3ubuntu1%7e18.04_amd64.deb	200	8591092	54ef20b753876e38ac478f05170ef1c4fc856db12b1dfaa0ffb14e220e527d61	/home/aella/aws-discovery-xenial-bionic-retry2-20260831/upgrade-discovery/xenial-to-bionic/runtime/deb-cache/17/48/17484e905d79393dbaf4149d3417e723c8d49d6eb73c728f0af0d399c602fecc
xenial-to-bionic	2026-08-31T11:07:08Z	GET	http://ap-northeast-2.ec2.archive.ubuntu.com/ubuntu/pool/main/g/gcc-defaults/cpp_7.4.0-1ubuntu2.3_amd64.deb	http://ap-northeast-2.ec2.archive.ubuntu.com/ubuntu/pool/main/g/gcc-defaults/cpp_7.4.0-1ubuntu2.3_amd64.deb	200	27656	6587837e97571bf64e5b673d0f0923b52e3f4e601e15df3907f9a246dd3eaae4	/home/aella/aws-discovery-xenial-bionic-retry2-20260831/upgrade-discovery/xenial-to-bionic/runtime/deb-cache/00/65/0065ef5576ebc462da75a3eeef53c7b976256f5cf1c13b66830b50f601157ca2
xenial-to-bionic	2026-08-31T11:07:08Z	GET	http://ap-northeast-2.ec2.archive.ubuntu.com/ubuntu/pool/main/g/gcc-8/libcc1-0_8.4.0-1ubuntu1%7e18.04_amd64.deb	http://ap-northeast-2.ec2.archive.ubuntu.com/ubuntu/pool/main/g/gcc-8/libcc1-0_8.4.0-1ubuntu1%7e18.04_amd64.deb	200	39384	9353e6bb2d566f744ca7c80a5b4799aa5b84be5cfa13cee26390bf5798be0da5	/home/aella/aws-discovery-xenial-bionic-retry2-20260831/upgrade-discovery/xenial-to-bionic/runtime/deb-cache/4d/84/4d84584bbf2f229869ad9b79744ab106398caeb722d2f994c0beb871def8c9cf
xenial-to-bionic	2026-08-31T11:07:08Z	GET	http://ap-northeast-2.ec2.archive.ubuntu.com/ubuntu/pool/main/g/gcc-8/libgomp1_8.4.0-1ubuntu1%7e18.04_amd64.deb	http://ap-northeast-2.ec2.archive.ubuntu.com/ubuntu/pool/main/g/gcc-8/libgomp1_8.4.0-1ubuntu1%7e18.04_amd64.deb	200	76452	2fb511a931d0510d22313fad065c951e04431d75d4e6160e1d80d29e88748c8a	/home/aella/aws-discovery-xenial-bionic-retry2-20260831/upgrade-discovery/xenial-to-bionic/runtime/deb-cache/d0/82/d082e453c27c42cd54be68ed9e7d9f400830282615f451a9f14becbdc67d085c
xenial-to-bionic	2026-08-31T11:07:08Z	GET	http://ap-northeast-2.ec2.archive.ubuntu.com/ubuntu/pool/main/g/gcc-8/libitm1_8.4.0-1ubuntu1%7e18.04_amd64.deb	http://ap-northeast-2.ec2.archive.ubuntu.com/ubuntu/pool/main/g/gcc-8/libitm1_8.4.0-1ubuntu1%7e18.04_amd64.deb	200	27904	457bf0aeba42cf1365bfe04af9a0094e3f5fd9104a59ea68ce95b32308ed0c69	/home/aella/aws-discovery-xenial-bionic-retry2-20260831/upgrade-discovery/xenial-to-bionic/runtime/deb-cache/87/26/87261919cc694cd2752633c34deff15df12e6f8e9c180c720043e67b5dcb5838
xenial-to-bionic	2026-08-31T11:07:08Z	GET	http://ap-northeast-2.ec2.archive.ubuntu.com/ubuntu/pool/main/g/gcc-8/libatomic1_8.4.0-1ubuntu1%7e18.04_amd64.deb	http://ap-northeast-2.ec2.archive.ubuntu.com/ubuntu/pool/main/g/gcc-8/libatomic1_8.4.0-1ubuntu1%7e18.04_amd64.deb	200	9192	a8caba3d4029ea55fcf53ea0f481aade8ea11cc01083923b7ebc7537c30919a6	/home/aella/aws-discovery-xenial-bionic-retry2-20260831/upgrade-discovery/xenial-to-bionic/runtime/deb-cache/ce/33/ce33b8c28b12c9c918999d667b9e9ebefad203b162abac41c3850451b2b9a7a0
xenial-to-bionic	2026-08-31T11:07:08Z	GET	http://ap-northeast-2.ec2.archive.ubuntu.com/ubuntu/pool/main/g/gcc-7/libasan4_7.5.0-3ubuntu1%7e18.04_amd64.deb	http://ap-northeast-2.ec2.archive.ubuntu.com/ubuntu/pool/main/g/gcc-7/libasan4_7.5.0-3ubuntu1%7e18.04_amd64.deb	200	358376	0e53c3a7c7be5206eca5611d5b1f6e6eb9f858811607337b4dedaa8260b97234	/home/aella/aws-discovery-xenial-bionic-retry2-20260831/upgrade-discovery/xenial-to-bionic/runtime/deb-cache/15/5f/155f8d5c044a2ac004894041c9ab94245835921521176f67baec61abb06f0bc8
xenial-to-bionic	2026-08-31T11:07:08Z	GET	http://ap-northeast-2.ec2.archive.ubuntu.com/ubuntu/pool/main/g/gcc-8/liblsan0_8.4.0-1ubuntu1%7e18.04_amd64.deb	http://ap-northeast-2.ec2.archive.ubuntu.com/ubuntu/pool/main/g/gcc-8/liblsan0_8.4.0-1ubuntu1%7e18.04_amd64.deb	200	132688	deac07d452927b67d161d3d3c79ba17dedd90de5b6b6c5f6c0f7db021fb88b9b	/home/aella/aws-discovery-xenial-bionic-retry2-20260831/upgrade-discovery/xenial-to-bionic/runtime/deb-cache/43/f9/43f9add271fe28d8ef526dfc5e555e7065f79c80d85f72030ad1a6f2e2dc33e9
xenial-to-bionic	2026-08-31T11:07:09Z	GET	http://ap-northeast-2.ec2.archive.ubuntu.com/ubuntu/pool/main/g/gcc-8/libtsan0_8.4.0-1ubuntu1%7e18.04_amd64.deb	http://ap-northeast-2.ec2.archive.ubuntu.com/ubuntu/pool/main/g/gcc-8/libtsan0_8.4.0-1ubuntu1%7e18.04_amd64.deb	200	288108	ebc9978fefbe327755649a965f904b0453b1b88d8e5ef732450194e4023c4ece	/home/aella/aws-discovery-xenial-bionic-retry2-20260831/upgrade-discovery/xenial-to-bionic/runtime/deb-cache/f8/41/f841032a16d99a3cf65f5d38670222c3e3079db796e5267d39f1d0f804eb7179
xenial-to-bionic	2026-08-31T11:07:09Z	GET	http://ap-northeast-2.ec2.archive.ubuntu.com/ubuntu/pool/main/g/gcc-7/libubsan0_7.5.0-3ubuntu1%7e18.04_amd64.deb	http://ap-northeast-2.ec2.archive.ubuntu.com/ubuntu/pool/main/g/gcc-7/libubsan0_7.5.0-3ubuntu1%7e18.04_amd64.deb	200	126228	6439b3adcb3ebe6239061a529888e6aca754db2db381705a43fa772daf7cb667	/home/aella/aws-discovery-xenial-bionic-retry2-20260831/upgrade-discovery/xenial-to-bionic/runtime/deb-cache/1f/cf/1fcf7f7eff2a4ce9a0fe8288e7ec19c2fe9e66b415a2d9be842c2684808d4e3e
xenial-to-bionic	2026-08-31T11:07:09Z	GET	http://ap-northeast-2.ec2.archive.ubuntu.com/ubuntu/pool/main/g/gcc-7/libcilkrts5_7.5.0-3ubuntu1%7e18.04_amd64.deb	http://ap-northeast-2.ec2.archive.ubuntu.com/ubuntu/pool/main/g/gcc-7/libcilkrts5_7.5.0-3ubuntu1%7e18.04_amd64.deb	200	42464	1a744e3bbd1a3e18ad49cbb7c5b7670dae494a0748aecff4bc2fc11e7a4f44f6	/home/aella/aws-discovery-xenial-bionic-retry2-20260831/upgrade-discovery/xenial-to-bionic/runtime/deb-cache/32/b5/32b5fca79eaeb79e94a8a5f9079eaf7ce41be6214c9b2ea90d7c09f78c0ee764
xenial-to-bionic	2026-08-31T11:07:09Z	GET	http://ap-northeast-2.ec2.archive.ubuntu.com/ubuntu/pool/main/g/gcc-8/libmpx2_8.4.0-1ubuntu1%7e18.04_amd64.deb	http://ap-northeast-2.ec2.archive.ubuntu.com/ubuntu/pool/main/g/gcc-8/libmpx2_8.4.0-1ubuntu1%7e18.04_amd64.deb	200	11636	721326efde580224c31de5406ccd313ce154fd5db131bdef9d44ff6f39c5390c	/home/aella/aws-discovery-xenial-bionic-retry2-20260831/upgrade-discovery/xenial-to-bionic/runtime/deb-cache/85/50/8550e3f99953f7b26cc7faf0ba69f6507b698cd60ee44aea9fc3db335875c30c
xenial-to-bionic	2026-08-31T11:07:09Z	GET	http://ap-northeast-2.ec2.archive.ubuntu.com/ubuntu/pool/main/g/gcc-8/libquadmath0_8.4.0-1ubuntu1%7e18.04_amd64.deb	http://ap-northeast-2.ec2.archive.ubuntu.com/ubuntu/pool/main/g/gcc-8/libquadmath0_8.4.0-1ubuntu1%7e18.04_amd64.deb	200	133600	38812adfb8b4376c32ee3457ab77bd6098f3404e1b39321c24b8714bcee1fcf2	/home/aella/aws-discovery-xenial-bionic-retry2-20260831/upgrade-discovery/xenial-to-bionic/runtime/deb-cache/f5/21/f521cb82c50b944b50507813b9fa6e4af2391a0881fdaf929e9753cab6eefe7f
xenial-to-bionic	2026-08-31T11:07:09Z	GET	http://ap-northeast-2.ec2.archive.ubuntu.com/ubuntu/pool/main/g/gcc-7/libgcc-7-dev_7.5.0-3ubuntu1%7e18.04_amd64.deb	http://ap-northeast-2.ec2.archive.ubuntu.com/ubuntu/pool/main/g/gcc-7/libgcc-7-dev_7.5.0-3ubuntu1%7e18.04_amd64.deb	200	2378308	65b9b7817a6d103bd737fd35be5e9d462ccb9fa23076e0ae02e662404ee26694	/home/aella/aws-discovery-xenial-bionic-retry2-20260831/upgrade-discovery/xenial-to-bionic/runtime/deb-cache/20/cc/20cc08cd36280edc0f4d55a1acd54c42038e1109bb06144e5031112fd47dabd2
xenial-to-bionic	2026-08-31T11:07:09Z	GET	http://ap-northeast-2.ec2.archive.ubuntu.com/ubuntu/pool/main/g/gcc-7/gcc-7_7.5.0-3ubuntu1%7e18.04_amd64.deb	http://ap-northeast-2.ec2.archive.ubuntu.com/ubuntu/pool/main/g/gcc-7/gcc-7_7.5.0-3ubuntu1%7e18.04_amd64.deb	200	9381188	e325ed51b24372d0d655e0887922778932b11f7948ec37dbd4ff357688081b40	/home/aella/aws-discovery-xenial-bionic-retry2-20260831/upgrade-discovery/xenial-to-bionic/runtime/deb-cache/eb/f6/ebf6be6ec4a246e7e688c75b4b02b9fdf6db1f15d9a19b8e8fe7474bb1c8d891
xenial-to-bionic	2026-08-31T11:07:10Z	GET	http://ap-northeast-2.ec2.archive.ubuntu.com/ubuntu/pool/main/g/gcc-defaults/gcc_7.4.0-1ubuntu2.3_amd64.deb	http://ap-northeast-2.ec2.archive.ubuntu.com/ubuntu/pool/main/g/gcc-defaults/gcc_7.4.0-1ubuntu2.3_amd64.deb	200	5184	7ef491f26b4c15b45c0221f106f1d44a17e168b5ec951a378ec46c9211d67de9	/home/aella/aws-discovery-xenial-bionic-retry2-20260831/upgrade-discovery/xenial-to-bionic/runtime/deb-cache/ae/44/ae4455ba7044495b5ebb2d8685000d357c9065ad986bd2483a41e91799b4825c
xenial-to-bionic	2026-08-31T11:07:10Z	GET	http://ap-northeast-2.ec2.archive.ubuntu.com/ubuntu/pool/main/g/gcc-7/libstdc%2b%2b-7-dev_7.5.0-3ubuntu1%7e18.04_amd64.deb	http://ap-northeast-2.ec2.archive.ubuntu.com/ubuntu/pool/main/g/gcc-7/libstdc%2b%2b-7-dev_7.5.0-3ubuntu1%7e18.04_amd64.deb	200	1471256	d7402d9fb25ccde6c7e42a33ac64ea58663b711d47f073e083e2286f355b5a51	/home/aella/aws-discovery-xenial-bionic-retry2-20260831/upgrade-discovery/xenial-to-bionic/runtime/deb-cache/9e/1a/9e1a7fe02b4f590af0676de429372d6dcc9e96c9c6630915441006f22437577b
xenial-to-bionic	2026-08-31T11:07:14Z	GET	http://ap-northeast-2.ec2.archive.ubuntu.com/ubuntu/pool/main/g/gcc-7/g%2b%2b-7_7.5.0-3ubuntu1%7e18.04_amd64.deb	http://ap-northeast-2.ec2.archive.ubuntu.com/ubuntu/pool/main/g/gcc-7/g%2b%2b-7_7.5.0-3ubuntu1%7e18.04_amd64.deb	200	9697404	1ba415a38d09c2b3c16c063372f4cfb381e6bcd2cc919468953e28d785e96f04	/home/aella/aws-discovery-xenial-bionic-retry2-20260831/upgrade-discovery/xenial-to-bionic/runtime/deb-cache/bd/13/bd13cebc9353233db83408d5c5675abf643ed5aaaa2a5d0a10a20538237e9998
xenial-to-bionic	2026-08-31T11:07:14Z	GET	http://ap-northeast-2.ec2.archive.ubuntu.com/ubuntu/pool/main/g/gcc-defaults/g%2b%2b_7.4.0-1ubuntu2.3_amd64.deb	http://ap-northeast-2.ec2.archive.ubuntu.com/ubuntu/pool/main/g/gcc-defaults/g%2b%2b_7.4.0-1ubuntu2.3_amd64.deb	200	1568	c261a5555d623e38d9ff42bac9f78610dce44eec95dc78fb7e81961fb33d4401	/home/aella/aws-discovery-xenial-bionic-retry2-20260831/upgrade-discovery/xenial-to-bionic/runtime/deb-cache/59/5c/595c9e5341a5368012809ac537692accfcfe4f599eabbdf0af59d8951ac6e2e7
xenial-to-bionic	2026-08-31T11:07:14Z	GET	http://ap-northeast-2.ec2.archive.ubuntu.com/ubuntu/pool/main/b/build-essential/build-essential_12.4ubuntu1_amd64.deb	http://ap-northeast-2.ec2.archive.ubuntu.com/ubuntu/pool/main/b/build-essential/build-essential_12.4ubuntu1_amd64.deb	200	4758	bb2ac7aae21544446f45e200aacb961f0dcc42c8caacdc8da37d392b222abfa0	/home/aella/aws-discovery-xenial-bionic-retry2-20260831/upgrade-discovery/xenial-to-bionic/runtime/deb-cache/ee/af/eeafbc6c3f2904aa113f61da7cfa3bdc83b048508adfd5e32a97b3f277cf567e
xenial-to-bionic	2026-08-31T11:07:15Z	GET	http://ap-northeast-2.ec2.archive.ubuntu.com/ubuntu/pool/main/c/conntrack-tools/conntrack_1.4.4%2bsnapshot20161117-6ubuntu2_amd64.deb	http://ap-northeast-2.ec2.archive.ubuntu.com/ubuntu/pool/main/c/conntrack-tools/conntrack_1.4.4%2bsnapshot20161117-6ubuntu2_amd64.deb	200	30580	2a0f02335f16d7024de3c65c795a43d8e32be82fc78dc4587135ea9da353a375	/home/aella/aws-discovery-xenial-bionic-retry2-20260831/upgrade-discovery/xenial-to-bionic/runtime/deb-cache/68/c8/68c837885ca485959f562149e9707cc412b7a22bf7689017103af1e334052161
xenial-to-bionic	2026-08-31T11:07:15Z	GET	http://ap-northeast-2.ec2.archive.ubuntu.com/ubuntu/pool/universe/r/runc/runc_1.1.4-0ubuntu1%7e18.04.2_amd64.deb	http://ap-northeast-2.ec2.archive.ubuntu.com/ubuntu/pool/universe/r/runc/runc_1.1.4-0ubuntu1%7e18.04.2_amd64.deb	200	3822376	24144a77f556dac2592581eb77906e11947f89615ee9ddfc8bcab1ea4527129f	/home/aella/aws-discovery-xenial-bionic-retry2-20260831/upgrade-discovery/xenial-to-bionic/runtime/deb-cache/79/4b/794b22b8a5d0661d63fc550826ce818081d90f9febb8cc18cefd661f399cbb73
xenial-to-bionic	2026-08-31T11:07:24Z	GET	http://ap-northeast-2.ec2.archive.ubuntu.com/ubuntu/pool/universe/d/docker.io/docker.io_20.10.21-0ubuntu1%7e18.04.3_amd64.deb	http://ap-northeast-2.ec2.archive.ubuntu.com/ubuntu/pool/universe/d/docker.io/docker.io_20.10.21-0ubuntu1%7e18.04.3_amd64.deb	200	30301856	733b31ea571426799302c5e419a542726870e642a197a2e90b1457901431bb45	/home/aella/aws-discovery-xenial-bionic-retry2-20260831/upgrade-discovery/xenial-to-bionic/runtime/deb-cache/25/34/2534b4d02ccfe2a277cdc206852c8e846d85418a7413d91e455d2f2d32504c89
xenial-to-bionic	2026-08-31T11:07:25Z	GET	http://ap-northeast-2.ec2.archive.ubuntu.com/ubuntu/pool/universe/c/containerd/containerd_1.6.12-0ubuntu1%7e18.04.1_amd64.deb	http://ap-northeast-2.ec2.archive.ubuntu.com/ubuntu/pool/universe/c/containerd/containerd_1.6.12-0ubuntu1%7e18.04.1_amd64.deb	200	31453792	526d9c2b325ba42f05c8517c660f7d0ff295f592148e69aa9e8ecfcb51dd360f	/home/aella/aws-discovery-xenial-bionic-retry2-20260831/upgrade-discovery/xenial-to-bionic/runtime/deb-cache/2d/e2/2de285caa53f934963e54ad30a1a14044099316b8d3e857fe2dc7af7873dd065
xenial-to-bionic	2026-08-31T11:07:25Z	GET	http://ap-northeast-2.ec2.archive.ubuntu.com/ubuntu/pool/universe/g/gcc-5/libasan2_5.5.0-12ubuntu1_amd64.deb	http://ap-northeast-2.ec2.archive.ubuntu.com/ubuntu/pool/universe/g/gcc-5/libasan2_5.5.0-12ubuntu1_amd64.deb	200	263772	a91f4732633e482ef055b53751f199fe859f8247568c8eacb15f82562f20c596	/home/aella/aws-discovery-xenial-bionic-retry2-20260831/upgrade-discovery/xenial-to-bionic/runtime/deb-cache/35/dd/35dd9d6eb562734ee88a932f9d86d6cbdc10003453b21a61561084a465a9101d
xenial-to-bionic	2026-08-31T11:07:25Z	GET	http://ap-northeast-2.ec2.archive.ubuntu.com/ubuntu/pool/universe/g/gcc-5/libmpx0_5.5.0-12ubuntu1_amd64.deb	http://ap-northeast-2.ec2.archive.ubuntu.com/ubuntu/pool/universe/g/gcc-5/libmpx0_5.5.0-12ubuntu1_amd64.deb	200	9888	f5675bdfaa03cceb41a755d9df11939240da4d1446b19cc55f2ee054fb62ccd5	/home/aella/aws-discovery-xenial-bionic-retry2-20260831/upgrade-discovery/xenial-to-bionic/runtime/deb-cache/cf/91/cf91bbc7fa3cfebc94bd6e8f02c04b770fbef7352dea195d2dc0f8b5475160d4
xenial-to-bionic	2026-08-31T11:07:25Z	GET	http://ap-northeast-2.ec2.archive.ubuntu.com/ubuntu/pool/universe/g/gcc-5/g%2b%2b-5_5.5.0-12ubuntu1_amd64.deb	http://ap-northeast-2.ec2.archive.ubuntu.com/ubuntu/pool/universe/g/gcc-5/g%2b%2b-5_5.5.0-12ubuntu1_amd64.deb	200	8449656	494ecb3fd64276b30dbbe24a49097ae9c906896abd1d324bbb2767f325210eca	/home/aella/aws-discovery-xenial-bionic-retry2-20260831/upgrade-discovery/xenial-to-bionic/runtime/deb-cache/c7/be/c7be8ca6fdec1c672a8947764fbb4a58a18b18ed90ab3b0d70d7f78004a30f11
xenial-to-bionic	2026-08-31T11:07:25Z	GET	http://ap-northeast-2.ec2.archive.ubuntu.com/ubuntu/pool/universe/g/gcc-5/gcc-5_5.5.0-12ubuntu1_amd64.deb	http://ap-northeast-2.ec2.archive.ubuntu.com/ubuntu/pool/universe/g/gcc-5/gcc-5_5.5.0-12ubuntu1_amd64.deb	200	8357108	e9049c54351d9bb15cae00672f47dcd904539e62efa51a9cf7a5ffade5ba4e04	/home/aella/aws-discovery-xenial-bionic-retry2-20260831/upgrade-discovery/xenial-to-bionic/runtime/deb-cache/6d/59/6d595b7cb0ef9b89eb82575df296aba106877470fabf916f6fddf2dcdbfcadb4
xenial-to-bionic	2026-08-31T11:07:25Z	GET	http://ap-northeast-2.ec2.archive.ubuntu.com/ubuntu/pool/universe/g/gcc-5/libstdc%2b%2b-5-dev_5.5.0-12ubuntu1_amd64.deb	http://ap-northeast-2.ec2.archive.ubuntu.com/ubuntu/pool/universe/g/gcc-5/libstdc%2b%2b-5-dev_5.5.0-12ubuntu1_amd64.deb	200	1414684	ca8d1c437ed02f3a4301472a18e036358902fa83d594668c7b45777d4eb718f2	/home/aella/aws-discovery-xenial-bionic-retry2-20260831/upgrade-discovery/xenial-to-bionic/runtime/deb-cache/d0/53/d05345c23031aad283378a3352da55ee4bb530aa6d84e16a28160026c0230cb1
xenial-to-bionic	2026-08-31T11:07:25Z	GET	http://ap-northeast-2.ec2.archive.ubuntu.com/ubuntu/pool/universe/g/gcc-5/libgcc-5-dev_5.5.0-12ubuntu1_amd64.deb	http://ap-northeast-2.ec2.archive.ubuntu.com/ubuntu/pool/universe/g/gcc-5/libgcc-5-dev_5.5.0-12ubuntu1_amd64.deb	200	2224336	82881d0950cecf10639208563084b7f3dbc903be53e8ce8fa0f948d12bc875cf	/home/aella/aws-discovery-xenial-bionic-retry2-20260831/upgrade-discovery/xenial-to-bionic/runtime/deb-cache/e5/39/e53925b66a6f8a2d01817649ce6fec6bad99b16f1d79acb40c3c0c9579885110
xenial-to-bionic	2026-08-31T11:07:28Z	GET	http://ap-northeast-2.ec2.archive.ubuntu.com/ubuntu/pool/universe/g/gcc-5/cpp-5_5.5.0-12ubuntu1_amd64.deb	http://ap-northeast-2.ec2.archive.ubuntu.com/ubuntu/pool/universe/g/gcc-5/cpp-5_5.5.0-12ubuntu1_amd64.deb	200	7785340	39dc23cb1583a3448ab4bc4a10968aba46d9b759369e9906bfbeb54d25e6ccad	/home/aella/aws-discovery-xenial-bionic-retry2-20260831/upgrade-discovery/xenial-to-bionic/runtime/deb-cache/56/df/56dfedee5958150529f2fe39e36cbf0031808a2a1e101fcd177b5cfcecc7cfd9
xenial-to-bionic	2026-08-31T11:07:28Z	GET	http://ap-northeast-2.ec2.archive.ubuntu.com/ubuntu/pool/universe/g/gcc-5/gcc-5-base_5.5.0-12ubuntu1_amd64.deb	http://ap-northeast-2.ec2.archive.ubuntu.com/ubuntu/pool/universe/g/gcc-5/gcc-5-base_5.5.0-12ubuntu1_amd64.deb	200	17052	d4c7bfb4bf83633a17e5508fd159b1c0313e4075e8c1d4999fe7c797a6a40af3	/home/aella/aws-discovery-xenial-bionic-retry2-20260831/upgrade-discovery/xenial-to-bionic/runtime/deb-cache/cd/1e/cd1e800d76758a46f56b588cb17689a95efbdae78f94a89fb6bd78e2072e240d
xenial-to-bionic	2026-08-31T11:07:31Z	GET	http://ap-northeast-2.ec2.archive.ubuntu.com/ubuntu/pool/universe/i/isl-0.18/libisl15_0.18-4_amd64.deb	http://ap-northeast-2.ec2.archive.ubuntu.com/ubuntu/pool/universe/i/isl-0.18/libisl15_0.18-4_amd64.deb	200	547612	cd7342b24e5152aac9145e73e57e6991422edb34ff3740974795bb266fcc6fdb	/home/aella/aws-discovery-xenial-bionic-retry2-20260831/upgrade-discovery/xenial-to-bionic/runtime/deb-cache/ad/71/ad71a34012d11b9c243994e69e53ebd8871ec61b65e121d17a81c6c931146976
xenial-to-bionic	2026-08-31T11:07:31Z	GET	http://ap-northeast-2.ec2.archive.ubuntu.com/ubuntu/pool/main/d/dns-root-data/dns-root-data_2018013001_all.deb	http://ap-northeast-2.ec2.archive.ubuntu.com/ubuntu/pool/main/d/dns-root-data/dns-root-data_2018013001_all.deb	200	5360	fc315a35b7fe7294156eddbba6dba7f68226c72293fe02fcf420a0a8203c0d3a	/home/aella/aws-discovery-xenial-bionic-retry2-20260831/upgrade-discovery/xenial-to-bionic/runtime/deb-cache/0a/da/0ada17d06aa179d9bb9a3287375e3385b92c86eaf81a1826923c53a4d307cdcf
xenial-to-bionic	2026-08-31T11:07:31Z	GET	http://ap-northeast-2.ec2.archive.ubuntu.com/ubuntu/pool/main/d/dnsmasq/dnsmasq-base_2.79-1ubuntu0.7_amd64.deb	http://ap-northeast-2.ec2.archive.ubuntu.com/ubuntu/pool/main/d/dnsmasq/dnsmasq-base_2.79-1ubuntu0.7_amd64.deb	200	307332	fe73340f9c0c8b58a4a3d4d1ad87e950f540c96a6dbb28232d3db52c1a78c90d	/home/aella/aws-discovery-xenial-bionic-retry2-20260831/upgrade-discovery/xenial-to-bionic/runtime/deb-cache/7c/d1/7cd1e327010af60b3c16a6381da0677d8c72a7ec8b37284f81e2023393424080
xenial-to-bionic	2026-08-31T11:07:31Z	GET	http://ap-northeast-2.ec2.archive.ubuntu.com/ubuntu/pool/universe/e/e2fsprogs/e2fsprogs-l10n_1.44.1-1ubuntu1.4_all.deb	http://ap-northeast-2.ec2.archive.ubuntu.com/ubuntu/pool/universe/e/e2fsprogs/e2fsprogs-l10n_1.44.1-1ubuntu1.4_all.deb	200	3704	86e815c16552e7abd848b4632f3bd30f7088651cbfdba58cc47769e4fc1e19f3	/home/aella/aws-discovery-xenial-bionic-retry2-20260831/upgrade-discovery/xenial-to-bionic/runtime/deb-cache/a8/35/a835b0b132f4bc705812a36d9ebed650fc2ce2e0bbe8a94b1259054552681777
xenial-to-bionic	2026-08-31T11:07:31Z	GET	http://ap-northeast-2.ec2.archive.ubuntu.com/ubuntu/pool/main/libe/libeatmydata/libeatmydata1_105-6_amd64.deb	http://ap-northeast-2.ec2.archive.ubuntu.com/ubuntu/pool/main/libe/libeatmydata/libeatmydata1_105-6_amd64.deb	200	6932	b46768965af907c9a67b2bdb9aace9c26660c713646a52240653d63888c4e4b9	/home/aella/aws-discovery-xenial-bionic-retry2-20260831/upgrade-discovery/xenial-to-bionic/runtime/deb-cache/a2/05/a205c80567024495c5e4071e35d78dca788aeb27d6b82202b16ffa5283e430d5
xenial-to-bionic	2026-08-31T11:07:31Z	GET	http://ap-northeast-2.ec2.archive.ubuntu.com/ubuntu/pool/main/libe/libeatmydata/eatmydata_105-6_all.deb	http://ap-northeast-2.ec2.archive.ubuntu.com/ubuntu/pool/main/libe/libeatmydata/eatmydata_105-6_all.deb	200	5404	65a869595ecec26159ae3bdb3ec4e725ea25f5e6af0edc275c0b98d48413cefd	/home/aella/aws-discovery-xenial-bionic-retry2-20260831/upgrade-discovery/xenial-to-bionic/runtime/deb-cache/92/f3/92f3903539dbbd074d3fc2bc814dcda19e4676fb3c462f4d3801cab0f93caa26
xenial-to-bionic	2026-08-31T11:07:31Z	GET	http://ap-northeast-2.ec2.archive.ubuntu.com/ubuntu/pool/main/e/ebtables/ebtables_2.0.10.4-3.5ubuntu2.18.04.3_amd64.deb	http://ap-northeast-2.ec2.archive.ubuntu.com/ubuntu/pool/main/e/ebtables/ebtables_2.0.10.4-3.5ubuntu2.18.04.3_amd64.deb	200	79916	1bc460d2eb810a8e837334abf18acef6a13e556895fab54ba3b3c0433b275c30	/home/aella/aws-discovery-xenial-bionic-retry2-20260831/upgrade-discovery/xenial-to-bionic/runtime/deb-cache/21/8f/218f8c3d4a64086a16c385056b5c42a00d441de99a1cc4fd0dd63d380afcf934
xenial-to-bionic	2026-08-31T11:07:31Z	GET	http://ap-northeast-2.ec2.archive.ubuntu.com/ubuntu/pool/main/f/fakeroot/libfakeroot_1.22-2ubuntu1_amd64.deb	http://ap-northeast-2.ec2.archive.ubuntu.com/ubuntu/pool/main/f/fakeroot/libfakeroot_1.22-2ubuntu1_amd64.deb	200	25940	5c11c66e7e8b58aff352e9141661422b18beced513dbf2b923c17fc7ec5c5ee8	/home/aella/aws-discovery-xenial-bionic-retry2-20260831/upgrade-discovery/xenial-to-bionic/runtime/deb-cache/07/6e/076e6eea55566e85f461a6d2862b015f09ab43e68c2810001731dccbd502123e
xenial-to-bionic	2026-08-31T11:07:31Z	GET	http://ap-northeast-2.ec2.archive.ubuntu.com/ubuntu/pool/main/f/fakeroot/fakeroot_1.22-2ubuntu1_amd64.deb	http://ap-northeast-2.ec2.archive.ubuntu.com/ubuntu/pool/main/f/fakeroot/fakeroot_1.22-2ubuntu1_amd64.deb	200	62348	cccf6935009674e9aa1d0fc8f1516c7d69967a32c4f8ef368a91d39d0d68e57b	/home/aella/aws-discovery-xenial-bionic-retry2-20260831/upgrade-discovery/xenial-to-bionic/runtime/deb-cache/10/bc/10bcb4705b1b2ffe0376cd8451e8d62794e2aab0c28f1ebbbb06492de3d4128c
xenial-to-bionic	2026-08-31T11:07:31Z	GET	http://ap-northeast-2.ec2.archive.ubuntu.com/ubuntu/pool/universe/g/gcc-6/gcc-6-base_6.5.0-2ubuntu1%7e18.04_amd64.deb	http://ap-northeast-2.ec2.archive.ubuntu.com/ubuntu/pool/universe/g/gcc-6/gcc-6-base_6.5.0-2ubuntu1%7e18.04_amd64.deb	200	16720	816c77735469dd842dfee04352d6f2c3fd6b53559ded1a88c8a42ead8fd21f74	/home/aella/aws-discovery-xenial-bionic-retry2-20260831/upgrade-discovery/xenial-to-bionic/runtime/deb-cache/10/80/1080c1553e28983e07a53e0c0f6ec40d837bbb9ced45f7b493ddc517589ad798
xenial-to-bionic	2026-08-31T11:07:31Z	GET	http://ap-northeast-2.ec2.archive.ubuntu.com/ubuntu/pool/main/h/hibagent/hibagent_1.0.1-0ubuntu1.18.04.1_all.deb	http://ap-northeast-2.ec2.archive.ubuntu.com/ubuntu/pool/main/h/hibagent/hibagent_1.0.1-0ubuntu1.18.04.1_all.deb	200	11324	b83d977d759f0c36528694da5a38cc6c79feb7e3bea88421fc480f4a5f170488	/home/aella/aws-discovery-xenial-bionic-retry2-20260831/upgrade-discovery/xenial-to-bionic/runtime/deb-cache/a0/6b/a06b733b6de39dbb7a488797a94af704e52c52692bb23b3db22f3cb673938611
xenial-to-bionic	2026-08-31T11:07:31Z	GET	http://ap-northeast-2.ec2.archive.ubuntu.com/ubuntu/pool/main/i/ifenslave/ifenslave_2.9ubuntu1_all.deb	http://ap-northeast-2.ec2.archive.ubuntu.com/ubuntu/pool/main/i/ifenslave/ifenslave_2.9ubuntu1_all.deb	200	13272	98ec53cb0d3b2877bf720c29a6674470ef98f43edf00e0d298a411b41110e0d6	/home/aella/aws-discovery-xenial-bionic-retry2-20260831/upgrade-discovery/xenial-to-bionic/runtime/deb-cache/4f/0b/4f0b20e96e1515f971f4caa5b88041ab7f3359f810012fa25305585063e2fcaa
xenial-to-bionic	2026-08-31T11:07:31Z	GET	http://ap-northeast-2.ec2.archive.ubuntu.com/ubuntu/pool/main/p/python-attrs/python3-attr_17.4.0-2_all.deb	http://ap-northeast-2.ec2.archive.ubuntu.com/ubuntu/pool/main/p/python-attrs/python3-attr_17.4.0-2_all.deb	200	23792	d25d1d8f88f07b47098990ae6d515a452ebe10e6e9700ae31cea67218995c782	/home/aella/aws-discovery-xenial-bionic-retry2-20260831/upgrade-discovery/xenial-to-bionic/runtime/deb-cache/a3/e9/a3e9fb9c2934c4b066f36a4fbf4bf4a5feed2439254e11aa9a6180cd4960daf1
xenial-to-bionic	2026-08-31T11:07:32Z	GET	http://ap-northeast-2.ec2.archive.ubuntu.com/ubuntu/pool/main/a/automat/python3-automat_0.6.0-1_all.deb	http://ap-northeast-2.ec2.archive.ubuntu.com/ubuntu/pool/main/a/automat/python3-automat_0.6.0-1_all.deb	200	25160	c30bb762b2ecbf6def6f30c6b61e3b629056e229834e73ef741b80b30da7ddf5	/home/aella/aws-discovery-xenial-bionic-retry2-20260831/upgrade-discovery/xenial-to-bionic/runtime/deb-cache/32/91/3291eed02e86d41583d591f9a24e7160087a7d35a4e49e2c99a7e93ce1fa5bb3
xenial-to-bionic	2026-08-31T11:07:32Z	GET	http://ap-northeast-2.ec2.archive.ubuntu.com/ubuntu/pool/main/c/constantly/python3-constantly_15.1.0-1_all.deb	http://ap-northeast-2.ec2.archive.ubuntu.com/ubuntu/pool/main/c/constantly/python3-constantly_15.1.0-1_all.deb	200	8030	a5ce83c9986e6d0c75889310795449c226686d40ef19eba2874078fc06dbeac1	/home/aella/aws-discovery-xenial-bionic-retry2-20260831/upgrade-discovery/xenial-to-bionic/runtime/deb-cache/d1/bf/d1bf9bca0fcc7cc4db580ec7880d0aa3d4d202c2428c3107d4084f28d54edc1d
xenial-to-bionic	2026-08-31T11:07:32Z	GET	http://ap-northeast-2.ec2.archive.ubuntu.com/ubuntu/pool/main/h/hyperlink/python3-hyperlink_17.3.1-2_all.deb	http://ap-northeast-2.ec2.archive.ubuntu.com/ubuntu/pool/main/h/hyperlink/python3-hyperlink_17.3.1-2_all.deb	200	27576	31e49ca1aaf195463cd7de010c67d3b00638c4c4e20b43865ef6df213ec779bc	/home/aella/aws-discovery-xenial-bionic-retry2-20260831/upgrade-discovery/xenial-to-bionic/runtime/deb-cache/95/e7/95e790e688d88b43a7b0a54ba01f6325a553361bfdd849d85286b16caaca8230
xenial-to-bionic	2026-08-31T11:07:32Z	GET	http://ap-northeast-2.ec2.archive.ubuntu.com/ubuntu/pool/main/i/incremental/python3-incremental_16.10.1-3_all.deb	http://ap-northeast-2.ec2.archive.ubuntu.com/ubuntu/pool/main/i/incremental/python3-incremental_16.10.1-3_all.deb	200	14516	85787e4700fef6368b1c7596175ced5fd6513715ca69049ba72fc6bf81ab1255	/home/aella/aws-discovery-xenial-bionic-retry2-20260831/upgrade-discovery/xenial-to-bionic/runtime/deb-cache/d6/ca/d6ca3769542990239408f5e3bef5e2307047ea8a29b2391fc234aac11bb36c80
xenial-to-bionic	2026-08-31T11:07:33Z	GET	http://ap-northeast-2.ec2.archive.ubuntu.com/ubuntu/pool/main/z/zope.interface/python3-zope.interface_4.3.2-1build2_amd64.deb	http://ap-northeast-2.ec2.archive.ubuntu.com/ubuntu/pool/main/z/zope.interface/python3-zope.interface_4.3.2-1build2_amd64.deb	200	82426	7509f9c36649901119b8d7e39155afde24e1711a1a573c08612b2af69061def6	/home/aella/aws-discovery-xenial-bionic-retry2-20260831/upgrade-discovery/xenial-to-bionic/runtime/deb-cache/87/ec/87ecfa6a1c8b0f8de6f5d774cd85fc5fcb0284e9c2805232e5b9036cb38dedbf
xenial-to-bionic	2026-08-31T11:07:33Z	GET	http://ap-northeast-2.ec2.archive.ubuntu.com/ubuntu/pool/main/t/twisted/python3-twisted-bin_17.9.0-2ubuntu0.3_amd64.deb	http://ap-northeast-2.ec2.archive.ubuntu.com/ubuntu/pool/main/t/twisted/python3-twisted-bin_17.9.0-2ubuntu0.3_amd64.deb	200	11500	f2e68bc035472d88405447db4712191629a638913c452626b5d07fda85a2bf81	/home/aella/aws-discovery-xenial-bionic-retry2-20260831/upgrade-discovery/xenial-to-bionic/runtime/deb-cache/3b/1c/3b1cead9801ad70f00133df610dbe5933871b8946f934119a27060e7947db7b4
xenial-to-bionic	2026-08-31T11:07:33Z	GET	http://ap-northeast-2.ec2.archive.ubuntu.com/ubuntu/pool/main/p/pyopenssl/python3-openssl_17.5.0-1ubuntu1_all.deb	http://ap-northeast-2.ec2.archive.ubuntu.com/ubuntu/pool/main/p/pyopenssl/python3-openssl_17.5.0-1ubuntu1_all.deb	200	41452	5de4604865f7f2748b56d028f10e676b2699a03407fde1fd71639e9cd03ab0f8	/home/aella/aws-discovery-xenial-bionic-retry2-20260831/upgrade-discovery/xenial-to-bionic/runtime/deb-cache/6a/70/6a70e270369e404c3ce31c49a95404d4dd19bdefc06f1f647f5bb7f5309e0e0f
xenial-to-bionic	2026-08-31T11:07:33Z	GET	http://ap-northeast-2.ec2.archive.ubuntu.com/ubuntu/pool/main/p/pyasn1/python3-pyasn1_0.4.2-3_all.deb	http://ap-northeast-2.ec2.archive.ubuntu.com/ubuntu/pool/main/p/pyasn1/python3-pyasn1_0.4.2-3_all.deb	200	46800	801bf51c73b50d84d2de115f1f4fbc469dc436134a7ae452bb14db9363cefe61	/home/aella/aws-discovery-xenial-bionic-retry2-20260831/upgrade-discovery/xenial-to-bionic/runtime/deb-cache/db/c8/dbc87abad08099fd0aecdfe301c3fa5e8af1f50ba1652e7c046828986504828f
xenial-to-bionic	2026-08-31T11:07:33Z	GET	http://ap-northeast-2.ec2.archive.ubuntu.com/ubuntu/pool/main/p/python-pyasn1-modules/python3-pyasn1-modules_0.2.1-0.2_all.deb	http://ap-northeast-2.ec2.archive.ubuntu.com/ubuntu/pool/main/p/python-pyasn1-modules/python3-pyasn1-modules_0.2.1-0.2_all.deb	200	32852	6a0009c8e92255380f73019f466712f259ee9969061e45fd3238c354a14a3bf6	/home/aella/aws-discovery-xenial-bionic-retry2-20260831/upgrade-discovery/xenial-to-bionic/runtime/deb-cache/b9/a0/b9a05f885d41196c3b026bcf97cb879b5c76b425cbbeb68275b8e761a6f7e0ad
xenial-to-bionic	2026-08-31T11:07:33Z	GET	http://ap-northeast-2.ec2.archive.ubuntu.com/ubuntu/pool/main/p/python-service-identity/python3-service-identity_16.0.0-2_all.deb	http://ap-northeast-2.ec2.archive.ubuntu.com/ubuntu/pool/main/p/python-service-identity/python3-service-identity_16.0.0-2_all.deb	200	9388	110270ab2304bc2d1d627981de947e4ecf067067b5316c95bfc3141f119c5679	/home/aella/aws-discovery-xenial-bionic-retry2-20260831/upgrade-discovery/xenial-to-bionic/runtime/deb-cache/c7/15/c715273b214fcb7a99e31214a5dc29552b527b78d8ee37fdb37ba60e1baf8f00
xenial-to-bionic	2026-08-31T11:07:33Z	GET	http://ap-northeast-2.ec2.archive.ubuntu.com/ubuntu/pool/main/t/twisted/python3-twisted_17.9.0-2ubuntu0.3_all.deb	http://ap-northeast-2.ec2.archive.ubuntu.com/ubuntu/pool/main/t/twisted/python3-twisted_17.9.0-2ubuntu0.3_all.deb	200	1920528	3176388566c8dca9ef91b5e06a6158d966b14c4a2d65ae853497618cef680e7c	/home/aella/aws-discovery-xenial-bionic-retry2-20260831/upgrade-discovery/xenial-to-bionic/runtime/deb-cache/12/9c/129c7ad374c8fd66c4029860398f247e2f6395bdbeaff381853297c26e65d320
xenial-to-bionic	2026-08-31T11:07:33Z	GET	http://ap-northeast-2.ec2.archive.ubuntu.com/ubuntu/pool/main/l/landscape-client/landscape-common_18.01-0ubuntu3.6_amd64.deb	http://ap-northeast-2.ec2.archive.ubuntu.com/ubuntu/pool/main/l/landscape-client/landscape-common_18.01-0ubuntu3.6_amd64.deb	200	85592	0e5e8e79ff061cf1921bc44b2f07657b7a199f96b2b8c8afd056a502b44b493e	/home/aella/aws-discovery-xenial-bionic-retry2-20260831/upgrade-discovery/xenial-to-bionic/runtime/deb-cache/58/6e/586e6837fc0d4f5470c0189b14ae2cc634f270b92a77cdf1e80e293d2cf9585c
xenial-to-bionic	2026-08-31T11:07:33Z	GET	http://ap-northeast-2.ec2.archive.ubuntu.com/ubuntu/pool/main/d/dbus-glib/libdbus-glib-1-2_0.110-2_amd64.deb	http://ap-northeast-2.ec2.archive.ubuntu.com/ubuntu/pool/main/d/dbus-glib/libdbus-glib-1-2_0.110-2_amd64.deb	200	58256	ceb362ce6221e20be263f1f0b84b94af36bb7dd366726d649175d9619cc71d04	/home/aella/aws-discovery-xenial-bionic-retry2-20260831/upgrade-discovery/xenial-to-bionic/runtime/deb-cache/e2/00/e200cc7ff05c6393ce7eb938b3b242867614875d0c9467bdcff5e962c2650bb1
xenial-to-bionic	2026-08-31T11:07:33Z	GET	http://ap-northeast-2.ec2.archive.ubuntu.com/ubuntu/pool/main/libd/libdumbnet/libdumbnet1_1.12-7build1_amd64.deb	http://ap-northeast-2.ec2.archive.ubuntu.com/ubuntu/pool/main/libd/libdumbnet/libdumbnet1_1.12-7build1_amd64.deb	200	25584	f83a02dca1893d39b873d7142a4be69a4d4dbde6cc6dcb91613664ab7e525112	/home/aella/aws-discovery-xenial-bionic-retry2-20260831/upgrade-discovery/xenial-to-bionic/runtime/deb-cache/c1/0c/c10c740fa4c0efd78a6bde744707e70ba508a0a655555de8321b28555529ccc2
xenial-to-bionic	2026-08-31T11:07:34Z	GET	http://ap-northeast-2.ec2.archive.ubuntu.com/ubuntu/pool/main/j/jquery/libjs-jquery_3.2.1-1_all.deb	http://ap-northeast-2.ec2.archive.ubuntu.com/ubuntu/pool/main/j/jquery/libjs-jquery_3.2.1-1_all.deb	200	151904	9e21e76da498e85bd9cef79d469f04019b73eeb543c8b2b8d18d6e95bf705640	/home/aella/aws-discovery-xenial-bionic-retry2-20260831/upgrade-discovery/xenial-to-bionic/runtime/deb-cache/26/52/26521fb8342fa83ee10695aa76295eabfd2f1467009b7c56b0d427db8802bc2d
xenial-to-bionic	2026-08-31T11:07:34Z	GET	http://ap-northeast-2.ec2.archive.ubuntu.com/ubuntu/pool/main/u/underscore/libjs-underscore_1.8.3%7edfsg-1ubuntu0.1_all.deb	http://ap-northeast-2.ec2.archive.ubuntu.com/ubuntu/pool/main/u/underscore/libjs-underscore_1.8.3%7edfsg-1ubuntu0.1_all.deb	200	60376	df9232226a9ad167523b77e734d135487144d515817c8a646332b7f0b746f7ca	/home/aella/aws-discovery-xenial-bionic-retry2-20260831/upgrade-discovery/xenial-to-bionic/runtime/deb-cache/da/c4/dac46bdba2a8211d6759212d43fa2fe956d457cb5a13a7ca021b49c16c0422f8
xenial-to-bionic	2026-08-31T11:07:35Z	GET	http://ap-northeast-2.ec2.archive.ubuntu.com/ubuntu/pool/main/s/sphinx/libjs-sphinxdoc_1.6.7-1ubuntu1_all.deb	http://ap-northeast-2.ec2.archive.ubuntu.com/ubuntu/pool/main/s/sphinx/libjs-sphinxdoc_1.6.7-1ubuntu1_all.deb	200	85568	9be917ba74d623e06b8703b640e15d4f423bee458fd678b00d00196684473f05	/home/aella/aws-discovery-xenial-bionic-retry2-20260831/upgrade-discovery/xenial-to-bionic/runtime/deb-cache/48/a6/48a61522e27f83f0e469d5e0adc28aa9fb76c2c7b1d9de1a8c8446d0383b0ac6
xenial-to-bionic	2026-08-31T11:07:35Z	GET	http://ap-northeast-2.ec2.archive.ubuntu.com/ubuntu/pool/main/j/json-glib/libjson-glib-1.0-common_1.4.2-3ubuntu0.18.04.1_all.deb	http://ap-northeast-2.ec2.archive.ubuntu.com/ubuntu/pool/main/j/json-glib/libjson-glib-1.0-common_1.4.2-3ubuntu0.18.04.1_all.deb	200	3480	15502b189f4bc6d0ff841cb7d2505d0cf60c90cd62e102f0aa7d034c67f519f4	/home/aella/aws-discovery-xenial-bionic-retry2-20260831/upgrade-discovery/xenial-to-bionic/runtime/deb-cache/66/41/6641131f27dd2accc926313a909ff474fcc14bcc2957d024c0186b656ffa8b98
xenial-to-bionic	2026-08-31T11:07:35Z	GET	http://ap-northeast-2.ec2.archive.ubuntu.com/ubuntu/pool/main/j/json-glib/libjson-glib-1.0-0_1.4.2-3ubuntu0.18.04.1_amd64.deb	http://ap-northeast-2.ec2.archive.ubuntu.com/ubuntu/pool/main/j/json-glib/libjson-glib-1.0-0_1.4.2-3ubuntu0.18.04.1_amd64.deb	200	58368	288b38495d3b2384510b54c38852cb1ee24568bdd652f151b3a2d5fec0a95e61	/home/aella/aws-discovery-xenial-bionic-retry2-20260831/upgrade-discovery/xenial-to-bionic/runtime/deb-cache/ec/c0/ecc094aeff30ec1e642997e3ec46f947559bf526cea77b3a55c35a0afff46b8e
xenial-to-bionic	2026-08-31T11:07:35Z	GET	http://ap-northeast-2.ec2.archive.ubuntu.com/ubuntu/pool/main/libt/libtool/libltdl7_2.4.6-2_amd64.deb	http://ap-northeast-2.ec2.archive.ubuntu.com/ubuntu/pool/main/libt/libtool/libltdl7_2.4.6-2_amd64.deb	200	38760	57611d5d85126bb08e28f15e0aa0dfceeb33451494797fa7e3ecc6265301eba9	/home/aella/aws-discovery-xenial-bionic-retry2-20260831/upgrade-discovery/xenial-to-bionic/runtime/deb-cache/24/f4/24f480c6bc7f38da56996d51ebbf76ab65dc2ad3ff50aeb57cf760be9fa90a61
xenial-to-bionic	2026-08-31T11:07:35Z	GET	http://ap-northeast-2.ec2.archive.ubuntu.com/ubuntu/pool/main/p/policykit-1/libpolkit-agent-1-0_0.105-20ubuntu0.18.04.6_amd64.deb	http://ap-northeast-2.ec2.archive.ubuntu.com/ubuntu/pool/main/p/policykit-1/libpolkit-agent-1-0_0.105-20ubuntu0.18.04.6_amd64.deb	200	14936	7cdaf463aac31316abc616541c6f37e3e1850b3af140c4c97a267bbf8d552ec1	/home/aella/aws-discovery-xenial-bionic-retry2-20260831/upgrade-discovery/xenial-to-bionic/runtime/deb-cache/c9/fa/c9fa44c3e23b6e9e38ca579f6610a98ddab0aac3b9805c4a02f1d7cf2eb812ce
xenial-to-bionic	2026-08-31T11:07:35Z	GET	http://ap-northeast-2.ec2.archive.ubuntu.com/ubuntu/pool/main/p/policykit-1/libpolkit-backend-1-0_0.105-20ubuntu0.18.04.6_amd64.deb	http://ap-northeast-2.ec2.archive.ubuntu.com/ubuntu/pool/main/p/policykit-1/libpolkit-backend-1-0_0.105-20ubuntu0.18.04.6_amd64.deb	200	36552	62e03ce34017098578ba35fbebe96e912a2f17b5a8f737f7be3b55f5962f66ea	/home/aella/aws-discovery-xenial-bionic-retry2-20260831/upgrade-discovery/xenial-to-bionic/runtime/deb-cache/2a/ac/2aac89c0f2c66e545c775aa93ee4f96119576cf5b49ca776be82566faf0d8bfa
xenial-to-bionic	2026-08-31T11:07:35Z	GET	http://ap-northeast-2.ec2.archive.ubuntu.com/ubuntu/pool/main/c/cyrus-sasl2/libsasl2-modules_2.1.27%7e101-g0780600%2bdfsg-3ubuntu2.4_amd64.deb	http://ap-northeast-2.ec2.archive.ubuntu.com/ubuntu/pool/main/c/cyrus-sasl2/libsasl2-modules_2.1.27%7e101-g0780600%2bdfsg-3ubuntu2.4_amd64.deb	200	48912	19713a3fbac8af5553aeb4d6f3a40b039bff7ce4797339db8bd77d2e0d1b636c	/home/aella/aws-discovery-xenial-bionic-retry2-20260831/upgrade-discovery/xenial-to-bionic/runtime/deb-cache/ce/07/ce0787e89a951ccdd8eeec18b4ad212e51e7b7fa7fca0b5db06c89c9f00f7bce
xenial-to-bionic	2026-08-31T11:07:35Z	GET	http://ap-northeast-2.ec2.archive.ubuntu.com/ubuntu/pool/main/libs/libsigsegv/libsigsegv2_2.12-1_amd64.deb	http://ap-northeast-2.ec2.archive.ubuntu.com/ubuntu/pool/main/libs/libsigsegv/libsigsegv2_2.12-1_amd64.deb	200	14700	233ba112b0c15cc602c6d5537ae427531228d78a0586dc8d39d5b6aac47921c1	/home/aella/aws-discovery-xenial-bionic-retry2-20260831/upgrade-discovery/xenial-to-bionic/runtime/deb-cache/b8/a6/b8a6cf31b0dc5921da97b59d09cdb8a87cb4a4b526ee6ed4e971efc7cb132052
xenial-to-bionic	2026-08-31T11:07:35Z	GET	http://ap-northeast-2.ec2.archive.ubuntu.com/ubuntu/pool/universe/u/ustr/libustr-1.0-1_1.0.4-6_amd64.deb	http://ap-northeast-2.ec2.archive.ubuntu.com/ubuntu/pool/universe/u/ustr/libustr-1.0-1_1.0.4-6_amd64.deb	200	66118	081a116a29ed9cefc70067fa8f0485b34898443522b1fc2f9830e0dc7d4f800e	/home/aella/aws-discovery-xenial-bionic-retry2-20260831/upgrade-discovery/xenial-to-bionic/runtime/deb-cache/46/9a/469af1b642c3b6276fd99de4c6026404b0e902e5593f41886253ab3321c1371c
xenial-to-bionic	2026-08-31T11:07:35Z	GET	http://ap-northeast-2.ec2.archive.ubuntu.com/ubuntu/pool/main/libu/libuv1/libuv1_1.18.0-3_amd64.deb	http://ap-northeast-2.ec2.archive.ubuntu.com/ubuntu/pool/main/libu/libuv1/libuv1_1.18.0-3_amd64.deb	200	64364	0770ba74cdbdedf8d66e550d513483d172c88661831acdcb163fd75d082c3ded	/home/aella/aws-discovery-xenial-bionic-retry2-20260831/upgrade-discovery/xenial-to-bionic/runtime/deb-cache/22/90/22901a33d3fe8d7857a150b48f70789f2b7d54c42d68fa2e0488a0b5423de344
xenial-to-bionic	2026-08-31T11:07:36Z	GET	http://ap-northeast-2.ec2.archive.ubuntu.com/ubuntu/pool/main/l/linux-aws-5.4/linux-modules-5.4.0-1103-aws_5.4.0-1103.111%7e18.04.1_amd64.deb	http://ap-northeast-2.ec2.archive.ubuntu.com/ubuntu/pool/main/l/linux-aws-5.4/linux-modules-5.4.0-1103-aws_5.4.0-1103.111%7e18.04.1_amd64.deb	200	14226472	a519ae6cd2fb06f64199eccd821fde0f37e6453c3fcc3d04fbb6f13e7658c8cb	/home/aella/aws-discovery-xenial-bionic-retry2-20260831/upgrade-discovery/xenial-to-bionic/runtime/deb-cache/e0/5f/e05fe77b4992b9659d403fd99c13515a94f1050b4dca15afb0ef31c98d969a44
xenial-to-bionic	2026-08-31T11:07:36Z	GET	http://ap-northeast-2.ec2.archive.ubuntu.com/ubuntu/pool/main/l/linux-signed-aws-5.4/linux-image-5.4.0-1103-aws_5.4.0-1103.111%7e18.04.1_amd64.deb	http://ap-northeast-2.ec2.archive.ubuntu.com/ubuntu/pool/main/l/linux-signed-aws-5.4/linux-image-5.4.0-1103-aws_5.4.0-1103.111%7e18.04.1_amd64.deb	200	10143032	4b8e66d6641a06357b5617b895b599cf306e02df7a51f07c44ff957d7c9c4d60	/home/aella/aws-discovery-xenial-bionic-retry2-20260831/upgrade-discovery/xenial-to-bionic/runtime/deb-cache/b2/24/b22415b4b02f59ffbf0e3d91e45d57de8cf026c99af1437a62bd2a3c5c0e9d12
xenial-to-bionic	2026-08-31T11:07:36Z	GET	http://ap-northeast-2.ec2.archive.ubuntu.com/ubuntu/pool/main/l/linux-meta-aws-5.4/linux-aws_5.4.0.1103.81_amd64.deb	http://ap-northeast-2.ec2.archive.ubuntu.com/ubuntu/pool/main/l/linux-meta-aws-5.4/linux-aws_5.4.0.1103.81_amd64.deb	200	1924	b26db52ae44bfe8cfb059ac1e878772a5a80288a2720e3f6b5caa0b7c6820bed	/home/aella/aws-discovery-xenial-bionic-retry2-20260831/upgrade-discovery/xenial-to-bionic/runtime/deb-cache/d4/e3/d4e300c9e0873d98cb5209114c0f0a62f1a91e7d9e93d259171cae8d15f65524
xenial-to-bionic	2026-08-31T11:07:36Z	GET	http://ap-northeast-2.ec2.archive.ubuntu.com/ubuntu/pool/main/l/linux-meta-aws-5.4/linux-image-aws_5.4.0.1103.81_amd64.deb	http://ap-northeast-2.ec2.archive.ubuntu.com/ubuntu/pool/main/l/linux-meta-aws-5.4/linux-image-aws_5.4.0.1103.81_amd64.deb	200	2504	749b87ebdaacf79eabafe60280f2bad5ad349de1efc14759316941f097f05a42	/home/aella/aws-discovery-xenial-bionic-retry2-20260831/upgrade-discovery/xenial-to-bionic/runtime/deb-cache/e6/fa/e6fa28de6b68cca5396f4c2fd5fa3d5cf285981739f7abfd558bbd1bdd063d19
xenial-to-bionic	2026-08-31T11:07:36Z	GET	http://ap-northeast-2.ec2.archive.ubuntu.com/ubuntu/pool/main/l/linux-aws-5.4/linux-aws-5.4-headers-5.4.0-1103_5.4.0-1103.111%7e18.04.1_all.deb	http://ap-northeast-2.ec2.archive.ubuntu.com/ubuntu/pool/main/l/linux-aws-5.4/linux-aws-5.4-headers-5.4.0-1103_5.4.0-1103.111%7e18.04.1_all.deb	200	11009372	748397c258b9125b6d676b615454c9fce4f89a4fa529f6e70da00689fbc9c916	/home/aella/aws-discovery-xenial-bionic-retry2-20260831/upgrade-discovery/xenial-to-bionic/runtime/deb-cache/cd/47/cd474cd80c61d456fcb6586c5e9eaa0999f1a89597535e7a3f2d6207df417dee
xenial-to-bionic	2026-08-31T11:07:36Z	GET	http://ap-northeast-2.ec2.archive.ubuntu.com/ubuntu/pool/main/l/linux-aws-5.4/linux-headers-5.4.0-1103-aws_5.4.0-1103.111%7e18.04.1_amd64.deb	http://ap-northeast-2.ec2.archive.ubuntu.com/ubuntu/pool/main/l/linux-aws-5.4/linux-headers-5.4.0-1103-aws_5.4.0-1103.111%7e18.04.1_amd64.deb	200	1191252	f3e4f1c35456ac9d50d1048d0dc092373459e7203347764faa9dd7dedb3da392	/home/aella/aws-discovery-xenial-bionic-retry2-20260831/upgrade-discovery/xenial-to-bionic/runtime/deb-cache/4f/48/4f4874f2f44d837b0ef1f5fa97f5818dc807fcffc2848cce5d4d39512346703d
xenial-to-bionic	2026-08-31T11:07:36Z	GET	http://ap-northeast-2.ec2.archive.ubuntu.com/ubuntu/pool/main/l/linux-meta-aws-5.4/linux-headers-aws_5.4.0.1103.81_amd64.deb	http://ap-northeast-2.ec2.archive.ubuntu.com/ubuntu/pool/main/l/linux-meta-aws-5.4/linux-headers-aws_5.4.0.1103.81_amd64.deb	200	2420	1716dded7e24c7111290f927bc8eaf11efd1938565f1a40a71d2194381656bab	/home/aella/aws-discovery-xenial-bionic-retry2-20260831/upgrade-discovery/xenial-to-bionic/runtime/deb-cache/c5/9b/c59b3733ad5639135eca8e3e24d57437fadfdd11c037603cf863e4d7d6e64160
xenial-to-bionic	2026-08-31T11:07:37Z	GET	http://ap-northeast-2.ec2.archive.ubuntu.com/ubuntu/pool/main/l/lxcfs/lxcfs_3.0.3-0ubuntu1%7e18.04.3_amd64.deb	http://ap-northeast-2.ec2.archive.ubuntu.com/ubuntu/pool/main/l/lxcfs/lxcfs_3.0.3-0ubuntu1%7e18.04.3_amd64.deb	200	38860	363d8ee366ba88f798bb2fbc5683ee39e85e7736cb500eb180f365a62b12762b	/home/aella/aws-discovery-xenial-bionic-retry2-20260831/upgrade-discovery/xenial-to-bionic/runtime/deb-cache/e7/18/e718beab4e7504fc9ff7addf3cdca079d5b9e908667b5ba61f8a92b759cce5bb
xenial-to-bionic	2026-08-31T11:07:39Z	GET	http://ap-northeast-2.ec2.archive.ubuntu.com/ubuntu/pool/main/l/lxd/lxd_3.0.3-0ubuntu1%7e18.04.2_amd64.deb	http://ap-northeast-2.ec2.archive.ubuntu.com/ubuntu/pool/main/l/lxd/lxd_3.0.3-0ubuntu1%7e18.04.2_amd64.deb	200	5199424	3d973fbbf78044b064bb137eff68c6a5eabce30ffa0096f0cc33086960ea025f	/home/aella/aws-discovery-xenial-bionic-retry2-20260831/upgrade-discovery/xenial-to-bionic/runtime/deb-cache/3c/59/3c59136deaaeb4ebcc85ff542713ab6a8abeabf8cf94ee86f43e1a1cae5b47a5
xenial-to-bionic	2026-08-31T11:07:40Z	GET	http://ap-northeast-2.ec2.archive.ubuntu.com/ubuntu/pool/main/l/lxd/lxd-client_3.0.3-0ubuntu1%7e18.04.2_amd64.deb	http://ap-northeast-2.ec2.archive.ubuntu.com/ubuntu/pool/main/l/lxd/lxd-client_3.0.3-0ubuntu1%7e18.04.2_amd64.deb	200	3025080	df1bccf1995000032c7bf855ec0e7b2ad5df91839bb43e8ad6803430b3666800	/home/aella/aws-discovery-xenial-bionic-retry2-20260831/upgrade-discovery/xenial-to-bionic/runtime/deb-cache/33/96/339605cda4f14cb951a3565def97181c9c0063eb6c6a8f04ccc0b06605af5afa
xenial-to-bionic	2026-08-31T11:07:40Z	GET	http://ap-northeast-2.ec2.archive.ubuntu.com/ubuntu/pool/main/s/shadow/uidmap_4.5-1ubuntu2.5_amd64.deb	http://ap-northeast-2.ec2.archive.ubuntu.com/ubuntu/pool/main/s/shadow/uidmap_4.5-1ubuntu2.5_amd64.deb	200	67592	abc20fa715ecb4e44d58381524777e0dbfb1d98260359fba042f4add4200f64d	/home/aella/aws-discovery-xenial-bionic-retry2-20260831/upgrade-discovery/xenial-to-bionic/runtime/deb-cache/9c/04/9c04a966c7378dbec2893ff9331d9eac9ee79ad0da8ba640a100d26f6137969e
xenial-to-bionic	2026-08-31T11:07:40Z	GET	http://ap-northeast-2.ec2.archive.ubuntu.com/ubuntu/pool/main/x/xdelta3/xdelta3_3.0.11-dfsg-1ubuntu1_amd64.deb	http://ap-northeast-2.ec2.archive.ubuntu.com/ubuntu/pool/main/x/xdelta3/xdelta3_3.0.11-dfsg-1ubuntu1_amd64.deb	200	68918	9fa8d5199c7b81c3151c2130d6e14117722a005828f6e4cfc5022b61047dd540	/home/aella/aws-discovery-xenial-bionic-retry2-20260831/upgrade-discovery/xenial-to-bionic/runtime/deb-cache/07/5b/075b4969bb8724007c20fd93a9231396c1526c4a7d7650e4733f9b684e37e7c6
xenial-to-bionic	2026-08-31T11:07:40Z	GET	http://ap-northeast-2.ec2.archive.ubuntu.com/ubuntu/pool/universe/m/makedev/makedev_2.3.1-93ubuntu2_all.deb	http://ap-northeast-2.ec2.archive.ubuntu.com/ubuntu/pool/universe/m/makedev/makedev_2.3.1-93ubuntu2_all.deb	200	24420	efbfeeec53ea4cd9aef6549361f98df613cbadad91b05b7a81ba41032cd06b9c	/home/aella/aws-discovery-xenial-bionic-retry2-20260831/upgrade-discovery/xenial-to-bionic/runtime/deb-cache/2c/7c/2c7c135b4bd80ffd52228d71eae71a65010a3b6a5786ac5ac69ab185e6159de1
xenial-to-bionic	2026-08-31T11:07:40Z	GET	http://ap-northeast-2.ec2.archive.ubuntu.com/ubuntu/pool/main/n/ncurses/ncurses-term_6.1-1ubuntu1.18.04.1_all.deb	http://ap-northeast-2.ec2.archive.ubuntu.com/ubuntu/pool/main/n/ncurses/ncurses-term_6.1-1ubuntu1.18.04.1_all.deb	200	248124	45434e682784d73446bb0845b4693bbfd69876c39095cd0dcd5c21d422088d37	/home/aella/aws-discovery-xenial-bionic-retry2-20260831/upgrade-discovery/xenial-to-bionic/runtime/deb-cache/90/33/90336f4878c2ddd446c9451bcd27b7cdf93b2cbd9da9cd22217b3cadd1fd6d1e
xenial-to-bionic	2026-08-31T11:07:40Z	GET	http://ap-northeast-2.ec2.archive.ubuntu.com/ubuntu/pool/main/o/os-prober/os-prober_1.74ubuntu1_amd64.deb	http://ap-northeast-2.ec2.archive.ubuntu.com/ubuntu/pool/main/o/os-prober/os-prober_1.74ubuntu1_amd64.deb	200	19824	bde4ca293c8e9612bb54571a346e800f98bbd49e75c679c511d1a2d61b0638ab	/home/aella/aws-discovery-xenial-bionic-retry2-20260831/upgrade-discovery/xenial-to-bionic/runtime/deb-cache/b8/68/b868d4788f39676cce70aa825c6179775543073fb11d07b5a6a6fa007d6c5033
xenial-to-bionic	2026-08-31T11:07:40Z	GET	http://ap-northeast-2.ec2.archive.ubuntu.com/ubuntu/pool/main/p/pastebinit/pastebinit_1.5-2_all.deb	http://ap-northeast-2.ec2.archive.ubuntu.com/ubuntu/pool/main/p/pastebinit/pastebinit_1.5-2_all.deb	200	14620	46a7ff7de19f8610dd04443c6e7fe2e3546d0d79f2732720a7c6bb156c998156	/home/aella/aws-discovery-xenial-bionic-retry2-20260831/upgrade-discovery/xenial-to-bionic/runtime/deb-cache/2e/a3/2ea3d6d10539ec9bf57e5503a1c99698dc8f086d258522202b32b4bd69e41b82
xenial-to-bionic	2026-08-31T11:07:40Z	GET	http://ap-northeast-2.ec2.archive.ubuntu.com/ubuntu/pool/main/p/policykit-1/policykit-1_0.105-20ubuntu0.18.04.6_amd64.deb	http://ap-northeast-2.ec2.archive.ubuntu.com/ubuntu/pool/main/p/policykit-1/policykit-1_0.105-20ubuntu0.18.04.6_amd64.deb	200	53604	d3f2dd324817c64861c2384918b6a433e578001390e1e79099d065f862a166ef	/home/aella/aws-discovery-xenial-bionic-retry2-20260831/upgrade-discovery/xenial-to-bionic/runtime/deb-cache/35/90/35902947ec7a915fe51a9bc7fd0cb93df7d17f52c1408488d13df8c749a8b96d
xenial-to-bionic	2026-08-31T11:07:40Z	GET	http://ap-northeast-2.ec2.archive.ubuntu.com/ubuntu/pool/universe/p/python-backports-abc/python-backports-abc_0.5-2_all.deb	http://ap-northeast-2.ec2.archive.ubuntu.com/ubuntu/pool/universe/p/python-backports-abc/python-backports-abc_0.5-2_all.deb	200	5688	a69570484323ec83bc0fdb37c7fb3382748c48d05eb15ede1e477f45290d041f	/home/aella/aws-discovery-xenial-bionic-retry2-20260831/upgrade-discovery/xenial-to-bionic/runtime/deb-cache/8a/88/8a88777f75b0af3727ee262a67159bd3275432bc80bce7193800f49f6161ef33
xenial-to-bionic	2026-08-31T11:07:40Z	GET	http://ap-northeast-2.ec2.archive.ubuntu.com/ubuntu/pool/main/b/blinker/python-blinker_1.4%2bdfsg1-0.1_all.deb	http://ap-northeast-2.ec2.archive.ubuntu.com/ubuntu/pool/main/b/blinker/python-blinker_1.4%2bdfsg1-0.1_all.deb	200	13024	50fbef7d26c546f45c1d02920c24b34aa4ecc824359e7d956c2e1ac4f90fdbba	/home/aella/aws-discovery-xenial-bionic-retry2-20260831/upgrade-discovery/xenial-to-bionic/runtime/deb-cache/47/f7/47f7388412ca51b5bc9540168e19d6c7960722d96513f9652e1f53aa47c7e251
xenial-to-bionic	2026-08-31T11:07:40Z	GET	http://ap-northeast-2.ec2.archive.ubuntu.com/ubuntu/pool/main/p/pymongo/python-pymongo-ext_3.6.1%2bdfsg1-1_amd64.deb	http://ap-northeast-2.ec2.archive.ubuntu.com/ubuntu/pool/main/p/pymongo/python-pymongo-ext_3.6.1%2bdfsg1-1_amd64.deb	200	10784	08357e55c408c33c310680687a753d83c6c33ea3942adf16c941e46e78c33e93	/home/aella/aws-discovery-xenial-bionic-retry2-20260831/upgrade-discovery/xenial-to-bionic/runtime/deb-cache/f6/11/f611a89ad289a6ab99a7c47c2625b30aef508c53c657b70b95541eef8375d6e6
xenial-to-bionic	2026-08-31T11:07:40Z	GET	http://ap-northeast-2.ec2.archive.ubuntu.com/ubuntu/pool/main/p/pymongo/python-pymongo_3.6.1%2bdfsg1-1_amd64.deb	http://ap-northeast-2.ec2.archive.ubuntu.com/ubuntu/pool/main/p/pymongo/python-pymongo_3.6.1%2bdfsg1-1_amd64.deb	200	127888	782ab5732e6d6beb418f3fdf9d82c706a35e9f2976f1caa85b10ea2d4fc5c6eb	/home/aella/aws-discovery-xenial-bionic-retry2-20260831/upgrade-discovery/xenial-to-bionic/runtime/deb-cache/ae/cc/aeccacbab78bcf0629caa5bb7b379da389ebccc6e4915c0742600bc8f8a2e062
xenial-to-bionic	2026-08-31T11:07:41Z	GET	http://ap-northeast-2.ec2.archive.ubuntu.com/ubuntu/pool/main/p/pymongo/python-bson-ext_3.6.1%2bdfsg1-1_amd64.deb	http://ap-northeast-2.ec2.archive.ubuntu.com/ubuntu/pool/main/p/pymongo/python-bson-ext_3.6.1%2bdfsg1-1_amd64.deb	200	20400	db90843eacd5f787ae47517afde640ea7f05767ba1c10e8ec865fd1d6c8e2e68	/home/aella/aws-discovery-xenial-bionic-retry2-20260831/upgrade-discovery/xenial-to-bionic/runtime/deb-cache/9d/3e/9d3e424cca19668b8c5b35d732cb49bb02187b4ca23119d1696f00c3d62a71ab
xenial-to-bionic	2026-08-31T11:07:41Z	GET	http://ap-northeast-2.ec2.archive.ubuntu.com/ubuntu/pool/main/p/pymongo/python-bson_3.6.1%2bdfsg1-1_amd64.deb	http://ap-northeast-2.ec2.archive.ubuntu.com/ubuntu/pool/main/p/pymongo/python-bson_3.6.1%2bdfsg1-1_amd64.deb	200	31764	0c5849f0b1c35e849c49236b772574ea82f0c47c815694e1cdeb24ee9f1fcc04	/home/aella/aws-discovery-xenial-bionic-retry2-20260831/upgrade-discovery/xenial-to-bionic/runtime/deb-cache/d2/12/d21224080113f1ac8a3b715883714e6497913c01d3aacbf79b38a1dbfd7b0297
xenial-to-bionic	2026-08-31T11:07:41Z	GET	http://ap-northeast-2.ec2.archive.ubuntu.com/ubuntu/pool/main/p/python-colorama/python-colorama_0.3.7-1_all.deb	http://ap-northeast-2.ec2.archive.ubuntu.com/ubuntu/pool/main/p/python-colorama/python-colorama_0.3.7-1_all.deb	200	22580	91bd55ae50b8d915ff2e1c98d462bd54ec22db438284183aeec3b5594e6c0f55	/home/aella/aws-discovery-xenial-bionic-retry2-20260831/upgrade-discovery/xenial-to-bionic/runtime/deb-cache/35/4d/354d828c374b9e6f2fdc4eedadae65b8ebd691b2f3377ef2ab0977449e5d0a41
xenial-to-bionic	2026-08-31T11:07:41Z	GET	http://ap-northeast-2.ec2.archive.ubuntu.com/ubuntu/pool/main/p/python-click/python-click_6.7-3_all.deb	http://ap-northeast-2.ec2.archive.ubuntu.com/ubuntu/pool/main/p/python-click/python-click_6.7-3_all.deb	200	56396	07676cd480812a70573a9eb341ad5e879f6dca37045cd4c2afeaf954dfcc0935	/home/aella/aws-discovery-xenial-bionic-retry2-20260831/upgrade-discovery/xenial-to-bionic/runtime/deb-cache/14/3e/143e47d10cbcd8b548c961894d3bf974a3aa398ea3277a17c204667737bc8d70
xenial-to-bionic	2026-08-31T11:07:41Z	GET	http://ap-northeast-2.ec2.archive.ubuntu.com/ubuntu/pool/main/p/python-concurrent.futures/python-concurrent.futures_3.2.0-1_all.deb	http://ap-northeast-2.ec2.archive.ubuntu.com/ubuntu/pool/main/p/python-concurrent.futures/python-concurrent.futures_3.2.0-1_all.deb	200	34228	3ac7d50229ab8cabf806117fce440b42b2f3e36fab0877b56aea163bb48de76d	/home/aella/aws-discovery-xenial-bionic-retry2-20260831/upgrade-discovery/xenial-to-bionic/runtime/deb-cache/a5/52/a552e933510fecb07e31791021464ec57bb8c3311ce52b1843a5183424cc7eec
xenial-to-bionic	2026-08-31T11:07:42Z	GET	http://ap-northeast-2.ec2.archive.ubuntu.com/ubuntu/pool/main/c/configparser/python-configparser_3.5.0-1_all.deb	http://ap-northeast-2.ec2.archive.ubuntu.com/ubuntu/pool/main/c/configparser/python-configparser_3.5.0-1_all.deb	200	59622	bb43c3f201c38436f86bfc18246647fddd39bd15f390d34cfe69a97b488e8884	/home/aella/aws-discovery-xenial-bionic-retry2-20260831/upgrade-discovery/xenial-to-bionic/runtime/deb-cache/6a/ae/6aae202f118bf6f4cb9457974177c38e10b837c72b50977e24919d95e6430d93
xenial-to-bionic	2026-08-31T11:07:42Z	GET	http://ap-northeast-2.ec2.archive.ubuntu.com/ubuntu/pool/main/d/dbus-python/python-dbus_1.2.6-1_amd64.deb	http://ap-northeast-2.ec2.archive.ubuntu.com/ubuntu/pool/main/d/dbus-python/python-dbus_1.2.6-1_amd64.deb	200	90240	4443fabd52827361259606d9f20191022a89bcf2e65c5944783948e8b72fdf1c	/home/aella/aws-discovery-xenial-bionic-retry2-20260831/upgrade-discovery/xenial-to-bionic/runtime/deb-cache/3e/fd/3efda7e9e9dd604a7b04400a66f718e645945f081989ed61fbc86116df5ae37a
xenial-to-bionic	2026-08-31T11:07:42Z	GET	http://ap-northeast-2.ec2.archive.ubuntu.com/ubuntu/pool/universe/p/python-ecdsa/python-ecdsa_0.13-2ubuntu0.18.04.1_all.deb	http://ap-northeast-2.ec2.archive.ubuntu.com/ubuntu/pool/universe/p/python-ecdsa/python-ecdsa_0.13-2ubuntu0.18.04.1_all.deb	200	37012	bb6066c5362febdcb3615600a0ec821030222530428be119e7128b281c57cf6c	/home/aella/aws-discovery-xenial-bionic-retry2-20260831/upgrade-discovery/xenial-to-bionic/runtime/deb-cache/f3/41/f34155834a62180dcf6195ed5d8d874b60e08da972301a69bd13bc91873e2e0e
xenial-to-bionic	2026-08-31T11:07:42Z	GET	http://ap-northeast-2.ec2.archive.ubuntu.com/ubuntu/pool/main/p/python-itsdangerous/python-itsdangerous_0.24%2bdfsg1-2_all.deb	http://ap-northeast-2.ec2.archive.ubuntu.com/ubuntu/pool/main/p/python-itsdangerous/python-itsdangerous_0.24%2bdfsg1-2_all.deb	200	11910	afb286f4ba8dd8999d525cc3ac98788b376587e34129e874540997bb38bc42ac	/home/aella/aws-discovery-xenial-bionic-retry2-20260831/upgrade-discovery/xenial-to-bionic/runtime/deb-cache/4f/5d/4f5d2e76874db50995437a1d33a88b80d2ad4057d094bc7ad432210557ec278a
xenial-to-bionic	2026-08-31T11:07:43Z	GET	http://ap-northeast-2.ec2.archive.ubuntu.com/ubuntu/pool/main/p/python-werkzeug/python-werkzeug_0.14.1%2bdfsg1-1ubuntu0.2_all.deb	http://ap-northeast-2.ec2.archive.ubuntu.com/ubuntu/pool/main/p/python-werkzeug/python-werkzeug_0.14.1%2bdfsg1-1ubuntu0.2_all.deb	200	174504	ed93cd7189d9ababbf0c9573272df4d5ddb22ff3359a06b1758654e5f3c8d273	/home/aella/aws-discovery-xenial-bionic-retry2-20260831/upgrade-discovery/xenial-to-bionic/runtime/deb-cache/69/43/69432937d79cba27c5b64c17f3c27fabdee53c0a609fc96e797c74f28bc7c936
xenial-to-bionic	2026-08-31T11:07:43Z	GET	http://ap-northeast-2.ec2.archive.ubuntu.com/ubuntu/pool/main/f/flask/python-flask_0.12.2-3ubuntu0.1_all.deb	http://ap-northeast-2.ec2.archive.ubuntu.com/ubuntu/pool/main/f/flask/python-flask_0.12.2-3ubuntu0.1_all.deb	200	62368	1084371fdf1df5f49f4a07e5ab97c3f0a930c3733c5cb57bda82863ec226f121	/home/aella/aws-discovery-xenial-bionic-retry2-20260831/upgrade-discovery/xenial-to-bionic/runtime/deb-cache/15/41/15414640f2e4427a49adda897240d49602274455208f6a99466a189b33c918e5
xenial-to-bionic	2026-08-31T11:07:43Z	GET	http://ap-northeast-2.ec2.archive.ubuntu.com/ubuntu/pool/main/p/pygobject/python-gi_3.26.1-2ubuntu1_amd64.deb	http://ap-northeast-2.ec2.archive.ubuntu.com/ubuntu/pool/main/p/pygobject/python-gi_3.26.1-2ubuntu1_amd64.deb	200	197160	ad940c722452dac08fefbce0138c939c4c01aa5a5e45a1c40ab2d6664ea41c47	/home/aella/aws-discovery-xenial-bionic-retry2-20260831/upgrade-discovery/xenial-to-bionic/runtime/deb-cache/fb/c6/fbc62c64e8d415001dd2db95582932b63b1def214e5558f2beee70981b3ae5f5
xenial-to-bionic	2026-08-31T11:07:43Z	GET	http://ap-northeast-2.ec2.archive.ubuntu.com/ubuntu/pool/main/p/pymongo/python-gridfs_3.6.1%2bdfsg1-1_all.deb	http://ap-northeast-2.ec2.archive.ubuntu.com/ubuntu/pool/main/p/pymongo/python-gridfs_3.6.1%2bdfsg1-1_all.deb	200	14104	c64950f1d3b90a29b4ff5215b532d93c7863648ed8dc16ffb6872e92b0794def	/home/aella/aws-discovery-xenial-bionic-retry2-20260831/upgrade-discovery/xenial-to-bionic/runtime/deb-cache/be/9f/be9f569993f342dd46a5e1b4901f4d6b956494ee57c95f006fd6893796951ccd
xenial-to-bionic	2026-08-31T11:07:43Z	GET	http://ap-northeast-2.ec2.archive.ubuntu.com/ubuntu/pool/main/p/python-jmespath/python-jmespath_0.9.3-1ubuntu1.1_all.deb	http://ap-northeast-2.ec2.archive.ubuntu.com/ubuntu/pool/main/p/python-jmespath/python-jmespath_0.9.3-1ubuntu1.1_all.deb	200	21384	27d97eab907ff4be76ae44b6debb9e2fa0e2637b98f56a8176b2fe7a813d8a18	/home/aella/aws-discovery-xenial-bionic-retry2-20260831/upgrade-discovery/xenial-to-bionic/runtime/deb-cache/0b/1a/0b1ad74f0e0ffffbe9e1466640a959865168e35ce244a9ac9350db8621562646
xenial-to-bionic	2026-08-31T11:07:44Z	GET	http://ap-northeast-2.ec2.archive.ubuntu.com/ubuntu/pool/universe/p/pykerberos/python-kerberos_1.1.14-1_amd64.deb	http://ap-northeast-2.ec2.archive.ubuntu.com/ubuntu/pool/universe/p/pykerberos/python-kerberos_1.1.14-1_amd64.deb	200	22496	3a2c26bf357b18c363442b4e5e028443cfa385bdfbc51e25c7dfd11a3e3a2c85	/home/aella/aws-discovery-xenial-bionic-retry2-20260831/upgrade-discovery/xenial-to-bionic/runtime/deb-cache/9a/95/9a95006612b5511f07288da81f5214692d1cb37dfdf3d245c2898b275920a23c
xenial-to-bionic	2026-08-31T11:07:44Z	GET	http://ap-northeast-2.ec2.archive.ubuntu.com/ubuntu/pool/main/p/python-secretstorage/python-secretstorage_2.3.1-2_all.deb	http://ap-northeast-2.ec2.archive.ubuntu.com/ubuntu/pool/main/p/python-secretstorage/python-secretstorage_2.3.1-2_all.deb	200	11788	4601df13b194d86fb15e21b52d0cb8b6a23847964734feb46225fed006740418	/home/aella/aws-discovery-xenial-bionic-retry2-20260831/upgrade-discovery/xenial-to-bionic/runtime/deb-cache/be/2c/be2ce7a5862fdf8a47878856ed4377c50d6909d2fefecd3054cb95fe08d51252
xenial-to-bionic	2026-08-31T11:07:44Z	GET	http://ap-northeast-2.ec2.archive.ubuntu.com/ubuntu/pool/main/p/python-keyring/python-keyring_10.6.0-1_all.deb	http://ap-northeast-2.ec2.archive.ubuntu.com/ubuntu/pool/main/p/python-keyring/python-keyring_10.6.0-1_all.deb	200	30592	feacf2b00ea5e23ba365af5e0444ebd251ca032a775b9e989bd10c57da6cc9ea	/home/aella/aws-discovery-xenial-bionic-retry2-20260831/upgrade-discovery/xenial-to-bionic/runtime/deb-cache/72/55/7255c4b16d3241f7b95645505b6b3904cad70882188401a9ad5a657295e0047d
xenial-to-bionic	2026-08-31T11:07:44Z	GET	http://ap-northeast-2.ec2.archive.ubuntu.com/ubuntu/pool/main/k/keyrings.alt/python-keyrings.alt_3.0-1_all.deb	http://ap-northeast-2.ec2.archive.ubuntu.com/ubuntu/pool/main/k/keyrings.alt/python-keyrings.alt_3.0-1_all.deb	200	16740	e7c766d14e7c2e2b86148a0f282482e77e5a4b3c8ba015da926e12ca14718006	/home/aella/aws-discovery-xenial-bionic-retry2-20260831/upgrade-discovery/xenial-to-bionic/runtime/deb-cache/79/e3/79e3de10ba75d8a6c2c35c8422aaadce1d6c9f1151013ddbbe40e117bd3f870d
xenial-to-bionic	2026-08-31T11:07:44Z	GET	http://ap-northeast-2.ec2.archive.ubuntu.com/ubuntu/pool/main/p/python-lockfile/python-lockfile_0.12.2-2_all.deb	http://ap-northeast-2.ec2.archive.ubuntu.com/ubuntu/pool/main/p/python-lockfile/python-lockfile_0.12.2-2_all.deb	200	14592	5e2fe468893192e858c4c1d55acc537755f9b4e6f2e653f34a8e0ea956a44852	/home/aella/aws-discovery-xenial-bionic-retry2-20260831/upgrade-discovery/xenial-to-bionic/runtime/deb-cache/04/ff/04ff77638a3e09b0058eb7e27e2c6fb8a252692f65fed76e35a95c769b6a64d1
xenial-to-bionic	2026-08-31T11:07:45Z	GET	http://ap-northeast-2.ec2.archive.ubuntu.com/ubuntu/pool/main/s/simplejson/python-simplejson_3.13.2-1_amd64.deb	http://ap-northeast-2.ec2.archive.ubuntu.com/ubuntu/pool/main/s/simplejson/python-simplejson_3.13.2-1_amd64.deb	200	61156	24e216b8248d799cd4fa29e71ee8e6abf353efc8b9f44196ed2b30425574d148	/home/aella/aws-discovery-xenial-bionic-retry2-20260831/upgrade-discovery/xenial-to-bionic/runtime/deb-cache/93/82/938289a8500700a31c1d7215487dfd0b1affa86bdd7989f6662702cb0718a2ac
xenial-to-bionic	2026-08-31T11:07:47Z	GET	http://ap-northeast-2.ec2.archive.ubuntu.com/ubuntu/pool/universe/libc/libcloud/python-libcloud_2.2.1-1_all.deb	http://ap-northeast-2.ec2.archive.ubuntu.com/ubuntu/pool/universe/libc/libcloud/python-libcloud_2.2.1-1_all.deb	200	1234836	86b103775b05e3fba3e96287a9e430fd921178a3959e5fe4a3c6359ecd18821a	/home/aella/aws-discovery-xenial-bionic-retry2-20260831/upgrade-discovery/xenial-to-bionic/runtime/deb-cache/ad/f4/adf42e9f317a9cd34d47977d01800fd021106b46e4fd0691aafc8c4331983d31
xenial-to-bionic	2026-08-31T11:07:47Z	GET	http://ap-northeast-2.ec2.archive.ubuntu.com/ubuntu/pool/universe/n/ndg-httpsclient/python-ndg-httpsclient_0.4.4-1_all.deb	http://ap-northeast-2.ec2.archive.ubuntu.com/ubuntu/pool/universe/n/ndg-httpsclient/python-ndg-httpsclient_0.4.4-1_all.deb	200	24276	fe6f156288023b05b3c2a3e660af22bbac1a1fcbcefee1cfaa14ae8238d77184	/home/aella/aws-discovery-xenial-bionic-retry2-20260831/upgrade-discovery/xenial-to-bionic/runtime/deb-cache/ac/49/ac49efef46b79833262bb1f476cf553b6e7f2b38e14286d53abc6767c5670913
xenial-to-bionic	2026-08-31T11:07:47Z	GET	http://ap-northeast-2.ec2.archive.ubuntu.com/ubuntu/pool/universe/p/python-pip/python-pip_9.0.1-2.3%7eubuntu1.18.04.8_all.deb	http://ap-northeast-2.ec2.archive.ubuntu.com/ubuntu/pool/universe/p/python-pip/python-pip_9.0.1-2.3%7eubuntu1.18.04.8_all.deb	200	150644	c65404dd4f8cbcfae328b26f1a828017e6de40eccd041af2576f74825be0054f	/home/aella/aws-discovery-xenial-bionic-retry2-20260831/upgrade-discovery/xenial-to-bionic/runtime/deb-cache/95/d0/95d0ca69b57d889a5aa168633572a0d3f731976c038da802cd53be8335c3bd3a
xenial-to-bionic	2026-08-31T11:07:47Z	GET	http://ap-northeast-2.ec2.archive.ubuntu.com/ubuntu/pool/universe/p/python-pip/python-pip-whl_9.0.1-2.3%7eubuntu1.18.04.8_all.deb	http://ap-northeast-2.ec2.archive.ubuntu.com/ubuntu/pool/universe/p/python-pip/python-pip-whl_9.0.1-2.3%7eubuntu1.18.04.8_all.deb	200	1652936	b4c41ddaa564e498b3e8b17ae02e6340cd034db05431a0926302b12446891c82	/home/aella/aws-discovery-xenial-bionic-retry2-20260831/upgrade-discovery/xenial-to-bionic/runtime/deb-cache/57/7d/577d88209ac7e37433bcd98b3af29d8cededda049789deb84c744aab540302f7
xenial-to-bionic	2026-08-31T11:07:48Z	GET	http://ap-northeast-2.ec2.archive.ubuntu.com/ubuntu/pool/main/p/python-psutil/python-psutil_5.4.2-1ubuntu0.1_amd64.deb	http://ap-northeast-2.ec2.archive.ubuntu.com/ubuntu/pool/main/p/python-psutil/python-psutil_5.4.2-1ubuntu0.1_amd64.deb	200	135528	dc17c3773619c65eece2993c64ea076b793677c5ca9e0784a21a359868ef4324	/home/aella/aws-discovery-xenial-bionic-retry2-20260831/upgrade-discovery/xenial-to-bionic/runtime/deb-cache/1d/0d/1d0d1cd74f3de4dadce51f6df996fdaf4dade151c52cd889622d74a2ac98b4a8
xenial-to-bionic	2026-08-31T11:07:48Z	GET	http://ap-northeast-2.ec2.archive.ubuntu.com/ubuntu/pool/main/p/pyinotify/python-pyinotify_0.9.6-1_all.deb	http://ap-northeast-2.ec2.archive.ubuntu.com/ubuntu/pool/main/p/pyinotify/python-pyinotify_0.9.6-1_all.deb	200	24632	ca9f9d7b3f6b5c5e842f061307a0915f72bf6a2e22d543cd0fff656aeac8452d	/home/aella/aws-discovery-xenial-bionic-retry2-20260831/upgrade-discovery/xenial-to-bionic/runtime/deb-cache/82/e4/82e4e9036d6377701130af24708962715cde27f859dd339a9ed3a1909ee5a09e
xenial-to-bionic	2026-08-31T11:07:48Z	GET	http://ap-northeast-2.ec2.archive.ubuntu.com/ubuntu/pool/main/p/python-pymysql/python-pymysql_0.8.0-1_all.deb	http://ap-northeast-2.ec2.archive.ubuntu.com/ubuntu/pool/main/p/python-pymysql/python-pymysql_0.8.0-1_all.deb	200	60004	2fdf3b937d8453cfe3a63e51f0e57b49b721f2d301301112b1eaf725dabcb872	/home/aella/aws-discovery-xenial-bionic-retry2-20260831/upgrade-discovery/xenial-to-bionic/runtime/deb-cache/f7/b3/f7b3910b188446ac8e2b4c735e844ea2e1040d1902c4618b6ab3b5a7f0a1a3f6
xenial-to-bionic	2026-08-31T11:07:48Z	GET	http://ap-northeast-2.ec2.archive.ubuntu.com/ubuntu/pool/universe/libs/libselinux/python-selinux_2.7-2build2_amd64.deb	http://ap-northeast-2.ec2.archive.ubuntu.com/ubuntu/pool/universe/libs/libselinux/python-selinux_2.7-2build2_amd64.deb	200	138400	6305e08f330a7b369b7c44d7f458b2c6a0d7234d905b8edeb57ad0c43633503a	/home/aella/aws-discovery-xenial-bionic-retry2-20260831/upgrade-discovery/xenial-to-bionic/runtime/deb-cache/d9/9e/d99e256f54ebe9951d036234d4d3f3dc33f96f79ef7c8e0b704bbc0436d1db10
xenial-to-bionic	2026-08-31T11:07:48Z	GET	http://ap-northeast-2.ec2.archive.ubuntu.com/ubuntu/pool/main/s/singledispatch/python-singledispatch_3.4.0.3-2_all.deb	http://ap-northeast-2.ec2.archive.ubuntu.com/ubuntu/pool/main/s/singledispatch/python-singledispatch_3.4.0.3-2_all.deb	200	9848	763c73a70d00a030ef4f1d9c58320b416220577910a817a2097e985e9119752c	/home/aella/aws-discovery-xenial-bionic-retry2-20260831/upgrade-discovery/xenial-to-bionic/runtime/deb-cache/e3/a1/e3a139c7b280efc232af0e68c1f08acc436f2c6fa1b268796c4413fb4bfefd31
xenial-to-bionic	2026-08-31T11:07:49Z	GET	http://ap-northeast-2.ec2.archive.ubuntu.com/ubuntu/pool/universe/p/python-tabulate/python-tabulate_0.7.7-1_all.deb	http://ap-northeast-2.ec2.archive.ubuntu.com/ubuntu/pool/universe/p/python-tabulate/python-tabulate_0.7.7-1_all.deb	200	27164	f3848ec3bbc14ddb4ad035e494f8e39aa5fa616937ed7c1759581bc0914c6594	/home/aella/aws-discovery-xenial-bionic-retry2-20260831/upgrade-discovery/xenial-to-bionic/runtime/deb-cache/15/19/1519c5ab89415f865a152d4c4897fb1fe8e689b45cb11e283c68d1ebcc467a96
xenial-to-bionic	2026-08-31T11:07:49Z	GET	http://ap-northeast-2.ec2.archive.ubuntu.com/ubuntu/pool/universe/p/python-tornado/python-tornado_4.5.3-1ubuntu0.2_amd64.deb	http://ap-northeast-2.ec2.archive.ubuntu.com/ubuntu/pool/universe/p/python-tornado/python-tornado_4.5.3-1ubuntu0.2_amd64.deb	200	284092	2688a0035dc3bafae01733ad95ce8a6b7f6b4a68830eb70fb6e21719efb11b2d	/home/aella/aws-discovery-xenial-bionic-retry2-20260831/upgrade-discovery/xenial-to-bionic/runtime/deb-cache/8a/65/8a65f6eddda4260154f69e933a1e709cae366ab85b10650aa7270490d6227f4c
xenial-to-bionic	2026-08-31T11:07:49Z	GET	http://ap-northeast-2.ec2.archive.ubuntu.com/ubuntu/pool/universe/w/wheel/python-wheel_0.30.0-0.2ubuntu0.1_all.deb	http://ap-northeast-2.ec2.archive.ubuntu.com/ubuntu/pool/universe/w/wheel/python-wheel_0.30.0-0.2ubuntu0.1_all.deb	200	36660	874742b622e50429793e6d99d60d1d080f1a059cb5c19dba9ddbae9068add588	/home/aella/aws-discovery-xenial-bionic-retry2-20260831/upgrade-discovery/xenial-to-bionic/runtime/deb-cache/64/d1/64d1eb4ab718e586def3bab4f2004b5bffd6d98fb0b90eaf63442c0371be24f5
xenial-to-bionic	2026-08-31T11:07:49Z	GET	http://ap-northeast-2.ec2.archive.ubuntu.com/ubuntu/pool/universe/p/pyxdg/python-xdg_0.25-4ubuntu1.1_all.deb	http://ap-northeast-2.ec2.archive.ubuntu.com/ubuntu/pool/universe/p/pyxdg/python-xdg_0.25-4ubuntu1.1_all.deb	200	31228	b77235075610b349e59465a0b9be7e1da90136b597443ffd8218eaa64cfea848	/home/aella/aws-discovery-xenial-bionic-retry2-20260831/upgrade-discovery/xenial-to-bionic/runtime/deb-cache/e8/e8/e8e8f981f157cad246cdd13b4b2fd8cd37ca65f7f48c8e3f9a28e95e16812d18
xenial-to-bionic	2026-08-31T11:07:50Z	GET	http://ap-northeast-2.ec2.archive.ubuntu.com/ubuntu/pool/universe/p/python-xmltodict/python-xmltodict_0.11.0-1_all.deb	http://ap-northeast-2.ec2.archive.ubuntu.com/ubuntu/pool/universe/p/python-xmltodict/python-xmltodict_0.11.0-1_all.deb	200	10336	64657acd481a456267f97f313a940c5dbe8bdbdcbb002571c91a5e3e566a04c2	/home/aella/aws-discovery-xenial-bionic-retry2-20260831/upgrade-discovery/xenial-to-bionic/runtime/deb-cache/39/7e/397ecd29ddd1f112b06aab473e3510860e6ea3ed2fb1abfc30f836104600fbf8
xenial-to-bionic	2026-08-31T11:07:50Z	GET	http://ap-northeast-2.ec2.archive.ubuntu.com/ubuntu/pool/main/b/blinker/python3-blinker_1.4%2bdfsg1-0.1_all.deb	http://ap-northeast-2.ec2.archive.ubuntu.com/ubuntu/pool/main/b/blinker/python3-blinker_1.4%2bdfsg1-0.1_all.deb	200	13100	56950a3b329dd6983f29e5d28c338c62d6a08ed7a909cbef99e68f39f983e6e1	/home/aella/aws-discovery-xenial-bionic-retry2-20260831/upgrade-discovery/xenial-to-bionic/runtime/deb-cache/54/71/547129961d02b6a9d0339077ad3a664a25413304c195f361283ce41250f2b4a1
xenial-to-bionic	2026-08-31T11:07:54Z	GET	http://ap-northeast-2.ec2.archive.ubuntu.com/ubuntu/pool/main/p/python-colorama/python3-colorama_0.3.7-1_all.deb	http://ap-northeast-2.ec2.archive.ubuntu.com/ubuntu/pool/main/p/python-colorama/python3-colorama_0.3.7-1_all.deb	200	14900	ea5be8052a16833c320e50fe4b85d70ceb57033dde39c1fa55960053874826d8	/home/aella/aws-discovery-xenial-bionic-retry2-20260831/upgrade-discovery/xenial-to-bionic/runtime/deb-cache/5c/7c/5c7c310da5be938e890e0006490454f5798e1316433aa696ad6b725d1dc6b678
xenial-to-bionic	2026-08-31T11:07:54Z	GET	http://ap-northeast-2.ec2.archive.ubuntu.com/ubuntu/pool/main/p/python-click/python3-click_6.7-3_all.deb	http://ap-northeast-2.ec2.archive.ubuntu.com/ubuntu/pool/main/p/python-click/python3-click_6.7-3_all.deb	200	56460	f339d3fb216124ad5f0681083dec2c74fcf0036f5ebcbadd976c75a275a63e52	/home/aella/aws-discovery-xenial-bionic-retry2-20260831/upgrade-discovery/xenial-to-bionic/runtime/deb-cache/f8/76/f8765842e7369d8957e992860959b6e80ce0cbf3e328195331f883d5ad8cc106
xenial-to-bionic	2026-08-31T11:07:54Z	GET	http://ap-northeast-2.ec2.archive.ubuntu.com/ubuntu/pool/main/j/jinja2/python3-jinja2_2.10-1ubuntu0.18.04.1_all.deb	http://ap-northeast-2.ec2.archive.ubuntu.com/ubuntu/pool/main/j/jinja2/python3-jinja2_2.10-1ubuntu0.18.04.1_all.deb	200	95380	69591124505ae376c75183bdc2e1f1b2b8514b462410718377fff0a48541e685	/home/aella/aws-discovery-xenial-bionic-retry2-20260831/upgrade-discovery/xenial-to-bionic/runtime/deb-cache/aa/c8/aac88ca4e4b2d67dc3d280e7b7c4831a5181ad7cb13ffff9e6593dc586f38bde
xenial-to-bionic	2026-08-31T11:07:54Z	GET	http://ap-northeast-2.ec2.archive.ubuntu.com/ubuntu/pool/main/p/python-json-pointer/python3-json-pointer_1.10-1_all.deb	http://ap-northeast-2.ec2.archive.ubuntu.com/ubuntu/pool/main/p/python-json-pointer/python3-json-pointer_1.10-1_all.deb	200	7478	adf35817d014124a97824055811358401773d235e03bbb12cc02e7d5bc5d64db	/home/aella/aws-discovery-xenial-bionic-retry2-20260831/upgrade-discovery/xenial-to-bionic/runtime/deb-cache/ae/32/ae32f6d72cb0a96552a2a3a84c26d138e781a6f722f00d355cbdd4a501dc76a5
xenial-to-bionic	2026-08-31T11:07:54Z	GET	http://ap-northeast-2.ec2.archive.ubuntu.com/ubuntu/pool/main/p/python-json-patch/python3-jsonpatch_1.19%2breally1.16-1fakesync1_all.deb	http://ap-northeast-2.ec2.archive.ubuntu.com/ubuntu/pool/main/p/python-json-patch/python3-jsonpatch_1.19%2breally1.16-1fakesync1_all.deb	200	13380	b1bf6c8501dc8d8d2f309073d24b1042b4ba001bf0a60e8499cdcfe8afa61525	/home/aella/aws-discovery-xenial-bionic-retry2-20260831/upgrade-discovery/xenial-to-bionic/runtime/deb-cache/a6/25/a6250ed9b5d92ae4116b13356ee2cefd0a54538148105ab2b854da1622e77953
xenial-to-bionic	2026-08-31T11:07:54Z	GET	http://ap-northeast-2.ec2.archive.ubuntu.com/ubuntu/pool/main/p/pyjwt/python3-jwt_1.5.3%2bds1-1ubuntu0.1_all.deb	http://ap-northeast-2.ec2.archive.ubuntu.com/ubuntu/pool/main/p/pyjwt/python3-jwt_1.5.3%2bds1-1ubuntu0.1_all.deb	200	16584	d7db26d8a1f8dd4d865fb053d1876b561c4cf48a9b3031281194e58166e2946c	/home/aella/aws-discovery-xenial-bionic-retry2-20260831/upgrade-discovery/xenial-to-bionic/runtime/deb-cache/76/93/769375b77007a6964b23c4c3f45270f959c3532e379aa8023897413479408925
xenial-to-bionic	2026-08-31T11:07:54Z	GET	http://ap-northeast-2.ec2.archive.ubuntu.com/ubuntu/pool/main/p/python-oauthlib/python3-oauthlib_2.0.6-1_all.deb	http://ap-northeast-2.ec2.archive.ubuntu.com/ubuntu/pool/main/p/python-oauthlib/python3-oauthlib_2.0.6-1_all.deb	200	70164	35d688661718935e627f5946612033eaf69474ca44e6100e4a945b78640ae21d	/home/aella/aws-discovery-xenial-bionic-retry2-20260831/upgrade-discovery/xenial-to-bionic/runtime/deb-cache/9f/7b/9f7b406d6e6a6571c894903a7c69e1a9f37b4362a1b071df6f1b974e1b7dd19f
xenial-to-bionic	2026-08-31T11:07:54Z	GET	http://ap-northeast-2.ec2.archive.ubuntu.com/ubuntu/pool/main/p/python-pam/python3-pam_0.4.2-13.2ubuntu4_amd64.deb	http://ap-northeast-2.ec2.archive.ubuntu.com/ubuntu/pool/main/p/python-pam/python3-pam_0.4.2-13.2ubuntu4_amd64.deb	200	9092	f0e455d7214461e4b3079a4658c080588806fb183c4097b6782aa3d86a5376ec	/home/aella/aws-discovery-xenial-bionic-retry2-20260831/upgrade-discovery/xenial-to-bionic/runtime/deb-cache/d4/80/d480de75e3180a9af258bee4af2078a7293fd0f9c09b5f441c009b352ca1d80d
xenial-to-bionic	2026-08-31T11:07:55Z	GET	http://ap-northeast-2.ec2.archive.ubuntu.com/ubuntu/pool/main/p/pyserial/python3-serial_3.4-2_all.deb	http://ap-northeast-2.ec2.archive.ubuntu.com/ubuntu/pool/main/p/pyserial/python3-serial_3.4-2_all.deb	200	56512	3b16e77d7347717505b65bdd9dfb1d9ce71711494edf4fcbf46b62c7b075d137	/home/aella/aws-discovery-xenial-bionic-retry2-20260831/upgrade-discovery/xenial-to-bionic/runtime/deb-cache/2b/63/2b6365df207cd87cdfedd9578f42358165234afffd438faa765d29c6941cc489
xenial-to-bionic	2026-08-31T11:07:55Z	GET	http://ap-northeast-2.ec2.archive.ubuntu.com/ubuntu/pool/universe/r/rename/rename_0.20-7_all.deb	http://ap-northeast-2.ec2.archive.ubuntu.com/ubuntu/pool/universe/r/rename/rename_0.20-7_all.deb	200	12260	23ef73afcb706ee34686f5fe4659c1381dbaa0a026b4e54c88df98470741b1a2	/home/aella/aws-discovery-xenial-bionic-retry2-20260831/upgrade-discovery/xenial-to-bionic/runtime/deb-cache/b1/d7/b1d7f4565ca93367cba53246a0d0305420aa590d22acae7a394bb263dad284e6
xenial-to-bionic	2026-08-31T11:07:55Z	GET	http://ap-northeast-2.ec2.archive.ubuntu.com/ubuntu/pool/universe/n/ntp/sntp_4.2.8p10%2bdfsg-5ubuntu7.3_amd64.deb	http://ap-northeast-2.ec2.archive.ubuntu.com/ubuntu/pool/universe/n/ntp/sntp_4.2.8p10%2bdfsg-5ubuntu7.3_amd64.deb	200	86464	c305ea2db74358745a38943509ba55cf3b9d281932106a3a71b12faa18d75e62	/home/aella/aws-discovery-xenial-bionic-retry2-20260831/upgrade-discovery/xenial-to-bionic/runtime/deb-cache/4b/ce/4bceafb0d003e91ad5d4b760b211124a3cd058f567648333ef8bd3fc575fdb66
xenial-to-bionic	2026-08-31T11:07:55Z	GET	http://ap-northeast-2.ec2.archive.ubuntu.com/ubuntu/pool/universe/t/tcp-wrappers/tcpd_7.6.q-27_amd64.deb	http://ap-northeast-2.ec2.archive.ubuntu.com/ubuntu/pool/universe/t/tcp-wrappers/tcpd_7.6.q-27_amd64.deb	200	24216	322275d099a410329b9e16def04c6fd01b1ca473363df6e10b1da52829f8c9fd	/home/aella/aws-discovery-xenial-bionic-retry2-20260831/upgrade-discovery/xenial-to-bionic/runtime/deb-cache/c9/2f/c92f2946315c58ed2002b0f858cb4189b7a577f2b60246db95bb79680447ed60
xenial-to-bionic	2026-08-31T11:07:55Z	GET	http://ap-northeast-2.ec2.archive.ubuntu.com/ubuntu/pool/universe/t/traceroute/traceroute_2.1.0-2_amd64.deb	http://ap-northeast-2.ec2.archive.ubuntu.com/ubuntu/pool/universe/t/traceroute/traceroute_2.1.0-2_amd64.deb	200	45386	f04499e59e7dab53c2ba50da052ca5338cb66da08d93ff8662a11a0a1a904dff	/home/aella/aws-discovery-xenial-bionic-retry2-20260831/upgrade-discovery/xenial-to-bionic/runtime/deb-cache/bd/a2/bda2de33c2ba37b33ea6d41f9e3728efd1e6bd8c391c88ca27a426936be0187e
xenial-to-bionic	2026-08-31T11:07:56Z	GET	http://ap-northeast-2.ec2.archive.ubuntu.com/ubuntu/pool/main/u/ubuntu-advantage-desktop-daemon/ubuntu-advantage-desktop-daemon_1.10.ubuntu0.18.04.1%7eesm1_amd64.deb	http://ap-northeast-2.ec2.archive.ubuntu.com/ubuntu/pool/main/u/ubuntu-advantage-desktop-daemon/ubuntu-advantage-desktop-daemon_1.10.ubuntu0.18.04.1%7eesm1_amd64.deb	200	24296	7acfb72da8a9e815d8d8f5f79a912700bb4d711d78f72fd32a914f4786e203b7	/home/aella/aws-discovery-xenial-bionic-retry2-20260831/upgrade-discovery/xenial-to-bionic/runtime/deb-cache/53/78/537893e140d46f0f7344719ed23228405acff2ba7e81ee5fdee85043fd47cb14
xenial-to-bionic	2026-08-31T11:07:56Z	GET	http://ap-northeast-2.ec2.archive.ubuntu.com/ubuntu/pool/main/u/unattended-upgrades/unattended-upgrades_1.1ubuntu1.18.04.14_all.deb	http://ap-northeast-2.ec2.archive.ubuntu.com/ubuntu/pool/main/u/unattended-upgrades/unattended-upgrades_1.1ubuntu1.18.04.14_all.deb	200	41728	6e24cd0e776c7f652ad7c030ce734c65e09481be8f3ea2b6ed15d4bfa87f2e7d	/home/aella/aws-discovery-xenial-bionic-retry2-20260831/upgrade-discovery/xenial-to-bionic/runtime/deb-cache/52/60/5260348206eebf85a10768baeb01ef90db68a48657e72fad7f4b38ee1ac75f11
xenial-to-bionic	2026-08-31T11:07:56Z	GET	http://ap-northeast-2.ec2.archive.ubuntu.com/ubuntu/pool/main/u/unzip/unzip_6.0-21ubuntu1.2_amd64.deb	http://ap-northeast-2.ec2.archive.ubuntu.com/ubuntu/pool/main/u/unzip/unzip_6.0-21ubuntu1.2_amd64.deb	200	168200	b94de8b18fe2ac896aaddb11c0c7d6318a77a290726a049942108553e6dc3e19	/home/aella/aws-discovery-xenial-bionic-retry2-20260831/upgrade-discovery/xenial-to-bionic/runtime/deb-cache/90/8b/908be49d389fe02e296f9d021bf1509d340bda10b734430e7d4371345cff9f4c
xenial-to-bionic	2026-08-31T11:07:56Z	GET	http://ap-northeast-2.ec2.archive.ubuntu.com/ubuntu/pool/main/x/xml-core/xml-core_0.18_all.deb	http://ap-northeast-2.ec2.archive.ubuntu.com/ubuntu/pool/main/x/xml-core/xml-core_0.18_all.deb	200	21312	cc73d9a3b0eddfcb737c5f0a9f5118cf3c58a5953d0baf7a892ed9711952a61d	/home/aella/aws-discovery-xenial-bionic-retry2-20260831/upgrade-discovery/xenial-to-bionic/runtime/deb-cache/bb/c5/bbc5164e604cce0adbb57283d650a878e904efae831eecbadbd5d43d81c6524c
xenial-to-bionic	2026-08-31T11:07:56Z	GET	http://ap-northeast-2.ec2.archive.ubuntu.com/ubuntu/pool/main/z/zip/zip_3.0-11build1_amd64.deb	http://ap-northeast-2.ec2.archive.ubuntu.com/ubuntu/pool/main/z/zip/zip_3.0-11build1_amd64.deb	200	167182	800a02ee081bc8cedafe6b0a3da1193de3e0c281ae1e7a04b091db01cd301d92	/home/aella/aws-discovery-xenial-bionic-retry2-20260831/upgrade-discovery/xenial-to-bionic/runtime/deb-cache/cc/ae/ccaecfa8051b56b6e501764432f955024a1792d5a15b1510ea1f373ae436db9e
xenial-to-bionic	2026-08-31T11:07:57Z	GET	http://ap-northeast-2.ec2.archive.ubuntu.com/ubuntu/pool/main/g/gdisk/gdisk_1.0.3-1_amd64.deb	http://ap-northeast-2.ec2.archive.ubuntu.com/ubuntu/pool/main/g/gdisk/gdisk_1.0.3-1_amd64.deb	200	204544	bf6a25a00d33db59f3452e5ac60a4fbc17b8b3f9e59b9a0bf37e1bb386461270	/home/aella/aws-discovery-xenial-bionic-retry2-20260831/upgrade-discovery/xenial-to-bionic/runtime/deb-cache/77/3a/773a83ebbe07d080b931ea6b9803ee022935eaacd3a5a34b7d39fc30594c2d5e
xenial-to-bionic	2026-08-31T11:07:57Z	GET	http://ap-northeast-2.ec2.archive.ubuntu.com/ubuntu/pool/main/g/grub-legacy-ec2/grub-legacy-ec2_1_all.deb	http://ap-northeast-2.ec2.archive.ubuntu.com/ubuntu/pool/main/g/grub-legacy-ec2/grub-legacy-ec2_1_all.deb	200	19428	5886fd011c86de3c1f1f5a88b298126a40846c36cc64af35b07f3ef9082f7559	/home/aella/aws-discovery-xenial-bionic-retry2-20260831/upgrade-discovery/xenial-to-bionic/runtime/deb-cache/d2/8e/d28e8804cef2efa2ecdaacb28f2f4bf7b1f4cd34ff159da8d0363d6a1d23a686
xenial-to-bionic	2026-08-31T11:07:57Z	GET	http://ap-northeast-2.ec2.archive.ubuntu.com/ubuntu/pool/main/p/pycurl/python-pycurl_7.43.0.1-0.2_amd64.deb	http://ap-northeast-2.ec2.archive.ubuntu.com/ubuntu/pool/main/p/pycurl/python-pycurl_7.43.0.1-0.2_amd64.deb	200	43148	a92db17cd44f48d992541d8075bd3288302da7bdcbf51953c3dfc2c025ad79ce	/home/aella/aws-discovery-xenial-bionic-retry2-20260831/upgrade-discovery/xenial-to-bionic/runtime/deb-cache/2b/40/2b40d3f3c85760aeb18bef0b82760c47449a34a0dde6590eb696aef0a5729b4b
xenial-to-bionic	2026-08-31T11:07:57Z	GET	http://ap-northeast-2.ec2.archive.ubuntu.com/ubuntu/pool/universe/r/resolvconf/resolvconf_1.79ubuntu10.18.04.3_all.deb	http://ap-northeast-2.ec2.archive.ubuntu.com/ubuntu/pool/universe/r/resolvconf/resolvconf_1.79ubuntu10.18.04.3_all.deb	200	48020	12f5b49482d69b5d9ddb03107917be7deb7eb3588ffe9a9c6ac892fbbf8fbe2a	/home/aella/aws-discovery-xenial-bionic-retry2-20260831/upgrade-discovery/xenial-to-bionic/runtime/deb-cache/1d/06/1d066338c4461f15c7317cfd36cca7340ef90c11aa9f7c5922bac6559738d6e8
xenial-to-bionic	2026-08-31T11:07:59Z	GET	http://ap-northeast-2.ec2.archive.ubuntu.com/ubuntu/pool/main/s/socat/socat_1.7.3.2-2ubuntu2_amd64.deb	http://ap-northeast-2.ec2.archive.ubuntu.com/ubuntu/pool/main/s/socat/socat_1.7.3.2-2ubuntu2_amd64.deb	200	341772	42e41e8521ab9a99aaa42b6a2818115949ef7e94f03dd8457dfbbc3b6a8c80bb	/home/aella/aws-discovery-xenial-bionic-retry2-20260831/upgrade-discovery/xenial-to-bionic/runtime/deb-cache/e0/e8/e0e83bd565ddf3961c1abdf72cc8fa49b30640016f908b82d1b98eddca4dbcf7
xenial-to-bionic	2026-08-31T11:07:59Z	GET	http://ap-northeast-2.ec2.archive.ubuntu.com/ubuntu/pool/main/s/ssh-import-id/ssh-import-id_5.7-0ubuntu1.1_all.deb	http://ap-northeast-2.ec2.archive.ubuntu.com/ubuntu/pool/main/s/ssh-import-id/ssh-import-id_5.7-0ubuntu1.1_all.deb	200	10896	c99ef603cda1d5ae4051a081cbff6a30402323683305df91853eb08de7d11092	/home/aella/aws-discovery-xenial-bionic-retry2-20260831/upgrade-discovery/xenial-to-bionic/runtime/deb-cache/2c/05/2c051d138a08010f1b6453cbf0928d13b0dd4a03cc63e5ffb7071b170274e2e9
xenial-to-bionic	2026-08-31T11:07:59Z	GET	http://ap-northeast-2.ec2.archive.ubuntu.com/ubuntu/pool/universe/s/sshpass/sshpass_1.06-1_amd64.deb	http://ap-northeast-2.ec2.archive.ubuntu.com/ubuntu/pool/universe/s/sshpass/sshpass_1.06-1_amd64.deb	200	10458	b31772d638e8debf2c7422bb6e2531da14964e378e31d9c46cba372bc4bd2e0a	/home/aella/aws-discovery-xenial-bionic-retry2-20260831/upgrade-discovery/xenial-to-bionic/runtime/deb-cache/21/11/21110241cf9a6b18e7f958bfffe21a8b38e0026d79b753e2a48f268df83fbd8d
xenial-to-bionic	2026-08-31T11:07:59Z	GET	http://ap-northeast-2.ec2.archive.ubuntu.com/ubuntu/pool/main/v/vlan/vlan_1.9-3.2ubuntu6_amd64.deb	http://ap-northeast-2.ec2.archive.ubuntu.com/ubuntu/pool/main/v/vlan/vlan_1.9-3.2ubuntu6_amd64.deb	200	30664	3c4dfae53b46a5f1c82cf6aca640c8e041806dd814e718c964a6fac85c4c87c9	/home/aella/aws-discovery-xenial-bionic-retry2-20260831/upgrade-discovery/xenial-to-bionic/runtime/deb-cache/7f/7f/7f7f305a9eb72853715be0fc61493111b558157ad119be72f059068bdfbdfb19
xenial-to-bionic	2026-08-31T11:07:59Z	GET	http://ap-northeast-2.ec2.archive.ubuntu.com/ubuntu/pool/main/z/zerofree/zerofree_1.0.4-1_amd64.deb	http://ap-northeast-2.ec2.archive.ubuntu.com/ubuntu/pool/main/z/zerofree/zerofree_1.0.4-1_amd64.deb	200	8112	eb117605e41585b30f05ef02c31a18ee3796f99e33214b15a739d60b2062b855	/home/aella/aws-discovery-xenial-bionic-retry2-20260831/upgrade-discovery/xenial-to-bionic/runtime/deb-cache/25/e8/25e8515fcbf155cef43bc5f111841c00d56868a68bd61db85020e3e88217bc03
