hop	requested_at	method	original_url	final_url	http_status	size_bytes	sha256	local_path
bionic-to-focal	2026-08-31T11:32:15Z	GET	http://ap-northeast-2.ec2.archive.ubuntu.com/ubuntu/dists/bionic/InRelease	http://ap-northeast-2.ec2.archive.ubuntu.com/ubuntu/dists/bionic/InRelease	200	242048	690bd875ab5799394af7406f32f2e698c48e772ac367d520f74ec1095662da4d	/home/aella/aws-discovery-bionic-focal-retry-20260831/upgrade-discovery/bionic-to-focal/runtime/deb-cache/1d/1b/1d1bacd5d3c72dd571f32b9cdaf1dff9f415d267c52b757e62bdb758adde7d78
bionic-to-focal	2026-08-31T11:32:15Z	GET	http://ap-northeast-2.ec2.archive.ubuntu.com/ubuntu/dists/bionic-updates/InRelease	http://ap-northeast-2.ec2.archive.ubuntu.com/ubuntu/dists/bionic-updates/InRelease	200	101771	598ead2c4b97dc08b63f714ea48ee84614011c143c90d12c563792c181616371	/home/aella/aws-discovery-bionic-focal-retry-20260831/upgrade-discovery/bionic-to-focal/runtime/deb-cache/9a/e8/9ae8669cf975c3094b52128a9926d1bb85ae346d6498b79eea1d788ec38973ab
bionic-to-focal	2026-08-31T11:32:15Z	GET	http://ap-northeast-2.ec2.archive.ubuntu.com/ubuntu/dists/bionic-backports/InRelease	http://ap-northeast-2.ec2.archive.ubuntu.com/ubuntu/dists/bionic-backports/InRelease	200	101819	859175fc58aa777bcf7dc64bd33505bbcd75424bd45cb9054d3d34b5826c0302	/home/aella/aws-discovery-bionic-focal-retry-20260831/upgrade-discovery/bionic-to-focal/runtime/deb-cache/2f/e0/2fe009bf82d59fd181b228f6e8b1828c0f3f373039acc4793057fe19a41ef802
bionic-to-focal	2026-08-31T11:32:15Z	GET	http://security.ubuntu.com/ubuntu/dists/bionic-security/InRelease	http://security.ubuntu.com/ubuntu/dists/bionic-security/InRelease	200	101773	c72e2844f54421f56b954984961764fd2ad9fb04f21c81f55e418c54ec3d4e66	/home/aella/aws-discovery-bionic-focal-retry-20260831/upgrade-discovery/bionic-to-focal/runtime/deb-cache/df/a7/dfa748dd9a9d6effc615d6bf0e03c0df3ac6273abcc0dddf2f9ebe133d403f9c
bionic-to-focal	2026-08-31T11:33:18Z	GET	http://ap-northeast-2.ec2.archive.ubuntu.com/ubuntu//dists/focal-updates/main/dist-upgrader-all/current/focal.tar.gz.gpg	http://ap-northeast-2.ec2.archive.ubuntu.com/ubuntu//dists/focal-updates/main/dist-upgrader-all/current/focal.tar.gz.gpg	200	1554	cbad93ff76d0c4f1d811120b63da4fd89d9fb6d25433eb298ce69f20ad75075f	/home/aella/aws-discovery-bionic-focal-retry-20260831/upgrade-discovery/bionic-to-focal/runtime/deb-cache/e9/ad/e9ad455dfa068c073c8c4a247b61b8f52768b2e9c4017b8dc645d0438b2ec257
bionic-to-focal	2026-08-31T11:33:18Z	GET	http://ap-northeast-2.ec2.archive.ubuntu.com/ubuntu//dists/focal-updates/main/dist-upgrader-all/current/focal.tar.gz	http://ap-northeast-2.ec2.archive.ubuntu.com/ubuntu//dists/focal-updates/main/dist-upgrader-all/current/focal.tar.gz	200	1338125	67a4e95eaa32296ad8623741e437d4a51b7c5ea4958f1de654243ba1653e9cdb	/home/aella/aws-discovery-bionic-focal-retry-20260831/upgrade-discovery/bionic-to-focal/runtime/deb-cache/dc/5b/dc5bcc04b4de0740b126af9bb696f2da7bcf85acd2cf4d39f2706e209cb1f703
bionic-to-focal	2026-08-31T11:33:42Z	GET	http://ap-northeast-2.ec2.archive.ubuntu.com/ubuntu/dists/focal/InRelease	http://ap-northeast-2.ec2.archive.ubuntu.com/ubuntu/dists/focal/InRelease	200	264892	cc9be89a0984aeca9e3ca40ae0e6decff75aa32653a5925b04956a7c12487e99	/home/aella/aws-discovery-bionic-focal-retry-20260831/upgrade-discovery/bionic-to-focal/runtime/deb-cache/f1/88/f18820bda78bb6407085de7af6b006aa2abb1f22414cadb11305401c00fa2198
bionic-to-focal	2026-08-31T11:33:42Z	GET	http://ap-northeast-2.ec2.archive.ubuntu.com/ubuntu/dists/focal-updates/InRelease	http://ap-northeast-2.ec2.archive.ubuntu.com/ubuntu/dists/focal-updates/InRelease	200	127797	ec14aca3604baa9f667512defb77f8169571c7d10c83379e86adf4ae0ee4faaf	/home/aella/aws-discovery-bionic-focal-retry-20260831/upgrade-discovery/bionic-to-focal/runtime/deb-cache/22/53/22536434bf109734997ac1469f750e53cafb44c4f7c6713cd080cd1f237ae6d1
bionic-to-focal	2026-08-31T11:33:42Z	GET	http://ap-northeast-2.ec2.archive.ubuntu.com/ubuntu/dists/focal-backports/InRelease	http://ap-northeast-2.ec2.archive.ubuntu.com/ubuntu/dists/focal-backports/InRelease	200	127845	4e5222f91b733f0a6b19fc553ef4e2c5726ad5082aa5e888dd0410317fb378e3	/home/aella/aws-discovery-bionic-focal-retry-20260831/upgrade-discovery/bionic-to-focal/runtime/deb-cache/4e/8e/4e8e0803acfb3067ea84e3d09bf92f55aaefae12dbb28b4f96fe668136bf8690
bionic-to-focal	2026-08-31T11:33:43Z	GET	http://ap-northeast-2.ec2.archive.ubuntu.com/ubuntu/dists/focal/main/binary-amd64/by-hash/SHA256/7757921ff8feed9c3934a0c9936d441ba4a238bee3ea6c8c1df5cbcd43fc9861	http://ap-northeast-2.ec2.archive.ubuntu.com/ubuntu/dists/focal/main/binary-amd64/by-hash/SHA256/7757921ff8feed9c3934a0c9936d441ba4a238bee3ea6c8c1df5cbcd43fc9861	200	970408	7757921ff8feed9c3934a0c9936d441ba4a238bee3ea6c8c1df5cbcd43fc9861	/home/aella/aws-discovery-bionic-focal-retry-20260831/upgrade-discovery/bionic-to-focal/runtime/deb-cache/f2/37/f23776f0ae49e240698ff16498dd324fa161b8cc5294bf3fd906c080a3b211c2
bionic-to-focal	2026-08-31T11:33:43Z	GET	http://ap-northeast-2.ec2.archive.ubuntu.com/ubuntu/dists/focal/main/i18n/by-hash/SHA256/148f017843d4120854368c6bfbcfbb008f0f8f5f1eef1b5eb77f55855da97979	http://ap-northeast-2.ec2.archive.ubuntu.com/ubuntu/dists/focal/main/i18n/by-hash/SHA256/148f017843d4120854368c6bfbcfbb008f0f8f5f1eef1b5eb77f55855da97979	200	505968	148f017843d4120854368c6bfbcfbb008f0f8f5f1eef1b5eb77f55855da97979	/home/aella/aws-discovery-bionic-focal-retry-20260831/upgrade-discovery/bionic-to-focal/runtime/deb-cache/1e/70/1e70bcc5994789e32b6240dab01da8fb649d5c76ac238ec6556d88eb0d97d810
bionic-to-focal	2026-08-31T11:33:43Z	GET	http://ap-northeast-2.ec2.archive.ubuntu.com/ubuntu/dists/focal/main/cnf/by-hash/SHA256/aaf5efc09b89731c60da16940435b2939a0f403a4d923e1d1d8aa4d92b4104c8	http://ap-northeast-2.ec2.archive.ubuntu.com/ubuntu/dists/focal/main/cnf/by-hash/SHA256/aaf5efc09b89731c60da16940435b2939a0f403a4d923e1d1d8aa4d92b4104c8	200	29456	aaf5efc09b89731c60da16940435b2939a0f403a4d923e1d1d8aa4d92b4104c8	/home/aella/aws-discovery-bionic-focal-retry-20260831/upgrade-discovery/bionic-to-focal/runtime/deb-cache/e6/17/e617b90dbb2bd78fa680d9c6763f63889d2697ab1b9b7daa8d1ba6db20312d12
bionic-to-focal	2026-08-31T11:33:43Z	GET	http://ap-northeast-2.ec2.archive.ubuntu.com/ubuntu/dists/focal/restricted/binary-amd64/by-hash/SHA256/b0a82fdbd27a4ea03ddb0fc18349ba31e189949c383cf5c1716bf58809ef9c8b	http://ap-northeast-2.ec2.archive.ubuntu.com/ubuntu/dists/focal/restricted/binary-amd64/by-hash/SHA256/b0a82fdbd27a4ea03ddb0fc18349ba31e189949c383cf5c1716bf58809ef9c8b	200	22004	b0a82fdbd27a4ea03ddb0fc18349ba31e189949c383cf5c1716bf58809ef9c8b	/home/aella/aws-discovery-bionic-focal-retry-20260831/upgrade-discovery/bionic-to-focal/runtime/deb-cache/c1/f9/c1f9f76c6847b6a2b61ac09baa6c347de9d7ef16c48e88fff36f24a4f0690129
bionic-to-focal	2026-08-31T11:33:43Z	GET	http://ap-northeast-2.ec2.archive.ubuntu.com/ubuntu/dists/focal/restricted/i18n/by-hash/SHA256/74d750d2f0a6a2b4ada597cb361eed83fa27895e1d225798f259044cbf5c0047	http://ap-northeast-2.ec2.archive.ubuntu.com/ubuntu/dists/focal/restricted/i18n/by-hash/SHA256/74d750d2f0a6a2b4ada597cb361eed83fa27895e1d225798f259044cbf5c0047	200	6212	74d750d2f0a6a2b4ada597cb361eed83fa27895e1d225798f259044cbf5c0047	/home/aella/aws-discovery-bionic-focal-retry-20260831/upgrade-discovery/bionic-to-focal/runtime/deb-cache/b2/cd/b2cd91c97970a7d3883a76c3354aa3f4f58b2ab1c68f89c6b24d36a4492a71f2
bionic-to-focal	2026-08-31T11:33:43Z	GET	http://ap-northeast-2.ec2.archive.ubuntu.com/ubuntu/dists/focal/restricted/cnf/by-hash/SHA256/7fd382463b1b9148f5b20b83674fd4c33b24b9f3627b6f0c86765115efd4f615	http://ap-northeast-2.ec2.archive.ubuntu.com/ubuntu/dists/focal/restricted/cnf/by-hash/SHA256/7fd382463b1b9148f5b20b83674fd4c33b24b9f3627b6f0c86765115efd4f615	200	392	7fd382463b1b9148f5b20b83674fd4c33b24b9f3627b6f0c86765115efd4f615	/home/aella/aws-discovery-bionic-focal-retry-20260831/upgrade-discovery/bionic-to-focal/runtime/deb-cache/a9/d7/a9d77fc103987b2e24c6ef19917531cce0e355bba121f7f1b90a3aa3df6c359b
bionic-to-focal	2026-08-31T11:33:43Z	GET	http://ap-northeast-2.ec2.archive.ubuntu.com/ubuntu/dists/focal/universe/binary-amd64/by-hash/SHA256/46a746dac789bd9537aca54db1680b9dff51c248153111350382199d7d96b9d1	http://ap-northeast-2.ec2.archive.ubuntu.com/ubuntu/dists/focal/universe/binary-amd64/by-hash/SHA256/46a746dac789bd9537aca54db1680b9dff51c248153111350382199d7d96b9d1	200	8627544	46a746dac789bd9537aca54db1680b9dff51c248153111350382199d7d96b9d1	/home/aella/aws-discovery-bionic-focal-retry-20260831/upgrade-discovery/bionic-to-focal/runtime/deb-cache/69/e9/69e9a64d5e428ee5c4cd5323e0c2cdaedd0f1f25018197370d3bdbb728330bc6
bionic-to-focal	2026-08-31T11:33:43Z	GET	http://ap-northeast-2.ec2.archive.ubuntu.com/ubuntu/dists/focal/universe/i18n/by-hash/SHA256/a9c6ca6ce2913776bf753ae5132c7814139880784e98672525b4059c61f209dd	http://ap-northeast-2.ec2.archive.ubuntu.com/ubuntu/dists/focal/universe/i18n/by-hash/SHA256/a9c6ca6ce2913776bf753ae5132c7814139880784e98672525b4059c61f209dd	200	5123736	a9c6ca6ce2913776bf753ae5132c7814139880784e98672525b4059c61f209dd	/home/aella/aws-discovery-bionic-focal-retry-20260831/upgrade-discovery/bionic-to-focal/runtime/deb-cache/36/14/361430f57e2567bab5d6ba61823677edbae38d9a32ae6a1831b432c0b961a20f
bionic-to-focal	2026-08-31T11:33:43Z	GET	http://ap-northeast-2.ec2.archive.ubuntu.com/ubuntu/dists/focal/universe/cnf/by-hash/SHA256/ba4c9cf04162b981885818b1e3b415f841680ff60c1e647adbdd545ab1e7d17b	http://ap-northeast-2.ec2.archive.ubuntu.com/ubuntu/dists/focal/universe/cnf/by-hash/SHA256/ba4c9cf04162b981885818b1e3b415f841680ff60c1e647adbdd545ab1e7d17b	200	265236	ba4c9cf04162b981885818b1e3b415f841680ff60c1e647adbdd545ab1e7d17b	/home/aella/aws-discovery-bionic-focal-retry-20260831/upgrade-discovery/bionic-to-focal/runtime/deb-cache/86/d5/86d52d06e79085494ccfb3c13a9c3441dea7f38d1d964c2fbe06776dbe1eb5e0
bionic-to-focal	2026-08-31T11:33:43Z	GET	http://ap-northeast-2.ec2.archive.ubuntu.com/ubuntu/dists/focal/multiverse/binary-amd64/by-hash/SHA256/233757b7df68e16c18ccad612ff13a8bb68fc36ac6d35f13427cafd70d8b5d42	http://ap-northeast-2.ec2.archive.ubuntu.com/ubuntu/dists/focal/multiverse/binary-amd64/by-hash/SHA256/233757b7df68e16c18ccad612ff13a8bb68fc36ac6d35f13427cafd70d8b5d42	200	144064	233757b7df68e16c18ccad612ff13a8bb68fc36ac6d35f13427cafd70d8b5d42	/home/aella/aws-discovery-bionic-focal-retry-20260831/upgrade-discovery/bionic-to-focal/runtime/deb-cache/24/11/2411178f9f59dfcdfadb92e5da0c6017f161859beeef9deb4159be630e7cc3c9
bionic-to-focal	2026-08-31T11:33:43Z	GET	http://ap-northeast-2.ec2.archive.ubuntu.com/ubuntu/dists/focal/multiverse/i18n/by-hash/SHA256/224cafd684a26e8bce3dfca4daf33b853c9273d13e4ada6161ce9ef38f1a567c	http://ap-northeast-2.ec2.archive.ubuntu.com/ubuntu/dists/focal/multiverse/i18n/by-hash/SHA256/224cafd684a26e8bce3dfca4daf33b853c9273d13e4ada6161ce9ef38f1a567c	200	104452	224cafd684a26e8bce3dfca4daf33b853c9273d13e4ada6161ce9ef38f1a567c	/home/aella/aws-discovery-bionic-focal-retry-20260831/upgrade-discovery/bionic-to-focal/runtime/deb-cache/79/a0/79a032a9ca3ad1a1a81b19713d81ff1edade112362428e65bdba504f332ab232
bionic-to-focal	2026-08-31T11:33:43Z	GET	http://ap-northeast-2.ec2.archive.ubuntu.com/ubuntu/dists/focal/multiverse/cnf/by-hash/SHA256/b7fd6450b168fcfd87e1274de78cf8f2c925a09f93a6e854c51e4fc1327dd5f5	http://ap-northeast-2.ec2.archive.ubuntu.com/ubuntu/dists/focal/multiverse/cnf/by-hash/SHA256/b7fd6450b168fcfd87e1274de78cf8f2c925a09f93a6e854c51e4fc1327dd5f5	200	9136	b7fd6450b168fcfd87e1274de78cf8f2c925a09f93a6e854c51e4fc1327dd5f5	/home/aella/aws-discovery-bionic-focal-retry-20260831/upgrade-discovery/bionic-to-focal/runtime/deb-cache/e6/36/e6369988fe0269d5bdd1320df05bca33b3096be0413334aeb6797906cbcc8b2a
bionic-to-focal	2026-08-31T11:33:43Z	GET	http://ap-northeast-2.ec2.archive.ubuntu.com/ubuntu/dists/focal-updates/main/binary-amd64/by-hash/SHA256/2fbb4acb5d9011905341b48c1768fa0cf086dce5ef99d457341cbf62bb3590eb	http://ap-northeast-2.ec2.archive.ubuntu.com/ubuntu/dists/focal-updates/main/binary-amd64/by-hash/SHA256/2fbb4acb5d9011905341b48c1768fa0cf086dce5ef99d457341cbf62bb3590eb	200	4004192	2fbb4acb5d9011905341b48c1768fa0cf086dce5ef99d457341cbf62bb3590eb	/home/aella/aws-discovery-bionic-focal-retry-20260831/upgrade-discovery/bionic-to-focal/runtime/deb-cache/e7/cd/e7cd248a4e0e8a9eb7df8669b45fdc9dd275b7c5d121deec1b6bcc66bcf94ad9
bionic-to-focal	2026-08-31T11:33:43Z	GET	http://ap-northeast-2.ec2.archive.ubuntu.com/ubuntu/dists/focal-updates/main/i18n/by-hash/SHA256/623eb28b44979b97d106310aadf78b70dcfc2a98c43db3d1aa8d00b7ef0175c9	http://ap-northeast-2.ec2.archive.ubuntu.com/ubuntu/dists/focal-updates/main/i18n/by-hash/SHA256/623eb28b44979b97d106310aadf78b70dcfc2a98c43db3d1aa8d00b7ef0175c9	200	600660	623eb28b44979b97d106310aadf78b70dcfc2a98c43db3d1aa8d00b7ef0175c9	/home/aella/aws-discovery-bionic-focal-retry-20260831/upgrade-discovery/bionic-to-focal/runtime/deb-cache/ca/d9/cad900f98e8951c2deac1919ab237bce670138f0d48cba78217eaed5edf60acc
bionic-to-focal	2026-08-31T11:33:43Z	GET	http://ap-northeast-2.ec2.archive.ubuntu.com/ubuntu/dists/focal-updates/main/cnf/by-hash/SHA256/9218743159b866da591bde40eb39167850fcda6570f0d99978826c2f4d142941	http://ap-northeast-2.ec2.archive.ubuntu.com/ubuntu/dists/focal-updates/main/cnf/by-hash/SHA256/9218743159b866da591bde40eb39167850fcda6570f0d99978826c2f4d142941	200	17988	9218743159b866da591bde40eb39167850fcda6570f0d99978826c2f4d142941	/home/aella/aws-discovery-bionic-focal-retry-20260831/upgrade-discovery/bionic-to-focal/runtime/deb-cache/d4/9c/d49cd92a76ffeb6537bf8676977bc8bad2dedbd7109f577c90842d81f97ef0aa
bionic-to-focal	2026-08-31T11:33:43Z	GET	http://ap-northeast-2.ec2.archive.ubuntu.com/ubuntu/dists/focal-updates/restricted/binary-amd64/by-hash/SHA256/511405b63b10a66ae6aa55686ae49fa1430055b84c0fda2227c433c4594afc8e	http://ap-northeast-2.ec2.archive.ubuntu.com/ubuntu/dists/focal-updates/restricted/binary-amd64/by-hash/SHA256/511405b63b10a66ae6aa55686ae49fa1430055b84c0fda2227c433c4594afc8e	200	3984324	511405b63b10a66ae6aa55686ae49fa1430055b84c0fda2227c433c4594afc8e	/home/aella/aws-discovery-bionic-focal-retry-20260831/upgrade-discovery/bionic-to-focal/runtime/deb-cache/b1/1a/b11a51ef1e5eb161668b700c72b1929fae0b09e35a5b5aa79ff0f7d85a0d9fde
bionic-to-focal	2026-08-31T11:33:43Z	GET	http://ap-northeast-2.ec2.archive.ubuntu.com/ubuntu/dists/focal-updates/restricted/i18n/by-hash/SHA256/6d7b252b1bb7fbd43eb3cba4d719e386388dfe172090e3a8edade52f0a2a7832	http://ap-northeast-2.ec2.archive.ubuntu.com/ubuntu/dists/focal-updates/restricted/i18n/by-hash/SHA256/6d7b252b1bb7fbd43eb3cba4d719e386388dfe172090e3a8edade52f0a2a7832	200	548168	6d7b252b1bb7fbd43eb3cba4d719e386388dfe172090e3a8edade52f0a2a7832	/home/aella/aws-discovery-bionic-focal-retry-20260831/upgrade-discovery/bionic-to-focal/runtime/deb-cache/0a/7b/0a7bf332f2756f78db16de41339c4ca1bcf07aba98f84d4bbb7b310487216fb0
bionic-to-focal	2026-08-31T11:33:43Z	GET	http://ap-northeast-2.ec2.archive.ubuntu.com/ubuntu/dists/focal-updates/restricted/cnf/by-hash/SHA256/9c2c7b7ec7690f2ea45cac84cfca2faff9b568942f0800da267a5eedef5fdf52	http://ap-northeast-2.ec2.archive.ubuntu.com/ubuntu/dists/focal-updates/restricted/cnf/by-hash/SHA256/9c2c7b7ec7690f2ea45cac84cfca2faff9b568942f0800da267a5eedef5fdf52	200	604	9c2c7b7ec7690f2ea45cac84cfca2faff9b568942f0800da267a5eedef5fdf52	/home/aella/aws-discovery-bionic-focal-retry-20260831/upgrade-discovery/bionic-to-focal/runtime/deb-cache/ed/d7/edd72b99ed3d15d4f18e393c6a581ed70aa6414b4336b47db387390fda5f6762
bionic-to-focal	2026-08-31T11:33:43Z	GET	http://ap-northeast-2.ec2.archive.ubuntu.com/ubuntu/dists/focal-updates/universe/binary-amd64/by-hash/SHA256/b8a3a288534293f7d06c90e46f93536d1f63e7388dd8d4065dc9f67c44e58fbd	http://ap-northeast-2.ec2.archive.ubuntu.com/ubuntu/dists/focal-updates/universe/binary-amd64/by-hash/SHA256/b8a3a288534293f7d06c90e46f93536d1f63e7388dd8d4065dc9f67c44e58fbd	200	1275432	b8a3a288534293f7d06c90e46f93536d1f63e7388dd8d4065dc9f67c44e58fbd	/home/aella/aws-discovery-bionic-focal-retry-20260831/upgrade-discovery/bionic-to-focal/runtime/deb-cache/aa/25/aa25f60958fefc767b37c4a16feffa589ecc75f8028f62b375b78c9e15128de1
bionic-to-focal	2026-08-31T11:33:43Z	GET	http://ap-northeast-2.ec2.archive.ubuntu.com/ubuntu/dists/focal-updates/universe/i18n/by-hash/SHA256/0e67b9fb7d8385e413b54dadf7acc56401cf7665f23f6ca18a69ad415b1d648b	http://ap-northeast-2.ec2.archive.ubuntu.com/ubuntu/dists/focal-updates/universe/i18n/by-hash/SHA256/0e67b9fb7d8385e413b54dadf7acc56401cf7665f23f6ca18a69ad415b1d648b	200	302188	0e67b9fb7d8385e413b54dadf7acc56401cf7665f23f6ca18a69ad415b1d648b	/home/aella/aws-discovery-bionic-focal-retry-20260831/upgrade-discovery/bionic-to-focal/runtime/deb-cache/be/da/beda92a3e60e0ac81061793ffd2bab10bda169ef73de6e6770162fd2a14b0fb8
bionic-to-focal	2026-08-31T11:33:43Z	GET	http://ap-northeast-2.ec2.archive.ubuntu.com/ubuntu/dists/focal-updates/universe/cnf/by-hash/SHA256/53087abd8c5701204a3d8728c15ae7aa2f7f46e9a6f270b2b38f2c9202c15427	http://ap-northeast-2.ec2.archive.ubuntu.com/ubuntu/dists/focal-updates/universe/cnf/by-hash/SHA256/53087abd8c5701204a3d8728c15ae7aa2f7f46e9a6f270b2b38f2c9202c15427	200	29260	53087abd8c5701204a3d8728c15ae7aa2f7f46e9a6f270b2b38f2c9202c15427	/home/aella/aws-discovery-bionic-focal-retry-20260831/upgrade-discovery/bionic-to-focal/runtime/deb-cache/b1/a7/b1a7766930190b7257581eb910fcaa1fe4193477d982da4dc3a4fdd95b337985
bionic-to-focal	2026-08-31T11:33:43Z	GET	http://ap-northeast-2.ec2.archive.ubuntu.com/ubuntu/dists/focal-updates/multiverse/binary-amd64/by-hash/SHA256/f1ca0fdf8d0da2e2436e342d26bd8bce877167aac6d28a8729129ea345e9443c	http://ap-northeast-2.ec2.archive.ubuntu.com/ubuntu/dists/focal-updates/multiverse/binary-amd64/by-hash/SHA256/f1ca0fdf8d0da2e2436e342d26bd8bce877167aac6d28a8729129ea345e9443c	200	29780	f1ca0fdf8d0da2e2436e342d26bd8bce877167aac6d28a8729129ea345e9443c	/home/aella/aws-discovery-bionic-focal-retry-20260831/upgrade-discovery/bionic-to-focal/runtime/deb-cache/d9/f0/d9f0cd9dfe31887320c7176ff1150acc55a226d3a36d2e5fa14e1b142bc1723d
bionic-to-focal	2026-08-31T11:33:43Z	GET	http://ap-northeast-2.ec2.archive.ubuntu.com/ubuntu/dists/focal-updates/multiverse/i18n/by-hash/SHA256/6c4a588371c360bedf08041c8a652035369d6fe68570a29deb813ac86550028c	http://ap-northeast-2.ec2.archive.ubuntu.com/ubuntu/dists/focal-updates/multiverse/i18n/by-hash/SHA256/6c4a588371c360bedf08041c8a652035369d6fe68570a29deb813ac86550028c	200	8284	6c4a588371c360bedf08041c8a652035369d6fe68570a29deb813ac86550028c	/home/aella/aws-discovery-bionic-focal-retry-20260831/upgrade-discovery/bionic-to-focal/runtime/deb-cache/91/b6/91b6e26a527408231db6187d878407bfddd126d02ead7d871a03f01abba969c2
bionic-to-focal	2026-08-31T11:33:43Z	GET	http://ap-northeast-2.ec2.archive.ubuntu.com/ubuntu/dists/focal-updates/multiverse/cnf/by-hash/SHA256/d45086b7a9e11596ad9e4dc214182609a07b1214d099a6208c2e52a80ca64f0e	http://ap-northeast-2.ec2.archive.ubuntu.com/ubuntu/dists/focal-updates/multiverse/cnf/by-hash/SHA256/d45086b7a9e11596ad9e4dc214182609a07b1214d099a6208c2e52a80ca64f0e	200	688	d45086b7a9e11596ad9e4dc214182609a07b1214d099a6208c2e52a80ca64f0e	/home/aella/aws-discovery-bionic-focal-retry-20260831/upgrade-discovery/bionic-to-focal/runtime/deb-cache/8e/4b/8e4b5d58908207731258da33fe8bb0a5d93a73c79ec491a8e5e6888eb00e8b74
bionic-to-focal	2026-08-31T11:33:43Z	GET	http://ap-northeast-2.ec2.archive.ubuntu.com/ubuntu/dists/focal-backports/main/binary-amd64/by-hash/SHA256/18f68c2652e11a571a2703f504dd68388161a3ec48b4c169796e31e66358a34c	http://ap-northeast-2.ec2.archive.ubuntu.com/ubuntu/dists/focal-backports/main/binary-amd64/by-hash/SHA256/18f68c2652e11a571a2703f504dd68388161a3ec48b4c169796e31e66358a34c	200	46052	18f68c2652e11a571a2703f504dd68388161a3ec48b4c169796e31e66358a34c	/home/aella/aws-discovery-bionic-focal-retry-20260831/upgrade-discovery/bionic-to-focal/runtime/deb-cache/9c/c9/9cc9b023d31edc06193797345a9f7d0b2f3e47f85f5938563fc70ebf86239720
bionic-to-focal	2026-08-31T11:33:43Z	GET	http://ap-northeast-2.ec2.archive.ubuntu.com/ubuntu/dists/focal-backports/main/i18n/by-hash/SHA256/b230e3f502ed656a7bd88b92d0257b8870371a0e30ad215a1934627023922e42	http://ap-northeast-2.ec2.archive.ubuntu.com/ubuntu/dists/focal-backports/main/i18n/by-hash/SHA256/b230e3f502ed656a7bd88b92d0257b8870371a0e30ad215a1934627023922e42	200	16184	b230e3f502ed656a7bd88b92d0257b8870371a0e30ad215a1934627023922e42	/home/aella/aws-discovery-bionic-focal-retry-20260831/upgrade-discovery/bionic-to-focal/runtime/deb-cache/f2/e6/f2e65032259fc5a579260a17794172aa46dd2f629114b88ae0a0796b3a7c1f2f
bionic-to-focal	2026-08-31T11:33:43Z	GET	http://ap-northeast-2.ec2.archive.ubuntu.com/ubuntu/dists/focal-backports/main/cnf/by-hash/SHA256/e57ebc0018632a347654fa711fb03789b2cde8ab3743b66ffdfd8bd026333e0a	http://ap-northeast-2.ec2.archive.ubuntu.com/ubuntu/dists/focal-backports/main/cnf/by-hash/SHA256/e57ebc0018632a347654fa711fb03789b2cde8ab3743b66ffdfd8bd026333e0a	200	1420	e57ebc0018632a347654fa711fb03789b2cde8ab3743b66ffdfd8bd026333e0a	/home/aella/aws-discovery-bionic-focal-retry-20260831/upgrade-discovery/bionic-to-focal/runtime/deb-cache/32/82/32821abfa0f39e223913c21f8f4171bdc1e6c688980699b6c64a8a57774289cd
bionic-to-focal	2026-08-31T11:33:43Z	GET	http://ap-northeast-2.ec2.archive.ubuntu.com/ubuntu/dists/focal-backports/restricted/cnf/by-hash/SHA256/e1753b1179adcd1412fdfc77e0366a1b09233dd81f31e1f4666bcb2db86b7c4b	http://ap-northeast-2.ec2.archive.ubuntu.com/ubuntu/dists/focal-backports/restricted/cnf/by-hash/SHA256/e1753b1179adcd1412fdfc77e0366a1b09233dd81f31e1f4666bcb2db86b7c4b	200	116	e1753b1179adcd1412fdfc77e0366a1b09233dd81f31e1f4666bcb2db86b7c4b	/home/aella/aws-discovery-bionic-focal-retry-20260831/upgrade-discovery/bionic-to-focal/runtime/deb-cache/07/5c/075cd2d7fe21292e05cbdaceb85b38db218b67d090aa2b4a9b072a748e28cf13
bionic-to-focal	2026-08-31T11:33:43Z	GET	http://ap-northeast-2.ec2.archive.ubuntu.com/ubuntu/dists/focal-backports/universe/binary-amd64/by-hash/SHA256/19d67918d4ce06adedd4957bf48a82eab8206e5b150b1ece21d811762c3166ed	http://ap-northeast-2.ec2.archive.ubuntu.com/ubuntu/dists/focal-backports/universe/binary-amd64/by-hash/SHA256/19d67918d4ce06adedd4957bf48a82eab8206e5b150b1ece21d811762c3166ed	200	25032	19d67918d4ce06adedd4957bf48a82eab8206e5b150b1ece21d811762c3166ed	/home/aella/aws-discovery-bionic-focal-retry-20260831/upgrade-discovery/bionic-to-focal/runtime/deb-cache/bc/ca/bcca4e8f34795175c98b622f71c1a19b9e620f7e53006f940483fc0004c10a68
bionic-to-focal	2026-08-31T11:33:43Z	GET	http://ap-northeast-2.ec2.archive.ubuntu.com/ubuntu/dists/focal-backports/universe/i18n/by-hash/SHA256/6491333f5138f654892e97cac145b3f9c860667e9a26676547c0338dbe84f758	http://ap-northeast-2.ec2.archive.ubuntu.com/ubuntu/dists/focal-backports/universe/i18n/by-hash/SHA256/6491333f5138f654892e97cac145b3f9c860667e9a26676547c0338dbe84f758	200	16268	6491333f5138f654892e97cac145b3f9c860667e9a26676547c0338dbe84f758	/home/aella/aws-discovery-bionic-focal-retry-20260831/upgrade-discovery/bionic-to-focal/runtime/deb-cache/d7/73/d77362efa8c622e06cd9e932fdac3480406a25002456374174a0e5ce3e4c52bd
bionic-to-focal	2026-08-31T11:33:43Z	GET	http://ap-northeast-2.ec2.archive.ubuntu.com/ubuntu/dists/focal-backports/universe/cnf/by-hash/SHA256/dc97e1a399e70972e3638fad17cd0d5ac93a157ce843cff7e22f07180a11d366	http://ap-northeast-2.ec2.archive.ubuntu.com/ubuntu/dists/focal-backports/universe/cnf/by-hash/SHA256/dc97e1a399e70972e3638fad17cd0d5ac93a157ce843cff7e22f07180a11d366	200	880	dc97e1a399e70972e3638fad17cd0d5ac93a157ce843cff7e22f07180a11d366	/home/aella/aws-discovery-bionic-focal-retry-20260831/upgrade-discovery/bionic-to-focal/runtime/deb-cache/be/13/be13d8b07ecc84d6dd97373787587f5f52da6077362fbeaa4635e0da33e82a88
bionic-to-focal	2026-08-31T11:33:43Z	GET	http://ap-northeast-2.ec2.archive.ubuntu.com/ubuntu/dists/focal-backports/multiverse/cnf/by-hash/SHA256/2dd6e654159cc5aa55492ee8e90f8119c1c04113702fc690e7aaadf6796356dd	http://ap-northeast-2.ec2.archive.ubuntu.com/ubuntu/dists/focal-backports/multiverse/cnf/by-hash/SHA256/2dd6e654159cc5aa55492ee8e90f8119c1c04113702fc690e7aaadf6796356dd	200	116	2dd6e654159cc5aa55492ee8e90f8119c1c04113702fc690e7aaadf6796356dd	/home/aella/aws-discovery-bionic-focal-retry-20260831/upgrade-discovery/bionic-to-focal/runtime/deb-cache/ef/24/ef24b52294d9078316bee4e8fc300226fc386ecb185390ff284d985dc685a596
bionic-to-focal	2026-08-31T11:33:43Z	GET	http://security.ubuntu.com/ubuntu/dists/focal-security/InRelease	http://security.ubuntu.com/ubuntu/dists/focal-security/InRelease	200	127799	9b40af11a6289df0690f793770d4e1e5e862e6c4d16b747952f8d4bc57821b17	/home/aella/aws-discovery-bionic-focal-retry-20260831/upgrade-discovery/bionic-to-focal/runtime/deb-cache/f6/cd/f6cd3ac6afcbadb8ba18573468253b704b75cad4668db6775db39db1fe2bbc03
bionic-to-focal	2026-08-31T11:33:46Z	GET	http://security.ubuntu.com/ubuntu/dists/focal-security/main/binary-amd64/by-hash/SHA256/1381590cce6fe9cab2be5d8d664150113e8488af5f8e20eb1f59e555933d715f	http://security.ubuntu.com/ubuntu/dists/focal-security/main/binary-amd64/by-hash/SHA256/1381590cce6fe9cab2be5d8d664150113e8488af5f8e20eb1f59e555933d715f	200	3610992	1381590cce6fe9cab2be5d8d664150113e8488af5f8e20eb1f59e555933d715f	/home/aella/aws-discovery-bionic-focal-retry-20260831/upgrade-discovery/bionic-to-focal/runtime/deb-cache/db/98/db98dbdad6bc07f688ccfccca4096099451e6faf5a0daeb65051ab4b95116a69
bionic-to-focal	2026-08-31T11:33:48Z	GET	http://security.ubuntu.com/ubuntu/dists/focal-security/main/i18n/by-hash/SHA256/36d1c92dee33d71e4c376b8df08b944e0256c4ed478b46a34b5a050dd1cd94b3	http://security.ubuntu.com/ubuntu/dists/focal-security/main/i18n/by-hash/SHA256/36d1c92dee33d71e4c376b8df08b944e0256c4ed478b46a34b5a050dd1cd94b3	200	518036	36d1c92dee33d71e4c376b8df08b944e0256c4ed478b46a34b5a050dd1cd94b3	/home/aella/aws-discovery-bionic-focal-retry-20260831/upgrade-discovery/bionic-to-focal/runtime/deb-cache/b8/ac/b8ac945d284a12140265a88aae4c143809f1dfa20948614ee31fdc26d4691868
bionic-to-focal	2026-08-31T11:33:48Z	GET	http://security.ubuntu.com/ubuntu/dists/focal-security/main/cnf/by-hash/SHA256/bf8636573d4e2a134a1b024975e2c06827786cc2d7ff11e8bfeb61fbe39e3b59	http://security.ubuntu.com/ubuntu/dists/focal-security/main/cnf/by-hash/SHA256/bf8636573d4e2a134a1b024975e2c06827786cc2d7ff11e8bfeb61fbe39e3b59	200	14448	bf8636573d4e2a134a1b024975e2c06827786cc2d7ff11e8bfeb61fbe39e3b59	/home/aella/aws-discovery-bionic-focal-retry-20260831/upgrade-discovery/bionic-to-focal/runtime/deb-cache/42/a8/42a873ef857906c499b1a32fab4d9b5c9f77438b48ccdb3c54b92a8cc9ec5830
bionic-to-focal	2026-08-31T11:33:51Z	GET	http://security.ubuntu.com/ubuntu/dists/focal-security/restricted/binary-amd64/by-hash/SHA256/3ec8686ab0cc0b859095fe1e0927b59272f8ead8c1dea672e697ada01510380d	http://security.ubuntu.com/ubuntu/dists/focal-security/restricted/binary-amd64/by-hash/SHA256/3ec8686ab0cc0b859095fe1e0927b59272f8ead8c1dea672e697ada01510380d	200	3828268	3ec8686ab0cc0b859095fe1e0927b59272f8ead8c1dea672e697ada01510380d	/home/aella/aws-discovery-bionic-focal-retry-20260831/upgrade-discovery/bionic-to-focal/runtime/deb-cache/04/0a/040acb25d0ef15ddbcc458ca4c679d451db60b920ab03708ea206da468454e3b
bionic-to-focal	2026-08-31T11:33:53Z	GET	http://security.ubuntu.com/ubuntu/dists/focal-security/restricted/i18n/by-hash/SHA256/88ffd020d6bac4f6d8237b7d59cbbd1efabe9ea9afac141aa13a090454893a56	http://security.ubuntu.com/ubuntu/dists/focal-security/restricted/i18n/by-hash/SHA256/88ffd020d6bac4f6d8237b7d59cbbd1efabe9ea9afac141aa13a090454893a56	200	527364	88ffd020d6bac4f6d8237b7d59cbbd1efabe9ea9afac141aa13a090454893a56	/home/aella/aws-discovery-bionic-focal-retry-20260831/upgrade-discovery/bionic-to-focal/runtime/deb-cache/4e/29/4e295d4abf5ed14921f415b0929dfb665677d5e233ccdf36b574524b4573fd5d
bionic-to-focal	2026-08-31T11:33:53Z	GET	http://security.ubuntu.com/ubuntu/dists/focal-security/restricted/cnf/by-hash/SHA256/f1741cd2bf55df5dc535f0084d9a197a457997c2c161250cda25d96d2110335c	http://security.ubuntu.com/ubuntu/dists/focal-security/restricted/cnf/by-hash/SHA256/f1741cd2bf55df5dc535f0084d9a197a457997c2c161250cda25d96d2110335c	200	584	f1741cd2bf55df5dc535f0084d9a197a457997c2c161250cda25d96d2110335c	/home/aella/aws-discovery-bionic-focal-retry-20260831/upgrade-discovery/bionic-to-focal/runtime/deb-cache/c5/49/c549db391fd0393dc7824a1cc2bc85f32e55bf583558690dfaf45aad197febf7
bionic-to-focal	2026-08-31T11:33:55Z	GET	http://security.ubuntu.com/ubuntu/dists/focal-security/universe/binary-amd64/by-hash/SHA256/ff2e05999bd39b0565b24a9db15f10e70e19ecc39585f452fdc4e3cc1c55f048	http://security.ubuntu.com/ubuntu/dists/focal-security/universe/binary-amd64/by-hash/SHA256/ff2e05999bd39b0565b24a9db15f10e70e19ecc39585f452fdc4e3cc1c55f048	200	1051948	ff2e05999bd39b0565b24a9db15f10e70e19ecc39585f452fdc4e3cc1c55f048	/home/aella/aws-discovery-bionic-focal-retry-20260831/upgrade-discovery/bionic-to-focal/runtime/deb-cache/eb/45/eb45d49d7eb390cf2c2e83d7ad1cfcaec49c733624252185094712ebcb9b85b1
bionic-to-focal	2026-08-31T11:33:56Z	GET	http://security.ubuntu.com/ubuntu/dists/focal-security/universe/i18n/by-hash/SHA256/bc1a400da21f345c2ee7c1da1d51e131c2752e1c1e71b88b7bbed47f773ae6bd	http://security.ubuntu.com/ubuntu/dists/focal-security/universe/i18n/by-hash/SHA256/bc1a400da21f345c2ee7c1da1d51e131c2752e1c1e71b88b7bbed47f773ae6bd	200	220264	bc1a400da21f345c2ee7c1da1d51e131c2752e1c1e71b88b7bbed47f773ae6bd	/home/aella/aws-discovery-bionic-focal-retry-20260831/upgrade-discovery/bionic-to-focal/runtime/deb-cache/78/58/78585f6cd930a6f4e213492092277b514306022e87937064b7c5f9dc8bbefb62
bionic-to-focal	2026-08-31T11:33:57Z	GET	http://security.ubuntu.com/ubuntu/dists/focal-security/universe/cnf/by-hash/SHA256/25f0398ac011d51bb0ce886dfe7300d7af1bd6926bff08e093cf01c289d2bf29	http://security.ubuntu.com/ubuntu/dists/focal-security/universe/cnf/by-hash/SHA256/25f0398ac011d51bb0ce886dfe7300d7af1bd6926bff08e093cf01c289d2bf29	200	22408	25f0398ac011d51bb0ce886dfe7300d7af1bd6926bff08e093cf01c289d2bf29	/home/aella/aws-discovery-bionic-focal-retry-20260831/upgrade-discovery/bionic-to-focal/runtime/deb-cache/f2/4e/f24e1267a32250bdb98ebfd6a74088b49b0d0aa71bee9b7ee61fa991e07d569e
bionic-to-focal	2026-08-31T11:33:58Z	GET	http://security.ubuntu.com/ubuntu/dists/focal-security/multiverse/binary-amd64/by-hash/SHA256/5e593bc40fc845d08bda1c2d549de148862504b6b690051b794ee68d5264fd85	http://security.ubuntu.com/ubuntu/dists/focal-security/multiverse/binary-amd64/by-hash/SHA256/5e593bc40fc845d08bda1c2d549de148862504b6b690051b794ee68d5264fd85	200	26684	5e593bc40fc845d08bda1c2d549de148862504b6b690051b794ee68d5264fd85	/home/aella/aws-discovery-bionic-focal-retry-20260831/upgrade-discovery/bionic-to-focal/runtime/deb-cache/ac/2d/ac2d590a29a65f3704147849ffdb75066553c68757dbebf89cfad7cfec511814
bionic-to-focal	2026-08-31T11:33:58Z	GET	http://security.ubuntu.com/ubuntu/dists/focal-security/multiverse/i18n/by-hash/SHA256/6c30e7f63b0680c9791e30dd31bcf94e0e2d08a2bc633521b10b5bec1410be6d	http://security.ubuntu.com/ubuntu/dists/focal-security/multiverse/i18n/by-hash/SHA256/6c30e7f63b0680c9791e30dd31bcf94e0e2d08a2bc633521b10b5bec1410be6d	200	6416	6c30e7f63b0680c9791e30dd31bcf94e0e2d08a2bc633521b10b5bec1410be6d	/home/aella/aws-discovery-bionic-focal-retry-20260831/upgrade-discovery/bionic-to-focal/runtime/deb-cache/13/fa/13fab662f0f352b84d0166b3fec6c23a79b6fce84ab68021b42acf967d2590aa
bionic-to-focal	2026-08-31T11:33:59Z	GET	http://security.ubuntu.com/ubuntu/dists/focal-security/multiverse/cnf/by-hash/SHA256/45b92f7da8086dba90302144a5a0f87f3fb882aea592c5fbbcff274872b473c9	http://security.ubuntu.com/ubuntu/dists/focal-security/multiverse/cnf/by-hash/SHA256/45b92f7da8086dba90302144a5a0f87f3fb882aea592c5fbbcff274872b473c9	200	604	45b92f7da8086dba90302144a5a0f87f3fb882aea592c5fbbcff274872b473c9	/home/aella/aws-discovery-bionic-focal-retry-20260831/upgrade-discovery/bionic-to-focal/runtime/deb-cache/dc/78/dc787146e210b6f335050beea50c5dcda1f21d9b53039c61b3c40bcf91e08d2e
bionic-to-focal	2026-08-31T11:35:31Z	GET	http://ap-northeast-2.ec2.archive.ubuntu.com/ubuntu/pool/main/g/gcc-10/gcc-10-base_10.5.0-1ubuntu1%7e20.04_amd64.deb	http://ap-northeast-2.ec2.archive.ubuntu.com/ubuntu/pool/main/g/gcc-10/gcc-10-base_10.5.0-1ubuntu1%7e20.04_amd64.deb	200	20776	8fac06791057b1bba6178466e160bb3ec2a795297f10e88e34daf762572ed5c0	/home/aella/aws-discovery-bionic-focal-retry-20260831/upgrade-discovery/bionic-to-focal/runtime/deb-cache/45/1f/451f8abae0e408944842a34bed8c3f7b2352de932f0852fc1d91e60f5bb40957
bionic-to-focal	2026-08-31T11:35:31Z	GET	http://ap-northeast-2.ec2.archive.ubuntu.com/ubuntu/pool/main/g/gcc-10/libgcc-s1_10.5.0-1ubuntu1%7e20.04_amd64.deb	http://ap-northeast-2.ec2.archive.ubuntu.com/ubuntu/pool/main/g/gcc-10/libgcc-s1_10.5.0-1ubuntu1%7e20.04_amd64.deb	200	41824	4aa7b9c9f3225df65a750ae0ff5c890fc6108c82a609b3c5abd45d211838bf3c	/home/aella/aws-discovery-bionic-focal-retry-20260831/upgrade-discovery/bionic-to-focal/runtime/deb-cache/f9/24/f924d0aea0b3e62abf0817b29224710cb4a4f1f1f4486405298fc5ec94fa6b67
bionic-to-focal	2026-08-31T11:35:32Z	GET	http://ap-northeast-2.ec2.archive.ubuntu.com/ubuntu/pool/main/libx/libxcrypt/libcrypt1_4.4.10-10ubuntu4_amd64.deb	http://ap-northeast-2.ec2.archive.ubuntu.com/ubuntu/pool/main/libx/libxcrypt/libcrypt1_4.4.10-10ubuntu4_amd64.deb	200	78204	231b4dbbe5865775f118cfa61394f1e16fa7102b6953a327e672499a20876d73	/home/aella/aws-discovery-bionic-focal-retry-20260831/upgrade-discovery/bionic-to-focal/runtime/deb-cache/27/2c/272ca772d7a8fc8371122283089ac178f4b6d1a2735855a9c712687612ea8d6d
bionic-to-focal	2026-08-31T11:35:32Z	GET	http://ap-northeast-2.ec2.archive.ubuntu.com/ubuntu/pool/main/g/glibc/libc6_2.31-0ubuntu9.18_amd64.deb	http://ap-northeast-2.ec2.archive.ubuntu.com/ubuntu/pool/main/g/glibc/libc6_2.31-0ubuntu9.18_amd64.deb	200	2720364	1b2281aac4935dfea1f89dfc19e445fdbb45303202af60679ccb8bf035f081a0	/home/aella/aws-discovery-bionic-focal-retry-20260831/upgrade-discovery/bionic-to-focal/runtime/deb-cache/44/0e/440e36d01f1aea941d87c816a98b234ef49e53a87630db61da6e08fda69b9a51
bionic-to-focal	2026-08-31T11:35:32Z	GET	http://ap-northeast-2.ec2.archive.ubuntu.com/ubuntu/pool/main/g/glibc/libc-bin_2.31-0ubuntu9.18_amd64.deb	http://ap-northeast-2.ec2.archive.ubuntu.com/ubuntu/pool/main/g/glibc/libc-bin_2.31-0ubuntu9.18_amd64.deb	200	635760	44a3c32675252c55998e083f511564fe5b6540ad189d6b46355ad2372b9ed498	/home/aella/aws-discovery-bionic-focal-retry-20260831/upgrade-discovery/bionic-to-focal/runtime/deb-cache/4f/d2/4fd2b9317d515710fc6fb1ce4a2f20d4f0d1a752001b2261a8d685579194d41e
bionic-to-focal	2026-08-31T11:35:32Z	GET	http://ap-northeast-2.ec2.archive.ubuntu.com/ubuntu/pool/main/g/glibc/locales_2.31-0ubuntu9.18_all.deb	http://ap-northeast-2.ec2.archive.ubuntu.com/ubuntu/pool/main/g/glibc/locales_2.31-0ubuntu9.18_all.deb	200	3864040	1b3da153bb6db4453ebf355f52b29db84b473bd6315f2fcb45eaf2df8e99c2ac	/home/aella/aws-discovery-bionic-focal-retry-20260831/upgrade-discovery/bionic-to-focal/runtime/deb-cache/4c/8f/4c8f7b69d5dfc6fc7779a99780b382e9560ae47f1c808a41cacfced928631853
bionic-to-focal	2026-08-31T11:35:32Z	GET	http://ap-northeast-2.ec2.archive.ubuntu.com/ubuntu/pool/main/g/glibc/libc-dev-bin_2.31-0ubuntu9.18_amd64.deb	http://ap-northeast-2.ec2.archive.ubuntu.com/ubuntu/pool/main/g/glibc/libc-dev-bin_2.31-0ubuntu9.18_amd64.deb	200	71692	fa27f5aaf9f954c706f4f5b8df599c8697f1cf413520abc56d4578dcb50db216	/home/aella/aws-discovery-bionic-focal-retry-20260831/upgrade-discovery/bionic-to-focal/runtime/deb-cache/a5/80/a580fa74e675d5921d7f8b89db86000c3587219c1be929aef208680d67fb132e
bionic-to-focal	2026-08-31T11:35:34Z	GET	http://ap-northeast-2.ec2.archive.ubuntu.com/ubuntu/pool/main/m/manpages/manpages_5.05-1_all.deb	http://ap-northeast-2.ec2.archive.ubuntu.com/ubuntu/pool/main/m/manpages/manpages_5.05-1_all.deb	200	1314408	726c7d3207d211188d3b0483972683d0c1e2408809f27a59466e123f0131113a	/home/aella/aws-discovery-bionic-focal-retry-20260831/upgrade-discovery/bionic-to-focal/runtime/deb-cache/e4/98/e4987a8a4d45c29fe8247e5b1b20e4fe9868b60ea609f1473988bacc35f58241
bionic-to-focal	2026-08-31T11:35:34Z	GET	http://ap-northeast-2.ec2.archive.ubuntu.com/ubuntu/pool/main/m/manpages/manpages-dev_5.05-1_all.deb	http://ap-northeast-2.ec2.archive.ubuntu.com/ubuntu/pool/main/m/manpages/manpages-dev_5.05-1_all.deb	200	2265524	512c79390eb690ee9e60943f233d45141c04a511eee9573888e795f523979d25	/home/aella/aws-discovery-bionic-focal-retry-20260831/upgrade-discovery/bionic-to-focal/runtime/deb-cache/ab/3a/ab3a433b5da38ae6547256e009502ef33f05c77249758ddfab95e13dc116883a
bionic-to-focal	2026-08-31T11:35:34Z	GET	http://ap-northeast-2.ec2.archive.ubuntu.com/ubuntu/pool/main/g/glibc/libc6-dev_2.31-0ubuntu9.18_amd64.deb	http://ap-northeast-2.ec2.archive.ubuntu.com/ubuntu/pool/main/g/glibc/libc6-dev_2.31-0ubuntu9.18_amd64.deb	200	2519636	11029900f2315b93ce487792ae1bf15f0927e5e50880c091e6a440b14d4e164a	/home/aella/aws-discovery-bionic-focal-retry-20260831/upgrade-discovery/bionic-to-focal/runtime/deb-cache/6c/3d/6c3d7694b0be394bd51827d987aabd2ebc99a295ed5f0989a8f1b7e049484fe5
bionic-to-focal	2026-08-31T11:35:34Z	GET	http://ap-northeast-2.ec2.archive.ubuntu.com/ubuntu/pool/main/libx/libxcrypt/libcrypt-dev_4.4.10-10ubuntu4_amd64.deb	http://ap-northeast-2.ec2.archive.ubuntu.com/ubuntu/pool/main/libx/libxcrypt/libcrypt-dev_4.4.10-10ubuntu4_amd64.deb	200	104104	f0a41d8e8cf379dbbdfc43169f34851ed452b3581e72c6654f2e290caf4e1b20	/home/aella/aws-discovery-bionic-focal-retry-20260831/upgrade-discovery/bionic-to-focal/runtime/deb-cache/dc/34/dc3403465c093d1c24c8c1cb809aff965609f4d6265572c457b06f73b9aa72b4
bionic-to-focal	2026-08-31T11:35:34Z	GET	http://ap-northeast-2.ec2.archive.ubuntu.com/ubuntu/pool/main/liba/libalgorithm-diff-xs-perl/libalgorithm-diff-xs-perl_0.04-6_amd64.deb	http://ap-northeast-2.ec2.archive.ubuntu.com/ubuntu/pool/main/liba/libalgorithm-diff-xs-perl/libalgorithm-diff-xs-perl_0.04-6_amd64.deb	200	11344	e32bb578b65b5e50ae14c1aa8fcea4c59d9dc6b93de5ae685b91ea0be9b54172	/home/aella/aws-discovery-bionic-focal-retry-20260831/upgrade-discovery/bionic-to-focal/runtime/deb-cache/54/3e/543e621e76b74be5a2b6b7f70614cf06f4952a2e94b5c527ff1fefd1915f466c
bionic-to-focal	2026-08-31T11:35:34Z	GET	http://ap-northeast-2.ec2.archive.ubuntu.com/ubuntu/pool/main/a/apparmor/libapparmor-perl_2.13.3-7ubuntu5.4_amd64.deb	http://ap-northeast-2.ec2.archive.ubuntu.com/ubuntu/pool/main/a/apparmor/libapparmor-perl_2.13.3-7ubuntu5.4_amd64.deb	200	33496	cc3e96f9141a7d70c80b07305f4d8ae7cae49ed487ceef3b4732fd12ea1c6869	/home/aella/aws-discovery-bionic-focal-retry-20260831/upgrade-discovery/bionic-to-focal/runtime/deb-cache/4b/74/4b74d50a8cb7e36f13c495d9f7261445ba8007359c15463ac3b3603fd6cade24
bionic-to-focal	2026-08-31T11:35:34Z	GET	http://ap-northeast-2.ec2.archive.ubuntu.com/ubuntu/pool/main/libf/libfile-fcntllock-perl/libfile-fcntllock-perl_0.22-3build4_amd64.deb	http://ap-northeast-2.ec2.archive.ubuntu.com/ubuntu/pool/main/libf/libfile-fcntllock-perl/libfile-fcntllock-perl_0.22-3build4_amd64.deb	200	33052	50fd9b79824a5d3a5b47b10494fa73706ef399e421dafff7e198b32eabfc1d60	/home/aella/aws-discovery-bionic-focal-retry-20260831/upgrade-discovery/bionic-to-focal/runtime/deb-cache/48/fc/48fca35c5d9e8fafdef63ce5418b88583104290820169bcdbeca926a47ffa1e6
bionic-to-focal	2026-08-31T11:35:34Z	GET	http://ap-northeast-2.ec2.archive.ubuntu.com/ubuntu/pool/main/libt/libtext-charwidth-perl/libtext-charwidth-perl_0.04-10_amd64.deb	http://ap-northeast-2.ec2.archive.ubuntu.com/ubuntu/pool/main/libt/libtext-charwidth-perl/libtext-charwidth-perl_0.04-10_amd64.deb	200	9872	17ffff355d023ff60f1b57c96505f5f6246f22d97cfb07a06486f1a5dcf5eceb	/home/aella/aws-discovery-bionic-focal-retry-20260831/upgrade-discovery/bionic-to-focal/runtime/deb-cache/38/51/38519c9bf3814b2f433eab0712b8f36ab7f183944cb23eea466c4840eba11c8a
bionic-to-focal	2026-08-31T11:35:34Z	GET	http://ap-northeast-2.ec2.archive.ubuntu.com/ubuntu/pool/main/p/perl/perl-modules-5.30_5.30.0-9ubuntu0.5_all.deb	http://ap-northeast-2.ec2.archive.ubuntu.com/ubuntu/pool/main/p/perl/perl-modules-5.30_5.30.0-9ubuntu0.5_all.deb	200	2738632	f2093f468af836518bfe80269a94526c75c9c67582e45adf1ec4ed305fd9ee6e	/home/aella/aws-discovery-bionic-focal-retry-20260831/upgrade-discovery/bionic-to-focal/runtime/deb-cache/4e/60/4e608640ab4f2bb72b7d7dab787918ab81f078e16c6dcf627e273d7a12525202
bionic-to-focal	2026-08-31T11:35:35Z	GET	http://ap-northeast-2.ec2.archive.ubuntu.com/ubuntu/pool/main/g/gdbm/libgdbm6_1.18.1-5_amd64.deb	http://ap-northeast-2.ec2.archive.ubuntu.com/ubuntu/pool/main/g/gdbm/libgdbm6_1.18.1-5_amd64.deb	200	27352	8ac1108585490fc2321df8d27cc565054003d86fab0ab8b8e2a4a2d050a53098	/home/aella/aws-discovery-bionic-focal-retry-20260831/upgrade-discovery/bionic-to-focal/runtime/deb-cache/cb/74/cb74ad3b9aed47761010ab54eeda870efed37797ca184d81d6fc535e79a5fe7a
bionic-to-focal	2026-08-31T11:35:35Z	GET	http://ap-northeast-2.ec2.archive.ubuntu.com/ubuntu/pool/main/g/gdbm/libgdbm-compat4_1.18.1-5_amd64.deb	http://ap-northeast-2.ec2.archive.ubuntu.com/ubuntu/pool/main/g/gdbm/libgdbm-compat4_1.18.1-5_amd64.deb	200	6244	4f93394bda7be86b94fb32ac1bdf1a0b7124b8150962b55512371c3a816a382d	/home/aella/aws-discovery-bionic-focal-retry-20260831/upgrade-discovery/bionic-to-focal/runtime/deb-cache/b8/fa/b8fa94b843cb7bcf449bed58d99c73285e2ed13cb3b651c9f0dabc0e376932fa
bionic-to-focal	2026-08-31T11:35:35Z	GET	http://ap-northeast-2.ec2.archive.ubuntu.com/ubuntu/pool/main/p/perl/libperl5.30_5.30.0-9ubuntu0.5_amd64.deb	http://ap-northeast-2.ec2.archive.ubuntu.com/ubuntu/pool/main/p/perl/libperl5.30_5.30.0-9ubuntu0.5_amd64.deb	200	3941284	7546cd8f74d9300823c4470a55abf2e6e97be1961e2033cd927e775b774eba3d	/home/aella/aws-discovery-bionic-focal-retry-20260831/upgrade-discovery/bionic-to-focal/runtime/deb-cache/e0/4e/e04e03fce695c71b42804fcad6d88df715d7b73374c74f68af177244a4b83f92
bionic-to-focal	2026-08-31T11:35:35Z	GET	http://ap-northeast-2.ec2.archive.ubuntu.com/ubuntu/pool/main/p/perl/perl_5.30.0-9ubuntu0.5_amd64.deb	http://ap-northeast-2.ec2.archive.ubuntu.com/ubuntu/pool/main/p/perl/perl_5.30.0-9ubuntu0.5_amd64.deb	200	224128	e98e1122172fe4d32bf45503c2dedf5d4771a2995a7070f19bb8d31e998c0fb5	/home/aella/aws-discovery-bionic-focal-retry-20260831/upgrade-discovery/bionic-to-focal/runtime/deb-cache/15/09/15097807411cf030ab17b846e1965e58c232dc4b353b0acb86e7be10ad8b5ce9
bionic-to-focal	2026-08-31T11:35:35Z	GET	http://ap-northeast-2.ec2.archive.ubuntu.com/ubuntu/pool/main/p/perl/perl-base_5.30.0-9ubuntu0.5_amd64.deb	http://ap-northeast-2.ec2.archive.ubuntu.com/ubuntu/pool/main/p/perl/perl-base_5.30.0-9ubuntu0.5_amd64.deb	200	1513756	9997a2d7cf8a0ce2270730414c269e04a3ad6457280c21741c9e8f2489b18ba7	/home/aella/aws-discovery-bionic-focal-retry-20260831/upgrade-discovery/bionic-to-focal/runtime/deb-cache/31/eb/31eb0ee952df0d35af496af3a8ce27d9a97b2bee97248bb551b91453bacd41c4
bionic-to-focal	2026-08-31T11:35:36Z	GET	http://ap-northeast-2.ec2.archive.ubuntu.com/ubuntu/pool/main/libl/liblocale-gettext-perl/liblocale-gettext-perl_1.07-4_amd64.deb	http://ap-northeast-2.ec2.archive.ubuntu.com/ubuntu/pool/main/libl/liblocale-gettext-perl/liblocale-gettext-perl_1.07-4_amd64.deb	200	17064	515b360061fc10026269b7142df84c6bf2f68b2e2f87a623ea7af2d9486e7394	/home/aella/aws-discovery-bionic-focal-retry-20260831/upgrade-discovery/bionic-to-focal/runtime/deb-cache/60/fb/60fbe7ff96292f801b14f3b479dab4264b7cf0ca650f0cbca64f66423d2f7d92
bionic-to-focal	2026-08-31T11:35:36Z	GET	http://ap-northeast-2.ec2.archive.ubuntu.com/ubuntu/pool/main/libt/libtext-iconv-perl/libtext-iconv-perl_1.7-7_amd64.deb	http://ap-northeast-2.ec2.archive.ubuntu.com/ubuntu/pool/main/libt/libtext-iconv-perl/libtext-iconv-perl_1.7-7_amd64.deb	200	13792	ffdb37b19ff0da7178dd482321f3ce7df2b6259a89b60be4e942bbcda9509e02	/home/aella/aws-discovery-bionic-focal-retry-20260831/upgrade-discovery/bionic-to-focal/runtime/deb-cache/d2/99/d299756bc69e0f905882a867a96bda060206fc24045cc11aba161d99cc132ee1
bionic-to-focal	2026-08-31T11:35:36Z	GET	http://ap-northeast-2.ec2.archive.ubuntu.com/ubuntu/pool/universe/r/rename/rename_1.10-1_all.deb	http://ap-northeast-2.ec2.archive.ubuntu.com/ubuntu/pool/universe/r/rename/rename_1.10-1_all.deb	200	16148	281cabab7c8d7fdd586bdc54cb0e5fb2e9da0a2e11df9d0c1f654bcb031ea81f	/home/aella/aws-discovery-bionic-focal-retry-20260831/upgrade-discovery/bionic-to-focal/runtime/deb-cache/81/9e/819ebb955e9053679794e66046703a9611939f06b8adeb1886b2489bce9b92ce
bionic-to-focal	2026-08-31T11:35:36Z	GET	http://ap-northeast-2.ec2.archive.ubuntu.com/ubuntu/pool/main/b/bzip2/bzip2_1.0.8-2_amd64.deb	http://ap-northeast-2.ec2.archive.ubuntu.com/ubuntu/pool/main/b/bzip2/bzip2_1.0.8-2_amd64.deb	200	34064	9201778f5a3bd4ff685d41cd677660129e57c544b7526f20ff8c48318c63dbe8	/home/aella/aws-discovery-bionic-focal-retry-20260831/upgrade-discovery/bionic-to-focal/runtime/deb-cache/a7/6f/a76fc25a4e24168f19d5b9850bbe7c2deb950dcb6a053e981d26c637c24755cd
bionic-to-focal	2026-08-31T11:35:36Z	GET	http://ap-northeast-2.ec2.archive.ubuntu.com/ubuntu/pool/main/b/bzip2/libbz2-1.0_1.0.8-2_amd64.deb	http://ap-northeast-2.ec2.archive.ubuntu.com/ubuntu/pool/main/b/bzip2/libbz2-1.0_1.0.8-2_amd64.deb	200	32308	f3632ec38402ca0f9c61a6854469f1a0eba9389d3f73827b466033c3d5bbec69	/home/aella/aws-discovery-bionic-focal-retry-20260831/upgrade-discovery/bionic-to-focal/runtime/deb-cache/f5/0c/f50cd306d46a1c0fa97362ebee7b554d48176d30b1777268edc78270a741c79d
bionic-to-focal	2026-08-31T11:35:36Z	GET	http://ap-northeast-2.ec2.archive.ubuntu.com/ubuntu/pool/main/d/db5.3/libdb5.3_5.3.28%2bdfsg1-0.6ubuntu2_amd64.deb	http://ap-northeast-2.ec2.archive.ubuntu.com/ubuntu/pool/main/d/db5.3/libdb5.3_5.3.28%2bdfsg1-0.6ubuntu2_amd64.deb	200	675076	330775026b5e31340387fb58e12e40e241ca34cbbb6c0c28331bd83cb47c3656	/home/aella/aws-discovery-bionic-focal-retry-20260831/upgrade-discovery/bionic-to-focal/runtime/deb-cache/69/3f/693f4dee7769aec6a47fba394603b5452eea07be15ce1018dacb65ffec2ad24e
bionic-to-focal	2026-08-31T11:35:36Z	GET	http://ap-northeast-2.ec2.archive.ubuntu.com/ubuntu/pool/main/z/zlib/zlib1g_1.2.11.dfsg-2ubuntu1.5_amd64.deb	http://ap-northeast-2.ec2.archive.ubuntu.com/ubuntu/pool/main/z/zlib/zlib1g_1.2.11.dfsg-2ubuntu1.5_amd64.deb	200	54164	bf67018f5303466eb468680b637a5d3f3bb17b9d44decf3d82d40b35babcd3e0	/home/aella/aws-discovery-bionic-focal-retry-20260831/upgrade-discovery/bionic-to-focal/runtime/deb-cache/18/69/186958229ab0d257afabfb9910eb936ed8023d3cff31c3060450c8b1b1ff12f2
bionic-to-focal	2026-08-31T11:35:36Z	GET	http://ap-northeast-2.ec2.archive.ubuntu.com/ubuntu/pool/main/liba/libalgorithm-diff-perl/libalgorithm-diff-perl_1.19.03-2_all.deb	http://ap-northeast-2.ec2.archive.ubuntu.com/ubuntu/pool/main/liba/libalgorithm-diff-perl/libalgorithm-diff-perl_1.19.03-2_all.deb	200	46616	6e774aa293dfa6c33222c9f7443354e94d86d86e2888b9e7a28a136f4c03a0c3	/home/aella/aws-discovery-bionic-focal-retry-20260831/upgrade-discovery/bionic-to-focal/runtime/deb-cache/b7/ae/b7aebf6c8ae9ff05d0fb846d5e25081ebb13fab7568736f583ceeb06b202f05e
bionic-to-focal	2026-08-31T11:35:36Z	GET	http://ap-northeast-2.ec2.archive.ubuntu.com/ubuntu/pool/main/a/apparmor/libapparmor1_2.13.3-7ubuntu5.4_amd64.deb	http://ap-northeast-2.ec2.archive.ubuntu.com/ubuntu/pool/main/a/apparmor/libapparmor1_2.13.3-7ubuntu5.4_amd64.deb	200	36044	7d2599a015821e56a019762643618e2c8cbeeb84ef5debcc7b205f658908a147	/home/aella/aws-discovery-bionic-focal-retry-20260831/upgrade-discovery/bionic-to-focal/runtime/deb-cache/46/89/4689f5b74ec47d91df503cbd3b5610c0a99f5d6e07c2472ed9c46325697f5790
bionic-to-focal	2026-08-31T11:35:36Z	GET	http://ap-northeast-2.ec2.archive.ubuntu.com/ubuntu/pool/main/libt/libtext-wrapi18n-perl/libtext-wrapi18n-perl_0.06-9_all.deb	http://ap-northeast-2.ec2.archive.ubuntu.com/ubuntu/pool/main/libt/libtext-wrapi18n-perl/libtext-wrapi18n-perl_0.06-9_all.deb	200	8264	a1bbfbe0d94907ea023f2051f8a3e99b3e7a23b1eac0be57e8a69e15031f450b	/home/aella/aws-discovery-bionic-focal-retry-20260831/upgrade-discovery/bionic-to-focal/runtime/deb-cache/62/3d/623da8f73c4c41576f8960f36a6d0e215127b98c65e45677d5b91367d14fc076
bionic-to-focal	2026-08-31T11:35:37Z	GET	http://ap-northeast-2.ec2.archive.ubuntu.com/ubuntu/pool/main/d/debconf/debconf-i18n_1.5.73_all.deb	http://ap-northeast-2.ec2.archive.ubuntu.com/ubuntu/pool/main/d/debconf/debconf-i18n_1.5.73_all.deb	200	206284	7637583a6a3793c8addcbb8c093ca3c3ba2b86c82d28e72bbc116c022f66c568	/home/aella/aws-discovery-bionic-focal-retry-20260831/upgrade-discovery/bionic-to-focal/runtime/deb-cache/30/0e/300e4a958eafb723f783dafa1e0b48365f0c63d78126f165ab13cc48ff2c9e6c
bionic-to-focal	2026-08-31T11:35:37Z	GET	http://ap-northeast-2.ec2.archive.ubuntu.com/ubuntu/pool/main/libf/libffi/libffi7_3.3-4_amd64.deb	http://ap-northeast-2.ec2.archive.ubuntu.com/ubuntu/pool/main/libf/libffi/libffi7_3.3-4_amd64.deb	200	19688	4584aa8fef1bf5086168ce2f7078cd2ebd78fdc4cc0d86d958d795d4e0b0f50d	/home/aella/aws-discovery-bionic-focal-retry-20260831/upgrade-discovery/bionic-to-focal/runtime/deb-cache/49/a0/49a01571ca99258873cd0a35942698ed107fafa02afec86a358d9f27c0cc9941
bionic-to-focal	2026-08-31T11:35:37Z	GET	http://ap-northeast-2.ec2.archive.ubuntu.com/ubuntu/pool/main/n/ncurses/libtinfo6_6.2-0ubuntu2.1_amd64.deb	http://ap-northeast-2.ec2.archive.ubuntu.com/ubuntu/pool/main/n/ncurses/libtinfo6_6.2-0ubuntu2.1_amd64.deb	200	87420	711a3a901c3a71561565558865699efa9c07a99fdc810ffe086a5636f89c6431	/home/aella/aws-discovery-bionic-focal-retry-20260831/upgrade-discovery/bionic-to-focal/runtime/deb-cache/78/df/78dfb52780015afe7f0add0ebab0feb22bfe37f6e2b96fcf2d1989095b55d17a
bionic-to-focal	2026-08-31T11:35:37Z	GET	http://ap-northeast-2.ec2.archive.ubuntu.com/ubuntu/pool/main/n/ncurses/libncursesw6_6.2-0ubuntu2.1_amd64.deb	http://ap-northeast-2.ec2.archive.ubuntu.com/ubuntu/pool/main/n/ncurses/libncursesw6_6.2-0ubuntu2.1_amd64.deb	200	132480	b6f3d459aa868b3f8a24ae1f96b6d3fc1df782e20a97820700223824c18f62ed	/home/aella/aws-discovery-bionic-focal-retry-20260831/upgrade-discovery/bionic-to-focal/runtime/deb-cache/fd/a6/fda6277b15135c21a3cf18db2b178685aecc1688d185f220f81a9f68dfb2c6a1
bionic-to-focal	2026-08-31T11:35:37Z	GET	http://ap-northeast-2.ec2.archive.ubuntu.com/ubuntu/pool/main/g/gcc-10/libstdc%2b%2b6_10.5.0-1ubuntu1%7e20.04_amd64.deb	http://ap-northeast-2.ec2.archive.ubuntu.com/ubuntu/pool/main/g/gcc-10/libstdc%2b%2b6_10.5.0-1ubuntu1%7e20.04_amd64.deb	200	501136	7f9222342d3551d063bf651319ec397c39278eeeb9ab5950ae0e8c28ef0af431	/home/aella/aws-discovery-bionic-focal-retry-20260831/upgrade-discovery/bionic-to-focal/runtime/deb-cache/47/28/472866533bea57fb2150357d124d5fe40c8e24580aa3b3773465de49a227bb0d
bionic-to-focal	2026-08-31T11:35:37Z	GET	http://ap-northeast-2.ec2.archive.ubuntu.com/ubuntu/pool/main/libg/libgpg-error/libgpg-error0_1.37-1_amd64.deb	http://ap-northeast-2.ec2.archive.ubuntu.com/ubuntu/pool/main/libg/libgpg-error/libgpg-error0_1.37-1_amd64.deb	200	58004	4744163850851f60080a8b0fdf3dd3258d93114bd83f8024414737a2826da7fe	/home/aella/aws-discovery-bionic-focal-retry-20260831/upgrade-discovery/bionic-to-focal/runtime/deb-cache/2a/45/2a451c04aade7c04987e69286a1be7dbad305674bd7defc725d8fb343f4b3c71
bionic-to-focal	2026-08-31T11:35:38Z	GET	http://ap-northeast-2.ec2.archive.ubuntu.com/ubuntu/pool/main/libg/libgcrypt20/libgcrypt20_1.8.5-5ubuntu1.1_amd64.deb	http://ap-northeast-2.ec2.archive.ubuntu.com/ubuntu/pool/main/libg/libgcrypt20/libgcrypt20_1.8.5-5ubuntu1.1_amd64.deb	200	419920	f040f801e2cced9bd82e484c23678cb9b464d04974a9cf4cf25fc9ad09d9e90d	/home/aella/aws-discovery-bionic-focal-retry-20260831/upgrade-discovery/bionic-to-focal/runtime/deb-cache/ee/be/eebe9a393950aa9218f7296607127fd868fb043332b9f201ae63125282d9c53f
bionic-to-focal	2026-08-31T11:35:38Z	GET	http://ap-northeast-2.ec2.archive.ubuntu.com/ubuntu/pool/main/l/lz4/liblz4-1_1.9.2-2ubuntu0.20.04.1_amd64.deb	http://ap-northeast-2.ec2.archive.ubuntu.com/ubuntu/pool/main/l/lz4/liblz4-1_1.9.2-2ubuntu0.20.04.1_amd64.deb	200	56124	a9b706941eb8e2a0012869dbe63c7337fc9629aaf919563f63e92baa2a3a7c18	/home/aella/aws-discovery-bionic-focal-retry-20260831/upgrade-discovery/bionic-to-focal/runtime/deb-cache/0f/fc/0ffc2335ecc5c002a00332ac8a09dc5ac4045f0b6fd6834047b4301a6b66bbe3
bionic-to-focal	2026-08-31T11:35:38Z	GET	http://ap-northeast-2.ec2.archive.ubuntu.com/ubuntu/pool/main/x/xz-utils/liblzma5_5.2.4-1ubuntu1.1_amd64.deb	http://ap-northeast-2.ec2.archive.ubuntu.com/ubuntu/pool/main/x/xz-utils/liblzma5_5.2.4-1ubuntu1.1_amd64.deb	200	91812	f545d34c86119802fbae869a09e1077a714e12a01ef6a3ef67fdc745e5db311d	/home/aella/aws-discovery-bionic-focal-retry-20260831/upgrade-discovery/bionic-to-focal/runtime/deb-cache/fa/f1/faf1ba28a7f3cbbff664ee98a80fe86a9ea207a7baa87729a6a0701477e4c9e3
bionic-to-focal	2026-08-31T11:35:38Z	GET	http://ap-northeast-2.ec2.archive.ubuntu.com/ubuntu/pool/main/n/nettle/libnettle7_3.5.1%2breally3.5.1-2ubuntu0.2_amd64.deb	http://ap-northeast-2.ec2.archive.ubuntu.com/ubuntu/pool/main/n/nettle/libnettle7_3.5.1%2breally3.5.1-2ubuntu0.2_amd64.deb	200	114900	3496aed83407fde71e0dc5988b28e8fd7f07a2f27fcf3e0f214c7cd86667eecd	/home/aella/aws-discovery-bionic-focal-retry-20260831/upgrade-discovery/bionic-to-focal/runtime/deb-cache/dc/39/dc3963d9710fe2acd245db1192a82b7399df2b8b7f94fc27bc5e82bf140b3354
bionic-to-focal	2026-08-31T11:35:38Z	GET	http://ap-northeast-2.ec2.archive.ubuntu.com/ubuntu/pool/main/g/gmp/libgmp10_6.2.0%2bdfsg-4ubuntu0.1_amd64.deb	http://ap-northeast-2.ec2.archive.ubuntu.com/ubuntu/pool/main/g/gmp/libgmp10_6.2.0%2bdfsg-4ubuntu0.1_amd64.deb	200	240684	541dc5050b0cecdecbfe155641588ba08da645b61b11fc4bcb045f2f4773da43	/home/aella/aws-discovery-bionic-focal-retry-20260831/upgrade-discovery/bionic-to-focal/runtime/deb-cache/64/32/643255f34caa227ce090f6102135edb190003b25e0471b7f8dea679cfe2b8a03
bionic-to-focal	2026-08-31T11:35:38Z	GET	http://ap-northeast-2.ec2.archive.ubuntu.com/ubuntu/pool/main/n/nettle/libhogweed5_3.5.1%2breally3.5.1-2ubuntu0.2_amd64.deb	http://ap-northeast-2.ec2.archive.ubuntu.com/ubuntu/pool/main/n/nettle/libhogweed5_3.5.1%2breally3.5.1-2ubuntu0.2_amd64.deb	200	137880	12d76fa6c9149af3da228e3062faaefd7d12e0c6fd3424579627672437a84f14	/home/aella/aws-discovery-bionic-focal-retry-20260831/upgrade-discovery/bionic-to-focal/runtime/deb-cache/38/8c/388c5de65cc4b76a394f745ef1d0940cc41aa711a37b066384fb0b6ed0d572a8
bionic-to-focal	2026-08-31T11:35:38Z	GET	http://ap-northeast-2.ec2.archive.ubuntu.com/ubuntu/pool/main/p/p11-kit/libp11-kit0_0.23.20-1ubuntu0.1_amd64.deb	http://ap-northeast-2.ec2.archive.ubuntu.com/ubuntu/pool/main/p/p11-kit/libp11-kit0_0.23.20-1ubuntu0.1_amd64.deb	200	188124	e6c415cef9c7e829e43cac6cfea7371222005650cf4751eee22fd19710d4fa8e	/home/aella/aws-discovery-bionic-focal-retry-20260831/upgrade-discovery/bionic-to-focal/runtime/deb-cache/4a/99/4a9959c5fa5fbdce091c80911d04279ae31981b82f3543b23e0844c4fe5bf0fc
bionic-to-focal	2026-08-31T11:35:38Z	GET	http://ap-northeast-2.ec2.archive.ubuntu.com/ubuntu/pool/main/libt/libtasn1-6/libtasn1-6_4.16.0-2ubuntu0.1_amd64.deb	http://ap-northeast-2.ec2.archive.ubuntu.com/ubuntu/pool/main/libt/libtasn1-6/libtasn1-6_4.16.0-2ubuntu0.1_amd64.deb	200	38592	20abf229083d5d60b158364a1e3e26d54cdb1840f0897b80deb0ebae9f049b3c	/home/aella/aws-discovery-bionic-focal-retry-20260831/upgrade-discovery/bionic-to-focal/runtime/deb-cache/4b/07/4b07d2f50fd61e945e911719900ded11953734ce52680fb232957bace3cb5db7
bionic-to-focal	2026-08-31T11:35:38Z	GET	http://ap-northeast-2.ec2.archive.ubuntu.com/ubuntu/pool/main/g/gnutls28/libgnutls-openssl27_3.6.13-2ubuntu1.12_amd64.deb	http://ap-northeast-2.ec2.archive.ubuntu.com/ubuntu/pool/main/g/gnutls28/libgnutls-openssl27_3.6.13-2ubuntu1.12_amd64.deb	200	29800	3e9043dd31fdcdbe7a8f6cacff5fe84cb9ff49e401359699b9fd0a814bfcfb6b	/home/aella/aws-discovery-bionic-focal-retry-20260831/upgrade-discovery/bionic-to-focal/runtime/deb-cache/9a/f9/9af9dc85d73b7048a77f38083811c567aeb11cbd1bf9543db24d1749bf82db39
bionic-to-focal	2026-08-31T11:35:38Z	GET	http://ap-northeast-2.ec2.archive.ubuntu.com/ubuntu/pool/main/libu/libunistring/libunistring2_0.9.10-2_amd64.deb	http://ap-northeast-2.ec2.archive.ubuntu.com/ubuntu/pool/main/libu/libunistring/libunistring2_0.9.10-2_amd64.deb	200	368092	4ccfbc1e3a1cbc42616bd4fd407e01eb1434996c8500ac2fbccb7a2e1bcb166a	/home/aella/aws-discovery-bionic-focal-retry-20260831/upgrade-discovery/bionic-to-focal/runtime/deb-cache/d2/7b/d27b2dd99cd6d40b4d03328bf14f84f8c4ba2e62312d49bacf7fe1f9ed717800
bionic-to-focal	2026-08-31T11:35:39Z	GET	http://ap-northeast-2.ec2.archive.ubuntu.com/ubuntu/pool/main/libi/libidn2/libidn2-0_2.2.0-2_amd64.deb	http://ap-northeast-2.ec2.archive.ubuntu.com/ubuntu/pool/main/libi/libidn2/libidn2-0_2.2.0-2_amd64.deb	200	50448	698abe11d444c7e87c656c2083373d1e0fae04b3a64be0371adb2bb180092537	/home/aella/aws-discovery-bionic-focal-retry-20260831/upgrade-discovery/bionic-to-focal/runtime/deb-cache/38/6d/386d4209b19afdfc1727f6a60bae3e27aeb817430069ee72fcc4f91dd30f62c3
bionic-to-focal	2026-08-31T11:35:39Z	GET	http://ap-northeast-2.ec2.archive.ubuntu.com/ubuntu/pool/main/g/gnutls28/libgnutls30_3.6.13-2ubuntu1.12_amd64.deb	http://ap-northeast-2.ec2.archive.ubuntu.com/ubuntu/pool/main/g/gnutls28/libgnutls30_3.6.13-2ubuntu1.12_amd64.deb	200	828712	af6ff8ce571a81d8aae3f55e84ff4bb777598f3a348660e53086e3ba2554d74a	/home/aella/aws-discovery-bionic-focal-retry-20260831/upgrade-discovery/bionic-to-focal/runtime/deb-cache/10/54/1054199f95ac785a9bd3a8e86862aef0fb1da29f13480b3970168085e8fb62ac
bionic-to-focal	2026-08-31T11:35:39Z	GET	http://ap-northeast-2.ec2.archive.ubuntu.com/ubuntu/pool/main/i/iptables/libip4tc2_1.8.4-3ubuntu2.1_amd64.deb	http://ap-northeast-2.ec2.archive.ubuntu.com/ubuntu/pool/main/i/iptables/libip4tc2_1.8.4-3ubuntu2.1_amd64.deb	200	19092	48e24653e63395cb0e2ac89a150467d56f2620d20f8c3d9ed96446369d35a03a	/home/aella/aws-discovery-bionic-focal-retry-20260831/upgrade-discovery/bionic-to-focal/runtime/deb-cache/43/0e/430e20467f414b04bebe85633a6115e2ed2ed2d08efeaaf687bd8a285b3dda06
bionic-to-focal	2026-08-31T11:35:39Z	GET	http://ap-northeast-2.ec2.archive.ubuntu.com/ubuntu/pool/main/p/pcre2/libpcre2-8-0_10.34-7ubuntu0.1_amd64.deb	http://ap-northeast-2.ec2.archive.ubuntu.com/ubuntu/pool/main/p/pcre2/libpcre2-8-0_10.34-7ubuntu0.1_amd64.deb	200	197976	5229f14c06074ae5f2d6dd7cef2c9dff8dd57c6ecf1381ff019fe5d233cc275f	/home/aella/aws-discovery-bionic-focal-retry-20260831/upgrade-discovery/bionic-to-focal/runtime/deb-cache/9b/d4/9bd49557ce96296c5d23f516a2122758db786a57ac94d1552d872e1c81be9f71
bionic-to-focal	2026-08-31T11:35:39Z	GET	http://ap-northeast-2.ec2.archive.ubuntu.com/ubuntu/pool/universe/a/autogen/libopts25_5.18.16-3_amd64.deb	http://ap-northeast-2.ec2.archive.ubuntu.com/ubuntu/pool/universe/a/autogen/libopts25_5.18.16-3_amd64.deb	200	59448	a4ba925c8430fdcda6484364a2307e83743adc253ae7b1028a6f0859400f4c0a	/home/aella/aws-discovery-bionic-focal-retry-20260831/upgrade-discovery/bionic-to-focal/runtime/deb-cache/34/0f/340f780ad26b5d52b8bcb52d21d7380e91d85a0a0ba00ae407d0a34376043b10
bionic-to-focal	2026-08-31T11:35:39Z	GET	http://ap-northeast-2.ec2.archive.ubuntu.com/ubuntu/pool/main/libe/libevent/libevent-core-2.1-7_2.1.11-stable-1_amd64.deb	http://ap-northeast-2.ec2.archive.ubuntu.com/ubuntu/pool/main/libe/libevent/libevent-core-2.1-7_2.1.11-stable-1_amd64.deb	200	89148	21898f8b84265185edcbbbb54031a10f21676aa8af5a634d0a09a206f2b71473	/home/aella/aws-discovery-bionic-focal-retry-20260831/upgrade-discovery/bionic-to-focal/runtime/deb-cache/0a/43/0a4363ae5969e64687ee002404e6c6246783e553c10d1977631ecd3d5dfa9633
bionic-to-focal	2026-08-31T11:35:39Z	GET	http://ap-northeast-2.ec2.archive.ubuntu.com/ubuntu/pool/main/libe/libevent/libevent-pthreads-2.1-7_2.1.11-stable-1_amd64.deb	http://ap-northeast-2.ec2.archive.ubuntu.com/ubuntu/pool/main/libe/libevent/libevent-pthreads-2.1-7_2.1.11-stable-1_amd64.deb	200	7372	c231f8c2d473a7cc6e99824ac57822436f6c4e2e7d742f3efa0a43a2f7051bb3	/home/aella/aws-discovery-bionic-focal-retry-20260831/upgrade-discovery/bionic-to-focal/runtime/deb-cache/86/c8/86c870fc44cac00d361bc574227c71eec8ad82b32d900d515d84115b24c518ba
bionic-to-focal	2026-08-31T11:35:39Z	GET	http://ap-northeast-2.ec2.archive.ubuntu.com/ubuntu/pool/universe/n/ntp/sntp_4.2.8p12%2bdfsg-3ubuntu4.20.04.1_amd64.deb	http://ap-northeast-2.ec2.archive.ubuntu.com/ubuntu/pool/universe/n/ntp/sntp_4.2.8p12%2bdfsg-3ubuntu4.20.04.1_amd64.deb	200	62284	f1d971bf8a4751eadc0b7a77a8c38a67469576917848d6ca8635a9b70f355697	/home/aella/aws-discovery-bionic-focal-retry-20260831/upgrade-discovery/bionic-to-focal/runtime/deb-cache/10/b7/10b757a5be82a292cd99a126a33628c7d300a002aca4f9a8c9efaf8246be1fdb
bionic-to-focal	2026-08-31T11:35:40Z	GET	http://ap-northeast-2.ec2.archive.ubuntu.com/ubuntu/pool/main/a/audit/libaudit-common_2.8.5-2ubuntu6_all.deb	http://ap-northeast-2.ec2.archive.ubuntu.com/ubuntu/pool/main/a/audit/libaudit-common_2.8.5-2ubuntu6_all.deb	200	3936	9fa4a291df5682f5fee12aacdddd9ed09445c352c80d8a1af36056866e4b4906	/home/aella/aws-discovery-bionic-focal-retry-20260831/upgrade-discovery/bionic-to-focal/runtime/deb-cache/1c/32/1c32ff7328d6e9e1ce3f676a616ec15a2ec77ade5a2c4653cdc2f11f7480c9eb
bionic-to-focal	2026-08-31T11:35:40Z	GET	http://ap-northeast-2.ec2.archive.ubuntu.com/ubuntu/pool/main/libc/libcap-ng/libcap-ng0_0.7.9-2.1build1_amd64.deb	http://ap-northeast-2.ec2.archive.ubuntu.com/ubuntu/pool/main/libc/libcap-ng/libcap-ng0_0.7.9-2.1build1_amd64.deb	200	11080	e8606a60a92aa8054d1620781889a8b709c3db8714e3b03b3987f81c7e168d06	/home/aella/aws-discovery-bionic-focal-retry-20260831/upgrade-discovery/bionic-to-focal/runtime/deb-cache/48/36/4836d702cb0f55c69be2b8587e321de44ea89071a0ac69711d43d54fffc257c5
bionic-to-focal	2026-08-31T11:35:41Z	GET	http://ap-northeast-2.ec2.archive.ubuntu.com/ubuntu/pool/main/a/audit/libaudit1_2.8.5-2ubuntu6_amd64.deb	http://ap-northeast-2.ec2.archive.ubuntu.com/ubuntu/pool/main/a/audit/libaudit1_2.8.5-2ubuntu6_amd64.deb	200	38856	fb539f4d848d00e9472444285831e0204b9e92e7ee65dbb72b56e144a6dbedf8	/home/aella/aws-discovery-bionic-focal-retry-20260831/upgrade-discovery/bionic-to-focal/runtime/deb-cache/d9/a8/d9a87f681c4613e0d1ed44c718f0af68aa342df6f05a6ce3903f09381e6c04ce
bionic-to-focal	2026-08-31T11:35:41Z	GET	http://ap-northeast-2.ec2.archive.ubuntu.com/ubuntu/pool/main/p/pam/libpam0g_1.3.1-5ubuntu4.7_amd64.deb	http://ap-northeast-2.ec2.archive.ubuntu.com/ubuntu/pool/main/p/pam/libpam0g_1.3.1-5ubuntu4.7_amd64.deb	200	55368	afc769e31f70c5ccfd9f184019b382c0e4455b0b6494704ec010b811baeea511	/home/aella/aws-discovery-bionic-focal-retry-20260831/upgrade-discovery/bionic-to-focal/runtime/deb-cache/da/f0/daf086da36d861731749ec7798d68907fe3b1b18f3ba54e333fccbc9d6f3aa1e
bionic-to-focal	2026-08-31T11:35:41Z	GET	http://ap-northeast-2.ec2.archive.ubuntu.com/ubuntu/pool/main/libs/libselinux/libselinux1_3.0-1build2_amd64.deb	http://ap-northeast-2.ec2.archive.ubuntu.com/ubuntu/pool/main/libs/libselinux/libselinux1_3.0-1build2_amd64.deb	200	68784	1b8674b6f9e62fbae768d9ffbd686955d08db889ee4107d15ae02d1ec033cc7b	/home/aella/aws-discovery-bionic-focal-retry-20260831/upgrade-discovery/bionic-to-focal/runtime/deb-cache/d0/44/d0444d5c2c8758711d36c401e408578918b1f5e94bd843bb7b5886dc4478b849
bionic-to-focal	2026-08-31T11:35:41Z	GET	http://ap-northeast-2.ec2.archive.ubuntu.com/ubuntu/pool/main/libs/libsepol/libsepol1_3.0-1ubuntu0.1_amd64.deb	http://ap-northeast-2.ec2.archive.ubuntu.com/ubuntu/pool/main/libs/libsepol/libsepol1_3.0-1ubuntu0.1_amd64.deb	200	251652	83811dd753b41ed1bb7cf31fdebcb51dd6e1ad452c4f5ce6a39791ec64152108	/home/aella/aws-discovery-bionic-focal-retry-20260831/upgrade-discovery/bionic-to-focal/runtime/deb-cache/fa/5e/fa5eac8684e66c396f57a37ce31a5ec049880ee8cc9f04372d9db303be0db887
bionic-to-focal	2026-08-31T11:35:41Z	GET	http://ap-northeast-2.ec2.archive.ubuntu.com/ubuntu/pool/main/libs/libsemanage/libsemanage-common_3.0-1build2_all.deb	http://ap-northeast-2.ec2.archive.ubuntu.com/ubuntu/pool/main/libs/libsemanage/libsemanage-common_3.0-1build2_all.deb	200	9792	4141f803c811277d2ea56568a676a79f06017b8c5eb57891741808a27c55fffb	/home/aella/aws-discovery-bionic-focal-retry-20260831/upgrade-discovery/bionic-to-focal/runtime/deb-cache/43/46/4346d26a15a0c4997dbe884548e7faff0a4244b1d45af4f788376e39048b85f9
bionic-to-focal	2026-08-31T11:35:42Z	GET	http://ap-northeast-2.ec2.archive.ubuntu.com/ubuntu/pool/main/libs/libsemanage/libsemanage1_3.0-1build2_amd64.deb	http://ap-northeast-2.ec2.archive.ubuntu.com/ubuntu/pool/main/libs/libsemanage/libsemanage1_3.0-1build2_amd64.deb	200	85528	0d0acf32d855061b30ee8d2a84421e08adbaa781ce8884730ec3c3e3b49bd1f9	/home/aella/aws-discovery-bionic-focal-retry-20260831/upgrade-discovery/bionic-to-focal/runtime/deb-cache/1e/5e/1e5e4c5f13c1f3b3f160931c597597a50085d44df70b2c9d12b3ff379e4b0c3c
bionic-to-focal	2026-08-31T11:35:42Z	GET	http://ap-northeast-2.ec2.archive.ubuntu.com/ubuntu/pool/main/p/pam/libpam-modules-bin_1.3.1-5ubuntu4.7_amd64.deb	http://ap-northeast-2.ec2.archive.ubuntu.com/ubuntu/pool/main/p/pam/libpam-modules-bin_1.3.1-5ubuntu4.7_amd64.deb	200	41152	644e9b03c46d7b99d6bcfe6105d57eeeb00086273081633f5e89951df4600df3	/home/aella/aws-discovery-bionic-focal-retry-20260831/upgrade-discovery/bionic-to-focal/runtime/deb-cache/a2/bc/a2bcf0cc2d6f3c8fcdae8a27dd751f43a193bbaeba11c56e59e6b68c00373cdf
bionic-to-focal	2026-08-31T11:35:42Z	GET	http://ap-northeast-2.ec2.archive.ubuntu.com/ubuntu/pool/main/p/pam/libpam-modules_1.3.1-5ubuntu4.7_amd64.deb	http://ap-northeast-2.ec2.archive.ubuntu.com/ubuntu/pool/main/p/pam/libpam-modules_1.3.1-5ubuntu4.7_amd64.deb	200	260508	aef66cca70cd3b384cc12d385076fc793206be25ffaf7ff52334e14f95d03e0e	/home/aella/aws-discovery-bionic-focal-retry-20260831/upgrade-discovery/bionic-to-focal/runtime/deb-cache/f5/4a/f54a1f59fad79cad2bc8023b2f5afc6e28c32347f44135a6b53917f8293e842b
bionic-to-focal	2026-08-31T11:35:42Z	GET	http://ap-northeast-2.ec2.archive.ubuntu.com/ubuntu/pool/main/s/shadow/passwd_4.8.1-1ubuntu5.20.04.5_amd64.deb	http://ap-northeast-2.ec2.archive.ubuntu.com/ubuntu/pool/main/s/shadow/passwd_4.8.1-1ubuntu5.20.04.5_amd64.deb	200	796836	839d12b834d2ec87945020482493b435ac0297eba9dcbd9ce049f1c542790de9	/home/aella/aws-discovery-bionic-focal-retry-20260831/upgrade-discovery/bionic-to-focal/runtime/deb-cache/76/b5/76b5910a3f942d55a0a2528177cda6a3ee4e1d21a55b8d513ae00e54abe85b2a
bionic-to-focal	2026-08-31T11:35:43Z	GET	http://ap-northeast-2.ec2.archive.ubuntu.com/ubuntu/pool/main/a/adduser/adduser_3.118ubuntu2_all.deb	http://ap-northeast-2.ec2.archive.ubuntu.com/ubuntu/pool/main/a/adduser/adduser_3.118ubuntu2_all.deb	200	162792	5f7ea9d1d52a2a9c349468f89d160230e21c8542faed1b1a97c23bce873e17b4	/home/aella/aws-discovery-bionic-focal-retry-20260831/upgrade-discovery/bionic-to-focal/runtime/deb-cache/6d/e5/6de500ba0fdf8bfdc0ca7ab737cac238d2e02becf9b43fa717638bc05cbce6a3
bionic-to-focal	2026-08-31T11:35:44Z	GET	http://ap-northeast-2.ec2.archive.ubuntu.com/ubuntu/pool/main/k/kbd/kbd_2.0.4-4ubuntu2_amd64.deb	http://ap-northeast-2.ec2.archive.ubuntu.com/ubuntu/pool/main/k/kbd/kbd_2.0.4-4ubuntu2_amd64.deb	200	212556	b40a8e14da86138c6f730fc122ff85936bcc9c8a95c36ec5ed7d6a0a4fc37a59	/home/aella/aws-discovery-bionic-focal-retry-20260831/upgrade-discovery/bionic-to-focal/runtime/deb-cache/f3/57/f357d2b5911dbf655cd1aacddb37831dc1f194deef3d3befdb80965f1e420045
bionic-to-focal	2026-08-31T11:35:44Z	GET	http://ap-northeast-2.ec2.archive.ubuntu.com/ubuntu/pool/main/i/init-system-helpers/init-system-helpers_1.57_all.deb	http://ap-northeast-2.ec2.archive.ubuntu.com/ubuntu/pool/main/i/init-system-helpers/init-system-helpers_1.57_all.deb	200	38260	5628715888e797fcddf2c5b3c3923b0a76dad78916025a52e19375703dd9586c	/home/aella/aws-discovery-bionic-focal-retry-20260831/upgrade-discovery/bionic-to-focal/runtime/deb-cache/9b/c6/9bc617555d85d87f1afd4e6bf31b40d0e68c1067680c51e4de61c5f1b2bf077d
bionic-to-focal	2026-08-31T11:35:45Z	GET	http://ap-northeast-2.ec2.archive.ubuntu.com/ubuntu/pool/main/c/console-setup/console-setup-linux_1.194ubuntu3_all.deb	http://ap-northeast-2.ec2.archive.ubuntu.com/ubuntu/pool/main/c/console-setup/console-setup-linux_1.194ubuntu3_all.deb	200	1494020	dd639fa78d4c444ba47e1d12f74b901f9bb0b3aaa6029304acbf4382e7627c23	/home/aella/aws-discovery-bionic-focal-retry-20260831/upgrade-discovery/bionic-to-focal/runtime/deb-cache/da/99/da99803efc5e96593256bf18fcf480468c8d186b5ef70050bac2768be0d3dfe9
bionic-to-focal	2026-08-31T11:35:45Z	GET	http://ap-northeast-2.ec2.archive.ubuntu.com/ubuntu/pool/main/g/grub2/grub-pc_2.04-1ubuntu26.17_amd64.deb	http://ap-northeast-2.ec2.archive.ubuntu.com/ubuntu/pool/main/g/grub2/grub-pc_2.04-1ubuntu26.17_amd64.deb	200	124744	ec88bc462cde7361422154acc154b1c253eccc0d8ccdbcfde6b10d40e20ca60e	/home/aella/aws-discovery-bionic-focal-retry-20260831/upgrade-discovery/bionic-to-focal/runtime/deb-cache/24/4f/244fa61126963a02334ae3cd85c6453663b041a7054fbb8be8d9e559e64d2be2
bionic-to-focal	2026-08-31T11:35:45Z	GET	http://ap-northeast-2.ec2.archive.ubuntu.com/ubuntu/pool/main/g/grub2/grub2-common_2.04-1ubuntu26.17_amd64.deb	http://ap-northeast-2.ec2.archive.ubuntu.com/ubuntu/pool/main/g/grub2/grub2-common_2.04-1ubuntu26.17_amd64.deb	200	590040	493e446f1c80ba28273a996843e3c770a5717563fa8753ee248f105f6e5ef3b9	/home/aella/aws-discovery-bionic-focal-retry-20260831/upgrade-discovery/bionic-to-focal/runtime/deb-cache/ce/9f/ce9f7ab3b4c655ec2476f1034dcd8be26b4d03764d6b6759290db5d83f7fab6c
bionic-to-focal	2026-08-31T11:35:45Z	GET	http://ap-northeast-2.ec2.archive.ubuntu.com/ubuntu/pool/main/g/grub2/grub-pc-bin_2.04-1ubuntu26.17_amd64.deb	http://ap-northeast-2.ec2.archive.ubuntu.com/ubuntu/pool/main/g/grub2/grub-pc-bin_2.04-1ubuntu26.17_amd64.deb	200	971148	eb71891e5f7eec9f042232ae23910e38392a6f1302170f07575bac07620b70b5	/home/aella/aws-discovery-bionic-focal-retry-20260831/upgrade-discovery/bionic-to-focal/runtime/deb-cache/93/e5/93e50e18dcd23633350933d8f14a66d27947941f39de7d3d9ea0051b40ac1b3b
bionic-to-focal	2026-08-31T11:35:45Z	GET	http://ap-northeast-2.ec2.archive.ubuntu.com/ubuntu/pool/main/g/grub2/grub-common_2.04-1ubuntu26.17_amd64.deb	http://ap-northeast-2.ec2.archive.ubuntu.com/ubuntu/pool/main/g/grub2/grub-common_2.04-1ubuntu26.17_amd64.deb	200	1871752	489a33cf7f079e14b9295761df63ba0b8dacd4a2290525c2947aba3e4dad9a8e	/home/aella/aws-discovery-bionic-focal-retry-20260831/upgrade-discovery/bionic-to-focal/runtime/deb-cache/99/55/99555e780e0be2829386a80c66f57faccbaab5085d22b0dfa081a61dea225331
bionic-to-focal	2026-08-31T11:35:45Z	GET	http://ap-northeast-2.ec2.archive.ubuntu.com/ubuntu/pool/main/f/friendly-recovery/friendly-recovery_0.2.41ubuntu0.20.04.1_all.deb	http://ap-northeast-2.ec2.archive.ubuntu.com/ubuntu/pool/main/f/friendly-recovery/friendly-recovery_0.2.41ubuntu0.20.04.1_all.deb	200	8980	74e937f5f1b5adc8208348aabef393cfa22e59c3366845d7b57a96ff37b80cdc	/home/aella/aws-discovery-bionic-focal-retry-20260831/upgrade-discovery/bionic-to-focal/runtime/deb-cache/93/d4/93d4bd23fa58a276930470593951158c0aec7ab6c89c6872c5a6a6424b48f772
bionic-to-focal	2026-08-31T11:35:45Z	GET	http://ap-northeast-2.ec2.archive.ubuntu.com/ubuntu/pool/main/b/busybox/busybox-initramfs_1.30.1-4ubuntu6.5_amd64.deb	http://ap-northeast-2.ec2.archive.ubuntu.com/ubuntu/pool/main/b/busybox/busybox-initramfs_1.30.1-4ubuntu6.5_amd64.deb	200	168960	65d8917714b9dd16ee7527cbdcd44e3c11860746aa11d1a35e4a251891e2b005	/home/aella/aws-discovery-bionic-focal-retry-20260831/upgrade-discovery/bionic-to-focal/runtime/deb-cache/37/fe/37fe718ce94bf0ef77fb69dd762afcc2f3483c9d0e4b2f996e9434c07f96b84d
bionic-to-focal	2026-08-31T11:35:45Z	GET	http://ap-northeast-2.ec2.archive.ubuntu.com/ubuntu/pool/main/i/initramfs-tools/initramfs-tools-core_0.136ubuntu6.8_all.deb	http://ap-northeast-2.ec2.archive.ubuntu.com/ubuntu/pool/main/i/initramfs-tools/initramfs-tools-core_0.136ubuntu6.8_all.deb	200	47788	5b4ca76e60c7bb2b3c8de981e894b146a1e5b972d64abc5b604012a9b0581e6b	/home/aella/aws-discovery-bionic-focal-retry-20260831/upgrade-discovery/bionic-to-focal/runtime/deb-cache/31/32/31327940ccbaa2c8e04f91c10b5197f1b3f0e2523df6acd498129f0d113cd8d2
bionic-to-focal	2026-08-31T11:35:45Z	GET	http://ap-northeast-2.ec2.archive.ubuntu.com/ubuntu/pool/main/k/klibc/klibc-utils_2.0.7-1ubuntu5.2_amd64.deb	http://ap-northeast-2.ec2.archive.ubuntu.com/ubuntu/pool/main/k/klibc/klibc-utils_2.0.7-1ubuntu5.2_amd64.deb	200	95188	c0b451e0d53cbba71c06c711862a58d10ab8c5a072cd71e87d3034a8aa25a78c	/home/aella/aws-discovery-bionic-focal-retry-20260831/upgrade-discovery/bionic-to-focal/runtime/deb-cache/8a/c8/8ac8fb42688bfbde3c22d1cce3f7affa4f214a8641aa9d588d0e321dcd8bff6c
bionic-to-focal	2026-08-31T11:35:45Z	GET	http://ap-northeast-2.ec2.archive.ubuntu.com/ubuntu/pool/main/i/initramfs-tools/initramfs-tools_0.136ubuntu6.8_all.deb	http://ap-northeast-2.ec2.archive.ubuntu.com/ubuntu/pool/main/i/initramfs-tools/initramfs-tools_0.136ubuntu6.8_all.deb	200	9212	42be9194a22203647eb7f24e38687a6af927f73f1bdb34e570a9ab013e974584	/home/aella/aws-discovery-bionic-focal-retry-20260831/upgrade-discovery/bionic-to-focal/runtime/deb-cache/cc/fa/ccfab327fac5ea96e062edc8f5287f2d3d549e96ec23209c043dffdb20ac1be0
bionic-to-focal	2026-08-31T11:35:45Z	GET	http://ap-northeast-2.ec2.archive.ubuntu.com/ubuntu/pool/main/c/console-setup/console-setup_1.194ubuntu3_all.deb	http://ap-northeast-2.ec2.archive.ubuntu.com/ubuntu/pool/main/c/console-setup/console-setup_1.194ubuntu3_all.deb	200	99984	3e1e052da70c07e2eb9c418b44c6b4d26e54946fcbd7a440195ab2bac5999404	/home/aella/aws-discovery-bionic-focal-retry-20260831/upgrade-discovery/bionic-to-focal/runtime/deb-cache/76/e0/76e092ad7ae2840047b19d7a079e32c5b1c6e157e3bfb04936014d4961691b7d
bionic-to-focal	2026-08-31T11:35:47Z	GET	http://ap-northeast-2.ec2.archive.ubuntu.com/ubuntu/pool/main/c/console-setup/keyboard-configuration_1.194ubuntu3_all.deb	http://ap-northeast-2.ec2.archive.ubuntu.com/ubuntu/pool/main/c/console-setup/keyboard-configuration_1.194ubuntu3_all.deb	200	189552	1685a46e59082932b352c57b116062a4814ce032ffc927dc659b0602af0ebf62	/home/aella/aws-discovery-bionic-focal-retry-20260831/upgrade-discovery/bionic-to-focal/runtime/deb-cache/86/ea/86eab23c17625a696f6b7f16f577e0d99fab6ae92ebb36ec601bdd5eb9106d5c
bionic-to-focal	2026-08-31T11:35:47Z	GET	http://ap-northeast-2.ec2.archive.ubuntu.com/ubuntu/pool/main/a/acl/acl_2.2.53-6_amd64.deb	http://ap-northeast-2.ec2.archive.ubuntu.com/ubuntu/pool/main/a/acl/acl_2.2.53-6_amd64.deb	200	37756	53ce1d07ef8f5feb7e8c806bffb85c140a7a53a2e4407be33debeff179b5500a	/home/aella/aws-discovery-bionic-focal-retry-20260831/upgrade-discovery/bionic-to-focal/runtime/deb-cache/c0/2d/c02d5b85aec16f4f41ad80c85df151cfabbf37b1f13ce7dc8cd93b2928654cbd
bionic-to-focal	2026-08-31T11:35:47Z	GET	http://ap-northeast-2.ec2.archive.ubuntu.com/ubuntu/pool/main/a/acl/libacl1_2.2.53-6_amd64.deb	http://ap-northeast-2.ec2.archive.ubuntu.com/ubuntu/pool/main/a/acl/libacl1_2.2.53-6_amd64.deb	200	18820	9fa9cc2f8eeccd8d29efcb998111b082432c65de75ca60ad9c333289bb3bb765	/home/aella/aws-discovery-bionic-focal-retry-20260831/upgrade-discovery/bionic-to-focal/runtime/deb-cache/e6/a3/e6a3a5a2281c6023934592081eb73f0f20ec06aff67a7ae95cc1fdac0190d820
bionic-to-focal	2026-08-31T11:35:47Z	GET	http://ap-northeast-2.ec2.archive.ubuntu.com/ubuntu/pool/main/u/util-linux/libblkid1_2.34-0.1ubuntu9.6_amd64.deb	http://ap-northeast-2.ec2.archive.ubuntu.com/ubuntu/pool/main/u/util-linux/libblkid1_2.34-0.1ubuntu9.6_amd64.deb	200	136756	d34bb89928706ad665766a45ab48841cff05ef63fe488f74b2c477a75172fca2	/home/aella/aws-discovery-bionic-focal-retry-20260831/upgrade-discovery/bionic-to-focal/runtime/deb-cache/de/79/de797d9fbbc848e3a8a274f63527ad56a8e5ae9b06946b1cc1a360504f56256d
bionic-to-focal	2026-08-31T11:35:47Z	GET	http://ap-northeast-2.ec2.archive.ubuntu.com/ubuntu/pool/main/libz/libzstd/libzstd1_1.4.4%2bdfsg-3ubuntu0.1_amd64.deb	http://ap-northeast-2.ec2.archive.ubuntu.com/ubuntu/pool/main/libz/libzstd/libzstd1_1.4.4%2bdfsg-3ubuntu0.1_amd64.deb	200	236912	7a4422dadb90510dc90765c308d65e61a3e244ceb3886394335e48cff7559e69	/home/aella/aws-discovery-bionic-focal-retry-20260831/upgrade-discovery/bionic-to-focal/runtime/deb-cache/a3/a9/a3a9b37653d6762ad516246861abfee79ea7426f24cfccb984d5feec8e9e8edf
bionic-to-focal	2026-08-31T11:35:47Z	GET	http://ap-northeast-2.ec2.archive.ubuntu.com/ubuntu/pool/main/k/kmod/kmod_27-1ubuntu2.1_amd64.deb	http://ap-northeast-2.ec2.archive.ubuntu.com/ubuntu/pool/main/k/kmod/kmod_27-1ubuntu2.1_amd64.deb	200	94820	d0ffafd10b74f859428225798615ba3d0cfcfa1440e1b6e223a62267a8e635d3	/home/aella/aws-discovery-bionic-focal-retry-20260831/upgrade-discovery/bionic-to-focal/runtime/deb-cache/4d/33/4d3306b6890367330ffaba1ac449575e3b22dfe612960bb114696dc38eff22d0
bionic-to-focal	2026-08-31T11:35:47Z	GET	http://ap-northeast-2.ec2.archive.ubuntu.com/ubuntu/pool/main/k/kmod/libkmod2_27-1ubuntu2.1_amd64.deb	http://ap-northeast-2.ec2.archive.ubuntu.com/ubuntu/pool/main/k/kmod/libkmod2_27-1ubuntu2.1_amd64.deb	200	45328	e21e9ac1e5f4c05b6dc82ffe71357ccffb32f19d351c9877fbc740b6e8bf6721	/home/aella/aws-discovery-bionic-focal-retry-20260831/upgrade-discovery/bionic-to-focal/runtime/deb-cache/19/67/19678d81e3f5f94564940ec53b4d3f66e3428f2ed91ea391b55fa69babb6eee2
bionic-to-focal	2026-08-31T11:35:47Z	GET	http://ap-northeast-2.ec2.archive.ubuntu.com/ubuntu/pool/main/s/systemd/systemd-sysv_245.4-4ubuntu3.24_amd64.deb	http://ap-northeast-2.ec2.archive.ubuntu.com/ubuntu/pool/main/s/systemd/systemd-sysv_245.4-4ubuntu3.24_amd64.deb	200	10284	6b411ccdfd17e68e9883e03d72cb2f66769731a0eac2673b1fa6304eb296ba0a	/home/aella/aws-discovery-bionic-focal-retry-20260831/upgrade-discovery/bionic-to-focal/runtime/deb-cache/59/f2/59f28e21c5982d91e08027b30c23b227ab43b9c1f18122f567a6d27ccd5a469f
bionic-to-focal	2026-08-31T11:35:47Z	GET	http://ap-northeast-2.ec2.archive.ubuntu.com/ubuntu/pool/main/u/util-linux/libmount1_2.34-0.1ubuntu9.6_amd64.deb	http://ap-northeast-2.ec2.archive.ubuntu.com/ubuntu/pool/main/u/util-linux/libmount1_2.34-0.1ubuntu9.6_amd64.deb	200	149220	f8c6e8209025a1ca6e5496107ec793eef142c4a66777f4bc5b1c87bf4de2101e	/home/aella/aws-discovery-bionic-focal-retry-20260831/upgrade-discovery/bionic-to-focal/runtime/deb-cache/be/dd/bedd7349bbe7cbe04ef9b5cf99a6d0773cd9824a879bb67adfdd73e6329e0245
bionic-to-focal	2026-08-31T11:35:47Z	GET	http://ap-northeast-2.ec2.archive.ubuntu.com/ubuntu/pool/main/u/util-linux/libsmartcols1_2.34-0.1ubuntu9.6_amd64.deb	http://ap-northeast-2.ec2.archive.ubuntu.com/ubuntu/pool/main/u/util-linux/libsmartcols1_2.34-0.1ubuntu9.6_amd64.deb	200	100140	2187ac180d6a644eb583e7c37e8c754208ec125bf304f7616cf0bbeb3ab09e9d	/home/aella/aws-discovery-bionic-focal-retry-20260831/upgrade-discovery/bionic-to-focal/runtime/deb-cache/65/fa/65fac618e5c0cbefca381005c889a5d6684c8683ac2344b99961b6c4c83fdd69
bionic-to-focal	2026-08-31T11:35:47Z	GET	http://ap-northeast-2.ec2.archive.ubuntu.com/ubuntu/pool/main/u/util-linux/libfdisk1_2.34-0.1ubuntu9.6_amd64.deb	http://ap-northeast-2.ec2.archive.ubuntu.com/ubuntu/pool/main/u/util-linux/libfdisk1_2.34-0.1ubuntu9.6_amd64.deb	200	175180	1649b5a86b39d62124b026077cb4937985c2a1daa3abb69187f2933397eb5675	/home/aella/aws-discovery-bionic-focal-retry-20260831/upgrade-discovery/bionic-to-focal/runtime/deb-cache/a6/52/a6524d22a946c482afad2d730d6adf80cc0e1c6dfea57ff345cfc8a4186bc1bf
bionic-to-focal	2026-08-31T11:35:47Z	GET	http://ap-northeast-2.ec2.archive.ubuntu.com/ubuntu/pool/main/u/util-linux/fdisk_2.34-0.1ubuntu9.6_amd64.deb	http://ap-northeast-2.ec2.archive.ubuntu.com/ubuntu/pool/main/u/util-linux/fdisk_2.34-0.1ubuntu9.6_amd64.deb	200	119772	48bd631c8a765577cbddd545bb85fc22dc9508bcec61d408cdd8d87baa9c5840	/home/aella/aws-discovery-bionic-focal-retry-20260831/upgrade-discovery/bionic-to-focal/runtime/deb-cache/8b/85/8b8542132c54f30fb54468bcf6dcf7a8a8b037d1429be59921354484c2ddd9d3
bionic-to-focal	2026-08-31T11:35:47Z	GET	http://ap-northeast-2.ec2.archive.ubuntu.com/ubuntu/pool/main/s/shadow/login_4.8.1-1ubuntu5.20.04.5_amd64.deb	http://ap-northeast-2.ec2.archive.ubuntu.com/ubuntu/pool/main/s/shadow/login_4.8.1-1ubuntu5.20.04.5_amd64.deb	200	220016	78ccbf6dd38c2e1d8b6da817781798cd8f2b83dfc7bf9b8b8d3e1436e2b18269	/home/aella/aws-discovery-bionic-focal-retry-20260831/upgrade-discovery/bionic-to-focal/runtime/deb-cache/ea/06/ea0634de1f12840eb3aa31d4233505f3f2f95ec36340d7625ac87c09ded8a5ce
bionic-to-focal	2026-08-31T11:35:47Z	GET	http://ap-northeast-2.ec2.archive.ubuntu.com/ubuntu/pool/main/u/util-linux/util-linux_2.34-0.1ubuntu9.6_amd64.deb	http://ap-northeast-2.ec2.archive.ubuntu.com/ubuntu/pool/main/u/util-linux/util-linux_2.34-0.1ubuntu9.6_amd64.deb	200	1021780	dafd091b4a89f057ddccbc038cf427cab9729dc8bfb43c352caee5e0c4f1ba36	/home/aella/aws-discovery-bionic-focal-retry-20260831/upgrade-discovery/bionic-to-focal/runtime/deb-cache/30/f8/30f86ea6dd5b5d0b89507edfda8a6eeb1ffe553cb229d1c84c8a16346096ad06
bionic-to-focal	2026-08-31T11:35:47Z	GET	http://ap-northeast-2.ec2.archive.ubuntu.com/ubuntu/pool/main/u/util-linux/libuuid1_2.34-0.1ubuntu9.6_amd64.deb	http://ap-northeast-2.ec2.archive.ubuntu.com/ubuntu/pool/main/u/util-linux/libuuid1_2.34-0.1ubuntu9.6_amd64.deb	200	19976	c1fb2ac586d0fbf375890536979fabf1b897e3481dac1696d615275477cb0751	/home/aella/aws-discovery-bionic-focal-retry-20260831/upgrade-discovery/bionic-to-focal/runtime/deb-cache/65/78/6578a25fa41a44aa7de6d3d9291fee6a0eb4ba64de40795782ff8c7612be8868
bionic-to-focal	2026-08-31T11:35:47Z	GET	http://ap-northeast-2.ec2.archive.ubuntu.com/ubuntu/pool/main/l/lsb/lsb-base_11.1.0ubuntu2_all.deb	http://ap-northeast-2.ec2.archive.ubuntu.com/ubuntu/pool/main/l/lsb/lsb-base_11.1.0ubuntu2_all.deb	200	12076	eb40f6e96189cbde27a9cc4681f7ba7b4d51552d1ad74b876aea6a7ccb83f628	/home/aella/aws-discovery-bionic-focal-retry-20260831/upgrade-discovery/bionic-to-focal/runtime/deb-cache/34/47/3447b2093c2e67da85b327032c53f5e631a4fa7b75b07a1706469963eb1093fa
bionic-to-focal	2026-08-31T11:35:47Z	GET	http://ap-northeast-2.ec2.archive.ubuntu.com/ubuntu/pool/main/s/sysvinit/sysvinit-utils_2.96-2.1ubuntu1_amd64.deb	http://ap-northeast-2.ec2.archive.ubuntu.com/ubuntu/pool/main/s/sysvinit/sysvinit-utils_2.96-2.1ubuntu1_amd64.deb	200	20592	ab9c644c65a6b48968991801f4e2846bbfcb1393e0dcbc656a1aa26003b6c57b	/home/aella/aws-discovery-bionic-focal-retry-20260831/upgrade-discovery/bionic-to-focal/runtime/deb-cache/05/b0/05b09f0457b6ba400efd03b16c3d8282fb7254a1f74490efab4842e34e6aa153
bionic-to-focal	2026-08-31T11:35:47Z	GET	http://ap-northeast-2.ec2.archive.ubuntu.com/ubuntu/pool/universe/s/snapd/ubuntu-core-launcher_2.67.1%2b20.04_amd64.deb	http://ap-northeast-2.ec2.archive.ubuntu.com/ubuntu/pool/universe/s/snapd/ubuntu-core-launcher_2.67.1%2b20.04_amd64.deb	200	1640	f71610f732bfaa3de58bc1f0f25676af121d272f7b4656e4e29dd46732821692	/home/aella/aws-discovery-bionic-focal-retry-20260831/upgrade-discovery/bionic-to-focal/runtime/deb-cache/d7/fc/d7fc53ea1f1cd2926532783df105deb87e84771b69b63f247b44ee7510e7eba4
bionic-to-focal	2026-08-31T11:35:48Z	GET	http://ap-northeast-2.ec2.archive.ubuntu.com/ubuntu/pool/main/s/snapd/snapd_2.67.1%2b20.04_amd64.deb	http://ap-northeast-2.ec2.archive.ubuntu.com/ubuntu/pool/main/s/snapd/snapd_2.67.1%2b20.04_amd64.deb	200	26126440	5d7408f8c44598a3392dcfc1fbcb4e0f93dbe1838bf3532da03828f50de1fc81	/home/aella/aws-discovery-bionic-focal-retry-20260831/upgrade-discovery/bionic-to-focal/runtime/deb-cache/75/8b/758b48ccf74aa3aa1509f000d3b5bc4825af558ae6430cd5f7b27ee15cc69a3d
bionic-to-focal	2026-08-31T11:35:48Z	GET	http://ap-northeast-2.ec2.archive.ubuntu.com/ubuntu/pool/main/s/systemd/libnss-systemd_245.4-4ubuntu3.24_amd64.deb	http://ap-northeast-2.ec2.archive.ubuntu.com/ubuntu/pool/main/s/systemd/libnss-systemd_245.4-4ubuntu3.24_amd64.deb	200	95844	b54debf372c437933e1b2037a457362a4c0b1793709050754761eedfc86eeacc	/home/aella/aws-discovery-bionic-focal-retry-20260831/upgrade-discovery/bionic-to-focal/runtime/deb-cache/be/7f/be7f32bac426ecdc3d82fafff17856ed37170690a22cce8c8eddfee23db80131
bionic-to-focal	2026-08-31T11:35:48Z	GET	http://ap-northeast-2.ec2.archive.ubuntu.com/ubuntu/pool/universe/i/ifupdown/ifupdown_0.8.35ubuntu1_amd64.deb	http://ap-northeast-2.ec2.archive.ubuntu.com/ubuntu/pool/universe/i/ifupdown/ifupdown_0.8.35ubuntu1_amd64.deb	200	60524	26120e2aed5a45ee4b8e9b3c104ce447556db92fd44d5d23a44acc9405fe5ea8	/home/aella/aws-discovery-bionic-focal-retry-20260831/upgrade-discovery/bionic-to-focal/runtime/deb-cache/28/9e/289ec288ebdfce5c2065844811bac74c28162da14f523b5c1efc732dea75e5b7
bionic-to-focal	2026-08-31T11:35:48Z	GET	http://ap-northeast-2.ec2.archive.ubuntu.com/ubuntu/pool/main/s/systemd/libpam-systemd_245.4-4ubuntu3.24_amd64.deb	http://ap-northeast-2.ec2.archive.ubuntu.com/ubuntu/pool/main/s/systemd/libpam-systemd_245.4-4ubuntu3.24_amd64.deb	200	185792	b6fc1edcc39c9500017656f196fe62a30f16e56288538de49b5cfd4d5af18a92	/home/aella/aws-discovery-bionic-focal-retry-20260831/upgrade-discovery/bionic-to-focal/runtime/deb-cache/cd/44/cd445f7ce688ea91cfb2e53bb7e59b9e9a73fa99f95538b43c93f05aceadc4dd
bionic-to-focal	2026-08-31T11:35:49Z	GET	http://ap-northeast-2.ec2.archive.ubuntu.com/ubuntu/pool/main/s/systemd/systemd_245.4-4ubuntu3.24_amd64.deb	http://ap-northeast-2.ec2.archive.ubuntu.com/ubuntu/pool/main/s/systemd/systemd_245.4-4ubuntu3.24_amd64.deb	200	3814788	d66c8c0316b7c5269a151c797a27ed32ecd75a3a048ddec34e61ceb3df9a3331	/home/aella/aws-discovery-bionic-focal-retry-20260831/upgrade-discovery/bionic-to-focal/runtime/deb-cache/d8/29/d829a9a3f5869c254cdfc2461e78fe33c558530f71c1e105009051bdcf728f8d
bionic-to-focal	2026-08-31T11:35:49Z	GET	http://ap-northeast-2.ec2.archive.ubuntu.com/ubuntu/pool/main/s/systemd/udev_245.4-4ubuntu3.24_amd64.deb	http://ap-northeast-2.ec2.archive.ubuntu.com/ubuntu/pool/main/s/systemd/udev_245.4-4ubuntu3.24_amd64.deb	200	1366420	9bb8b37f733c16764d6b4c6c035e6b8006517bbb5028536ded076c8f8ddd3316	/home/aella/aws-discovery-bionic-focal-retry-20260831/upgrade-discovery/bionic-to-focal/runtime/deb-cache/7e/da/7eda7d96a924df51fe919965155d22d96900e7fd9c7d5b640f443a5fe49b9ba7
bionic-to-focal	2026-08-31T11:35:49Z	GET	http://ap-northeast-2.ec2.archive.ubuntu.com/ubuntu/pool/main/s/systemd/libudev1_245.4-4ubuntu3.24_amd64.deb	http://ap-northeast-2.ec2.archive.ubuntu.com/ubuntu/pool/main/s/systemd/libudev1_245.4-4ubuntu3.24_amd64.deb	200	75184	f2dc7d6771a2f26b93d1f17cdf3011a2b43b1adfd3df716e396a64c6890a4e3a	/home/aella/aws-discovery-bionic-focal-retry-20260831/upgrade-discovery/bionic-to-focal/runtime/deb-cache/6a/fb/6afb069d9f3e0ddff010878d37ba0521dd529cf1bc237488ecd626449b4ffc1f
bionic-to-focal	2026-08-31T11:35:49Z	GET	http://ap-northeast-2.ec2.archive.ubuntu.com/ubuntu/pool/main/i/initramfs-tools/initramfs-tools-bin_0.136ubuntu6.8_amd64.deb	http://ap-northeast-2.ec2.archive.ubuntu.com/ubuntu/pool/main/i/initramfs-tools/initramfs-tools-bin_0.136ubuntu6.8_amd64.deb	200	11004	9e6b0ae88658c8ef02e9db801cbfb9fd47eeab14fe6deee81c532686f27b677f	/home/aella/aws-discovery-bionic-focal-retry-20260831/upgrade-discovery/bionic-to-focal/runtime/deb-cache/a8/02/a802f827756c88d4d2f0fdae687da000e7d1bf322ca9904efa6b073dae8b23e8
bionic-to-focal	2026-08-31T11:35:49Z	GET	http://ap-northeast-2.ec2.archive.ubuntu.com/ubuntu/pool/main/l/lz4/lz4_1.9.2-2ubuntu0.20.04.1_amd64.deb	http://ap-northeast-2.ec2.archive.ubuntu.com/ubuntu/pool/main/l/lz4/lz4_1.9.2-2ubuntu0.20.04.1_amd64.deb	200	82660	f149a5b7a0d1679e2212ec1de8bac2915feec66efdc368a3821d2eda0e817eaa	/home/aella/aws-discovery-bionic-focal-retry-20260831/upgrade-discovery/bionic-to-focal/runtime/deb-cache/fc/3d/fc3d78128ef19d4f1e76ef196b26a6fb9e166425a8b70d7f751dff5168afa81d
bionic-to-focal	2026-08-31T11:35:50Z	GET	http://ap-northeast-2.ec2.archive.ubuntu.com/ubuntu/pool/main/e/e2fsprogs/libext2fs2_1.45.5-2ubuntu1.2_amd64.deb	http://ap-northeast-2.ec2.archive.ubuntu.com/ubuntu/pool/main/e/e2fsprogs/libext2fs2_1.45.5-2ubuntu1.2_amd64.deb	200	183028	7227b15073a490d945610f964988c3352125a21a545ced32ce6d1591b7b33631	/home/aella/aws-discovery-bionic-focal-retry-20260831/upgrade-discovery/bionic-to-focal/runtime/deb-cache/02/a3/02a356c397a918480d9a8c39ecf67f2f2ebe3ed28d9294fe945bd286961315c3
bionic-to-focal	2026-08-31T11:35:50Z	GET	http://ap-northeast-2.ec2.archive.ubuntu.com/ubuntu/pool/main/e/e2fsprogs/logsave_1.45.5-2ubuntu1.2_amd64.deb	http://ap-northeast-2.ec2.archive.ubuntu.com/ubuntu/pool/main/e/e2fsprogs/logsave_1.45.5-2ubuntu1.2_amd64.deb	200	10228	097db7862f53ffca91a8415f84bcdfd2b48ce098db2f9fc10b41c3fd0d718f13	/home/aella/aws-discovery-bionic-focal-retry-20260831/upgrade-discovery/bionic-to-focal/runtime/deb-cache/f1/22/f1229c3bbfd243e7207e35058cf129f3b9c902bd1b58ba730b2a8b85c72e36b4
bionic-to-focal	2026-08-31T11:35:50Z	GET	http://ap-northeast-2.ec2.archive.ubuntu.com/ubuntu/pool/main/e/e2fsprogs/e2fsprogs_1.45.5-2ubuntu1.2_amd64.deb	http://ap-northeast-2.ec2.archive.ubuntu.com/ubuntu/pool/main/e/e2fsprogs/e2fsprogs_1.45.5-2ubuntu1.2_amd64.deb	200	527124	5a48a652d8ac4c6fb5f7f7659981ae0cf1df80df4da6a303c3e3ffeeaeef5983	/home/aella/aws-discovery-bionic-focal-retry-20260831/upgrade-discovery/bionic-to-focal/runtime/deb-cache/7b/15/7b15198c9f33a54c1181b3878f54cec547b829b8488152f24d4c88aee2881ae8
bionic-to-focal	2026-08-31T11:35:50Z	GET	http://ap-northeast-2.ec2.archive.ubuntu.com/ubuntu/pool/universe/e/e2fsprogs/e2fsprogs-l10n_1.45.5-2ubuntu1.2_all.deb	http://ap-northeast-2.ec2.archive.ubuntu.com/ubuntu/pool/universe/e/e2fsprogs/e2fsprogs-l10n_1.45.5-2ubuntu1.2_all.deb	200	1760	e6909437c8e44cbfe64a6a13a27f348f34cd2b35883611ade9f2487bb8a09651	/home/aella/aws-discovery-bionic-focal-retry-20260831/upgrade-discovery/bionic-to-focal/runtime/deb-cache/df/e5/dfe54e0f553047d3ac6a814454de84cfa05028a01a52d581353d57306f112f49
bionic-to-focal	2026-08-31T11:35:50Z	GET	http://ap-northeast-2.ec2.archive.ubuntu.com/ubuntu/pool/main/k/klibc/libklibc_2.0.7-1ubuntu5.2_amd64.deb	http://ap-northeast-2.ec2.archive.ubuntu.com/ubuntu/pool/main/k/klibc/libklibc_2.0.7-1ubuntu5.2_amd64.deb	200	43208	d780b04ee2d974621272b21f20ef9dcd2f83e32d322e7040e32e3f7e3b94a705	/home/aella/aws-discovery-bionic-focal-retry-20260831/upgrade-discovery/bionic-to-focal/runtime/deb-cache/d1/e1/d1e1fa9a28bb0d263e5fdb9ba7d01141e48cf33a0946a2608d0546af748c089e
bionic-to-focal	2026-08-31T11:35:50Z	GET	http://ap-northeast-2.ec2.archive.ubuntu.com/ubuntu/pool/main/c/cpio/cpio_2.13%2bdfsg-2ubuntu0.4_amd64.deb	http://ap-northeast-2.ec2.archive.ubuntu.com/ubuntu/pool/main/c/cpio/cpio_2.13%2bdfsg-2ubuntu0.4_amd64.deb	200	86980	81149b7e450ee4f62eb6db060ed9f2c4a08a9ad5142c63c226dc810044f73774	/home/aella/aws-discovery-bionic-focal-retry-20260831/upgrade-discovery/bionic-to-focal/runtime/deb-cache/9c/51/9c51f51fee39fe6cabe12b951e9be063fbeb57a482355b0171bfa7f2b2f0caad
bionic-to-focal	2026-08-31T11:35:51Z	GET	http://ap-northeast-2.ec2.archive.ubuntu.com/ubuntu/pool/main/c/coreutils/coreutils_8.30-3ubuntu2_amd64.deb	http://ap-northeast-2.ec2.archive.ubuntu.com/ubuntu/pool/main/c/coreutils/coreutils_8.30-3ubuntu2_amd64.deb	200	1249368	99aa50af84de1737735f2f51e570d60f5842aa1d4a3129527906e7ffda368853	/home/aella/aws-discovery-bionic-focal-retry-20260831/upgrade-discovery/bionic-to-focal/runtime/deb-cache/58/25/582591031dfa4b6c1848fe6f4dbbafc11a2a8df8cc5100fcf40ef91f744dd112
bionic-to-focal	2026-08-31T11:35:51Z	GET	http://ap-northeast-2.ec2.archive.ubuntu.com/ubuntu/pool/main/e/efivar/libefivar1_37-2ubuntu2.2_amd64.deb	http://ap-northeast-2.ec2.archive.ubuntu.com/ubuntu/pool/main/e/efivar/libefivar1_37-2ubuntu2.2_amd64.deb	200	47744	48827a5dff5282733c92ff8ab746506292b527687cb6b1cf6287b14821598e33	/home/aella/aws-discovery-bionic-focal-retry-20260831/upgrade-discovery/bionic-to-focal/runtime/deb-cache/2f/6b/2f6bdbb49c0f20aa0069550b2260ae549e0e65ab1a0c061d9b39c0b925c96a35
bionic-to-focal	2026-08-31T11:35:51Z	GET	http://ap-northeast-2.ec2.archive.ubuntu.com/ubuntu/pool/main/e/efivar/libefiboot1_37-2ubuntu2.2_amd64.deb	http://ap-northeast-2.ec2.archive.ubuntu.com/ubuntu/pool/main/e/efivar/libefiboot1_37-2ubuntu2.2_amd64.deb	200	40480	8d3db7e9c9d00deab7ec8f40c7fcd82d461575c42e08bc6aff7524b039284fd7	/home/aella/aws-discovery-bionic-focal-retry-20260831/upgrade-discovery/bionic-to-focal/runtime/deb-cache/a2/99/a299adbadf881f3cce81791bb4e5d27e3aa32eacd3755578f026f54f041e1b64
bionic-to-focal	2026-08-31T11:35:51Z	GET	http://ap-northeast-2.ec2.archive.ubuntu.com/ubuntu/pool/main/t/texinfo/install-info_6.7.0.dfsg.2-5_amd64.deb	http://ap-northeast-2.ec2.archive.ubuntu.com/ubuntu/pool/main/t/texinfo/install-info_6.7.0.dfsg.2-5_amd64.deb	200	89840	7019227ada3e0928fd97275cc9e48b1a3dea52d8d008c6b89514bfc91dc5c549	/home/aella/aws-discovery-bionic-focal-retry-20260831/upgrade-discovery/bionic-to-focal/runtime/deb-cache/34/17/3417c60e97b1a76fc7c0fa3837722fec78c2340caae700db53582caf9031987d
bionic-to-focal	2026-08-31T11:35:51Z	GET	http://ap-northeast-2.ec2.archive.ubuntu.com/ubuntu/pool/main/l/lvm2/libdevmapper1.02.1_1.02.167-1ubuntu1_amd64.deb	http://ap-northeast-2.ec2.archive.ubuntu.com/ubuntu/pool/main/l/lvm2/libdevmapper1.02.1_1.02.167-1ubuntu1_amd64.deb	200	127216	d06481b2f395abbf74372f64dc13b6bb473e912f3904844afb09a22b2e2f2b8c	/home/aella/aws-discovery-bionic-focal-retry-20260831/upgrade-discovery/bionic-to-focal/runtime/deb-cache/a5/78/a578dba30e16d666565d14e3be0bd7dde9a6f5a67bf8446165b9aa2651dc8248
bionic-to-focal	2026-08-31T11:35:51Z	GET	http://ap-northeast-2.ec2.archive.ubuntu.com/ubuntu/pool/main/s/sensible-utils/sensible-utils_0.0.12%2bnmu1_all.deb	http://ap-northeast-2.ec2.archive.ubuntu.com/ubuntu/pool/main/s/sensible-utils/sensible-utils_0.0.12%2bnmu1_all.deb	200	15016	9ef20f3a2c2eac2d6d80b9ee0550f315d21fc7bc9e643f2f1b1e94c93f444601	/home/aella/aws-discovery-bionic-focal-retry-20260831/upgrade-discovery/bionic-to-focal/runtime/deb-cache/d4/f2/d4f28a768802f9316c75b0a14cb50103df391603f503a92ea9fca4b860d55532
bionic-to-focal	2026-08-31T11:35:52Z	GET	http://ap-northeast-2.ec2.archive.ubuntu.com/ubuntu/pool/main/u/ucf/ucf_3.0038%2bnmu1_all.deb	http://ap-northeast-2.ec2.archive.ubuntu.com/ubuntu/pool/main/u/ucf/ucf_3.0038%2bnmu1_all.deb	200	51620	0fd6782ac99f3d9814960edefd5cceaa84f3a33feec6a149f7edf59431f3a3ac	/home/aella/aws-discovery-bionic-focal-retry-20260831/upgrade-discovery/bionic-to-focal/runtime/deb-cache/c0/68/c068f7c0000c6d92ae033ac65dbf854d4140f62ec32a77877304c47e2c150999
bionic-to-focal	2026-08-31T11:35:52Z	GET	http://ap-northeast-2.ec2.archive.ubuntu.com/ubuntu/pool/main/libp/libpng1.6/libpng16-16_1.6.37-2_amd64.deb	http://ap-northeast-2.ec2.archive.ubuntu.com/ubuntu/pool/main/libp/libpng1.6/libpng16-16_1.6.37-2_amd64.deb	200	179076	6c512b7c67eafe0302026fa719f924bb77b39c57e1845a3d8b81cfd607c3b22c	/home/aella/aws-discovery-bionic-focal-retry-20260831/upgrade-discovery/bionic-to-focal/runtime/deb-cache/a1/90/a190e75cc21eee027545e3c7a446459f327ca1826bd5b036ee5518d586591f52
bionic-to-focal	2026-08-31T11:35:52Z	GET	http://ap-northeast-2.ec2.archive.ubuntu.com/ubuntu/pool/main/f/freetype/libfreetype6_2.10.1-2ubuntu0.4_amd64.deb	http://ap-northeast-2.ec2.archive.ubuntu.com/ubuntu/pool/main/f/freetype/libfreetype6_2.10.1-2ubuntu0.4_amd64.deb	200	340804	db8593630b432c9f69682f6040578a7db3a6ae2df6d172bc0e6df9982a714e27	/home/aella/aws-discovery-bionic-focal-retry-20260831/upgrade-discovery/bionic-to-focal/runtime/deb-cache/98/be/98be32b1acf8dfa4a85b160fd12dd2f4dfa058d9f3ab1439f36803347a2f3f82
bionic-to-focal	2026-08-31T11:35:52Z	GET	http://ap-northeast-2.ec2.archive.ubuntu.com/ubuntu/pool/main/u/util-linux/mount_2.34-0.1ubuntu9.6_amd64.deb	http://ap-northeast-2.ec2.archive.ubuntu.com/ubuntu/pool/main/u/util-linux/mount_2.34-0.1ubuntu9.6_amd64.deb	200	114988	54d73bf8db54c662f18141ff504e08347a795be221638ce6f749fe4c0acdbd44	/home/aella/aws-discovery-bionic-focal-retry-20260831/upgrade-discovery/bionic-to-focal/runtime/deb-cache/d9/46/d9464663804e99fe84362d3da8c68a32baf832ea8ed66c05cb2aed6dc576dead
bionic-to-focal	2026-08-31T11:35:52Z	GET	http://ap-northeast-2.ec2.archive.ubuntu.com/ubuntu/pool/main/s/sed/sed_4.7-1_amd64.deb	http://ap-northeast-2.ec2.archive.ubuntu.com/ubuntu/pool/main/s/sed/sed_4.7-1_amd64.deb	200	189668	a5428ddec609149eb6086cec20bf14a0300972a191eb0cc010e7f1c7f17186f4	/home/aella/aws-discovery-bionic-focal-retry-20260831/upgrade-discovery/bionic-to-focal/runtime/deb-cache/15/06/150684805ff76357034e8009848e4b5d3a56b46754e63f7ad1f00f01d21054b7
bionic-to-focal	2026-08-31T11:35:52Z	GET	http://ap-northeast-2.ec2.archive.ubuntu.com/ubuntu/pool/main/f/fuse/fuse_2.9.9-3_amd64.deb	http://ap-northeast-2.ec2.archive.ubuntu.com/ubuntu/pool/main/f/fuse/fuse_2.9.9-3_amd64.deb	200	26028	80e34d6d1fe2de7ce04842707242ec2235c6bbd856052a7d2a4f543bb9e23d22	/home/aella/aws-discovery-bionic-focal-retry-20260831/upgrade-discovery/bionic-to-focal/runtime/deb-cache/de/a6/dea6bb5970920c50763dbc8c09ceff8018afe69ed16e70dc305b071dd38b7736
bionic-to-focal	2026-08-31T11:35:52Z	GET	http://ap-northeast-2.ec2.archive.ubuntu.com/ubuntu/pool/main/f/fuse/libfuse2_2.9.9-3_amd64.deb	http://ap-northeast-2.ec2.archive.ubuntu.com/ubuntu/pool/main/f/fuse/libfuse2_2.9.9-3_amd64.deb	200	81972	47151c484c772d08759ef02cd49fe4e8abc182222736bfddb98d0263afcb1514	/home/aella/aws-discovery-bionic-focal-retry-20260831/upgrade-discovery/bionic-to-focal/runtime/deb-cache/2d/bb/2dbbf28f761e2739f6384b5ea4799afdcd3ee89809e601131e144c1c44710fa2
bionic-to-focal	2026-08-31T11:35:52Z	GET	http://ap-northeast-2.ec2.archive.ubuntu.com/ubuntu/pool/main/g/gettext/libasprintf0v5_0.19.8.1-10build1_amd64.deb	http://ap-northeast-2.ec2.archive.ubuntu.com/ubuntu/pool/main/g/gettext/libasprintf0v5_0.19.8.1-10build1_amd64.deb	200	7056	5f8955703571f53050d7c23547e887be4b0d5c6523d592fe35864b0cdf494199	/home/aella/aws-discovery-bionic-focal-retry-20260831/upgrade-discovery/bionic-to-focal/runtime/deb-cache/c8/ca/c8caa11838fa424f1b92aaeeae6f48350d027af28557372df4cf9e29c906069d
bionic-to-focal	2026-08-31T11:35:52Z	GET	http://ap-northeast-2.ec2.archive.ubuntu.com/ubuntu/pool/main/g/gettext/gettext-base_0.19.8.1-10build1_amd64.deb	http://ap-northeast-2.ec2.archive.ubuntu.com/ubuntu/pool/main/g/gettext/gettext-base_0.19.8.1-10build1_amd64.deb	200	50244	9ae972f501db4c7193b1fe72015dcc1ef625498560e3fea77e8d8aff83018cc8	/home/aella/aws-discovery-bionic-focal-retry-20260831/upgrade-discovery/bionic-to-focal/runtime/deb-cache/80/66/80665cf59b396ff6d370688a28cef666e042ca6d3d563f44de56b938913d2ef1
bionic-to-focal	2026-08-31T11:35:52Z	GET	http://ap-northeast-2.ec2.archive.ubuntu.com/ubuntu/pool/main/n/newt/python3-newt_0.52.21-4ubuntu2_amd64.deb	http://ap-northeast-2.ec2.archive.ubuntu.com/ubuntu/pool/main/n/newt/python3-newt_0.52.21-4ubuntu2_amd64.deb	200	19216	e6e924bed88f23a1491a322954e9017da67d2e01d9a5ad91f46794cf47e1f77c	/home/aella/aws-discovery-bionic-focal-retry-20260831/upgrade-discovery/bionic-to-focal/runtime/deb-cache/74/8a/748a97154ab0171b865d0dc75509254cca713f64bdaabc380583ab3bcb6e892a
bionic-to-focal	2026-08-31T11:35:53Z	GET	http://ap-northeast-2.ec2.archive.ubuntu.com/ubuntu/pool/main/s/slang2/libslang2_2.3.2-4_amd64.deb	http://ap-northeast-2.ec2.archive.ubuntu.com/ubuntu/pool/main/s/slang2/libslang2_2.3.2-4_amd64.deb	200	428972	da8dde7e4528917587a1418c1805a68240cb3fc7c2e3793028b44702a916503b	/home/aella/aws-discovery-bionic-focal-retry-20260831/upgrade-discovery/bionic-to-focal/runtime/deb-cache/91/9c/919c6c5b74a6e4818e904651ed7e2b0ad9cd3434904b61c4f41c14d4e4297448
bionic-to-focal	2026-08-31T11:35:53Z	GET	http://ap-northeast-2.ec2.archive.ubuntu.com/ubuntu/pool/main/n/newt/libnewt0.52_0.52.21-4ubuntu2_amd64.deb	http://ap-northeast-2.ec2.archive.ubuntu.com/ubuntu/pool/main/n/newt/libnewt0.52_0.52.21-4ubuntu2_amd64.deb	200	41076	1c87c95355f908ffe8608803eacff9c56256edc24f1110d082934d92ec85cd48	/home/aella/aws-discovery-bionic-focal-retry-20260831/upgrade-discovery/bionic-to-focal/runtime/deb-cache/b6/33/b633dc97303c9d0522f301671e7909ed378f6d79dec5002a4c5aa2ce75396aeb
bionic-to-focal	2026-08-31T11:35:53Z	GET	http://ap-northeast-2.ec2.archive.ubuntu.com/ubuntu/pool/main/p/popt/libpopt0_1.16-14_amd64.deb	http://ap-northeast-2.ec2.archive.ubuntu.com/ubuntu/pool/main/p/popt/libpopt0_1.16-14_amd64.deb	200	26252	8548aa6b6a1f2a7b865a13f8643eb2a1caca9113f82c89f24e75c84d7099eed1	/home/aella/aws-discovery-bionic-focal-retry-20260831/upgrade-discovery/bionic-to-focal/runtime/deb-cache/76/dc/76dc06b2d5441d1b93c6eef28f1dd4f99b6dfa2dc5bcad922a7d227c76b06d9e
bionic-to-focal	2026-08-31T11:35:53Z	GET	http://ap-northeast-2.ec2.archive.ubuntu.com/ubuntu/pool/main/n/newt/whiptail_0.52.21-4ubuntu2_amd64.deb	http://ap-northeast-2.ec2.archive.ubuntu.com/ubuntu/pool/main/n/newt/whiptail_0.52.21-4ubuntu2_amd64.deb	200	16960	46e8cf18fcabe611c8a6f9756128e748f2745bbda83e1fe0a9adf3885bed764a	/home/aella/aws-discovery-bionic-focal-retry-20260831/upgrade-discovery/bionic-to-focal/runtime/deb-cache/c1/63/c1630e06192275d265d98e0bac8bac4b273314e81b39b09f5dc5eecce1743805
bionic-to-focal	2026-08-31T11:35:54Z	GET	http://ap-northeast-2.ec2.archive.ubuntu.com/ubuntu/pool/main/l/linux-base/linux-base_4.5ubuntu3.7_all.deb	http://ap-northeast-2.ec2.archive.ubuntu.com/ubuntu/pool/main/l/linux-base/linux-base_4.5ubuntu3.7_all.deb	200	17588	b5e37d1ec9d1162a24a055a7fa15788617b106742622a49cf2a7b048d7259209	/home/aella/aws-discovery-bionic-focal-retry-20260831/upgrade-discovery/bionic-to-focal/runtime/deb-cache/33/cd/33cd8df78c3632c92d748a87fd8afd40674e4dfcd4efb67959d5d113c558a021
bionic-to-focal	2026-08-31T11:35:54Z	GET	http://ap-northeast-2.ec2.archive.ubuntu.com/ubuntu/pool/main/x/xkeyboard-config/xkb-data_2.29-2_all.deb	http://ap-northeast-2.ec2.archive.ubuntu.com/ubuntu/pool/main/x/xkeyboard-config/xkb-data_2.29-2_all.deb	200	348648	890cc198b5a1023e3b3a879448524267d338b046a415bae7aff6216165bc4085	/home/aella/aws-discovery-bionic-focal-retry-20260831/upgrade-discovery/bionic-to-focal/runtime/deb-cache/33/3c/333c696fcc02e96ab030273ac38f413e7a943c8bf1ed59ffa78d05d0c961b5a5
bionic-to-focal	2026-08-31T11:35:54Z	GET	http://ap-northeast-2.ec2.archive.ubuntu.com/ubuntu/pool/main/e/ebtables/ebtables_2.0.11-3build1_amd64.deb	http://ap-northeast-2.ec2.archive.ubuntu.com/ubuntu/pool/main/e/ebtables/ebtables_2.0.11-3build1_amd64.deb	200	80312	7f880e5b09ca162900160dbd7d15739780b4c65427e9cabb30f41e48a2cef3ae	/home/aella/aws-discovery-bionic-focal-retry-20260831/upgrade-discovery/bionic-to-focal/runtime/deb-cache/45/79/457995c9a1c2fead7fa88f012120f923a3885d081364b6df86d42b9b22198e35
bionic-to-focal	2026-08-31T11:35:54Z	GET	http://ap-northeast-2.ec2.archive.ubuntu.com/ubuntu/pool/main/n/netbase/netbase_6.1_all.deb	http://ap-northeast-2.ec2.archive.ubuntu.com/ubuntu/pool/main/n/netbase/netbase_6.1_all.deb	200	13144	acd59678ca4791458468369724b72ccf981603308cb2959668c8487a954f9af4	/home/aella/aws-discovery-bionic-focal-retry-20260831/upgrade-discovery/bionic-to-focal/runtime/deb-cache/2c/9b/2c9ba5abc8ee686ac4a5a7bdbfd68dee418b6e9bb644bc064d530d2890bd8048
bionic-to-focal	2026-08-31T11:35:54Z	GET	http://ap-northeast-2.ec2.archive.ubuntu.com/ubuntu/pool/main/t/tzdata/tzdata_2025b-0ubuntu0.20.04.1_all.deb	http://ap-northeast-2.ec2.archive.ubuntu.com/ubuntu/pool/main/t/tzdata/tzdata_2025b-0ubuntu0.20.04.1_all.deb	200	300012	d63a90a18b7137946897ed893b4981ed7ceeb2e5de91175e6891be98285c3959	/home/aella/aws-discovery-bionic-focal-retry-20260831/upgrade-discovery/bionic-to-focal/runtime/deb-cache/e9/01/e90102e5284fb55e8eb607847ddcbe4cb65bb28f91abff2f6fbdb402c399f660
bionic-to-focal	2026-08-31T11:35:54Z	GET	http://ap-northeast-2.ec2.archive.ubuntu.com/ubuntu/pool/main/libc/libcap2/libcap2_2.32-1ubuntu0.2_amd64.deb	http://ap-northeast-2.ec2.archive.ubuntu.com/ubuntu/pool/main/libc/libcap2/libcap2_2.32-1ubuntu0.2_amd64.deb	200	15716	ab20658e605b6262bada21926d5ef942b01d1d198069793f1fbfc031d3ee3a1a	/home/aella/aws-discovery-bionic-focal-retry-20260831/upgrade-discovery/bionic-to-focal/runtime/deb-cache/26/eb/26eb3638ecc2cf84185b12daa3195c6b18069d6ed2cee7e605ba800ed7860a8d
bionic-to-focal	2026-08-31T11:35:54Z	GET	http://ap-northeast-2.ec2.archive.ubuntu.com/ubuntu/pool/main/libb/libbsd/libbsd0_0.10.0-1_amd64.deb	http://ap-northeast-2.ec2.archive.ubuntu.com/ubuntu/pool/main/libb/libbsd/libbsd0_0.10.0-1_amd64.deb	200	45356	4f668025fe923a372eb7fc368d6769fcfff6809233d48fd20fc072917cd82e60	/home/aella/aws-discovery-bionic-focal-retry-20260831/upgrade-discovery/bionic-to-focal/runtime/deb-cache/ff/8c/ff8caae6a5794458c88d77158c543d5fa4b44f4eea6b6f24b980a1546cb7daf9
bionic-to-focal	2026-08-31T11:35:54Z	GET	http://ap-northeast-2.ec2.archive.ubuntu.com/ubuntu/pool/main/libe/libedit/libedit2_3.1-20191231-1_amd64.deb	http://ap-northeast-2.ec2.archive.ubuntu.com/ubuntu/pool/main/libe/libedit/libedit2_3.1-20191231-1_amd64.deb	200	86952	51a1190157e2dfe2c26bbdc114d1fc659456def2e78e6e9582809cf92a0a49a4	/home/aella/aws-discovery-bionic-focal-retry-20260831/upgrade-discovery/bionic-to-focal/runtime/deb-cache/d5/b4/d5b4090c86d328186942d490d3938dfd26aa48e7797487c661500cf69806fb02
bionic-to-focal	2026-08-31T11:35:54Z	GET	http://ap-northeast-2.ec2.archive.ubuntu.com/ubuntu/pool/universe/n/ntp/ntp_4.2.8p12%2bdfsg-3ubuntu4.20.04.1_amd64.deb	http://ap-northeast-2.ec2.archive.ubuntu.com/ubuntu/pool/universe/n/ntp/ntp_4.2.8p12%2bdfsg-3ubuntu4.20.04.1_amd64.deb	200	656888	b3b6d70c4aacc55509482954311e60bf2457ff0d9edb5c3a793dcc1156c82ed9	/home/aella/aws-discovery-bionic-focal-retry-20260831/upgrade-discovery/bionic-to-focal/runtime/deb-cache/c4/16/c416a1d599b132ff1096ddb29f2f63a146e56e52d3f49cb16df5f6b6b43d7266
bionic-to-focal	2026-08-31T11:35:55Z	GET	http://ap-northeast-2.ec2.archive.ubuntu.com/ubuntu/pool/main/a/apparmor/apparmor_2.13.3-7ubuntu5.4_amd64.deb	http://ap-northeast-2.ec2.archive.ubuntu.com/ubuntu/pool/main/a/apparmor/apparmor_2.13.3-7ubuntu5.4_amd64.deb	200	504704	c3e13c1f06bd381bdef7a12213658ba075143663da266ea2fd914039f5815bb6	/home/aella/aws-discovery-bionic-focal-retry-20260831/upgrade-discovery/bionic-to-focal/runtime/deb-cache/7a/08/7a0823715ca0f40288a9c4b0f22d79fa43b4c00e1c1a6aed8e7b716615f64c46
bionic-to-focal	2026-08-31T11:35:55Z	GET	http://ap-northeast-2.ec2.archive.ubuntu.com/ubuntu/pool/main/o/openssl/openssl_1.1.1f-1ubuntu2.24_amd64.deb	http://ap-northeast-2.ec2.archive.ubuntu.com/ubuntu/pool/main/o/openssl/openssl_1.1.1f-1ubuntu2.24_amd64.deb	200	621492	a595ba61adb73a39076720776767dc0edb9cb7fdbe5407c08343ef27fe493c4a	/home/aella/aws-discovery-bionic-focal-retry-20260831/upgrade-discovery/bionic-to-focal/runtime/deb-cache/10/ca/10ca51440ec9e681b5565b918d08c37df8da24d24881aed81dbba78be79c8f8b
bionic-to-focal	2026-08-31T11:35:55Z	GET	http://ap-northeast-2.ec2.archive.ubuntu.com/ubuntu/pool/main/c/ca-certificates/ca-certificates_20240203%7e20.04.1_all.deb	http://ap-northeast-2.ec2.archive.ubuntu.com/ubuntu/pool/main/c/ca-certificates/ca-certificates_20240203%7e20.04.1_all.deb	200	158936	70961a11b08e2025d07a559285a58f9f27650f275ffe1188fa4bd77375dd244a	/home/aella/aws-discovery-bionic-focal-retry-20260831/upgrade-discovery/bionic-to-focal/runtime/deb-cache/2a/70/2a70e1250f3e09819a39ae05598c7e8f586eec9cebc0e219e6eede7f4bad98c4
bionic-to-focal	2026-08-31T11:35:55Z	GET	http://ap-northeast-2.ec2.archive.ubuntu.com/ubuntu/pool/main/libc/libcbor/libcbor0.6_0.6.0-0ubuntu1_amd64.deb	http://ap-northeast-2.ec2.archive.ubuntu.com/ubuntu/pool/main/libc/libcbor/libcbor0.6_0.6.0-0ubuntu1_amd64.deb	200	21092	bcf2b0dd3b62cc29d28b1a4150f6023c8b57c5dbf3cb4cdb8ee51bcdaf072739	/home/aella/aws-discovery-bionic-focal-retry-20260831/upgrade-discovery/bionic-to-focal/runtime/deb-cache/2c/82/2c829b737f5ffdd93ba8573973290edbc5661762255f6dd43a71c1bccebbfe3d
bionic-to-focal	2026-08-31T11:35:55Z	GET	http://ap-northeast-2.ec2.archive.ubuntu.com/ubuntu/pool/main/libf/libfido2/libfido2-1_1.3.1-1ubuntu2_amd64.deb	http://ap-northeast-2.ec2.archive.ubuntu.com/ubuntu/pool/main/libf/libfido2/libfido2-1_1.3.1-1ubuntu2_amd64.deb	200	47904	3af0d3b8ef2cff01d9a2f04bca11cf16fd91a6f5d5bd2fcf915c7ff24ffacc04	/home/aella/aws-discovery-bionic-focal-retry-20260831/upgrade-discovery/bionic-to-focal/runtime/deb-cache/4e/f1/4ef170aa37d3f761db778a19e50e5a792b0c4929457994b7fda29708eb972a42
bionic-to-focal	2026-08-31T11:35:55Z	GET	http://ap-northeast-2.ec2.archive.ubuntu.com/ubuntu/pool/main/k/krb5/libk5crypto3_1.17-6ubuntu4.11_amd64.deb	http://ap-northeast-2.ec2.archive.ubuntu.com/ubuntu/pool/main/k/krb5/libk5crypto3_1.17-6ubuntu4.11_amd64.deb	200	80316	f5cc56017b5714f427b257e46599f5a228821760439f408ebb7de7c01e5b1ab5	/home/aella/aws-discovery-bionic-focal-retry-20260831/upgrade-discovery/bionic-to-focal/runtime/deb-cache/eb/93/eb93eeb17bef5fe8bf6be6db39159df5fca7ea21c4546ae370126c1e2fc12ba1
bionic-to-focal	2026-08-31T11:35:55Z	GET	http://ap-northeast-2.ec2.archive.ubuntu.com/ubuntu/pool/main/k/krb5/libgssapi-krb5-2_1.17-6ubuntu4.11_amd64.deb	http://ap-northeast-2.ec2.archive.ubuntu.com/ubuntu/pool/main/k/krb5/libgssapi-krb5-2_1.17-6ubuntu4.11_amd64.deb	200	121224	08356bc6b140564abeea043b9cc8e9fd395f0775d652be739da2ea8ed0915322	/home/aella/aws-discovery-bionic-focal-retry-20260831/upgrade-discovery/bionic-to-focal/runtime/deb-cache/c6/67/c66749477ede416313b2e3e38096bd5f2f550bf6cfa7df891324efd679d2f321
bionic-to-focal	2026-08-31T11:35:55Z	GET	http://ap-northeast-2.ec2.archive.ubuntu.com/ubuntu/pool/main/k/krb5/libkrb5-3_1.17-6ubuntu4.11_amd64.deb	http://ap-northeast-2.ec2.archive.ubuntu.com/ubuntu/pool/main/k/krb5/libkrb5-3_1.17-6ubuntu4.11_amd64.deb	200	329500	df7b48565c9304efc382da14d082d66240b4889415c5bf01bfaf8334c60f1d40	/home/aella/aws-discovery-bionic-focal-retry-20260831/upgrade-discovery/bionic-to-focal/runtime/deb-cache/05/99/0599c8505325a1237a0fce068ff72383e482157a504cc7909f8b126babe94534
bionic-to-focal	2026-08-31T11:35:55Z	GET	http://ap-northeast-2.ec2.archive.ubuntu.com/ubuntu/pool/main/k/krb5/libkrb5support0_1.17-6ubuntu4.11_amd64.deb	http://ap-northeast-2.ec2.archive.ubuntu.com/ubuntu/pool/main/k/krb5/libkrb5support0_1.17-6ubuntu4.11_amd64.deb	200	31496	06eb3024db8d8daba8201329f9c53bb94a1a7c7558c51d24967d88712045087a	/home/aella/aws-discovery-bionic-focal-retry-20260831/upgrade-discovery/bionic-to-focal/runtime/deb-cache/6f/03/6f03ff3ff8b1186b8d686d952f7810af21ecc71a07efa92df78a3f1ad960f2c2
bionic-to-focal	2026-08-31T11:35:55Z	GET	http://ap-northeast-2.ec2.archive.ubuntu.com/ubuntu/pool/main/e/e2fsprogs/libcom-err2_1.45.5-2ubuntu1.2_amd64.deb	http://ap-northeast-2.ec2.archive.ubuntu.com/ubuntu/pool/main/e/e2fsprogs/libcom-err2_1.45.5-2ubuntu1.2_amd64.deb	200	9580	248a8d03de9fdb926bae68748e9b7715598759a2d3cd0a375e3a96764997b48b	/home/aella/aws-discovery-bionic-focal-retry-20260831/upgrade-discovery/bionic-to-focal/runtime/deb-cache/57/f9/57f96d2d60b26212e930c9d400682dfaa87f778b1bb138cd3101f57d04d9a4b1
bionic-to-focal	2026-08-31T11:35:55Z	GET	http://ap-northeast-2.ec2.archive.ubuntu.com/ubuntu/pool/main/k/keyutils/libkeyutils1_1.6-6ubuntu1.1_amd64.deb	http://ap-northeast-2.ec2.archive.ubuntu.com/ubuntu/pool/main/k/keyutils/libkeyutils1_1.6-6ubuntu1.1_amd64.deb	200	10252	5a098b2585e549b997a979c38e5bfcc07a5df3efef4753e41ad4dab1122d576c	/home/aella/aws-discovery-bionic-focal-retry-20260831/upgrade-discovery/bionic-to-focal/runtime/deb-cache/4f/5a/4f5a1bfdd4858d07abd94fd1bde00107704c877bdedc8a99c8d6337f898867ba
bionic-to-focal	2026-08-31T11:35:55Z	GET	http://ap-northeast-2.ec2.archive.ubuntu.com/ubuntu/pool/main/o/openssh/openssh-sftp-server_8.2p1-4ubuntu0.13_amd64.deb	http://ap-northeast-2.ec2.archive.ubuntu.com/ubuntu/pool/main/o/openssh/openssh-sftp-server_8.2p1-4ubuntu0.13_amd64.deb	200	51612	dbe332d1f31398d688a3035495107a03ee64c00ba9849c2c0d6d1d92d6187932	/home/aella/aws-discovery-bionic-focal-retry-20260831/upgrade-discovery/bionic-to-focal/runtime/deb-cache/38/ac/38ac99ae6cbfe5f302baafa19145db0c68369343a73c9721c5023e0382de7da0
bionic-to-focal	2026-08-31T11:35:55Z	GET	http://ap-northeast-2.ec2.archive.ubuntu.com/ubuntu/pool/main/p/pam/libpam-runtime_1.3.1-5ubuntu4.7_all.deb	http://ap-northeast-2.ec2.archive.ubuntu.com/ubuntu/pool/main/p/pam/libpam-runtime_1.3.1-5ubuntu4.7_all.deb	200	37288	9e28174f564168fc1befe0ac07638a648ee472b4ecc72e3f8e7722c9802b8d29	/home/aella/aws-discovery-bionic-focal-retry-20260831/upgrade-discovery/bionic-to-focal/runtime/deb-cache/99/54/995430794f2232cdfe5aaa3a9af1a1cc2c7db8e7527b08822a2bb7369220263e
bionic-to-focal	2026-08-31T11:35:55Z	GET	http://ap-northeast-2.ec2.archive.ubuntu.com/ubuntu/pool/main/n/ncurses/libncurses6_6.2-0ubuntu2.1_amd64.deb	http://ap-northeast-2.ec2.archive.ubuntu.com/ubuntu/pool/main/n/ncurses/libncurses6_6.2-0ubuntu2.1_amd64.deb	200	101284	22d14c8c181951185994c7b912f0d7adca8f98267a4051274ece69fe61bd836c	/home/aella/aws-discovery-bionic-focal-retry-20260831/upgrade-discovery/bionic-to-focal/runtime/deb-cache/f2/9e/f29eb02f0b71f275adab66a2796edd76c1a57fdb301a8699924775fa2f4b04ec
bionic-to-focal	2026-08-31T11:35:55Z	GET	http://ap-northeast-2.ec2.archive.ubuntu.com/ubuntu/pool/main/p/procps/libprocps8_3.3.16-1ubuntu2.4_amd64.deb	http://ap-northeast-2.ec2.archive.ubuntu.com/ubuntu/pool/main/p/procps/libprocps8_3.3.16-1ubuntu2.4_amd64.deb	200	33084	afac6e6b1ada27d5f9690e0bb872d9514e592fe506e6411398f55f9f4b75ec37	/home/aella/aws-discovery-bionic-focal-retry-20260831/upgrade-discovery/bionic-to-focal/runtime/deb-cache/d8/25/d8253dae18eded5527f22e930c6e425f1bd5b95151519d312c9f91995128996e
bionic-to-focal	2026-08-31T11:35:55Z	GET	http://ap-northeast-2.ec2.archive.ubuntu.com/ubuntu/pool/main/p/procps/procps_3.3.16-1ubuntu2.4_amd64.deb	http://ap-northeast-2.ec2.archive.ubuntu.com/ubuntu/pool/main/p/procps/procps_3.3.16-1ubuntu2.4_amd64.deb	200	232312	8d780f0aaddfd75d3a0add79767881e58af78bb5c869757d1600835284c5d969	/home/aella/aws-discovery-bionic-focal-retry-20260831/upgrade-discovery/bionic-to-focal/runtime/deb-cache/0a/6b/0a6be1c07c9563a4794ffc83afc891691cec86f5d53dab3bcd09721a03c1ce72
bionic-to-focal	2026-08-31T11:35:55Z	GET	http://ap-northeast-2.ec2.archive.ubuntu.com/ubuntu/pool/universe/t/tcp-wrappers/tcpd_7.6.q-30_amd64.deb	http://ap-northeast-2.ec2.archive.ubuntu.com/ubuntu/pool/universe/t/tcp-wrappers/tcpd_7.6.q-30_amd64.deb	200	24368	b874df01ccc670ea5a08a86ed688b34075ba20dab7194422c19b2d4116d96c61	/home/aella/aws-discovery-bionic-focal-retry-20260831/upgrade-discovery/bionic-to-focal/runtime/deb-cache/62/cf/62cf898b4482ba145b7a682f629d3e1a52e213d8e14b6441a2e5ae01efd0951e
bionic-to-focal	2026-08-31T11:35:56Z	GET	http://ap-northeast-2.ec2.archive.ubuntu.com/ubuntu/pool/main/t/tcp-wrappers/libwrap0_7.6.q-30_amd64.deb	http://ap-northeast-2.ec2.archive.ubuntu.com/ubuntu/pool/main/t/tcp-wrappers/libwrap0_7.6.q-30_amd64.deb	200	46280	f9adf15b372329084215b635e5c630b7b19995484e2e97927c273edc448e613a	/home/aella/aws-discovery-bionic-focal-retry-20260831/upgrade-discovery/bionic-to-focal/runtime/deb-cache/39/62/3962836d57fc147134892f8f9b1f20e9e63fbcabf5e17a21aad8e93872cf68d9
bionic-to-focal	2026-08-31T11:35:56Z	GET	http://ap-northeast-2.ec2.archive.ubuntu.com/ubuntu/pool/main/o/openssh/openssh-server_8.2p1-4ubuntu0.13_amd64.deb	http://ap-northeast-2.ec2.archive.ubuntu.com/ubuntu/pool/main/o/openssh/openssh-server_8.2p1-4ubuntu0.13_amd64.deb	200	378024	4544bc1764fe5d14578c7061f8337c0f3764a89d85dd9679f2b03301d92b534a	/home/aella/aws-discovery-bionic-focal-retry-20260831/upgrade-discovery/bionic-to-focal/runtime/deb-cache/96/8c/968c9efc6215669a18fd8180ca652d39b6bbd91e2f57cd3207d7b66d391cf81b
bionic-to-focal	2026-08-31T11:35:56Z	GET	http://ap-northeast-2.ec2.archive.ubuntu.com/ubuntu/pool/main/g/git/git_2.25.1-1ubuntu3.14_amd64.deb	http://ap-northeast-2.ec2.archive.ubuntu.com/ubuntu/pool/main/g/git/git_2.25.1-1ubuntu3.14_amd64.deb	200	4613292	3fd5cbfa9a6095a2ee2f8d222530f2f1e2bbb53376ab35bd37319562dc914329	/home/aella/aws-discovery-bionic-focal-retry-20260831/upgrade-discovery/bionic-to-focal/runtime/deb-cache/d3/21/d321669f67a03d69444dd4a2c3eec1814715cc6c8bd7413196466bbb14325213
bionic-to-focal	2026-08-31T11:35:56Z	GET	http://ap-northeast-2.ec2.archive.ubuntu.com/ubuntu/pool/main/g/git/git-man_2.25.1-1ubuntu3.14_all.deb	http://ap-northeast-2.ec2.archive.ubuntu.com/ubuntu/pool/main/g/git/git-man_2.25.1-1ubuntu3.14_all.deb	200	886704	dd045e21b71e7c13f45f58d39478f44935c71347d58a9000489d15bb88ce04f5	/home/aella/aws-discovery-bionic-focal-retry-20260831/upgrade-discovery/bionic-to-focal/runtime/deb-cache/93/75/937572c40b7d01148faabef2411b999a540bda57a4c15b5fbb404293836db1f7
bionic-to-focal	2026-08-31T11:35:56Z	GET	http://ap-northeast-2.ec2.archive.ubuntu.com/ubuntu/pool/main/b/brotli/libbrotli1_1.0.7-6ubuntu0.1_amd64.deb	http://ap-northeast-2.ec2.archive.ubuntu.com/ubuntu/pool/main/b/brotli/libbrotli1_1.0.7-6ubuntu0.1_amd64.deb	200	266904	5b64add5ad40cc69ebb9bc663b7ec39c6ef0a3efb6c283ff8c8e4b84017ead74	/home/aella/aws-discovery-bionic-focal-retry-20260831/upgrade-discovery/bionic-to-focal/runtime/deb-cache/0e/55/0e5563c6b89b2fcb02d512b610fefdf26e199053d8050226e8c099cf94e24e9d
bionic-to-focal	2026-08-31T11:35:56Z	GET	http://ap-northeast-2.ec2.archive.ubuntu.com/ubuntu/pool/main/libs/libssh/libssh-4_0.9.3-2ubuntu2.5_amd64.deb	http://ap-northeast-2.ec2.archive.ubuntu.com/ubuntu/pool/main/libs/libssh/libssh-4_0.9.3-2ubuntu2.5_amd64.deb	200	170736	a1a7f1ebb227c7c24c63d448e5b6107893b1747a1a5233f6a85146ea140a68b0	/home/aella/aws-discovery-bionic-focal-retry-20260831/upgrade-discovery/bionic-to-focal/runtime/deb-cache/4b/a4/4ba4d8c85680219d6ec5c99e2431a87a8275b12a8cf938cedb851e935c830448
bionic-to-focal	2026-08-31T11:35:56Z	GET	http://ap-northeast-2.ec2.archive.ubuntu.com/ubuntu/pool/main/c/cyrus-sasl2/libsasl2-modules-db_2.1.27%2bdfsg-2ubuntu0.1_amd64.deb	http://ap-northeast-2.ec2.archive.ubuntu.com/ubuntu/pool/main/c/cyrus-sasl2/libsasl2-modules-db_2.1.27%2bdfsg-2ubuntu0.1_amd64.deb	200	14700	ce29952a8d8b941f4d5bfcdbec3a7c1758ee19a4e6eb9f04d5025c310ee6875a	/home/aella/aws-discovery-bionic-focal-retry-20260831/upgrade-discovery/bionic-to-focal/runtime/deb-cache/3b/5c/3b5c2d7c5fbd44da1f2cf0c7ff6a6dc59f714a03ee0c20a7c6963d1e2efa26cf
bionic-to-focal	2026-08-31T11:35:57Z	GET	http://ap-northeast-2.ec2.archive.ubuntu.com/ubuntu/pool/main/c/cyrus-sasl2/libsasl2-2_2.1.27%2bdfsg-2ubuntu0.1_amd64.deb	http://ap-northeast-2.ec2.archive.ubuntu.com/ubuntu/pool/main/c/cyrus-sasl2/libsasl2-2_2.1.27%2bdfsg-2ubuntu0.1_amd64.deb	200	49332	70ae0b6860eb585ddeddf66dcbbba7a61bf46efae456cdb42ec4fe7d10c03085	/home/aella/aws-discovery-bionic-focal-retry-20260831/upgrade-discovery/bionic-to-focal/runtime/deb-cache/09/76/09766227b82abbda2074ca62e46364b6e2164099b8e59a6f9693800fccd4d1ee
bionic-to-focal	2026-08-31T11:35:57Z	GET	http://ap-northeast-2.ec2.archive.ubuntu.com/ubuntu/pool/main/h/heimdal/libroken18-heimdal_7.7.0%2bdfsg-1ubuntu1.4_amd64.deb	http://ap-northeast-2.ec2.archive.ubuntu.com/ubuntu/pool/main/h/heimdal/libroken18-heimdal_7.7.0%2bdfsg-1ubuntu1.4_amd64.deb	200	42452	c66b925a5f2f3dd068780051249bc6a7779862829cf7bf0dc035d367cf2f0720	/home/aella/aws-discovery-bionic-focal-retry-20260831/upgrade-discovery/bionic-to-focal/runtime/deb-cache/c0/1f/c01f99fc1c0244d1c67331f421085ecf5bc648fcbb618d5d62663e8471f65fe2
bionic-to-focal	2026-08-31T11:35:57Z	GET	http://ap-northeast-2.ec2.archive.ubuntu.com/ubuntu/pool/main/h/heimdal/libasn1-8-heimdal_7.7.0%2bdfsg-1ubuntu1.4_amd64.deb	http://ap-northeast-2.ec2.archive.ubuntu.com/ubuntu/pool/main/h/heimdal/libasn1-8-heimdal_7.7.0%2bdfsg-1ubuntu1.4_amd64.deb	200	180984	842ee340c571c45164352db09571462deaf7b3d909f8a8e7880e6919fc52a14e	/home/aella/aws-discovery-bionic-focal-retry-20260831/upgrade-discovery/bionic-to-focal/runtime/deb-cache/d2/4b/d24b218341d9788e6c0880230d98647fad91d37f25f73204d07fe14375d38e0f
bionic-to-focal	2026-08-31T11:35:57Z	GET	http://ap-northeast-2.ec2.archive.ubuntu.com/ubuntu/pool/main/h/heimdal/libheimbase1-heimdal_7.7.0%2bdfsg-1ubuntu1.4_amd64.deb	http://ap-northeast-2.ec2.archive.ubuntu.com/ubuntu/pool/main/h/heimdal/libheimbase1-heimdal_7.7.0%2bdfsg-1ubuntu1.4_amd64.deb	200	30420	8e836ecde0f39591da8f672c0e0c84bee19cc7fe3b7f091fd5670f44ca686f86	/home/aella/aws-discovery-bionic-focal-retry-20260831/upgrade-discovery/bionic-to-focal/runtime/deb-cache/63/9d/639dd1856c7c6f5a5fcf5620995f458c194424ec80caf8cec6e122f346a68c79
bionic-to-focal	2026-08-31T11:35:57Z	GET	http://ap-northeast-2.ec2.archive.ubuntu.com/ubuntu/pool/main/h/heimdal/libhcrypto4-heimdal_7.7.0%2bdfsg-1ubuntu1.4_amd64.deb	http://ap-northeast-2.ec2.archive.ubuntu.com/ubuntu/pool/main/h/heimdal/libhcrypto4-heimdal_7.7.0%2bdfsg-1ubuntu1.4_amd64.deb	200	88088	8305ccab93c66ed613b8d9328ad2093fc2f79cc1b1db0bffc9deee92b8522a04	/home/aella/aws-discovery-bionic-focal-retry-20260831/upgrade-discovery/bionic-to-focal/runtime/deb-cache/f0/0c/f00c412187a73f41b6c20727038e61e1dfbf0fab79d06e7eb02c3640535e43fe
bionic-to-focal	2026-08-31T11:35:57Z	GET	http://ap-northeast-2.ec2.archive.ubuntu.com/ubuntu/pool/main/h/heimdal/libwind0-heimdal_7.7.0%2bdfsg-1ubuntu1.4_amd64.deb	http://ap-northeast-2.ec2.archive.ubuntu.com/ubuntu/pool/main/h/heimdal/libwind0-heimdal_7.7.0%2bdfsg-1ubuntu1.4_amd64.deb	200	47656	b6c310db9870b95f5abafc77823cdf954735f8e3a4be094f4c548796181bce68	/home/aella/aws-discovery-bionic-focal-retry-20260831/upgrade-discovery/bionic-to-focal/runtime/deb-cache/de/f6/def6f5e4d168b9091d044080c149813041fdb8079b4c5e0af2f5c593de1e99d0
bionic-to-focal	2026-08-31T11:35:57Z	GET	http://ap-northeast-2.ec2.archive.ubuntu.com/ubuntu/pool/main/h/heimdal/libhx509-5-heimdal_7.7.0%2bdfsg-1ubuntu1.4_amd64.deb	http://ap-northeast-2.ec2.archive.ubuntu.com/ubuntu/pool/main/h/heimdal/libhx509-5-heimdal_7.7.0%2bdfsg-1ubuntu1.4_amd64.deb	200	106680	4d33ced52af97d5a5a36b90a559492edfe4c6048087afcde55c3fbd58336a6ab	/home/aella/aws-discovery-bionic-focal-retry-20260831/upgrade-discovery/bionic-to-focal/runtime/deb-cache/db/86/db86ef93dd6c09cb42c67140cabbbb8964bb96929c6fb64580224d9fab007957
bionic-to-focal	2026-08-31T11:35:57Z	GET	http://ap-northeast-2.ec2.archive.ubuntu.com/ubuntu/pool/main/s/sqlite3/libsqlite3-0_3.31.1-4ubuntu0.7_amd64.deb	http://ap-northeast-2.ec2.archive.ubuntu.com/ubuntu/pool/main/s/sqlite3/libsqlite3-0_3.31.1-4ubuntu0.7_amd64.deb	200	548768	82555868d913b6a435c64dfd9efdf3eca01d06e4d5bc97425f14a3f00e5edfd7	/home/aella/aws-discovery-bionic-focal-retry-20260831/upgrade-discovery/bionic-to-focal/runtime/deb-cache/b4/9d/b49d6e8244e18b05e5b1b5ceb8d68719b82786c4fc67557ad5ea10f0c9ee6852
bionic-to-focal	2026-08-31T11:35:57Z	GET	http://ap-northeast-2.ec2.archive.ubuntu.com/ubuntu/pool/main/h/heimdal/libkrb5-26-heimdal_7.7.0%2bdfsg-1ubuntu1.4_amd64.deb	http://ap-northeast-2.ec2.archive.ubuntu.com/ubuntu/pool/main/h/heimdal/libkrb5-26-heimdal_7.7.0%2bdfsg-1ubuntu1.4_amd64.deb	200	207464	4004189e6550a92e912cbffb652d129ae40f7356e1b4211b5858ec3c0c2a2a2c	/home/aella/aws-discovery-bionic-focal-retry-20260831/upgrade-discovery/bionic-to-focal/runtime/deb-cache/1d/76/1d7646661796356e9880e11b76e5e904104f8842da96feaa655c2189bcad9b7f
bionic-to-focal	2026-08-31T11:35:57Z	GET	http://ap-northeast-2.ec2.archive.ubuntu.com/ubuntu/pool/main/h/heimdal/libheimntlm0-heimdal_7.7.0%2bdfsg-1ubuntu1.4_amd64.deb	http://ap-northeast-2.ec2.archive.ubuntu.com/ubuntu/pool/main/h/heimdal/libheimntlm0-heimdal_7.7.0%2bdfsg-1ubuntu1.4_amd64.deb	200	15076	4bb09f998d0130b91e3145a09eb53a54ad087f457c47bf147c509332000dadc7	/home/aella/aws-discovery-bionic-focal-retry-20260831/upgrade-discovery/bionic-to-focal/runtime/deb-cache/66/5c/665c74a04ae155852ad6671252d70606a7e3cf44e0ace707c43e5e696518c06d
bionic-to-focal	2026-08-31T11:35:57Z	GET	http://ap-northeast-2.ec2.archive.ubuntu.com/ubuntu/pool/main/h/heimdal/libgssapi3-heimdal_7.7.0%2bdfsg-1ubuntu1.4_amd64.deb	http://ap-northeast-2.ec2.archive.ubuntu.com/ubuntu/pool/main/h/heimdal/libgssapi3-heimdal_7.7.0%2bdfsg-1ubuntu1.4_amd64.deb	200	96524	424946bdeb726e5829d67a9baf5a81253254c471b9206d5d6a1b7f3d1dfcc7cc	/home/aella/aws-discovery-bionic-focal-retry-20260831/upgrade-discovery/bionic-to-focal/runtime/deb-cache/7c/54/7c54a31eb6e77375dc88dd79cd8b2c13eab4ac2822803fef5233fe4738d38b8c
bionic-to-focal	2026-08-31T11:35:57Z	GET	http://ap-northeast-2.ec2.archive.ubuntu.com/ubuntu/pool/main/o/openldap/libldap-common_2.4.49%2bdfsg-2ubuntu1.10_all.deb	http://ap-northeast-2.ec2.archive.ubuntu.com/ubuntu/pool/main/o/openldap/libldap-common_2.4.49%2bdfsg-2ubuntu1.10_all.deb	200	16456	7bf642d7edcf569b9f9c5067377f9d346377c7bc297e131339ff967d65e911c4	/home/aella/aws-discovery-bionic-focal-retry-20260831/upgrade-discovery/bionic-to-focal/runtime/deb-cache/2c/92/2c92a1e96078ee899f76ab764aebf134ecbc388a7184414aa87b7847c4b11eb7
bionic-to-focal	2026-08-31T11:35:58Z	GET	http://ap-northeast-2.ec2.archive.ubuntu.com/ubuntu/pool/main/o/openldap/libldap-2.4-2_2.4.49%2bdfsg-2ubuntu1.10_amd64.deb	http://ap-northeast-2.ec2.archive.ubuntu.com/ubuntu/pool/main/o/openldap/libldap-2.4-2_2.4.49%2bdfsg-2ubuntu1.10_amd64.deb	200	154540	9b4a479d3bd6d0b27226ee737e054abbb99e171af9ebabed5bde0ad4bade8705	/home/aella/aws-discovery-bionic-focal-retry-20260831/upgrade-discovery/bionic-to-focal/runtime/deb-cache/a9/cf/a9cf3df9fe0fb8bbc504506642a9e6b27ed6c83ef07912abefced0de929fc5ed
bionic-to-focal	2026-08-31T11:35:58Z	GET	http://ap-northeast-2.ec2.archive.ubuntu.com/ubuntu/pool/main/n/nghttp2/libnghttp2-14_1.40.0-1ubuntu0.3_amd64.deb	http://ap-northeast-2.ec2.archive.ubuntu.com/ubuntu/pool/main/n/nghttp2/libnghttp2-14_1.40.0-1ubuntu0.3_amd64.deb	200	79908	5ad180d76df7b79927cd7b9c240218bbef75ea49b44d687adfc2e54dbdf48f28	/home/aella/aws-discovery-bionic-focal-retry-20260831/upgrade-discovery/bionic-to-focal/runtime/deb-cache/b4/2d/b42dc6a353f735eefc5b7b6b2ecf479a214ee4c982c6cb7cb55cd98ca5539b3b
bionic-to-focal	2026-08-31T11:35:58Z	GET	http://ap-northeast-2.ec2.archive.ubuntu.com/ubuntu/pool/main/libp/libpsl/libpsl5_0.21.0-1ubuntu1_amd64.deb	http://ap-northeast-2.ec2.archive.ubuntu.com/ubuntu/pool/main/libp/libpsl/libpsl5_0.21.0-1ubuntu1_amd64.deb	200	51516	650850916833e7776a127a907ea7203f7822b6a11379ddb1f8ce88f0855b5a3c	/home/aella/aws-discovery-bionic-focal-retry-20260831/upgrade-discovery/bionic-to-focal/runtime/deb-cache/3c/8c/3c8ca0d0372ad33a5fa3baadccefb739c47c2a8ce0528657d1086e3fb2c4aab6
bionic-to-focal	2026-08-31T11:35:58Z	GET	http://ap-northeast-2.ec2.archive.ubuntu.com/ubuntu/pool/main/r/rtmpdump/librtmp1_2.4%2b20151223.gitfa8646d.1-2build1_amd64.deb	http://ap-northeast-2.ec2.archive.ubuntu.com/ubuntu/pool/main/r/rtmpdump/librtmp1_2.4%2b20151223.gitfa8646d.1-2build1_amd64.deb	200	54916	f7f1041501c6f643ffc4824b541bd442a47cd63bde7e1d4f76cef10758a08d80	/home/aella/aws-discovery-bionic-focal-retry-20260831/upgrade-discovery/bionic-to-focal/runtime/deb-cache/d8/dc/d8dc0f0066da5541836272ff354b0ac96bfe46eb0f9a8cc0dca37799e075ea89
bionic-to-focal	2026-08-31T11:35:58Z	GET	http://ap-northeast-2.ec2.archive.ubuntu.com/ubuntu/pool/main/c/curl/libcurl3-gnutls_7.68.0-1ubuntu2.25_amd64.deb	http://ap-northeast-2.ec2.archive.ubuntu.com/ubuntu/pool/main/c/curl/libcurl3-gnutls_7.68.0-1ubuntu2.25_amd64.deb	200	232608	82ca962d07c532088359353c4432f1d0b8e1a132f26f51a6e69126e0e8dc94d5	/home/aella/aws-discovery-bionic-focal-retry-20260831/upgrade-discovery/bionic-to-focal/runtime/deb-cache/13/7c/137cd8497b1fefed9f7e1962d28fecdc9a2079e721ede4de7b1ba2dd8821bfc7
bionic-to-focal	2026-08-31T11:35:58Z	GET	http://ap-northeast-2.ec2.archive.ubuntu.com/ubuntu/pool/main/l/linux/linux-libc-dev_5.4.0-216.236_amd64.deb	http://ap-northeast-2.ec2.archive.ubuntu.com/ubuntu/pool/main/l/linux/linux-libc-dev_5.4.0-216.236_amd64.deb	200	1110608	70c9addd36aabd2d031d5ea0fc444f8b193027aef79ff3d8275d25800aed8ede	/home/aella/aws-discovery-bionic-focal-retry-20260831/upgrade-discovery/bionic-to-focal/runtime/deb-cache/f8/75/f87592e7097fdb7d09fa0b9fdf27d77f450fc0714144520797e85ddfd1e6f40b
bionic-to-focal	2026-08-31T11:35:58Z	GET	http://ap-northeast-2.ec2.archive.ubuntu.com/ubuntu/pool/main/e/expat/libexpat1-dev_2.2.9-1ubuntu0.8_amd64.deb	http://ap-northeast-2.ec2.archive.ubuntu.com/ubuntu/pool/main/e/expat/libexpat1-dev_2.2.9-1ubuntu0.8_amd64.deb	200	116812	55fe0549728693a618589b20ff2446a9b54e383fa582ebe475129fde782577c4	/home/aella/aws-discovery-bionic-focal-retry-20260831/upgrade-discovery/bionic-to-focal/runtime/deb-cache/9f/84/9f843fc4a1cdded1b153e22c5bc50ab900aaeb4f987d7c52b1fb3dae69193b85
bionic-to-focal	2026-08-31T11:35:58Z	GET	http://ap-northeast-2.ec2.archive.ubuntu.com/ubuntu/pool/main/e/expat/libexpat1_2.2.9-1ubuntu0.8_amd64.deb	http://ap-northeast-2.ec2.archive.ubuntu.com/ubuntu/pool/main/e/expat/libexpat1_2.2.9-1ubuntu0.8_amd64.deb	200	75552	021d56318dba1f753dc8284623161fad3051e4ec2f69ad84c16d649b1ac7d0c0	/home/aella/aws-discovery-bionic-focal-retry-20260831/upgrade-discovery/bionic-to-focal/runtime/deb-cache/d1/6d/d16db8c5f837a68f6a1117ad66b8e18b8b5b3748c42ebbec608394192d911160
bionic-to-focal	2026-08-31T11:35:58Z	GET	http://ap-northeast-2.ec2.archive.ubuntu.com/ubuntu/pool/main/libe/liberror-perl/liberror-perl_0.17029-1_all.deb	http://ap-northeast-2.ec2.archive.ubuntu.com/ubuntu/pool/main/libe/liberror-perl/liberror-perl_0.17029-1_all.deb	200	26460	13c044def376282cd2a6a4b21e5ec829a6ac8aecd745183df22570e320cec08e	/home/aella/aws-discovery-bionic-focal-retry-20260831/upgrade-discovery/bionic-to-focal/runtime/deb-cache/c8/2c/c82ceedec9080316fb2581394cc83f1d4b2bd600eabfcf06ebbc1ff3ae5d8660
bionic-to-focal	2026-08-31T11:35:58Z	GET	http://ap-northeast-2.ec2.archive.ubuntu.com/ubuntu/pool/main/o/openssh/openssh-client_8.2p1-4ubuntu0.13_amd64.deb	http://ap-northeast-2.ec2.archive.ubuntu.com/ubuntu/pool/main/o/openssh/openssh-client_8.2p1-4ubuntu0.13_amd64.deb	200	670032	d3fd2fbd6d0eab56c96b128000e24664c8cd44027e7d9fb5d7dd228b50fc438b	/home/aella/aws-discovery-bionic-focal-retry-20260831/upgrade-discovery/bionic-to-focal/runtime/deb-cache/34/ae/34ae0e0fba1d607f5d164a28f33c464aab6e8b1727f23c8ce61030bbe79e49d5
bionic-to-focal	2026-08-31T11:35:58Z	GET	http://ap-northeast-2.ec2.archive.ubuntu.com/ubuntu/pool/main/l/lzo2/liblzo2-2_2.10-2_amd64.deb	http://ap-northeast-2.ec2.archive.ubuntu.com/ubuntu/pool/main/l/lzo2/liblzo2-2_2.10-2_amd64.deb	200	50768	182aebdca25f73fae8e567e7ef351c628ec16f15881db675b35b1f1f3762b0de	/home/aella/aws-discovery-bionic-focal-retry-20260831/upgrade-discovery/bionic-to-focal/runtime/deb-cache/24/78/2478d81bcde6d7590611b5d29fc004f75c0a2e234172d99565b8217ddbe3a853
bionic-to-focal	2026-08-31T11:35:58Z	GET	http://ap-northeast-2.ec2.archive.ubuntu.com/ubuntu/pool/main/s/squashfs-tools/squashfs-tools_4.4-1ubuntu0.3_amd64.deb	http://ap-northeast-2.ec2.archive.ubuntu.com/ubuntu/pool/main/s/squashfs-tools/squashfs-tools_4.4-1ubuntu0.3_amd64.deb	200	117356	478e37dfa87f40fe3ef43379913d5b662d91f023f71a2d8141c1d9f22c354c9f	/home/aella/aws-discovery-bionic-focal-retry-20260831/upgrade-discovery/bionic-to-focal/runtime/deb-cache/48/fa/48fab477f7940fbc1b8f725491e5797ce0a99f69e341eba6557afac9e0c4b466
bionic-to-focal	2026-08-31T11:35:58Z	GET	http://ap-northeast-2.ec2.archive.ubuntu.com/ubuntu/pool/main/d/dbus/dbus_1.12.16-2ubuntu2.3_amd64.deb	http://ap-northeast-2.ec2.archive.ubuntu.com/ubuntu/pool/main/d/dbus/dbus_1.12.16-2ubuntu2.3_amd64.deb	200	151244	e148811f57544785ec33373ddc758ebde2ee706d5b5f5cdffb75fdeb4499b59f	/home/aella/aws-discovery-bionic-focal-retry-20260831/upgrade-discovery/bionic-to-focal/runtime/deb-cache/39/13/39131eb207efa968bae6d3a0adc3b75b14ef7424ab9dd85b3da161d5605cf7ae
bionic-to-focal	2026-08-31T11:35:58Z	GET	http://ap-northeast-2.ec2.archive.ubuntu.com/ubuntu/pool/main/d/dbus/libdbus-1-3_1.12.16-2ubuntu2.3_amd64.deb	http://ap-northeast-2.ec2.archive.ubuntu.com/ubuntu/pool/main/d/dbus/libdbus-1-3_1.12.16-2ubuntu2.3_amd64.deb	200	179056	624e7f78a22f483477bf806c3c4278ce3d5c6707d1176a646baf1dfc453a0982	/home/aella/aws-discovery-bionic-focal-retry-20260831/upgrade-discovery/bionic-to-focal/runtime/deb-cache/4a/74/4a74a14156615e6e8c12324890aedbe24ff45aa798f595d16a1c9beaa7a6098f
bionic-to-focal	2026-08-31T11:35:58Z	GET	http://ap-northeast-2.ec2.archive.ubuntu.com/ubuntu/pool/main/d/dbus/dbus-user-session_1.12.16-2ubuntu2.3_amd64.deb	http://ap-northeast-2.ec2.archive.ubuntu.com/ubuntu/pool/main/d/dbus/dbus-user-session_1.12.16-2ubuntu2.3_amd64.deb	200	9424	1da716bbbc15854b49e164ec322ae97e3fb30fa7d51d705694a27336c99eec28	/home/aella/aws-discovery-bionic-focal-retry-20260831/upgrade-discovery/bionic-to-focal/runtime/deb-cache/46/87/46878cf100deb14c46105c3c0fc161ba3b367c8ed9fdb6fa1f549f77be233523
bionic-to-focal	2026-08-31T11:35:58Z	GET	http://ap-northeast-2.ec2.archive.ubuntu.com/ubuntu/pool/main/e/elfutils/libelf1_0.176-1.1ubuntu0.1_amd64.deb	http://ap-northeast-2.ec2.archive.ubuntu.com/ubuntu/pool/main/e/elfutils/libelf1_0.176-1.1ubuntu0.1_amd64.deb	200	44180	af833433c630e8ee85d4e2fbed63ed3c1fba621795f530c9e52cf42d9a898875	/home/aella/aws-discovery-bionic-focal-retry-20260831/upgrade-discovery/bionic-to-focal/runtime/deb-cache/65/69/6569a7cb87c99e3a6a85861bec786a7490d1e3ba4517c6069d3cffb0997888a2
bionic-to-focal	2026-08-31T11:35:58Z	GET	http://ap-northeast-2.ec2.archive.ubuntu.com/ubuntu/pool/main/i/iptables/libip6tc2_1.8.4-3ubuntu2.1_amd64.deb	http://ap-northeast-2.ec2.archive.ubuntu.com/ubuntu/pool/main/i/iptables/libip6tc2_1.8.4-3ubuntu2.1_amd64.deb	200	19424	bc6d8534b26a551d5495b27c6c9457412d15013280f341cf0a6496d60720ec0e	/home/aella/aws-discovery-bionic-focal-retry-20260831/upgrade-discovery/bionic-to-focal/runtime/deb-cache/b0/02/b0020ce027304ca40b73067e034d97f8ed7566de4b209623ab7f566e099cf928
bionic-to-focal	2026-08-31T11:35:58Z	GET	http://ap-northeast-2.ec2.archive.ubuntu.com/ubuntu/pool/main/libn/libnfnetlink/libnfnetlink0_1.0.1-3build1_amd64.deb	http://ap-northeast-2.ec2.archive.ubuntu.com/ubuntu/pool/main/libn/libnfnetlink/libnfnetlink0_1.0.1-3build1_amd64.deb	200	13776	1ec5b07f539ec2d3424f0e0bdb587504908656961738e86706dc949cc8d9a11e	/home/aella/aws-discovery-bionic-focal-retry-20260831/upgrade-discovery/bionic-to-focal/runtime/deb-cache/ef/32/ef32659378558e5148ab88e12996f973d49c61f1d9b8f7f2b9f48078e8246624
bionic-to-focal	2026-08-31T11:35:58Z	GET	http://ap-northeast-2.ec2.archive.ubuntu.com/ubuntu/pool/main/libn/libnetfilter-conntrack/libnetfilter-conntrack3_1.0.7-2_amd64.deb	http://ap-northeast-2.ec2.archive.ubuntu.com/ubuntu/pool/main/libn/libnetfilter-conntrack/libnetfilter-conntrack3_1.0.7-2_amd64.deb	200	41420	ca25ce84eb065c7232bfd56801ff269848ba2f97a3a0265471a8e62811eb4201	/home/aella/aws-discovery-bionic-focal-retry-20260831/upgrade-discovery/bionic-to-focal/runtime/deb-cache/1e/22/1e22b515981b631b22689f77c2ff5423944018ab25acbc0ba7b290be60b5fdf7
bionic-to-focal	2026-08-31T11:35:58Z	GET	http://ap-northeast-2.ec2.archive.ubuntu.com/ubuntu/pool/main/libn/libnftnl/libnftnl11_1.1.5-1_amd64.deb	http://ap-northeast-2.ec2.archive.ubuntu.com/ubuntu/pool/main/libn/libnftnl/libnftnl11_1.1.5-1_amd64.deb	200	57832	8e2583b9162789a7978dd74aaeda1f3d1327cd7c212735a01a7cef1dad1d2525	/home/aella/aws-discovery-bionic-focal-retry-20260831/upgrade-discovery/bionic-to-focal/runtime/deb-cache/11/f3/11f3bde538c855a12fb579f8a4c64067a1f20d8536a0979cc78583c7f410f54b
bionic-to-focal	2026-08-31T11:35:58Z	GET	http://ap-northeast-2.ec2.archive.ubuntu.com/ubuntu/pool/main/i/iptables/libxtables12_1.8.4-3ubuntu2.1_amd64.deb	http://ap-northeast-2.ec2.archive.ubuntu.com/ubuntu/pool/main/i/iptables/libxtables12_1.8.4-3ubuntu2.1_amd64.deb	200	28656	01ac562be84fa1a86cd1dd06bbeca077196402c29496ed37c52dbe55e5dbcdce	/home/aella/aws-discovery-bionic-focal-retry-20260831/upgrade-discovery/bionic-to-focal/runtime/deb-cache/fc/4f/fc4f415dcd4ba36dcf824e87e2dbddf059508813198a29c0671fbfba9b9947d9
bionic-to-focal	2026-08-31T11:35:58Z	GET	http://ap-northeast-2.ec2.archive.ubuntu.com/ubuntu/pool/main/i/iptables/iptables_1.8.4-3ubuntu2.1_amd64.deb	http://ap-northeast-2.ec2.archive.ubuntu.com/ubuntu/pool/main/i/iptables/iptables_1.8.4-3ubuntu2.1_amd64.deb	200	390472	9bf5f8b3bda61cf00b40fe8b7bc9dd76d992f8524ef991720b9c4a38c767cb3a	/home/aella/aws-discovery-bionic-focal-retry-20260831/upgrade-discovery/bionic-to-focal/runtime/deb-cache/50/8b/508bee43842f6c556b177af41baa1fbbe63785d23e8ac37d5dc0c8285ee0b00a
bionic-to-focal	2026-08-31T11:35:58Z	GET	http://ap-northeast-2.ec2.archive.ubuntu.com/ubuntu/pool/main/libc/libcap2/libpam-cap_2.32-1ubuntu0.2_amd64.deb	http://ap-northeast-2.ec2.archive.ubuntu.com/ubuntu/pool/main/libc/libcap2/libpam-cap_2.32-1ubuntu0.2_amd64.deb	200	8376	e6ff5a88740f2e3c015c058551668688f938b5e3b64c5aee245e9ae4830996e6	/home/aella/aws-discovery-bionic-focal-retry-20260831/upgrade-discovery/bionic-to-focal/runtime/deb-cache/92/f1/92f173f570880ece558e7315fbf655b4273e1c2fa691a5b68a636247eb1ecea3
bionic-to-focal	2026-08-31T11:35:58Z	GET	http://ap-northeast-2.ec2.archive.ubuntu.com/ubuntu/pool/main/libc/libcap2/libcap2-bin_2.32-1ubuntu0.2_amd64.deb	http://ap-northeast-2.ec2.archive.ubuntu.com/ubuntu/pool/main/libc/libcap2/libcap2-bin_2.32-1ubuntu0.2_amd64.deb	200	26188	50774d53a85399d21eb07515a3ba8179c2fd1b8cbaff14537dd169981af576bb	/home/aella/aws-discovery-bionic-focal-retry-20260831/upgrade-discovery/bionic-to-focal/runtime/deb-cache/35/65/35650a16fdba16d03db69047cebd77f2b1197bd5cf9bc5dd4690f02033928add
bionic-to-focal	2026-08-31T11:36:00Z	GET	http://ap-northeast-2.ec2.archive.ubuntu.com/ubuntu/pool/main/i/iproute2/iproute2_5.5.0-1ubuntu1_amd64.deb	http://ap-northeast-2.ec2.archive.ubuntu.com/ubuntu/pool/main/i/iproute2/iproute2_5.5.0-1ubuntu1_amd64.deb	200	857960	a85abca744b454f4d2856a5c8e0476f3614dc2881ff09b4f559bff7b41a4d2f8	/home/aella/aws-discovery-bionic-focal-retry-20260831/upgrade-discovery/bionic-to-focal/runtime/deb-cache/7d/db/7ddbe41b536b9675b013a01dd12388fa5f4a5383929d2aee69a97aaf1d6bcdb2
bionic-to-focal	2026-08-31T11:36:00Z	GET	http://ap-northeast-2.ec2.archive.ubuntu.com/ubuntu/pool/main/a/argon2/libargon2-1_0%7e20171227-0.2_amd64.deb	http://ap-northeast-2.ec2.archive.ubuntu.com/ubuntu/pool/main/a/argon2/libargon2-1_0%7e20171227-0.2_amd64.deb	200	19208	dd0c2b89a58400d555df86c58465f95cf6aebec7bdc1e7c96718d25e29a38019	/home/aella/aws-discovery-bionic-focal-retry-20260831/upgrade-discovery/bionic-to-focal/runtime/deb-cache/47/53/47537e447b4c5bda2cf5c6ce27d649160d24bab4a899627fbb816ae036cceb96
bionic-to-focal	2026-08-31T11:36:00Z	GET	http://ap-northeast-2.ec2.archive.ubuntu.com/ubuntu/pool/main/j/json-c/libjson-c4_0.13.1%2bdfsg-7ubuntu0.3_amd64.deb	http://ap-northeast-2.ec2.archive.ubuntu.com/ubuntu/pool/main/j/json-c/libjson-c4_0.13.1%2bdfsg-7ubuntu0.3_amd64.deb	200	29264	81d4d7fa8f1a2f0e1851040119ea105a12dc4d23dd26f4ef2228d8778b981f96	/home/aella/aws-discovery-bionic-focal-retry-20260831/upgrade-discovery/bionic-to-focal/runtime/deb-cache/66/ef/66efabf71bb533aca0382caf86e6d26ac332f17d59222d80bd60ac732302c327
bionic-to-focal	2026-08-31T11:36:00Z	GET	http://ap-northeast-2.ec2.archive.ubuntu.com/ubuntu/pool/main/c/cryptsetup/libcryptsetup12_2.2.2-3ubuntu2.5_amd64.deb	http://ap-northeast-2.ec2.archive.ubuntu.com/ubuntu/pool/main/c/cryptsetup/libcryptsetup12_2.2.2-3ubuntu2.5_amd64.deb	200	166236	77ca4cc1f9deb80f47994b1ab168b8b86d1eb61ea6e8f7dd2cf58299caf3e7aa	/home/aella/aws-discovery-bionic-focal-retry-20260831/upgrade-discovery/bionic-to-focal/runtime/deb-cache/1c/6e/1c6e25cbe8537bde0b32aa9fef5532424c10c35a3a82a9c81413573cbb24b64a
bionic-to-focal	2026-08-31T11:36:01Z	GET	http://ap-northeast-2.ec2.archive.ubuntu.com/ubuntu/pool/main/libs/libseccomp/libseccomp2_2.5.1-1ubuntu1%7e20.04.2_amd64.deb	http://ap-northeast-2.ec2.archive.ubuntu.com/ubuntu/pool/main/libs/libseccomp/libseccomp2_2.5.1-1ubuntu1%7e20.04.2_amd64.deb	200	42540	e2fe929b69bec68e5e00eaecc2e661da0b31d8a5e9df298df43e2ba40983bdc1	/home/aella/aws-discovery-bionic-focal-retry-20260831/upgrade-discovery/bionic-to-focal/runtime/deb-cache/7b/af/7baf428429094ee7ad74d72035ce3ba8de70c065b17a86945aaec109063ccac8
bionic-to-focal	2026-08-31T11:36:02Z	GET	http://ap-northeast-2.ec2.archive.ubuntu.com/ubuntu/pool/main/s/systemd/libsystemd0_245.4-4ubuntu3.24_amd64.deb	http://ap-northeast-2.ec2.archive.ubuntu.com/ubuntu/pool/main/s/systemd/libsystemd0_245.4-4ubuntu3.24_amd64.deb	200	267456	5b510f79d65149f9952220ad9f74c1d6c8d48e3086a688a8c58d0b6ff57f9ee2	/home/aella/aws-discovery-bionic-focal-retry-20260831/upgrade-discovery/bionic-to-focal/runtime/deb-cache/54/3f/543f80a4069d8d27fc7144d741030153c0fb73f9863dd8066b305c05ea7ac1d4
bionic-to-focal	2026-08-31T11:36:02Z	GET	http://ap-northeast-2.ec2.archive.ubuntu.com/ubuntu/pool/main/a/apt/libapt-pkg6.0_2.0.11_amd64.deb	http://ap-northeast-2.ec2.archive.ubuntu.com/ubuntu/pool/main/a/apt/libapt-pkg6.0_2.0.11_amd64.deb	200	842920	f52c97ca0094622d9f43328e3eb6addf0625c52f06adfa07a6beea66419a824a	/home/aella/aws-discovery-bionic-focal-retry-20260831/upgrade-discovery/bionic-to-focal/runtime/deb-cache/14/3c/143cbeaa91c5c6cf6cff25ad8f11d5b28a23987b47bec44589d18b162a2ac098
bionic-to-focal	2026-08-31T11:36:02Z	GET	http://ap-northeast-2.ec2.archive.ubuntu.com/ubuntu/pool/main/g/gnupg2/gpg-wks-client_2.2.19-3ubuntu2.5_amd64.deb	http://ap-northeast-2.ec2.archive.ubuntu.com/ubuntu/pool/main/g/gnupg2/gpg-wks-client_2.2.19-3ubuntu2.5_amd64.deb	200	97764	590411b919c0d31229614a35017860336cf41c0783e0259cf4678ac47e8f651e	/home/aella/aws-discovery-bionic-focal-retry-20260831/upgrade-discovery/bionic-to-focal/runtime/deb-cache/9b/68/9b6866856ae37bd97e758ffc14506e3b74583f831b977166f99002911db11478
bionic-to-focal	2026-08-31T11:36:02Z	GET	http://ap-northeast-2.ec2.archive.ubuntu.com/ubuntu/pool/main/g/gnupg2/dirmngr_2.2.19-3ubuntu2.5_amd64.deb	http://ap-northeast-2.ec2.archive.ubuntu.com/ubuntu/pool/main/g/gnupg2/dirmngr_2.2.19-3ubuntu2.5_amd64.deb	200	329652	fd1d4cf7fcca452d9a314430b6a1f18326083c8079a6494b752db9dfd64178ec	/home/aella/aws-discovery-bionic-focal-retry-20260831/upgrade-discovery/bionic-to-focal/runtime/deb-cache/2d/ae/2dae44644ee7fd82730e283df23b1bb15e27871b084628b8aeb23d6d60ac44f7
bionic-to-focal	2026-08-31T11:36:02Z	GET	http://ap-northeast-2.ec2.archive.ubuntu.com/ubuntu/pool/main/g/gnupg2/gpg_2.2.19-3ubuntu2.5_amd64.deb	http://ap-northeast-2.ec2.archive.ubuntu.com/ubuntu/pool/main/g/gnupg2/gpg_2.2.19-3ubuntu2.5_amd64.deb	200	482628	65a5a6ab90906345a757d6e891770e75bb6cd5e22c7adc65016b9cd7154e0521	/home/aella/aws-discovery-bionic-focal-retry-20260831/upgrade-discovery/bionic-to-focal/runtime/deb-cache/81/ed/81ed3323726afa5d49f93df039061b25550a4f68100578014f064208b7a5711d
bionic-to-focal	2026-08-31T11:36:02Z	GET	http://ap-northeast-2.ec2.archive.ubuntu.com/ubuntu/pool/main/g/gnupg2/gnupg-utils_2.2.19-3ubuntu2.5_amd64.deb	http://ap-northeast-2.ec2.archive.ubuntu.com/ubuntu/pool/main/g/gnupg2/gnupg-utils_2.2.19-3ubuntu2.5_amd64.deb	200	480996	4aebd8dd1124fc64dad3c1e53319e665cc6d944482ff2eae89135b6236a4e14c	/home/aella/aws-discovery-bionic-focal-retry-20260831/upgrade-discovery/bionic-to-focal/runtime/deb-cache/b9/21/b92127d15e0ebbf0daf196503283a2b0ac1dcbd681c1453553422f444ee76e7f
bionic-to-focal	2026-08-31T11:36:02Z	GET	http://ap-northeast-2.ec2.archive.ubuntu.com/ubuntu/pool/main/g/gnupg2/gnupg-l10n_2.2.19-3ubuntu2.5_all.deb	http://ap-northeast-2.ec2.archive.ubuntu.com/ubuntu/pool/main/g/gnupg2/gnupg-l10n_2.2.19-3ubuntu2.5_all.deb	200	51896	621aea742f705ec85bc45866803020e4cf5beb56b5e093c637de71b5844da362	/home/aella/aws-discovery-bionic-focal-retry-20260831/upgrade-discovery/bionic-to-focal/runtime/deb-cache/de/e2/dee27fc7b09f01606d43c8f017500ce8e22361c398e8758934d9b5277fe50a9a
bionic-to-focal	2026-08-31T11:36:02Z	GET	http://ap-northeast-2.ec2.archive.ubuntu.com/ubuntu/pool/main/g/gnupg2/gpg-agent_2.2.19-3ubuntu2.5_amd64.deb	http://ap-northeast-2.ec2.archive.ubuntu.com/ubuntu/pool/main/g/gnupg2/gpg-agent_2.2.19-3ubuntu2.5_amd64.deb	200	231624	7ee8be5196cbda7dc5fb247740fd11cd3a4859e0ccf216214d7f8745d9d02b59	/home/aella/aws-discovery-bionic-focal-retry-20260831/upgrade-discovery/bionic-to-focal/runtime/deb-cache/6e/6c/6e6cc0ae4491222b50c1f6101850107f3b743b410e40f2c1192aad4143c21a04
bionic-to-focal	2026-08-31T11:36:02Z	GET	http://ap-northeast-2.ec2.archive.ubuntu.com/ubuntu/pool/main/g/gnupg2/gpgsm_2.2.19-3ubuntu2.5_amd64.deb	http://ap-northeast-2.ec2.archive.ubuntu.com/ubuntu/pool/main/g/gnupg2/gpgsm_2.2.19-3ubuntu2.5_amd64.deb	200	216912	8b76cfe26afa8bf2846451e7eb61af1cbecba3da3c6d88f1dc38d2fa99879186	/home/aella/aws-discovery-bionic-focal-retry-20260831/upgrade-discovery/bionic-to-focal/runtime/deb-cache/09/a1/09a1f799a9a885780a877772f50c427ccaec50764c72d36a012329d0b88734e5
bionic-to-focal	2026-08-31T11:36:02Z	GET	http://ap-northeast-2.ec2.archive.ubuntu.com/ubuntu/pool/main/g/gnupg2/gpgconf_2.2.19-3ubuntu2.5_amd64.deb	http://ap-northeast-2.ec2.archive.ubuntu.com/ubuntu/pool/main/g/gnupg2/gpgconf_2.2.19-3ubuntu2.5_amd64.deb	200	123960	e7024599d7df62f50074a654bbb62df78740dc86d57a4da7109a55dd80cb6c08	/home/aella/aws-discovery-bionic-focal-retry-20260831/upgrade-discovery/bionic-to-focal/runtime/deb-cache/51/a6/51a6fff7a1fc75faac6b18395fa7101edf5825e93c87ae0e8994c95f24c9e3af
bionic-to-focal	2026-08-31T11:36:02Z	GET	http://ap-northeast-2.ec2.archive.ubuntu.com/ubuntu/pool/main/g/gnupg2/gnupg_2.2.19-3ubuntu2.5_all.deb	http://ap-northeast-2.ec2.archive.ubuntu.com/ubuntu/pool/main/g/gnupg2/gnupg_2.2.19-3ubuntu2.5_all.deb	200	258944	b4d8225524bb82412b24c821d431efd8d564e9bd0ee175f774ed344637657648	/home/aella/aws-discovery-bionic-focal-retry-20260831/upgrade-discovery/bionic-to-focal/runtime/deb-cache/6c/92/6c9264bb48b76c35278fd5a3676764b19a3365a2ec96512f24e2b0e09e614b43
bionic-to-focal	2026-08-31T11:36:02Z	GET	http://ap-northeast-2.ec2.archive.ubuntu.com/ubuntu/pool/main/g/gnupg2/gpg-wks-server_2.2.19-3ubuntu2.5_amd64.deb	http://ap-northeast-2.ec2.archive.ubuntu.com/ubuntu/pool/main/g/gnupg2/gpg-wks-server_2.2.19-3ubuntu2.5_amd64.deb	200	89980	7c40712f1dc01bd8d8cf58292dee693a354b7b85faf307793e1e0c9c236b9755	/home/aella/aws-discovery-bionic-focal-retry-20260831/upgrade-discovery/bionic-to-focal/runtime/deb-cache/ab/54/ab54339312f454ee8957570b03d435f4b805060f265039b7a44260bda425436b
bionic-to-focal	2026-08-31T11:36:02Z	GET	http://ap-northeast-2.ec2.archive.ubuntu.com/ubuntu/pool/main/liba/libassuan/libassuan0_2.5.3-7ubuntu2_amd64.deb	http://ap-northeast-2.ec2.archive.ubuntu.com/ubuntu/pool/main/liba/libassuan/libassuan0_2.5.3-7ubuntu2_amd64.deb	200	35668	a8dd19ba8e561e934a65f8a65bcc99ab60e34b622fb57cc552a31057547b9efc	/home/aella/aws-discovery-bionic-focal-retry-20260831/upgrade-discovery/bionic-to-focal/runtime/deb-cache/7d/e2/7de23f0460317028eba23a6681e2bb650ab4f7b0c4b0679a16d27118ce447c97
bionic-to-focal	2026-08-31T11:36:02Z	GET	http://ap-northeast-2.ec2.archive.ubuntu.com/ubuntu/pool/main/libk/libksba/libksba8_1.3.5-2ubuntu0.20.04.2_amd64.deb	http://ap-northeast-2.ec2.archive.ubuntu.com/ubuntu/pool/main/libk/libksba/libksba8_1.3.5-2ubuntu0.20.04.2_amd64.deb	200	95152	8e2c3fd03541fc878e5f3dbd4e7840845cab37616a8631691cbb42c560410d5b	/home/aella/aws-discovery-bionic-focal-retry-20260831/upgrade-discovery/bionic-to-focal/runtime/deb-cache/72/5f/725f0139bd00a1633112b4ac1b3b5d1f9049255f88b70b712f66d938def86ca5
bionic-to-focal	2026-08-31T11:36:02Z	GET	http://ap-northeast-2.ec2.archive.ubuntu.com/ubuntu/pool/main/p/pinentry/pinentry-curses_1.1.0-3build1_amd64.deb	http://ap-northeast-2.ec2.archive.ubuntu.com/ubuntu/pool/main/p/pinentry/pinentry-curses_1.1.0-3build1_amd64.deb	200	36296	c5e3051835b0e5d5953b5b2c4b3dba63157b619b2cabb898cdb18c470e1381c7	/home/aella/aws-discovery-bionic-focal-retry-20260831/upgrade-discovery/bionic-to-focal/runtime/deb-cache/3a/0a/3a0a3ac9fb7df14136f19b91a86d6dc61d80339df38d2c0bbeb46f34a197e0e1
bionic-to-focal	2026-08-31T11:36:03Z	GET	http://ap-northeast-2.ec2.archive.ubuntu.com/ubuntu/pool/main/n/npth/libnpth0_1.6-1_amd64.deb	http://ap-northeast-2.ec2.archive.ubuntu.com/ubuntu/pool/main/n/npth/libnpth0_1.6-1_amd64.deb	200	7736	bacdfa0ddc787f5d281a239b18cff6b2025b1a5ca548283e42ee39bfb7a062e8	/home/aella/aws-discovery-bionic-focal-retry-20260831/upgrade-discovery/bionic-to-focal/runtime/deb-cache/72/55/72550dded89cd4e6cb7469ba0763cda2c6a3fa946c6e33fedd97d71393305626
bionic-to-focal	2026-08-31T11:36:03Z	GET	http://ap-northeast-2.ec2.archive.ubuntu.com/ubuntu/pool/main/g/gnupg2/gpgv_2.2.19-3ubuntu2.5_amd64.deb	http://ap-northeast-2.ec2.archive.ubuntu.com/ubuntu/pool/main/g/gnupg2/gpgv_2.2.19-3ubuntu2.5_amd64.deb	200	200496	2881f2a428da14851a6dc66a9e2241dd19fb5d1537b8b2407555b281141946cd	/home/aella/aws-discovery-bionic-focal-retry-20260831/upgrade-discovery/bionic-to-focal/runtime/deb-cache/41/df/41df95102eb94a324394f85e35a6b0c427c652076652ef163ed2f600f4a5bdef
bionic-to-focal	2026-08-31T11:36:03Z	GET	http://ap-northeast-2.ec2.archive.ubuntu.com/ubuntu/pool/main/u/ubuntu-keyring/ubuntu-keyring_2020.02.11.4_all.deb	http://ap-northeast-2.ec2.archive.ubuntu.com/ubuntu/pool/main/u/ubuntu-keyring/ubuntu-keyring_2020.02.11.4_all.deb	200	22076	2684fae16e90a9ff3cb4dc08a8af5bd9973d38763b60e5f458dea0b403a39788	/home/aella/aws-discovery-bionic-focal-retry-20260831/upgrade-discovery/bionic-to-focal/runtime/deb-cache/32/bf/32bf0d25d9e05bfffdf107ca475b65c2ae6c616a730f2a1afd7e83fe14e21368
bionic-to-focal	2026-08-31T11:36:03Z	GET	http://ap-northeast-2.ec2.archive.ubuntu.com/ubuntu/pool/main/a/apt/apt-utils_2.0.11_amd64.deb	http://ap-northeast-2.ec2.archive.ubuntu.com/ubuntu/pool/main/a/apt/apt-utils_2.0.11_amd64.deb	200	213468	e0450291e086697befd7a74bd98d9ee2857b7732e05e7f8fd48619967aab7382	/home/aella/aws-discovery-bionic-focal-retry-20260831/upgrade-discovery/bionic-to-focal/runtime/deb-cache/f8/68/f86854ae79579c0fd65dac279d0b5c96c730f3064eca78de1e40d1a0cc28bc7d
bionic-to-focal	2026-08-31T11:36:03Z	GET	http://ap-northeast-2.ec2.archive.ubuntu.com/ubuntu/pool/main/u/ubuntu-advantage-tools/ubuntu-pro-client-l10n_37.1ubuntu0%7e20.04.1_amd64.deb	http://ap-northeast-2.ec2.archive.ubuntu.com/ubuntu/pool/main/u/ubuntu-advantage-tools/ubuntu-pro-client-l10n_37.1ubuntu0%7e20.04.1_amd64.deb	200	1592	3738e25c1104bcae280b659ca264aaf77bdd149829d184f71262242083f5a78c	/home/aella/aws-discovery-bionic-focal-retry-20260831/upgrade-discovery/bionic-to-focal/runtime/deb-cache/24/cf/24cf2b6419d4405b85bb1ec011fb9bafcc811fc9b062393ca20931100c082cd2
bionic-to-focal	2026-08-31T11:36:03Z	GET	http://ap-northeast-2.ec2.archive.ubuntu.com/ubuntu/pool/main/u/ubuntu-advantage-tools/ubuntu-pro-client_37.1ubuntu0%7e20.04.1_amd64.deb	http://ap-northeast-2.ec2.archive.ubuntu.com/ubuntu/pool/main/u/ubuntu-advantage-tools/ubuntu-pro-client_37.1ubuntu0%7e20.04.1_amd64.deb	200	237284	c5b42dc1140757573fcb32daba4a9b8271ed41c5e720c4b25be60f7dfa96a88c	/home/aella/aws-discovery-bionic-focal-retry-20260831/upgrade-discovery/bionic-to-focal/runtime/deb-cache/19/97/199782f840cdd6ccdcc8cd6dbdce53300848e6790baa20584fdc585fad741e48
bionic-to-focal	2026-08-31T11:36:03Z	GET	http://ap-northeast-2.ec2.archive.ubuntu.com/ubuntu/pool/main/p/python3.8/libpython3.8-minimal_3.8.10-0ubuntu1%7e20.04.18_amd64.deb	http://ap-northeast-2.ec2.archive.ubuntu.com/ubuntu/pool/main/p/python3.8/libpython3.8-minimal_3.8.10-0ubuntu1%7e20.04.18_amd64.deb	200	720576	9c6f278dbc95c17fa594ab8da3a92c9e92741474170c406c4724ee822447142e	/home/aella/aws-discovery-bionic-focal-retry-20260831/upgrade-discovery/bionic-to-focal/runtime/deb-cache/ba/3f/ba3f4ae0dec5b5a09eb95cbdc4e3e2e2934fc57d70072de163fd8a08e09bfc43
bionic-to-focal	2026-08-31T11:36:03Z	GET	http://ap-northeast-2.ec2.archive.ubuntu.com/ubuntu/pool/main/p/python3.8/python3.8-minimal_3.8.10-0ubuntu1%7e20.04.18_amd64.deb	http://ap-northeast-2.ec2.archive.ubuntu.com/ubuntu/pool/main/p/python3.8/python3.8-minimal_3.8.10-0ubuntu1%7e20.04.18_amd64.deb	200	1899928	3fc6e0a03c90a9d2b3cf11bf7a64b548e07e8d20eb5f687c983c026162e5dc5e	/home/aella/aws-discovery-bionic-focal-retry-20260831/upgrade-discovery/bionic-to-focal/runtime/deb-cache/8b/d3/8bd3b8d13f15a5b7001f283b2d51578a4be3382fe8997bcf4de4a8962ad3ddc6
bionic-to-focal	2026-08-31T11:36:03Z	GET	http://ap-northeast-2.ec2.archive.ubuntu.com/ubuntu/pool/main/p/python3-defaults/python3-minimal_3.8.2-0ubuntu2_amd64.deb	http://ap-northeast-2.ec2.archive.ubuntu.com/ubuntu/pool/main/p/python3-defaults/python3-minimal_3.8.2-0ubuntu2_amd64.deb	200	23560	a5d7a5f8a34faac06706f801ca56f3850454b3f6ebeac9729d0f194763cdb079	/home/aella/aws-discovery-bionic-focal-retry-20260831/upgrade-discovery/bionic-to-focal/runtime/deb-cache/3d/4b/3d4b24402faddecc9ae0da6abe50917518d547cc2fe2b6409d9c1f26cfa1470c
bionic-to-focal	2026-08-31T11:36:03Z	GET	http://ap-northeast-2.ec2.archive.ubuntu.com/ubuntu/pool/main/r/readline/libreadline8_8.0-4_amd64.deb	http://ap-northeast-2.ec2.archive.ubuntu.com/ubuntu/pool/main/r/readline/libreadline8_8.0-4_amd64.deb	200	130880	5c0e982098eeb1b69a1360f4dc20553397d0a41240f3b2fc2812ee3f02274a82	/home/aella/aws-discovery-bionic-focal-retry-20260831/upgrade-discovery/bionic-to-focal/runtime/deb-cache/1a/43/1a43d7d7821d179a869a42bcd7a3f6bd7d8ebf2c090a47f46995b212a1bbe1cb
bionic-to-focal	2026-08-31T11:36:03Z	GET	http://ap-northeast-2.ec2.archive.ubuntu.com/ubuntu/pool/main/p/python3.8/libpython3.8-stdlib_3.8.10-0ubuntu1%7e20.04.18_amd64.deb	http://ap-northeast-2.ec2.archive.ubuntu.com/ubuntu/pool/main/p/python3.8/libpython3.8-stdlib_3.8.10-0ubuntu1%7e20.04.18_amd64.deb	200	1676000	2e37173e0f5b8b13e6d3fded96f1b1e32792b673e6cc4e6b0a2e927091e34fd2	/home/aella/aws-discovery-bionic-focal-retry-20260831/upgrade-discovery/bionic-to-focal/runtime/deb-cache/fc/da/fcdaf2d2905060a98cad70edb49f7b388b6dec8a6966da311affcc3bca3836d7
bionic-to-focal	2026-08-31T11:36:03Z	GET	http://ap-northeast-2.ec2.archive.ubuntu.com/ubuntu/pool/main/p/python3.8/python3.8_3.8.10-0ubuntu1%7e20.04.18_amd64.deb	http://ap-northeast-2.ec2.archive.ubuntu.com/ubuntu/pool/main/p/python3.8/python3.8_3.8.10-0ubuntu1%7e20.04.18_amd64.deb	200	386744	d5895159a32736faf5068b14ef65b1d8d0f50f0eeee762e1ee9b7b3e2d87ac42	/home/aella/aws-discovery-bionic-focal-retry-20260831/upgrade-discovery/bionic-to-focal/runtime/deb-cache/62/f6/62f697b5da35b8bc13e5129026df5bd30479db00c2d5470febe49ce0e6d4a997
bionic-to-focal	2026-08-31T11:36:04Z	GET	http://ap-northeast-2.ec2.archive.ubuntu.com/ubuntu/pool/main/p/python3-defaults/libpython3-stdlib_3.8.2-0ubuntu2_amd64.deb	http://ap-northeast-2.ec2.archive.ubuntu.com/ubuntu/pool/main/p/python3-defaults/libpython3-stdlib_3.8.2-0ubuntu2_amd64.deb	200	7068	70dd9790a31c971699facc7f4da35fb6c24d4e31fc39aedadc4e426164c83304	/home/aella/aws-discovery-bionic-focal-retry-20260831/upgrade-discovery/bionic-to-focal/runtime/deb-cache/11/96/1196d0909f873073117a7024b26882e0290d447571c4b18f52cecd903208e65b
bionic-to-focal	2026-08-31T11:36:04Z	GET	http://ap-northeast-2.ec2.archive.ubuntu.com/ubuntu/pool/universe/d/dh-python/dh-python_4.20191017ubuntu7_all.deb	http://ap-northeast-2.ec2.archive.ubuntu.com/ubuntu/pool/universe/d/dh-python/dh-python_4.20191017ubuntu7_all.deb	200	87056	35af29eae1b92006485da7268a2a69f1ee74d62b7970fba87d2d9a21c3ee6d7f	/home/aella/aws-discovery-bionic-focal-retry-20260831/upgrade-discovery/bionic-to-focal/runtime/deb-cache/a5/d3/a5d3ef13cffb30558787be76c47b2f66f06946ffb6ea11d1f83506ef3322fffa
bionic-to-focal	2026-08-31T11:36:04Z	GET	http://ap-northeast-2.ec2.archive.ubuntu.com/ubuntu/pool/main/p/python-systemd/python3-systemd_234-3build2_amd64.deb	http://ap-northeast-2.ec2.archive.ubuntu.com/ubuntu/pool/main/p/python-systemd/python3-systemd_234-3build2_amd64.deb	200	36492	56b27f67e73d8421b95d60b0d1998d72684a4215e26417df66d2a531fa86c1cf	/home/aella/aws-discovery-bionic-focal-retry-20260831/upgrade-discovery/bionic-to-focal/runtime/deb-cache/bd/f9/bdf96f9d6db4b4db1343bd5630754f297da93ed853800ba767894b307b187e8e
bionic-to-focal	2026-08-31T11:36:04Z	GET	http://ap-northeast-2.ec2.archive.ubuntu.com/ubuntu/pool/main/m/markupsafe/python3-markupsafe_1.1.0-1build2_amd64.deb	http://ap-northeast-2.ec2.archive.ubuntu.com/ubuntu/pool/main/m/markupsafe/python3-markupsafe_1.1.0-1build2_amd64.deb	200	13928	57645c91b2ca8ad5c3766034f11430c8b9aa708d36431eab753e1ee1f87eea6f	/home/aella/aws-discovery-bionic-focal-retry-20260831/upgrade-discovery/bionic-to-focal/runtime/deb-cache/d5/a4/d5a49fb1468c0d19ff0bc97971b48aa1d43dbe928c46b5bdfa953abd6bbdf04f
bionic-to-focal	2026-08-31T11:36:04Z	GET	http://ap-northeast-2.ec2.archive.ubuntu.com/ubuntu/pool/main/n/netifaces/python3-netifaces_0.10.4-1ubuntu4_amd64.deb	http://ap-northeast-2.ec2.archive.ubuntu.com/ubuntu/pool/main/n/netifaces/python3-netifaces_0.10.4-1ubuntu4_amd64.deb	200	16064	cdf12b5a6c30e97a18e10056b19a0f8d87732c8f0803b4742b46cff6833a5877	/home/aella/aws-discovery-bionic-focal-retry-20260831/upgrade-discovery/bionic-to-focal/runtime/deb-cache/a2/32/a232dda12e9101f553f322bac7f7591050928cb206a6520e17d26785a97b7ac3
bionic-to-focal	2026-08-31T11:36:04Z	GET	http://ap-northeast-2.ec2.archive.ubuntu.com/ubuntu/pool/universe/p/pygobject/python-gi_3.36.0-1_amd64.deb	http://ap-northeast-2.ec2.archive.ubuntu.com/ubuntu/pool/universe/p/pygobject/python-gi_3.36.0-1_amd64.deb	200	212440	6ef0861f4130a1cf216ff9fa5349e80bc5a4efe6a57464c9bfc8255961f50bb1	/home/aella/aws-discovery-bionic-focal-retry-20260831/upgrade-discovery/bionic-to-focal/runtime/deb-cache/2b/a8/2ba8e92f37e5002e383f0d58c9a4453ff5f122572e5d02503c3871f1cddab982
bionic-to-focal	2026-08-31T11:36:05Z	GET	http://ap-northeast-2.ec2.archive.ubuntu.com/ubuntu/pool/main/p/pygobject/python3-gi_3.36.0-1_amd64.deb	http://ap-northeast-2.ec2.archive.ubuntu.com/ubuntu/pool/main/p/pygobject/python3-gi_3.36.0-1_amd64.deb	200	165128	1ce4db085ece7d49dea044538fcfbd2f8038b193d1f85fadd875c45fbe5eb233	/home/aella/aws-discovery-bionic-focal-retry-20260831/upgrade-discovery/bionic-to-focal/runtime/deb-cache/a6/89/a689fdea2c25e81ab6d090d836f987a81e58a1995272b0a6dec2018c6ab5ee0c
bionic-to-focal	2026-08-31T11:36:06Z	GET	http://ap-northeast-2.ec2.archive.ubuntu.com/ubuntu/pool/main/g/gobject-introspection/libgirepository-1.0-1_1.64.1-1%7eubuntu20.04.1_amd64.deb	http://ap-northeast-2.ec2.archive.ubuntu.com/ubuntu/pool/main/g/gobject-introspection/libgirepository-1.0-1_1.64.1-1%7eubuntu20.04.1_amd64.deb	200	85708	32d681d36ddaf6133d3c4ca83d674b1627db1a6d47016698e454158948b7879a	/home/aella/aws-discovery-bionic-focal-retry-20260831/upgrade-discovery/bionic-to-focal/runtime/deb-cache/83/70/8370d400bbb6a74459696e23e983feb4f7557aa0a449ea6bed279345b36b9972
bionic-to-focal	2026-08-31T11:36:06Z	GET	http://ap-northeast-2.ec2.archive.ubuntu.com/ubuntu/pool/main/g/glib2.0/libglib2.0-0_2.64.6-1%7eubuntu20.04.9_amd64.deb	http://ap-northeast-2.ec2.archive.ubuntu.com/ubuntu/pool/main/g/glib2.0/libglib2.0-0_2.64.6-1%7eubuntu20.04.9_amd64.deb	200	1289696	459d8f08c5e3e8c0454b1cb16660fc7a11274729c83bd41886e5a1388feeddbd	/home/aella/aws-discovery-bionic-focal-retry-20260831/upgrade-discovery/bionic-to-focal/runtime/deb-cache/42/6e/426e1a3e3f2a2f6782f17629f00c618a0b9e20e9f2478b05570472cb972205a4
bionic-to-focal	2026-08-31T11:36:06Z	GET	http://ap-northeast-2.ec2.archive.ubuntu.com/ubuntu/pool/universe/p/python-defaults/python-all_2.7.17-2ubuntu4_amd64.deb	http://ap-northeast-2.ec2.archive.ubuntu.com/ubuntu/pool/universe/p/python-defaults/python-all_2.7.17-2ubuntu4_amd64.deb	200	1100	af51cbd8952aeecd63934a048e40f3423663b66dce1c284732e480ff90b2941f	/home/aella/aws-discovery-bionic-focal-retry-20260831/upgrade-discovery/bionic-to-focal/runtime/deb-cache/de/47/de47fcca2972f828e673d671d6d19e0ca3742e4584e6d7abd15c2f2fed7426c5
bionic-to-focal	2026-08-31T11:36:06Z	GET	http://ap-northeast-2.ec2.archive.ubuntu.com/ubuntu/pool/universe/p/python-defaults/libpython2-dev_2.7.17-2ubuntu4_amd64.deb	http://ap-northeast-2.ec2.archive.ubuntu.com/ubuntu/pool/universe/p/python-defaults/libpython2-dev_2.7.17-2ubuntu4_amd64.deb	200	7140	6271da32cb9deecce492120a160c1bfc4bf17d6c050016552956bbec3c71f924	/home/aella/aws-discovery-bionic-focal-retry-20260831/upgrade-discovery/bionic-to-focal/runtime/deb-cache/91/55/915563c3a1fc177e645697b24d4328f5baec552e73311df98483ba8417ae9f91
bionic-to-focal	2026-08-31T11:36:06Z	GET	http://ap-northeast-2.ec2.archive.ubuntu.com/ubuntu/pool/universe/p/python-defaults/libpython-all-dev_2.7.17-2ubuntu4_amd64.deb	http://ap-northeast-2.ec2.archive.ubuntu.com/ubuntu/pool/universe/p/python-defaults/libpython-all-dev_2.7.17-2ubuntu4_amd64.deb	200	1112	c69a07bb51d4daad20f5a4b625a29c22646345fa8474c65881ee9d1d1b3cf988	/home/aella/aws-discovery-bionic-focal-retry-20260831/upgrade-discovery/bionic-to-focal/runtime/deb-cache/40/49/40491079037187a5411a2c8207c01db118c7f9237382779e15217859a298146e
bionic-to-focal	2026-08-31T11:36:06Z	GET	http://ap-northeast-2.ec2.archive.ubuntu.com/ubuntu/pool/universe/p/python-defaults/python2-dev_2.7.17-2ubuntu4_amd64.deb	http://ap-northeast-2.ec2.archive.ubuntu.com/ubuntu/pool/universe/p/python-defaults/python2-dev_2.7.17-2ubuntu4_amd64.deb	200	1268	1903edbfa600f10e6d82dcc174a9a733515b48b92b88d268dbec8ec6153a6ed7	/home/aella/aws-discovery-bionic-focal-retry-20260831/upgrade-discovery/bionic-to-focal/runtime/deb-cache/aa/15/aa15902ec22e6206e2713bbd499e62f52e4869bf7417dda5a07d8de2762d670b
bionic-to-focal	2026-08-31T11:36:06Z	GET	http://ap-northeast-2.ec2.archive.ubuntu.com/ubuntu/pool/universe/p/python-defaults/python-all-dev_2.7.17-2ubuntu4_amd64.deb	http://ap-northeast-2.ec2.archive.ubuntu.com/ubuntu/pool/universe/p/python-defaults/python-all-dev_2.7.17-2ubuntu4_amd64.deb	200	1116	17e0e06e7818721ca0108c6e0e2153047bdb1b460d46ed03790e782b2a352a8e	/home/aella/aws-discovery-bionic-focal-retry-20260831/upgrade-discovery/bionic-to-focal/runtime/deb-cache/4e/e2/4ee22eae622331180d6d56fa2b5cd60c3ad407f694bb893d439d0e84d594738e
bionic-to-focal	2026-08-31T11:36:06Z	GET	http://ap-northeast-2.ec2.archive.ubuntu.com/ubuntu/pool/universe/w/what-is-python/python-is-python2_2.7.17-4_all.deb	http://ap-northeast-2.ec2.archive.ubuntu.com/ubuntu/pool/universe/w/what-is-python/python-is-python2_2.7.17-4_all.deb	200	2496	7f772acd5ddb34e07aec4d85351b27f47ed664624dadd6f9a79c2cd8d9f21259	/home/aella/aws-discovery-bionic-focal-retry-20260831/upgrade-discovery/bionic-to-focal/runtime/deb-cache/d8/1d/d81d84a6f9b5b9c540d7fa62617cc22e6bdf79934478273790ca341c9343dd16
bionic-to-focal	2026-08-31T11:36:07Z	GET	http://ap-northeast-2.ec2.archive.ubuntu.com/ubuntu/pool/universe/p/python-defaults/python2-minimal_2.7.17-2ubuntu4_amd64.deb	http://ap-northeast-2.ec2.archive.ubuntu.com/ubuntu/pool/universe/p/python-defaults/python2-minimal_2.7.17-2ubuntu4_amd64.deb	200	27500	23761b11807fa51de60b4f2d39d69eddd3338280e4014db081fa896c383b3a12	/home/aella/aws-discovery-bionic-focal-retry-20260831/upgrade-discovery/bionic-to-focal/runtime/deb-cache/27/f6/27f67df041ae4e31c16ad2f9841f6441cbf2ec7a8980546f2d9b6b630fd078ce
bionic-to-focal	2026-08-31T11:36:07Z	GET	http://ap-northeast-2.ec2.archive.ubuntu.com/ubuntu/pool/universe/p/python-defaults/libpython2-stdlib_2.7.17-2ubuntu4_amd64.deb	http://ap-northeast-2.ec2.archive.ubuntu.com/ubuntu/pool/universe/p/python-defaults/libpython2-stdlib_2.7.17-2ubuntu4_amd64.deb	200	7072	73717035f410edb3644dccc868a004a5f33f8fd5052d7592ef01e10dcf85ce3d	/home/aella/aws-discovery-bionic-focal-retry-20260831/upgrade-discovery/bionic-to-focal/runtime/deb-cache/6a/96/6a96dd25077f25216e397e5d82ed08caa3879a9adb2dd35d07de7876c40c2be8
bionic-to-focal	2026-08-31T11:36:07Z	GET	http://ap-northeast-2.ec2.archive.ubuntu.com/ubuntu/pool/universe/p/python-defaults/python2_2.7.17-2ubuntu4_amd64.deb	http://ap-northeast-2.ec2.archive.ubuntu.com/ubuntu/pool/universe/p/python-defaults/python2_2.7.17-2ubuntu4_amd64.deb	200	26512	bf1a9521bbe0bf5f8757145b8469986d6b2e55231997a4ba9e0db3a7439d9a6c	/home/aella/aws-discovery-bionic-focal-retry-20260831/upgrade-discovery/bionic-to-focal/runtime/deb-cache/bb/c7/bbc7df55adb27a51065a31bb1590f143d6600963393c4262fbf2faa58be4dc18
bionic-to-focal	2026-08-31T11:36:07Z	GET	http://ap-northeast-2.ec2.archive.ubuntu.com/ubuntu/pool/main/z/zope.interface/python3-zope.interface_4.7.1-1_amd64.deb	http://ap-northeast-2.ec2.archive.ubuntu.com/ubuntu/pool/main/z/zope.interface/python3-zope.interface_4.7.1-1_amd64.deb	200	85152	15c704668581945c3ad78a15de325c26fb951309fab8ced395eaf9259c3c9d56	/home/aella/aws-discovery-bionic-focal-retry-20260831/upgrade-discovery/bionic-to-focal/runtime/deb-cache/21/1d/211db2799f01e3826badfbdedab550868678ddf94456bf9258700707cdb036c0
bionic-to-focal	2026-08-31T11:36:07Z	GET	http://ap-northeast-2.ec2.archive.ubuntu.com/ubuntu/pool/main/t/twisted/python3-twisted-bin_18.9.0-11ubuntu0.20.04.5_amd64.deb	http://ap-northeast-2.ec2.archive.ubuntu.com/ubuntu/pool/main/t/twisted/python3-twisted-bin_18.9.0-11ubuntu0.20.04.5_amd64.deb	200	11428	7be51a49f0204bb13f4c47b0db19090da56904746e1004fa3ec176b9c571ae08	/home/aella/aws-discovery-bionic-focal-retry-20260831/upgrade-discovery/bionic-to-focal/runtime/deb-cache/88/72/887245027fdda8e31ba2137f8138ee553decacfef617cd8f0afb88c9b08e55b3
bionic-to-focal	2026-08-31T11:36:08Z	GET	http://ap-northeast-2.ec2.archive.ubuntu.com/ubuntu/pool/main/p/python-cffi/python3-cffi-backend_1.14.0-1build1_amd64.deb	http://ap-northeast-2.ec2.archive.ubuntu.com/ubuntu/pool/main/p/python-cffi/python3-cffi-backend_1.14.0-1build1_amd64.deb	200	68708	b32482717cd8712359c58a796f76b4984598bb588d9635a1097b7a6ff391c334	/home/aella/aws-discovery-bionic-focal-retry-20260831/upgrade-discovery/bionic-to-focal/runtime/deb-cache/6b/92/6b922972ccc98f516cab259a88359fac325b48df7f98d1f1d6cce6bcb315ebca
bionic-to-focal	2026-08-31T11:36:08Z	GET	http://ap-northeast-2.ec2.archive.ubuntu.com/ubuntu/pool/main/d/dbus-python/python3-dbus_1.2.16-1build1_amd64.deb	http://ap-northeast-2.ec2.archive.ubuntu.com/ubuntu/pool/main/d/dbus-python/python3-dbus_1.2.16-1build1_amd64.deb	200	94000	89c31667a193447bb418729b7f995f7eb412199bb31585e8f2c17bc10e68f73a	/home/aella/aws-discovery-bionic-focal-retry-20260831/upgrade-discovery/bionic-to-focal/runtime/deb-cache/1f/60/1f60a5028cb6f06cde205062eb3e517fdb24cf291c84973950155a201ea98305
bionic-to-focal	2026-08-31T11:36:09Z	GET	http://ap-northeast-2.ec2.archive.ubuntu.com/ubuntu/pool/main/p/pycurl/python3-pycurl_7.43.0.2-1ubuntu5_amd64.deb	http://ap-northeast-2.ec2.archive.ubuntu.com/ubuntu/pool/main/p/pycurl/python3-pycurl_7.43.0.2-1ubuntu5_amd64.deb	200	46856	7598ae9651282c28b6b0717f3e6cfb1ef8863de3d479aa2e8db61bf02a594578	/home/aella/aws-discovery-bionic-focal-retry-20260831/upgrade-discovery/bionic-to-focal/runtime/deb-cache/25/51/25511e200bbcb68fe3f998f4e63488853440a135008e02484f30b027afd4d817
bionic-to-focal	2026-08-31T11:36:09Z	GET	http://ap-northeast-2.ec2.archive.ubuntu.com/ubuntu/pool/main/p/python-pam/python3-pam_0.4.2-13.2ubuntu8_amd64.deb	http://ap-northeast-2.ec2.archive.ubuntu.com/ubuntu/pool/main/p/python-pam/python3-pam_0.4.2-13.2ubuntu8_amd64.deb	200	9052	04e67dd04099e2bc59081100d85de33c377aac0a91ec1a58d7e52d30d535834a	/home/aella/aws-discovery-bionic-focal-retry-20260831/upgrade-discovery/bionic-to-focal/runtime/deb-cache/7a/de/7adef0702dc84a74be798740e3d47629b149732bf0f076e32d19890f0ca1123f
bionic-to-focal	2026-08-31T11:36:09Z	GET	http://ap-northeast-2.ec2.archive.ubuntu.com/ubuntu/pool/main/p/pyyaml/python3-yaml_5.3.1-1ubuntu0.1_amd64.deb	http://ap-northeast-2.ec2.archive.ubuntu.com/ubuntu/pool/main/p/pyyaml/python3-yaml_5.3.1-1ubuntu0.1_amd64.deb	200	135572	97946dce4a6850f656384ce7b0ac1bc0473e367506327e9fa1df84b92cfbb4ed	/home/aella/aws-discovery-bionic-focal-retry-20260831/upgrade-discovery/bionic-to-focal/runtime/deb-cache/13/9f/139f716155bd6f74f37e8adb7522b353612e9cfdd9b137001052158a09d4319c
bionic-to-focal	2026-08-31T11:36:09Z	GET	http://ap-northeast-2.ec2.archive.ubuntu.com/ubuntu/pool/main/p/python3-defaults/python3_3.8.2-0ubuntu2_amd64.deb	http://ap-northeast-2.ec2.archive.ubuntu.com/ubuntu/pool/main/p/python3-defaults/python3_3.8.2-0ubuntu2_amd64.deb	200	47616	85ca3a12be8b86c5d51b2d65f52dd98660c249761f7f0f073fd7010d82699364	/home/aella/aws-discovery-bionic-focal-retry-20260831/upgrade-discovery/bionic-to-focal/runtime/deb-cache/8c/92/8c92831b3baf6861cd2d2b4686504f9810483c58b5e8d1e229fbf82c9e97cdc9
bionic-to-focal	2026-08-31T11:36:09Z	GET	http://ap-northeast-2.ec2.archive.ubuntu.com/ubuntu/pool/main/p/python-apt/python3-apt_2.0.1ubuntu0.20.04.1_amd64.deb	http://ap-northeast-2.ec2.archive.ubuntu.com/ubuntu/pool/main/p/python-apt/python3-apt_2.0.1ubuntu0.20.04.1_amd64.deb	200	153856	565e193351c7a230e133f4639f259ce2a1f30e1520bced4549703d56c7fd92ae	/home/aella/aws-discovery-bionic-focal-retry-20260831/upgrade-discovery/bionic-to-focal/runtime/deb-cache/46/90/46909b34de090ee98b85cd46981975365279725b7626eb0614809d3b50b4148c
bionic-to-focal	2026-08-31T11:36:09Z	GET	http://ap-northeast-2.ec2.archive.ubuntu.com/ubuntu/pool/main/a/apt/apt_2.0.11_amd64.deb	http://ap-northeast-2.ec2.archive.ubuntu.com/ubuntu/pool/main/a/apt/apt_2.0.11_amd64.deb	200	1280140	d35ad654108ebe54ad4302572105979fcd3d3cedb8bf3be50074495bd28a1ec1	/home/aella/aws-discovery-bionic-focal-retry-20260831/upgrade-discovery/bionic-to-focal/runtime/deb-cache/98/4c/984c9dbe4e9c3466ec1edef70b3f4859d5f7d1c6ac6708c2396c2fc3c6d4624f
bionic-to-focal	2026-08-31T11:36:09Z	GET	http://ap-northeast-2.ec2.archive.ubuntu.com/ubuntu/pool/main/liby/libyaml/libyaml-0-2_0.2.2-1_amd64.deb	http://ap-northeast-2.ec2.archive.ubuntu.com/ubuntu/pool/main/liby/libyaml/libyaml-0-2_0.2.2-1_amd64.deb	200	48916	5a31dfa3bf44863cb13a323e3dd873bef7d8a7fe3bbda708bab697ddd620e67f	/home/aella/aws-discovery-bionic-focal-retry-20260831/upgrade-discovery/bionic-to-focal/runtime/deb-cache/3c/82/3c82d46701ac38d0c2afbb94d4ccbbbe54abc7dba62318fb7b6d3c5e1419360a
bionic-to-focal	2026-08-31T11:36:09Z	GET	http://ap-northeast-2.ec2.archive.ubuntu.com/ubuntu/pool/main/p/python-apt/python-apt-common_2.0.1ubuntu0.20.04.1_all.deb	http://ap-northeast-2.ec2.archive.ubuntu.com/ubuntu/pool/main/p/python-apt/python-apt-common_2.0.1ubuntu0.20.04.1_all.deb	200	16496	ac11199d796443bcce87bb1653686c9159da0888f9e5ff49f7e15b364a048d49	/home/aella/aws-discovery-bionic-focal-retry-20260831/upgrade-discovery/bionic-to-focal/runtime/deb-cache/ee/36/ee3649c85bc5cd95e0f738cd9a7d2aa4d04d51b8ddf87441c06b7a82d84966b9
bionic-to-focal	2026-08-31T11:36:10Z	GET	http://ap-northeast-2.ec2.archive.ubuntu.com/ubuntu/pool/main/d/distro-info/distro-info_0.23ubuntu1.1_amd64.deb	http://ap-northeast-2.ec2.archive.ubuntu.com/ubuntu/pool/main/d/distro-info/distro-info_0.23ubuntu1.1_amd64.deb	200	17104	1cfae174b00ae2eaf35cd5b1865f4934411a8e61c45c3f7e9a5cbd98c1e95154	/home/aella/aws-discovery-bionic-focal-retry-20260831/upgrade-discovery/bionic-to-focal/runtime/deb-cache/5f/dc/5fdc8fdaf2e35cc10b95f24c2e9349981ca1a1ff5ea20e216199b3bf920ba92e
bionic-to-focal	2026-08-31T11:36:10Z	GET	http://ap-northeast-2.ec2.archive.ubuntu.com/ubuntu/pool/main/d/distro-info-data/distro-info-data_0.43ubuntu1.20_all.deb	http://ap-northeast-2.ec2.archive.ubuntu.com/ubuntu/pool/main/d/distro-info-data/distro-info-data_0.43ubuntu1.20_all.deb	200	5040	24f0a82cc5b0116b3f15924055c9c332bca3ed566acba6603075e8dc7b58a670	/home/aella/aws-discovery-bionic-focal-retry-20260831/upgrade-discovery/bionic-to-focal/runtime/deb-cache/c8/17/c8171889b1ce5e991433e12fb1a99a6c86058b05ce209fddcef3df433b3bb3dd
bionic-to-focal	2026-08-31T11:36:10Z	GET	http://ap-northeast-2.ec2.archive.ubuntu.com/ubuntu/pool/main/s/setuptools/python3-pkg-resources_45.2.0-1ubuntu0.3_all.deb	http://ap-northeast-2.ec2.archive.ubuntu.com/ubuntu/pool/main/s/setuptools/python3-pkg-resources_45.2.0-1ubuntu0.3_all.deb	200	130364	361c37cf833f0e85e5fb5cf835db89017c39cdce2794b30a00ea3d3bd8cb5ddf	/home/aella/aws-discovery-bionic-focal-retry-20260831/upgrade-discovery/bionic-to-focal/runtime/deb-cache/20/2b/202bfc49891ed576af69ae010764d6d41102087f0d5a18415ed8b43fc26a5101
bionic-to-focal	2026-08-31T11:36:10Z	GET	http://ap-northeast-2.ec2.archive.ubuntu.com/ubuntu/pool/main/d/debianutils/debianutils_4.9.1_amd64.deb	http://ap-northeast-2.ec2.archive.ubuntu.com/ubuntu/pool/main/d/debianutils/debianutils_4.9.1_amd64.deb	200	85776	535571a8898bb69476b1d0ed6893b4700c312bff14fc7687b7f1fdfe18f55a1f	/home/aella/aws-discovery-bionic-focal-retry-20260831/upgrade-discovery/bionic-to-focal/runtime/deb-cache/15/ac/15ace10a486e950f74a6433c93009f0f0618a0038257e48db2195fc2d4fe1342
bionic-to-focal	2026-08-31T11:36:10Z	GET	http://ap-northeast-2.ec2.archive.ubuntu.com/ubuntu/pool/main/c/cron/cron_3.0pl1-136ubuntu1_amd64.deb	http://ap-northeast-2.ec2.archive.ubuntu.com/ubuntu/pool/main/c/cron/cron_3.0pl1-136ubuntu1_amd64.deb	200	71472	9ae7c01663ccb423f9013a86abd15ddb99da7685884dfb5c4cafc68b702ddcb5	/home/aella/aws-discovery-bionic-focal-retry-20260831/upgrade-discovery/bionic-to-focal/runtime/deb-cache/f4/1e/f41e866fcab5ceda0c8642d98b4b1d93da2256860106f7833d724d7f823c87cc
bionic-to-focal	2026-08-31T11:36:10Z	GET	http://ap-northeast-2.ec2.archive.ubuntu.com/ubuntu/pool/main/t/tar/tar_1.30%2bdfsg-7ubuntu0.20.04.4_amd64.deb	http://ap-northeast-2.ec2.archive.ubuntu.com/ubuntu/pool/main/t/tar/tar_1.30%2bdfsg-7ubuntu0.20.04.4_amd64.deb	200	239740	7387a202f0c71a5638c9514f854f2efd9809e24fa5212d1c7227b02bd06be5ec	/home/aella/aws-discovery-bionic-focal-retry-20260831/upgrade-discovery/bionic-to-focal/runtime/deb-cache/66/3d/663d276be2107ffe4fd5da2552da73d9ca5ea2cbaedb191a1145666367008a46
bionic-to-focal	2026-08-31T11:36:10Z	GET	http://ap-northeast-2.ec2.archive.ubuntu.com/ubuntu/pool/main/d/dpkg/dpkg_1.19.7ubuntu3.2_amd64.deb	http://ap-northeast-2.ec2.archive.ubuntu.com/ubuntu/pool/main/d/dpkg/dpkg_1.19.7ubuntu3.2_amd64.deb	200	1128228	6fdb88a04deb4cc57a164a43de7efe2ab36fd31f6b1df9a3aca4b39fc0a4d87f	/home/aella/aws-discovery-bionic-focal-retry-20260831/upgrade-discovery/bionic-to-focal/runtime/deb-cache/3c/38/3c384bce0d42e443a86314f57b29a5acdfb1f161f544aaee047d2ed9477782d1
bionic-to-focal	2026-08-31T11:36:11Z	GET	http://ap-northeast-2.ec2.archive.ubuntu.com/ubuntu/pool/main/r/readline/readline-common_8.0-4_all.deb	http://ap-northeast-2.ec2.archive.ubuntu.com/ubuntu/pool/main/r/readline/readline-common_8.0-4_all.deb	200	53492	38c3ac67e2dab4122a2f948f433c4cb5d5653d82b323f3ff30599797b7adee9f	/home/aella/aws-discovery-bionic-focal-retry-20260831/upgrade-discovery/bionic-to-focal/runtime/deb-cache/a9/74/a97443626569dca381ba8f7a519d3e251597d4419902408075970010ecd44521
bionic-to-focal	2026-08-31T11:36:11Z	GET	http://ap-northeast-2.ec2.archive.ubuntu.com/ubuntu/pool/universe/p/python2.7/python2.7-dev_2.7.18-1%7e20.04.7_amd64.deb	http://ap-northeast-2.ec2.archive.ubuntu.com/ubuntu/pool/universe/p/python2.7/python2.7-dev_2.7.18-1%7e20.04.7_amd64.deb	200	293676	311c71cbdc568b564962230e2603d19b2f680bfa347b5fa0962de999793cf810	/home/aella/aws-discovery-bionic-focal-retry-20260831/upgrade-discovery/bionic-to-focal/runtime/deb-cache/44/6a/446a8cb23278637bbbba39c205fd8f1da09e49399b4281b19d331630baedc053
bionic-to-focal	2026-08-31T11:36:11Z	GET	http://ap-northeast-2.ec2.archive.ubuntu.com/ubuntu/pool/universe/p/python2.7/libpython2.7-dev_2.7.18-1%7e20.04.7_amd64.deb	http://ap-northeast-2.ec2.archive.ubuntu.com/ubuntu/pool/universe/p/python2.7/libpython2.7-dev_2.7.18-1%7e20.04.7_amd64.deb	200	2467528	9f98600c9603815afe8a3a4e2f6d0b78e3f60d007150682297b0e40e936438ea	/home/aella/aws-discovery-bionic-focal-retry-20260831/upgrade-discovery/bionic-to-focal/runtime/deb-cache/5d/c2/5dc27ae7cca514e284b5f5764b21011cef575bb160c246fcb3739e88dbfdffab
bionic-to-focal	2026-08-31T11:36:11Z	GET	http://ap-northeast-2.ec2.archive.ubuntu.com/ubuntu/pool/universe/p/python2.7/libpython2.7_2.7.18-1%7e20.04.7_amd64.deb	http://ap-northeast-2.ec2.archive.ubuntu.com/ubuntu/pool/universe/p/python2.7/libpython2.7_2.7.18-1%7e20.04.7_amd64.deb	200	1037916	65ba4f15c94b3718e756f68bb42fa7eb7738b3168346c6814e7a637e9a2f5426	/home/aella/aws-discovery-bionic-focal-retry-20260831/upgrade-discovery/bionic-to-focal/runtime/deb-cache/83/10/8310ba225b5c3b17f678b2255a421bfcdd594048c03244c115c9eebe9fe9ac37
bionic-to-focal	2026-08-31T11:36:11Z	GET	http://ap-northeast-2.ec2.archive.ubuntu.com/ubuntu/pool/main/m/mime-support/mime-support_3.64ubuntu1_all.deb	http://ap-northeast-2.ec2.archive.ubuntu.com/ubuntu/pool/main/m/mime-support/mime-support_3.64ubuntu1_all.deb	200	30596	b4f73c76fa2abc24562466ec814eb9b6cfe5e030628187bb71b3da1422bda901	/home/aella/aws-discovery-bionic-focal-retry-20260831/upgrade-discovery/bionic-to-focal/runtime/deb-cache/2c/34/2c3401d2e96d5de01e4d32dadbf3cc5c8b7227cd0b7eae6aeefac08ca553d26d
bionic-to-focal	2026-08-31T11:36:11Z	GET	http://ap-northeast-2.ec2.archive.ubuntu.com/ubuntu/pool/universe/p/python2.7/python2.7_2.7.18-1%7e20.04.7_amd64.deb	http://ap-northeast-2.ec2.archive.ubuntu.com/ubuntu/pool/universe/p/python2.7/python2.7_2.7.18-1%7e20.04.7_amd64.deb	200	248208	da7eb90fa58c920e0acd7265f16b05e713698a677de9598a447ff51bf4f24b07	/home/aella/aws-discovery-bionic-focal-retry-20260831/upgrade-discovery/bionic-to-focal/runtime/deb-cache/dc/d1/dcd11566c963b2086663a0a9ffc5f99a2d9191120355ef855d094877431b451e
bionic-to-focal	2026-08-31T11:36:11Z	GET	http://ap-northeast-2.ec2.archive.ubuntu.com/ubuntu/pool/universe/p/python2.7/libpython2.7-stdlib_2.7.18-1%7e20.04.7_amd64.deb	http://ap-northeast-2.ec2.archive.ubuntu.com/ubuntu/pool/universe/p/python2.7/libpython2.7-stdlib_2.7.18-1%7e20.04.7_amd64.deb	200	1888768	d739e4000e6beb25ce6e0fae17ef969557e0bf44e966fddeb37981ee01b26517	/home/aella/aws-discovery-bionic-focal-retry-20260831/upgrade-discovery/bionic-to-focal/runtime/deb-cache/80/72/807227f719b366d6e5db399f5af88c8cc84d9f87133d76bd7408849f35226172
bionic-to-focal	2026-08-31T11:36:11Z	GET	http://ap-northeast-2.ec2.archive.ubuntu.com/ubuntu/pool/universe/p/python2.7/python2.7-minimal_2.7.18-1%7e20.04.7_amd64.deb	http://ap-northeast-2.ec2.archive.ubuntu.com/ubuntu/pool/universe/p/python2.7/python2.7-minimal_2.7.18-1%7e20.04.7_amd64.deb	200	1278200	5124145654605232ee20dfe22ceb90320806c2c0a6bb4df0572aecfa6ade8bc5	/home/aella/aws-discovery-bionic-focal-retry-20260831/upgrade-discovery/bionic-to-focal/runtime/deb-cache/b2/b6/b2b6f45f79c154e36a64777b0a656654139d926e9c8a875fcff671fb0990bcc0
bionic-to-focal	2026-08-31T11:36:12Z	GET	http://ap-northeast-2.ec2.archive.ubuntu.com/ubuntu/pool/universe/p/python2.7/libpython2.7-minimal_2.7.18-1%7e20.04.7_amd64.deb	http://ap-northeast-2.ec2.archive.ubuntu.com/ubuntu/pool/universe/p/python2.7/libpython2.7-minimal_2.7.18-1%7e20.04.7_amd64.deb	200	336364	aaa7b3cafaa4069cefb438b50aacfd1f143d3ff0c9edea8c825295958a9662f5	/home/aella/aws-discovery-bionic-focal-retry-20260831/upgrade-discovery/bionic-to-focal/runtime/deb-cache/c6/97/c697f2bf8d241169462851d4876b41da1a0d790276a0370d1167cca4243a5466
bionic-to-focal	2026-08-31T11:36:12Z	GET	http://ap-northeast-2.ec2.archive.ubuntu.com/ubuntu/pool/universe/p/python-httplib2/python-httplib2_0.14.0-1ubuntu1_all.deb	http://ap-northeast-2.ec2.archive.ubuntu.com/ubuntu/pool/universe/p/python-httplib2/python-httplib2_0.14.0-1ubuntu1_all.deb	200	29840	f470b56b3aa4e4a018d2d9d9add101e9f812965867daf59e6bd8aa202e906f43	/home/aella/aws-discovery-bionic-focal-retry-20260831/upgrade-discovery/bionic-to-focal/runtime/deb-cache/bd/a1/bda175da749a51221c4dfc07d5138df3bccb62f1da695348a3505b630da81938
bionic-to-focal	2026-08-31T11:36:12Z	GET	http://ap-northeast-2.ec2.archive.ubuntu.com/ubuntu/pool/main/o/openssl/libssl1.1_1.1.1f-1ubuntu2.24_amd64.deb	http://ap-northeast-2.ec2.archive.ubuntu.com/ubuntu/pool/main/o/openssl/libssl1.1_1.1.1f-1ubuntu2.24_amd64.deb	200	1323248	7cf39d70a639017d1dd7c8d36daa2258063608688e449fddf40ffdd46f992a78	/home/aella/aws-discovery-bionic-focal-retry-20260831/upgrade-discovery/bionic-to-focal/runtime/deb-cache/16/6f/166fa17b5a07a3153fb5da4a9fa3441b8ede956efed8e4231b6d6e71f860ff8b
bionic-to-focal	2026-08-31T11:36:13Z	GET	http://ap-northeast-2.ec2.archive.ubuntu.com/ubuntu/pool/main/m/mpdecimal/libmpdec2_2.4.2-3_amd64.deb	http://ap-northeast-2.ec2.archive.ubuntu.com/ubuntu/pool/main/m/mpdecimal/libmpdec2_2.4.2-3_amd64.deb	200	81132	4e624c616de0fa1dea3571291b05b3d6fe5f75d8667b278f9503b1eca36ffbcf	/home/aella/aws-discovery-bionic-focal-retry-20260831/upgrade-discovery/bionic-to-focal/runtime/deb-cache/fe/af/feaf47279cedf423d65138cc457bdd41312603ce11f33c43dc5fef48a72ede13
bionic-to-focal	2026-08-31T11:36:13Z	GET	http://ap-northeast-2.ec2.archive.ubuntu.com/ubuntu/pool/main/p/python3-stdlib-extensions/python3-lib2to3_3.8.10-0ubuntu1%7e20.04_all.deb	http://ap-northeast-2.ec2.archive.ubuntu.com/ubuntu/pool/main/p/python3-stdlib-extensions/python3-lib2to3_3.8.10-0ubuntu1%7e20.04_all.deb	200	76320	d25b7a114ab08e6f318d96ae8d71c3c24c3b9eaceb84cb1abf476979875521ab	/home/aella/aws-discovery-bionic-focal-retry-20260831/upgrade-discovery/bionic-to-focal/runtime/deb-cache/3a/54/3a5416e5e7536ec5e051351962714831424a1ef3741485908bbf084f32ea5999
bionic-to-focal	2026-08-31T11:36:13Z	GET	http://ap-northeast-2.ec2.archive.ubuntu.com/ubuntu/pool/main/p/python3-stdlib-extensions/python3-distutils_3.8.10-0ubuntu1%7e20.04_all.deb	http://ap-northeast-2.ec2.archive.ubuntu.com/ubuntu/pool/main/p/python3-stdlib-extensions/python3-distutils_3.8.10-0ubuntu1%7e20.04_all.deb	200	141344	08a0058ef8615e43ef1122907dbbc6aadbd132b2385e212f814f4ec9116efcfb	/home/aella/aws-discovery-bionic-focal-retry-20260831/upgrade-discovery/bionic-to-focal/runtime/deb-cache/fd/76/fd76b5569eea6ba66d6ac76bd19e6f09ae9d00733917a6f2179ee8151e61f7ea
bionic-to-focal	2026-08-31T11:36:13Z	GET	http://ap-northeast-2.ec2.archive.ubuntu.com/ubuntu/pool/main/p/pcre3/libpcre3_8.39-12ubuntu0.1_amd64.deb	http://ap-northeast-2.ec2.archive.ubuntu.com/ubuntu/pool/main/p/pcre3/libpcre3_8.39-12ubuntu0.1_amd64.deb	200	232396	98c25f98cc8df949e774a7ebaff509c37a6baea4dab83786a3c1efecb850bfae	/home/aella/aws-discovery-bionic-focal-retry-20260831/upgrade-discovery/bionic-to-focal/runtime/deb-cache/a6/43/a643ef24a6d73a62b99d8ab53f51ef4965a6f4e9a87404c31ce8518cb764036c
bionic-to-focal	2026-08-31T11:36:14Z	GET	http://ap-northeast-2.ec2.archive.ubuntu.com/ubuntu/pool/main/g/gobject-introspection/gir1.2-glib-2.0_1.64.1-1%7eubuntu20.04.1_amd64.deb	http://ap-northeast-2.ec2.archive.ubuntu.com/ubuntu/pool/main/g/gobject-introspection/gir1.2-glib-2.0_1.64.1-1%7eubuntu20.04.1_amd64.deb	200	134008	2308c1a5bd832ff4473682cd599ccc9e38ed514fc6578322200f5227a0029dd0	/home/aella/aws-discovery-bionic-focal-retry-20260831/upgrade-discovery/bionic-to-focal/runtime/deb-cache/21/30/21308706716db721de096cae145f03a97aa9556231c9fdcdecef7db69d052f9a
bionic-to-focal	2026-08-31T11:36:14Z	GET	http://ap-northeast-2.ec2.archive.ubuntu.com/ubuntu/pool/main/d/debconf/python3-debconf_1.5.73_all.deb	http://ap-northeast-2.ec2.archive.ubuntu.com/ubuntu/pool/main/d/debconf/python3-debconf_1.5.73_all.deb	200	4060	5fb9f520cc894c0ad711f02ab314444611111bfcfe25e467e85bc8ba436fdf6c	/home/aella/aws-discovery-bionic-focal-retry-20260831/upgrade-discovery/bionic-to-focal/runtime/deb-cache/82/c6/82c69613f934241e297b3bee637aa9de215e1b6f945cfc0c803c87d61bb208d1
bionic-to-focal	2026-08-31T11:36:15Z	GET	http://ap-northeast-2.ec2.archive.ubuntu.com/ubuntu/pool/main/c/chardet/python3-chardet_3.0.4-4build1_all.deb	http://ap-northeast-2.ec2.archive.ubuntu.com/ubuntu/pool/main/c/chardet/python3-chardet_3.0.4-4build1_all.deb	200	80440	fd5f39c40884306937dd10fb43f63507d575509445d69515a97cdfe85e4ce97b	/home/aella/aws-discovery-bionic-focal-retry-20260831/upgrade-discovery/bionic-to-focal/runtime/deb-cache/1e/b7/1eb7493818f45d16f4e53442d8763cf18abff319cacda11305f305457434daa2
bionic-to-focal	2026-08-31T11:36:15Z	GET	http://ap-northeast-2.ec2.archive.ubuntu.com/ubuntu/pool/main/s/six/python3-six_1.14.0-2_all.deb	http://ap-northeast-2.ec2.archive.ubuntu.com/ubuntu/pool/main/s/six/python3-six_1.14.0-2_all.deb	200	12088	015dc5ae52a914de65839335b748e6ce601aa17fe7c4a90b8aac624e3a4f0599	/home/aella/aws-discovery-bionic-focal-retry-20260831/upgrade-discovery/bionic-to-focal/runtime/deb-cache/7b/df/7bdfe434157b6dd0872c68fd7cf950d05a31bdc8090a20bcb346430cf2469224
bionic-to-focal	2026-08-31T11:36:15Z	GET	http://ap-northeast-2.ec2.archive.ubuntu.com/ubuntu/pool/main/p/python-debian/python3-debian_0.1.36ubuntu1.1_all.deb	http://ap-northeast-2.ec2.archive.ubuntu.com/ubuntu/pool/main/p/python-debian/python3-debian_0.1.36ubuntu1.1_all.deb	200	64932	bf55354ce9fd343781ae4650e3d869ee86e2fa1235a537b425a984ebfa703368	/home/aella/aws-discovery-bionic-focal-retry-20260831/upgrade-discovery/bionic-to-focal/runtime/deb-cache/a0/a8/a0a8ebc08c700edef263ee80f416af5d8405213084684a2366b4a7ac589eb9e0
bionic-to-focal	2026-08-31T11:36:15Z	GET	http://ap-northeast-2.ec2.archive.ubuntu.com/ubuntu/pool/main/d/distro-info/python3-distro-info_0.23ubuntu1.1_all.deb	http://ap-northeast-2.ec2.archive.ubuntu.com/ubuntu/pool/main/d/distro-info/python3-distro-info_0.23ubuntu1.1_all.deb	200	5944	7f32552570ab891e53f8d51b7aef9e7231f8a7875e8a18ce7c138b32aeac2521	/home/aella/aws-discovery-bionic-focal-retry-20260831/upgrade-discovery/bionic-to-focal/runtime/deb-cache/0b/79/0b796bd39c4c9edfa331487d56975e62a5730cd6a2a6861ee4856f23910a17b9
bionic-to-focal	2026-08-31T11:36:15Z	GET	http://ap-northeast-2.ec2.archive.ubuntu.com/ubuntu/pool/main/l/lsb/lsb-release_11.1.0ubuntu2_all.deb	http://ap-northeast-2.ec2.archive.ubuntu.com/ubuntu/pool/main/l/lsb/lsb-release_11.1.0ubuntu2_all.deb	200	10568	085abfef45c0aba423c522c26bc583a2c1b24efbf8983e2a782904cca71d05b2	/home/aella/aws-discovery-bionic-focal-retry-20260831/upgrade-discovery/bionic-to-focal/runtime/deb-cache/3f/72/3f7224e099db9222ff1c7c6c3798bdcc723d0a58046519b39b3e40f6a0e72789
bionic-to-focal	2026-08-31T11:36:15Z	GET	http://ap-northeast-2.ec2.archive.ubuntu.com/ubuntu/pool/main/x/xz-utils/xz-utils_5.2.4-1ubuntu1.1_amd64.deb	http://ap-northeast-2.ec2.archive.ubuntu.com/ubuntu/pool/main/x/xz-utils/xz-utils_5.2.4-1ubuntu1.1_amd64.deb	200	82640	6b192aa8e56c7e16ad7b3f39e6978a8ca899194e4d7af05ca4640170eafa8272	/home/aella/aws-discovery-bionic-focal-retry-20260831/upgrade-discovery/bionic-to-focal/runtime/deb-cache/3b/42/3b42e2ec8491f34ebefd8818fcc843e2a08f8d476b21a95ce376e982e941e687
bionic-to-focal	2026-08-31T11:36:15Z	GET	http://ap-northeast-2.ec2.archive.ubuntu.com/ubuntu/pool/main/m/make-dfsg/make_4.2.1-1.2_amd64.deb	http://ap-northeast-2.ec2.archive.ubuntu.com/ubuntu/pool/main/m/make-dfsg/make_4.2.1-1.2_amd64.deb	200	162292	41e534af98cdb6219bc98fa4276d9c928a0862b8b373d49ee1fbe0ae5db64dc2	/home/aella/aws-discovery-bionic-focal-retry-20260831/upgrade-discovery/bionic-to-focal/runtime/deb-cache/e5/1d/e51d6bdadc0db358c26155ded1ed72d914245083ea021de12be112be3ad0d7f6
bionic-to-focal	2026-08-31T11:36:15Z	GET	http://ap-northeast-2.ec2.archive.ubuntu.com/ubuntu/pool/main/b/binutils/libctf-nobfd0_2.34-6ubuntu1.11_amd64.deb	http://ap-northeast-2.ec2.archive.ubuntu.com/ubuntu/pool/main/b/binutils/libctf-nobfd0_2.34-6ubuntu1.11_amd64.deb	200	48168	c787aaa2c066f09ea0c5d2caf100f36aa20af3e703add74402088187f399f771	/home/aella/aws-discovery-bionic-focal-retry-20260831/upgrade-discovery/bionic-to-focal/runtime/deb-cache/5a/f6/5af6f1bc7b24d9fd039869654d58e61de77f513db0b92844f3da1db0e67ce01a
bionic-to-focal	2026-08-31T11:36:15Z	GET	http://ap-northeast-2.ec2.archive.ubuntu.com/ubuntu/pool/main/b/binutils/libctf0_2.34-6ubuntu1.11_amd64.deb	http://ap-northeast-2.ec2.archive.ubuntu.com/ubuntu/pool/main/b/binutils/libctf0_2.34-6ubuntu1.11_amd64.deb	200	46620	7c707710015cd5aacdfc0700caf66bd2630ff3115367f7f8468f7f10b99bf645	/home/aella/aws-discovery-bionic-focal-retry-20260831/upgrade-discovery/bionic-to-focal/runtime/deb-cache/63/0e/630ee53f1255eb3044d861e215afc560cec9b718823d2daa878806129df58b41
bionic-to-focal	2026-08-31T11:36:15Z	GET	http://ap-northeast-2.ec2.archive.ubuntu.com/ubuntu/pool/main/b/binutils/libbinutils_2.34-6ubuntu1.11_amd64.deb	http://ap-northeast-2.ec2.archive.ubuntu.com/ubuntu/pool/main/b/binutils/libbinutils_2.34-6ubuntu1.11_amd64.deb	200	475468	ac8c221d97e0b2a38235475a2a5c9f6c06e86af14e52b9d16ef6a6cb0169e10f	/home/aella/aws-discovery-bionic-focal-retry-20260831/upgrade-discovery/bionic-to-focal/runtime/deb-cache/ca/02/ca02ef3ee329b2367387977423134e52cec41395a6fbdd4145a267e01d15dcb6
bionic-to-focal	2026-08-31T11:36:15Z	GET	http://ap-northeast-2.ec2.archive.ubuntu.com/ubuntu/pool/main/b/binutils/binutils-common_2.34-6ubuntu1.11_amd64.deb	http://ap-northeast-2.ec2.archive.ubuntu.com/ubuntu/pool/main/b/binutils/binutils-common_2.34-6ubuntu1.11_amd64.deb	200	207852	0a0dbd1ab3be5b81bf5cb3c5e4b542f4790d929696274e46e3fafa09bded3a26	/home/aella/aws-discovery-bionic-focal-retry-20260831/upgrade-discovery/bionic-to-focal/runtime/deb-cache/b6/58/b658e02199e45620b53145fb77bd03cf543b3f997202cfbdd9319d61a36104c6
bionic-to-focal	2026-08-31T11:36:15Z	GET	http://ap-northeast-2.ec2.archive.ubuntu.com/ubuntu/pool/main/b/binutils/binutils_2.34-6ubuntu1.11_amd64.deb	http://ap-northeast-2.ec2.archive.ubuntu.com/ubuntu/pool/main/b/binutils/binutils_2.34-6ubuntu1.11_amd64.deb	200	3380	c88b2acf09b27926756db846cdf16b0b44216a5c890dfcea319a11385fee3112	/home/aella/aws-discovery-bionic-focal-retry-20260831/upgrade-discovery/bionic-to-focal/runtime/deb-cache/b2/59/b259129c235561cb669f36f7b5b55139d2517aefef8c9db734b9b5a9aefb6d91
bionic-to-focal	2026-08-31T11:36:15Z	GET	http://ap-northeast-2.ec2.archive.ubuntu.com/ubuntu/pool/main/b/binutils/binutils-x86-64-linux-gnu_2.34-6ubuntu1.11_amd64.deb	http://ap-northeast-2.ec2.archive.ubuntu.com/ubuntu/pool/main/b/binutils/binutils-x86-64-linux-gnu_2.34-6ubuntu1.11_amd64.deb	200	1612092	b9bebd3fe9fde588e181cdc53a0fc0d7f398e9c836b7cfeb3a27fab4cb92204f	/home/aella/aws-discovery-bionic-focal-retry-20260831/upgrade-discovery/bionic-to-focal/runtime/deb-cache/8f/8d/8f8df2d5252ef332c121d8ddaca24865b604c7616dcf4038b8833b9e6bc801b6
bionic-to-focal	2026-08-31T11:36:15Z	GET	http://ap-northeast-2.ec2.archive.ubuntu.com/ubuntu/pool/main/d/dpkg/dpkg-dev_1.19.7ubuntu3.2_all.deb	http://ap-northeast-2.ec2.archive.ubuntu.com/ubuntu/pool/main/d/dpkg/dpkg-dev_1.19.7ubuntu3.2_all.deb	200	678936	90ae15545a0c3b8df1a1d7bfd970a975267a2031a6e1da1e8c9c32baf7680a53	/home/aella/aws-discovery-bionic-focal-retry-20260831/upgrade-discovery/bionic-to-focal/runtime/deb-cache/f1/e8/f1e8991cf6d7f60f41265c22a012ed670c761aed5cac0d3feb05060add5e8fbb
bionic-to-focal	2026-08-31T11:36:15Z	GET	http://ap-northeast-2.ec2.archive.ubuntu.com/ubuntu/pool/main/d/dpkg/libdpkg-perl_1.19.7ubuntu3.2_all.deb	http://ap-northeast-2.ec2.archive.ubuntu.com/ubuntu/pool/main/d/dpkg/libdpkg-perl_1.19.7ubuntu3.2_all.deb	200	230764	08fddc83221700f2d120d198013b57c2a7f07de97ea3994e69a54171cef66997	/home/aella/aws-discovery-bionic-focal-retry-20260831/upgrade-discovery/bionic-to-focal/runtime/deb-cache/27/7c/277cf6747f1224e91a632f8393b10515faba86373a3045b0edd4f63bbaa3aa83
bionic-to-focal	2026-08-31T11:36:16Z	GET	http://ap-northeast-2.ec2.archive.ubuntu.com/ubuntu/pool/main/p/patch/patch_2.7.6-6_amd64.deb	http://ap-northeast-2.ec2.archive.ubuntu.com/ubuntu/pool/main/p/patch/patch_2.7.6-6_amd64.deb	200	104988	e29e780677057f72c82d7dde465fb9d9c3be629c527bcf8174f588232af23872	/home/aella/aws-discovery-bionic-focal-retry-20260831/upgrade-discovery/bionic-to-focal/runtime/deb-cache/10/23/1023d4f24b1747c44aa80d43dd06498d0051b1a803f5beca4b1f5aafa8810191
bionic-to-focal	2026-08-31T11:36:16Z	GET	http://ap-northeast-2.ec2.archive.ubuntu.com/ubuntu/pool/main/u/ubuntu-release-upgrader/ubuntu-release-upgrader-core_20.04.41_all.deb	http://ap-northeast-2.ec2.archive.ubuntu.com/ubuntu/pool/main/u/ubuntu-release-upgrader/ubuntu-release-upgrader-core_20.04.41_all.deb	200	24312	a827c19e4b406f99be2c3eb02d34065b89607af5e7cacf093bac8ff100dea509	/home/aella/aws-discovery-bionic-focal-retry-20260831/upgrade-discovery/bionic-to-focal/runtime/deb-cache/05/40/0540b1333b2d328dd1b53fdd343808ae07b3937089efd0dcce96fcc0466dadfd
bionic-to-focal	2026-08-31T11:36:16Z	GET	http://ap-northeast-2.ec2.archive.ubuntu.com/ubuntu/pool/main/u/update-manager/update-manager-core_20.04.10.24_all.deb	http://ap-northeast-2.ec2.archive.ubuntu.com/ubuntu/pool/main/u/update-manager/update-manager-core_20.04.10.24_all.deb	200	11588	4340e6f153f5f4d4d1ff855faf28df631da20f7a0ca73d3c0e834a5aad589b1d	/home/aella/aws-discovery-bionic-focal-retry-20260831/upgrade-discovery/bionic-to-focal/runtime/deb-cache/c9/f3/c9f3456f6500b0cb9a94f1d38ead906abb2fd9ae683ba94b40563eb1ef22d219
bionic-to-focal	2026-08-31T11:36:16Z	GET	http://ap-northeast-2.ec2.archive.ubuntu.com/ubuntu/pool/main/u/update-manager/python3-update-manager_20.04.10.24_all.deb	http://ap-northeast-2.ec2.archive.ubuntu.com/ubuntu/pool/main/u/update-manager/python3-update-manager_20.04.10.24_all.deb	200	38520	81241ac59c7fc26053a14abde997dde34029f0d8cbd8f62e8df77fe6623884b4	/home/aella/aws-discovery-bionic-focal-retry-20260831/upgrade-discovery/bionic-to-focal/runtime/deb-cache/ea/b3/eab3a111dff77b00818933b736310cfce76912e0677bdf710738beb31693ad55
bionic-to-focal	2026-08-31T11:36:16Z	GET	http://ap-northeast-2.ec2.archive.ubuntu.com/ubuntu/pool/main/u/ubuntu-release-upgrader/python3-distupgrade_20.04.41_all.deb	http://ap-northeast-2.ec2.archive.ubuntu.com/ubuntu/pool/main/u/ubuntu-release-upgrader/python3-distupgrade_20.04.41_all.deb	200	104956	1f71655ee445b8bf50ef395486c204a70b6825548d8e88cdc51dd54a8bfc5a5b	/home/aella/aws-discovery-bionic-focal-retry-20260831/upgrade-discovery/bionic-to-focal/runtime/deb-cache/18/9d/189da9c85ad7ec7b8a121312f3e0f4e94927667ac804dc5dc5647df345a22536
bionic-to-focal	2026-08-31T11:36:16Z	GET	http://ap-northeast-2.ec2.archive.ubuntu.com/ubuntu/pool/main/u/ubuntu-advantage-tools/ubuntu-advantage-tools_37.1ubuntu0%7e20.04.1_all.deb	http://ap-northeast-2.ec2.archive.ubuntu.com/ubuntu/pool/main/u/ubuntu-advantage-tools/ubuntu-advantage-tools_37.1ubuntu0%7e20.04.1_all.deb	200	11012	b6b6ab14dc6d5b75fcb33da892bef996041f92d7d1cbc162175bf65ea5eadb96	/home/aella/aws-discovery-bionic-focal-retry-20260831/upgrade-discovery/bionic-to-focal/runtime/deb-cache/a3/14/a314f4a68e0a04f5a8f4a1791a330b3cace5af673b04d76aa69c6431a44e9c2e
bionic-to-focal	2026-08-31T11:36:16Z	GET	http://ap-northeast-2.ec2.archive.ubuntu.com/ubuntu/pool/main/d/debconf/debconf_1.5.73_all.deb	http://ap-northeast-2.ec2.archive.ubuntu.com/ubuntu/pool/main/d/debconf/debconf_1.5.73_all.deb	200	121524	7d639ffea1be8e8f5859ca94a0a09b1e4664d10af421c748b4163b08db515990	/home/aella/aws-discovery-bionic-focal-retry-20260831/upgrade-discovery/bionic-to-focal/runtime/deb-cache/01/fe/01fe3685f10d720422fae840cc932d1bcbf4aa2711ae24916251a04e8a848582
bionic-to-focal	2026-08-31T11:36:16Z	GET	http://ap-northeast-2.ec2.archive.ubuntu.com/ubuntu/pool/main/u/update-notifier/update-notifier-common_3.192.30.19_all.deb	http://ap-northeast-2.ec2.archive.ubuntu.com/ubuntu/pool/main/u/update-notifier/update-notifier-common_3.192.30.19_all.deb	200	173316	b0a90dd67f028fa7478bbb461aed1a33d0d499d2859787fb3721bc879bd668ed	/home/aella/aws-discovery-bionic-focal-retry-20260831/upgrade-discovery/bionic-to-focal/runtime/deb-cache/9a/cc/9accd81c44e8d519254e249ef99f8850cca3025a2af43f81b445154e9a3b5f78
bionic-to-focal	2026-08-31T11:36:16Z	GET	http://ap-northeast-2.ec2.archive.ubuntu.com/ubuntu/pool/main/liba/libaio/libaio1_0.3.112-5_amd64.deb	http://ap-northeast-2.ec2.archive.ubuntu.com/ubuntu/pool/main/liba/libaio/libaio1_0.3.112-5_amd64.deb	200	7184	0e50c3258f03d6eee671d7106120b450a6f3a546fe343d57bbfe33257d4e3b48	/home/aella/aws-discovery-bionic-focal-retry-20260831/upgrade-discovery/bionic-to-focal/runtime/deb-cache/b0/3e/b03e972701c17c3a432fc13c2f94aa49aba65d60d6e04a78fe9374cf156eeac9
bionic-to-focal	2026-08-31T11:36:16Z	GET	http://ap-northeast-2.ec2.archive.ubuntu.com/ubuntu/pool/main/libu/liburcu/liburcu6_0.11.1-2_amd64.deb	http://ap-northeast-2.ec2.archive.ubuntu.com/ubuntu/pool/main/libu/liburcu/liburcu6_0.11.1-2_amd64.deb	200	54180	8b401f4bb1dfb85f24bdcc791cd7fb6ebe3189cff01e153c13f8b5601a0da877	/home/aella/aws-discovery-bionic-focal-retry-20260831/upgrade-discovery/bionic-to-focal/runtime/deb-cache/44/06/440604096fa0261ce9e7f8eb912641bd44801574a969707a92bd4e263f7a489e
bionic-to-focal	2026-08-31T11:36:17Z	GET	http://ap-northeast-2.ec2.archive.ubuntu.com/ubuntu/pool/main/l/lvm2/dmsetup_1.02.167-1ubuntu1_amd64.deb	http://ap-northeast-2.ec2.archive.ubuntu.com/ubuntu/pool/main/l/lvm2/dmsetup_1.02.167-1ubuntu1_amd64.deb	200	75576	107aec366e0ae17ffda6aa1b696e4abb8806ab308dddf4b8224974e9d2f4ae86	/home/aella/aws-discovery-bionic-focal-retry-20260831/upgrade-discovery/bionic-to-focal/runtime/deb-cache/7a/73/7a739bf31e89894f0c44d373fae55d50502f4f7d8e03ce52110aaf4c9cf7b8f9
bionic-to-focal	2026-08-31T11:36:17Z	GET	http://ap-northeast-2.ec2.archive.ubuntu.com/ubuntu/pool/main/m/multipath-tools/kpartx_0.8.3-1ubuntu2.4_amd64.deb	http://ap-northeast-2.ec2.archive.ubuntu.com/ubuntu/pool/main/m/multipath-tools/kpartx_0.8.3-1ubuntu2.4_amd64.deb	200	28184	49689104b6134627df022e85f353ec610f08eefc56f8de474689beefb3c3b3c2	/home/aella/aws-discovery-bionic-focal-retry-20260831/upgrade-discovery/bionic-to-focal/runtime/deb-cache/e0/94/e094cfb05850de62445152b687b2ac7d7173f463d3f3f8b0a0c5275f25a18e44
bionic-to-focal	2026-08-31T11:36:17Z	GET	http://ap-northeast-2.ec2.archive.ubuntu.com/ubuntu/pool/main/s/sg3-utils/libsgutils2-2_1.44-1ubuntu2_amd64.deb	http://ap-northeast-2.ec2.archive.ubuntu.com/ubuntu/pool/main/s/sg3-utils/libsgutils2-2_1.44-1ubuntu2_amd64.deb	200	80608	13f1a81145c86c627235c99ed1bd393a1ffa662ed81444581f350c7dd3d3d18d	/home/aella/aws-discovery-bionic-focal-retry-20260831/upgrade-discovery/bionic-to-focal/runtime/deb-cache/1d/30/1d304afd96c02e33d24c6d09cd4940588d6a2436c0249dadc1a15d654f7f746b
bionic-to-focal	2026-08-31T11:36:17Z	GET	http://ap-northeast-2.ec2.archive.ubuntu.com/ubuntu/pool/main/s/sg3-utils/sg3-utils_1.44-1ubuntu2_amd64.deb	http://ap-northeast-2.ec2.archive.ubuntu.com/ubuntu/pool/main/s/sg3-utils/sg3-utils_1.44-1ubuntu2_amd64.deb	200	803372	0ee2e7899b9c06155028c4d4422639d63b2ffc15deda425a8d9f5ca567b2fafb	/home/aella/aws-discovery-bionic-focal-retry-20260831/upgrade-discovery/bionic-to-focal/runtime/deb-cache/a7/c6/a7c6cb125e5f08755ddeec0d99e0416bce6e2fda741c08afd75e4f77c33445f6
bionic-to-focal	2026-08-31T11:36:18Z	GET	http://ap-northeast-2.ec2.archive.ubuntu.com/ubuntu/pool/main/s/sg3-utils/sg3-utils-udev_1.44-1ubuntu2_all.deb	http://ap-northeast-2.ec2.archive.ubuntu.com/ubuntu/pool/main/s/sg3-utils/sg3-utils-udev_1.44-1ubuntu2_all.deb	200	5180	047745ebdc438341f43cef9b4a3de25dd9a498e8e436a7deab2e1ad3e9aa370f	/home/aella/aws-discovery-bionic-focal-retry-20260831/upgrade-discovery/bionic-to-focal/runtime/deb-cache/e5/23/e523c99830b9df15941c32d5b21f19012dbc50c0004b0c3ed807600ede33d364
bionic-to-focal	2026-08-31T11:36:18Z	GET	http://ap-northeast-2.ec2.archive.ubuntu.com/ubuntu/pool/main/m/multipath-tools/multipath-tools_0.8.3-1ubuntu2.4_amd64.deb	http://ap-northeast-2.ec2.archive.ubuntu.com/ubuntu/pool/main/m/multipath-tools/multipath-tools_0.8.3-1ubuntu2.4_amd64.deb	200	288980	088ab4f77be83031e54a39b78fbb0bb24f5f336daa7e5fdf2e945683d2578697	/home/aella/aws-discovery-bionic-focal-retry-20260831/upgrade-discovery/bionic-to-focal/runtime/deb-cache/c5/8f/c58f0fc6a3e31ab77d11f596e86778647194ef7749c248408fb83750d30b3fdb
bionic-to-focal	2026-08-31T11:36:18Z	GET	http://ap-northeast-2.ec2.archive.ubuntu.com/ubuntu/pool/main/e/entrypoints/python3-entrypoints_0.3-2ubuntu1_all.deb	http://ap-northeast-2.ec2.archive.ubuntu.com/ubuntu/pool/main/e/entrypoints/python3-entrypoints_0.3-2ubuntu1_all.deb	200	5740	3fa51df314784238be80ca13ee8d61ca99302f8f58eb2acc8a9d2fd810cfcdd3	/home/aella/aws-discovery-bionic-focal-retry-20260831/upgrade-discovery/bionic-to-focal/runtime/deb-cache/e5/03/e5031e1e8718413ad9d92d7b5cadf4aa19fb8bdc2527f45b61488c6e223f6ba7
bionic-to-focal	2026-08-31T11:36:18Z	GET	http://ap-northeast-2.ec2.archive.ubuntu.com/ubuntu/pool/main/p/python-cryptography/python3-cryptography_2.8-3ubuntu0.3_amd64.deb	http://ap-northeast-2.ec2.archive.ubuntu.com/ubuntu/pool/main/p/python-cryptography/python3-cryptography_2.8-3ubuntu0.3_amd64.deb	200	210704	1778ada591652ad7ab783d4ae02f65c31ce2c096db4cd0d90fb2c2244a17d46f	/home/aella/aws-discovery-bionic-focal-retry-20260831/upgrade-discovery/bionic-to-focal/runtime/deb-cache/d6/3e/d63eb44f6769a0ef25314365bee9b2002fcaec943989e90ad628371a6e6631ee
bionic-to-focal	2026-08-31T11:36:19Z	GET	http://ap-northeast-2.ec2.archive.ubuntu.com/ubuntu/pool/main/p/python-secretstorage/python3-secretstorage_2.3.1-2ubuntu1_all.deb	http://ap-northeast-2.ec2.archive.ubuntu.com/ubuntu/pool/main/p/python-secretstorage/python3-secretstorage_2.3.1-2ubuntu1_all.deb	200	12440	23abd675644ccd07a76e216d3af153b82eea13e15859726122cd04a40803dc70	/home/aella/aws-discovery-bionic-focal-retry-20260831/upgrade-discovery/bionic-to-focal/runtime/deb-cache/ad/47/ad47aa3ed46f8331966e5fab25709b86acf01a70e4b273ca5df07e8b3f884904
bionic-to-focal	2026-08-31T11:36:19Z	GET	http://ap-northeast-2.ec2.archive.ubuntu.com/ubuntu/pool/main/p/python-keyring/python3-keyring_18.0.1-2ubuntu1_all.deb	http://ap-northeast-2.ec2.archive.ubuntu.com/ubuntu/pool/main/p/python-keyring/python3-keyring_18.0.1-2ubuntu1_all.deb	200	28652	3ffee1fbebc85a5db136ca51272e5288ce990fc9c8585c12c3f94acaf50daa50	/home/aella/aws-discovery-bionic-focal-retry-20260831/upgrade-discovery/bionic-to-focal/runtime/deb-cache/94/52/94522c34f9e150901ef33f3e61f82d29242a027f646667b1c5c288a95270df95
bionic-to-focal	2026-08-31T11:36:19Z	GET	http://ap-northeast-2.ec2.archive.ubuntu.com/ubuntu/pool/main/l/lazr.uri/python3-lazr.uri_1.0.3-4build1_all.deb	http://ap-northeast-2.ec2.archive.ubuntu.com/ubuntu/pool/main/l/lazr.uri/python3-lazr.uri_1.0.3-4build1_all.deb	200	13944	85ab2bbd9d31c2d9ff378e76f836f961e3c3061d61204fe138e00160c9466e90	/home/aella/aws-discovery-bionic-focal-retry-20260831/upgrade-discovery/bionic-to-focal/runtime/deb-cache/2c/19/2c19c926c634f76a268b590ee3e20ae996bed98ce8be53097a1581f17c7b9553
bionic-to-focal	2026-08-31T11:36:19Z	GET	http://ap-northeast-2.ec2.archive.ubuntu.com/ubuntu/pool/main/s/simplejson/python3-simplejson_3.16.0-2ubuntu2_amd64.deb	http://ap-northeast-2.ec2.archive.ubuntu.com/ubuntu/pool/main/s/simplejson/python3-simplejson_3.16.0-2ubuntu2_amd64.deb	200	50780	94b7cba9c0761396f850de3633230cfc9fba02cce20a5f378d3f461a2ab39974	/home/aella/aws-discovery-bionic-focal-retry-20260831/upgrade-discovery/bionic-to-focal/runtime/deb-cache/29/d0/29d0f4967875e60af206c40c3ee5e871f5a3fa21db35b8b48932be27fd22ffe4
bionic-to-focal	2026-08-31T11:36:19Z	GET	http://ap-northeast-2.ec2.archive.ubuntu.com/ubuntu/pool/main/p/python-wadllib/python3-wadllib_1.3.3-3build1_all.deb	http://ap-northeast-2.ec2.archive.ubuntu.com/ubuntu/pool/main/p/python-wadllib/python3-wadllib_1.3.3-3build1_all.deb	200	45352	83fdb82bcc1382a9152f0166b37146630b03f5af7ea2686c25e0bb4032b0f979	/home/aella/aws-discovery-bionic-focal-retry-20260831/upgrade-discovery/bionic-to-focal/runtime/deb-cache/37/f4/37f4eff55d98c5a453b3250fab7d1845d9cee7b98e49b7e6b37437d109e8b1c4
bionic-to-focal	2026-08-31T11:36:20Z	GET	http://ap-northeast-2.ec2.archive.ubuntu.com/ubuntu/pool/main/p/python-distro/python3-distro_1.4.0-1_all.deb	http://ap-northeast-2.ec2.archive.ubuntu.com/ubuntu/pool/main/p/python-distro/python3-distro_1.4.0-1_all.deb	200	14600	f0c9a51a652198804d4e5ef250d3fcaf70744c810f37609c467a1edd279fe39f	/home/aella/aws-discovery-bionic-focal-retry-20260831/upgrade-discovery/bionic-to-focal/runtime/deb-cache/d2/19/d219a79ce2e6b1863089f3f2a1cc2a0895bdbc1efb428141c8a98e528ccac548
bionic-to-focal	2026-08-31T11:36:21Z	GET	http://ap-northeast-2.ec2.archive.ubuntu.com/ubuntu/pool/main/p/python-httplib2/python3-httplib2_0.14.0-1ubuntu1_all.deb	http://ap-northeast-2.ec2.archive.ubuntu.com/ubuntu/pool/main/p/python-httplib2/python3-httplib2_0.14.0-1ubuntu1_all.deb	200	28884	bed38efc6cc976720ff607017b246c68dad62cdc34e58269d338aea3b10626ac	/home/aella/aws-discovery-bionic-focal-retry-20260831/upgrade-discovery/bionic-to-focal/runtime/deb-cache/5b/c3/5bc30877d1c726dc52b210fb565a197bb0a2660d2dd04f5549f3fbd3e31b811e
bionic-to-focal	2026-08-31T11:36:21Z	GET	http://ap-northeast-2.ec2.archive.ubuntu.com/ubuntu/pool/main/b/blinker/python3-blinker_1.4%2bdfsg1-0.3ubuntu1_all.deb	http://ap-northeast-2.ec2.archive.ubuntu.com/ubuntu/pool/main/b/blinker/python3-blinker_1.4%2bdfsg1-0.3ubuntu1_all.deb	200	13244	af58ec7aecf13a6f51bf81276973664261d3f2a2a5fbfa51945537fe319fa08c	/home/aella/aws-discovery-bionic-focal-retry-20260831/upgrade-discovery/bionic-to-focal/runtime/deb-cache/f5/86/f586934058a9fb47e5d787b8a6ad9aba6640253bbe56de4b4c4568fab0a4ba53
bionic-to-focal	2026-08-31T11:36:21Z	GET	http://ap-northeast-2.ec2.archive.ubuntu.com/ubuntu/pool/main/p/pyjwt/python3-jwt_1.7.1-2ubuntu2.1_all.deb	http://ap-northeast-2.ec2.archive.ubuntu.com/ubuntu/pool/main/p/pyjwt/python3-jwt_1.7.1-2ubuntu2.1_all.deb	200	18048	1e6ef60912a76cf52760f7be4385fcd32edbfae39dd6377a6f3f1c9bf460dc39	/home/aella/aws-discovery-bionic-focal-retry-20260831/upgrade-discovery/bionic-to-focal/runtime/deb-cache/91/21/91210f315eff5b6fbbc24ccdb14338e1af99b967b444000c67dcba522dae2a1b
bionic-to-focal	2026-08-31T11:36:21Z	GET	http://ap-northeast-2.ec2.archive.ubuntu.com/ubuntu/pool/main/p/python-oauthlib/python3-oauthlib_3.1.0-1ubuntu2_all.deb	http://ap-northeast-2.ec2.archive.ubuntu.com/ubuntu/pool/main/p/python-oauthlib/python3-oauthlib_3.1.0-1ubuntu2_all.deb	200	84844	6838c1705c4e8a41c009bb755fb03c0071cf36c98988c7c8c4506b9150271c18	/home/aella/aws-discovery-bionic-focal-retry-20260831/upgrade-discovery/bionic-to-focal/runtime/deb-cache/d1/3e/d13e5963ea99444e0a3e244e0b0e91353e751e0799eed9cf783169e1e2003f6a
bionic-to-focal	2026-08-31T11:36:21Z	GET	http://ap-northeast-2.ec2.archive.ubuntu.com/ubuntu/pool/main/l/lazr.restfulclient/python3-lazr.restfulclient_0.14.2-2build1_all.deb	http://ap-northeast-2.ec2.archive.ubuntu.com/ubuntu/pool/main/l/lazr.restfulclient/python3-lazr.restfulclient_0.14.2-2build1_all.deb	200	50744	caf9250be6ec3f90c8e65fa9ef6b7346499df4db1ce90163ccbf5c2bcdd51614	/home/aella/aws-discovery-bionic-focal-retry-20260831/upgrade-discovery/bionic-to-focal/runtime/deb-cache/dd/8a/dd8ae8148de65f6c35a1139e84c8801a8458493bf961dc6cf06c31d48207e82a
bionic-to-focal	2026-08-31T11:36:22Z	GET	http://ap-northeast-2.ec2.archive.ubuntu.com/ubuntu/pool/main/p/python-launchpadlib/python3-launchpadlib_1.10.13-1_all.deb	http://ap-northeast-2.ec2.archive.ubuntu.com/ubuntu/pool/main/p/python-launchpadlib/python3-launchpadlib_1.10.13-1_all.deb	200	49980	5671258a5098af51390406ac8455013ef935b8a566ac90842be31caa8927f99e	/home/aella/aws-discovery-bionic-focal-retry-20260831/upgrade-discovery/bionic-to-focal/runtime/deb-cache/73/b9/73b9f76221bd5e853de66611b1fd3889aeb2a24621dd2747657dfccf1efa57e6
bionic-to-focal	2026-08-31T11:36:22Z	GET	http://ap-northeast-2.ec2.archive.ubuntu.com/ubuntu/pool/main/a/apport/python3-problem-report_2.20.11-0ubuntu27.31_all.deb	http://ap-northeast-2.ec2.archive.ubuntu.com/ubuntu/pool/main/a/apport/python3-problem-report_2.20.11-0ubuntu27.31_all.deb	200	10896	c9e3f2fbf5285e7899ea992d3dde7698584237f75ace75a7e46d31a87ad4e4b8	/home/aella/aws-discovery-bionic-focal-retry-20260831/upgrade-discovery/bionic-to-focal/runtime/deb-cache/82/d7/82d7131c56d082867212865e86e31558bd28aa481af833b08ecd55e84b4f3bb4
bionic-to-focal	2026-08-31T11:36:23Z	GET	http://ap-northeast-2.ec2.archive.ubuntu.com/ubuntu/pool/main/p/python-certifi/python3-certifi_2019.11.28-1_all.deb	http://ap-northeast-2.ec2.archive.ubuntu.com/ubuntu/pool/main/p/python-certifi/python3-certifi_2019.11.28-1_all.deb	200	148736	f2312937dc80529a7d7ebaf966af8ee4a5b3e7ac64b71d9333a37bcf923d7c34	/home/aella/aws-discovery-bionic-focal-retry-20260831/upgrade-discovery/bionic-to-focal/runtime/deb-cache/9d/c6/9dc6f6e52b20163fb38392b873e7d0f7f1cb60732d4c16a1cd8964e466beeda1
bionic-to-focal	2026-08-31T11:36:23Z	GET	http://ap-northeast-2.ec2.archive.ubuntu.com/ubuntu/pool/main/p/python-idna/python3-idna_2.8-1ubuntu0.1_all.deb	http://ap-northeast-2.ec2.archive.ubuntu.com/ubuntu/pool/main/p/python-idna/python3-idna_2.8-1ubuntu0.1_all.deb	200	36248	3f345b3426bd04d1e8979f97723e402e1c1b2f492f753fa2ee93c93084bd6e42	/home/aella/aws-discovery-bionic-focal-retry-20260831/upgrade-discovery/bionic-to-focal/runtime/deb-cache/50/d6/50d658635249c7ab8a71a40e43bf560c20b26bac85506b9975339bab863343c2
bionic-to-focal	2026-08-31T11:36:23Z	GET	http://ap-northeast-2.ec2.archive.ubuntu.com/ubuntu/pool/main/r/requests/python3-requests_2.22.0-2ubuntu1.1_all.deb	http://ap-northeast-2.ec2.archive.ubuntu.com/ubuntu/pool/main/r/requests/python3-requests_2.22.0-2ubuntu1.1_all.deb	200	47160	67953814ab8fc096ccf34dc73978b2c8e3749c1b7d14d11c489a203e1abc4be1	/home/aella/aws-discovery-bionic-focal-retry-20260831/upgrade-discovery/bionic-to-focal/runtime/deb-cache/3c/0a/3c0a26f4b7683e44123edb041870ec392450066498138e94aba76f8fa7d772c5
bionic-to-focal	2026-08-31T11:36:23Z	GET	http://ap-northeast-2.ec2.archive.ubuntu.com/ubuntu/pool/main/p/python-urllib3/python3-urllib3_1.25.8-2ubuntu0.4_all.deb	http://ap-northeast-2.ec2.archive.ubuntu.com/ubuntu/pool/main/p/python-urllib3/python3-urllib3_1.25.8-2ubuntu0.4_all.deb	200	88696	b6c717002c50f6517f6fce77282c250e1cef8aa63b7b90019560585a64021814	/home/aella/aws-discovery-bionic-focal-retry-20260831/upgrade-discovery/bionic-to-focal/runtime/deb-cache/86/b6/86b65d7e3dd05fbe108346c468eb1612e53e0045f462c6e61fa780f0f303bc80
bionic-to-focal	2026-08-31T11:36:23Z	GET	http://ap-northeast-2.ec2.archive.ubuntu.com/ubuntu/pool/main/p/python-requests-unixsocket/python3-requests-unixsocket_0.2.0-2_all.deb	http://ap-northeast-2.ec2.archive.ubuntu.com/ubuntu/pool/main/p/python-requests-unixsocket/python3-requests-unixsocket_0.2.0-2_all.deb	200	7272	643fdf11e5f66d8733ff59bbbefa95c4e55aaf17301505f8f7c3ffa56ec52ff4	/home/aella/aws-discovery-bionic-focal-retry-20260831/upgrade-discovery/bionic-to-focal/runtime/deb-cache/14/8c/148c644a285aa9d11f1a8de287887c0bc0b19d0722e2f019c279da47bc965a01
bionic-to-focal	2026-08-31T11:36:23Z	GET	http://ap-northeast-2.ec2.archive.ubuntu.com/ubuntu/pool/main/a/apport/python3-apport_2.20.11-0ubuntu27.31_all.deb	http://ap-northeast-2.ec2.archive.ubuntu.com/ubuntu/pool/main/a/apport/python3-apport_2.20.11-0ubuntu27.31_all.deb	200	87016	816d37c22b589f3dc065853d90b44f7cf0213897583d0a31053db8ed6bf178dd	/home/aella/aws-discovery-bionic-focal-retry-20260831/upgrade-discovery/bionic-to-focal/runtime/deb-cache/fe/a1/fea1a1294ebd90297a601cddb6ef122fd2d3914a61c3e291742416d64e23ab9f
bionic-to-focal	2026-08-31T11:36:23Z	GET	http://ap-northeast-2.ec2.archive.ubuntu.com/ubuntu/pool/main/a/apport/apport_2.20.11-0ubuntu27.31_all.deb	http://ap-northeast-2.ec2.archive.ubuntu.com/ubuntu/pool/main/a/apport/apport_2.20.11-0ubuntu27.31_all.deb	200	129884	3287640eded8160f655fba9d8c71e164efcb5d59d1bb75d7ecac26374d3ca6d2	/home/aella/aws-discovery-bionic-focal-retry-20260831/upgrade-discovery/bionic-to-focal/runtime/deb-cache/0e/e4/0ee48bdcda5609f79155dff0d5a1defe0c06ed39e1aacf8aa98974ea4148671b
bionic-to-focal	2026-08-31T11:36:23Z	GET	http://ap-northeast-2.ec2.archive.ubuntu.com/ubuntu/pool/main/f/flex/libfl2_2.6.4-6.2_amd64.deb	http://ap-northeast-2.ec2.archive.ubuntu.com/ubuntu/pool/main/f/flex/libfl2_2.6.4-6.2_amd64.deb	200	11452	de6c0f0afce0a1df7e3834c2e65a46d69b419eb9c6943914949b950cf4003fd4	/home/aella/aws-discovery-bionic-focal-retry-20260831/upgrade-discovery/bionic-to-focal/runtime/deb-cache/4f/89/4f89b310fbb0e635dad1fcb63ee975128db5e4798c28a1dae0bd87b68fca9bcf
bionic-to-focal	2026-08-31T11:36:24Z	GET	http://ap-northeast-2.ec2.archive.ubuntu.com/ubuntu/pool/main/a/at/at_3.1.23-1ubuntu1_amd64.deb	http://ap-northeast-2.ec2.archive.ubuntu.com/ubuntu/pool/main/a/at/at_3.1.23-1ubuntu1_amd64.deb	200	38652	a141b40a6d9d7d33aeee203f2c6e55b43b3d9f523d756f28301f11b134c073a8	/home/aella/aws-discovery-bionic-focal-retry-20260831/upgrade-discovery/bionic-to-focal/runtime/deb-cache/b3/de/b3dea5e9ea552bced254264963aea557b09899cf73183cad46ed676aafc867a0
bionic-to-focal	2026-08-31T11:36:24Z	GET	http://ap-northeast-2.ec2.archive.ubuntu.com/ubuntu/pool/main/g/gawk/gawk_5.0.1%2bdfsg-1ubuntu0.1_amd64.deb	http://ap-northeast-2.ec2.archive.ubuntu.com/ubuntu/pool/main/g/gawk/gawk_5.0.1%2bdfsg-1ubuntu0.1_amd64.deb	200	414540	5d48f427156f9d65f433a90af21033051102db391b1c1a7a07babd17dced5453	/home/aella/aws-discovery-bionic-focal-retry-20260831/upgrade-discovery/bionic-to-focal/runtime/deb-cache/69/cc/69cc3d451faec9d6c5d0a0f58a31a00ca6f2a18f6fb544e0c1b5d1046662e67b
bionic-to-focal	2026-08-31T11:36:24Z	GET	http://ap-northeast-2.ec2.archive.ubuntu.com/ubuntu/pool/main/b/bcache-tools/bcache-tools_1.0.8-3ubuntu0.1_amd64.deb	http://ap-northeast-2.ec2.archive.ubuntu.com/ubuntu/pool/main/b/bcache-tools/bcache-tools_1.0.8-3ubuntu0.1_amd64.deb	200	19472	1899edf83b688226e63d09d129adbafdac0980466a5f712375019687a122effe	/home/aella/aws-discovery-bionic-focal-retry-20260831/upgrade-discovery/bionic-to-focal/runtime/deb-cache/f8/97/f8974dd781cbbeb8f28ad76fab88a6f194c3ccdbd643278ea6755fb26c31c5c1
bionic-to-focal	2026-08-31T11:36:25Z	GET	http://ap-northeast-2.ec2.archive.ubuntu.com/ubuntu/pool/main/b/btrfs-progs/btrfs-progs_5.4.1-2_amd64.deb	http://ap-northeast-2.ec2.archive.ubuntu.com/ubuntu/pool/main/b/btrfs-progs/btrfs-progs_5.4.1-2_amd64.deb	200	654500	c521ad75bac750222f184b473c10b4977ffddea2be2dba3a5cce65935c84669b	/home/aella/aws-discovery-bionic-focal-retry-20260831/upgrade-discovery/bionic-to-focal/runtime/deb-cache/72/00/720045965b9e58adc9c63e2ebcb2a06c2196d4a4f4304f0445149ec217da95ad
bionic-to-focal	2026-08-31T11:36:25Z	GET	http://ap-northeast-2.ec2.archive.ubuntu.com/ubuntu/pool/main/libe/libevent/libevent-2.1-7_2.1.11-stable-1_amd64.deb	http://ap-northeast-2.ec2.archive.ubuntu.com/ubuntu/pool/main/libe/libevent/libevent-2.1-7_2.1.11-stable-1_amd64.deb	200	138008	4494b16a4732e6d9989d440bcedac846cee66bc11cc55c1f622b0abb7d6c449f	/home/aella/aws-discovery-bionic-focal-retry-20260831/upgrade-discovery/bionic-to-focal/runtime/deb-cache/7f/5f/7f5f3103d906b1ee1a9157373bbfede3d30821238a5ef11ea11c95224fab793a
bionic-to-focal	2026-08-31T11:36:25Z	GET	http://ap-northeast-2.ec2.archive.ubuntu.com/ubuntu/pool/main/libu/libutempter/libutempter0_1.1.6-4_amd64.deb	http://ap-northeast-2.ec2.archive.ubuntu.com/ubuntu/pool/main/libu/libutempter/libutempter0_1.1.6-4_amd64.deb	200	8256	eb1b7c5fbcb1b08607d12ebab1d2e3cbf3cb28cf0a0f15d18d10acd807b99656	/home/aella/aws-discovery-bionic-focal-retry-20260831/upgrade-discovery/bionic-to-focal/runtime/deb-cache/93/7b/937b74cc67983b77fc8f78c07e53eb473bc285414d10eb318d3850213370d6d8
bionic-to-focal	2026-08-31T11:36:25Z	GET	http://ap-northeast-2.ec2.archive.ubuntu.com/ubuntu/pool/main/t/tmux/tmux_3.0a-2ubuntu0.4_amd64.deb	http://ap-northeast-2.ec2.archive.ubuntu.com/ubuntu/pool/main/t/tmux/tmux_3.0a-2ubuntu0.4_amd64.deb	200	292172	ef05f636e20448cf75eb7afa0e98b18b3a1e57dcfb872e1f62d6a0ee7dc91bad	/home/aella/aws-discovery-bionic-focal-retry-20260831/upgrade-discovery/bionic-to-focal/runtime/deb-cache/bb/d1/bbd128a7dbff802d5511c2f15909a985184a63fdcfbd3695bb774a517370241f
bionic-to-focal	2026-08-31T11:36:25Z	GET	http://ap-northeast-2.ec2.archive.ubuntu.com/ubuntu/pool/main/b/byobu/byobu_5.133-0ubuntu1_all.deb	http://ap-northeast-2.ec2.archive.ubuntu.com/ubuntu/pool/main/b/byobu/byobu_5.133-0ubuntu1_all.deb	200	101176	49491887b85aca29b7935eb9c3db7edf9ba0c29f6c4dcaed4587a5569c583855	/home/aella/aws-discovery-bionic-focal-retry-20260831/upgrade-discovery/bionic-to-focal/runtime/deb-cache/bf/28/bf286e287d9903617a2fda11e8212199d80746510484c5cadb8cce729f8504ba
bionic-to-focal	2026-08-31T11:36:25Z	GET	http://ap-northeast-2.ec2.archive.ubuntu.com/ubuntu/pool/main/c/cloud-utils/cloud-guest-utils_0.31-7-gd99b2d76-0ubuntu1_all.deb	http://ap-northeast-2.ec2.archive.ubuntu.com/ubuntu/pool/main/c/cloud-utils/cloud-guest-utils_0.31-7-gd99b2d76-0ubuntu1_all.deb	200	16216	159ea7ccdf1e1f44370ca0afd733faa54a8ff20dfd101039aa487b5639a61ac6	/home/aella/aws-discovery-bionic-focal-retry-20260831/upgrade-discovery/bionic-to-focal/runtime/deb-cache/98/eb/98eb2c7aeb131f9c2bc1ac7d8246720c0178e3d01fe3f1e9e4be2d3e4a9f7b4b
bionic-to-focal	2026-08-31T11:36:26Z	GET	http://ap-northeast-2.ec2.archive.ubuntu.com/ubuntu/pool/main/c/cloud-initramfs-tools/cloud-initramfs-copymods_0.45ubuntu2_all.deb	http://ap-northeast-2.ec2.archive.ubuntu.com/ubuntu/pool/main/c/cloud-initramfs-tools/cloud-initramfs-copymods_0.45ubuntu2_all.deb	200	4180	216bd438394f054ccd2470c16a81034850e3d30b93e7f62153d851e471c4465d	/home/aella/aws-discovery-bionic-focal-retry-20260831/upgrade-discovery/bionic-to-focal/runtime/deb-cache/c2/75/c275c0d0cb740f8ed1812eda4a8c26b772e496761b5838008b7584ecb41ffab7
bionic-to-focal	2026-08-31T11:36:26Z	GET	http://ap-northeast-2.ec2.archive.ubuntu.com/ubuntu/pool/main/c/cloud-initramfs-tools/cloud-initramfs-dyn-netconf_0.45ubuntu2_all.deb	http://ap-northeast-2.ec2.archive.ubuntu.com/ubuntu/pool/main/c/cloud-initramfs-tools/cloud-initramfs-dyn-netconf_0.45ubuntu2_all.deb	200	6700	27a69ab4e5ec91141c2f4c581dd38a96ba2ff72d44569e1e90a6c7945e8611cb	/home/aella/aws-discovery-bionic-focal-retry-20260831/upgrade-discovery/bionic-to-focal/runtime/deb-cache/4f/1c/4f1c41e00f73397a5a2cb6b45bae84dfb8b2a16a94f618a9b22ce38c5f80f95d
bionic-to-focal	2026-08-31T11:36:26Z	GET	http://ap-northeast-2.ec2.archive.ubuntu.com/ubuntu/pool/main/c/curl/curl_7.68.0-1ubuntu2.25_amd64.deb	http://ap-northeast-2.ec2.archive.ubuntu.com/ubuntu/pool/main/c/curl/curl_7.68.0-1ubuntu2.25_amd64.deb	200	161516	c73d3bb61bc4e804b76bf4546e524f93a4ada946639d9f319e452eb2344640fe	/home/aella/aws-discovery-bionic-focal-retry-20260831/upgrade-discovery/bionic-to-focal/runtime/deb-cache/f3/7d/f37deed4af3eccebbb5631a61d394c859d7dc1f664a79c5fbac28e7715c2e64e
bionic-to-focal	2026-08-31T11:36:26Z	GET	http://ap-northeast-2.ec2.archive.ubuntu.com/ubuntu/pool/main/c/curl/libcurl4_7.68.0-1ubuntu2.25_amd64.deb	http://ap-northeast-2.ec2.archive.ubuntu.com/ubuntu/pool/main/c/curl/libcurl4_7.68.0-1ubuntu2.25_amd64.deb	200	234976	915e4bcb125fc1dc3c1219b19c5efb478d457cd1702e72b4012aca25d809632c	/home/aella/aws-discovery-bionic-focal-retry-20260831/upgrade-discovery/bionic-to-focal/runtime/deb-cache/53/4f/534f781dd725d28215fe667ddff45dbbd951862e90edcf996cac06555f4a1f88
bionic-to-focal	2026-08-31T11:36:26Z	GET	http://ap-northeast-2.ec2.archive.ubuntu.com/ubuntu/pool/main/e/ethtool/ethtool_5.4-1_amd64.deb	http://ap-northeast-2.ec2.archive.ubuntu.com/ubuntu/pool/main/e/ethtool/ethtool_5.4-1_amd64.deb	200	133644	886ac450953213f5e557c26c35449c2781020615c545af050c13aa71a870ed55	/home/aella/aws-discovery-bionic-focal-retry-20260831/upgrade-discovery/bionic-to-focal/runtime/deb-cache/c9/51/c951169113eaafd99284afc938230ddba2851848bda5983eee22bbdc1a0635e0
bionic-to-focal	2026-08-31T11:36:26Z	GET	http://ap-northeast-2.ec2.archive.ubuntu.com/ubuntu/pool/main/f/fonts-ubuntu/fonts-ubuntu-console_0.83-4ubuntu1_all.deb	http://ap-northeast-2.ec2.archive.ubuntu.com/ubuntu/pool/main/f/fonts-ubuntu/fonts-ubuntu-console_0.83-4ubuntu1_all.deb	200	18624	fa36d1a3561d7b86514f9321bfb5b425bd151255acf5dc87b803d616a881db79	/home/aella/aws-discovery-bionic-focal-retry-20260831/upgrade-discovery/bionic-to-focal/runtime/deb-cache/e9/24/e924a72aef271139a1e38af9df830f93da52f71e54e124ada2e60faed88726e6
bionic-to-focal	2026-08-31T11:36:26Z	GET	http://ap-northeast-2.ec2.archive.ubuntu.com/ubuntu/pool/main/h/htop/htop_2.2.0-2build1_amd64.deb	http://ap-northeast-2.ec2.archive.ubuntu.com/ubuntu/pool/main/h/htop/htop_2.2.0-2build1_amd64.deb	200	80544	c803ab48c0f2e097283a2e0673914a758f10779a26a947a77d36a1e4353e85d6	/home/aella/aws-discovery-bionic-focal-retry-20260831/upgrade-discovery/bionic-to-focal/runtime/deb-cache/a4/1c/a41cb60eb5bc9871999873d60e3370da35486c05169753e608ac926806eee2bb
bionic-to-focal	2026-08-31T11:36:26Z	GET	http://ap-northeast-2.ec2.archive.ubuntu.com/ubuntu/pool/main/l/lvm2/libdevmapper-event1.02.1_1.02.167-1ubuntu1_amd64.deb	http://ap-northeast-2.ec2.archive.ubuntu.com/ubuntu/pool/main/l/lvm2/libdevmapper-event1.02.1_1.02.167-1ubuntu1_amd64.deb	200	11868	44cb0b85ad547f4cf4897cb5fe48e026f08b9b60b4c1ce6aa15cc6512ed5a5b8	/home/aella/aws-discovery-bionic-focal-retry-20260831/upgrade-discovery/bionic-to-focal/runtime/deb-cache/46/61/46611645d38310694b02973baa95a947be855f3fb1f5be8a16e49bb6c1fab0fc
bionic-to-focal	2026-08-31T11:36:26Z	GET	http://ap-northeast-2.ec2.archive.ubuntu.com/ubuntu/pool/main/r/readline5/libreadline5_5.2%2bdfsg-3build3_amd64.deb	http://ap-northeast-2.ec2.archive.ubuntu.com/ubuntu/pool/main/r/readline5/libreadline5_5.2%2bdfsg-3build3_amd64.deb	200	100296	e49389b39de229ef056c507eb42c5c80b39d68142ce9221cb344c04456fbb77a	/home/aella/aws-discovery-bionic-focal-retry-20260831/upgrade-discovery/bionic-to-focal/runtime/deb-cache/aa/8e/aa8ea2121665e4e3d990a152f807922bb3ce6b602c24dfe940060fadae053e07
bionic-to-focal	2026-08-31T11:36:27Z	GET	http://ap-northeast-2.ec2.archive.ubuntu.com/ubuntu/pool/main/l/lvm2/liblvm2cmd2.03_2.03.07-1ubuntu1_amd64.deb	http://ap-northeast-2.ec2.archive.ubuntu.com/ubuntu/pool/main/l/lvm2/liblvm2cmd2.03_2.03.07-1ubuntu1_amd64.deb	200	672892	fe6441061cb7e69c4711771e7bee26d35fe13cb5b44e4ea6b8150b42efc0fe47	/home/aella/aws-discovery-bionic-focal-retry-20260831/upgrade-discovery/bionic-to-focal/runtime/deb-cache/ff/49/ff49535439ba3c2d41ab363d9aab19e6d4b7787655ca6884843e43bafd9bf965
bionic-to-focal	2026-08-31T11:36:28Z	GET	http://ap-northeast-2.ec2.archive.ubuntu.com/ubuntu/pool/main/l/lvm2/dmeventd_1.02.167-1ubuntu1_amd64.deb	http://ap-northeast-2.ec2.archive.ubuntu.com/ubuntu/pool/main/l/lvm2/dmeventd_1.02.167-1ubuntu1_amd64.deb	200	35076	bd4c9c53ee56f26fb526ff12b9b168964e1a2c3e38e56dafa78a0f926aaafb94	/home/aella/aws-discovery-bionic-focal-retry-20260831/upgrade-discovery/bionic-to-focal/runtime/deb-cache/f4/08/f40804d580acc9edc15911908afc70cda373ff266624de70daa73e1522102896
bionic-to-focal	2026-08-31T11:36:28Z	GET	http://ap-northeast-2.ec2.archive.ubuntu.com/ubuntu/pool/main/l/lvm2/lvm2_2.03.07-1ubuntu1_amd64.deb	http://ap-northeast-2.ec2.archive.ubuntu.com/ubuntu/pool/main/l/lvm2/lvm2_2.03.07-1ubuntu1_amd64.deb	200	1052640	cc05480fa8208cd124e46aec1558e0e10f7bd0c73b5a9e5f6c7c90dfb44e3aaf	/home/aella/aws-discovery-bionic-focal-retry-20260831/upgrade-discovery/bionic-to-focal/runtime/deb-cache/31/af/31af0fa2f4225451d182e554b4950aea0a397b508e7b09574522e590e92d6c26
bionic-to-focal	2026-08-31T11:36:29Z	GET	http://ap-northeast-2.ec2.archive.ubuntu.com/ubuntu/pool/main/m/mdadm/mdadm_4.1-5ubuntu1.2_amd64.deb	http://ap-northeast-2.ec2.archive.ubuntu.com/ubuntu/pool/main/m/mdadm/mdadm_4.1-5ubuntu1.2_amd64.deb	200	417276	5fe87681777f33585132a171b578cd84987089d9666c9e40d8f02f6abd29f20b	/home/aella/aws-discovery-bionic-focal-retry-20260831/upgrade-discovery/bionic-to-focal/runtime/deb-cache/1e/9c/1e9cf8afdd710f0cd9a94e9f566cd5d672ef6f855e718c7305d4b237bca0aa0d
bionic-to-focal	2026-08-31T11:36:29Z	GET	http://ap-northeast-2.ec2.archive.ubuntu.com/ubuntu/pool/main/c/cryptsetup/cryptsetup-bin_2.2.2-3ubuntu2.5_amd64.deb	http://ap-northeast-2.ec2.archive.ubuntu.com/ubuntu/pool/main/c/cryptsetup/cryptsetup-bin_2.2.2-3ubuntu2.5_amd64.deb	200	118780	55d85e749e512bd141f00e5cac0663f29dbcadf1c0d01979b4134493803871ca	/home/aella/aws-discovery-bionic-focal-retry-20260831/upgrade-discovery/bionic-to-focal/runtime/deb-cache/19/8a/198a98e467fe1668be1cab9d8b65536b5052d2961e574e7e4ee5cd02bda363f4
bionic-to-focal	2026-08-31T11:36:29Z	GET	http://ap-northeast-2.ec2.archive.ubuntu.com/ubuntu/pool/main/c/cryptsetup/cryptsetup_2.2.2-3ubuntu2.5_amd64.deb	http://ap-northeast-2.ec2.archive.ubuntu.com/ubuntu/pool/main/c/cryptsetup/cryptsetup_2.2.2-3ubuntu2.5_amd64.deb	200	159004	66aef5a69eb87c03cd176c3929d83cafec89cb3bac551987e64fb02459a2995a	/home/aella/aws-discovery-bionic-focal-retry-20260831/upgrade-discovery/bionic-to-focal/runtime/deb-cache/be/96/be96b82d3931201da21263e36b1bbc792346977cacb84d464670399953287f95
bionic-to-focal	2026-08-31T11:36:29Z	GET	http://ap-northeast-2.ec2.archive.ubuntu.com/ubuntu/pool/main/c/cloud-initramfs-tools/overlayroot_0.45ubuntu2_all.deb	http://ap-northeast-2.ec2.archive.ubuntu.com/ubuntu/pool/main/c/cloud-initramfs-tools/overlayroot_0.45ubuntu2_all.deb	200	15556	bc8ec273161a6322d61024e139c1d11b9cc19fcf864041438235c93a1a45aa07	/home/aella/aws-discovery-bionic-focal-retry-20260831/upgrade-discovery/bionic-to-focal/runtime/deb-cache/e1/71/e171da5fead29cbd5b816fef16bd1a3dcbcd9c3c289d92752de3819cf82c820b
bionic-to-focal	2026-08-31T11:36:29Z	GET	http://ap-northeast-2.ec2.archive.ubuntu.com/ubuntu/pool/main/v/vim/xxd_8.1.2269-1ubuntu5.32_amd64.deb	http://ap-northeast-2.ec2.archive.ubuntu.com/ubuntu/pool/main/v/vim/xxd_8.1.2269-1ubuntu5.32_amd64.deb	200	49952	e1faead1cc73f3017b4b587a4ae0b3aba48be67e0a516fc8b3925bb026f1f31c	/home/aella/aws-discovery-bionic-focal-retry-20260831/upgrade-discovery/bionic-to-focal/runtime/deb-cache/8b/fe/8bfef2403f781c6565e2df19e7ebf19af7e0604863edaa73f3bc7a74bddbdff4
bionic-to-focal	2026-08-31T11:36:29Z	GET	http://ap-northeast-2.ec2.archive.ubuntu.com/ubuntu/pool/main/a/alsa-lib/libasound2-data_1.2.2-2.1ubuntu2.5_all.deb	http://ap-northeast-2.ec2.archive.ubuntu.com/ubuntu/pool/main/a/alsa-lib/libasound2-data_1.2.2-2.1ubuntu2.5_all.deb	200	20104	d740795494b8259fdb359f9343f224dabb7cb4a63511e13ccccc5ad2d96ffa95	/home/aella/aws-discovery-bionic-focal-retry-20260831/upgrade-discovery/bionic-to-focal/runtime/deb-cache/6f/a9/6fa927db671ebde403e262086b0f33dfb43084522e29e11708cbff93ef765633
bionic-to-focal	2026-08-31T11:36:30Z	GET	http://ap-northeast-2.ec2.archive.ubuntu.com/ubuntu/pool/main/a/alsa-lib/libasound2_1.2.2-2.1ubuntu2.5_amd64.deb	http://ap-northeast-2.ec2.archive.ubuntu.com/ubuntu/pool/main/a/alsa-lib/libasound2_1.2.2-2.1ubuntu2.5_amd64.deb	200	334776	5ea02b4590b210bb2d4a180007184c10e8941d0ee1f025361950b0d0084578a6	/home/aella/aws-discovery-bionic-focal-retry-20260831/upgrade-discovery/bionic-to-focal/runtime/deb-cache/33/8c/338c3c941204ba0098b7179039184b02c9de3d0c621a2647f5c27a4bccc79835
bionic-to-focal	2026-08-31T11:36:30Z	GET	http://ap-northeast-2.ec2.archive.ubuntu.com/ubuntu/pool/main/t/tdb/libtdb1_1.4.5-0ubuntu0.20.04.1_amd64.deb	http://ap-northeast-2.ec2.archive.ubuntu.com/ubuntu/pool/main/t/tdb/libtdb1_1.4.5-0ubuntu0.20.04.1_amd64.deb	200	44188	d28a6fb7f46d2bbc76cc12fdbf2bbf96ee902a435796779ff4768acfdf043120	/home/aella/aws-discovery-bionic-focal-retry-20260831/upgrade-discovery/bionic-to-focal/runtime/deb-cache/0b/00/0b00997af354b39f6e7c63bb72b4c9207b8d8cd193633ff06aa3909ff94702c9
bionic-to-focal	2026-08-31T11:36:30Z	GET	http://ap-northeast-2.ec2.archive.ubuntu.com/ubuntu/pool/main/libo/libogg/libogg0_1.3.4-0ubuntu1_amd64.deb	http://ap-northeast-2.ec2.archive.ubuntu.com/ubuntu/pool/main/libo/libogg/libogg0_1.3.4-0ubuntu1_amd64.deb	200	23952	194cf1f768b674e7ed5e2736ff0a080254902de3004d1a9f640997a0c58e0e94	/home/aella/aws-discovery-bionic-focal-retry-20260831/upgrade-discovery/bionic-to-focal/runtime/deb-cache/ae/08/ae08b4ca221eb81f761c6be6288b7d119ded8669060cfcc40ba779c98bd3a94c
bionic-to-focal	2026-08-31T11:36:30Z	GET	http://ap-northeast-2.ec2.archive.ubuntu.com/ubuntu/pool/main/libv/libvorbis/libvorbis0a_1.3.6-2ubuntu1_amd64.deb	http://ap-northeast-2.ec2.archive.ubuntu.com/ubuntu/pool/main/libv/libvorbis/libvorbis0a_1.3.6-2ubuntu1_amd64.deb	200	86980	1eff92a3ee043354a3dfa5f84bd04855082e9f072061d41755670ae70b0d8728	/home/aella/aws-discovery-bionic-focal-retry-20260831/upgrade-discovery/bionic-to-focal/runtime/deb-cache/12/56/125642226e6128eeddd82d54802cbf66858cfc5cfccecec161a9e9b40781fb07
bionic-to-focal	2026-08-31T11:36:30Z	GET	http://ap-northeast-2.ec2.archive.ubuntu.com/ubuntu/pool/main/libv/libvorbis/libvorbisfile3_1.3.6-2ubuntu1_amd64.deb	http://ap-northeast-2.ec2.archive.ubuntu.com/ubuntu/pool/main/libv/libvorbis/libvorbisfile3_1.3.6-2ubuntu1_amd64.deb	200	16140	6ad03d48075a74294ed8855de2136799c5e28110aa74b2f66c4b774e26fdb909	/home/aella/aws-discovery-bionic-focal-retry-20260831/upgrade-discovery/bionic-to-focal/runtime/deb-cache/99/a0/99a020485686e227fb23b92bc74b85e096bb9723d121b7d0697be056f95925b9
bionic-to-focal	2026-08-31T11:36:30Z	GET	http://ap-northeast-2.ec2.archive.ubuntu.com/ubuntu/pool/main/s/sound-theme-freedesktop/sound-theme-freedesktop_0.8-2ubuntu1_all.deb	http://ap-northeast-2.ec2.archive.ubuntu.com/ubuntu/pool/main/s/sound-theme-freedesktop/sound-theme-freedesktop_0.8-2ubuntu1_all.deb	200	383992	ce13c4dbf52340888a3cdd9563799cc74ccf03ce428dd2cee13e820caaabdc34	/home/aella/aws-discovery-bionic-focal-retry-20260831/upgrade-discovery/bionic-to-focal/runtime/deb-cache/22/b2/22b2b1e37b832a9812bdb43f3ca02aec43cf68c64d50a6d42cc24ed1b6611747
bionic-to-focal	2026-08-31T11:36:30Z	GET	http://ap-northeast-2.ec2.archive.ubuntu.com/ubuntu/pool/main/libt/libtool/libltdl7_2.4.6-14_amd64.deb	http://ap-northeast-2.ec2.archive.ubuntu.com/ubuntu/pool/main/libt/libtool/libltdl7_2.4.6-14_amd64.deb	200	38536	700aaa2a82aa1cb796aea8e8c02df87e659b6c817b55d074bf3fd6f26dc632e0	/home/aella/aws-discovery-bionic-focal-retry-20260831/upgrade-discovery/bionic-to-focal/runtime/deb-cache/98/cc/98cc2491c594b4da7646de030b41b08d316e204b8165b56c65db6aa7c495bcfc
bionic-to-focal	2026-08-31T11:36:30Z	GET	http://ap-northeast-2.ec2.archive.ubuntu.com/ubuntu/pool/main/libc/libcanberra/libcanberra0_0.30-7ubuntu1_amd64.deb	http://ap-northeast-2.ec2.archive.ubuntu.com/ubuntu/pool/main/libc/libcanberra/libcanberra0_0.30-7ubuntu1_amd64.deb	200	38108	b903d3ed1eb77f0f383e91a4d66be970bd73ceed9556c0a431aca9ab49c8a222	/home/aella/aws-discovery-bionic-focal-retry-20260831/upgrade-discovery/bionic-to-focal/runtime/deb-cache/12/11/1211d3c3184eb0f9dc89ea6a4c04b0459d8058bd163f4bac847be01179fc826f
bionic-to-focal	2026-08-31T11:36:30Z	GET	http://ap-northeast-2.ec2.archive.ubuntu.com/ubuntu/pool/main/p/python3.8/libpython3.8_3.8.10-0ubuntu1%7e20.04.18_amd64.deb	http://ap-northeast-2.ec2.archive.ubuntu.com/ubuntu/pool/main/p/python3.8/libpython3.8_3.8.10-0ubuntu1%7e20.04.18_amd64.deb	200	1625384	2a867022338c5838420113c20a17f22495bec31e2f200e073072571be0404a93	/home/aella/aws-discovery-bionic-focal-retry-20260831/upgrade-discovery/bionic-to-focal/runtime/deb-cache/5a/71/5a71206216974fee597656446a25c323a3ce93d1d3a274fc25bf4fd625ed4c09
bionic-to-focal	2026-08-31T11:36:30Z	GET	http://ap-northeast-2.ec2.archive.ubuntu.com/ubuntu/pool/main/v/vim/vim_8.1.2269-1ubuntu5.32_amd64.deb	http://ap-northeast-2.ec2.archive.ubuntu.com/ubuntu/pool/main/v/vim/vim_8.1.2269-1ubuntu5.32_amd64.deb	200	1240544	c74580e99c8880ae7d1a4d452c25bca4265f8e0acc0aff8152e0fb1c533c1ffd	/home/aella/aws-discovery-bionic-focal-retry-20260831/upgrade-discovery/bionic-to-focal/runtime/deb-cache/0e/3c/0e3ce88d55ab13c82e08038447561b8ffa0608c7b49ddaef922eb122eedb49a8
bionic-to-focal	2026-08-31T11:36:30Z	GET	http://ap-northeast-2.ec2.archive.ubuntu.com/ubuntu/pool/main/v/vim/vim-tiny_8.1.2269-1ubuntu5.32_amd64.deb	http://ap-northeast-2.ec2.archive.ubuntu.com/ubuntu/pool/main/v/vim/vim-tiny_8.1.2269-1ubuntu5.32_amd64.deb	200	579240	5997d5440bb832a7c6337e01bae2368d0a043c024d695d1a1222d1792175f66c	/home/aella/aws-discovery-bionic-focal-retry-20260831/upgrade-discovery/bionic-to-focal/runtime/deb-cache/54/de/54dea44e4d7a055380a40b960c4a1bad8d1abb3b6a9c2849fc093f2858adc91c
bionic-to-focal	2026-08-31T11:36:30Z	GET	http://ap-northeast-2.ec2.archive.ubuntu.com/ubuntu/pool/main/v/vim/vim-runtime_8.1.2269-1ubuntu5.32_all.deb	http://ap-northeast-2.ec2.archive.ubuntu.com/ubuntu/pool/main/v/vim/vim-runtime_8.1.2269-1ubuntu5.32_all.deb	200	5875952	9fa45cd7654ab48afc3b21fea95042d8f9e4bec6e7e68c245f4c9ccede5292c9	/home/aella/aws-discovery-bionic-focal-retry-20260831/upgrade-discovery/bionic-to-focal/runtime/deb-cache/d2/9b/d29b19c6192d01eadcadb5300f2703fbec76439d49fd1f7ed6bd7aa949c4c435
bionic-to-focal	2026-08-31T11:36:30Z	GET	http://ap-northeast-2.ec2.archive.ubuntu.com/ubuntu/pool/main/v/vim/vim-common_8.1.2269-1ubuntu5.32_all.deb	http://ap-northeast-2.ec2.archive.ubuntu.com/ubuntu/pool/main/v/vim/vim-common_8.1.2269-1ubuntu5.32_all.deb	200	84880	1c94dab6986a99100a47d071314fd1278a1d8a1f40785bcb98b2af8f01d1c739	/home/aella/aws-discovery-bionic-focal-retry-20260831/upgrade-discovery/bionic-to-focal/runtime/deb-cache/9d/a0/9da082a906a191470648f4b2d3aecd11b19d883ef66fea7cee4ae06a8da10012
bionic-to-focal	2026-08-31T11:36:30Z	GET	http://ap-northeast-2.ec2.archive.ubuntu.com/ubuntu/pool/main/p/pollinate/pollinate_4.33-3ubuntu1.20.04.2_all.deb	http://ap-northeast-2.ec2.archive.ubuntu.com/ubuntu/pool/main/p/pollinate/pollinate_4.33-3ubuntu1.20.04.2_all.deb	200	12316	6c06d5af8deea8e475c187a05f65840449a18ce6eeaa855deedaeebfc7500e2a	/home/aella/aws-discovery-bionic-focal-retry-20260831/upgrade-discovery/bionic-to-focal/runtime/deb-cache/c0/5f/c05f4f5ea224adbb59b99ec3e1216459239cc469ec5d4f267878f7ccaefaa3e2
bionic-to-focal	2026-08-31T11:36:31Z	GET	http://ap-northeast-2.ec2.archive.ubuntu.com/ubuntu/pool/main/s/screen/screen_4.8.0-1ubuntu0.1_amd64.deb	http://ap-northeast-2.ec2.archive.ubuntu.com/ubuntu/pool/main/s/screen/screen_4.8.0-1ubuntu0.1_amd64.deb	200	577360	0c4d0e1eb9bf8f6c3fe13f132a6642c603a13ffc7bbd1e21af744fd58c6d42ad	/home/aella/aws-discovery-bionic-focal-retry-20260831/upgrade-discovery/bionic-to-focal/runtime/deb-cache/1c/73/1c730e4b42431a0723f67311f1c85628269bf0383fc74c27b2b4b0a33620496d
bionic-to-focal	2026-08-31T11:36:31Z	GET	http://ap-northeast-2.ec2.archive.ubuntu.com/ubuntu/pool/main/p/packagekit/libpackagekit-glib2-18_1.1.13-2ubuntu1.1_amd64.deb	http://ap-northeast-2.ec2.archive.ubuntu.com/ubuntu/pool/main/p/packagekit/libpackagekit-glib2-18_1.1.13-2ubuntu1.1_amd64.deb	200	103680	9d2a88e433cc9c638a283685625b5e7e71b59420ed7c36788fe63091be8d1043	/home/aella/aws-discovery-bionic-focal-retry-20260831/upgrade-discovery/bionic-to-focal/runtime/deb-cache/b2/0b/b20bfa1dff05a3051df81999a097c44af6c4437b297aeea962a5dd22b2a7a8b9
bionic-to-focal	2026-08-31T11:36:31Z	GET	http://ap-northeast-2.ec2.archive.ubuntu.com/ubuntu/pool/main/p/packagekit/gir1.2-packagekitglib-1.0_1.1.13-2ubuntu1.1_amd64.deb	http://ap-northeast-2.ec2.archive.ubuntu.com/ubuntu/pool/main/p/packagekit/gir1.2-packagekitglib-1.0_1.1.13-2ubuntu1.1_amd64.deb	200	21576	662ee14c7e02c4f7a8a52eb70e6e096891273dd02a331e9bd350eea4f444218f	/home/aella/aws-discovery-bionic-focal-retry-20260831/upgrade-discovery/bionic-to-focal/runtime/deb-cache/dc/f4/dcf4a294b7307cb05543c486ad1d4d106b43ec963628f449e0d5ceb783e7b35b
bionic-to-focal	2026-08-31T11:36:31Z	GET	http://ap-northeast-2.ec2.archive.ubuntu.com/ubuntu/pool/main/g/glib2.0/libglib2.0-data_2.64.6-1%7eubuntu20.04.9_all.deb	http://ap-northeast-2.ec2.archive.ubuntu.com/ubuntu/pool/main/g/glib2.0/libglib2.0-data_2.64.6-1%7eubuntu20.04.9_all.deb	200	5836	91dc19d90da7ca21d08919e11b86d344c8d67e9c902ac92ef93337034bbf69e1	/home/aella/aws-discovery-bionic-focal-retry-20260831/upgrade-discovery/bionic-to-focal/runtime/deb-cache/f1/ce/f1cea91706806f23da56377eaf95ec1da192109405df5596b184eff60f8d4442
bionic-to-focal	2026-08-31T11:36:31Z	GET	http://ap-northeast-2.ec2.archive.ubuntu.com/ubuntu/pool/main/g/glib2.0/libglib2.0-bin_2.64.6-1%7eubuntu20.04.9_amd64.deb	http://ap-northeast-2.ec2.archive.ubuntu.com/ubuntu/pool/main/g/glib2.0/libglib2.0-bin_2.64.6-1%7eubuntu20.04.9_amd64.deb	200	72852	21fdcec650da333196fa459efc9695df3b3a664720c921dbb8ecbc65ebea329e	/home/aella/aws-discovery-bionic-focal-retry-20260831/upgrade-discovery/bionic-to-focal/runtime/deb-cache/70/6b/706b36da5f108fb437450ceecde40797c3906bc2a560bed6b5fa9a6d8069c56a
bionic-to-focal	2026-08-31T11:36:31Z	GET	http://ap-northeast-2.ec2.archive.ubuntu.com/ubuntu/pool/main/l/lmdb/liblmdb0_0.9.24-1_amd64.deb	http://ap-northeast-2.ec2.archive.ubuntu.com/ubuntu/pool/main/l/lmdb/liblmdb0_0.9.24-1_amd64.deb	200	44640	6499e1964a5c0e9d66a3094bb4ec8feac27325145ab1919809ccd3b53d72d727	/home/aella/aws-discovery-bionic-focal-retry-20260831/upgrade-discovery/bionic-to-focal/runtime/deb-cache/32/bb/32bbbc3e9d0a056b58f31b25a19bb89e1d5ceb83c2c0f2858b98e4739fcddf4f
bionic-to-focal	2026-08-31T11:36:31Z	GET	http://ap-northeast-2.ec2.archive.ubuntu.com/ubuntu/pool/main/libp/libproxy/libproxy1v5_0.4.15-10ubuntu1.2_amd64.deb	http://ap-northeast-2.ec2.archive.ubuntu.com/ubuntu/pool/main/libp/libproxy/libproxy1v5_0.4.15-10ubuntu1.2_amd64.deb	200	49096	d198caf8776733143f9d4afc2cc9c93583ece8d865f79248d6e0add3012b95e0	/home/aella/aws-discovery-bionic-focal-retry-20260831/upgrade-discovery/bionic-to-focal/runtime/deb-cache/41/48/414820bbf68395b96dce5a1a761abb9ecd9e2b3317b9c8767fd91e696a329458
bionic-to-focal	2026-08-31T11:36:32Z	GET	http://ap-northeast-2.ec2.archive.ubuntu.com/ubuntu/pool/main/g/glib-networking/glib-networking-common_2.64.2-1ubuntu0.1_all.deb	http://ap-northeast-2.ec2.archive.ubuntu.com/ubuntu/pool/main/g/glib-networking/glib-networking-common_2.64.2-1ubuntu0.1_all.deb	200	5040	99464cdb506b7eb4afc2f410985758f23c6376e85457a5f3e2d0de38a5725bb8	/home/aella/aws-discovery-bionic-focal-retry-20260831/upgrade-discovery/bionic-to-focal/runtime/deb-cache/81/88/81884d49b7ae21f4a753732e1c47f322fc1706783d89c00942d239d572adb36a
bionic-to-focal	2026-08-31T11:36:32Z	GET	http://ap-northeast-2.ec2.archive.ubuntu.com/ubuntu/pool/main/g/glib-networking/glib-networking-services_2.64.2-1ubuntu0.1_amd64.deb	http://ap-northeast-2.ec2.archive.ubuntu.com/ubuntu/pool/main/g/glib-networking/glib-networking-services_2.64.2-1ubuntu0.1_amd64.deb	200	10648	e0696c3816473379e2aee04559144a4752576ae0cf276cfaf45f773b4c8f3013	/home/aella/aws-discovery-bionic-focal-retry-20260831/upgrade-discovery/bionic-to-focal/runtime/deb-cache/1e/f0/1ef0927c03ffdd5268ea6671650d3bba6fb9f9538e8cb0eb748b7ed28ef13e85
bionic-to-focal	2026-08-31T11:36:32Z	GET	http://ap-northeast-2.ec2.archive.ubuntu.com/ubuntu/pool/main/d/dconf/libdconf1_0.36.0-1_amd64.deb	http://ap-northeast-2.ec2.archive.ubuntu.com/ubuntu/pool/main/d/dconf/libdconf1_0.36.0-1_amd64.deb	200	37384	01ddfbd75b567f74369cef4d4e839efd0dc7f35d3be3e2ae5e0cade0c0547e21	/home/aella/aws-discovery-bionic-focal-retry-20260831/upgrade-discovery/bionic-to-focal/runtime/deb-cache/9b/14/9b14d2d2efa985663e2cddff34c35bda0257f40da61a25ed744430cc2632d90f
bionic-to-focal	2026-08-31T11:36:32Z	GET	http://ap-northeast-2.ec2.archive.ubuntu.com/ubuntu/pool/main/d/dconf/dconf-service_0.36.0-1_amd64.deb	http://ap-northeast-2.ec2.archive.ubuntu.com/ubuntu/pool/main/d/dconf/dconf-service_0.36.0-1_amd64.deb	200	29780	7271247dd38dd41f8dd387b6678df0b430999b1b64c185dbc21bb3f7d30e6977	/home/aella/aws-discovery-bionic-focal-retry-20260831/upgrade-discovery/bionic-to-focal/runtime/deb-cache/2b/64/2b64a0a470bd0ba6e1e0b20f93935c42ed143b79cb4265957b5092c7e5b1adc2
bionic-to-focal	2026-08-31T11:36:32Z	GET	http://ap-northeast-2.ec2.archive.ubuntu.com/ubuntu/pool/main/d/dconf/dconf-gsettings-backend_0.36.0-1_amd64.deb	http://ap-northeast-2.ec2.archive.ubuntu.com/ubuntu/pool/main/d/dconf/dconf-gsettings-backend_0.36.0-1_amd64.deb	200	22468	9b9173afe31ad328a200b0f28057b1279f4e9cadad3cae7ee415133912d225c3	/home/aella/aws-discovery-bionic-focal-retry-20260831/upgrade-discovery/bionic-to-focal/runtime/deb-cache/d9/29/d9291f2ee5c02ca2a1a345d460eb920b292874337acf66b2137af336f1fc6e81
bionic-to-focal	2026-08-31T11:36:32Z	GET	http://ap-northeast-2.ec2.archive.ubuntu.com/ubuntu/pool/main/g/gsettings-desktop-schemas/gsettings-desktop-schemas_3.36.0-1ubuntu1_all.deb	http://ap-northeast-2.ec2.archive.ubuntu.com/ubuntu/pool/main/g/gsettings-desktop-schemas/gsettings-desktop-schemas_3.36.0-1ubuntu1_all.deb	200	28976	bf9c1662992a492210e11af477cd3dae879c89a979c67f6821c9af1b3ec8abde	/home/aella/aws-discovery-bionic-focal-retry-20260831/upgrade-discovery/bionic-to-focal/runtime/deb-cache/62/be/62be0ff7e5e6cdb49f2db9fd4174f2c6b69118ace2425dda68f1fb8464074aa8
bionic-to-focal	2026-08-31T11:36:32Z	GET	http://ap-northeast-2.ec2.archive.ubuntu.com/ubuntu/pool/main/g/glib-networking/glib-networking_2.64.2-1ubuntu0.1_amd64.deb	http://ap-northeast-2.ec2.archive.ubuntu.com/ubuntu/pool/main/g/glib-networking/glib-networking_2.64.2-1ubuntu0.1_amd64.deb	200	58244	4876eec2c4a08f0d198e789da3cfa3ef18e18b46d1117f4dbab60df543814df2	/home/aella/aws-discovery-bionic-focal-retry-20260831/upgrade-discovery/bionic-to-focal/runtime/deb-cache/63/cd/63cd0b3846b628c24691f80b8618595b99ec4b32542a6973fbb873730438aa60
bionic-to-focal	2026-08-31T11:36:34Z	GET	http://ap-northeast-2.ec2.archive.ubuntu.com/ubuntu/pool/main/i/icu/libicu66_66.1-2ubuntu2.1_amd64.deb	http://ap-northeast-2.ec2.archive.ubuntu.com/ubuntu/pool/main/i/icu/libicu66_66.1-2ubuntu2.1_amd64.deb	200	8515480	00d0de456134668f41bd9ea308a076bc0a6a805180445af8a37209d433f41efe	/home/aella/aws-discovery-bionic-focal-retry-20260831/upgrade-discovery/bionic-to-focal/runtime/deb-cache/4f/2c/4f2c0cdd9c36f39d3ba833faa2e8eff8a4ea38e0fb5ee08732bc30d658391069
bionic-to-focal	2026-08-31T11:36:34Z	GET	http://ap-northeast-2.ec2.archive.ubuntu.com/ubuntu/pool/main/libx/libxml2/libxml2_2.9.10%2bdfsg-5ubuntu0.20.04.10_amd64.deb	http://ap-northeast-2.ec2.archive.ubuntu.com/ubuntu/pool/main/libx/libxml2/libxml2_2.9.10%2bdfsg-5ubuntu0.20.04.10_amd64.deb	200	639756	90145086978f8eb6253621eea93dd1fb144ff6475a17507e467557d63d427e7f	/home/aella/aws-discovery-bionic-focal-retry-20260831/upgrade-discovery/bionic-to-focal/runtime/deb-cache/d5/7d/d57d8325e34db19acb98e41b83920e2b47df4fbf768bdd2b3e73ae1a95e1574f
bionic-to-focal	2026-08-31T11:36:34Z	GET	http://ap-northeast-2.ec2.archive.ubuntu.com/ubuntu/pool/main/libs/libsoup2.4/libsoup2.4-1_2.70.0-1ubuntu0.5_amd64.deb	http://ap-northeast-2.ec2.archive.ubuntu.com/ubuntu/pool/main/libs/libsoup2.4/libsoup2.4-1_2.70.0-1ubuntu0.5_amd64.deb	200	262712	446be9f3c95377fcf559e62c657d00d809f411a6e6c3031496350c209a06aa84	/home/aella/aws-discovery-bionic-focal-retry-20260831/upgrade-discovery/bionic-to-focal/runtime/deb-cache/2a/29/2a29addd558329085fc4e8497be2182c4744364f0cbcd9198d0af01319612c34
bionic-to-focal	2026-08-31T11:36:34Z	GET	http://ap-northeast-2.ec2.archive.ubuntu.com/ubuntu/pool/main/s/snowball/libstemmer0d_0%2bsvn585-2_amd64.deb	http://ap-northeast-2.ec2.archive.ubuntu.com/ubuntu/pool/main/s/snowball/libstemmer0d_0%2bsvn585-2_amd64.deb	200	61696	ca98a75e3eb1d446215bfa194148a7005453b9204dfb1ad625130ee4aecd5235	/home/aella/aws-discovery-bionic-focal-retry-20260831/upgrade-discovery/bionic-to-focal/runtime/deb-cache/02/fd/02fd9169171fe3f991f805f493d9236813026056cbcd205de7d71b8cf872b181
bionic-to-focal	2026-08-31T11:36:34Z	GET	http://ap-northeast-2.ec2.archive.ubuntu.com/ubuntu/pool/main/a/appstream/libappstream4_0.12.10-2_amd64.deb	http://ap-northeast-2.ec2.archive.ubuntu.com/ubuntu/pool/main/a/appstream/libappstream4_0.12.10-2_amd64.deb	200	128704	302419efb780623b9bc302870aa022304b8681eb79a61edef959872585236496	/home/aella/aws-discovery-bionic-focal-retry-20260831/upgrade-discovery/bionic-to-focal/runtime/deb-cache/cb/52/cb52ad59c6b6d158d2ea3e7c4d4a0d265984dc79c654ae2fe779c2d8312187fc
bionic-to-focal	2026-08-31T11:36:34Z	GET	http://ap-northeast-2.ec2.archive.ubuntu.com/ubuntu/pool/main/g/gstreamer1.0/libgstreamer1.0-0_1.16.3-0ubuntu1.2_amd64.deb	http://ap-northeast-2.ec2.archive.ubuntu.com/ubuntu/pool/main/g/gstreamer1.0/libgstreamer1.0-0_1.16.3-0ubuntu1.2_amd64.deb	200	894416	c90c179fd7079ede371460d12969fb593419d3e3c10b8baf42bea3c10be2b773	/home/aella/aws-discovery-bionic-focal-retry-20260831/upgrade-discovery/bionic-to-focal/runtime/deb-cache/d1/6f/d16fbf1563666ccb85d5749de8ecd9cb40f023db2d9e115d0aaa42e22b780d1a
bionic-to-focal	2026-08-31T11:36:34Z	GET	http://ap-northeast-2.ec2.archive.ubuntu.com/ubuntu/pool/main/p/policykit-1/policykit-1_0.105-26ubuntu1.3_amd64.deb	http://ap-northeast-2.ec2.archive.ubuntu.com/ubuntu/pool/main/p/policykit-1/policykit-1_0.105-26ubuntu1.3_amd64.deb	200	84080	eeb40b1029d1dd2b43b1d4881c84e7a38886e066881637a68f4184114ffb1334	/home/aella/aws-discovery-bionic-focal-retry-20260831/upgrade-discovery/bionic-to-focal/runtime/deb-cache/30/92/3092d3033b01662061c30147a16721ab5536abb48c3d2994ac20f5725271af40
bionic-to-focal	2026-08-31T11:36:34Z	GET	http://ap-northeast-2.ec2.archive.ubuntu.com/ubuntu/pool/main/p/policykit-1/libpolkit-agent-1-0_0.105-26ubuntu1.3_amd64.deb	http://ap-northeast-2.ec2.archive.ubuntu.com/ubuntu/pool/main/p/policykit-1/libpolkit-agent-1-0_0.105-26ubuntu1.3_amd64.deb	200	15228	f2b4caf2c2b083179ada09e728af06f06cfb440ccedb150dc91a01fcc5090bb5	/home/aella/aws-discovery-bionic-focal-retry-20260831/upgrade-discovery/bionic-to-focal/runtime/deb-cache/f4/39/f439b2a0703abede2e80115943988d562a1b15c75974d31c3fb6df0dbcc2d30f
bionic-to-focal	2026-08-31T11:36:34Z	GET	http://ap-northeast-2.ec2.archive.ubuntu.com/ubuntu/pool/main/p/policykit-1/libpolkit-gobject-1-0_0.105-26ubuntu1.3_amd64.deb	http://ap-northeast-2.ec2.archive.ubuntu.com/ubuntu/pool/main/p/policykit-1/libpolkit-gobject-1-0_0.105-26ubuntu1.3_amd64.deb	200	39232	234c6f70ec21bbe7428d406eca292b7b1204af968a15196a80845046d5ca10ee	/home/aella/aws-discovery-bionic-focal-retry-20260831/upgrade-discovery/bionic-to-focal/runtime/deb-cache/4f/4c/4f4c78555f1b048541f4d95286ad8e1df3dd36611c0402a4fd708beb10054e57
bionic-to-focal	2026-08-31T11:36:34Z	GET	http://ap-northeast-2.ec2.archive.ubuntu.com/ubuntu/pool/main/p/packagekit/packagekit_1.1.13-2ubuntu1.1_amd64.deb	http://ap-northeast-2.ec2.archive.ubuntu.com/ubuntu/pool/main/p/packagekit/packagekit_1.1.13-2ubuntu1.1_amd64.deb	200	408404	d598e82e102e775c5c9fdb362187a03e792c76e06443df254a2c0b93b4fe6c1c	/home/aella/aws-discovery-bionic-focal-retry-20260831/upgrade-discovery/bionic-to-focal/runtime/deb-cache/f2/1b/f21b6b7fc7fe1e51632f677f36be52fdc7f8160d107b54ff7ad589ddc2e30489
bionic-to-focal	2026-08-31T11:36:34Z	GET	http://ap-northeast-2.ec2.archive.ubuntu.com/ubuntu/pool/main/i/iso-codes/iso-codes_4.4-1_all.deb	http://ap-northeast-2.ec2.archive.ubuntu.com/ubuntu/pool/main/i/iso-codes/iso-codes_4.4-1_all.deb	200	2694644	d23ceffbfc1608a3ecc7a65495a6355bd8993a72f485909ca202762967e87b64	/home/aella/aws-discovery-bionic-focal-retry-20260831/upgrade-discovery/bionic-to-focal/runtime/deb-cache/36/75/367512d87f19c1acfde5aa1396598c6a2aa376c721a0cde707a021ca30744f19
bionic-to-focal	2026-08-31T11:36:34Z	GET	http://ap-northeast-2.ec2.archive.ubuntu.com/ubuntu/pool/main/s/software-properties/software-properties-common_0.99.9.12_all.deb	http://ap-northeast-2.ec2.archive.ubuntu.com/ubuntu/pool/main/s/software-properties/software-properties-common_0.99.9.12_all.deb	200	10432	520d96ad09b2ed312c0bf1581a40d6a370eb440b9a7a389ca72bc7fe87e6d2f8	/home/aella/aws-discovery-bionic-focal-retry-20260831/upgrade-discovery/bionic-to-focal/runtime/deb-cache/07/d6/07d6f631ed7c5001f7e218c5fd05b6adcc93a9dafacc9560d8d6d6dc4419213b
bionic-to-focal	2026-08-31T11:36:34Z	GET	http://ap-northeast-2.ec2.archive.ubuntu.com/ubuntu/pool/main/s/software-properties/python3-software-properties_0.99.9.12_all.deb	http://ap-northeast-2.ec2.archive.ubuntu.com/ubuntu/pool/main/s/software-properties/python3-software-properties_0.99.9.12_all.deb	200	21676	caa2084d07f6e25b73b9ac75b52d96f91124b02d7e3ffc8f311f1fafcc4d3af5	/home/aella/aws-discovery-bionic-focal-retry-20260831/upgrade-discovery/bionic-to-focal/runtime/deb-cache/6b/37/6b37cd1314d8eb5b7aee8e034469d4e75bf0a147ef2964fecfc1b1aef6b8f5b0
bionic-to-focal	2026-08-31T11:36:34Z	GET	http://ap-northeast-2.ec2.archive.ubuntu.com/ubuntu/pool/main/p/pyparsing/python3-pyparsing_2.4.6-1_all.deb	http://ap-northeast-2.ec2.archive.ubuntu.com/ubuntu/pool/main/p/pyparsing/python3-pyparsing_2.4.6-1_all.deb	200	61300	928cac3b78febcdab125bf664c6a73182d5374edfbd56e345df371fa237c5703	/home/aella/aws-discovery-bionic-focal-retry-20260831/upgrade-discovery/bionic-to-focal/runtime/deb-cache/19/f0/19f04017fdd84962632e24b9f6bddee130f8b6f2b4e0fb61990765009cd27810
bionic-to-focal	2026-08-31T11:36:34Z	GET	http://ap-northeast-2.ec2.archive.ubuntu.com/ubuntu/pool/main/p/python-packaging/python3-packaging_20.3-1_all.deb	http://ap-northeast-2.ec2.archive.ubuntu.com/ubuntu/pool/main/p/python-packaging/python3-packaging_20.3-1_all.deb	200	26844	b86f581825783ccf9125e7f2e0720aae2b50d145fe5a2c038eddd7a333b47721	/home/aella/aws-discovery-bionic-focal-retry-20260831/upgrade-discovery/bionic-to-focal/runtime/deb-cache/6b/67/6b6707d78c400a69bcfca74e1bae0de301c2f8a4f2c397bf50807bdef5ea62ec
bionic-to-focal	2026-08-31T11:36:34Z	GET	http://ap-northeast-2.ec2.archive.ubuntu.com/ubuntu/pool/main/p/ptyprocess/python3-ptyprocess_0.6.0-1ubuntu1_all.deb	http://ap-northeast-2.ec2.archive.ubuntu.com/ubuntu/pool/main/p/ptyprocess/python3-ptyprocess_0.6.0-1ubuntu1_all.deb	200	13336	5874c05b792ef28cd38b618718c81a14249264fc62869f8b36a6add95e4a2eeb	/home/aella/aws-discovery-bionic-focal-retry-20260831/upgrade-discovery/bionic-to-focal/runtime/deb-cache/fb/b4/fbb41ce919a10a4d7be9c67dc23098e2b5cbee8181d0360d6ad66803984fc7ef
bionic-to-focal	2026-08-31T11:36:35Z	GET	http://ap-northeast-2.ec2.archive.ubuntu.com/ubuntu/pool/main/p/pexpect/python3-pexpect_4.6.0-1build1_all.deb	http://ap-northeast-2.ec2.archive.ubuntu.com/ubuntu/pool/main/p/pexpect/python3-pexpect_4.6.0-1build1_all.deb	200	44616	d47bb6b0f855341048b4605f7a60eac3d41d36ba8f0c352634504209b8c31432	/home/aella/aws-discovery-bionic-focal-retry-20260831/upgrade-discovery/bionic-to-focal/runtime/deb-cache/61/16/611680cf8ac5ada11e2868efcf98cc63a2317ba253a05a88ad15309ffcd8fc24
bionic-to-focal	2026-08-31T11:36:35Z	GET	http://ap-northeast-2.ec2.archive.ubuntu.com/ubuntu/pool/main/s/sosreport/sosreport_4.8.2-0ubuntu0%7e20.04.1_amd64.deb	http://ap-northeast-2.ec2.archive.ubuntu.com/ubuntu/pool/main/s/sosreport/sosreport_4.8.2-0ubuntu0%7e20.04.1_amd64.deb	200	356664	87dc889d879b84dea11d57fd95479176c9780847cffccda49e6f28499592d55f	/home/aella/aws-discovery-bionic-focal-retry-20260831/upgrade-discovery/bionic-to-focal/runtime/deb-cache/d8/af/d8af94c3c8d9957fd06c5628635bc21835c40fc2abf1857ea7db7b0a92eed6de
bionic-to-focal	2026-08-31T11:36:35Z	GET	http://ap-northeast-2.ec2.archive.ubuntu.com/ubuntu/pool/main/x/xfsprogs/xfsprogs_5.3.0-1ubuntu2.1_amd64.deb	http://ap-northeast-2.ec2.archive.ubuntu.com/ubuntu/pool/main/x/xfsprogs/xfsprogs_5.3.0-1ubuntu2.1_amd64.deb	200	775020	f53bdd6566067555c09dd6128b672e306209f40aed45775703997d4ca28c071b	/home/aella/aws-discovery-bionic-focal-retry-20260831/upgrade-discovery/bionic-to-focal/runtime/deb-cache/84/e9/84e998cd2a4dd59fd59316f8ff6db8a95dd7e9d0a6635e7efd1996fac95b8784
bionic-to-focal	2026-08-31T11:36:35Z	GET	http://ap-northeast-2.ec2.archive.ubuntu.com/ubuntu/pool/main/u/ubuntu-meta/ubuntu-server_1.450.3_amd64.deb	http://ap-northeast-2.ec2.archive.ubuntu.com/ubuntu/pool/main/u/ubuntu-meta/ubuntu-server_1.450.3_amd64.deb	200	3036	8362b143d8f03614763a4bc057bcb431ec0bb0baf5c3a23cebae26a69c8f2c36	/home/aella/aws-discovery-bionic-focal-retry-20260831/upgrade-discovery/bionic-to-focal/runtime/deb-cache/43/ea/43ea61b6b1b6e895d65ef236072740321061a6e2b352bfae86a6430c0e1bf3f4
bionic-to-focal	2026-08-31T11:36:35Z	GET	http://ap-northeast-2.ec2.archive.ubuntu.com/ubuntu/pool/main/b/base-files/base-files_11ubuntu5.8_amd64.deb	http://ap-northeast-2.ec2.archive.ubuntu.com/ubuntu/pool/main/b/base-files/base-files_11ubuntu5.8_amd64.deb	200	60332	f92bb87ad4347c4b9c33c3e4f013a483ac637d65e56d330f429b0be7c1739a74	/home/aella/aws-discovery-bionic-focal-retry-20260831/upgrade-discovery/bionic-to-focal/runtime/deb-cache/30/43/30439c00868b26519cf875c852dbab3a2322e42cd2ea6e870383640c6d4c7ed3
bionic-to-focal	2026-08-31T11:36:35Z	GET	http://ap-northeast-2.ec2.archive.ubuntu.com/ubuntu/pool/main/b/base-files/motd-news-config_11ubuntu5.8_all.deb	http://ap-northeast-2.ec2.archive.ubuntu.com/ubuntu/pool/main/b/base-files/motd-news-config_11ubuntu5.8_all.deb	200	4284	5bea0df0d8e5fecf088972e0e600816ed5694b6a29bbf19e1cb5c046629272da	/home/aella/aws-discovery-bionic-focal-retry-20260831/upgrade-discovery/bionic-to-focal/runtime/deb-cache/79/cc/79cc478bcba8aae3f3928063acea8e4702157851028e760d576a0553ac3ca44a
bionic-to-focal	2026-08-31T11:36:35Z	GET	http://ap-northeast-2.ec2.archive.ubuntu.com/ubuntu/pool/main/b/bash/bash_5.0-6ubuntu1.2_amd64.deb	http://ap-northeast-2.ec2.archive.ubuntu.com/ubuntu/pool/main/b/bash/bash_5.0-6ubuntu1.2_amd64.deb	200	638808	58e03b3be46c54eeb22ede348baf2b8251a6f3e0ce4f0bf0191c516f90f1f283	/home/aella/aws-discovery-bionic-focal-retry-20260831/upgrade-discovery/bionic-to-focal/runtime/deb-cache/46/27/4627d5c47bf510c5aebb35a17e053de2bcec8fd94a289b39d0c6cd1cc23b1dd9
bionic-to-focal	2026-08-31T11:36:36Z	GET	http://ap-northeast-2.ec2.archive.ubuntu.com/ubuntu/pool/main/b/bsdmainutils/bsdmainutils_11.1.2ubuntu3_amd64.deb	http://ap-northeast-2.ec2.archive.ubuntu.com/ubuntu/pool/main/b/bsdmainutils/bsdmainutils_11.1.2ubuntu3_amd64.deb	200	181204	5dcf61a0949d12ad900f62b684aaf429f278a7a418123c91e8839eeb363521e7	/home/aella/aws-discovery-bionic-focal-retry-20260831/upgrade-discovery/bionic-to-focal/runtime/deb-cache/ee/10/ee106fdd7b3208f845f683574994d3cbb77b322b0e37e03c6ffe11862352d19c
bionic-to-focal	2026-08-31T11:36:36Z	GET	http://ap-northeast-2.ec2.archive.ubuntu.com/ubuntu/pool/main/u/util-linux/bsdutils_2.34-0.1ubuntu9.6_amd64.deb	http://ap-northeast-2.ec2.archive.ubuntu.com/ubuntu/pool/main/u/util-linux/bsdutils_2.34-0.1ubuntu9.6_amd64.deb	200	63280	25accdba926f2d2c6fc7dcfa7c143c2b142a41930886f40b3ba8396df3bcf0b6	/home/aella/aws-discovery-bionic-focal-retry-20260831/upgrade-discovery/bionic-to-focal/runtime/deb-cache/9b/5a/9b5ad880e05997e230eea54e9f2877c67ba92f74be6c3d6ca286daf308eab6bf
bionic-to-focal	2026-08-31T11:36:36Z	GET	http://ap-northeast-2.ec2.archive.ubuntu.com/ubuntu/pool/main/d/dash/dash_0.5.10.2-6_amd64.deb	http://ap-northeast-2.ec2.archive.ubuntu.com/ubuntu/pool/main/d/dash/dash_0.5.10.2-6_amd64.deb	200	86336	12607b28478fb815952f47c53394b57405244e675ff3220a982a0b8c7d826b0c	/home/aella/aws-discovery-bionic-focal-retry-20260831/upgrade-discovery/bionic-to-focal/runtime/deb-cache/c2/57/c25772155bf1a164815f6a39a9c2386e24affc8eb5c60b1d9acc4c46c5695c16
bionic-to-focal	2026-08-31T11:36:36Z	GET	http://ap-northeast-2.ec2.archive.ubuntu.com/ubuntu/pool/main/d/diffutils/diffutils_3.7-3_amd64.deb	http://ap-northeast-2.ec2.archive.ubuntu.com/ubuntu/pool/main/d/diffutils/diffutils_3.7-3_amd64.deb	200	199804	1e47f7fb82fedcd69c4b8cba65861ad23e6af108612f8f111244f2a48eb7fd02	/home/aella/aws-discovery-bionic-focal-retry-20260831/upgrade-discovery/bionic-to-focal/runtime/deb-cache/72/a1/72a19833180f0b7c585fdbc9aced47928bc869d630c027320ea91c2d34befa59
bionic-to-focal	2026-08-31T11:36:37Z	GET	http://ap-northeast-2.ec2.archive.ubuntu.com/ubuntu/pool/main/f/findutils/findutils_4.7.0-1ubuntu1_amd64.deb	http://ap-northeast-2.ec2.archive.ubuntu.com/ubuntu/pool/main/f/findutils/findutils_4.7.0-1ubuntu1_amd64.deb	200	329012	f3eccb6088dc4b632e7e9daa2fc36048702fbaef684b9acb1e2317c706c16249	/home/aella/aws-discovery-bionic-focal-retry-20260831/upgrade-discovery/bionic-to-focal/runtime/deb-cache/a7/e7/a7e7cb1ddc6f6f6618b12d4e4e8fbf54e153b55d82cada544dc8d11558f3008f
bionic-to-focal	2026-08-31T11:36:37Z	GET	http://ap-northeast-2.ec2.archive.ubuntu.com/ubuntu/pool/main/g/grep/grep_3.4-1_amd64.deb	http://ap-northeast-2.ec2.archive.ubuntu.com/ubuntu/pool/main/g/grep/grep_3.4-1_amd64.deb	200	150796	ca498008bc57c2ccb26c5b467322cd5abbb458e2dd545658d8aef4490ee931de	/home/aella/aws-discovery-bionic-focal-retry-20260831/upgrade-discovery/bionic-to-focal/runtime/deb-cache/8e/5f/8e5f0314fd8be9af617b037e04d7566fd56dd22842df0882c7f459abbdb89a38
bionic-to-focal	2026-08-31T11:36:37Z	GET	http://ap-northeast-2.ec2.archive.ubuntu.com/ubuntu/pool/main/g/gzip/gzip_1.10-0ubuntu4.1_amd64.deb	http://ap-northeast-2.ec2.archive.ubuntu.com/ubuntu/pool/main/g/gzip/gzip_1.10-0ubuntu4.1_amd64.deb	200	95168	218a588ffe646e69dcde814634cb85bcaad1486da4fa3060937ab12ef04fed9c	/home/aella/aws-discovery-bionic-focal-retry-20260831/upgrade-discovery/bionic-to-focal/runtime/deb-cache/c9/b1/c9b10a667276237f2a3a6d7ba2b4caf622622f479e3252a786127b3b16263558
bionic-to-focal	2026-08-31T11:36:37Z	GET	http://ap-northeast-2.ec2.archive.ubuntu.com/ubuntu/pool/main/h/hostname/hostname_3.23_amd64.deb	http://ap-northeast-2.ec2.archive.ubuntu.com/ubuntu/pool/main/h/hostname/hostname_3.23_amd64.deb	200	11372	bddd3ac9a78c0f816f24622ef9f0495902da8028de9fc4b24ec8b1a36196a762	/home/aella/aws-discovery-bionic-focal-retry-20260831/upgrade-discovery/bionic-to-focal/runtime/deb-cache/f2/c2/f2c21fb8f3490f4754020465ac6bf5ac41507f85b64b7c19766436a06e5e0dee
bionic-to-focal	2026-08-31T11:36:37Z	GET	http://ap-northeast-2.ec2.archive.ubuntu.com/ubuntu/pool/main/n/ncurses/ncurses-bin_6.2-0ubuntu2.1_amd64.deb	http://ap-northeast-2.ec2.archive.ubuntu.com/ubuntu/pool/main/n/ncurses/ncurses-bin_6.2-0ubuntu2.1_amd64.deb	200	172492	a569ff67d2a59259248ac2c1dd966f6b45a196330dc0544889fa9085e9043e2e	/home/aella/aws-discovery-bionic-focal-retry-20260831/upgrade-discovery/bionic-to-focal/runtime/deb-cache/4d/d6/4dd6762b6694272b8d9d6ed502a614aba52fe703c86146ae0db5118dcfa43a09
bionic-to-focal	2026-08-31T11:36:38Z	GET	http://ap-northeast-2.ec2.archive.ubuntu.com/ubuntu/pool/main/c/cdebconf/libdebconfclient0_0.251ubuntu1_amd64.deb	http://ap-northeast-2.ec2.archive.ubuntu.com/ubuntu/pool/main/c/cdebconf/libdebconfclient0_0.251ubuntu1_amd64.deb	200	6160	98cc9975a3e4d9c4f505db3845fff2820337c82ea7c8174d9664d2c36cfef248	/home/aella/aws-discovery-bionic-focal-retry-20260831/upgrade-discovery/bionic-to-focal/runtime/deb-cache/57/d6/57d6bb0e8cad2cd1753ccb3f68584946fc5570093e60a0a32fa35afa8edc5db4
bionic-to-focal	2026-08-31T11:36:38Z	GET	http://ap-northeast-2.ec2.archive.ubuntu.com/ubuntu/pool/main/b/base-passwd/base-passwd_3.5.47_amd64.deb	http://ap-northeast-2.ec2.archive.ubuntu.com/ubuntu/pool/main/b/base-passwd/base-passwd_3.5.47_amd64.deb	200	47736	96477a0b48c43358a7a2fcc958a4271424c16db6594719b05ae90e89a508772c	/home/aella/aws-discovery-bionic-focal-retry-20260831/upgrade-discovery/bionic-to-focal/runtime/deb-cache/57/46/57462ac70bb6c963d8a27569645d3f7db2fd945229c8e369fbe3ef8f1c269cea
bionic-to-focal	2026-08-31T11:36:38Z	GET	http://ap-northeast-2.ec2.archive.ubuntu.com/ubuntu/pool/main/n/ncurses/ncurses-base_6.2-0ubuntu2.1_all.deb	http://ap-northeast-2.ec2.archive.ubuntu.com/ubuntu/pool/main/n/ncurses/ncurses-base_6.2-0ubuntu2.1_all.deb	200	18896	982fb1672f73fd8844e56fa01aab9009415ccfe23fe444e5ec4e027f220a38e6	/home/aella/aws-discovery-bionic-focal-retry-20260831/upgrade-discovery/bionic-to-focal/runtime/deb-cache/74/de/74de93a3904ed296465e438e26f137fb655098af147252c0a5afb09bb3a4d67c
bionic-to-focal	2026-08-31T11:36:38Z	GET	http://ap-northeast-2.ec2.archive.ubuntu.com/ubuntu/pool/main/i/init-system-helpers/init_1.57_amd64.deb	http://ap-northeast-2.ec2.archive.ubuntu.com/ubuntu/pool/main/i/init-system-helpers/init_1.57_amd64.deb	200	6088	bc810e47293dab9bfd64b0db7fc714107994de12d4b3e6d621cea7a00223e067	/home/aella/aws-discovery-bionic-focal-retry-20260831/upgrade-discovery/bionic-to-focal/runtime/deb-cache/6a/f2/6af2444ee8121ead702b348879f9d8dbecee0757d9b118ee0fbc692f40fa62cc
bionic-to-focal	2026-08-31T11:36:38Z	GET	http://ap-northeast-2.ec2.archive.ubuntu.com/ubuntu/pool/main/r/rsyslog/rsyslog_8.2001.0-1ubuntu1.3_amd64.deb	http://ap-northeast-2.ec2.archive.ubuntu.com/ubuntu/pool/main/r/rsyslog/rsyslog_8.2001.0-1ubuntu1.3_amd64.deb	200	427312	d94c4aa032ca6b4b7998a30d6908d93356e1082db2db5bb6f9f0849bcc0957fa	/home/aella/aws-discovery-bionic-focal-retry-20260831/upgrade-discovery/bionic-to-focal/runtime/deb-cache/db/62/db6240bb7d2061ae533d67c46649a66ebd5548cc23e5584ff37d7ee5d640fdb1
bionic-to-focal	2026-08-31T11:36:38Z	GET	http://ap-northeast-2.ec2.archive.ubuntu.com/ubuntu/pool/main/n/numactl/libnuma1_2.0.12-1_amd64.deb	http://ap-northeast-2.ec2.archive.ubuntu.com/ubuntu/pool/main/n/numactl/libnuma1_2.0.12-1_amd64.deb	200	20828	0b1edf08cf9befecd21fe94e298ac25e476f87fd876ddd4adf42ef713449e637	/home/aella/aws-discovery-bionic-focal-retry-20260831/upgrade-discovery/bionic-to-focal/runtime/deb-cache/41/bd/41bd25d707d6e8ac24c29b0ce36880ad6a4c6912f26f3ffb707ec6215c7818f9
bionic-to-focal	2026-08-31T11:36:38Z	GET	http://ap-northeast-2.ec2.archive.ubuntu.com/ubuntu/pool/main/i/irqbalance/irqbalance_1.6.0-3ubuntu1_amd64.deb	http://ap-northeast-2.ec2.archive.ubuntu.com/ubuntu/pool/main/i/irqbalance/irqbalance_1.6.0-3ubuntu1_amd64.deb	200	43864	2de1914588f92b95f8eaffc5cb577e605f787558c2767162e9c5bbd6090771cf	/home/aella/aws-discovery-bionic-focal-retry-20260831/upgrade-discovery/bionic-to-focal/runtime/deb-cache/1f/e6/1fe6f77e27fc1e3fbe1ea9e0c87d0b05efa00c25966f11458b6270081cd791e8
bionic-to-focal	2026-08-31T11:36:38Z	GET	http://ap-northeast-2.ec2.archive.ubuntu.com/ubuntu/pool/main/a/accountsservice/accountsservice_0.6.55-0ubuntu12%7e20.04.7_amd64.deb	http://ap-northeast-2.ec2.archive.ubuntu.com/ubuntu/pool/main/a/accountsservice/accountsservice_0.6.55-0ubuntu12%7e20.04.7_amd64.deb	200	61256	b34293efd5c6861b3d82b6ddbb72bef5d15d44be12c77e1d5949d634c8699773	/home/aella/aws-discovery-bionic-focal-retry-20260831/upgrade-discovery/bionic-to-focal/runtime/deb-cache/d0/15/d0150942a194e07662c64959e8860befcc58f06b03b98436a028ba92a78f5068
bionic-to-focal	2026-08-31T11:36:38Z	GET	http://ap-northeast-2.ec2.archive.ubuntu.com/ubuntu/pool/main/a/accountsservice/libaccountsservice0_0.6.55-0ubuntu12%7e20.04.7_amd64.deb	http://ap-northeast-2.ec2.archive.ubuntu.com/ubuntu/pool/main/a/accountsservice/libaccountsservice0_0.6.55-0ubuntu12%7e20.04.7_amd64.deb	200	72368	2506dff6a97be14133cbbf5bae09ec2b55ae44f80056d4e843dfb25b961025f6	/home/aella/aws-discovery-bionic-focal-retry-20260831/upgrade-discovery/bionic-to-focal/runtime/deb-cache/5e/95/5e95462eb381cf46d863aceb2a32608715cbb1aeb9e801abae4e492aa12d06e5
bionic-to-focal	2026-08-31T11:36:38Z	GET	http://ap-northeast-2.ec2.archive.ubuntu.com/ubuntu/pool/main/l/language-selector/language-selector-common_0.204.2_all.deb	http://ap-northeast-2.ec2.archive.ubuntu.com/ubuntu/pool/main/l/language-selector/language-selector-common_0.204.2_all.deb	200	224340	2a16047f66aa6934daf716265af469f7061cbe96931edbb9a597e099ab726563	/home/aella/aws-discovery-bionic-focal-retry-20260831/upgrade-discovery/bionic-to-focal/runtime/deb-cache/d9/0b/d90b9f9026bbe297020d538777a458406e5c2ce5c2097125c17c26ebb6a2d93a
bionic-to-focal	2026-08-31T11:36:39Z	GET	http://ap-northeast-2.ec2.archive.ubuntu.com/ubuntu/pool/main/u/uchardet/libuchardet0_0.0.6-3build1_amd64.deb	http://ap-northeast-2.ec2.archive.ubuntu.com/ubuntu/pool/main/u/uchardet/libuchardet0_0.0.6-3build1_amd64.deb	200	65240	27954a3168dd9ea04aa8921156549a8e5fee269e2db247b6edc0085a18f8e8ec	/home/aella/aws-discovery-bionic-focal-retry-20260831/upgrade-discovery/bionic-to-focal/runtime/deb-cache/d3/44/d3447dcacba35b4ae77d3bc18c4cce4a3f07417869047531646b08a88e3aaa2d
bionic-to-focal	2026-08-31T11:36:40Z	GET	http://ap-northeast-2.ec2.archive.ubuntu.com/ubuntu/pool/main/g/groff/groff-base_1.22.4-4build1_amd64.deb	http://ap-northeast-2.ec2.archive.ubuntu.com/ubuntu/pool/main/g/groff/groff-base_1.22.4-4build1_amd64.deb	200	847204	91daa5af9aa67b5110349f51b96a555967dcc21062dec76544a7b5249b543c01	/home/aella/aws-discovery-bionic-focal-retry-20260831/upgrade-discovery/bionic-to-focal/runtime/deb-cache/9f/8b/9f8b59929995904af14c65c80b2977ab7147fb48926f7e3afd30a7ca8a786215
bionic-to-focal	2026-08-31T11:36:40Z	GET	http://ap-northeast-2.ec2.archive.ubuntu.com/ubuntu/pool/main/libp/libpipeline/libpipeline1_1.5.2-2build1_amd64.deb	http://ap-northeast-2.ec2.archive.ubuntu.com/ubuntu/pool/main/libp/libpipeline/libpipeline1_1.5.2-2build1_amd64.deb	200	27716	03289c37250cbd7c0169d5f1f89b5fe418d8087397cea1542b6346825c6936af	/home/aella/aws-discovery-bionic-focal-retry-20260831/upgrade-discovery/bionic-to-focal/runtime/deb-cache/78/c9/78c97807eeb3815c8da2ad2e250ac2ef34b7d38a0bae345ab3f061bba7c074e0
bionic-to-focal	2026-08-31T11:36:40Z	GET	http://ap-northeast-2.ec2.archive.ubuntu.com/ubuntu/pool/main/m/man-db/man-db_2.9.1-1_amd64.deb	http://ap-northeast-2.ec2.archive.ubuntu.com/ubuntu/pool/main/m/man-db/man-db_2.9.1-1_amd64.deb	200	1112368	07c78ad853aeba7b26a05c05edf0f4a77b4b3a2572eb03d6600f5f501324421a	/home/aella/aws-discovery-bionic-focal-retry-20260831/upgrade-discovery/bionic-to-focal/runtime/deb-cache/c6/d9/c6d91d690d0dec40796731747fe42467557b0906dcf7cd798a3b41bc7c52248b
bionic-to-focal	2026-08-31T11:36:40Z	GET	http://ap-northeast-2.ec2.archive.ubuntu.com/ubuntu/pool/main/n/ntfs-3g/libntfs-3g883_2017.3.23AR.3-3ubuntu1.3_amd64.deb	http://ap-northeast-2.ec2.archive.ubuntu.com/ubuntu/pool/main/n/ntfs-3g/libntfs-3g883_2017.3.23AR.3-3ubuntu1.3_amd64.deb	200	149680	1874becc4620d8a303c72dd993cec7d73d4a7a0ddbba100d78183be7aeec2956	/home/aella/aws-discovery-bionic-focal-retry-20260831/upgrade-discovery/bionic-to-focal/runtime/deb-cache/d8/12/d8123cfde32845f74819dab1f71e210840b912c95a29b907acbcb888ff8a823c
bionic-to-focal	2026-08-31T11:36:40Z	GET	http://ap-northeast-2.ec2.archive.ubuntu.com/ubuntu/pool/main/n/ntfs-3g/ntfs-3g_2017.3.23AR.3-3ubuntu1.3_amd64.deb	http://ap-northeast-2.ec2.archive.ubuntu.com/ubuntu/pool/main/n/ntfs-3g/ntfs-3g_2017.3.23AR.3-3ubuntu1.3_amd64.deb	200	387640	00243af3ea56e48eb265b409aa7718cd9e9313cc70e2a1687af25ad78b776401	/home/aella/aws-discovery-bionic-focal-retry-20260831/upgrade-discovery/bionic-to-focal/runtime/deb-cache/7f/df/7fdf06aae9c14816df6a39bc44d35f0d9e7b4e62b5d2997497d0913163ac1d77
bionic-to-focal	2026-08-31T11:36:40Z	GET	http://ap-northeast-2.ec2.archive.ubuntu.com/ubuntu/pool/main/p/popularity-contest/popularity-contest_1.69ubuntu1_all.deb	http://ap-northeast-2.ec2.archive.ubuntu.com/ubuntu/pool/main/p/popularity-contest/popularity-contest_1.69ubuntu1_all.deb	200	34336	c0441c9dd63a7fd460b0e14f794b0a6bff9f8f778fa034b5e343a0bbec60f358	/home/aella/aws-discovery-bionic-focal-retry-20260831/upgrade-discovery/bionic-to-focal/runtime/deb-cache/98/8f/988f36b09ec89267f0dc2f502aeefd121837377552acaa4970b9e681265f330d
bionic-to-focal	2026-08-31T11:36:40Z	GET	http://ap-northeast-2.ec2.archive.ubuntu.com/ubuntu/pool/main/r/rsync/rsync_3.1.3-8ubuntu0.9_amd64.deb	http://ap-northeast-2.ec2.archive.ubuntu.com/ubuntu/pool/main/r/rsync/rsync_3.1.3-8ubuntu0.9_amd64.deb	200	322912	a0c0458e2bd5c9d75c6283c7a35ea3aa8d9ced46583507f43eb4597e8cbae207	/home/aella/aws-discovery-bionic-focal-retry-20260831/upgrade-discovery/bionic-to-focal/runtime/deb-cache/84/21/8421bcf7769414ce2a36cfd1765865a34ddb78c85502454c5f877ef7b4abe824
bionic-to-focal	2026-08-31T11:36:40Z	GET	http://ap-northeast-2.ec2.archive.ubuntu.com/ubuntu/pool/main/u/util-linux/uuid-runtime_2.34-0.1ubuntu9.6_amd64.deb	http://ap-northeast-2.ec2.archive.ubuntu.com/ubuntu/pool/main/u/util-linux/uuid-runtime_2.34-0.1ubuntu9.6_amd64.deb	200	35332	1dc7e1d24f798bf1164824ac251dde00dbe1104f86c5a3590553118d6f9f52f2	/home/aella/aws-discovery-bionic-focal-retry-20260831/upgrade-discovery/bionic-to-focal/runtime/deb-cache/f3/a9/f3a91792d7791195af953d0cd62f4949373d44727c205706e3c5330eed167586
bionic-to-focal	2026-08-31T11:36:40Z	GET	http://ap-northeast-2.ec2.archive.ubuntu.com/ubuntu/pool/main/a/acpid/acpid_2.0.32-1ubuntu1_amd64.deb	http://ap-northeast-2.ec2.archive.ubuntu.com/ubuntu/pool/main/a/acpid/acpid_2.0.32-1ubuntu1_amd64.deb	200	37688	fef6273e8bf6f46989fc83f3cca6d0be5d11535949d47fba83cdaece3e6f4399	/home/aella/aws-discovery-bionic-focal-retry-20260831/upgrade-discovery/bionic-to-focal/runtime/deb-cache/85/44/85443ee14e18e8e29e9d17433ec173deb25b367062c3c138238674cf324183b4
bionic-to-focal	2026-08-31T11:36:41Z	GET	http://ap-northeast-2.ec2.archive.ubuntu.com/ubuntu/pool/universe/l/lxcfs/lxcfs_4.0.3-0ubuntu1_amd64.deb	http://ap-northeast-2.ec2.archive.ubuntu.com/ubuntu/pool/universe/l/lxcfs/lxcfs_4.0.3-0ubuntu1_amd64.deb	200	65268	f66c12978f6d867b30f340a461e88e25023254239607f827ec08751d754a9fca	/home/aella/aws-discovery-bionic-focal-retry-20260831/upgrade-discovery/bionic-to-focal/runtime/deb-cache/5a/57/5a5738959bdf2e6ba4148958aa95820f5b01a93ab857e49c99b7584b07fb7315
bionic-to-focal	2026-08-31T11:36:41Z	GET	http://ap-northeast-2.ec2.archive.ubuntu.com/ubuntu/pool/universe/l/lxd/lxd-client_0.10_all.deb	http://ap-northeast-2.ec2.archive.ubuntu.com/ubuntu/pool/universe/l/lxd/lxd-client_0.10_all.deb	200	1608	a393d388441ccc85d75db386d4818d5678b88b4f5f2a1d3ebaab26f9d3ba2b4e	/home/aella/aws-discovery-bionic-focal-retry-20260831/upgrade-discovery/bionic-to-focal/runtime/deb-cache/fb/d7/fbd77169a590a77a99168520433d28c0ba78363a287072f97ebbb1bf08e2ca5e
bionic-to-focal	2026-08-31T11:36:41Z	GET	http://ap-northeast-2.ec2.archive.ubuntu.com/ubuntu/pool/universe/l/lxd/lxd_0.10_all.deb	http://ap-northeast-2.ec2.archive.ubuntu.com/ubuntu/pool/universe/l/lxd/lxd_0.10_all.deb	200	5532	1b1759f4d21cbfa164635e9ec60d86c9843539adc5e5968dc563995e5fae2961	/home/aella/aws-discovery-bionic-focal-retry-20260831/upgrade-discovery/bionic-to-focal/runtime/deb-cache/f5/1a/f51ade6a358690b14ced30829bafc305a3826fa42a85040e4011c3cf0cbf9799
bionic-to-focal	2026-08-31T11:36:42Z	GET	http://ap-northeast-2.ec2.archive.ubuntu.com/ubuntu/pool/main/o/open-isns/libisns0_0.97-3_amd64.deb	http://ap-northeast-2.ec2.archive.ubuntu.com/ubuntu/pool/main/o/open-isns/libisns0_0.97-3_amd64.deb	200	109820	97fd27e40af7dd13aac1aa18c3174cc382cf15608e0e0a09209ab0474de4db23	/home/aella/aws-discovery-bionic-focal-retry-20260831/upgrade-discovery/bionic-to-focal/runtime/deb-cache/03/da/03daab28640138d02fa030eea499711c781d291f3c42e2f436ca153d187a5fc3
bionic-to-focal	2026-08-31T11:36:42Z	GET	http://ap-northeast-2.ec2.archive.ubuntu.com/ubuntu/pool/main/o/open-iscsi/open-iscsi_2.0.874-7.1ubuntu6.5_amd64.deb	http://ap-northeast-2.ec2.archive.ubuntu.com/ubuntu/pool/main/o/open-iscsi/open-iscsi_2.0.874-7.1ubuntu6.5_amd64.deb	200	283900	fea14c99de9d10134db1feb769b4e975c7097bc714924c5cf60a36f4751979e4	/home/aella/aws-discovery-bionic-focal-retry-20260831/upgrade-discovery/bionic-to-focal/runtime/deb-cache/b8/e0/b8e0d31f5f571716745fa671d0b878c5b34f1527dfee9a60f683aa55e1d77a7e
bionic-to-focal	2026-08-31T11:36:42Z	GET	http://ap-northeast-2.ec2.archive.ubuntu.com/ubuntu/pool/main/s/sgml-base/sgml-base_1.29.1_all.deb	http://ap-northeast-2.ec2.archive.ubuntu.com/ubuntu/pool/main/s/sgml-base/sgml-base_1.29.1_all.deb	200	12432	1402d68810ff4099f9b3ce206fbbe719b51d0730310079903f9f7ad75c1d263b	/home/aella/aws-discovery-bionic-focal-retry-20260831/upgrade-discovery/bionic-to-focal/runtime/deb-cache/36/c3/36c37fda1d5f96a993227de01b7f0ed420c72d8fe309eff6d6aeae6080c34452
bionic-to-focal	2026-08-31T11:36:42Z	GET	http://ap-northeast-2.ec2.archive.ubuntu.com/ubuntu/pool/main/libd/libdrm/libdrm-common_2.4.107-8ubuntu1%7e20.04.2_all.deb	http://ap-northeast-2.ec2.archive.ubuntu.com/ubuntu/pool/main/libd/libdrm/libdrm-common_2.4.107-8ubuntu1%7e20.04.2_all.deb	200	5396	52bdffa2e90751b316978799650bb3e8c373c238cc71775ee596069241847e08	/home/aella/aws-discovery-bionic-focal-retry-20260831/upgrade-discovery/bionic-to-focal/runtime/deb-cache/5b/64/5b6409e1f325faa97f4fef7ea4fea57dfe005ffcdcb6776e7f87ccfc4c2c5787
bionic-to-focal	2026-08-31T11:36:42Z	GET	http://ap-northeast-2.ec2.archive.ubuntu.com/ubuntu/pool/main/libd/libdrm/libdrm2_2.4.107-8ubuntu1%7e20.04.2_amd64.deb	http://ap-northeast-2.ec2.archive.ubuntu.com/ubuntu/pool/main/libd/libdrm/libdrm2_2.4.107-8ubuntu1%7e20.04.2_amd64.deb	200	34112	9b01d73313841abe8e3f24c2715edced675fbe329bbd10be912a5b135cd51fb6	/home/aella/aws-discovery-bionic-focal-retry-20260831/upgrade-discovery/bionic-to-focal/runtime/deb-cache/37/4e/374e540e2efde396d8122c4e414deadee39e16daa71e85d75bd61c8946f551b5
bionic-to-focal	2026-08-31T11:36:43Z	GET	http://ap-northeast-2.ec2.archive.ubuntu.com/ubuntu/pool/main/libm/libmspack/libmspack0_0.10.1-2_amd64.deb	http://ap-northeast-2.ec2.archive.ubuntu.com/ubuntu/pool/main/libm/libmspack/libmspack0_0.10.1-2_amd64.deb	200	37988	17994d241ee2ce8e91d196c9409f920e2c9dcd5ea21e42ea9f9972c5fef93ee7	/home/aella/aws-discovery-bionic-focal-retry-20260831/upgrade-discovery/bionic-to-focal/runtime/deb-cache/12/24/1224c28b8432c190d1ce3fb2363899573986aacd44a87b3c05f6b5e546f5524d
bionic-to-focal	2026-08-31T11:36:43Z	GET	http://ap-northeast-2.ec2.archive.ubuntu.com/ubuntu/pool/main/libx/libxslt/libxslt1.1_1.1.34-4ubuntu0.20.04.3_amd64.deb	http://ap-northeast-2.ec2.archive.ubuntu.com/ubuntu/pool/main/libx/libxslt/libxslt1.1_1.1.34-4ubuntu0.20.04.3_amd64.deb	200	151336	4533b86463ee7e32a0b950db6ea3258ab23ba043a94b035a82bded68ab0c0c48	/home/aella/aws-discovery-bionic-focal-retry-20260831/upgrade-discovery/bionic-to-focal/runtime/deb-cache/65/a9/65a9ac2d9e22c1ab331590507109e4c2486579f1096f5772c34729d279304299
bionic-to-focal	2026-08-31T11:36:44Z	GET	http://ap-northeast-2.ec2.archive.ubuntu.com/ubuntu/pool/main/x/xmlsec1/libxmlsec1_1.2.28-2_amd64.deb	http://ap-northeast-2.ec2.archive.ubuntu.com/ubuntu/pool/main/x/xmlsec1/libxmlsec1_1.2.28-2_amd64.deb	200	126656	6830058d410e6a3d5d84e974b06fce9d6a3d1b124d2fb219dd2471b9627f95e8	/home/aella/aws-discovery-bionic-focal-retry-20260831/upgrade-discovery/bionic-to-focal/runtime/deb-cache/46/46/46462e7ab90e07e22dcf6c7bfc28de6d4af7dac3b0469664a4cc16a4290b99fa
bionic-to-focal	2026-08-31T11:36:44Z	GET	http://ap-northeast-2.ec2.archive.ubuntu.com/ubuntu/pool/main/x/xmlsec1/libxmlsec1-openssl_1.2.28-2_amd64.deb	http://ap-northeast-2.ec2.archive.ubuntu.com/ubuntu/pool/main/x/xmlsec1/libxmlsec1-openssl_1.2.28-2_amd64.deb	200	75924	adef189815de833376bccdbd32f9f63887107a3b74cd18b0c837dce1fe2140fd	/home/aella/aws-discovery-bionic-focal-retry-20260831/upgrade-discovery/bionic-to-focal/runtime/deb-cache/0a/4c/0a4cfeea797ebd4ccc05eefa489c919a69aae1f73bf22ee56fbd22ba028aeff9
bionic-to-focal	2026-08-31T11:36:44Z	GET	http://ap-northeast-2.ec2.archive.ubuntu.com/ubuntu/pool/main/p/pciutils/pciutils_3.6.4-1ubuntu0.20.04.1_amd64.deb	http://ap-northeast-2.ec2.archive.ubuntu.com/ubuntu/pool/main/p/pciutils/pciutils_3.6.4-1ubuntu0.20.04.1_amd64.deb	200	56500	efb0a35b6cd0370f0b426a558a49850b5b568fe98536368cce6b9473d54189df	/home/aella/aws-discovery-bionic-focal-retry-20260831/upgrade-discovery/bionic-to-focal/runtime/deb-cache/50/19/5019cbfbba00bf3b18ab9df47219fd8b9e9ef40e55b067e03f67091bb2791463
bionic-to-focal	2026-08-31T11:36:44Z	GET	http://ap-northeast-2.ec2.archive.ubuntu.com/ubuntu/pool/main/p/pci.ids/pci.ids_0.0%7e2020.03.20-1_all.deb	http://ap-northeast-2.ec2.archive.ubuntu.com/ubuntu/pool/main/p/pci.ids/pci.ids_0.0%7e2020.03.20-1_all.deb	200	216788	a63703e56fe9d55369f6dd14d4fb110807aebf1f93a7f4e287d41174a8870f21	/home/aella/aws-discovery-bionic-focal-retry-20260831/upgrade-discovery/bionic-to-focal/runtime/deb-cache/9b/07/9b077c3f68e4a3198f1320bc25a53a8075462b0f069e8fe79ef7307dcdf3a6fb
bionic-to-focal	2026-08-31T11:36:44Z	GET	http://ap-northeast-2.ec2.archive.ubuntu.com/ubuntu/pool/main/p/pciutils/libpci3_3.6.4-1ubuntu0.20.04.1_amd64.deb	http://ap-northeast-2.ec2.archive.ubuntu.com/ubuntu/pool/main/p/pciutils/libpci3_3.6.4-1ubuntu0.20.04.1_amd64.deb	200	26856	1aaf3e3c5c1e17ddebc01ceb3beb3aaeb90679a6c2ad11fbee8de0fbfdafc288	/home/aella/aws-discovery-bionic-focal-retry-20260831/upgrade-discovery/bionic-to-focal/runtime/deb-cache/be/64/be64948443b7cce66911aec92a33742778913c34e1d840c0fe5f4f8097fe3494
bionic-to-focal	2026-08-31T11:36:44Z	GET	http://ap-northeast-2.ec2.archive.ubuntu.com/ubuntu/pool/main/o/open-vm-tools/open-vm-tools_11.3.0-2ubuntu0%7eubuntu20.04.8_amd64.deb	http://ap-northeast-2.ec2.archive.ubuntu.com/ubuntu/pool/main/o/open-vm-tools/open-vm-tools_11.3.0-2ubuntu0%7eubuntu20.04.8_amd64.deb	200	649304	05bef50339fe46841d20226632c01fa949f8e1b1edd8676e5594488d7b48c2f1	/home/aella/aws-discovery-bionic-focal-retry-20260831/upgrade-discovery/bionic-to-focal/runtime/deb-cache/95/e9/95e93ac00fc28cdba535fa4dad8dd00be2e90e9f8cad7b16cbef89afe0a7ddeb
bionic-to-focal	2026-08-31T11:36:44Z	GET	http://ap-northeast-2.ec2.archive.ubuntu.com/ubuntu/pool/main/a/attr/libattr1_2.4.48-5_amd64.deb	http://ap-northeast-2.ec2.archive.ubuntu.com/ubuntu/pool/main/a/attr/libattr1_2.4.48-5_amd64.deb	200	12748	d916bb73d9a160ccaa48d997c823af528cb6b4174c5234c744b40ae5aa85ce98	/home/aella/aws-discovery-bionic-focal-retry-20260831/upgrade-discovery/bionic-to-focal/runtime/deb-cache/02/3a/023adea6610a77583a7e2c9e18a08026d90433754d4cb9fe22b8a09235900a78
bionic-to-focal	2026-08-31T11:36:44Z	GET	http://ap-northeast-2.ec2.archive.ubuntu.com/ubuntu/pool/universe/g/gcc-10/libgcc1_10.5.0-1ubuntu1%7e20.04_amd64.deb	http://ap-northeast-2.ec2.archive.ubuntu.com/ubuntu/pool/universe/g/gcc-10/libgcc1_10.5.0-1ubuntu1%7e20.04_amd64.deb	200	41724	be48e8f4b1cb8bbdd642966bfcc08b119a7c8317b807bce6bf8da35817468d06	/home/aella/aws-discovery-bionic-focal-retry-20260831/upgrade-discovery/bionic-to-focal/runtime/deb-cache/4a/19/4a19b35a8834565f6244366543557c238c85dd7c799b007d57ea244073ac058f
bionic-to-focal	2026-08-31T11:36:44Z	GET	http://ap-northeast-2.ec2.archive.ubuntu.com/ubuntu/pool/main/e/e2fsprogs/libss2_1.45.5-2ubuntu1.2_amd64.deb	http://ap-northeast-2.ec2.archive.ubuntu.com/ubuntu/pool/main/e/e2fsprogs/libss2_1.45.5-2ubuntu1.2_amd64.deb	200	11312	ac845dc2baec699ac247b04f4cd501426db3f29b740109f2b2718afc5d52ce4b	/home/aella/aws-discovery-bionic-focal-retry-20260831/upgrade-discovery/bionic-to-focal/runtime/deb-cache/ec/69/ec692203673fd78645c7bd0838a23a78e34b1666928698db6b4fc4080e1f9776
bionic-to-focal	2026-08-31T11:36:44Z	GET	http://ap-northeast-2.ec2.archive.ubuntu.com/ubuntu/pool/main/g/gcc-10/libquadmath0_10.5.0-1ubuntu1%7e20.04_amd64.deb	http://ap-northeast-2.ec2.archive.ubuntu.com/ubuntu/pool/main/g/gcc-10/libquadmath0_10.5.0-1ubuntu1%7e20.04_amd64.deb	200	146072	f1ea3152a72eee554f71e07a2e7118898a7516eee7fd2c6b24c4b157a9271ba6	/home/aella/aws-discovery-bionic-focal-retry-20260831/upgrade-discovery/bionic-to-focal/runtime/deb-cache/00/ee/00eee52b7acb0ec5fa7e69961a6b0c635957a7b1f150bd7557427a32749805b6
bionic-to-focal	2026-08-31T11:36:44Z	GET	http://ap-northeast-2.ec2.archive.ubuntu.com/ubuntu/pool/main/g/gcc-10/libitm1_10.5.0-1ubuntu1%7e20.04_amd64.deb	http://ap-northeast-2.ec2.archive.ubuntu.com/ubuntu/pool/main/g/gcc-10/libitm1_10.5.0-1ubuntu1%7e20.04_amd64.deb	200	26196	e2a4eb079a4df5e29bb07943f54837e706b4c055dd2eab8fed82f51e5006b8d1	/home/aella/aws-discovery-bionic-focal-retry-20260831/upgrade-discovery/bionic-to-focal/runtime/deb-cache/85/c0/85c0f5739779ba8bc96f534cf2c295670afebbfd857104634932abaaf051d550
bionic-to-focal	2026-08-31T11:36:45Z	GET	http://ap-northeast-2.ec2.archive.ubuntu.com/ubuntu/pool/universe/g/gcc-8/libmpx2_8.4.0-3ubuntu2_amd64.deb	http://ap-northeast-2.ec2.archive.ubuntu.com/ubuntu/pool/universe/g/gcc-8/libmpx2_8.4.0-3ubuntu2_amd64.deb	200	11780	9022934915c4ed8d39086f06a27a8c19be90436767f3b5dce88c9f7569e445bc	/home/aella/aws-discovery-bionic-focal-retry-20260831/upgrade-discovery/bionic-to-focal/runtime/deb-cache/11/00/11004575be58b089ab29d2f0131e01ddde5fa8b7bb74de93c633407c7c4049f7
bionic-to-focal	2026-08-31T11:36:45Z	GET	http://ap-northeast-2.ec2.archive.ubuntu.com/ubuntu/pool/main/g/gcc-10/liblsan0_10.5.0-1ubuntu1%7e20.04_amd64.deb	http://ap-northeast-2.ec2.archive.ubuntu.com/ubuntu/pool/main/g/gcc-10/liblsan0_10.5.0-1ubuntu1%7e20.04_amd64.deb	200	834856	b37c51fc350be9b657147b87be40f9da2e019ba9c1083c4726666b941f969ccb	/home/aella/aws-discovery-bionic-focal-retry-20260831/upgrade-discovery/bionic-to-focal/runtime/deb-cache/2b/9a/2b9a11a0ae748200cb91d2b341c10b82051ab0d2031290cdf692ace16af24a5e
bionic-to-focal	2026-08-31T11:36:45Z	GET	http://ap-northeast-2.ec2.archive.ubuntu.com/ubuntu/pool/main/g/gcc-10/libtsan0_10.5.0-1ubuntu1%7e20.04_amd64.deb	http://ap-northeast-2.ec2.archive.ubuntu.com/ubuntu/pool/main/g/gcc-10/libtsan0_10.5.0-1ubuntu1%7e20.04_amd64.deb	200	2016388	beb24444d608f14bb40c36c7e6c100e7fbdf5bff555d32563bd33c2779ebe91a	/home/aella/aws-discovery-bionic-focal-retry-20260831/upgrade-discovery/bionic-to-focal/runtime/deb-cache/02/c7/02c7dbc35699cfa968a310796b01b68ac1ec6c73012db6683777803be49f5797
bionic-to-focal	2026-08-31T11:36:45Z	GET	http://ap-northeast-2.ec2.archive.ubuntu.com/ubuntu/pool/main/g/gcc-10/libcc1-0_10.5.0-1ubuntu1%7e20.04_amd64.deb	http://ap-northeast-2.ec2.archive.ubuntu.com/ubuntu/pool/main/g/gcc-10/libcc1-0_10.5.0-1ubuntu1%7e20.04_amd64.deb	200	48832	b9b31f671eb35a20235b4478f232c2939a41737d12660b3b38e340b82a25a9b3	/home/aella/aws-discovery-bionic-focal-retry-20260831/upgrade-discovery/bionic-to-focal/runtime/deb-cache/e7/e3/e7e354d9216da45371969faeb93c9da3282d33599690b6406c8e2bf50af8ffa2
bionic-to-focal	2026-08-31T11:36:45Z	GET	http://ap-northeast-2.ec2.archive.ubuntu.com/ubuntu/pool/main/g/gcc-10/libatomic1_10.5.0-1ubuntu1%7e20.04_amd64.deb	http://ap-northeast-2.ec2.archive.ubuntu.com/ubuntu/pool/main/g/gcc-10/libatomic1_10.5.0-1ubuntu1%7e20.04_amd64.deb	200	9284	29b19adba1cb79b0cbf905ee21cc68d3a88eadcd56c39d1a0b29c5a523b60557	/home/aella/aws-discovery-bionic-focal-retry-20260831/upgrade-discovery/bionic-to-focal/runtime/deb-cache/8d/43/8d4361e847ec5b1ff89d9c01d00d6420dc8a9698465d9db945b6099db5bb4d41
bionic-to-focal	2026-08-31T11:36:45Z	GET	http://ap-northeast-2.ec2.archive.ubuntu.com/ubuntu/pool/main/g/gcc-10/libgomp1_10.5.0-1ubuntu1%7e20.04_amd64.deb	http://ap-northeast-2.ec2.archive.ubuntu.com/ubuntu/pool/main/g/gcc-10/libgomp1_10.5.0-1ubuntu1%7e20.04_amd64.deb	200	101900	1748606410f62d406588ff7c84ec6e0664cca48d7ecac0b539fecd51ac2219bd	/home/aella/aws-discovery-bionic-focal-retry-20260831/upgrade-discovery/bionic-to-focal/runtime/deb-cache/2f/c8/2fc8eecfbe89999594385f0b486a72ceefa3d06e7476e5952f27bd9a142b1dfb
bionic-to-focal	2026-08-31T11:36:45Z	GET	http://ap-northeast-2.ec2.archive.ubuntu.com/ubuntu/pool/universe/g/gcc-8/gcc-8-base_8.4.0-3ubuntu2_amd64.deb	http://ap-northeast-2.ec2.archive.ubuntu.com/ubuntu/pool/universe/g/gcc-8/gcc-8-base_8.4.0-3ubuntu2_amd64.deb	200	18708	db96f03b486f76e2a49ed6c59365d1673b73c42bf172aaa29715478687d2ae6d	/home/aella/aws-discovery-bionic-focal-retry-20260831/upgrade-discovery/bionic-to-focal/runtime/deb-cache/a8/8b/a88b7554b1296cf4444d268c4fcee01ea13ba4536d3e6887152a1a5ad2895615
bionic-to-focal	2026-08-31T11:36:45Z	GET	http://ap-northeast-2.ec2.archive.ubuntu.com/ubuntu/pool/universe/n/ncurses/libncurses5_6.2-0ubuntu2.1_amd64.deb	http://ap-northeast-2.ec2.archive.ubuntu.com/ubuntu/pool/universe/n/ncurses/libncurses5_6.2-0ubuntu2.1_amd64.deb	200	96868	3c55c751bcf3676538d3f24acf6f6f9d17fa23afe57fecfaf5853d8b391b0713	/home/aella/aws-discovery-bionic-focal-retry-20260831/upgrade-discovery/bionic-to-focal/runtime/deb-cache/4a/8e/4a8e089e8b1846187568a68bf069375d82a5d64bb2aad3eb0db1b6b717fbf2eb
bionic-to-focal	2026-08-31T11:36:45Z	GET	http://ap-northeast-2.ec2.archive.ubuntu.com/ubuntu/pool/universe/n/ncurses/libtinfo5_6.2-0ubuntu2.1_amd64.deb	http://ap-northeast-2.ec2.archive.ubuntu.com/ubuntu/pool/universe/n/ncurses/libtinfo5_6.2-0ubuntu2.1_amd64.deb	200	83400	d0f055e72d86aab0696cc993af790a78506419c18dc284cf04e7a7e96e0a7d7a	/home/aella/aws-discovery-bionic-focal-retry-20260831/upgrade-discovery/bionic-to-focal/runtime/deb-cache/1e/e4/1ee4c3fa94775e2ce1f6e3ae753499685d6d1356204f6a917efeb21eab309f75
bionic-to-focal	2026-08-31T11:36:46Z	GET	http://ap-northeast-2.ec2.archive.ubuntu.com/ubuntu/pool/universe/n/ncurses/libncursesw5_6.2-0ubuntu2.1_amd64.deb	http://ap-northeast-2.ec2.archive.ubuntu.com/ubuntu/pool/universe/n/ncurses/libncursesw5_6.2-0ubuntu2.1_amd64.deb	200	118964	fd4b3b14fa93e94344531d7d551f6dd75c3be88a574668af4adbcd83dca6dfe4	/home/aella/aws-discovery-bionic-focal-retry-20260831/upgrade-discovery/bionic-to-focal/runtime/deb-cache/1e/23/1e23e454fa20cc7a797cd10a15aedc19012b17c0bad43ca3f2ff4e568be0560d
bionic-to-focal	2026-08-31T11:36:46Z	GET	http://ap-northeast-2.ec2.archive.ubuntu.com/ubuntu/pool/main/m/mawk/mawk_1.3.4.20200120-2_amd64.deb	http://ap-northeast-2.ec2.archive.ubuntu.com/ubuntu/pool/main/m/mawk/mawk_1.3.4.20200120-2_amd64.deb	200	95992	79cb23a9c68a8e84db2788f821f4c85855f5bda8f56cf8d9e64fabe4593daced	/home/aella/aws-discovery-bionic-focal-retry-20260831/upgrade-discovery/bionic-to-focal/runtime/deb-cache/7f/b6/7fb6e0d7af95bb6701b791ed3b49038929090620bdc4a6ed44286f707fa0dbaa
bionic-to-focal	2026-08-31T11:36:46Z	GET	http://ap-northeast-2.ec2.archive.ubuntu.com/ubuntu/pool/main/e/eject/eject_2.1.5%2bdeb1%2bcvs20081104-14_amd64.deb	http://ap-northeast-2.ec2.archive.ubuntu.com/ubuntu/pool/main/e/eject/eject_2.1.5%2bdeb1%2bcvs20081104-14_amd64.deb	200	23760	affaf212c2836a9877ef1a7afc1ca1186c6441ef6c83871d84161299f061792c	/home/aella/aws-discovery-bionic-focal-retry-20260831/upgrade-discovery/bionic-to-focal/runtime/deb-cache/87/24/87242854062ba1c53d046374b40b8c1a3a2f7046e80fb1e4b1a0f3d94959d587
bionic-to-focal	2026-08-31T11:36:46Z	GET	http://ap-northeast-2.ec2.archive.ubuntu.com/ubuntu/pool/main/f/file/file_5.38-4_amd64.deb	http://ap-northeast-2.ec2.archive.ubuntu.com/ubuntu/pool/main/f/file/file_5.38-4_amd64.deb	200	23332	01e192c5bf0dd2a2f9ef8065c3c32a79caf61887d5c2a329723f2d8bbbc8b5a8	/home/aella/aws-discovery-bionic-focal-retry-20260831/upgrade-discovery/bionic-to-focal/runtime/deb-cache/02/e8/02e8af31956a5024c5272fe54523ea3ebcec934d2dfa1427a2888856db1b8c78
bionic-to-focal	2026-08-31T11:36:47Z	GET	http://ap-northeast-2.ec2.archive.ubuntu.com/ubuntu/pool/main/f/file/libmagic1_5.38-4_amd64.deb	http://ap-northeast-2.ec2.archive.ubuntu.com/ubuntu/pool/main/f/file/libmagic1_5.38-4_amd64.deb	200	75852	371fe893393973bf2d0c4cc0cf00a1edce70779f4edbc00e442303db4ddda0eb	/home/aella/aws-discovery-bionic-focal-retry-20260831/upgrade-discovery/bionic-to-focal/runtime/deb-cache/29/e9/29e9820cfea1af335f52b47cca010b13d4cb21c882d6be3d79d0e515b0d40b6d
bionic-to-focal	2026-08-31T11:36:47Z	GET	http://ap-northeast-2.ec2.archive.ubuntu.com/ubuntu/pool/main/f/file/libmagic-mgc_5.38-4_amd64.deb	http://ap-northeast-2.ec2.archive.ubuntu.com/ubuntu/pool/main/f/file/libmagic-mgc_5.38-4_amd64.deb	200	218104	5eedb1499739fbc4df22d5347dfac620b919e7c271716f735c78f8f3c3fbd2f0	/home/aella/aws-discovery-bionic-focal-retry-20260831/upgrade-discovery/bionic-to-focal/runtime/deb-cache/d5/c6/d5c6b042b10555501f244be95e708838b9f35d32c2f2025a43fecbdc06fc550c
bionic-to-focal	2026-08-31T11:36:47Z	GET	http://ap-northeast-2.ec2.archive.ubuntu.com/ubuntu/pool/main/i/iputils/iputils-ping_20190709-3ubuntu1_amd64.deb	http://ap-northeast-2.ec2.archive.ubuntu.com/ubuntu/pool/main/i/iputils/iputils-ping_20190709-3ubuntu1_amd64.deb	200	40000	ce08339e42c42bd624113b5cbf33110797e0241bdb3e3b65c5fb7bb058bf7be0	/home/aella/aws-discovery-bionic-focal-retry-20260831/upgrade-discovery/bionic-to-focal/runtime/deb-cache/fd/dc/fddc82bb90b0efd72ce964e809ab4ce1b4172cdee00aaf4514c35b3cdfd79add
bionic-to-focal	2026-08-31T11:36:47Z	GET	http://ap-northeast-2.ec2.archive.ubuntu.com/ubuntu/pool/main/b/bind9-libs/libisc-export1105_9.11.16%2bdfsg-3%7eubuntu1_amd64.deb	http://ap-northeast-2.ec2.archive.ubuntu.com/ubuntu/pool/main/b/bind9-libs/libisc-export1105_9.11.16%2bdfsg-3%7eubuntu1_amd64.deb	200	174936	c8bb95650128ec4544a8e31dd6bef64d2506117d5797c77935c2937b027f147b	/home/aella/aws-discovery-bionic-focal-retry-20260831/upgrade-discovery/bionic-to-focal/runtime/deb-cache/af/0f/af0fd064f56f409e7f88df87e5097121e1b675b1f2f3c872db4889fde4287f38
bionic-to-focal	2026-08-31T11:36:48Z	GET	http://ap-northeast-2.ec2.archive.ubuntu.com/ubuntu/pool/main/b/bind9-libs/libdns-export1109_9.11.16%2bdfsg-3%7eubuntu1_amd64.deb	http://ap-northeast-2.ec2.archive.ubuntu.com/ubuntu/pool/main/b/bind9-libs/libdns-export1109_9.11.16%2bdfsg-3%7eubuntu1_amd64.deb	200	765124	29e79757137ca9475a1b7d7bab349817e9140aeaa4bb8ab9e5c898118dc1561a	/home/aella/aws-discovery-bionic-focal-retry-20260831/upgrade-discovery/bionic-to-focal/runtime/deb-cache/f6/1f/f61fd026695f80c1b8d62433d965561e4a5ea85e10bdebc79776f9b84d3e177d
bionic-to-focal	2026-08-31T11:36:48Z	GET	http://ap-northeast-2.ec2.archive.ubuntu.com/ubuntu/pool/main/i/isc-dhcp/isc-dhcp-client_4.4.1-2.1ubuntu5.20.04.5_amd64.deb	http://ap-northeast-2.ec2.archive.ubuntu.com/ubuntu/pool/main/i/isc-dhcp/isc-dhcp-client_4.4.1-2.1ubuntu5.20.04.5_amd64.deb	200	246884	233297970bef848de3b0a326a6b598775478766561561482f3dc46e030f819e9	/home/aella/aws-discovery-bionic-focal-retry-20260831/upgrade-discovery/bionic-to-focal/runtime/deb-cache/31/53/3153a18362ca5709552825e70c6a426c6eaf01a6d59b830cd13d074dcd05c36f
bionic-to-focal	2026-08-31T11:36:48Z	GET	http://ap-northeast-2.ec2.archive.ubuntu.com/ubuntu/pool/main/i/isc-dhcp/isc-dhcp-common_4.4.1-2.1ubuntu5.20.04.5_amd64.deb	http://ap-northeast-2.ec2.archive.ubuntu.com/ubuntu/pool/main/i/isc-dhcp/isc-dhcp-common_4.4.1-2.1ubuntu5.20.04.5_amd64.deb	200	45264	bda5dcbe3f11fc5d6f7fabb16b06ff1831fd4a71f9d02b8da294f49e3483a936	/home/aella/aws-discovery-bionic-focal-retry-20260831/upgrade-discovery/bionic-to-focal/runtime/deb-cache/d7/d1/d7d1442ccaf0fb665e7262b0ffc46e9315caea3bd289b1c65f8fd8cf459fe019
bionic-to-focal	2026-08-31T11:36:48Z	GET	http://ap-northeast-2.ec2.archive.ubuntu.com/ubuntu/pool/main/l/less/less_551-1ubuntu0.3_amd64.deb	http://ap-northeast-2.ec2.archive.ubuntu.com/ubuntu/pool/main/l/less/less_551-1ubuntu0.3_amd64.deb	200	123204	76c8b4d857eb689481dd38b97f94f459b6c8db1d07e09150a1b6c058786938de	/home/aella/aws-discovery-bionic-focal-retry-20260831/upgrade-discovery/bionic-to-focal/runtime/deb-cache/3b/73/3b73eca942f00e657eeb7389c79fb519b421e67aee0062f39c5a723e4e02652c
bionic-to-focal	2026-08-31T11:36:48Z	GET	http://ap-northeast-2.ec2.archive.ubuntu.com/ubuntu/pool/main/l/linux-atm/libatm1_2.5.1-4_amd64.deb	http://ap-northeast-2.ec2.archive.ubuntu.com/ubuntu/pool/main/l/linux-atm/libatm1_2.5.1-4_amd64.deb	200	21808	667a0d6baa83371f6544d9d358312c268367bde1cc6dbaaa6e655ed993c0ff74	/home/aella/aws-discovery-bionic-focal-retry-20260831/upgrade-discovery/bionic-to-focal/runtime/deb-cache/97/ef/97ef54fbf9fb650e757fa96af417cbb5ae9824945ea6b2eec0469b4d6e59804d
bionic-to-focal	2026-08-31T11:36:48Z	GET	http://ap-northeast-2.ec2.archive.ubuntu.com/ubuntu/pool/main/f/fribidi/libfribidi0_1.0.8-2ubuntu0.1_amd64.deb	http://ap-northeast-2.ec2.archive.ubuntu.com/ubuntu/pool/main/f/fribidi/libfribidi0_1.0.8-2ubuntu0.1_amd64.deb	200	24168	3c8b091cb092358ee1812473bb6da5447642005d9c5f0412d63c8f1e4a974e4d	/home/aella/aws-discovery-bionic-focal-retry-20260831/upgrade-discovery/bionic-to-focal/runtime/deb-cache/0d/0a/0d0ac94f1007f1405de5e6df97ba360b2ecf12f6fecefa30bf9d855ac490b91b
bionic-to-focal	2026-08-31T11:36:48Z	GET	http://ap-northeast-2.ec2.archive.ubuntu.com/ubuntu/pool/main/n/netplan.io/libnetplan0_0.104-0ubuntu2%7e20.04.6_amd64.deb	http://ap-northeast-2.ec2.archive.ubuntu.com/ubuntu/pool/main/n/netplan.io/libnetplan0_0.104-0ubuntu2%7e20.04.6_amd64.deb	200	83260	932469f4243a1505863a927bcae74ba2014f5b46b8bfc3fc823c18fdd7798cb7	/home/aella/aws-discovery-bionic-focal-retry-20260831/upgrade-discovery/bionic-to-focal/runtime/deb-cache/ec/e3/ece30ee356ea7c2721042a9e18bf926dfe51d15a70a9458ed7331304678ab5a0
bionic-to-focal	2026-08-31T11:36:48Z	GET	http://ap-northeast-2.ec2.archive.ubuntu.com/ubuntu/pool/main/l/logrotate/logrotate_3.14.0-4ubuntu3_amd64.deb	http://ap-northeast-2.ec2.archive.ubuntu.com/ubuntu/pool/main/l/logrotate/logrotate_3.14.0-4ubuntu3_amd64.deb	200	44536	ba2b0ec4c730524deede0ff929fa66283f4bf6d76ea1de9d8fc48fa17a2309f4	/home/aella/aws-discovery-bionic-focal-retry-20260831/upgrade-discovery/bionic-to-focal/runtime/deb-cache/81/f1/81f1b988606465454ed647f2362e43c8ee82ef3746aa7da565b78eed39c2f6af
bionic-to-focal	2026-08-31T11:36:48Z	GET	http://ap-northeast-2.ec2.archive.ubuntu.com/ubuntu/pool/main/n/netcat-openbsd/netcat-openbsd_1.206-1ubuntu1_amd64.deb	http://ap-northeast-2.ec2.archive.ubuntu.com/ubuntu/pool/main/n/netcat-openbsd/netcat-openbsd_1.206-1ubuntu1_amd64.deb	200	37788	1f32ddaaa011e7ced9bdc102c980671945121d5213585b8e09f3fee923a6c544	/home/aella/aws-discovery-bionic-focal-retry-20260831/upgrade-discovery/bionic-to-focal/runtime/deb-cache/b4/70/b47003ca0216cf72d1bdd10ba66b4e58f7088671e86313ac597a4ccf8f1fa564
bionic-to-focal	2026-08-31T11:36:48Z	GET	http://ap-northeast-2.ec2.archive.ubuntu.com/ubuntu/pool/main/n/netplan.io/netplan.io_0.104-0ubuntu2%7e20.04.6_amd64.deb	http://ap-northeast-2.ec2.archive.ubuntu.com/ubuntu/pool/main/n/netplan.io/netplan.io_0.104-0ubuntu2%7e20.04.6_amd64.deb	200	88564	1dc3b6438b9c2a0b16735a39c670e62c72030a7f098d151ab96dc472f4451e1a	/home/aella/aws-discovery-bionic-focal-retry-20260831/upgrade-discovery/bionic-to-focal/runtime/deb-cache/46/b4/46b4ca7c67233192b2c7e9e500b03f17527dd3eb518ae60af6afbdb0c6e44081
bionic-to-focal	2026-08-31T11:36:48Z	GET	http://ap-northeast-2.ec2.archive.ubuntu.com/ubuntu/pool/main/n/networkd-dispatcher/networkd-dispatcher_2.1-2%7eubuntu20.04.3_all.deb	http://ap-northeast-2.ec2.archive.ubuntu.com/ubuntu/pool/main/n/networkd-dispatcher/networkd-dispatcher_2.1-2%7eubuntu20.04.3_all.deb	200	15476	9ebc149cbb2420ede9b3690687a427b95271d637a8151410f04d4c430b005f91	/home/aella/aws-discovery-bionic-focal-retry-20260831/upgrade-discovery/bionic-to-focal/runtime/deb-cache/dc/a7/dca76d8db7c126b43423cf4d66eb6172af2cc06f69a54e35b8f8178a0eb396f9
bionic-to-focal	2026-08-31T11:36:49Z	GET	http://ap-northeast-2.ec2.archive.ubuntu.com/ubuntu/pool/main/s/shared-mime-info/shared-mime-info_1.15-1_amd64.deb	http://ap-northeast-2.ec2.archive.ubuntu.com/ubuntu/pool/main/s/shared-mime-info/shared-mime-info_1.15-1_amd64.deb	200	430464	c9e67a8c8587045dcfd1327234c4ec4ebaff94cc725b8ce931c3415d0e1cc760	/home/aella/aws-discovery-bionic-focal-retry-20260831/upgrade-discovery/bionic-to-focal/runtime/deb-cache/fd/6e/fd6efc0b9cb92649e9d06775422c73f9f077defaf3f3653febfa4ef1b8e5bb05
bionic-to-focal	2026-08-31T11:36:49Z	GET	http://ap-northeast-2.ec2.archive.ubuntu.com/ubuntu/pool/main/s/sudo/sudo_1.8.31-1ubuntu1.5_amd64.deb	http://ap-northeast-2.ec2.archive.ubuntu.com/ubuntu/pool/main/s/sudo/sudo_1.8.31-1ubuntu1.5_amd64.deb	200	514648	0a115018c9d5341c4f4975e1a20877a2040d11b26fbe61b95045fa0da430e6f7	/home/aella/aws-discovery-bionic-focal-retry-20260831/upgrade-discovery/bionic-to-focal/runtime/deb-cache/66/25/66252ed6d3a2288766bff27c990a1feadd33a4de1a76287adad5bfa63839f9d1
bionic-to-focal	2026-08-31T11:36:49Z	GET	http://ap-northeast-2.ec2.archive.ubuntu.com/ubuntu/pool/main/u/ubuntu-meta/ubuntu-minimal_1.450.3_amd64.deb	http://ap-northeast-2.ec2.archive.ubuntu.com/ubuntu/pool/main/u/ubuntu-meta/ubuntu-minimal_1.450.3_amd64.deb	200	3116	5fd7978c00409bc40cb0db295cf25ef0c9c055ab2f88fbee4aeae44c2761cb71	/home/aella/aws-discovery-bionic-focal-retry-20260831/upgrade-discovery/bionic-to-focal/runtime/deb-cache/cf/5e/cf5e5835aa06a126f9281b91e721522a15aa5ef9d7d4d4cd0a1787568df72d0a
bionic-to-focal	2026-08-31T11:36:49Z	GET	http://ap-northeast-2.ec2.archive.ubuntu.com/ubuntu/pool/main/x/xdg-user-dirs/xdg-user-dirs_0.17-2ubuntu1_amd64.deb	http://ap-northeast-2.ec2.archive.ubuntu.com/ubuntu/pool/main/x/xdg-user-dirs/xdg-user-dirs_0.17-2ubuntu1_amd64.deb	200	48284	c97b00710e70f799ff8a025fc779d69d095531b83b534ee644c3be502925c653	/home/aella/aws-discovery-bionic-focal-retry-20260831/upgrade-discovery/bionic-to-focal/runtime/deb-cache/ef/ea/efea3e9c66ba031ff65d4a924375a704de253cbb86530dfc52c3d2b5e90867be
bionic-to-focal	2026-08-31T11:36:49Z	GET	http://ap-northeast-2.ec2.archive.ubuntu.com/ubuntu/pool/main/b/bash-completion/bash-completion_2.10-1ubuntu1_all.deb	http://ap-northeast-2.ec2.archive.ubuntu.com/ubuntu/pool/main/b/bash-completion/bash-completion_2.10-1ubuntu1_all.deb	200	177752	65b7b824b86e6c270b134959de41c6328caf0c4378e34a65eaaf33fe72c3bbb6	/home/aella/aws-discovery-bionic-focal-retry-20260831/upgrade-discovery/bionic-to-focal/runtime/deb-cache/f7/a8/f7a81f3bcb65173ba096560f122209518cfcde1c71f2d62517542b0991e521c6
bionic-to-focal	2026-08-31T11:36:50Z	GET	http://ap-northeast-2.ec2.archive.ubuntu.com/ubuntu/pool/universe/b/bind9/dnsutils_9.18.30-0ubuntu0.20.04.2_all.deb	http://ap-northeast-2.ec2.archive.ubuntu.com/ubuntu/pool/universe/b/bind9/dnsutils_9.18.30-0ubuntu0.20.04.2_all.deb	200	4056	36dbcc4eb50adc82ef8cb22fa6e4c8dc776014c2c26a96668b396322a008da8f	/home/aella/aws-discovery-bionic-focal-retry-20260831/upgrade-discovery/bionic-to-focal/runtime/deb-cache/66/0b/660b1ad127148f729d47c6172b2d065fff487a0c5d04a0fb890ee55d234451b5
bionic-to-focal	2026-08-31T11:36:50Z	GET	http://ap-northeast-2.ec2.archive.ubuntu.com/ubuntu/pool/main/libm/libmaxminddb/libmaxminddb0_1.4.2-0ubuntu1.20.04.1_amd64.deb	http://ap-northeast-2.ec2.archive.ubuntu.com/ubuntu/pool/main/libm/libmaxminddb/libmaxminddb0_1.4.2-0ubuntu1.20.04.1_amd64.deb	200	26232	35cb5067fb27c361f0bdeb2c25c80026c77fa0a6ed217412bf9793b531716285	/home/aella/aws-discovery-bionic-focal-retry-20260831/upgrade-discovery/bionic-to-focal/runtime/deb-cache/25/b7/25b77bbca96baed3a8031c97ac63eb35903b091d126a1d8c0491a75372950b2d
bionic-to-focal	2026-08-31T11:36:50Z	GET	http://ap-northeast-2.ec2.archive.ubuntu.com/ubuntu/pool/main/libu/libuv1/libuv1_1.34.2-1ubuntu1.5_amd64.deb	http://ap-northeast-2.ec2.archive.ubuntu.com/ubuntu/pool/main/libu/libuv1/libuv1_1.34.2-1ubuntu1.5_amd64.deb	200	80852	ffd4cfb1de012ba44fa0f95a459a432773ee2cb0acff32d33a8b10a6bc6da615	/home/aella/aws-discovery-bionic-focal-retry-20260831/upgrade-discovery/bionic-to-focal/runtime/deb-cache/2b/f5/2bf55c162d688749f9d7ecc0b3c7d791c4a8d29e64678268b73e2c323e549dd6
bionic-to-focal	2026-08-31T11:36:50Z	GET	http://ap-northeast-2.ec2.archive.ubuntu.com/ubuntu/pool/main/b/bind9/bind9-libs_9.18.30-0ubuntu0.20.04.2_amd64.deb	http://ap-northeast-2.ec2.archive.ubuntu.com/ubuntu/pool/main/b/bind9/bind9-libs_9.18.30-0ubuntu0.20.04.2_amd64.deb	200	1154744	6f9705ededdcd7311ce880c6b08b08dd6f5c332ae69306a43fe895aced779d64	/home/aella/aws-discovery-bionic-focal-retry-20260831/upgrade-discovery/bionic-to-focal/runtime/deb-cache/51/be/51be4a82fa0b5d992f0e812b9aa2483d374d79e689f7f698cbed493aafd8cfb3
bionic-to-focal	2026-08-31T11:36:50Z	GET	http://ap-northeast-2.ec2.archive.ubuntu.com/ubuntu/pool/main/b/bind9/bind9-host_9.18.30-0ubuntu0.20.04.2_amd64.deb	http://ap-northeast-2.ec2.archive.ubuntu.com/ubuntu/pool/main/b/bind9/bind9-host_9.18.30-0ubuntu0.20.04.2_amd64.deb	200	47780	68cf89efc4f9fb7a9a5c578b69e8c20b158de30d1736950a1a91c831622abb97	/home/aella/aws-discovery-bionic-focal-retry-20260831/upgrade-discovery/bionic-to-focal/runtime/deb-cache/e1/31/e13188562eba81b0db0adeee1d4f23302b6f36a673c209c7591e40cbb4cdc652
bionic-to-focal	2026-08-31T11:36:50Z	GET	http://ap-northeast-2.ec2.archive.ubuntu.com/ubuntu/pool/main/b/bind9/bind9-dnsutils_9.18.30-0ubuntu0.20.04.2_amd64.deb	http://ap-northeast-2.ec2.archive.ubuntu.com/ubuntu/pool/main/b/bind9/bind9-dnsutils_9.18.30-0ubuntu0.20.04.2_amd64.deb	200	142192	a8a335397009373bc984040df6b4c78be3617813ba4db2f84207a0bf207266ba	/home/aella/aws-discovery-bionic-focal-retry-20260831/upgrade-discovery/bionic-to-focal/runtime/deb-cache/16/0e/160e59ae834a90710fc045aab5680152376f6b0b79b193f431f320ea1d96cf26
bionic-to-focal	2026-08-31T11:36:50Z	GET	http://ap-northeast-2.ec2.archive.ubuntu.com/ubuntu/pool/main/b/busybox/busybox-static_1.30.1-4ubuntu6.5_amd64.deb	http://ap-northeast-2.ec2.archive.ubuntu.com/ubuntu/pool/main/b/busybox/busybox-static_1.30.1-4ubuntu6.5_amd64.deb	200	949524	ee8329bac8054a83ba2e43d3b0e071303dc8ca52fa45479bda93ea3d01d578fd	/home/aella/aws-discovery-bionic-focal-retry-20260831/upgrade-discovery/bionic-to-focal/runtime/deb-cache/06/9a/069a4c40c13eb4dcfafcde479518822ea6df729ca849f572a0581343d93600be
bionic-to-focal	2026-08-31T11:36:50Z	GET	http://ap-northeast-2.ec2.archive.ubuntu.com/ubuntu/pool/main/p/python3-stdlib-extensions/python3-gdbm_3.8.10-0ubuntu1%7e20.04_amd64.deb	http://ap-northeast-2.ec2.archive.ubuntu.com/ubuntu/pool/main/p/python3-stdlib-extensions/python3-gdbm_3.8.10-0ubuntu1%7e20.04_amd64.deb	200	15244	46b6acf0820ada6188105a97ce026879e3a9ab133a69ea12c067e1f2968e88eb	/home/aella/aws-discovery-bionic-focal-retry-20260831/upgrade-discovery/bionic-to-focal/runtime/deb-cache/8e/d7/8ed7ded25f5b17d7f78a148bfe87a8136f9a1933870d670243d4d0dceecad087
bionic-to-focal	2026-08-31T11:36:50Z	GET	http://ap-northeast-2.ec2.archive.ubuntu.com/ubuntu/pool/main/c/command-not-found/command-not-found_20.04.6_all.deb	http://ap-northeast-2.ec2.archive.ubuntu.com/ubuntu/pool/main/c/command-not-found/command-not-found_20.04.6_all.deb	200	5264	09099bce2c66e45f87337a90faf3ac4bf9b206f5326a37aea19d6e23538ba01c	/home/aella/aws-discovery-bionic-focal-retry-20260831/upgrade-discovery/bionic-to-focal/runtime/deb-cache/55/51/55510f09c87aa2a241b861a905a903d3956185840234935da561a790feb9fb26
bionic-to-focal	2026-08-31T11:36:50Z	GET	http://ap-northeast-2.ec2.archive.ubuntu.com/ubuntu/pool/main/c/command-not-found/python3-commandnotfound_20.04.6_all.deb	http://ap-northeast-2.ec2.archive.ubuntu.com/ubuntu/pool/main/c/command-not-found/python3-commandnotfound_20.04.6_all.deb	200	10400	5c8ebd427e390bcafcce6b8c9f8548b1b2e06a1463c92b5b339571efb40cd60f	/home/aella/aws-discovery-bionic-focal-retry-20260831/upgrade-discovery/bionic-to-focal/runtime/deb-cache/69/d0/69d006c5861bfdd23ad04d2c6ba2713e36dffcb4afc4bad06de5b65e64a9eb2c
bionic-to-focal	2026-08-31T11:36:50Z	GET	http://ap-northeast-2.ec2.archive.ubuntu.com/ubuntu/pool/main/d/dmidecode/dmidecode_3.2-3_amd64.deb	http://ap-northeast-2.ec2.archive.ubuntu.com/ubuntu/pool/main/d/dmidecode/dmidecode_3.2-3_amd64.deb	200	59512	264d25853f28daa39f2067a93057dad9160aeca0a993b264c4850d7a6780c510	/home/aella/aws-discovery-bionic-focal-retry-20260831/upgrade-discovery/bionic-to-focal/runtime/deb-cache/56/9e/569ec8d9a0c8b2ee031dc85448b5fb43b1c4a9e4b74a045d817d6e78559f3f6f
bionic-to-focal	2026-08-31T11:36:50Z	GET	http://ap-northeast-2.ec2.archive.ubuntu.com/ubuntu/pool/main/d/dosfstools/dosfstools_4.1-2_amd64.deb	http://ap-northeast-2.ec2.archive.ubuntu.com/ubuntu/pool/main/d/dosfstools/dosfstools_4.1-2_amd64.deb	200	59004	58492d84924cee267cb3cba0e64e1241accde967748e6a1f31820fa74892ee32	/home/aella/aws-discovery-bionic-focal-retry-20260831/upgrade-discovery/bionic-to-focal/runtime/deb-cache/88/0f/880f9585e64dfedd44065f23367f7f693f8bd2a31fe79c7c4afaaf471ec39810
bionic-to-focal	2026-08-31T11:36:51Z	GET	http://ap-northeast-2.ec2.archive.ubuntu.com/ubuntu/pool/main/e/ed/ed_1.16-1_amd64.deb	http://ap-northeast-2.ec2.archive.ubuntu.com/ubuntu/pool/main/e/ed/ed_1.16-1_amd64.deb	200	52100	90769258b4dbe9cb4f3180086371cef851b72356f518398d7113ae18130fc08f	/home/aella/aws-discovery-bionic-focal-retry-20260831/upgrade-discovery/bionic-to-focal/runtime/deb-cache/16/41/1641b0931eaeef759b05aeef27d7176975f71aad0ecf2cf45216fc49a0f392a5
bionic-to-focal	2026-08-31T11:36:51Z	GET	http://ap-northeast-2.ec2.archive.ubuntu.com/ubuntu/pool/main/n/netkit-ftp/ftp_0.17-34.1_amd64.deb	http://ap-northeast-2.ec2.archive.ubuntu.com/ubuntu/pool/main/n/netkit-ftp/ftp_0.17-34.1_amd64.deb	200	56700	c068b7ff58d192d4fcda96ca1817b392f3d76f8e1a3dece46a6bc9ef013df367	/home/aella/aws-discovery-bionic-focal-retry-20260831/upgrade-discovery/bionic-to-focal/runtime/deb-cache/f5/fb/f5fbc4dd8daac2b34e6513adea8ce116a93f00301a2a0a64cd0ec4f351009673
bionic-to-focal	2026-08-31T11:36:51Z	GET	http://ap-northeast-2.ec2.archive.ubuntu.com/ubuntu/pool/main/h/hdparm/hdparm_9.58%2bds-4_amd64.deb	http://ap-northeast-2.ec2.archive.ubuntu.com/ubuntu/pool/main/h/hdparm/hdparm_9.58%2bds-4_amd64.deb	200	94804	4cab6d6498368f2447290fab792db29285a1b52a230ecf02e5a1d36911405db1	/home/aella/aws-discovery-bionic-focal-retry-20260831/upgrade-discovery/bionic-to-focal/runtime/deb-cache/cf/3b/cf3bf01293c649dea47ee61a5001c9edc2497ef574f2dccc0024c909bb47df62
bionic-to-focal	2026-08-31T11:36:52Z	GET	http://ap-northeast-2.ec2.archive.ubuntu.com/ubuntu/pool/main/t/texinfo/info_6.7.0.dfsg.2-5_amd64.deb	http://ap-northeast-2.ec2.archive.ubuntu.com/ubuntu/pool/main/t/texinfo/info_6.7.0.dfsg.2-5_amd64.deb	200	202556	af402e2cecb7640daf9e7b5344cb551401d3759968fb3760fab800f9da649127	/home/aella/aws-discovery-bionic-focal-retry-20260831/upgrade-discovery/bionic-to-focal/runtime/deb-cache/3c/8a/3c8a109a8524437e73b36d4a157c3a49e2b5fc79bc31c1c451809a5c03a746b7
bionic-to-focal	2026-08-31T11:36:52Z	GET	http://ap-northeast-2.ec2.archive.ubuntu.com/ubuntu/pool/main/i/iputils/iputils-tracepath_20190709-3ubuntu1_amd64.deb	http://ap-northeast-2.ec2.archive.ubuntu.com/ubuntu/pool/main/i/iputils/iputils-tracepath_20190709-3ubuntu1_amd64.deb	200	20068	d5d3e6003afe440eae7ae042e5e8dad19a978c2de2c74984ecbb1172813d8556	/home/aella/aws-discovery-bionic-focal-retry-20260831/upgrade-discovery/bionic-to-focal/runtime/deb-cache/51/c2/51c2067ea2b5bdf7ee5572f4e329bccbf652679c4a7c247098004fad65e58513
bionic-to-focal	2026-08-31T11:36:52Z	GET	http://ap-northeast-2.ec2.archive.ubuntu.com/ubuntu/pool/main/k/krb5/krb5-locales_1.17-6ubuntu4.11_all.deb	http://ap-northeast-2.ec2.archive.ubuntu.com/ubuntu/pool/main/k/krb5/krb5-locales_1.17-6ubuntu4.11_all.deb	200	11968	534ef9b831c47a1c986394878f5ac9321b2699e18e6308efb049f1df532cf3aa	/home/aella/aws-discovery-bionic-focal-retry-20260831/upgrade-discovery/bionic-to-focal/runtime/deb-cache/40/aa/40aa329150cc7c1713abda19f4123c3e383e2f6d22c8e82843f1788ed7d1e981
bionic-to-focal	2026-08-31T11:36:52Z	GET	http://ap-northeast-2.ec2.archive.ubuntu.com/ubuntu/pool/main/p/parted/parted_3.3-4ubuntu0.20.04.1_amd64.deb	http://ap-northeast-2.ec2.archive.ubuntu.com/ubuntu/pool/main/p/parted/parted_3.3-4ubuntu0.20.04.1_amd64.deb	200	43304	4320fad4bdaaf6ae28f9fe928e90f85a48c0287fefd8da4dda72f2dfb8bb445f	/home/aella/aws-discovery-bionic-focal-retry-20260831/upgrade-discovery/bionic-to-focal/runtime/deb-cache/f9/7c/f97cc55fdedc137643acae645bd490efe885b8d9bbb6dd5d50400552a7b4da0b
bionic-to-focal	2026-08-31T11:36:53Z	GET	http://ap-northeast-2.ec2.archive.ubuntu.com/ubuntu/pool/main/p/parted/libparted2_3.3-4ubuntu0.20.04.1_amd64.deb	http://ap-northeast-2.ec2.archive.ubuntu.com/ubuntu/pool/main/p/parted/libparted2_3.3-4ubuntu0.20.04.1_amd64.deb	200	159060	82b5d0699ac7099ed7cfca3dfebbf0e551bada28efc754cab08d53b2530bba9d	/home/aella/aws-discovery-bionic-focal-retry-20260831/upgrade-discovery/bionic-to-focal/runtime/deb-cache/d5/d4/d5d4271345f2a6f8ba5997a018882b270eb4ce3d2e81904505300bf9b4f917fa
bionic-to-focal	2026-08-31T11:36:53Z	GET	http://ap-northeast-2.ec2.archive.ubuntu.com/ubuntu/pool/main/libp/libpcap/libpcap0.8_1.9.1-3ubuntu1.20.04.1_amd64.deb	http://ap-northeast-2.ec2.archive.ubuntu.com/ubuntu/pool/main/libp/libpcap/libpcap0.8_1.9.1-3ubuntu1.20.04.1_amd64.deb	200	127832	483748d76176050d4be5ea47479173dfe8c3c5a8a9819033486c1228820fa1f2	/home/aella/aws-discovery-bionic-focal-retry-20260831/upgrade-discovery/bionic-to-focal/runtime/deb-cache/dc/bf/dcbf7ae3d215fe9e5d0adfd8f2616fa574c46c7bbaed4268b0122181a0e5b081
bionic-to-focal	2026-08-31T11:36:53Z	GET	http://ap-northeast-2.ec2.archive.ubuntu.com/ubuntu/pool/main/p/plymouth/libplymouth5_0.9.4git20200323-0ubuntu6.2_amd64.deb	http://ap-northeast-2.ec2.archive.ubuntu.com/ubuntu/pool/main/p/plymouth/libplymouth5_0.9.4git20200323-0ubuntu6.2_amd64.deb	200	98592	dc99a77be54bc1d2962fe5abcb29d0b6ca20f37b84617bbcec861f7c7ec14b36	/home/aella/aws-discovery-bionic-focal-retry-20260831/upgrade-discovery/bionic-to-focal/runtime/deb-cache/58/37/583772e55e2b028e6b6d6f3fb2d084a97eee0726d1731afba72a269950bb7ddb
bionic-to-focal	2026-08-31T11:36:53Z	GET	http://ap-northeast-2.ec2.archive.ubuntu.com/ubuntu/pool/main/libu/libusb-1.0/libusb-1.0-0_1.0.23-2build1_amd64.deb	http://ap-northeast-2.ec2.archive.ubuntu.com/ubuntu/pool/main/libu/libusb-1.0/libusb-1.0-0_1.0.23-2build1_amd64.deb	200	46488	97333d5deba0dc34a0f1663cdae2116001faf922d56d84b964e664a305f0d648	/home/aella/aws-discovery-bionic-focal-retry-20260831/upgrade-discovery/bionic-to-focal/runtime/deb-cache/a2/2d/a22d8a65ea864272a9704f5b57a6ffec3a6f12da4c73fad600dd1dd25e1ec2e5
bionic-to-focal	2026-08-31T11:36:53Z	GET	http://ap-northeast-2.ec2.archive.ubuntu.com/ubuntu/pool/main/libx/libx11/libx11-data_1.6.9-2ubuntu1.6_all.deb	http://ap-northeast-2.ec2.archive.ubuntu.com/ubuntu/pool/main/libx/libx11/libx11-data_1.6.9-2ubuntu1.6_all.deb	200	113552	45c1fac19a8b7cc08162d1c8f63e04251bb2d0c4ff5cb3969227bd6fe8c5293b	/home/aella/aws-discovery-bionic-focal-retry-20260831/upgrade-discovery/bionic-to-focal/runtime/deb-cache/1b/d7/1bd73f070564a80a40ee7e2dde2363f53fa105022c5c7c4392434dc58554de37
bionic-to-focal	2026-08-31T11:36:53Z	GET	http://ap-northeast-2.ec2.archive.ubuntu.com/ubuntu/pool/main/libx/libxau/libxau6_1.0.9-0ubuntu1_amd64.deb	http://ap-northeast-2.ec2.archive.ubuntu.com/ubuntu/pool/main/libx/libxau/libxau6_1.0.9-0ubuntu1_amd64.deb	200	7488	58a0d78302a35e4584f96cd598af16b563ae7aae4af589e2a7cee6dc6666d979	/home/aella/aws-discovery-bionic-focal-retry-20260831/upgrade-discovery/bionic-to-focal/runtime/deb-cache/b5/e1/b5e1966a5ec77a20d88523b22723899c679f63c246ddc8632534b6106e223132
bionic-to-focal	2026-08-31T11:36:53Z	GET	http://ap-northeast-2.ec2.archive.ubuntu.com/ubuntu/pool/main/libx/libxdmcp/libxdmcp6_1.1.3-0ubuntu1_amd64.deb	http://ap-northeast-2.ec2.archive.ubuntu.com/ubuntu/pool/main/libx/libxdmcp/libxdmcp6_1.1.3-0ubuntu1_amd64.deb	200	10580	8a612b0fb60a41b92698f87258bc5ec6467da88e38d3de79411e02921c42af87	/home/aella/aws-discovery-bionic-focal-retry-20260831/upgrade-discovery/bionic-to-focal/runtime/deb-cache/13/7f/137fa886fdbf90fe76da257bd6d1c2f977162bc442c569ce348d051f50817f00
bionic-to-focal	2026-08-31T11:36:54Z	GET	http://ap-northeast-2.ec2.archive.ubuntu.com/ubuntu/pool/main/libx/libxcb/libxcb1_1.14-2_amd64.deb	http://ap-northeast-2.ec2.archive.ubuntu.com/ubuntu/pool/main/libx/libxcb/libxcb1_1.14-2_amd64.deb	200	44652	3fcab5cc6a70bcb1e4157748f9c626be21bc18b4c8459447e4c213cba98b9831	/home/aella/aws-discovery-bionic-focal-retry-20260831/upgrade-discovery/bionic-to-focal/runtime/deb-cache/ca/a9/caa9d853ca53c93cb32f8b0a5369c0e6359c8b9e5d34dd8af8983451887f126b
bionic-to-focal	2026-08-31T11:36:54Z	GET	http://ap-northeast-2.ec2.archive.ubuntu.com/ubuntu/pool/main/libx/libx11/libx11-6_1.6.9-2ubuntu1.6_amd64.deb	http://ap-northeast-2.ec2.archive.ubuntu.com/ubuntu/pool/main/libx/libx11/libx11-6_1.6.9-2ubuntu1.6_amd64.deb	200	576536	20d7c0a8ea7a138d49d777a5db8e652071a3c47c78136450ec7417b5232b84ac	/home/aella/aws-discovery-bionic-focal-retry-20260831/upgrade-discovery/bionic-to-focal/runtime/deb-cache/8b/46/8b46efcbb2b64baa5e81e674e3d5fc3a227346e40a9703df9cea2b3ca1e2a4d7
bionic-to-focal	2026-08-31T11:36:54Z	GET	http://ap-northeast-2.ec2.archive.ubuntu.com/ubuntu/pool/main/libx/libxext/libxext6_1.3.4-0ubuntu1_amd64.deb	http://ap-northeast-2.ec2.archive.ubuntu.com/ubuntu/pool/main/libx/libxext/libxext6_1.3.4-0ubuntu1_amd64.deb	200	29060	a3c546490c0ae0f9247cf8f2919fc7b99b386a538ac91ae48a4ebb96a2a69834	/home/aella/aws-discovery-bionic-focal-retry-20260831/upgrade-discovery/bionic-to-focal/runtime/deb-cache/40/05/4005aadbf563ad291c8515d783b00b51f545b8c817a7c6441d6879082fe2981b
bionic-to-focal	2026-08-31T11:36:54Z	GET	http://ap-northeast-2.ec2.archive.ubuntu.com/ubuntu/pool/main/libx/libxmu/libxmuu1_1.1.3-0ubuntu1_amd64.deb	http://ap-northeast-2.ec2.archive.ubuntu.com/ubuntu/pool/main/libx/libxmu/libxmuu1_1.1.3-0ubuntu1_amd64.deb	200	9728	f5fa33a35f3ebd2186eb0565e349aa3dc96cbecb245f77c96103758e37c67adf	/home/aella/aws-discovery-bionic-focal-retry-20260831/upgrade-discovery/bionic-to-focal/runtime/deb-cache/be/ab/beaba2312980c7f199ba3acd77f363428848cfefb376c27721551c42688e9987
bionic-to-focal	2026-08-31T11:36:54Z	GET	http://ap-northeast-2.ec2.archive.ubuntu.com/ubuntu/pool/main/l/lshw/lshw_02.18.85-0.3ubuntu2.20.04.1_amd64.deb	http://ap-northeast-2.ec2.archive.ubuntu.com/ubuntu/pool/main/l/lshw/lshw_02.18.85-0.3ubuntu2.20.04.1_amd64.deb	200	270992	19182190bd2cf241c1c54415e50b6ec4ebc4a56c043859986e601fa2e858f5e6	/home/aella/aws-discovery-bionic-focal-retry-20260831/upgrade-discovery/bionic-to-focal/runtime/deb-cache/f8/df/f8df440e55be24a7cdb0bc344982998812a7c9a353991ec7e3b2f65159b8d351
bionic-to-focal	2026-08-31T11:36:54Z	GET	http://ap-northeast-2.ec2.archive.ubuntu.com/ubuntu/pool/main/l/lsof/lsof_4.93.2%2bdfsg-1ubuntu0.20.04.1_amd64.deb	http://ap-northeast-2.ec2.archive.ubuntu.com/ubuntu/pool/main/l/lsof/lsof_4.93.2%2bdfsg-1ubuntu0.20.04.1_amd64.deb	200	252296	03e498926886d3910b57607a7a0768e4c7121a726094f737c543c8632cc7c0d8	/home/aella/aws-discovery-bionic-focal-retry-20260831/upgrade-discovery/bionic-to-focal/runtime/deb-cache/7b/19/7b19a91adaafc55dfa908968aeecab89026c38784f6b310b049467a7c2fcf804
bionic-to-focal	2026-08-31T11:36:54Z	GET	http://ap-northeast-2.ec2.archive.ubuntu.com/ubuntu/pool/main/l/ltrace/ltrace_0.7.3-6.1ubuntu1.1_amd64.deb	http://ap-northeast-2.ec2.archive.ubuntu.com/ubuntu/pool/main/l/ltrace/ltrace_0.7.3-6.1ubuntu1.1_amd64.deb	200	123132	1b321782593fc811ae24df34f263318f1fba3ac53c31b7b6ebafbf8dd425a40e	/home/aella/aws-discovery-bionic-focal-retry-20260831/upgrade-discovery/bionic-to-focal/runtime/deb-cache/d7/59/d75915657ca5496bb4e1ad11df11ff1d3c5c9a20e7849595458ea490a90bf4b6
bionic-to-focal	2026-08-31T11:36:55Z	GET	http://ap-northeast-2.ec2.archive.ubuntu.com/ubuntu/pool/main/m/mtr/mtr-tiny_0.93-1_amd64.deb	http://ap-northeast-2.ec2.archive.ubuntu.com/ubuntu/pool/main/m/mtr/mtr-tiny_0.93-1_amd64.deb	200	53372	a418b4c59959eb5e7e9a86b8883cd489af83a9364096560dccd02e099e4d015d	/home/aella/aws-discovery-bionic-focal-retry-20260831/upgrade-discovery/bionic-to-focal/runtime/deb-cache/b5/db/b5db493ee23ebde80f8ef291ad2a613a8dca4901990391d971184ebff77ab765
bionic-to-focal	2026-08-31T11:36:55Z	GET	http://ap-northeast-2.ec2.archive.ubuntu.com/ubuntu/pool/main/n/nano/nano_4.8-1ubuntu1.1_amd64.deb	http://ap-northeast-2.ec2.archive.ubuntu.com/ubuntu/pool/main/n/nano/nano_4.8-1ubuntu1.1_amd64.deb	200	269460	d0ca3dab91dfb0055e040d2b9168c76f5457b9681961b611c7eeb6f448022ef6	/home/aella/aws-discovery-bionic-focal-retry-20260831/upgrade-discovery/bionic-to-focal/runtime/deb-cache/75/ca/75caeae4baeaf1aa756bd4ef15304b448798bcd2722da381890b80216230e6d0
bionic-to-focal	2026-08-31T11:36:55Z	GET	http://ap-northeast-2.ec2.archive.ubuntu.com/ubuntu/pool/main/p/plymouth/plymouth-theme-ubuntu-text_0.9.4git20200323-0ubuntu6.2_amd64.deb	http://ap-northeast-2.ec2.archive.ubuntu.com/ubuntu/pool/main/p/plymouth/plymouth-theme-ubuntu-text_0.9.4git20200323-0ubuntu6.2_amd64.deb	200	9504	f7aa8b36a04088b0e068708d9692754540469951c4304b1d6fe85826c1282b6e	/home/aella/aws-discovery-bionic-focal-retry-20260831/upgrade-discovery/bionic-to-focal/runtime/deb-cache/13/7e/137ee39ede8ea3b8717ade21915ff855bb6be98f676095a13bc0537e1069ba2b
bionic-to-focal	2026-08-31T11:36:55Z	GET	http://ap-northeast-2.ec2.archive.ubuntu.com/ubuntu/pool/main/p/plymouth/plymouth_0.9.4git20200323-0ubuntu6.2_amd64.deb	http://ap-northeast-2.ec2.archive.ubuntu.com/ubuntu/pool/main/p/plymouth/plymouth_0.9.4git20200323-0ubuntu6.2_amd64.deb	200	117744	f8b731eb90fa9871bd1b2a91a5d79070f26842051c21e1a1039c5b34ce33fccb	/home/aella/aws-discovery-bionic-focal-retry-20260831/upgrade-discovery/bionic-to-focal/runtime/deb-cache/40/cc/40cc58bacc8ee89a0f8815719cecf4395a95d46d7d257d8f133c1d8c732bf856
bionic-to-focal	2026-08-31T11:36:55Z	GET	http://ap-northeast-2.ec2.archive.ubuntu.com/ubuntu/pool/main/p/powermgmt-base/powermgmt-base_1.36_all.deb	http://ap-northeast-2.ec2.archive.ubuntu.com/ubuntu/pool/main/p/powermgmt-base/powermgmt-base_1.36_all.deb	200	7000	cc4b3fc20882645e2362eca36c89ced681d1dfb41f00767eb0f5c0b1fe04f107	/home/aella/aws-discovery-bionic-focal-retry-20260831/upgrade-discovery/bionic-to-focal/runtime/deb-cache/35/22/352254bceb66c384065a1a48eebddd95747791689f373d58e138c200c7a65b2a
bionic-to-focal	2026-08-31T11:36:56Z	GET	http://ap-northeast-2.ec2.archive.ubuntu.com/ubuntu/pool/main/p/psmisc/psmisc_23.3-1_amd64.deb	http://ap-northeast-2.ec2.archive.ubuntu.com/ubuntu/pool/main/p/psmisc/psmisc_23.3-1_amd64.deb	200	53300	72c43a4bf46c4aeee5fdab5af47b7c2bbfdb5be1b8388e90b864e5c0c4a8d3f6	/home/aella/aws-discovery-bionic-focal-retry-20260831/upgrade-discovery/bionic-to-focal/runtime/deb-cache/00/4a/004a724cd25bcecb0cab9addfe0d6840ccc91ae3c2750b72912f7d6624468d6e
bionic-to-focal	2026-08-31T11:36:56Z	GET	http://ap-northeast-2.ec2.archive.ubuntu.com/ubuntu/pool/main/p/publicsuffix/publicsuffix_20200303.0012-1_all.deb	http://ap-northeast-2.ec2.archive.ubuntu.com/ubuntu/pool/main/p/publicsuffix/publicsuffix_20200303.0012-1_all.deb	200	111036	88f62b0f94c0969b3cb1d0fb97b7c8ce50fdae674afa14a127136e3d7a494db6	/home/aella/aws-discovery-bionic-focal-retry-20260831/upgrade-discovery/bionic-to-focal/runtime/deb-cache/8a/a3/8aa391f34038e467e837971995bce3bc8098f91d97fa8bab9b41e8ea178da997
bionic-to-focal	2026-08-31T11:36:57Z	GET	http://ap-northeast-2.ec2.archive.ubuntu.com/ubuntu/pool/main/libu/libunwind/libunwind8_1.2.1-9ubuntu0.1_amd64.deb	http://ap-northeast-2.ec2.archive.ubuntu.com/ubuntu/pool/main/libu/libunwind/libunwind8_1.2.1-9ubuntu0.1_amd64.deb	200	47680	269f62bfb9fc6d7e5bbfb600b8f688e2d94099ff9dc0fddc28351330915212d1	/home/aella/aws-discovery-bionic-focal-retry-20260831/upgrade-discovery/bionic-to-focal/runtime/deb-cache/9a/e6/9ae6d2c6e79ae33827406dd1754b69c0824a004b329c184cb9d30b993444d077
bionic-to-focal	2026-08-31T11:36:57Z	GET	http://ap-northeast-2.ec2.archive.ubuntu.com/ubuntu/pool/main/s/strace/strace_5.5-3ubuntu1_amd64.deb	http://ap-northeast-2.ec2.archive.ubuntu.com/ubuntu/pool/main/s/strace/strace_5.5-3ubuntu1_amd64.deb	200	380004	7ea34fe9db8b7d0fb3aeaf4c62d1146bef2ad5b9beb936c47070f2f3cbdd5988	/home/aella/aws-discovery-bionic-focal-retry-20260831/upgrade-discovery/bionic-to-focal/runtime/deb-cache/10/48/1048bbc9b009d25b7178636a5b26dbf92d251d7d36f582b76927b8df9a7cb4d6
bionic-to-focal	2026-08-31T11:36:57Z	GET	http://ap-northeast-2.ec2.archive.ubuntu.com/ubuntu/pool/main/t/tcpdump/tcpdump_4.9.3-4ubuntu0.3_amd64.deb	http://ap-northeast-2.ec2.archive.ubuntu.com/ubuntu/pool/main/t/tcpdump/tcpdump_4.9.3-4ubuntu0.3_amd64.deb	200	369540	d419f576eb984ee917d146dd9b76080340533152049c26817a0404287d4a7f79	/home/aella/aws-discovery-bionic-focal-retry-20260831/upgrade-discovery/bionic-to-focal/runtime/deb-cache/b7/f6/b7f6c062bef3eaed839cc579ca5b8ef2aa31f51887614dae4ae552b34a1e505c
bionic-to-focal	2026-08-31T11:36:57Z	GET	http://ap-northeast-2.ec2.archive.ubuntu.com/ubuntu/pool/main/n/netkit-telnet/telnet_0.17-41.2build1_amd64.deb	http://ap-northeast-2.ec2.archive.ubuntu.com/ubuntu/pool/main/n/netkit-telnet/telnet_0.17-41.2build1_amd64.deb	200	64016	65e6bf503f79c257f2e8d9111b12ec16725f7810424334f83dcb0cdc1f7d9d09	/home/aella/aws-discovery-bionic-focal-retry-20260831/upgrade-discovery/bionic-to-focal/runtime/deb-cache/53/c6/53c6e4754d19b7999b2cb11a534bf728476d43213e49674e7d728a19732b9fee
bionic-to-focal	2026-08-31T11:36:57Z	GET	http://ap-northeast-2.ec2.archive.ubuntu.com/ubuntu/pool/main/u/usbutils/usbutils_012-2_amd64.deb	http://ap-northeast-2.ec2.archive.ubuntu.com/ubuntu/pool/main/u/usbutils/usbutils_012-2_amd64.deb	200	72856	2b9977f32325f0390747cf05a903f4d43487c6a3fe37ba635806e04815225778	/home/aella/aws-discovery-bionic-focal-retry-20260831/upgrade-discovery/bionic-to-focal/runtime/deb-cache/ab/0f/ab0f9e36e9a0a66857a40c474a58e163810375e05165e3584c8126fba3228ea5
bionic-to-focal	2026-08-31T11:36:57Z	GET	http://ap-northeast-2.ec2.archive.ubuntu.com/ubuntu/pool/main/u/usb.ids/usb.ids_2020.03.19-1_all.deb	http://ap-northeast-2.ec2.archive.ubuntu.com/ubuntu/pool/main/u/usb.ids/usb.ids_2020.03.19-1_all.deb	200	176040	62f8fb781e69e492123d2d24de6c78ea99db76f36bd94c119c8ee7cd7862149f	/home/aella/aws-discovery-bionic-focal-retry-20260831/upgrade-discovery/bionic-to-focal/runtime/deb-cache/2c/65/2c652e5596619ae2e2022bf7858ea5a353acd7944311f602afe8799f20dd8edd
bionic-to-focal	2026-08-31T11:36:57Z	GET	http://ap-northeast-2.ec2.archive.ubuntu.com/ubuntu/pool/main/w/wget/wget_1.20.3-1ubuntu2.1_amd64.deb	http://ap-northeast-2.ec2.archive.ubuntu.com/ubuntu/pool/main/w/wget/wget_1.20.3-1ubuntu2.1_amd64.deb	200	348704	601941f20af962a96c02bccef4f65c8eac6cdeb3178c0444fb3cc90d727c74a2	/home/aella/aws-discovery-bionic-focal-retry-20260831/upgrade-discovery/bionic-to-focal/runtime/deb-cache/38/bc/38bc4cb23916b0177af708b7e27e091a793dfbb24f7a717668b48ccd402e1e6d
bionic-to-focal	2026-08-31T11:36:57Z	GET	http://ap-northeast-2.ec2.archive.ubuntu.com/ubuntu/pool/main/u/ubuntu-meta/ubuntu-standard_1.450.3_amd64.deb	http://ap-northeast-2.ec2.archive.ubuntu.com/ubuntu/pool/main/u/ubuntu-meta/ubuntu-standard_1.450.3_amd64.deb	200	3156	16f30f7af703534cdce0913bf9b868ef8a8b5e30206f65f774095365b90c8650	/home/aella/aws-discovery-bionic-focal-retry-20260831/upgrade-discovery/bionic-to-focal/runtime/deb-cache/48/82/48825261ef619b8b85dd62c884f948aaa748adc98a822d6ebc0bf0869f7b25ee
bionic-to-focal	2026-08-31T11:36:57Z	GET	http://ap-northeast-2.ec2.archive.ubuntu.com/ubuntu/pool/main/u/ufw/ufw_0.36-6ubuntu1.1_all.deb	http://ap-northeast-2.ec2.archive.ubuntu.com/ubuntu/pool/main/u/ufw/ufw_0.36-6ubuntu1.1_all.deb	200	147524	5c3fe07ea7a63eb74178240353bde93947fd31170518feecd20c337c6fb8a455	/home/aella/aws-discovery-bionic-focal-retry-20260831/upgrade-discovery/bionic-to-focal/runtime/deb-cache/7e/24/7e24cee2b32867e64c18600d228eb9c3001fb899db5f0f58d324344462fe8fe5
bionic-to-focal	2026-08-31T11:36:58Z	GET	http://ap-northeast-2.ec2.archive.ubuntu.com/ubuntu/pool/main/x/xauth/xauth_1.1-0ubuntu1_amd64.deb	http://ap-northeast-2.ec2.archive.ubuntu.com/ubuntu/pool/main/x/xauth/xauth_1.1-0ubuntu1_amd64.deb	200	24996	d35a2e55ae4ce9d74c5c83e993e3f4bee9cec8f9693398c641d633537207e9e9	/home/aella/aws-discovery-bionic-focal-retry-20260831/upgrade-discovery/bionic-to-focal/runtime/deb-cache/76/6a/766a03de5cc71ddfbd5e91595f5e013b0adf18e643513a05a356670224abbb2e
bionic-to-focal	2026-08-31T11:36:58Z	GET	http://ap-northeast-2.ec2.archive.ubuntu.com/ubuntu/pool/main/a/alsa-topology-conf/alsa-topology-conf_1.2.2-1_all.deb	http://ap-northeast-2.ec2.archive.ubuntu.com/ubuntu/pool/main/a/alsa-topology-conf/alsa-topology-conf_1.2.2-1_all.deb	200	7364	c52ee85204e0840d133acec6b0b305411ef9815e029c5fb6b3ba54d5da052f5c	/home/aella/aws-discovery-bionic-focal-retry-20260831/upgrade-discovery/bionic-to-focal/runtime/deb-cache/8a/cb/8acbf7bd81cd626cdf50aedf3a6640385e82eb60b63d0b3cea99131f037736b7
bionic-to-focal	2026-08-31T11:36:58Z	GET	http://ap-northeast-2.ec2.archive.ubuntu.com/ubuntu/pool/main/a/alsa-ucm-conf/alsa-ucm-conf_1.2.2-1ubuntu0.13_all.deb	http://ap-northeast-2.ec2.archive.ubuntu.com/ubuntu/pool/main/a/alsa-ucm-conf/alsa-ucm-conf_1.2.2-1ubuntu0.13_all.deb	200	26956	0ab66cfc307c34a38c096958aec8f6ac03641adf5953412b4247f52580b26685	/home/aella/aws-discovery-bionic-focal-retry-20260831/upgrade-discovery/bionic-to-focal/runtime/deb-cache/76/8a/768a83b6cc5e3885114ee8fd13c9dd614a99d95f7d1d24626ab933cbe57e791b
bionic-to-focal	2026-08-31T11:36:58Z	GET	http://ap-northeast-2.ec2.archive.ubuntu.com/ubuntu/pool/main/j/jinja2/python3-jinja2_2.10.1-2ubuntu0.6_all.deb	http://ap-northeast-2.ec2.archive.ubuntu.com/ubuntu/pool/main/j/jinja2/python3-jinja2_2.10.1-2ubuntu0.6_all.deb	200	96336	9a10823dc969798446e9705c33d8c660ea1e9bf8397c3025c4e2d19fe2240148	/home/aella/aws-discovery-bionic-focal-retry-20260831/upgrade-discovery/bionic-to-focal/runtime/deb-cache/d1/5c/d15c37c5e2ee387eefe221c1eab45ce499dcb68a7c05216afedf886cd67e9af5
bionic-to-focal	2026-08-31T11:36:58Z	GET	http://ap-northeast-2.ec2.archive.ubuntu.com/ubuntu/pool/main/p/python-crypto/python3-crypto_2.6.1-13ubuntu2_amd64.deb	http://ap-northeast-2.ec2.archive.ubuntu.com/ubuntu/pool/main/p/python-crypto/python3-crypto_2.6.1-13ubuntu2_amd64.deb	200	237348	b005d827bded5be487b3d0f0210cb77ccec254c1196c152e11d46d173019da9a	/home/aella/aws-discovery-bionic-focal-retry-20260831/upgrade-discovery/bionic-to-focal/runtime/deb-cache/74/f0/74f0da3a2becc04d5720a8a9192adc72982e16e1684c343a7355b6c0853de04b
bionic-to-focal	2026-08-31T11:36:58Z	GET	http://ap-northeast-2.ec2.archive.ubuntu.com/ubuntu/pool/main/d/dnspython/python3-dnspython_1.16.0-1ubuntu1_all.deb	http://ap-northeast-2.ec2.archive.ubuntu.com/ubuntu/pool/main/d/dnspython/python3-dnspython_1.16.0-1ubuntu1_all.deb	200	89240	1ccaca56fe1b35626e01642f3ddf0f7d4a50e6f08583f99800f2235b7da8cedb	/home/aella/aws-discovery-bionic-focal-retry-20260831/upgrade-discovery/bionic-to-focal/runtime/deb-cache/dc/e9/dce9cb7813fad0ce809d035cc25e1977d1f671b717e0dd8d7dde2b83da3a5635
bionic-to-focal	2026-08-31T11:36:59Z	GET	http://ap-northeast-2.ec2.archive.ubuntu.com/ubuntu/pool/main/i/ieee-data/ieee-data_20180805.1_all.deb	http://ap-northeast-2.ec2.archive.ubuntu.com/ubuntu/pool/main/i/ieee-data/ieee-data_20180805.1_all.deb	200	1588948	fc60ab24816a8b0440851f03aa0365955285d6dde745edf08b55e34fccb85318	/home/aella/aws-discovery-bionic-focal-retry-20260831/upgrade-discovery/bionic-to-focal/runtime/deb-cache/42/74/4274d0d8c08668232128f39d383ed3d7dda7424a4bf59d0e5b5b500f5c5ec9bb
bionic-to-focal	2026-08-31T11:36:59Z	GET	http://ap-northeast-2.ec2.archive.ubuntu.com/ubuntu/pool/main/p/python-netaddr/python3-netaddr_0.7.19-3ubuntu1_all.deb	http://ap-northeast-2.ec2.archive.ubuntu.com/ubuntu/pool/main/p/python-netaddr/python3-netaddr_0.7.19-3ubuntu1_all.deb	200	235780	62d8a66c098f225cbb840029b6dc35c65ed365c57b03ecac7e311efa244c081a	/home/aella/aws-discovery-bionic-focal-retry-20260831/upgrade-discovery/bionic-to-focal/runtime/deb-cache/ee/50/ee50e6641480c033228d1f4bd7d70cc375b0a99015c5a00805db73c9f7a88641
bionic-to-focal	2026-08-31T11:37:01Z	GET	http://ap-northeast-2.ec2.archive.ubuntu.com/ubuntu/pool/universe/a/ansible/ansible_2.9.6%2bdfsg-1_all.deb	http://ap-northeast-2.ec2.archive.ubuntu.com/ubuntu/pool/universe/a/ansible/ansible_2.9.6%2bdfsg-1_all.deb	200	5794032	aaa666e6d3c37bb6fc1d71cb4e1b3020fa02f9981bfa62ed2d38aa2d69547748	/home/aella/aws-discovery-bionic-focal-retry-20260831/upgrade-discovery/bionic-to-focal/runtime/deb-cache/b4/8e/b48eb1656e7e27aa7ae788c38405d466af2c085a63bcf56d5bc0149a69de0ebe
bionic-to-focal	2026-08-31T11:37:01Z	GET	http://ap-northeast-2.ec2.archive.ubuntu.com/ubuntu/pool/main/a/apr-util/libaprutil1_1.6.1-4ubuntu2.2_amd64.deb	http://ap-northeast-2.ec2.archive.ubuntu.com/ubuntu/pool/main/a/apr-util/libaprutil1_1.6.1-4ubuntu2.2_amd64.deb	200	85136	2dc8b2b0205afe95cf1dd6e90cb8d5b36f7741525fb14938b6b09113d5281ccb	/home/aella/aws-discovery-bionic-focal-retry-20260831/upgrade-discovery/bionic-to-focal/runtime/deb-cache/e0/2a/e02ab3fdefcea2fd7c7b8f70c93fff1ea1bbe6485a2e7156b7d491ecc8cec6b4
bionic-to-focal	2026-08-31T11:37:01Z	GET	http://ap-northeast-2.ec2.archive.ubuntu.com/ubuntu/pool/main/a/apr/libapr1_1.6.5-1ubuntu1.1_amd64.deb	http://ap-northeast-2.ec2.archive.ubuntu.com/ubuntu/pool/main/a/apr/libapr1_1.6.5-1ubuntu1.1_amd64.deb	200	91460	be7ddfc8d7bb509f290672b2ba323650cbfa3adad84358d0eadc90fafb7c36c0	/home/aella/aws-discovery-bionic-focal-retry-20260831/upgrade-discovery/bionic-to-focal/runtime/deb-cache/92/37/9237871a5599c772b6892c342f9cdeeb5a88acac9bb72e7fe5737fd8fea61973
bionic-to-focal	2026-08-31T11:37:01Z	GET	http://ap-northeast-2.ec2.archive.ubuntu.com/ubuntu/pool/main/a/apache2/apache2-utils_2.4.41-4ubuntu3.23_amd64.deb	http://ap-northeast-2.ec2.archive.ubuntu.com/ubuntu/pool/main/a/apache2/apache2-utils_2.4.41-4ubuntu3.23_amd64.deb	200	84396	60097a875c778228275d9ff1dfda76506c7cce633d83c1197e70aa92994780c8	/home/aella/aws-discovery-bionic-focal-retry-20260831/upgrade-discovery/bionic-to-focal/runtime/deb-cache/99/35/9935c70a3158dceb4052c48e43978af99cfa18d703df35407e99dbdd1e5513f3
bionic-to-focal	2026-08-31T11:37:01Z	GET	http://ap-northeast-2.ec2.archive.ubuntu.com/ubuntu/pool/main/a/apport-symptoms/apport-symptoms_0.23_all.deb	http://ap-northeast-2.ec2.archive.ubuntu.com/ubuntu/pool/main/a/apport-symptoms/apport-symptoms_0.23_all.deb	200	13528	da7c42ffebdf02f3021382d38eba66ffa66189c870bd9d6a0570915d59030af5	/home/aella/aws-discovery-bionic-focal-retry-20260831/upgrade-discovery/bionic-to-focal/runtime/deb-cache/bb/77/bb77df69db0c5d4858c34ce11fb35e32dd1e81a48f5b565894d56f407080ff37
bionic-to-focal	2026-08-31T11:37:01Z	GET	http://ap-northeast-2.ec2.archive.ubuntu.com/ubuntu/pool/universe/a/apt/apt-transport-https_2.0.11_all.deb	http://ap-northeast-2.ec2.archive.ubuntu.com/ubuntu/pool/universe/a/apt/apt-transport-https_2.0.11_all.deb	200	1704	36485efc820cdb92fd99bbd0ae40599773d1a913757c70c5a08a66ae40f14c14	/home/aella/aws-discovery-bionic-focal-retry-20260831/upgrade-discovery/bionic-to-focal/runtime/deb-cache/c1/39/c139e26f28d0ec6014adbc176f8601dc5e36b22bf5d3eb3e3ecc7c215411a4e4
bionic-to-focal	2026-08-31T11:37:01Z	GET	http://ap-northeast-2.ec2.archive.ubuntu.com/ubuntu/pool/main/b/bc/bc_1.07.1-2build1_amd64.deb	http://ap-northeast-2.ec2.archive.ubuntu.com/ubuntu/pool/main/b/bc/bc_1.07.1-2build1_amd64.deb	200	86272	6c2717b8efeb517b2a29a3d899cdca495a7ecdbbb5d204a08d28920db51c5050	/home/aella/aws-discovery-bionic-focal-retry-20260831/upgrade-discovery/bionic-to-focal/runtime/deb-cache/fa/d6/fad62f77899b2b2599893e2638e4c38c60ce67e3a640a9e5e1d4e2a0e38bafcc
bionic-to-focal	2026-08-31T11:37:01Z	GET	http://ap-northeast-2.ec2.archive.ubuntu.com/ubuntu/pool/main/b/bolt/bolt_0.9.1-2%7eubuntu20.04.2_amd64.deb	http://ap-northeast-2.ec2.archive.ubuntu.com/ubuntu/pool/main/b/bolt/bolt_0.9.1-2%7eubuntu20.04.2_amd64.deb	200	142832	2d1fa7cbc0492d6ec008b9db9204686c59546e96f32f6fbc48b2222e21cc6781	/home/aella/aws-discovery-bionic-focal-retry-20260831/upgrade-discovery/bionic-to-focal/runtime/deb-cache/70/92/7092990fff0232411997909cd30d511c3553b8c4b3bc917ab0f86a403e71f716
bionic-to-focal	2026-08-31T11:37:01Z	GET	http://ap-northeast-2.ec2.archive.ubuntu.com/ubuntu/pool/main/g/gcc-9/gcc-9-base_9.4.0-1ubuntu1%7e20.04.2_amd64.deb	http://ap-northeast-2.ec2.archive.ubuntu.com/ubuntu/pool/main/g/gcc-9/gcc-9-base_9.4.0-1ubuntu1%7e20.04.2_amd64.deb	200	18896	7fb8300b83b99d2b65d8ccbf69119829789bc4204c450eb94cc6f666e3b4254e	/home/aella/aws-discovery-bionic-focal-retry-20260831/upgrade-discovery/bionic-to-focal/runtime/deb-cache/96/6a/966ac76f8cce5578b6655624dfc0cf2497d4805252401a202f13d5dace01c45e
bionic-to-focal	2026-08-31T11:37:01Z	GET	http://ap-northeast-2.ec2.archive.ubuntu.com/ubuntu/pool/main/i/isl/libisl22_0.22.1-1_amd64.deb	http://ap-northeast-2.ec2.archive.ubuntu.com/ubuntu/pool/main/i/isl/libisl22_0.22.1-1_amd64.deb	200	591960	67cadab06a50a29cde11c1c1d02847afbae6f0465686481c9106577777b88a44	/home/aella/aws-discovery-bionic-focal-retry-20260831/upgrade-discovery/bionic-to-focal/runtime/deb-cache/88/cc/88cc7bfc68b3f74018b9356c365938439d6092075af239dc47a3dc0196ab03ba
bionic-to-focal	2026-08-31T11:37:01Z	GET	http://ap-northeast-2.ec2.archive.ubuntu.com/ubuntu/pool/main/m/mpfr4/libmpfr6_4.0.2-1_amd64.deb	http://ap-northeast-2.ec2.archive.ubuntu.com/ubuntu/pool/main/m/mpfr4/libmpfr6_4.0.2-1_amd64.deb	200	240292	d098b67c3e1492a1c21a6a0d9befc88344e59a0d0eb6109384f85d8524a608cb	/home/aella/aws-discovery-bionic-focal-retry-20260831/upgrade-discovery/bionic-to-focal/runtime/deb-cache/6a/73/6a739ad3474e184701a348245da261fc3b4fae779fd09255c491e32c3d6749fa
bionic-to-focal	2026-08-31T11:37:01Z	GET	http://ap-northeast-2.ec2.archive.ubuntu.com/ubuntu/pool/main/g/gcc-9/cpp-9_9.4.0-1ubuntu1%7e20.04.2_amd64.deb	http://ap-northeast-2.ec2.archive.ubuntu.com/ubuntu/pool/main/g/gcc-9/cpp-9_9.4.0-1ubuntu1%7e20.04.2_amd64.deb	200	7501620	ed10bd0ab893389c21622d01415991466e5b20a0c57732308884180ec1f0a6e8	/home/aella/aws-discovery-bionic-focal-retry-20260831/upgrade-discovery/bionic-to-focal/runtime/deb-cache/a8/10/a8105d0f81339048bd71d20ef8f6732a8bb420554f5f129b126397a4647d928e
bionic-to-focal	2026-08-31T11:37:02Z	GET	http://ap-northeast-2.ec2.archive.ubuntu.com/ubuntu/pool/main/g/gcc-defaults/cpp_9.3.0-1ubuntu2_amd64.deb	http://ap-northeast-2.ec2.archive.ubuntu.com/ubuntu/pool/main/g/gcc-defaults/cpp_9.3.0-1ubuntu2_amd64.deb	200	27588	6a29410b6f9a6f1f6b3fe93d0b994e56293126962950bb1c9bbf0a8909044b03	/home/aella/aws-discovery-bionic-focal-retry-20260831/upgrade-discovery/bionic-to-focal/runtime/deb-cache/76/7d/767d1e8a37355b22a02b994b167a6af724a80f0648b4add1125114b4b34c27fe
bionic-to-focal	2026-08-31T11:37:02Z	GET	http://ap-northeast-2.ec2.archive.ubuntu.com/ubuntu/pool/main/g/gcc-9/libasan5_9.4.0-1ubuntu1%7e20.04.2_amd64.deb	http://ap-northeast-2.ec2.archive.ubuntu.com/ubuntu/pool/main/g/gcc-9/libasan5_9.4.0-1ubuntu1%7e20.04.2_amd64.deb	200	2752248	726990d770038654113040ea5234f27042ef4d61974181b1728c02b15daf9050	/home/aella/aws-discovery-bionic-focal-retry-20260831/upgrade-discovery/bionic-to-focal/runtime/deb-cache/f0/87/f08707cd50b6cf7a40e830c1cb82090b9e3756ef0a2df4f6a3f4967b0c73bc6d
bionic-to-focal	2026-08-31T11:37:02Z	GET	http://ap-northeast-2.ec2.archive.ubuntu.com/ubuntu/pool/main/g/gcc-10/libubsan1_10.5.0-1ubuntu1%7e20.04_amd64.deb	http://ap-northeast-2.ec2.archive.ubuntu.com/ubuntu/pool/main/g/gcc-10/libubsan1_10.5.0-1ubuntu1%7e20.04_amd64.deb	200	784916	662e52a5e25bea1e1e5ba55a9a96a37aabec554ae997eb41a893f82e1ce1f0c0	/home/aella/aws-discovery-bionic-focal-retry-20260831/upgrade-discovery/bionic-to-focal/runtime/deb-cache/11/47/1147e8c897c6e151910d7eb42375b9d3dd8b0bc094bf8d212d448845095a5ef4
bionic-to-focal	2026-08-31T11:37:02Z	GET	http://ap-northeast-2.ec2.archive.ubuntu.com/ubuntu/pool/main/g/gcc-9/libgcc-9-dev_9.4.0-1ubuntu1%7e20.04.2_amd64.deb	http://ap-northeast-2.ec2.archive.ubuntu.com/ubuntu/pool/main/g/gcc-9/libgcc-9-dev_9.4.0-1ubuntu1%7e20.04.2_amd64.deb	200	2359460	f21b9daeefa0712b6c6f035face86f5ae9cef5079ae61570b84ebda0352db77e	/home/aella/aws-discovery-bionic-focal-retry-20260831/upgrade-discovery/bionic-to-focal/runtime/deb-cache/ae/98/ae984c3481a7739fde867506eed46fb93d7e1eb9027202e17a4f1f67fd72531b
bionic-to-focal	2026-08-31T11:37:02Z	GET	http://ap-northeast-2.ec2.archive.ubuntu.com/ubuntu/pool/main/g/gcc-9/gcc-9_9.4.0-1ubuntu1%7e20.04.2_amd64.deb	http://ap-northeast-2.ec2.archive.ubuntu.com/ubuntu/pool/main/g/gcc-9/gcc-9_9.4.0-1ubuntu1%7e20.04.2_amd64.deb	200	8275648	7b6f2e5aa58695b30a5e4d8e1c1e4f39bf5f7b28fc5db1609385e0630eac8c18	/home/aella/aws-discovery-bionic-focal-retry-20260831/upgrade-discovery/bionic-to-focal/runtime/deb-cache/d0/e3/d0e3a625b9f36edf8fc9cd304b967a7372af67283f22ec65893d70e6a5fafbfe
bionic-to-focal	2026-08-31T11:37:02Z	GET	http://ap-northeast-2.ec2.archive.ubuntu.com/ubuntu/pool/main/g/gcc-defaults/gcc_9.3.0-1ubuntu2_amd64.deb	http://ap-northeast-2.ec2.archive.ubuntu.com/ubuntu/pool/main/g/gcc-defaults/gcc_9.3.0-1ubuntu2_amd64.deb	200	5208	78ab6a8841c68300ba39992e8e33190371e133b3592c601ed3052d54e2ba59ea	/home/aella/aws-discovery-bionic-focal-retry-20260831/upgrade-discovery/bionic-to-focal/runtime/deb-cache/ec/66/ec664f12efa05fd7bdfc6579e7b3e02a99cf3c3ecd7b4a3c0926b3e0ef7618fc
bionic-to-focal	2026-08-31T11:37:02Z	GET	http://ap-northeast-2.ec2.archive.ubuntu.com/ubuntu/pool/main/g/gcc-9/libstdc%2b%2b-9-dev_9.4.0-1ubuntu1%7e20.04.2_amd64.deb	http://ap-northeast-2.ec2.archive.ubuntu.com/ubuntu/pool/main/g/gcc-9/libstdc%2b%2b-9-dev_9.4.0-1ubuntu1%7e20.04.2_amd64.deb	200	1722156	e8c637e8f5a87f05b3f1dad0e020cc3763c384f5bb0fc159f69277645a2444df	/home/aella/aws-discovery-bionic-focal-retry-20260831/upgrade-discovery/bionic-to-focal/runtime/deb-cache/ca/8e/ca8e004c5f80f612fb29c6402bb6c31b5813adc9caccac6fb7fa2a71d3c0f8e8
bionic-to-focal	2026-08-31T11:37:02Z	GET	http://ap-northeast-2.ec2.archive.ubuntu.com/ubuntu/pool/main/g/gcc-9/g%2b%2b-9_9.4.0-1ubuntu1%7e20.04.2_amd64.deb	http://ap-northeast-2.ec2.archive.ubuntu.com/ubuntu/pool/main/g/gcc-9/g%2b%2b-9_9.4.0-1ubuntu1%7e20.04.2_amd64.deb	200	8421356	2c617ef6d7e1809ded44e5a6d0ea2410ec4ec793765b91e892b6acc9a12ddb3c	/home/aella/aws-discovery-bionic-focal-retry-20260831/upgrade-discovery/bionic-to-focal/runtime/deb-cache/44/d2/44d26e157064b3497888059427262b3e020861088ee77b41e267ec8794449b84
bionic-to-focal	2026-08-31T11:37:02Z	GET	http://ap-northeast-2.ec2.archive.ubuntu.com/ubuntu/pool/main/g/gcc-defaults/g%2b%2b_9.3.0-1ubuntu2_amd64.deb	http://ap-northeast-2.ec2.archive.ubuntu.com/ubuntu/pool/main/g/gcc-defaults/g%2b%2b_9.3.0-1ubuntu2_amd64.deb	200	1604	c613719f24d30e87ed196f27a324a6820032675759330772a1e6620c7662840e	/home/aella/aws-discovery-bionic-focal-retry-20260831/upgrade-discovery/bionic-to-focal/runtime/deb-cache/f4/5a/f45a8fa3dff26b39b5c4d9aa00dfd10a9e049f3738cf16bfd62b2f00973eac0f
bionic-to-focal	2026-08-31T11:37:02Z	GET	http://ap-northeast-2.ec2.archive.ubuntu.com/ubuntu/pool/main/b/build-essential/build-essential_12.8ubuntu1.1_amd64.deb	http://ap-northeast-2.ec2.archive.ubuntu.com/ubuntu/pool/main/b/build-essential/build-essential_12.8ubuntu1.1_amd64.deb	200	4664	50be2bfb66a8ce034179c7d95e5f177cce714e897028e1f4cacb564997b1c9e6	/home/aella/aws-discovery-bionic-focal-retry-20260831/upgrade-discovery/bionic-to-focal/runtime/deb-cache/dc/79/dc798c0a7ef78c73d259fb7c08df65f64842571445ec645dc39723d1ed6f6c2d
bionic-to-focal	2026-08-31T11:37:02Z	GET	http://ap-northeast-2.ec2.archive.ubuntu.com/ubuntu/pool/main/c/conntrack-tools/conntrack_1.4.5-2_amd64.deb	http://ap-northeast-2.ec2.archive.ubuntu.com/ubuntu/pool/main/c/conntrack-tools/conntrack_1.4.5-2_amd64.deb	200	30308	e0890d826e3e77706833ec502ac3a305fc1b3718889e081ccf8af9525ef7c836	/home/aella/aws-discovery-bionic-focal-retry-20260831/upgrade-discovery/bionic-to-focal/runtime/deb-cache/96/44/96448dd2ba9727c4a0e692949caa2a945796632a45903966a420c0671653c99b
bionic-to-focal	2026-08-31T11:37:02Z	GET	http://ap-northeast-2.ec2.archive.ubuntu.com/ubuntu/pool/main/r/runc-app/runc_1.1.12-0ubuntu2%7e20.04.1_amd64.deb	http://ap-northeast-2.ec2.archive.ubuntu.com/ubuntu/pool/main/r/runc-app/runc_1.1.12-0ubuntu2%7e20.04.1_amd64.deb	200	8065736	fe65f9c686a2f775101c49e8e78267549da0a52d743edb68d7508bca75b681fc	/home/aella/aws-discovery-bionic-focal-retry-20260831/upgrade-discovery/bionic-to-focal/runtime/deb-cache/01/b5/01b5f89cb89c901eb7cf362d5e18a21ab8a8a081f209d61f8d8d1bde6475a5f1
bionic-to-focal	2026-08-31T11:37:05Z	GET	http://ap-northeast-2.ec2.archive.ubuntu.com/ubuntu/pool/main/c/containerd-app/containerd_1.7.24-0ubuntu1%7e20.04.2_amd64.deb	http://ap-northeast-2.ec2.archive.ubuntu.com/ubuntu/pool/main/c/containerd-app/containerd_1.7.24-0ubuntu1%7e20.04.2_amd64.deb	200	33586908	3f6b0077e53c1a2caf07210264f1aa4124a41b8baa97abd389a21f22e1469e9c	/home/aella/aws-discovery-bionic-focal-retry-20260831/upgrade-discovery/bionic-to-focal/runtime/deb-cache/e1/cb/e1cb6de2cf9449f9ceafe5bfba99f4879b344f5b6c764fe3e0568e4869d92be5
bionic-to-focal	2026-08-31T11:37:06Z	GET	http://ap-northeast-2.ec2.archive.ubuntu.com/ubuntu/pool/universe/g/gcc-7/libasan4_7.5.0-6ubuntu2_amd64.deb	http://ap-northeast-2.ec2.archive.ubuntu.com/ubuntu/pool/universe/g/gcc-7/libasan4_7.5.0-6ubuntu2_amd64.deb	200	358348	3ba1cbec94a3060a187d1b7815b2a3d2271223034cf9d95b194531faa89df812	/home/aella/aws-discovery-bionic-focal-retry-20260831/upgrade-discovery/bionic-to-focal/runtime/deb-cache/32/e0/32e005d8955e92114f35b3498c90ae42133153d77612e646ce070226747b8ccc
bionic-to-focal	2026-08-31T11:37:06Z	GET	http://ap-northeast-2.ec2.archive.ubuntu.com/ubuntu/pool/universe/g/gcc-7/libubsan0_7.5.0-6ubuntu2_amd64.deb	http://ap-northeast-2.ec2.archive.ubuntu.com/ubuntu/pool/universe/g/gcc-7/libubsan0_7.5.0-6ubuntu2_amd64.deb	200	126256	c58a240cee993002a536c31a8735ff0076a142ff9be2b5e064677e73e0e31a33	/home/aella/aws-discovery-bionic-focal-retry-20260831/upgrade-discovery/bionic-to-focal/runtime/deb-cache/65/47/6547e425f2174c6fafbadd5660e6ef76367cb26170649e8dc3c691ca4ccd1620
bionic-to-focal	2026-08-31T11:37:06Z	GET	http://ap-northeast-2.ec2.archive.ubuntu.com/ubuntu/pool/universe/g/gcc-7/libcilkrts5_7.5.0-6ubuntu2_amd64.deb	http://ap-northeast-2.ec2.archive.ubuntu.com/ubuntu/pool/universe/g/gcc-7/libcilkrts5_7.5.0-6ubuntu2_amd64.deb	200	42672	881d62e7f30ffa6016c35adec129cd558a1cb2c4954a6ebc0777b887469a2ba6	/home/aella/aws-discovery-bionic-focal-retry-20260831/upgrade-discovery/bionic-to-focal/runtime/deb-cache/0d/e8/0de861a742cefa585efd358b3a2af5c3bb99e496a68377a28dd7e464f515c48a
bionic-to-focal	2026-08-31T11:37:07Z	GET	http://ap-northeast-2.ec2.archive.ubuntu.com/ubuntu/pool/universe/g/gcc-7/g%2b%2b-7_7.5.0-6ubuntu2_amd64.deb	http://ap-northeast-2.ec2.archive.ubuntu.com/ubuntu/pool/universe/g/gcc-7/g%2b%2b-7_7.5.0-6ubuntu2_amd64.deb	200	9688884	e77ff2d5737285359a3832efc5cdfe32688e3f5ec274eebf7586d97be23b6126	/home/aella/aws-discovery-bionic-focal-retry-20260831/upgrade-discovery/bionic-to-focal/runtime/deb-cache/29/1f/291ff0934f1ac99dcf9209f6422c4647a850129e0c7e08e8692f7d97cc4345d7
bionic-to-focal	2026-08-31T11:37:10Z	GET	http://ap-northeast-2.ec2.archive.ubuntu.com/ubuntu/pool/universe/g/gcc-7/gcc-7_7.5.0-6ubuntu2_amd64.deb	http://ap-northeast-2.ec2.archive.ubuntu.com/ubuntu/pool/universe/g/gcc-7/gcc-7_7.5.0-6ubuntu2_amd64.deb	200	9380888	b0b78fac85eb2283d50cbcba39c90e5836921d52cc56170144c22eba621cf214	/home/aella/aws-discovery-bionic-focal-retry-20260831/upgrade-discovery/bionic-to-focal/runtime/deb-cache/73/9f/739fb5113bce6972560eed3401873ef4a323bd44f25d91034684f45cba560bc6
bionic-to-focal	2026-08-31T11:37:10Z	GET	http://ap-northeast-2.ec2.archive.ubuntu.com/ubuntu/pool/universe/g/gcc-7/libstdc%2b%2b-7-dev_7.5.0-6ubuntu2_amd64.deb	http://ap-northeast-2.ec2.archive.ubuntu.com/ubuntu/pool/universe/g/gcc-7/libstdc%2b%2b-7-dev_7.5.0-6ubuntu2_amd64.deb	200	1471088	b1e9c4a6109258bece8bc6e9e13b1a7d57ffd7caf6ac686616488f122afd996b	/home/aella/aws-discovery-bionic-focal-retry-20260831/upgrade-discovery/bionic-to-focal/runtime/deb-cache/87/53/87539675169465ed2f81d94664ca60d29d035e56da767a1ca7d397b35f696dfe
bionic-to-focal	2026-08-31T11:37:10Z	GET	http://ap-northeast-2.ec2.archive.ubuntu.com/ubuntu/pool/universe/g/gcc-7/libgcc-7-dev_7.5.0-6ubuntu2_amd64.deb	http://ap-northeast-2.ec2.archive.ubuntu.com/ubuntu/pool/universe/g/gcc-7/libgcc-7-dev_7.5.0-6ubuntu2_amd64.deb	200	2310864	fc47e61d41725e6cb840e9e37d8c703a699cb3ddefaf938a441b780e83266948	/home/aella/aws-discovery-bionic-focal-retry-20260831/upgrade-discovery/bionic-to-focal/runtime/deb-cache/91/cc/91ccb4ecbd72cbb137f98363b8912d446a1b4c7f583ab0849c53d2246b4b215d
bionic-to-focal	2026-08-31T11:37:11Z	GET	http://ap-northeast-2.ec2.archive.ubuntu.com/ubuntu/pool/universe/g/gcc-7/cpp-7_7.5.0-6ubuntu2_amd64.deb	http://ap-northeast-2.ec2.archive.ubuntu.com/ubuntu/pool/universe/g/gcc-7/cpp-7_7.5.0-6ubuntu2_amd64.deb	200	8588440	491a7b55a37f8c6d154b2904624df681d8525feabb04cea42b096ab478676a2f	/home/aella/aws-discovery-bionic-focal-retry-20260831/upgrade-discovery/bionic-to-focal/runtime/deb-cache/2a/5a/2a5a0f6dcde3e7da86e09a15ba2977d07c8d0825fe45e707dcdf78f31bee44ec
bionic-to-focal	2026-08-31T11:37:12Z	GET	http://ap-northeast-2.ec2.archive.ubuntu.com/ubuntu/pool/universe/g/gcc-7/gcc-7-base_7.5.0-6ubuntu2_amd64.deb	http://ap-northeast-2.ec2.archive.ubuntu.com/ubuntu/pool/universe/g/gcc-7/gcc-7-base_7.5.0-6ubuntu2_amd64.deb	200	18496	ebbf00800c2d3655a435c169511e7afd64fdd8818e0cf181ceef54a600ea9ab1	/home/aella/aws-discovery-bionic-focal-retry-20260831/upgrade-discovery/bionic-to-focal/runtime/deb-cache/41/d4/41d4ea57bf91c882039be674d0dbc1398facdb088615b80d4da62cb55636d4db
bionic-to-focal	2026-08-31T11:37:12Z	GET	http://ap-northeast-2.ec2.archive.ubuntu.com/ubuntu/pool/main/c/cryptsetup/cryptsetup-initramfs_2.2.2-3ubuntu2.5_all.deb	http://ap-northeast-2.ec2.archive.ubuntu.com/ubuntu/pool/main/c/cryptsetup/cryptsetup-initramfs_2.2.2-3ubuntu2.5_all.deb	200	26112	6e2920d7ef568f28c3ae8f911d4c71fece3e01c7bae2bd9b9765e7d23f918e1a	/home/aella/aws-discovery-bionic-focal-retry-20260831/upgrade-discovery/bionic-to-focal/runtime/deb-cache/6e/60/6e6010843ad530645043c8a4fba758598a1483e757978ed9a863a03b17760a03
bionic-to-focal	2026-08-31T11:37:12Z	GET	http://ap-northeast-2.ec2.archive.ubuntu.com/ubuntu/pool/main/c/cryptsetup/cryptsetup-run_2.2.2-3ubuntu2.5_all.deb	http://ap-northeast-2.ec2.archive.ubuntu.com/ubuntu/pool/main/c/cryptsetup/cryptsetup-run_2.2.2-3ubuntu2.5_all.deb	200	6372	8a901cf835261f2890d3393ffedad1036753c42a0b8cf63fc5d386e135779846	/home/aella/aws-discovery-bionic-focal-retry-20260831/upgrade-discovery/bionic-to-focal/runtime/deb-cache/e6/a9/e6a92504e945d45cd9c5b0bc42843c2a93d3259e4ef58223ed208cdde0cb0b62
bionic-to-focal	2026-08-31T11:37:12Z	GET	http://ap-northeast-2.ec2.archive.ubuntu.com/ubuntu/pool/main/d/dns-root-data/dns-root-data_2024071801%7eubuntu0.20.04.1_all.deb	http://ap-northeast-2.ec2.archive.ubuntu.com/ubuntu/pool/main/d/dns-root-data/dns-root-data_2024071801%7eubuntu0.20.04.1_all.deb	200	6128	4224f49df50565aee44bd299e18aa83cd09f6459c51fb2ddd1106ea1d9eda7b7	/home/aella/aws-discovery-bionic-focal-retry-20260831/upgrade-discovery/bionic-to-focal/runtime/deb-cache/a4/66/a4661aff065db10be1201ccba91d09aaea86017010eaa6e4079901aa8eed9311
bionic-to-focal	2026-08-31T11:37:12Z	GET	http://ap-northeast-2.ec2.archive.ubuntu.com/ubuntu/pool/main/libi/libidn/libidn11_1.33-2.2ubuntu2_amd64.deb	http://ap-northeast-2.ec2.archive.ubuntu.com/ubuntu/pool/main/libi/libidn/libidn11_1.33-2.2ubuntu2_amd64.deb	200	46180	15dbad793f52b7a271f7d2c9d3566a9c98a7ba5ae315b52414006fc8c6a910f9	/home/aella/aws-discovery-bionic-focal-retry-20260831/upgrade-discovery/bionic-to-focal/runtime/deb-cache/67/31/6731f1762cf2f4934058fcd93368c1a03c8a15320989cc77d47e8c5d6a307188
bionic-to-focal	2026-08-31T11:37:12Z	GET	http://ap-northeast-2.ec2.archive.ubuntu.com/ubuntu/pool/main/d/dnsmasq/dnsmasq-base_2.90-0ubuntu0.20.04.1_amd64.deb	http://ap-northeast-2.ec2.archive.ubuntu.com/ubuntu/pool/main/d/dnsmasq/dnsmasq-base_2.90-0ubuntu0.20.04.1_amd64.deb	200	350236	13301d06f98daa6a00402e11da1e43d5680155c21b8374623e470588e47d5055	/home/aella/aws-discovery-bionic-focal-retry-20260831/upgrade-discovery/bionic-to-focal/runtime/deb-cache/cc/c7/ccc7921b740d56b263a93c3edf7b741a1bfcc87a23d9cfa577d76c259d1c41fe
bionic-to-focal	2026-08-31T11:37:12Z	GET	http://ap-northeast-2.ec2.archive.ubuntu.com/ubuntu/pool/universe/d/docker.io-app/docker.io_26.1.3-0ubuntu1%7e20.04.1_amd64.deb	http://ap-northeast-2.ec2.archive.ubuntu.com/ubuntu/pool/universe/d/docker.io-app/docker.io_26.1.3-0ubuntu1%7e20.04.1_amd64.deb	200	29452136	ff15f6b7cf8832110eb5d1595eb1d625cdd5496b45e011399333eeced5e488fc	/home/aella/aws-discovery-bionic-focal-retry-20260831/upgrade-discovery/bionic-to-focal/runtime/deb-cache/49/1b/491b28cc2edc76d65962ea41d70e5e4c0547740eeef4b284084c6e4dbc879354
bionic-to-focal	2026-08-31T11:37:13Z	GET	http://ap-northeast-2.ec2.archive.ubuntu.com/ubuntu/pool/main/e/e2fsprogs/e2fslibs_1.45.5-2ubuntu1.2_amd64.deb	http://ap-northeast-2.ec2.archive.ubuntu.com/ubuntu/pool/main/e/e2fsprogs/e2fslibs_1.45.5-2ubuntu1.2_amd64.deb	200	2716	88a238eafe22dd6c7ebb2b4522063bdfeea487b6ba0e6f04b17ef386ccd6d552	/home/aella/aws-discovery-bionic-focal-retry-20260831/upgrade-discovery/bionic-to-focal/runtime/deb-cache/95/9c/959c05af96c734d522b389ff8487b60eaa743cc5062493f47b418d6d592d1ba1
bionic-to-focal	2026-08-31T11:37:13Z	GET	http://ap-northeast-2.ec2.archive.ubuntu.com/ubuntu/pool/main/libe/libeatmydata/libeatmydata1_105-7_amd64.deb	http://ap-northeast-2.ec2.archive.ubuntu.com/ubuntu/pool/main/libe/libeatmydata/libeatmydata1_105-7_amd64.deb	200	7012	bb58b60cb8f96c83e56f751bc5e5ca84e640dd800c0ccbd9ea0c7419019e3822	/home/aella/aws-discovery-bionic-focal-retry-20260831/upgrade-discovery/bionic-to-focal/runtime/deb-cache/4a/ba/4aba5d186594a40ba741d275fc5b22478f3c6f665800661549ba0ebb15829081
bionic-to-focal	2026-08-31T11:37:13Z	GET	http://ap-northeast-2.ec2.archive.ubuntu.com/ubuntu/pool/main/libe/libeatmydata/eatmydata_105-7_all.deb	http://ap-northeast-2.ec2.archive.ubuntu.com/ubuntu/pool/main/libe/libeatmydata/eatmydata_105-7_all.deb	200	5516	a7beb2d31628fb7281589c459dd3448df5166016f5bad562e5735570c0c7056f	/home/aella/aws-discovery-bionic-focal-retry-20260831/upgrade-discovery/bionic-to-focal/runtime/deb-cache/7f/bf/7fbf631e8ae358ba973cfdea533969b5bd1491fa95b880e249155309d032f4d6
bionic-to-focal	2026-08-31T11:37:13Z	GET	http://ap-northeast-2.ec2.archive.ubuntu.com/ubuntu/pool/main/e/efibootmgr/efibootmgr_17-1_amd64.deb	http://ap-northeast-2.ec2.archive.ubuntu.com/ubuntu/pool/main/e/efibootmgr/efibootmgr_17-1_amd64.deb	200	28132	0da33e43c97e5505d4d54e4145a72e76ce72278c3a9488792da86d9f30709d73	/home/aella/aws-discovery-bionic-focal-retry-20260831/upgrade-discovery/bionic-to-focal/runtime/deb-cache/a4/87/a487ec3b37b30fcfd11fb4e1c7bfa8413e8b3195ec2b9f729c339005c58730b9
bionic-to-focal	2026-08-31T11:37:13Z	GET	http://ap-northeast-2.ec2.archive.ubuntu.com/ubuntu/pool/main/f/fakeroot/libfakeroot_1.24-1_amd64.deb	http://ap-northeast-2.ec2.archive.ubuntu.com/ubuntu/pool/main/f/fakeroot/libfakeroot_1.24-1_amd64.deb	200	25720	e542e0c0543be5b02d59306d3747a527e054225816465a2c3e4c97c6e7439222	/home/aella/aws-discovery-bionic-focal-retry-20260831/upgrade-discovery/bionic-to-focal/runtime/deb-cache/1e/91/1e91a504d1883dcd872313306d949c096ce129de642b956e34ca62365718af3f
bionic-to-focal	2026-08-31T11:37:13Z	GET	http://ap-northeast-2.ec2.archive.ubuntu.com/ubuntu/pool/main/f/fakeroot/fakeroot_1.24-1_amd64.deb	http://ap-northeast-2.ec2.archive.ubuntu.com/ubuntu/pool/main/f/fakeroot/fakeroot_1.24-1_amd64.deb	200	62636	2d9cc4fe6c6b0925e452d1454645171b957a37610a068e153abd6318746d996f	/home/aella/aws-discovery-bionic-focal-retry-20260831/upgrade-discovery/bionic-to-focal/runtime/deb-cache/bb/44/bb445df9d097509236b18f5476a6d0e8333b1eac921fb297590e9789763c82bc
bionic-to-focal	2026-08-31T11:37:13Z	GET	http://ap-northeast-2.ec2.archive.ubuntu.com/ubuntu/pool/main/f/finalrd/finalrd_6%7eubuntu20.04.1_all.deb	http://ap-northeast-2.ec2.archive.ubuntu.com/ubuntu/pool/main/f/finalrd/finalrd_6%7eubuntu20.04.1_all.deb	200	6852	d547c516e91a91f731206abb2b052e9a2a039d4e3958d1ac9bd8599c258a4a3a	/home/aella/aws-discovery-bionic-focal-retry-20260831/upgrade-discovery/bionic-to-focal/runtime/deb-cache/9b/f4/9bf4c6c53bef68d50508f8f003a86f88ad582736a8721855a6a7ffd88d155cc8
bionic-to-focal	2026-08-31T11:37:13Z	GET	http://ap-northeast-2.ec2.archive.ubuntu.com/ubuntu/pool/universe/f/fonts-ubuntu/fonts-ubuntu-font-family-console_0.83-4ubuntu1_all.deb	http://ap-northeast-2.ec2.archive.ubuntu.com/ubuntu/pool/universe/f/fonts-ubuntu/fonts-ubuntu-font-family-console_0.83-4ubuntu1_all.deb	200	10304	071af319d719f3fcdb124d97e90b92b609d7b1789b05d26b36becf82ea71b619	/home/aella/aws-discovery-bionic-focal-retry-20260831/upgrade-discovery/bionic-to-focal/runtime/deb-cache/59/0b/590b1fee41e615564723f8d8a154d2a39048fce94faa3976521bd4ce3425cd31
bionic-to-focal	2026-08-31T11:37:13Z	GET	http://ap-northeast-2.ec2.archive.ubuntu.com/ubuntu/pool/main/g/gpgme1.0/libgpgme11_1.13.1-7ubuntu2.2_amd64.deb	http://ap-northeast-2.ec2.archive.ubuntu.com/ubuntu/pool/main/g/gpgme1.0/libgpgme11_1.13.1-7ubuntu2.2_amd64.deb	200	120376	33b1334c55c4df77bfc1e2f4463deee4a57886a1850131754e68dd00b5607005	/home/aella/aws-discovery-bionic-focal-retry-20260831/upgrade-discovery/bionic-to-focal/runtime/deb-cache/0f/5a/0f5a696e318a947779058850a7a22c1582a5a94a39fbc673459d3620014b10cf
bionic-to-focal	2026-08-31T11:37:13Z	GET	http://ap-northeast-2.ec2.archive.ubuntu.com/ubuntu/pool/main/j/json-glib/libjson-glib-1.0-common_1.4.4-2ubuntu2_all.deb	http://ap-northeast-2.ec2.archive.ubuntu.com/ubuntu/pool/main/j/json-glib/libjson-glib-1.0-common_1.4.4-2ubuntu2_all.deb	200	3468	0e160489f656481cba2e62588dd367a880c866b46884fc183cfa965a33e692db	/home/aella/aws-discovery-bionic-focal-retry-20260831/upgrade-discovery/bionic-to-focal/runtime/deb-cache/0d/c3/0dc317109ac9cc37471c0d4e0122db57eb259c4fb934ea267f1f56a7919203ee
bionic-to-focal	2026-08-31T11:37:13Z	GET	http://ap-northeast-2.ec2.archive.ubuntu.com/ubuntu/pool/main/j/json-glib/libjson-glib-1.0-0_1.4.4-2ubuntu2_amd64.deb	http://ap-northeast-2.ec2.archive.ubuntu.com/ubuntu/pool/main/j/json-glib/libjson-glib-1.0-0_1.4.4-2ubuntu2_amd64.deb	200	59396	fe73b678658baff4dbabcfb511b3df0728d7c15167d3222c3cb4db6b248149d1	/home/aella/aws-discovery-bionic-focal-retry-20260831/upgrade-discovery/bionic-to-focal/runtime/deb-cache/06/da/06da430a696ae65615ca988624ee171a6591a851ca3ae43cb213fcc76f0c68fc
bionic-to-focal	2026-08-31T11:37:13Z	GET	http://ap-northeast-2.ec2.archive.ubuntu.com/ubuntu/pool/main/libj/libjcat/libjcat1_0.1.4-0ubuntu0.20.04.1_amd64.deb	http://ap-northeast-2.ec2.archive.ubuntu.com/ubuntu/pool/main/libj/libjcat/libjcat1_0.1.4-0ubuntu0.20.04.1_amd64.deb	200	25924	2b14d74b1d2ef94cd87b0851ab6a23a22eec64acfc4c71ba130f4d181b91aa5b	/home/aella/aws-discovery-bionic-focal-retry-20260831/upgrade-discovery/bionic-to-focal/runtime/deb-cache/0c/9c/0c9c7450f7d7085ce58d9671efebe4eab7619bbe0751dafc7805ccf50a6a8462
bionic-to-focal	2026-08-31T11:37:13Z	GET	http://ap-northeast-2.ec2.archive.ubuntu.com/ubuntu/pool/main/f/fwupd/libfwupd2_1.7.9-1%7e20.04.3_amd64.deb	http://ap-northeast-2.ec2.archive.ubuntu.com/ubuntu/pool/main/f/fwupd/libfwupd2_1.7.9-1%7e20.04.3_amd64.deb	200	91856	2b8c1d61dcfb39e75943f68e3abb45f362df85257fa3ad1cc4fbf55d07d9f78a	/home/aella/aws-discovery-bionic-focal-retry-20260831/upgrade-discovery/bionic-to-focal/runtime/deb-cache/68/29/682964e7d8a59f2c94fef2a5c7af852d5c8952d1d47c1dd702769b1866ecac26
bionic-to-focal	2026-08-31T11:37:13Z	GET	http://ap-northeast-2.ec2.archive.ubuntu.com/ubuntu/pool/main/liba/libarchive/libarchive13_3.4.0-2ubuntu1.5_amd64.deb	http://ap-northeast-2.ec2.archive.ubuntu.com/ubuntu/pool/main/liba/libarchive/libarchive13_3.4.0-2ubuntu1.5_amd64.deb	200	326692	d3cc315a7a3aaa417bc0518d2cd72da8009311449aed7f388045a6bcf398504f	/home/aella/aws-discovery-bionic-focal-retry-20260831/upgrade-discovery/bionic-to-focal/runtime/deb-cache/d4/f8/d4f8ef6fb56cc5dc8e876eda76d23b014d5a441c46003ac6b3aa77b1934561bc
bionic-to-focal	2026-08-31T11:37:13Z	GET	http://ap-northeast-2.ec2.archive.ubuntu.com/ubuntu/pool/main/g/gcab/libgcab-1.0-0_1.4-1_amd64.deb	http://ap-northeast-2.ec2.archive.ubuntu.com/ubuntu/pool/main/g/gcab/libgcab-1.0-0_1.4-1_amd64.deb	200	29828	504c528c96f884a47191086e36b47d4296116108c82ac6f4b3d94186bde18779	/home/aella/aws-discovery-bionic-focal-retry-20260831/upgrade-discovery/bionic-to-focal/runtime/deb-cache/6c/35/6c358385caa1abc81beabd5cbc88b35bbe8505a0eb23a810c76d20ebb3111ccb
bionic-to-focal	2026-08-31T11:37:13Z	GET	http://ap-northeast-2.ec2.archive.ubuntu.com/ubuntu/pool/main/libg/libgudev/libgudev-1.0-0_233-1_amd64.deb	http://ap-northeast-2.ec2.archive.ubuntu.com/ubuntu/pool/main/libg/libgudev/libgudev-1.0-0_233-1_amd64.deb	200	13988	857ce9ebdc4a8e4c782779acdb6450e32c65ca9f584a00dd713ee5fd9645eafe	/home/aella/aws-discovery-bionic-focal-retry-20260831/upgrade-discovery/bionic-to-focal/runtime/deb-cache/6e/19/6e19a5ad5c97808a3b696cc85fadb34f8fcce5e98a980c7680d7f75c31fff835
bionic-to-focal	2026-08-31T11:37:13Z	GET	http://ap-northeast-2.ec2.archive.ubuntu.com/ubuntu/pool/main/libg/libgusb/libgusb2_0.3.4-0.1_amd64.deb	http://ap-northeast-2.ec2.archive.ubuntu.com/ubuntu/pool/main/libg/libgusb/libgusb2_0.3.4-0.1_amd64.deb	200	22096	685a4f4aa4e986775fc31605ebf183497bae93ae9e52c8ab2b96be05efed5e95	/home/aella/aws-discovery-bionic-focal-retry-20260831/upgrade-discovery/bionic-to-focal/runtime/deb-cache/98/4a/984a3ff88868d1951b2747049615be7df952feac800641ab217094ae5565d0ff
bionic-to-focal	2026-08-31T11:37:13Z	GET	http://ap-northeast-2.ec2.archive.ubuntu.com/ubuntu/pool/main/libx/libxmlb/libxmlb2_0.3.6-2build1%7e20.04.1_amd64.deb	http://ap-northeast-2.ec2.archive.ubuntu.com/ubuntu/pool/main/libx/libxmlb/libxmlb2_0.3.6-2build1%7e20.04.1_amd64.deb	200	61600	743962cec02c1cce6b563a781381a2c64c7b41fa3c6e82182cd9cbea02236378	/home/aella/aws-discovery-bionic-focal-retry-20260831/upgrade-discovery/bionic-to-focal/runtime/deb-cache/b3/28/b328fec8de6fa0194d187efbe60a9324932a6435e3cb4fd49fc201bd2eec9caa
bionic-to-focal	2026-08-31T11:37:14Z	GET	http://ap-northeast-2.ec2.archive.ubuntu.com/ubuntu/pool/main/f/fwupd/libfwupdplugin5_1.7.9-1%7e20.04.3_amd64.deb	http://ap-northeast-2.ec2.archive.ubuntu.com/ubuntu/pool/main/f/fwupd/libfwupdplugin5_1.7.9-1%7e20.04.3_amd64.deb	200	170072	5047bfde68826dfdee815170e2e298a269e5991ff11f98a5f720acbdca0975a9	/home/aella/aws-discovery-bionic-focal-retry-20260831/upgrade-discovery/bionic-to-focal/runtime/deb-cache/90/c0/90c0f989d4b626f04570d7a25607735ed3b3809cc48acd87d896c48b115d27ed
bionic-to-focal	2026-08-31T11:37:14Z	GET	http://ap-northeast-2.ec2.archive.ubuntu.com/ubuntu/pool/main/libm/libmbim/libmbim-glib4_1.26.2-1%7eubuntu20.04.1_amd64.deb	http://ap-northeast-2.ec2.archive.ubuntu.com/ubuntu/pool/main/libm/libmbim/libmbim-glib4_1.26.2-1%7eubuntu20.04.1_amd64.deb	200	122744	e096a2d00b7b6cd3c01a87fb3dc544a306af36b9aa9d6e008976ccd9394a64be	/home/aella/aws-discovery-bionic-focal-retry-20260831/upgrade-discovery/bionic-to-focal/runtime/deb-cache/07/56/0756361e4550ecbbd346e182d1fd5f06085703666f330a5916a7da7afea1c25a
bionic-to-focal	2026-08-31T11:37:14Z	GET	http://ap-northeast-2.ec2.archive.ubuntu.com/ubuntu/pool/main/libm/libmbim/libmbim-proxy_1.26.2-1%7eubuntu20.04.1_amd64.deb	http://ap-northeast-2.ec2.archive.ubuntu.com/ubuntu/pool/main/libm/libmbim/libmbim-proxy_1.26.2-1%7eubuntu20.04.1_amd64.deb	200	6012	ab1d0c469ac3ac053316156e3ba1e436fabe46f53760e3acd5c1ee8ca562001a	/home/aella/aws-discovery-bionic-focal-retry-20260831/upgrade-discovery/bionic-to-focal/runtime/deb-cache/43/54/4354634a9f5a3827793a74639bc84c14c4e3791ca14bf35c571049b0b6f2b22f
bionic-to-focal	2026-08-31T11:37:14Z	GET	http://ap-northeast-2.ec2.archive.ubuntu.com/ubuntu/pool/main/m/modemmanager/libmm-glib0_1.18.6-1%7eubuntu20.04.1_amd64.deb	http://ap-northeast-2.ec2.archive.ubuntu.com/ubuntu/pool/main/m/modemmanager/libmm-glib0_1.18.6-1%7eubuntu20.04.1_amd64.deb	200	202640	31b74b8052905d90970af3bd89fd17432c2bca2a10666d08ce2162ee89e3fb1f	/home/aella/aws-discovery-bionic-focal-retry-20260831/upgrade-discovery/bionic-to-focal/runtime/deb-cache/ff/35/ff35648dc00563521468a86fa0865a17cc749f7cd200863a9a753afcb78d1e70
bionic-to-focal	2026-08-31T11:37:14Z	GET	http://ap-northeast-2.ec2.archive.ubuntu.com/ubuntu/pool/main/libq/libqmi/libqmi-glib5_1.30.4-1%7eubuntu20.04.1_amd64.deb	http://ap-northeast-2.ec2.archive.ubuntu.com/ubuntu/pool/main/libq/libqmi/libqmi-glib5_1.30.4-1%7eubuntu20.04.1_amd64.deb	200	642000	03d5434663c158044d782a6ea6c2ae88618948596f584b90477625903ab9ca2d	/home/aella/aws-discovery-bionic-focal-retry-20260831/upgrade-discovery/bionic-to-focal/runtime/deb-cache/4a/1f/4a1f616d339313c5e9f26ffc71225e311d7f868830c10c9a7d7b839397b9c91b
bionic-to-focal	2026-08-31T11:37:14Z	GET	http://ap-northeast-2.ec2.archive.ubuntu.com/ubuntu/pool/main/libq/libqmi/libqmi-proxy_1.30.4-1%7eubuntu20.04.1_amd64.deb	http://ap-northeast-2.ec2.archive.ubuntu.com/ubuntu/pool/main/libq/libqmi/libqmi-proxy_1.30.4-1%7eubuntu20.04.1_amd64.deb	200	5908	23377adedda1943bbb0c2e20141b3c0dd4397a6835552585edf7dd09a49e7ed0	/home/aella/aws-discovery-bionic-focal-retry-20260831/upgrade-discovery/bionic-to-focal/runtime/deb-cache/37/31/3731d40be7b216aa34dfb2e1500a6e7513b6b197ab69e662dfc93e3f2032b9bb
bionic-to-focal	2026-08-31T11:37:14Z	GET	http://ap-northeast-2.ec2.archive.ubuntu.com/ubuntu/pool/main/libs/libsmbios/libsmbios-c2_2.4.3-1_amd64.deb	http://ap-northeast-2.ec2.archive.ubuntu.com/ubuntu/pool/main/libs/libsmbios/libsmbios-c2_2.4.3-1_amd64.deb	200	73584	c40f36726a421255edd30e582ee7f7729af54fc5d284e1f83a3e7b13f3300fdf	/home/aella/aws-discovery-bionic-focal-retry-20260831/upgrade-discovery/bionic-to-focal/runtime/deb-cache/2b/cf/2bcfa7a7350faf250d58a8321c3fdaf38e4579d7bf02ff68d45697eecc763f47
bionic-to-focal	2026-08-31T11:37:15Z	GET	http://ap-northeast-2.ec2.archive.ubuntu.com/ubuntu/pool/main/t/tpm-udev/tpm-udev_0.4_all.deb	http://ap-northeast-2.ec2.archive.ubuntu.com/ubuntu/pool/main/t/tpm-udev/tpm-udev_0.4_all.deb	200	3064	a0c4a284178200660619ecd842f4d3561579344feb00ab558870e911335a8a00	/home/aella/aws-discovery-bionic-focal-retry-20260831/upgrade-discovery/bionic-to-focal/runtime/deb-cache/53/6d/536d85fdede51d0bb911702ee29a852641c14db09b5add58e2788b87acc91c4e
bionic-to-focal	2026-08-31T11:37:15Z	GET	http://ap-northeast-2.ec2.archive.ubuntu.com/ubuntu/pool/main/t/tpm2-tss/libtss2-esys0_2.3.2-1ubuntu0.20.04.2_amd64.deb	http://ap-northeast-2.ec2.archive.ubuntu.com/ubuntu/pool/main/t/tpm2-tss/libtss2-esys0_2.3.2-1ubuntu0.20.04.2_amd64.deb	200	226476	7dabb5ecd1fecec6ccf179b302d65883539b0ce7d887eeb11dd10e6725e54235	/home/aella/aws-discovery-bionic-focal-retry-20260831/upgrade-discovery/bionic-to-focal/runtime/deb-cache/02/e2/02e2ea0924a5785aabd5dcc0da4e40af634938709fb1eb5cdae5e0e1c8bccf89
bionic-to-focal	2026-08-31T11:37:16Z	GET	http://ap-northeast-2.ec2.archive.ubuntu.com/ubuntu/pool/main/f/fwupd/fwupd_1.7.9-1%7e20.04.3_amd64.deb	http://ap-northeast-2.ec2.archive.ubuntu.com/ubuntu/pool/main/f/fwupd/fwupd_1.7.9-1%7e20.04.3_amd64.deb	200	2453504	88850f0fe2cddf189d5a1a0c7669df8bda3525d2c00f23568e3761b39d4c983d	/home/aella/aws-discovery-bionic-focal-retry-20260831/upgrade-discovery/bionic-to-focal/runtime/deb-cache/59/f1/59f173a02515aaef06808a710110384df5d5522291210e8e8bbc67734ab886e2
bionic-to-focal	2026-08-31T11:37:16Z	GET	http://ap-northeast-2.ec2.archive.ubuntu.com/ubuntu/pool/main/f/fwupd-signed/fwupd-signed_1.51.1%7e20.04.1%2b1.4-0ubuntu0.1_amd64.deb	http://ap-northeast-2.ec2.archive.ubuntu.com/ubuntu/pool/main/f/fwupd-signed/fwupd-signed_1.51.1%7e20.04.1%2b1.4-0ubuntu0.1_amd64.deb	200	28668	3737cba4985a7f800566cc2a7d74a80b7b8914b30d8d84fe4b826a0c952aa9e6	/home/aella/aws-discovery-bionic-focal-retry-20260831/upgrade-discovery/bionic-to-focal/runtime/deb-cache/39/0a/390ab2d75eb88516c7a58abb5684e6cf1207eec80997a4fc8ff8112c5c2381de
bionic-to-focal	2026-08-31T11:37:16Z	GET	http://ap-northeast-2.ec2.archive.ubuntu.com/ubuntu/pool/universe/g/geoip-database/geoip-database_20191224-2_all.deb	http://ap-northeast-2.ec2.archive.ubuntu.com/ubuntu/pool/universe/g/geoip-database/geoip-database_20191224-2_all.deb	200	3029232	4b8c06cb78a6f4bdfaa09bac261baa1bcf00e47ba08d0207fd466ea41aa88dba	/home/aella/aws-discovery-bionic-focal-retry-20260831/upgrade-discovery/bionic-to-focal/runtime/deb-cache/79/35/79351fa0f5be8c1d20c1ba7df824859eafc5c4a76f78575f63d1e351ec670b01
bionic-to-focal	2026-08-31T11:37:16Z	GET	http://ap-northeast-2.ec2.archive.ubuntu.com/ubuntu/pool/main/h/hibagent/hibagent_1.0.1-0ubuntu1.20.04.2_all.deb	http://ap-northeast-2.ec2.archive.ubuntu.com/ubuntu/pool/main/h/hibagent/hibagent_1.0.1-0ubuntu1.20.04.2_all.deb	200	12276	568efaed5a9c6f272ef82be508cd3b26bb0f572a9dc0dad7d557ada42e6b5480	/home/aella/aws-discovery-bionic-focal-retry-20260831/upgrade-discovery/bionic-to-focal/runtime/deb-cache/34/9a/349a88fdbef67391965dde9785c005e8ab1dfcd2d3e87655ea81f835a60fbee6
bionic-to-focal	2026-08-31T11:37:16Z	GET	http://ap-northeast-2.ec2.archive.ubuntu.com/ubuntu/pool/main/i/iucode-tool/iucode-tool_2.3.1-1_amd64.deb	http://ap-northeast-2.ec2.archive.ubuntu.com/ubuntu/pool/main/i/iucode-tool/iucode-tool_2.3.1-1_amd64.deb	200	45600	31066ceac0a040b114fc3cd03b012a483d6f5572699c71fda4140f8a6c3bb821	/home/aella/aws-discovery-bionic-focal-retry-20260831/upgrade-discovery/bionic-to-focal/runtime/deb-cache/ae/3f/ae3f9a1a859972087ebd04966bfc54923f471d965d1181cc0724cfe6182e7664
bionic-to-focal	2026-08-31T11:37:16Z	GET	http://ap-northeast-2.ec2.archive.ubuntu.com/ubuntu/pool/main/p/python-attrs/python3-attr_19.3.0-2_all.deb	http://ap-northeast-2.ec2.archive.ubuntu.com/ubuntu/pool/main/p/python-attrs/python3-attr_19.3.0-2_all.deb	200	33880	e344bac07304209c38b261eef16017d89512a030d91fb25692160fa5464bd66a	/home/aella/aws-discovery-bionic-focal-retry-20260831/upgrade-discovery/bionic-to-focal/runtime/deb-cache/29/98/29986c3f6a6d2fbf5108c040c62b21032914d3bf6dc6b647ba3b5d44b11041b3
bionic-to-focal	2026-08-31T11:37:16Z	GET	http://ap-northeast-2.ec2.archive.ubuntu.com/ubuntu/pool/main/a/automat/python3-automat_0.8.0-1ubuntu1_all.deb	http://ap-northeast-2.ec2.archive.ubuntu.com/ubuntu/pool/main/a/automat/python3-automat_0.8.0-1ubuntu1_all.deb	200	27500	207eafa8bb045919b27239c528022632e32d194f1c39b5f5c01d22304e8d1d81	/home/aella/aws-discovery-bionic-focal-retry-20260831/upgrade-discovery/bionic-to-focal/runtime/deb-cache/1c/9c/1c9cabdde0655ef61cb0f2908867f5acc6529c2d7ade22ab7c5a197baa326eaa
bionic-to-focal	2026-08-31T11:37:16Z	GET	http://ap-northeast-2.ec2.archive.ubuntu.com/ubuntu/pool/main/c/constantly/python3-constantly_15.1.0-1build1_all.deb	http://ap-northeast-2.ec2.archive.ubuntu.com/ubuntu/pool/main/c/constantly/python3-constantly_15.1.0-1build1_all.deb	200	8244	6e3eece442dcfa985e736e08748fd5826897292644d878a65696e057e4d87236	/home/aella/aws-discovery-bionic-focal-retry-20260831/upgrade-discovery/bionic-to-focal/runtime/deb-cache/d9/17/d91797670796069dcca7ebe2279d7ca791fb9796c89724ab0b89df90d94887e0
bionic-to-focal	2026-08-31T11:37:17Z	GET	http://ap-northeast-2.ec2.archive.ubuntu.com/ubuntu/pool/main/h/hyperlink/python3-hyperlink_19.0.0-1_all.deb	http://ap-northeast-2.ec2.archive.ubuntu.com/ubuntu/pool/main/h/hyperlink/python3-hyperlink_19.0.0-1_all.deb	200	33544	c4ece8f3d62fd7566cf0fb929650711911b0410af78f8bb5a51c4b20fe7929de	/home/aella/aws-discovery-bionic-focal-retry-20260831/upgrade-discovery/bionic-to-focal/runtime/deb-cache/2a/e1/2ae122514d0d243deb9ea8fdef16ccb986d155a7333bd874fa5508360adaf8dc
bionic-to-focal	2026-08-31T11:37:17Z	GET	http://ap-northeast-2.ec2.archive.ubuntu.com/ubuntu/pool/main/i/incremental/python3-incremental_16.10.1-3.2_all.deb	http://ap-northeast-2.ec2.archive.ubuntu.com/ubuntu/pool/main/i/incremental/python3-incremental_16.10.1-3.2_all.deb	200	14892	fc62ea2d2c4805b2fee80d6f4bf124f976677433e122f28f408e7e83b56e7dfc	/home/aella/aws-discovery-bionic-focal-retry-20260831/upgrade-discovery/bionic-to-focal/runtime/deb-cache/88/46/88469e83c49aa41f47365003e80214476504c4f966fc17f6e0690d6e7052ee83
bionic-to-focal	2026-08-31T11:37:17Z	GET	http://ap-northeast-2.ec2.archive.ubuntu.com/ubuntu/pool/main/p/pyopenssl/python3-openssl_19.0.0-1build1_all.deb	http://ap-northeast-2.ec2.archive.ubuntu.com/ubuntu/pool/main/p/pyopenssl/python3-openssl_19.0.0-1build1_all.deb	200	43268	a1450f98e1011194a313fc19c304360c59766fe74a5a803b9930fe3ed9b539eb	/home/aella/aws-discovery-bionic-focal-retry-20260831/upgrade-discovery/bionic-to-focal/runtime/deb-cache/27/c0/27c029d565e6309d2de6c54df233010917d1b19143e6e0f8719e969a9f2d353b
bionic-to-focal	2026-08-31T11:37:17Z	GET	http://ap-northeast-2.ec2.archive.ubuntu.com/ubuntu/pool/main/p/pyasn1/python3-pyasn1_0.4.2-3build1_all.deb	http://ap-northeast-2.ec2.archive.ubuntu.com/ubuntu/pool/main/p/pyasn1/python3-pyasn1_0.4.2-3build1_all.deb	200	46664	bf1ec9ab23c65c362c9f357306e024cda7f42205b8cc7476994489aa3eda6363	/home/aella/aws-discovery-bionic-focal-retry-20260831/upgrade-discovery/bionic-to-focal/runtime/deb-cache/19/65/19658aad1e3ba572771f3d4d030a3350709740d149c5c02947dbb00c73badd02
bionic-to-focal	2026-08-31T11:37:17Z	GET	http://ap-northeast-2.ec2.archive.ubuntu.com/ubuntu/pool/main/p/python-pyasn1-modules/python3-pyasn1-modules_0.2.1-0.2build1_all.deb	http://ap-northeast-2.ec2.archive.ubuntu.com/ubuntu/pool/main/p/python-pyasn1-modules/python3-pyasn1-modules_0.2.1-0.2build1_all.deb	200	32928	605e184e3f945ea59c0a20221dc09e8aa44b305e31b0daa03e690508ac132619	/home/aella/aws-discovery-bionic-focal-retry-20260831/upgrade-discovery/bionic-to-focal/runtime/deb-cache/4f/06/4f0643bda3e2a10c589a15df8e2e08266973612bfd491c94e84d11ccf7a3ed08
bionic-to-focal	2026-08-31T11:37:17Z	GET	http://ap-northeast-2.ec2.archive.ubuntu.com/ubuntu/pool/main/p/python-service-identity/python3-service-identity_18.1.0-5build1_all.deb	http://ap-northeast-2.ec2.archive.ubuntu.com/ubuntu/pool/main/p/python-service-identity/python3-service-identity_18.1.0-5build1_all.deb	200	10688	aa0378c82058d2a014f2e1d00258b2def3c3ad940e28fc9e05846b7849bb787d	/home/aella/aws-discovery-bionic-focal-retry-20260831/upgrade-discovery/bionic-to-focal/runtime/deb-cache/15/d4/15d40cfa987c8a7f649da8bf907360c156d76813ad4d8e61e688a7a00ef57915
bionic-to-focal	2026-08-31T11:37:18Z	GET	http://ap-northeast-2.ec2.archive.ubuntu.com/ubuntu/pool/main/p/pyhamcrest/python3-hamcrest_1.9.0-3_all.deb	http://ap-northeast-2.ec2.archive.ubuntu.com/ubuntu/pool/main/p/pyhamcrest/python3-hamcrest_1.9.0-3_all.deb	200	24852	a1ae5bb2c227c02c0ca859c033c227e0d801a26a1df10e45a4692438f15dcd95	/home/aella/aws-discovery-bionic-focal-retry-20260831/upgrade-discovery/bionic-to-focal/runtime/deb-cache/1f/bf/1fbf5f4e998196d99b647f9b6cbaa3220710d4385996fc25ba4ffc7ac6dffde2
bionic-to-focal	2026-08-31T11:37:18Z	GET	http://ap-northeast-2.ec2.archive.ubuntu.com/ubuntu/pool/main/t/twisted/python3-twisted_18.9.0-11ubuntu0.20.04.5_all.deb	http://ap-northeast-2.ec2.archive.ubuntu.com/ubuntu/pool/main/t/twisted/python3-twisted_18.9.0-11ubuntu0.20.04.5_all.deb	200	1934632	29ec41d2fdd50437a7acd79aaafd3badc3199c7812006a0663b1d8877d665956	/home/aella/aws-discovery-bionic-focal-retry-20260831/upgrade-discovery/bionic-to-focal/runtime/deb-cache/19/e4/19e46e09ca63e6dc2acffc48a0fafb7f406c843e4a2f341133042d31cb51bfbb
bionic-to-focal	2026-08-31T11:37:18Z	GET	http://ap-northeast-2.ec2.archive.ubuntu.com/ubuntu/pool/main/c/configobj/python3-configobj_5.0.6-4ubuntu0.1_all.deb	http://ap-northeast-2.ec2.archive.ubuntu.com/ubuntu/pool/main/c/configobj/python3-configobj_5.0.6-4ubuntu0.1_all.deb	200	34276	9cffcf4937fa92aca986af3d0b4ff84f649a66a99a8af3717ffa38d018e5899f	/home/aella/aws-discovery-bionic-focal-retry-20260831/upgrade-discovery/bionic-to-focal/runtime/deb-cache/45/c0/45c0118f6d727f5fdbb674810303927f8a640c4740285eb1e775ceae58d34d5a
bionic-to-focal	2026-08-31T11:37:18Z	GET	http://ap-northeast-2.ec2.archive.ubuntu.com/ubuntu/pool/main/l/landscape-client/landscape-common_23.02-0ubuntu1%7e20.04.4_amd64.deb	http://ap-northeast-2.ec2.archive.ubuntu.com/ubuntu/pool/main/l/landscape-client/landscape-common_23.02-0ubuntu1%7e20.04.4_amd64.deb	200	86992	711c93d2dcbf8c10319da8ab491e3e88d81e80ac3dbc3626190efceba82f80d4	/home/aella/aws-discovery-bionic-focal-retry-20260831/upgrade-discovery/bionic-to-focal/runtime/deb-cache/2c/29/2c2957db407ab88abc0d2ebd595ca0e05c6838f889785ca1afddab773875fc37
bionic-to-focal	2026-08-31T11:37:18Z	GET	http://ap-northeast-2.ec2.archive.ubuntu.com/ubuntu/pool/universe/a/argon2/libargon2-0_0%7e20171227-0.2_amd64.deb	http://ap-northeast-2.ec2.archive.ubuntu.com/ubuntu/pool/universe/a/argon2/libargon2-0_0%7e20171227-0.2_amd64.deb	200	4536	68ee7098d2a6bc88c32a860c2b79d82622a661123269fea42b8b7b866ab04f61	/home/aella/aws-discovery-bionic-focal-retry-20260831/upgrade-discovery/bionic-to-focal/runtime/deb-cache/80/03/8003efd45311a623ca813d34f449362a5abec8015b6c66f7d5a81b7c90b9488c
bionic-to-focal	2026-08-31T11:37:18Z	GET	http://ap-northeast-2.ec2.archive.ubuntu.com/ubuntu/pool/main/liba/libatasmart/libatasmart4_0.19-5_amd64.deb	http://ap-northeast-2.ec2.archive.ubuntu.com/ubuntu/pool/main/liba/libatasmart/libatasmart4_0.19-5_amd64.deb	200	23420	651bcb5be375ce372d13d6a9a2831963fa955c29995abe27e51763d22f00064c	/home/aella/aws-discovery-bionic-focal-retry-20260831/upgrade-discovery/bionic-to-focal/runtime/deb-cache/09/5e/095ecb258c48e4258d112c6bda445b96f6cb5f384a6766835f8f7b97ada14be8
bionic-to-focal	2026-08-31T11:37:18Z	GET	http://ap-northeast-2.ec2.archive.ubuntu.com/ubuntu/pool/main/libb/libblockdev/libblockdev-utils2_2.23-2ubuntu3_amd64.deb	http://ap-northeast-2.ec2.archive.ubuntu.com/ubuntu/pool/main/libb/libblockdev/libblockdev-utils2_2.23-2ubuntu3_amd64.deb	200	13964	97c38e45b1b607ce90fe0db70173ab9f4925b4d97866bc068ba384160c22d1e6	/home/aella/aws-discovery-bionic-focal-retry-20260831/upgrade-discovery/bionic-to-focal/runtime/deb-cache/8d/32/8d3283032c86b9aff46520c34f59bafd3401859891e854e53f3a79c27219f71d
bionic-to-focal	2026-08-31T11:37:18Z	GET	http://ap-northeast-2.ec2.archive.ubuntu.com/ubuntu/pool/main/n/nspr/libnspr4_4.35-0ubuntu0.20.04.1_amd64.deb	http://ap-northeast-2.ec2.archive.ubuntu.com/ubuntu/pool/main/n/nspr/libnspr4_4.35-0ubuntu0.20.04.1_amd64.deb	200	107632	da98b529dfe37aedbf7d23d2edf5faae4d817c40e5a60932e791ba4cdec4dd88	/home/aella/aws-discovery-bionic-focal-retry-20260831/upgrade-discovery/bionic-to-focal/runtime/deb-cache/fb/b0/fbb0db915a49cbe2316cbbf8b63f946250526def62db0ab00a37aa5b2c5d8fd3
bionic-to-focal	2026-08-31T11:37:18Z	GET	http://ap-northeast-2.ec2.archive.ubuntu.com/ubuntu/pool/main/n/nss/libnss3_3.98-0ubuntu0.20.04.2_amd64.deb	http://ap-northeast-2.ec2.archive.ubuntu.com/ubuntu/pool/main/n/nss/libnss3_3.98-0ubuntu0.20.04.2_amd64.deb	200	1391200	1e711911ad3ae2de8a19bc6cb048fa81e2e2c2c09d0aad186b7c14d78517bb16	/home/aella/aws-discovery-bionic-focal-retry-20260831/upgrade-discovery/bionic-to-focal/runtime/deb-cache/1f/2f/1f2fadcbad5e98a85032da0546d1dad6ab52f0ee3eb8c58bf7827510470a4c4b
bionic-to-focal	2026-08-31T11:37:18Z	GET	http://ap-northeast-2.ec2.archive.ubuntu.com/ubuntu/pool/main/v/volume-key/libvolume-key1_0.3.12-3.1_amd64.deb	http://ap-northeast-2.ec2.archive.ubuntu.com/ubuntu/pool/main/v/volume-key/libvolume-key1_0.3.12-3.1_amd64.deb	200	40224	c431a481cc47457ed4159cdd5415af889b384c0806ff4746d4cc82f86afd8294	/home/aella/aws-discovery-bionic-focal-retry-20260831/upgrade-discovery/bionic-to-focal/runtime/deb-cache/63/75/6375009a9f82cc6f40b708a1b5c020b3849dcfffe05376d6f8d90781c0c31884
bionic-to-focal	2026-08-31T11:37:19Z	GET	http://ap-northeast-2.ec2.archive.ubuntu.com/ubuntu/pool/main/libb/libblockdev/libblockdev-crypto2_2.23-2ubuntu3_amd64.deb	http://ap-northeast-2.ec2.archive.ubuntu.com/ubuntu/pool/main/libb/libblockdev/libblockdev-crypto2_2.23-2ubuntu3_amd64.deb	200	16400	4d2418de02285a33d80b7dd478ebf787a2b40a9ea23bed1044e0e38fcefc66d2	/home/aella/aws-discovery-bionic-focal-retry-20260831/upgrade-discovery/bionic-to-focal/runtime/deb-cache/61/9a/619a92f746e54160bf43a0620cb2524e141c0b8b6824285ee88f951cd72b0b74
bionic-to-focal	2026-08-31T11:37:19Z	GET	http://ap-northeast-2.ec2.archive.ubuntu.com/ubuntu/pool/main/libb/libblockdev/libblockdev-part-err2_2.23-2ubuntu3_amd64.deb	http://ap-northeast-2.ec2.archive.ubuntu.com/ubuntu/pool/main/libb/libblockdev/libblockdev-part-err2_2.23-2ubuntu3_amd64.deb	200	5440	88354ef37b4c75eb321b0930bd19d8098cb6bbcb5b330ec8c354572db0422b65	/home/aella/aws-discovery-bionic-focal-retry-20260831/upgrade-discovery/bionic-to-focal/runtime/deb-cache/69/70/6970a4ca8b54c9edd0c2c79c62855d7cb8b13edf2386758860b9e16e3e11085c
bionic-to-focal	2026-08-31T11:37:19Z	GET	http://ap-northeast-2.ec2.archive.ubuntu.com/ubuntu/pool/main/p/parted/libparted-fs-resize0_3.3-4ubuntu0.20.04.1_amd64.deb	http://ap-northeast-2.ec2.archive.ubuntu.com/ubuntu/pool/main/p/parted/libparted-fs-resize0_3.3-4ubuntu0.20.04.1_amd64.deb	200	47384	c79acf61f443ce9e181d6db22f299e9b6d63ff0de072462f110478351057c0c3	/home/aella/aws-discovery-bionic-focal-retry-20260831/upgrade-discovery/bionic-to-focal/runtime/deb-cache/90/78/9078417addac8ae07fd9c5df6eb2a37191e8dfa8e26e50e14fab1b8afa99ab50
bionic-to-focal	2026-08-31T11:37:19Z	GET	http://ap-northeast-2.ec2.archive.ubuntu.com/ubuntu/pool/main/libb/libblockdev/libblockdev-fs2_2.23-2ubuntu3_amd64.deb	http://ap-northeast-2.ec2.archive.ubuntu.com/ubuntu/pool/main/libb/libblockdev/libblockdev-fs2_2.23-2ubuntu3_amd64.deb	200	20128	cbc0e96f5cca8d39d568563c82605eb56d9999ce6189def8846b52b847a9c6db	/home/aella/aws-discovery-bionic-focal-retry-20260831/upgrade-discovery/bionic-to-focal/runtime/deb-cache/56/7a/567ae666ea9dbc9bed62d929dc3000375d5aaeb98b4e0b912d7377be8143e35f
bionic-to-focal	2026-08-31T11:37:20Z	GET	http://ap-northeast-2.ec2.archive.ubuntu.com/ubuntu/pool/main/libb/libblockdev/libblockdev-loop2_2.23-2ubuntu3_amd64.deb	http://ap-northeast-2.ec2.archive.ubuntu.com/ubuntu/pool/main/libb/libblockdev/libblockdev-loop2_2.23-2ubuntu3_amd64.deb	200	6612	1b9283c294aa9fea8207978266a02e03956b07d95263cf1af251804663818463	/home/aella/aws-discovery-bionic-focal-retry-20260831/upgrade-discovery/bionic-to-focal/runtime/deb-cache/57/65/576573c1b731336f7cc85a27249d394338cd8e6ad78b4a142f13bd8ec0ef467d
bionic-to-focal	2026-08-31T11:37:20Z	GET	http://ap-northeast-2.ec2.archive.ubuntu.com/ubuntu/pool/main/g/gdisk/gdisk_1.0.5-1_amd64.deb	http://ap-northeast-2.ec2.archive.ubuntu.com/ubuntu/pool/main/g/gdisk/gdisk_1.0.5-1_amd64.deb	200	214516	2b679d03bf1ef51cfa834ffc21a7407db23424ca60c0466aec88d82cee04d504	/home/aella/aws-discovery-bionic-focal-retry-20260831/upgrade-discovery/bionic-to-focal/runtime/deb-cache/20/cb/20cb834e6890bbab4ea6bae2ed49b844cb0a2ad07fb10a03b78f5ed5f81c1320
bionic-to-focal	2026-08-31T11:37:20Z	GET	http://ap-northeast-2.ec2.archive.ubuntu.com/ubuntu/pool/main/libb/libblockdev/libblockdev-part2_2.23-2ubuntu3_amd64.deb	http://ap-northeast-2.ec2.archive.ubuntu.com/ubuntu/pool/main/libb/libblockdev/libblockdev-part2_2.23-2ubuntu3_amd64.deb	200	15252	196e3b9dedcdc385ba3d5c477311e001ee30fb66ea77aca51bba308009fe1bfa	/home/aella/aws-discovery-bionic-focal-retry-20260831/upgrade-discovery/bionic-to-focal/runtime/deb-cache/47/92/47926f1149b7841f6ecc9d6c9955e4e516152650916b982ce9f0cab41021d563
bionic-to-focal	2026-08-31T11:37:20Z	GET	http://ap-northeast-2.ec2.archive.ubuntu.com/ubuntu/pool/main/libb/libblockdev/libblockdev-swap2_2.23-2ubuntu3_amd64.deb	http://ap-northeast-2.ec2.archive.ubuntu.com/ubuntu/pool/main/libb/libblockdev/libblockdev-swap2_2.23-2ubuntu3_amd64.deb	200	7764	23b6220c961c125a4147f4789c57c574e10cf46aa269603d8d45eda2d0482e10	/home/aella/aws-discovery-bionic-focal-retry-20260831/upgrade-discovery/bionic-to-focal/runtime/deb-cache/00/9a/009aa533616eaa11d1c8d74ed3a5971c96e40d2d7c58854d81d90c01c6e15b98
bionic-to-focal	2026-08-31T11:37:20Z	GET	http://ap-northeast-2.ec2.archive.ubuntu.com/ubuntu/pool/main/libb/libblockdev/libblockdev2_2.23-2ubuntu3_amd64.deb	http://ap-northeast-2.ec2.archive.ubuntu.com/ubuntu/pool/main/libb/libblockdev/libblockdev2_2.23-2ubuntu3_amd64.deb	200	34884	12c032096ed12b71dd4d42348e9156bf1cc63cfece838d10e28e79040206b45e	/home/aella/aws-discovery-bionic-focal-retry-20260831/upgrade-discovery/bionic-to-focal/runtime/deb-cache/57/2d/572d2ba7950529a1392213c8b16b1e55db713aa2ce9b3276d673d167a203cf59
bionic-to-focal	2026-08-31T11:37:20Z	GET	http://ap-northeast-2.ec2.archive.ubuntu.com/ubuntu/pool/main/e/e2fsprogs/libcomerr2_1.45.5-2ubuntu1.2_amd64.deb	http://ap-northeast-2.ec2.archive.ubuntu.com/ubuntu/pool/main/e/e2fsprogs/libcomerr2_1.45.5-2ubuntu1.2_amd64.deb	200	2712	2971ec46d586461c79dd7aa24237f0de48bbdaacea07b1a89b70de22f59276de	/home/aella/aws-discovery-bionic-focal-retry-20260831/upgrade-discovery/bionic-to-focal/runtime/deb-cache/a4/93/a4933cadf1744327d202d47ab425a6cd63b866026bfb2f12794cad8daf963a74
bionic-to-focal	2026-08-31T11:37:20Z	GET	http://ap-northeast-2.ec2.archive.ubuntu.com/ubuntu/pool/main/d/dbus-glib/libdbus-glib-1-2_0.110-5fakssync1_amd64.deb	http://ap-northeast-2.ec2.archive.ubuntu.com/ubuntu/pool/main/d/dbus-glib/libdbus-glib-1-2_0.110-5fakssync1_amd64.deb	200	59100	55cacf0768cf8551623c36ff4ec0c2ce15b3b2511eb1ad72bc57e53f4e428d60	/home/aella/aws-discovery-bionic-focal-retry-20260831/upgrade-discovery/bionic-to-focal/runtime/deb-cache/86/e7/86e76bdc7ef880ad19ecee35a8afa4d7bf0bdc19d1e3b992b7d3eb0cf1732cd8
bionic-to-focal	2026-08-31T11:37:20Z	GET	http://ap-northeast-2.ec2.archive.ubuntu.com/ubuntu/pool/universe/libd/libdumbnet/libdumbnet1_1.12-9build1_amd64.deb	http://ap-northeast-2.ec2.archive.ubuntu.com/ubuntu/pool/universe/libd/libdumbnet/libdumbnet1_1.12-9build1_amd64.deb	200	25372	5b5082d4b2328b9c7d469a9cc50bb72104050e725a7b88b1938db855e67468d6	/home/aella/aws-discovery-bionic-focal-retry-20260831/upgrade-discovery/bionic-to-focal/runtime/deb-cache/a8/d3/a8d371ae63f131f242171e093105453e7b9fa3d666d97f0adaf39d4a1934e5e1
bionic-to-focal	2026-08-31T11:37:20Z	GET	http://ap-northeast-2.ec2.archive.ubuntu.com/ubuntu/pool/main/libx/libxmlb/libxmlb1_0.1.15-2ubuntu1%7e20.04.1_amd64.deb	http://ap-northeast-2.ec2.archive.ubuntu.com/ubuntu/pool/main/libx/libxmlb/libxmlb1_0.1.15-2ubuntu1%7e20.04.1_amd64.deb	200	50520	3f6cbe334bd146a26a47bb177bc3f10d4d688b160ee874eb4a58e250e21a06df	/home/aella/aws-discovery-bionic-focal-retry-20260831/upgrade-discovery/bionic-to-focal/runtime/deb-cache/3f/bc/3fbcd6e4d344c26acfa646004bfba6056fed55047be3ea1bc23c93ad92377626
bionic-to-focal	2026-08-31T11:37:20Z	GET	http://ap-northeast-2.ec2.archive.ubuntu.com/ubuntu/pool/main/f/fwupd/libfwupdplugin1_1.5.11-0ubuntu1%7e20.04.2_amd64.deb	http://ap-northeast-2.ec2.archive.ubuntu.com/ubuntu/pool/main/f/fwupd/libfwupdplugin1_1.5.11-0ubuntu1%7e20.04.2_amd64.deb	200	125544	95503dd6f6e99786adb75c5aa5c400e958913910eb973752cb09d5e348147f7a	/home/aella/aws-discovery-bionic-focal-retry-20260831/upgrade-discovery/bionic-to-focal/runtime/deb-cache/d3/a9/d3a942f27eb9fbd61cdc3f9812e5167bdbfc0d38598096fd519af80de1bbd56b
bionic-to-focal	2026-08-31T11:37:20Z	GET	http://ap-northeast-2.ec2.archive.ubuntu.com/ubuntu/pool/universe/g/geoip/libgeoip1_1.6.12-6build1_amd64.deb	http://ap-northeast-2.ec2.archive.ubuntu.com/ubuntu/pool/universe/g/geoip/libgeoip1_1.6.12-6build1_amd64.deb	200	70524	c3f43ec54e8f8a499c73e2b3c759bde188b1182f3b324b509a0c92ec332f6cf2	/home/aella/aws-discovery-bionic-focal-retry-20260831/upgrade-discovery/bionic-to-focal/runtime/deb-cache/b4/08/b40807947321d9b387a67cd1ec9303894d0aa896c8dd01c70a188098ec0129ca
bionic-to-focal	2026-08-31T11:37:20Z	GET	http://ap-northeast-2.ec2.archive.ubuntu.com/ubuntu/pool/main/libg/libgpg-error/libgpg-error-l10n_1.37-1_all.deb	http://ap-northeast-2.ec2.archive.ubuntu.com/ubuntu/pool/main/libg/libgpg-error/libgpg-error-l10n_1.37-1_all.deb	200	6880	7da4507e79d0d2ea2a56bb90bd7dfff9a3edbe25a1d336052e7fbea48f42eef8	/home/aella/aws-discovery-bionic-focal-retry-20260831/upgrade-discovery/bionic-to-focal/runtime/deb-cache/42/45/4245d7f6d7e0ad22335bd66b9f6b3b2b7d452144e443af651a6f7ccb2b9bb6c0
bionic-to-focal	2026-08-31T11:37:20Z	GET	http://ap-northeast-2.ec2.archive.ubuntu.com/ubuntu/pool/universe/i/iptables/libiptc0_1.8.4-3ubuntu2.1_amd64.deb	http://ap-northeast-2.ec2.archive.ubuntu.com/ubuntu/pool/universe/i/iptables/libiptc0_1.8.4-3ubuntu2.1_amd64.deb	200	4120	17aa3737daf9f3df21565b93310c4597f70e5e4b716367483110ae544b24b0de	/home/aella/aws-discovery-bionic-focal-retry-20260831/upgrade-discovery/bionic-to-focal/runtime/deb-cache/0c/e5/0ce5f8e90f8a1c57e3ecc4fd853d20084b213d93c86180bcf62e0c1774f0a78d
bionic-to-focal	2026-08-31T11:37:20Z	GET	http://ap-northeast-2.ec2.archive.ubuntu.com/ubuntu/pool/main/j/jquery/libjs-jquery_3.3.1%7edfsg-3ubuntu0.1_all.deb	http://ap-northeast-2.ec2.archive.ubuntu.com/ubuntu/pool/main/j/jquery/libjs-jquery_3.3.1%7edfsg-3ubuntu0.1_all.deb	200	328900	6130f91c4dc37fee191bc555cabb529d9c07f457bfe29ebb70f19d4b06b7cfd5	/home/aella/aws-discovery-bionic-focal-retry-20260831/upgrade-discovery/bionic-to-focal/runtime/deb-cache/a9/1b/a91bc33fe3c3ab0d1a1c9d986d984863d6be89b3182cee5ecefc6bfc99983649
bionic-to-focal	2026-08-31T11:37:20Z	GET	http://ap-northeast-2.ec2.archive.ubuntu.com/ubuntu/pool/main/u/underscore/libjs-underscore_1.9.1%7edfsg-1ubuntu0.20.04.1_all.deb	http://ap-northeast-2.ec2.archive.ubuntu.com/ubuntu/pool/main/u/underscore/libjs-underscore_1.9.1%7edfsg-1ubuntu0.20.04.1_all.deb	200	99468	fc1988aeffae50691604027ec543c2b3401c7820a1f58607164b06d321a71de3	/home/aella/aws-discovery-bionic-focal-retry-20260831/upgrade-discovery/bionic-to-focal/runtime/deb-cache/24/1e/241e8df1c58f085850fa0af5466324f54f290e28aed32a57cea2fa5379556c32
bionic-to-focal	2026-08-31T11:37:21Z	GET	http://ap-northeast-2.ec2.archive.ubuntu.com/ubuntu/pool/main/s/sphinx/libjs-sphinxdoc_1.8.5-7ubuntu3_all.deb	http://ap-northeast-2.ec2.archive.ubuntu.com/ubuntu/pool/main/s/sphinx/libjs-sphinxdoc_1.8.5-7ubuntu3_all.deb	200	97120	61e749c789b4942ef28c4497de025e9ae459e41c3b8da62ec66c99c504ec7d1e	/home/aella/aws-discovery-bionic-focal-retry-20260831/upgrade-discovery/bionic-to-focal/runtime/deb-cache/fa/48/fa48518849b5c9392c82b0a4cb32d0edd452c523443db0b559beca1d45f4fb14
bionic-to-focal	2026-08-31T11:37:21Z	GET	http://ap-northeast-2.ec2.archive.ubuntu.com/ubuntu/pool/universe/l/lxc/liblxc-common_4.0.12-0ubuntu1%7e20.04.1_amd64.deb	http://ap-northeast-2.ec2.archive.ubuntu.com/ubuntu/pool/universe/l/lxc/liblxc-common_4.0.12-0ubuntu1%7e20.04.1_amd64.deb	200	728124	005c99da800e6a31d5ba9f708d66d07e7c274634b56d9d37273a7def6e20cb7f	/home/aella/aws-discovery-bionic-focal-retry-20260831/upgrade-discovery/bionic-to-focal/runtime/deb-cache/b8/4a/b84ad0efab936ea9ad30205ab249601835776c61d9da86c02708e79eb5344484
bionic-to-focal	2026-08-31T11:37:21Z	GET	http://ap-northeast-2.ec2.archive.ubuntu.com/ubuntu/pool/universe/l/lxc/liblxc1_4.0.12-0ubuntu1%7e20.04.1_amd64.deb	http://ap-northeast-2.ec2.archive.ubuntu.com/ubuntu/pool/universe/l/lxc/liblxc1_4.0.12-0ubuntu1%7e20.04.1_amd64.deb	200	335412	75f6fed14652e11b67b7f8bba734aeee223fd426c9df28404e37d3450ec86f95	/home/aella/aws-discovery-bionic-focal-retry-20260831/upgrade-discovery/bionic-to-focal/runtime/deb-cache/e4/0a/e40a0c7fcc9b03077816c8fe995e66604bac6318d0c019c2b145ae350ace5b18
bionic-to-focal	2026-08-31T11:37:21Z	GET	http://ap-northeast-2.ec2.archive.ubuntu.com/ubuntu/pool/universe/n/nodejs/nodejs_10.19.0%7edfsg-3ubuntu1.6_amd64.deb	http://ap-northeast-2.ec2.archive.ubuntu.com/ubuntu/pool/universe/n/nodejs/nodejs_10.19.0%7edfsg-3ubuntu1.6_amd64.deb	200	61620	2f8f703744628cb4c1663b7ab09447c213177f4bae1cf4b2b536f8ccb6a255d1	/home/aella/aws-discovery-bionic-focal-retry-20260831/upgrade-discovery/bionic-to-focal/runtime/deb-cache/55/89/5589bb01a07b73c461ada37d8460781ba8673832bb7969150f406b93c34e28e3
bionic-to-focal	2026-08-31T11:37:21Z	GET	http://ap-northeast-2.ec2.archive.ubuntu.com/ubuntu/pool/main/c/c-ares/libc-ares2_1.15.0-1ubuntu0.5_amd64.deb	http://ap-northeast-2.ec2.archive.ubuntu.com/ubuntu/pool/main/c/c-ares/libc-ares2_1.15.0-1ubuntu0.5_amd64.deb	200	36920	ee10082012c6b0fd6a50f7666d857d689e216574340157b7a604cbb470f06974	/home/aella/aws-discovery-bionic-focal-retry-20260831/upgrade-discovery/bionic-to-focal/runtime/deb-cache/ec/63/ec63852fc305f8a01a90b098248006aaef7612f2cbd1b8af9b54cd3fb85632af
bionic-to-focal	2026-08-31T11:37:23Z	GET	http://ap-northeast-2.ec2.archive.ubuntu.com/ubuntu/pool/universe/n/nodejs/libnode64_10.19.0%7edfsg-3ubuntu1.6_amd64.deb	http://ap-northeast-2.ec2.archive.ubuntu.com/ubuntu/pool/universe/n/nodejs/libnode64_10.19.0%7edfsg-3ubuntu1.6_amd64.deb	200	5764228	1baeb082440e19f47f794a14bf19f62e5e096349b2382381ad37d60bea8fdaa4	/home/aella/aws-discovery-bionic-focal-retry-20260831/upgrade-discovery/bionic-to-focal/runtime/deb-cache/b4/00/b40014902a223ae6743be3b4797e8270125b975c5fd779e44c0073f30f3be5d4
bionic-to-focal	2026-08-31T11:37:23Z	GET	http://ap-northeast-2.ec2.archive.ubuntu.com/ubuntu/pool/main/c/cyrus-sasl2/libsasl2-modules_2.1.27%2bdfsg-2ubuntu0.1_amd64.deb	http://ap-northeast-2.ec2.archive.ubuntu.com/ubuntu/pool/main/c/cyrus-sasl2/libsasl2-modules_2.1.27%2bdfsg-2ubuntu0.1_amd64.deb	200	48820	448ec354951db9969c379ee66a4b751459d2e1b239cc94e3b499216058f90ca2	/home/aella/aws-discovery-bionic-focal-retry-20260831/upgrade-discovery/bionic-to-focal/runtime/deb-cache/87/f7/87f76709f31a57a09fa632cb1bdb044bbc192466dae869e1a39c5915415e0987
bionic-to-focal	2026-08-31T11:37:23Z	GET	http://ap-northeast-2.ec2.archive.ubuntu.com/ubuntu/pool/main/libs/libsigsegv/libsigsegv2_2.12-2_amd64.deb	http://ap-northeast-2.ec2.archive.ubuntu.com/ubuntu/pool/main/libs/libsigsegv/libsigsegv2_2.12-2_amd64.deb	200	13888	58279e0a8af9cc299d7195f4b5dc1922f4b0779c1166d3715b335944102f9f7e	/home/aella/aws-discovery-bionic-focal-retry-20260831/upgrade-discovery/bionic-to-focal/runtime/deb-cache/f5/e3/f5e3b1f040fe650dc8c6a7b72820e5e5646c482cf22d81b4362bb7f1e6f728f1
bionic-to-focal	2026-08-31T11:37:23Z	GET	http://ap-northeast-2.ec2.archive.ubuntu.com/ubuntu/pool/main/u/udisks2/libudisks2-0_2.8.4-1ubuntu2_amd64.deb	http://ap-northeast-2.ec2.archive.ubuntu.com/ubuntu/pool/main/u/udisks2/libudisks2-0_2.8.4-1ubuntu2_amd64.deb	200	99412	3caa6c34fbc0a2a79665b30e36c600c90b5f6ee3fcdd3ded1559bd4b9375ed0f	/home/aella/aws-discovery-bionic-focal-retry-20260831/upgrade-discovery/bionic-to-focal/runtime/deb-cache/0c/df/0cdfbe663e068cb44f3aa38ec6e666cccd950fd783963dfa688148df65389c53
bionic-to-focal	2026-08-31T11:37:24Z	GET	http://ap-northeast-2.ec2.archive.ubuntu.com/ubuntu/pool/main/libu/libusb/libusb-0.1-4_0.1.12-32_amd64.deb	http://ap-northeast-2.ec2.archive.ubuntu.com/ubuntu/pool/main/libu/libusb/libusb-0.1-4_0.1.12-32_amd64.deb	200	17400	c33b629b4a6d2e1dbffdec54a3a76605147b4df329cba8b6f2373e88664fb181	/home/aella/aws-discovery-bionic-focal-retry-20260831/upgrade-discovery/bionic-to-focal/runtime/deb-cache/86/66/8666e2fb61cc3d1d325c045fd00d472c1cd1508215992d609a12b14b4523e28e
bionic-to-focal	2026-08-31T11:37:24Z	GET	http://ap-northeast-2.ec2.archive.ubuntu.com/ubuntu/pool/main/l/linux-aws-5.15/linux-modules-5.15.0-1084-aws_5.15.0-1084.91%7e20.04.1_amd64.deb	http://ap-northeast-2.ec2.archive.ubuntu.com/ubuntu/pool/main/l/linux-aws-5.15/linux-modules-5.15.0-1084-aws_5.15.0-1084.91%7e20.04.1_amd64.deb	200	21910204	d77edc0ac847b99fda5494537071dc4aa38df72c8eb77c82bc817f80ed2e2590	/home/aella/aws-discovery-bionic-focal-retry-20260831/upgrade-discovery/bionic-to-focal/runtime/deb-cache/63/f7/63f7b3c41646cf1f27924e83c9ec51672f48df6b50e9149d29121b6917ac0f35
bionic-to-focal	2026-08-31T11:37:24Z	GET	http://ap-northeast-2.ec2.archive.ubuntu.com/ubuntu/pool/main/l/linux-signed-aws-5.15/linux-image-5.15.0-1084-aws_5.15.0-1084.91%7e20.04.1_amd64.deb	http://ap-northeast-2.ec2.archive.ubuntu.com/ubuntu/pool/main/l/linux-signed-aws-5.15/linux-image-5.15.0-1084-aws_5.15.0-1084.91%7e20.04.1_amd64.deb	200	11462040	fc5d64c9b08c3cf710625905cf562a5c10d85d1a51e64fb068ea1fc8819aa6f5	/home/aella/aws-discovery-bionic-focal-retry-20260831/upgrade-discovery/bionic-to-focal/runtime/deb-cache/2b/9b/2b9b963d656f807eb25c4048e19a4379f4912c7e73b17badf860c75015fd1d97
bionic-to-focal	2026-08-31T11:37:24Z	GET	http://ap-northeast-2.ec2.archive.ubuntu.com/ubuntu/pool/main/i/intel-microcode/intel-microcode_3.20250512.0ubuntu0.20.04.1_amd64.deb	http://ap-northeast-2.ec2.archive.ubuntu.com/ubuntu/pool/main/i/intel-microcode/intel-microcode_3.20250512.0ubuntu0.20.04.1_amd64.deb	200	11094536	084d66843e9c9942f0953d1ee46256537984f79fc8be78203b1540790a9330b3	/home/aella/aws-discovery-bionic-focal-retry-20260831/upgrade-discovery/bionic-to-focal/runtime/deb-cache/a6/0d/a60d891529802c3e8301326e16acdf18e31d48954152175006d012a437ee1c03
bionic-to-focal	2026-08-31T11:37:24Z	GET	http://ap-northeast-2.ec2.archive.ubuntu.com/ubuntu/pool/main/a/amd64-microcode/amd64-microcode_3.20191218.1ubuntu1.3_amd64.deb	http://ap-northeast-2.ec2.archive.ubuntu.com/ubuntu/pool/main/a/amd64-microcode/amd64-microcode_3.20191218.1ubuntu1.3_amd64.deb	200	67260	cc884659f0e64c42d2b0b28b7642c4e4876b553c545e54b910fdeda14dc2905b	/home/aella/aws-discovery-bionic-focal-retry-20260831/upgrade-discovery/bionic-to-focal/runtime/deb-cache/1f/a2/1fa2b64add9f25c6c68084b9a153f72abcae9a9740940fbb6ce8c06de62f6f18
bionic-to-focal	2026-08-31T11:37:24Z	GET	http://ap-northeast-2.ec2.archive.ubuntu.com/ubuntu/pool/main/m/microcode-initrd/microcode-initrd_2%7e20.04.0_amd64.deb	http://ap-northeast-2.ec2.archive.ubuntu.com/ubuntu/pool/main/m/microcode-initrd/microcode-initrd_2%7e20.04.0_amd64.deb	200	2984	0f27fe07b83f768d2432122a4e7e2a7af6d2061a6cfc17f3a87b27b426bf831c	/home/aella/aws-discovery-bionic-focal-retry-20260831/upgrade-discovery/bionic-to-focal/runtime/deb-cache/26/5e/265ead8819ae37c56dd95ec571a1a228715f8762b2fb301701d8670a5478f5f5
bionic-to-focal	2026-08-31T11:37:24Z	GET	http://ap-northeast-2.ec2.archive.ubuntu.com/ubuntu/pool/main/l/linux-meta-aws-5.15/linux-aws_5.15.0.1084.91%7e20.04.1_amd64.deb	http://ap-northeast-2.ec2.archive.ubuntu.com/ubuntu/pool/main/l/linux-meta-aws-5.15/linux-aws_5.15.0.1084.91%7e20.04.1_amd64.deb	200	1936	1ef7259cc9081ae50c8175cc4a2d47770f8ff555a42d2eccbc85f0a4ffa8a54a	/home/aella/aws-discovery-bionic-focal-retry-20260831/upgrade-discovery/bionic-to-focal/runtime/deb-cache/ae/83/ae83ae7bed54a0f839f407fe2a8c3d56ebf216ae090d32a44fdac8d439d576a5
bionic-to-focal	2026-08-31T11:37:24Z	GET	http://ap-northeast-2.ec2.archive.ubuntu.com/ubuntu/pool/main/l/linux-meta-aws-5.15/linux-image-aws_5.15.0.1084.91%7e20.04.1_amd64.deb	http://ap-northeast-2.ec2.archive.ubuntu.com/ubuntu/pool/main/l/linux-meta-aws-5.15/linux-image-aws_5.15.0.1084.91%7e20.04.1_amd64.deb	200	2588	fa9f6b20764d6e6a62af16c41a9be2fa4b47aca88c6d9d84b776ad55d2b018fc	/home/aella/aws-discovery-bionic-focal-retry-20260831/upgrade-discovery/bionic-to-focal/runtime/deb-cache/11/7f/117f44896cc28a3d6ae85f3355c27f0f196adbb9f2ec5c65e074c4476bba3482
bionic-to-focal	2026-08-31T11:37:25Z	GET	http://ap-northeast-2.ec2.archive.ubuntu.com/ubuntu/pool/main/l/linux-aws-5.15/linux-aws-5.15-headers-5.15.0-1084_5.15.0-1084.91%7e20.04.1_all.deb	http://ap-northeast-2.ec2.archive.ubuntu.com/ubuntu/pool/main/l/linux-aws-5.15/linux-aws-5.15-headers-5.15.0-1084_5.15.0-1084.91%7e20.04.1_all.deb	200	12022968	48b7227b993965183886ad9ae2fe8e7eb4f7b22ec8b3c650d68a4d1b36b90c02	/home/aella/aws-discovery-bionic-focal-retry-20260831/upgrade-discovery/bionic-to-focal/runtime/deb-cache/79/4a/794a8714f286386c7ecccb5b9938fd21fc2886a484b37e44c56cb18350623ced
bionic-to-focal	2026-08-31T11:37:25Z	GET	http://ap-northeast-2.ec2.archive.ubuntu.com/ubuntu/pool/main/l/linux-aws-5.15/linux-headers-5.15.0-1084-aws_5.15.0-1084.91%7e20.04.1_amd64.deb	http://ap-northeast-2.ec2.archive.ubuntu.com/ubuntu/pool/main/l/linux-aws-5.15/linux-headers-5.15.0-1084-aws_5.15.0-1084.91%7e20.04.1_amd64.deb	200	2701364	2c2ea222566e355e47f6ccc3d173654e5fdd46ce18a6e0a1718351e2340037af	/home/aella/aws-discovery-bionic-focal-retry-20260831/upgrade-discovery/bionic-to-focal/runtime/deb-cache/f0/2a/f02a4906e9cdb88bb8cae97acb36c392d455ff7db3f9774761b339a232ec2494
bionic-to-focal	2026-08-31T11:37:25Z	GET	http://ap-northeast-2.ec2.archive.ubuntu.com/ubuntu/pool/main/l/linux-meta-aws-5.15/linux-headers-aws_5.15.0.1084.91%7e20.04.1_amd64.deb	http://ap-northeast-2.ec2.archive.ubuntu.com/ubuntu/pool/main/l/linux-meta-aws-5.15/linux-headers-aws_5.15.0.1084.91%7e20.04.1_amd64.deb	200	2504	acd9115aaf74a0864f165dff411e8dab8d38c39e3fb0daf521980dd75600b48f	/home/aella/aws-discovery-bionic-focal-retry-20260831/upgrade-discovery/bionic-to-focal/runtime/deb-cache/a5/a8/a5a8347e021d0e000e3707b4e7e9260838dc14de39861fa5584a9fb7015b0e7b
bionic-to-focal	2026-08-31T11:37:27Z	GET	http://ap-northeast-2.ec2.archive.ubuntu.com/ubuntu/pool/main/l/linux-aws/linux-aws-headers-5.4.0-1103_5.4.0-1103.111_all.deb	http://ap-northeast-2.ec2.archive.ubuntu.com/ubuntu/pool/main/l/linux-aws/linux-aws-headers-5.4.0-1103_5.4.0-1103.111_all.deb	200	11007008	858e98f01874c288aa32d1af4cb42560c8f762a92a8c9d8c85dd02842365e6f8	/home/aella/aws-discovery-bionic-focal-retry-20260831/upgrade-discovery/bionic-to-focal/runtime/deb-cache/f9/d4/f9d4df79e9802b9142139731657002d093d721ab212e6729589eb3a8fec5d0e6
bionic-to-focal	2026-08-31T11:37:28Z	GET	http://ap-northeast-2.ec2.archive.ubuntu.com/ubuntu/pool/main/l/linux-aws/linux-headers-5.4.0-1103-aws_5.4.0-1103.111_amd64.deb	http://ap-northeast-2.ec2.archive.ubuntu.com/ubuntu/pool/main/l/linux-aws/linux-headers-5.4.0-1103-aws_5.4.0-1103.111_amd64.deb	200	1234248	66c487443bee75a9dab1f57a94cea6694b5a9639307d3aada9db9f61ca3d35c7	/home/aella/aws-discovery-bionic-focal-retry-20260831/upgrade-discovery/bionic-to-focal/runtime/deb-cache/76/23/7623b47a97505ecce279fb8d9499e92982933d262d46675dc8e8bb35f36cb07d
bionic-to-focal	2026-08-31T11:37:31Z	GET	http://ap-northeast-2.ec2.archive.ubuntu.com/ubuntu/pool/main/l/linux-aws/linux-modules-5.4.0-1103-aws_5.4.0-1103.111_amd64.deb	http://ap-northeast-2.ec2.archive.ubuntu.com/ubuntu/pool/main/l/linux-aws/linux-modules-5.4.0-1103-aws_5.4.0-1103.111_amd64.deb	200	14390496	78058bb4a0c8597da836f7bc17e1397686997300d84a9131ba9a4221418d07d7	/home/aella/aws-discovery-bionic-focal-retry-20260831/upgrade-discovery/bionic-to-focal/runtime/deb-cache/f1/c2/f1c219317c1b75b56a995764fecf7caa0f8d7d0cd530ab98f6a63e8ad487a545
bionic-to-focal	2026-08-31T11:37:32Z	GET	http://ap-northeast-2.ec2.archive.ubuntu.com/ubuntu/pool/main/l/linux-signed-aws/linux-image-5.4.0-1103-aws_5.4.0-1103.111_amd64.deb	http://ap-northeast-2.ec2.archive.ubuntu.com/ubuntu/pool/main/l/linux-signed-aws/linux-image-5.4.0-1103-aws_5.4.0-1103.111_amd64.deb	200	10092412	8b5ae549e11f6d5311a0fff0f92099838ab452b04d5e2481aaacae604d221023	/home/aella/aws-discovery-bionic-focal-retry-20260831/upgrade-discovery/bionic-to-focal/runtime/deb-cache/3a/b9/3ab969760e6dfed67b0651c2e29d7a26b36112c8c4ad85f9bcfc9f6b5e871114
bionic-to-focal	2026-08-31T11:37:33Z	GET	http://ap-northeast-2.ec2.archive.ubuntu.com/ubuntu/pool/main/l/lxd-agent-loader/lxd-agent-loader_0.4_all.deb	http://ap-northeast-2.ec2.archive.ubuntu.com/ubuntu/pool/main/l/lxd-agent-loader/lxd-agent-loader_0.4_all.deb	200	3512	8262bfa0688c8a2461d37de5103b62a319f6e9821cf172fc370f13075362be36	/home/aella/aws-discovery-bionic-focal-retry-20260831/upgrade-discovery/bionic-to-focal/runtime/deb-cache/f5/bc/f5bc32f73e2df12ab1387735c9d115c723b0a626e17265d7fa656885217afd1b
bionic-to-focal	2026-08-31T11:37:33Z	GET	http://ap-northeast-2.ec2.archive.ubuntu.com/ubuntu/pool/universe/m/makedev/makedev_2.3.1-94_all.deb	http://ap-northeast-2.ec2.archive.ubuntu.com/ubuntu/pool/universe/m/makedev/makedev_2.3.1-94_all.deb	200	25124	6d0a183b3eb6119036cd448381252e75e450296dff2642f2b72b46436aca4a09	/home/aella/aws-discovery-bionic-focal-retry-20260831/upgrade-discovery/bionic-to-focal/runtime/deb-cache/e8/d2/e8d282cdb84fe5e3c6ff9b7f4f74ebfc2eddcfb89808682bdeb35118cf071088
bionic-to-focal	2026-08-31T11:37:33Z	GET	http://ap-northeast-2.ec2.archive.ubuntu.com/ubuntu/pool/main/m/mlocate/mlocate_0.26-3ubuntu3_amd64.deb	http://ap-northeast-2.ec2.archive.ubuntu.com/ubuntu/pool/main/m/mlocate/mlocate_0.26-3ubuntu3_amd64.deb	200	50136	3c54f1aca0b4ecb78886aa8d3df78096cef9672cdfda442d85134cf8e8439e5d	/home/aella/aws-discovery-bionic-focal-retry-20260831/upgrade-discovery/bionic-to-focal/runtime/deb-cache/aa/68/aa684f55407a3f849178a777dfc748c608fd586a926e623b416c9045eb0f02e4
bionic-to-focal	2026-08-31T11:37:35Z	GET	http://ap-northeast-2.ec2.archive.ubuntu.com/ubuntu/pool/main/m/modemmanager/modemmanager_1.18.6-1%7eubuntu20.04.1_amd64.deb	http://ap-northeast-2.ec2.archive.ubuntu.com/ubuntu/pool/main/m/modemmanager/modemmanager_1.18.6-1%7eubuntu20.04.1_amd64.deb	200	895044	44366bd1f50b67289ac752bd189f7f1d8e2321fbdd1e8db0caa736d0063a8e08	/home/aella/aws-discovery-bionic-focal-retry-20260831/upgrade-discovery/bionic-to-focal/runtime/deb-cache/a8/ac/a8acb3183bcc80573f81d9a523909b878c373b38444e97953dd6013012e93596
bionic-to-focal	2026-08-31T11:37:35Z	GET	http://ap-northeast-2.ec2.archive.ubuntu.com/ubuntu/pool/main/n/ncurses/ncurses-term_6.2-0ubuntu2.1_all.deb	http://ap-northeast-2.ec2.archive.ubuntu.com/ubuntu/pool/main/n/ncurses/ncurses-term_6.2-0ubuntu2.1_all.deb	200	249288	91be9b1f018189a028d89c0930eccfc9f9fd5d3b361b2c085382eb4c42b6ebb8	/home/aella/aws-discovery-bionic-focal-retry-20260831/upgrade-discovery/bionic-to-focal/runtime/deb-cache/6d/0f/6d0f427a7ecab5c2b219953c3431657c6d6e1c0be58276add71033f64e736f23
bionic-to-focal	2026-08-31T11:37:35Z	GET	http://ap-northeast-2.ec2.archive.ubuntu.com/ubuntu/pool/main/n/net-tools/net-tools_1.60%2bgit20180626.aebd88e-1ubuntu1.3_amd64.deb	http://ap-northeast-2.ec2.archive.ubuntu.com/ubuntu/pool/main/n/net-tools/net-tools_1.60%2bgit20180626.aebd88e-1ubuntu1.3_amd64.deb	200	192252	1cb4553bcc5500fb1c60a502a03ae92e656aa51fb0f45b87655222de5f0329ca	/home/aella/aws-discovery-bionic-focal-retry-20260831/upgrade-discovery/bionic-to-focal/runtime/deb-cache/84/d5/84d52964f4fc98285c45358651819c6a5d4677b99e44d01537a62581721ba1c2
bionic-to-focal	2026-08-31T11:37:36Z	GET	http://ap-northeast-2.ec2.archive.ubuntu.com/ubuntu/pool/universe/n/nodejs/nodejs-doc_10.19.0%7edfsg-3ubuntu1.6_all.deb	http://ap-northeast-2.ec2.archive.ubuntu.com/ubuntu/pool/universe/n/nodejs/nodejs-doc_10.19.0%7edfsg-3ubuntu1.6_all.deb	200	943084	2c50dce3790e2f719bdde4fad365c8ee749a397aae7376dadb81a0bf36ad908b	/home/aella/aws-discovery-bionic-focal-retry-20260831/upgrade-discovery/bionic-to-focal/runtime/deb-cache/4b/95/4b9583720472ff75ce18c3f16a3287fb8f75e78e231e116deefa07f6a1bbfe5e
bionic-to-focal	2026-08-31T11:37:36Z	GET	http://ap-northeast-2.ec2.archive.ubuntu.com/ubuntu/pool/universe/n/ntp/ntpdate_4.2.8p12%2bdfsg-3ubuntu4.20.04.1_amd64.deb	http://ap-northeast-2.ec2.archive.ubuntu.com/ubuntu/pool/universe/n/ntp/ntpdate_4.2.8p12%2bdfsg-3ubuntu4.20.04.1_amd64.deb	200	48808	3a0648349d0e593b11d61864444ff23f9036539246e3ad2c94f5c2297dfd9667	/home/aella/aws-discovery-bionic-focal-retry-20260831/upgrade-discovery/bionic-to-focal/runtime/deb-cache/0b/8a/0b8a67868875df495c1bba3cba94af2567541788ea97c0864869148b9e823985
bionic-to-focal	2026-08-31T11:37:36Z	GET	http://ap-northeast-2.ec2.archive.ubuntu.com/ubuntu/pool/main/o/os-prober/os-prober_1.74ubuntu2_amd64.deb	http://ap-northeast-2.ec2.archive.ubuntu.com/ubuntu/pool/main/o/os-prober/os-prober_1.74ubuntu2_amd64.deb	200	20076	765415171edbeb7266f186a95f9fbeb91a6c49cf1ab386281b6be48a7c637d4f	/home/aella/aws-discovery-bionic-focal-retry-20260831/upgrade-discovery/bionic-to-focal/runtime/deb-cache/4d/ce/4dce5830a8f8726f0076a8c592b15915522524ba5b255eed8ea2ce1e68b9a583
bionic-to-focal	2026-08-31T11:37:36Z	GET	http://ap-northeast-2.ec2.archive.ubuntu.com/ubuntu/pool/main/p/packagekit/packagekit-tools_1.1.13-2ubuntu1.1_amd64.deb	http://ap-northeast-2.ec2.archive.ubuntu.com/ubuntu/pool/main/p/packagekit/packagekit-tools_1.1.13-2ubuntu1.1_amd64.deb	200	32768	a39743d943d950a88d590dd354a9db05f147f11cfe8af923b98a48e1c68678a7	/home/aella/aws-discovery-bionic-focal-retry-20260831/upgrade-discovery/bionic-to-focal/runtime/deb-cache/74/57/7457771fd62e849a5e68c67fd6a41e70a77584ae134fb13014cb8ff6233b0551
bionic-to-focal	2026-08-31T11:37:36Z	GET	http://ap-northeast-2.ec2.archive.ubuntu.com/ubuntu/pool/main/p/pastebinit/pastebinit_1.5.1-1_all.deb	http://ap-northeast-2.ec2.archive.ubuntu.com/ubuntu/pool/main/p/pastebinit/pastebinit_1.5.1-1_all.deb	200	14208	a273eb9e2cc30adc442c91aa20ad5e6019028f9952ad8178662dea76c45f4bac	/home/aella/aws-discovery-bionic-focal-retry-20260831/upgrade-discovery/bionic-to-focal/runtime/deb-cache/1a/c7/1ac707890de80bfdd2b6f9f4dbc021481379088b443343a855353c5f6954df65
bionic-to-focal	2026-08-31T11:37:36Z	GET	http://ap-northeast-2.ec2.archive.ubuntu.com/ubuntu/pool/universe/a/asn1crypto/python-asn1crypto_0.24.0-1build1_all.deb	http://ap-northeast-2.ec2.archive.ubuntu.com/ubuntu/pool/universe/a/asn1crypto/python-asn1crypto_0.24.0-1build1_all.deb	200	72804	359b20c5bd07f637f592379ea9ea2402d17e8aab3d6e0e05eedbbd4751eb1126	/home/aella/aws-discovery-bionic-focal-retry-20260831/upgrade-discovery/bionic-to-focal/runtime/deb-cache/33/ad/33adccb79bd86cd8685f098c4606be1345afa10c168b6df4c7ed42164a847a0f
bionic-to-focal	2026-08-31T11:37:36Z	GET	http://ap-northeast-2.ec2.archive.ubuntu.com/ubuntu/pool/universe/p/python-backports-abc/python-backports-abc_0.5-2ubuntu1_all.deb	http://ap-northeast-2.ec2.archive.ubuntu.com/ubuntu/pool/universe/p/python-backports-abc/python-backports-abc_0.5-2ubuntu1_all.deb	200	5892	80655c093756c575e5596a8e01f6fedc0318b7a9298db4253e65f1e7ce3c4924	/home/aella/aws-discovery-bionic-focal-retry-20260831/upgrade-discovery/bionic-to-focal/runtime/deb-cache/de/ec/deeccbccb2e4c5f5896267802fbb6ff741b20d4cade180a5faa0611c32856c80
bionic-to-focal	2026-08-31T11:37:36Z	GET	http://ap-northeast-2.ec2.archive.ubuntu.com/ubuntu/pool/universe/b/blinker/python-blinker_1.4%2bdfsg1-0.3ubuntu1_all.deb	http://ap-northeast-2.ec2.archive.ubuntu.com/ubuntu/pool/universe/b/blinker/python-blinker_1.4%2bdfsg1-0.3ubuntu1_all.deb	200	13172	2c78c4c2e2c45a114e03601708885d9f8efcd33a0ecaae5fb4e130f9b3d83fb8	/home/aella/aws-discovery-bionic-focal-retry-20260831/upgrade-discovery/bionic-to-focal/runtime/deb-cache/af/45/af45c9423d34162e66bf709b7c2f2ed1b8180301c0e267b771c502d22ceceabd
bionic-to-focal	2026-08-31T11:37:36Z	GET	http://ap-northeast-2.ec2.archive.ubuntu.com/ubuntu/pool/universe/p/python-certifi/python-certifi_2019.11.28-1_all.deb	http://ap-northeast-2.ec2.archive.ubuntu.com/ubuntu/pool/universe/p/python-certifi/python-certifi_2019.11.28-1_all.deb	200	148840	65ed64ce4ddc2bcc862996fe09518037d6e61c17b923545ebc507f045150f681	/home/aella/aws-discovery-bionic-focal-retry-20260831/upgrade-discovery/bionic-to-focal/runtime/deb-cache/98/b9/98b9f0962ae1bd367e9ab8a7d7877773cc325527fb38cdac7e0665a07843045f
bionic-to-focal	2026-08-31T11:37:36Z	GET	http://ap-northeast-2.ec2.archive.ubuntu.com/ubuntu/pool/universe/p/python-cffi/python-cffi-backend_1.14.0-1build1_amd64.deb	http://ap-northeast-2.ec2.archive.ubuntu.com/ubuntu/pool/universe/p/python-cffi/python-cffi-backend_1.14.0-1build1_amd64.deb	200	69640	7fbaa0b0c57654275a7e59ff4497b80122cda9fb41cb03d73ac300c721c62d53	/home/aella/aws-discovery-bionic-focal-retry-20260831/upgrade-discovery/bionic-to-focal/runtime/deb-cache/2b/19/2b19e609330b653346219ac8aca8f50a0b75a52b4d532ea21ccaf9787cda66b9
bionic-to-focal	2026-08-31T11:37:37Z	GET	http://ap-northeast-2.ec2.archive.ubuntu.com/ubuntu/pool/universe/p/python-setuptools/python-setuptools_44.0.0-2ubuntu0.1_all.deb	http://ap-northeast-2.ec2.archive.ubuntu.com/ubuntu/pool/universe/p/python-setuptools/python-setuptools_44.0.0-2ubuntu0.1_all.deb	200	329616	ba7c1ce97b96ae794e08a14df91acff3afef984ec4d192c4404c1fee8613de06	/home/aella/aws-discovery-bionic-focal-retry-20260831/upgrade-discovery/bionic-to-focal/runtime/deb-cache/71/10/7110ca1d60d135ffc0cc539314b013138c1d0dff990fb4847fa53a6271f7eeec
bionic-to-focal	2026-08-31T11:37:37Z	GET	http://ap-northeast-2.ec2.archive.ubuntu.com/ubuntu/pool/universe/p/python-setuptools/python-pkg-resources_44.0.0-2ubuntu0.1_all.deb	http://ap-northeast-2.ec2.archive.ubuntu.com/ubuntu/pool/universe/p/python-setuptools/python-pkg-resources_44.0.0-2ubuntu0.1_all.deb	200	129632	60b6754aec96c97962fbbe7b1e5d7c6034bc88fc3c23c36648e92e17431f1cd6	/home/aella/aws-discovery-bionic-focal-retry-20260831/upgrade-discovery/bionic-to-focal/runtime/deb-cache/2c/a0/2ca0819605b1a172beabba1010273f7e5a15513d397e2198333c2acd4e1fe85e
bionic-to-focal	2026-08-31T11:37:37Z	GET	http://ap-northeast-2.ec2.archive.ubuntu.com/ubuntu/pool/universe/c/chardet/python-chardet_3.0.4-4build1_all.deb	http://ap-northeast-2.ec2.archive.ubuntu.com/ubuntu/pool/universe/c/chardet/python-chardet_3.0.4-4build1_all.deb	200	80524	974e4f24dec4db280c5c67854024f73a9428b3f9a884be159bd091b1e4d97a16	/home/aella/aws-discovery-bionic-focal-retry-20260831/upgrade-discovery/bionic-to-focal/runtime/deb-cache/ce/8a/ce8a6bc2d20be38a370e44c8916788c664a1ff632a1f28bd7f3cb91d7c4feaf4
bionic-to-focal	2026-08-31T11:37:37Z	GET	http://ap-northeast-2.ec2.archive.ubuntu.com/ubuntu/pool/universe/p/python-concurrent.futures/python-concurrent.futures_3.3.0-4_all.deb	http://ap-northeast-2.ec2.archive.ubuntu.com/ubuntu/pool/universe/p/python-concurrent.futures/python-concurrent.futures_3.3.0-4_all.deb	200	16104	79a0ac92da74ea203f8124274be50f408f2ad6d9647863feabccf6dfaeb401a4	/home/aella/aws-discovery-bionic-focal-retry-20260831/upgrade-discovery/bionic-to-focal/runtime/deb-cache/fa/43/fa430bd0b1812571cb10c387a7f3297c8fefd5ad588516bc0efe9946e36c5304
bionic-to-focal	2026-08-31T11:37:37Z	GET	http://ap-northeast-2.ec2.archive.ubuntu.com/ubuntu/pool/universe/c/configparser/python-configparser_3.5.0b2-3build1_all.deb	http://ap-northeast-2.ec2.archive.ubuntu.com/ubuntu/pool/universe/c/configparser/python-configparser_3.5.0b2-3build1_all.deb	200	58984	160927e5c4aafdea6c8828398cec2aa65f0bcb0b3d64477a81a35ec358514731	/home/aella/aws-discovery-bionic-focal-retry-20260831/upgrade-discovery/bionic-to-focal/runtime/deb-cache/14/00/1400facd176ba11dd6660e3c4ce25d9790afc41a3cd1c11a905de4975ed9ac4d
bionic-to-focal	2026-08-31T11:37:37Z	GET	http://ap-northeast-2.ec2.archive.ubuntu.com/ubuntu/pool/universe/p/python-crypto/python-crypto_2.6.1-13ubuntu2_amd64.deb	http://ap-northeast-2.ec2.archive.ubuntu.com/ubuntu/pool/universe/p/python-crypto/python-crypto_2.6.1-13ubuntu2_amd64.deb	200	237328	2e8b2151fcc08063dff6c39b31a620d2f7481663dabb4b3354d1bade816f1c8b	/home/aella/aws-discovery-bionic-focal-retry-20260831/upgrade-discovery/bionic-to-focal/runtime/deb-cache/b0/f2/b0f2bf14d87a1d2baabaeca992e089c1f173b3489bca0786c1786d8ad7beb4a0
bionic-to-focal	2026-08-31T11:37:38Z	GET	http://ap-northeast-2.ec2.archive.ubuntu.com/ubuntu/pool/universe/e/enum34/python-enum34_1.1.6-2ubuntu1_all.deb	http://ap-northeast-2.ec2.archive.ubuntu.com/ubuntu/pool/universe/e/enum34/python-enum34_1.1.6-2ubuntu1_all.deb	200	34884	75056f0f495f8a3042264bebf10de39d59ea7920f14f66cbc74c807cbc11945b	/home/aella/aws-discovery-bionic-focal-retry-20260831/upgrade-discovery/bionic-to-focal/runtime/deb-cache/b7/93/b793b9eb411c1ab4bf641258ec37e9117332cea5ce75f22e8da3fc91e2a0ce8a
bionic-to-focal	2026-08-31T11:37:38Z	GET	http://ap-northeast-2.ec2.archive.ubuntu.com/ubuntu/pool/universe/p/python-ipaddress/python-ipaddress_1.0.17-1build1_all.deb	http://ap-northeast-2.ec2.archive.ubuntu.com/ubuntu/pool/universe/p/python-ipaddress/python-ipaddress_1.0.17-1build1_all.deb	200	18360	6de82f5b5a4ea8b415aaa3494dc50ffc153ba7a7f2c859738eeb8c02a614dfe3	/home/aella/aws-discovery-bionic-focal-retry-20260831/upgrade-discovery/bionic-to-focal/runtime/deb-cache/8a/22/8a22f0fcb2cdfeddf4f1f87eafe300776785e66c37cb83cc2b8cf94327a86b67
bionic-to-focal	2026-08-31T11:37:38Z	GET	http://ap-northeast-2.ec2.archive.ubuntu.com/ubuntu/pool/universe/s/six/python-six_1.14.0-2_all.deb	http://ap-northeast-2.ec2.archive.ubuntu.com/ubuntu/pool/universe/s/six/python-six_1.14.0-2_all.deb	200	12008	e009f8b3e58cc1ceaaed8f7b186af4b9b63f732c28926a91c4b9c7ac5187a440	/home/aella/aws-discovery-bionic-focal-retry-20260831/upgrade-discovery/bionic-to-focal/runtime/deb-cache/06/95/0695eca2f6797acd523bd543ad8e2faa77cc31977e025149df36b5b0582ca2c6
bionic-to-focal	2026-08-31T11:37:39Z	GET	http://ap-northeast-2.ec2.archive.ubuntu.com/ubuntu/pool/universe/p/python-cryptography/python-cryptography_2.8-3ubuntu0.3_amd64.deb	http://ap-northeast-2.ec2.archive.ubuntu.com/ubuntu/pool/universe/p/python-cryptography/python-cryptography_2.8-3ubuntu0.3_amd64.deb	200	254220	b9edc033cf04a0b53ba74851a2e0077f42165277a5356165c8e416fa33cb5e8c	/home/aella/aws-discovery-bionic-focal-retry-20260831/upgrade-discovery/bionic-to-focal/runtime/deb-cache/11/8c/118cb03b087e0e3fde83e8050abb0cb2401b13ebfeaf3587e41d3e27bcf2d935
bionic-to-focal	2026-08-31T11:37:39Z	GET	http://ap-northeast-2.ec2.archive.ubuntu.com/ubuntu/pool/universe/d/dbus-python/python-dbus_1.2.16-1build1_amd64.deb	http://ap-northeast-2.ec2.archive.ubuntu.com/ubuntu/pool/universe/d/dbus-python/python-dbus_1.2.16-1build1_amd64.deb	200	93412	0ea9dada5e2fc0dfc7507ff7ff4029c83198585588160f42e24ad1ff8eab1662	/home/aella/aws-discovery-bionic-focal-retry-20260831/upgrade-discovery/bionic-to-focal/runtime/deb-cache/3b/28/3b286b2371873a9c45781e09da7d8a0a004db58e0f2c4a8a69be9fa98c979f97
bionic-to-focal	2026-08-31T11:37:39Z	GET	http://ap-northeast-2.ec2.archive.ubuntu.com/ubuntu/pool/universe/w/what-is-python/python-dev-is-python2_2.7.17-4_all.deb	http://ap-northeast-2.ec2.archive.ubuntu.com/ubuntu/pool/universe/w/what-is-python/python-dev-is-python2_2.7.17-4_all.deb	200	1396	f31899e03a683aef1d9006f769a7807d62e26805e9743b61236007296c78908d	/home/aella/aws-discovery-bionic-focal-retry-20260831/upgrade-discovery/bionic-to-focal/runtime/deb-cache/4c/f0/4cf0a9c57d6646876d0ca5b964b16bf58e89b3f488ed77dd986a5cb86c43b608
bionic-to-focal	2026-08-31T11:37:39Z	GET	http://ap-northeast-2.ec2.archive.ubuntu.com/ubuntu/pool/universe/e/entrypoints/python-entrypoints_0.3-2ubuntu1_all.deb	http://ap-northeast-2.ec2.archive.ubuntu.com/ubuntu/pool/universe/e/entrypoints/python-entrypoints_0.3-2ubuntu1_all.deb	200	5672	578fc7f27e712fcdd3ca36820f63eb6528c57c1d1ddcd7b7751c219f35690dbf	/home/aella/aws-discovery-bionic-focal-retry-20260831/upgrade-discovery/bionic-to-focal/runtime/deb-cache/34/c7/34c705abbc81e9827adf513046d405f6243b2cbcea6f3c8f80d7bfbeade0b52f
bionic-to-focal	2026-08-31T11:37:39Z	GET	http://ap-northeast-2.ec2.archive.ubuntu.com/ubuntu/pool/universe/p/python-idna/python-idna_2.8-1ubuntu0.1_all.deb	http://ap-northeast-2.ec2.archive.ubuntu.com/ubuntu/pool/universe/p/python-idna/python-idna_2.8-1ubuntu0.1_all.deb	200	36076	d06e2ffec7201cf117c92c635238b3e503969f3a6037e004a635eedecaff7244	/home/aella/aws-discovery-bionic-focal-retry-20260831/upgrade-discovery/bionic-to-focal/runtime/deb-cache/94/22/9422933cd288af16a32289b6d665aefa41f71e65a1e07a75a4691744e93be14a
bionic-to-focal	2026-08-31T11:37:40Z	GET	http://ap-northeast-2.ec2.archive.ubuntu.com/ubuntu/pool/universe/m/markupsafe/python-markupsafe_1.1.0-1build2_amd64.deb	http://ap-northeast-2.ec2.archive.ubuntu.com/ubuntu/pool/universe/m/markupsafe/python-markupsafe_1.1.0-1build2_amd64.deb	200	13164	284001db8de316cd40979f814f5c9277186a3208f54d4a3cf9c6aac25ae0e980	/home/aella/aws-discovery-bionic-focal-retry-20260831/upgrade-discovery/bionic-to-focal/runtime/deb-cache/25/0d/250d30e03c5ac924639e7f91359a50e993fb35395e7e9927d42f2a4c61f80e91
bionic-to-focal	2026-08-31T11:37:40Z	GET	http://ap-northeast-2.ec2.archive.ubuntu.com/ubuntu/pool/universe/j/jinja2/python-jinja2_2.10.1-2ubuntu0.6_all.deb	http://ap-northeast-2.ec2.archive.ubuntu.com/ubuntu/pool/universe/j/jinja2/python-jinja2_2.10.1-2ubuntu0.6_all.deb	200	95672	f22a63084a8ddc0646377d4ead9b4d46f8340abd2f8900a809d53c46c68a9d76	/home/aella/aws-discovery-bionic-focal-retry-20260831/upgrade-discovery/bionic-to-focal/runtime/deb-cache/40/e7/40e72be475a8a35e10dd764396e7820f619f34757c126e9baa5dbc9049dcd996
bionic-to-focal	2026-08-31T11:37:40Z	GET	http://ap-northeast-2.ec2.archive.ubuntu.com/ubuntu/pool/universe/p/python-keyring/python-keyring_18.0.1-2ubuntu1_all.deb	http://ap-northeast-2.ec2.archive.ubuntu.com/ubuntu/pool/universe/p/python-keyring/python-keyring_18.0.1-2ubuntu1_all.deb	200	32896	2aa0fb134495c992325e2989a96125220fb59b611827cf5f33e4bacfefe1bf16	/home/aella/aws-discovery-bionic-focal-retry-20260831/upgrade-discovery/bionic-to-focal/runtime/deb-cache/3d/75/3d753daf46a712543c235650ff32d63ff30a91f269f1e4e81d8730734b845efe
bionic-to-focal	2026-08-31T11:37:40Z	GET	http://ap-northeast-2.ec2.archive.ubuntu.com/ubuntu/pool/universe/p/python-netaddr/python-netaddr_0.7.19-3ubuntu1_all.deb	http://ap-northeast-2.ec2.archive.ubuntu.com/ubuntu/pool/universe/p/python-netaddr/python-netaddr_0.7.19-3ubuntu1_all.deb	200	236732	4944187edc0bbfc9b6dc83f5bb2793acd484a24fcb6e8da5c1eaf0efc19491e0	/home/aella/aws-discovery-bionic-focal-retry-20260831/upgrade-discovery/bionic-to-focal/runtime/deb-cache/ce/e8/cee884fcf097c9090893712c5a8d7cd3f36d8fb82cf651d80a1bc36dbb3a748d
bionic-to-focal	2026-08-31T11:37:40Z	GET	http://ap-northeast-2.ec2.archive.ubuntu.com/ubuntu/pool/universe/p/pyopenssl/python-openssl_19.0.0-1build1_all.deb	http://ap-northeast-2.ec2.archive.ubuntu.com/ubuntu/pool/universe/p/pyopenssl/python-openssl_19.0.0-1build1_all.deb	200	43148	d6dc14cea6a2a3b9fa8561a205340807ed651f439d86af055fd9095447dfda94	/home/aella/aws-discovery-bionic-focal-retry-20260831/upgrade-discovery/bionic-to-focal/runtime/deb-cache/58/e8/58e843ee8872d207d20bd7a3e2615e1bd19ee0b6ec29ca15601f0ae0c94ed365
bionic-to-focal	2026-08-31T11:37:40Z	GET	http://ap-northeast-2.ec2.archive.ubuntu.com/ubuntu/pool/universe/p/python-pip/python-pip-whl_20.0.2-5ubuntu1.11_all.deb	http://ap-northeast-2.ec2.archive.ubuntu.com/ubuntu/pool/universe/p/python-pip/python-pip-whl_20.0.2-5ubuntu1.11_all.deb	200	1808412	13c1dbfc0cb17da06ab38946242f2cf52c28083b688330d30fd0590ea72e3784	/home/aella/aws-discovery-bionic-focal-retry-20260831/upgrade-discovery/bionic-to-focal/runtime/deb-cache/7c/d6/7cd6444ab42136dc3df5b3015e262b62f0bc17c648895b20313dc46293b2561e
bionic-to-focal	2026-08-31T11:37:41Z	GET	http://ap-northeast-2.ec2.archive.ubuntu.com/ubuntu/pool/universe/p/python-psutil/python-psutil_5.5.1-1ubuntu4_amd64.deb	http://ap-northeast-2.ec2.archive.ubuntu.com/ubuntu/pool/universe/p/python-psutil/python-psutil_5.5.1-1ubuntu4_amd64.deb	200	141060	841772029cce312ff2c40604365b5b9d65e1cf2d49f1a5fb5c5f3e7e9db06b42	/home/aella/aws-discovery-bionic-focal-retry-20260831/upgrade-discovery/bionic-to-focal/runtime/deb-cache/f9/3b/f93b3e81ea132d1c45b520b8557483b1e5312f47f02793e5bfa79a6560afb4ac
bionic-to-focal	2026-08-31T11:37:41Z	GET	http://ap-northeast-2.ec2.archive.ubuntu.com/ubuntu/pool/universe/p/pyasn1/python-pyasn1_0.4.2-3build1_all.deb	http://ap-northeast-2.ec2.archive.ubuntu.com/ubuntu/pool/universe/p/pyasn1/python-pyasn1_0.4.2-3build1_all.deb	200	46596	e8a9abb3546f2d25e5e6c10eccc0af78eff950c2f3d149b043f48506d3d7271c	/home/aella/aws-discovery-bionic-focal-retry-20260831/upgrade-discovery/bionic-to-focal/runtime/deb-cache/3a/c0/3ac0c1df22ae42774574212a1191e9792a4d6955a68bb96cb1efcaa0db255b3d
bionic-to-focal	2026-08-31T11:37:41Z	GET	http://ap-northeast-2.ec2.archive.ubuntu.com/ubuntu/pool/universe/p/pyinotify/python-pyinotify_0.9.6-1.2ubuntu1_all.deb	http://ap-northeast-2.ec2.archive.ubuntu.com/ubuntu/pool/universe/p/pyinotify/python-pyinotify_0.9.6-1.2ubuntu1_all.deb	200	24744	31e00bfd6539a1bfe3c0f08c9fda782f0385d4cf8abf264f88be3b1a88a15141	/home/aella/aws-discovery-bionic-focal-retry-20260831/upgrade-discovery/bionic-to-focal/runtime/deb-cache/4a/c0/4ac0a0e504e84ab81e809214bc7e7b670fafa67ad149a4806f60ef934460e44c
bionic-to-focal	2026-08-31T11:37:41Z	GET	http://ap-northeast-2.ec2.archive.ubuntu.com/ubuntu/pool/universe/s/simplejson/python-simplejson_3.16.0-2ubuntu2_amd64.deb	http://ap-northeast-2.ec2.archive.ubuntu.com/ubuntu/pool/universe/s/simplejson/python-simplejson_3.16.0-2ubuntu2_amd64.deb	200	62676	857221239570303f2eeac9a8ce4d2a6f2b2f8fa4b7055a61fa6715076e35a7b2	/home/aella/aws-discovery-bionic-focal-retry-20260831/upgrade-discovery/bionic-to-focal/runtime/deb-cache/1f/2c/1f2c161336b816252119ece3008630fbd891959cb73d29d51a1ababb32bbb71a
bionic-to-focal	2026-08-31T11:37:41Z	GET	http://ap-northeast-2.ec2.archive.ubuntu.com/ubuntu/pool/universe/s/singledispatch/python-singledispatch_3.4.0.3-2build1_all.deb	http://ap-northeast-2.ec2.archive.ubuntu.com/ubuntu/pool/universe/s/singledispatch/python-singledispatch_3.4.0.3-2build1_all.deb	200	9892	68864ea6a3743e2815daabf647f2a4eeb756a4d9576b496488924f7d636b5b5d	/home/aella/aws-discovery-bionic-focal-retry-20260831/upgrade-discovery/bionic-to-focal/runtime/deb-cache/53/19/53197ade258dd745239dff97d45d4bda739c35b8df94e8e2b71c789d31b32faf
bionic-to-focal	2026-08-31T11:37:42Z	GET	http://ap-northeast-2.ec2.archive.ubuntu.com/ubuntu/pool/universe/p/pyxdg/python-xdg_0.26-1ubuntu1_all.deb	http://ap-northeast-2.ec2.archive.ubuntu.com/ubuntu/pool/universe/p/pyxdg/python-xdg_0.26-1ubuntu1_all.deb	200	36008	bc47e30c41d8ba89b8d3bc294efdcabd17d25c4b690c5278cbada6bf9349a6d5	/home/aella/aws-discovery-bionic-focal-retry-20260831/upgrade-discovery/bionic-to-focal/runtime/deb-cache/37/0e/370e4c423694f277ae92367669d1da3e16a96ecda61d03932e5736f315fd6f42
bionic-to-focal	2026-08-31T11:37:42Z	GET	http://ap-northeast-2.ec2.archive.ubuntu.com/ubuntu/pool/universe/p/python-xmltodict/python-xmltodict_0.12.0-1_all.deb	http://ap-northeast-2.ec2.archive.ubuntu.com/ubuntu/pool/universe/p/python-xmltodict/python-xmltodict_0.12.0-1_all.deb	200	12468	0b7ffdc69d33cb21ee5e94ef0bc7edc7fc2b8ae64e5c054a2e4609134fe96ec1	/home/aella/aws-discovery-bionic-focal-retry-20260831/upgrade-discovery/bionic-to-focal/runtime/deb-cache/13/ab/13abe9d40318cb140d8bd054feaf7afbf9859a06e304335d2d7c58089a03ad9e
bionic-to-focal	2026-08-31T11:37:42Z	GET	http://ap-northeast-2.ec2.archive.ubuntu.com/ubuntu/pool/universe/p/pyyaml/python-yaml_5.3.1-1ubuntu0.1_amd64.deb	http://ap-northeast-2.ec2.archive.ubuntu.com/ubuntu/pool/universe/p/pyyaml/python-yaml_5.3.1-1ubuntu0.1_amd64.deb	200	130324	0bf9224ec49eb4320973151f9c6d94973f5b3e83cd67e70459a7e87e60147a87	/home/aella/aws-discovery-bionic-focal-retry-20260831/upgrade-discovery/bionic-to-focal/runtime/deb-cache/31/a8/31a8da6d36da4e2aab5273ce07740fc165de5c3c043d87f7eace4c69707af481
bionic-to-focal	2026-08-31T11:37:42Z	GET	http://ap-northeast-2.ec2.archive.ubuntu.com/ubuntu/pool/universe/p/python-argcomplete/python3-argcomplete_1.8.1-1.3ubuntu1_all.deb	http://ap-northeast-2.ec2.archive.ubuntu.com/ubuntu/pool/universe/p/python-argcomplete/python3-argcomplete_1.8.1-1.3ubuntu1_all.deb	200	27224	b8ad40264522f4016cd4ea973234c12e1b72784ccd279d9cb59c4d03137c5c22	/home/aella/aws-discovery-bionic-focal-retry-20260831/upgrade-discovery/bionic-to-focal/runtime/deb-cache/21/db/21db3ab4ac70d27b60f2adb5ab67d5340298a5d3ed969e51f65ad27d4f4720c7
bionic-to-focal	2026-08-31T11:37:42Z	GET	http://ap-northeast-2.ec2.archive.ubuntu.com/ubuntu/pool/universe/a/asn1crypto/python3-asn1crypto_0.24.0-1build1_all.deb	http://ap-northeast-2.ec2.archive.ubuntu.com/ubuntu/pool/universe/a/asn1crypto/python3-asn1crypto_0.24.0-1build1_all.deb	200	72860	74ab1007f90ed1a2c72b4466fa33a01daca3f2abb62922f92464266d0bf5e6c4	/home/aella/aws-discovery-bionic-focal-retry-20260831/upgrade-discovery/bionic-to-focal/runtime/deb-cache/80/0b/800b1f682d74c543055f426bf7c723aa02c34c36081a877f4ec51b5096b08059
bionic-to-focal	2026-08-31T11:37:42Z	GET	http://ap-northeast-2.ec2.archive.ubuntu.com/ubuntu/pool/main/p/python-colorama/python3-colorama_0.4.3-1build1_all.deb	http://ap-northeast-2.ec2.archive.ubuntu.com/ubuntu/pool/main/p/python-colorama/python3-colorama_0.4.3-1build1_all.deb	200	23924	1e975b037ad3c22237d08eb4bd6a5e3d4d08f7b7f0e66e8e71e22247c58d6beb	/home/aella/aws-discovery-bionic-focal-retry-20260831/upgrade-discovery/bionic-to-focal/runtime/deb-cache/27/5b/275b5ab23d6636b4cf7994df2bee65eac39ad1b49135d43d9b426ac08453b40b
bionic-to-focal	2026-08-31T11:37:42Z	GET	http://ap-northeast-2.ec2.archive.ubuntu.com/ubuntu/pool/main/p/python-click/python3-click_7.0-3_all.deb	http://ap-northeast-2.ec2.archive.ubuntu.com/ubuntu/pool/main/p/python-click/python3-click_7.0-3_all.deb	200	64764	4872dc1691c82a13ef3604d3cc16ad53c71863570a986641d21bccef2b4ed71e	/home/aella/aws-discovery-bionic-focal-retry-20260831/upgrade-discovery/bionic-to-focal/runtime/deb-cache/79/f8/79f82b9a92e945e105a29bd84742c60deb9d20336a72256002a4d56fbe85e2a5
bionic-to-focal	2026-08-31T11:37:42Z	GET	http://ap-northeast-2.ec2.archive.ubuntu.com/ubuntu/pool/main/p/python-jmespath/python3-jmespath_0.9.4-2ubuntu1_all.deb	http://ap-northeast-2.ec2.archive.ubuntu.com/ubuntu/pool/main/p/python-jmespath/python3-jmespath_0.9.4-2ubuntu1_all.deb	200	21500	ef40ebbbc21db690f9a68177d9ab734e402f39236f2bc46ea3d75baa48d75e3a	/home/aella/aws-discovery-bionic-focal-retry-20260831/upgrade-discovery/bionic-to-focal/runtime/deb-cache/23/07/23074957f054cec4a524a1e5db63b1eeecc1d0e56ce435aa9c1c1e4eb00165e6
bionic-to-focal	2026-08-31T11:37:43Z	GET	http://ap-northeast-2.ec2.archive.ubuntu.com/ubuntu/pool/main/p/python-json-pointer/python3-json-pointer_2.0-0ubuntu1_all.deb	http://ap-northeast-2.ec2.archive.ubuntu.com/ubuntu/pool/main/p/python-json-pointer/python3-json-pointer_2.0-0ubuntu1_all.deb	200	8320	17c302b65e6d9d3406a6b119388f1bab6bfe1269e108e135225b52d8d5639150	/home/aella/aws-discovery-bionic-focal-retry-20260831/upgrade-discovery/bionic-to-focal/runtime/deb-cache/07/8f/078f5c9fec3b7cf77f3fa6a067c891b633e2081c331c5e8ef9769416045e87de
bionic-to-focal	2026-08-31T11:37:43Z	GET	http://ap-northeast-2.ec2.archive.ubuntu.com/ubuntu/pool/main/p/python-json-patch/python3-jsonpatch_1.23-3_all.deb	http://ap-northeast-2.ec2.archive.ubuntu.com/ubuntu/pool/main/p/python-json-patch/python3-jsonpatch_1.23-3_all.deb	200	11964	5a001c95a16c3a2eb385557c6c8cf3f620cb998bc9f723555d8b550fdcdee91f	/home/aella/aws-discovery-bionic-focal-retry-20260831/upgrade-discovery/bionic-to-focal/runtime/deb-cache/c7/4a/c74a28c72a217ee537abf5da74dbb80f18351cb43027b63c16490a7138030df7
bionic-to-focal	2026-08-31T11:37:43Z	GET	http://ap-northeast-2.ec2.archive.ubuntu.com/ubuntu/pool/universe/p/pykerberos/python3-kerberos_1.1.14-3.1build1_amd64.deb	http://ap-northeast-2.ec2.archive.ubuntu.com/ubuntu/pool/universe/p/pykerberos/python3-kerberos_1.1.14-3.1build1_amd64.deb	200	22576	28a672efe0c62f1c0cb673c1b24b779b7634cea53359834c2de9466ac01e610d	/home/aella/aws-discovery-bionic-focal-retry-20260831/upgrade-discovery/bionic-to-focal/runtime/deb-cache/ef/18/ef188142235cbb57777f12f8343ad3792222d0af658700873f2af24a0c12446f
bionic-to-focal	2026-08-31T11:37:43Z	GET	http://ap-northeast-2.ec2.archive.ubuntu.com/ubuntu/pool/main/p/python-lockfile/python3-lockfile_0.12.2-2ubuntu2_all.deb	http://ap-northeast-2.ec2.archive.ubuntu.com/ubuntu/pool/main/p/python-lockfile/python3-lockfile_0.12.2-2ubuntu2_all.deb	200	14556	bbc2408ba33c9bc238668df073565bb10be6fbde8827ccb1559a060240df0e8e	/home/aella/aws-discovery-bionic-focal-retry-20260831/upgrade-discovery/bionic-to-focal/runtime/deb-cache/b0/d2/b0d2ecbd9b2a4570645b3f3ed776594cd5cd9689ef6a14409090c7ac8dcf2e2b
bionic-to-focal	2026-08-31T11:37:44Z	GET	http://ap-northeast-2.ec2.archive.ubuntu.com/ubuntu/pool/universe/libc/libcloud/python3-libcloud_2.8.0-1_all.deb	http://ap-northeast-2.ec2.archive.ubuntu.com/ubuntu/pool/universe/libc/libcloud/python3-libcloud_2.8.0-1_all.deb	200	1402528	46047c19442d3d894513993abdb886d5ae678f7c8f5e1b8a9411bc94361f7203	/home/aella/aws-discovery-bionic-focal-retry-20260831/upgrade-discovery/bionic-to-focal/runtime/deb-cache/95/7f/957f1864c496a63a9b53ee556e98fd3ddc72e36eca8fb2a50ea43c6f22a37033
bionic-to-focal	2026-08-31T11:37:44Z	GET	http://ap-northeast-2.ec2.archive.ubuntu.com/ubuntu/pool/universe/p/python-ntlm-auth/python3-ntlm-auth_1.1.0-1_all.deb	http://ap-northeast-2.ec2.archive.ubuntu.com/ubuntu/pool/universe/p/python-ntlm-auth/python3-ntlm-auth_1.1.0-1_all.deb	200	19556	62f73b67c93ef3da3aa95f43fcde438f706d03c5d0289308bb23926ece672d1d	/home/aella/aws-discovery-bionic-focal-retry-20260831/upgrade-discovery/bionic-to-focal/runtime/deb-cache/e3/5e/e35e73abbb109d9fdfd37cb7b86c5257df7252031d3e7070471317d94fc41530
bionic-to-focal	2026-08-31T11:37:44Z	GET	http://ap-northeast-2.ec2.archive.ubuntu.com/ubuntu/pool/main/p/prettytable/python3-prettytable_0.7.2-5_all.deb	http://ap-northeast-2.ec2.archive.ubuntu.com/ubuntu/pool/main/p/prettytable/python3-prettytable_0.7.2-5_all.deb	200	20084	00701185177ba2fb325ace197dbc52d55c594fd6d395a4c9dc1b06ae76d597d4	/home/aella/aws-discovery-bionic-focal-retry-20260831/upgrade-discovery/bionic-to-focal/runtime/deb-cache/6f/4d/6f4d1e2652ac509cbf7d376f1ed697c24bb8f3b69303e7a981d52c7d017d1f7d
bionic-to-focal	2026-08-31T11:37:45Z	GET	http://ap-northeast-2.ec2.archive.ubuntu.com/ubuntu/pool/universe/p/python-requests-kerberos/python3-requests-kerberos_0.12.0-2_all.deb	http://ap-northeast-2.ec2.archive.ubuntu.com/ubuntu/pool/universe/p/python-requests-kerberos/python3-requests-kerberos_0.12.0-2_all.deb	200	11892	f91e9c4e3668234cc7978ab8ee3e333983581ac3f3d300aa0e523b578aaef38a	/home/aella/aws-discovery-bionic-focal-retry-20260831/upgrade-discovery/bionic-to-focal/runtime/deb-cache/d0/9e/d09e53381d7cabf379174920b60cf5b856dfacda16cbd9b132dd6784ff7d5138
bionic-to-focal	2026-08-31T11:37:45Z	GET	http://ap-northeast-2.ec2.archive.ubuntu.com/ubuntu/pool/universe/p/python-requests-ntlm/python3-requests-ntlm_1.1.0-1_all.deb	http://ap-northeast-2.ec2.archive.ubuntu.com/ubuntu/pool/universe/p/python-requests-ntlm/python3-requests-ntlm_1.1.0-1_all.deb	200	6004	575e638f0f7ae047d07ed90517278bc78bad4b29974cc624b64da7ff697761ff	/home/aella/aws-discovery-bionic-focal-retry-20260831/upgrade-discovery/bionic-to-focal/runtime/deb-cache/90/c3/90c32584b25442579cf53fb4daa44c54890af859588e3e25243284f90999af88
bionic-to-focal	2026-08-31T11:37:45Z	GET	http://ap-northeast-2.ec2.archive.ubuntu.com/ubuntu/pool/universe/libs/libselinux/python3-selinux_3.0-1build2_amd64.deb	http://ap-northeast-2.ec2.archive.ubuntu.com/ubuntu/pool/universe/libs/libselinux/python3-selinux_3.0-1build2_amd64.deb	200	138508	1fae8d1c046067356d67fa556d7129edf8dc1748ad91db0dbfd4bf64373d654d	/home/aella/aws-discovery-bionic-focal-retry-20260831/upgrade-discovery/bionic-to-focal/runtime/deb-cache/62/8d/628dda2d1cd4d75f2a623f906d6dfca50743b8799df7ee8df5fbb5d006630c36
bionic-to-focal	2026-08-31T11:37:45Z	GET	http://ap-northeast-2.ec2.archive.ubuntu.com/ubuntu/pool/main/p/pyserial/python3-serial_3.4-5.1_all.deb	http://ap-northeast-2.ec2.archive.ubuntu.com/ubuntu/pool/main/p/pyserial/python3-serial_3.4-5.1_all.deb	200	72432	ea655af9ab61fca7182475e3c1249ad6d80ce8087980cae2b06ceb120059631f	/home/aella/aws-discovery-bionic-focal-retry-20260831/upgrade-discovery/bionic-to-focal/runtime/deb-cache/af/6e/af6e55efece50a4f5d25f481e8de5515dc22d24f5904258e4c6dec4b70880b35
bionic-to-focal	2026-08-31T11:37:45Z	GET	http://ap-northeast-2.ec2.archive.ubuntu.com/ubuntu/pool/universe/p/python-xmltodict/python3-xmltodict_0.12.0-1_all.deb	http://ap-northeast-2.ec2.archive.ubuntu.com/ubuntu/pool/universe/p/python-xmltodict/python3-xmltodict_0.12.0-1_all.deb	200	12552	19546b35ab64422c6e7c255dc2ee3eb13c9d794adadac500aee1ebdec21f6fbf	/home/aella/aws-discovery-bionic-focal-retry-20260831/upgrade-discovery/bionic-to-focal/runtime/deb-cache/51/5e/515edb9b44af3e2e50b43ad8190b35dd9d21f52c5f60a9cc67f173a90b3d8a8d
bionic-to-focal	2026-08-31T11:37:46Z	GET	http://ap-northeast-2.ec2.archive.ubuntu.com/ubuntu/pool/universe/p/pywinrm/python3-winrm_0.3.0-2_all.deb	http://ap-northeast-2.ec2.archive.ubuntu.com/ubuntu/pool/universe/p/pywinrm/python3-winrm_0.3.0-2_all.deb	200	21660	2ef350e930d8e32b15ed6c554d6fa0bc32a23e25d193bec2821cecb306a40ae8	/home/aella/aws-discovery-bionic-focal-retry-20260831/upgrade-discovery/bionic-to-focal/runtime/deb-cache/b0/f8/b0f84e8bf57ebfaed6b7b15663a0c2f61fda6d400b98fcd409ec900f1ee34c5c
bionic-to-focal	2026-08-31T11:37:46Z	GET	http://ap-northeast-2.ec2.archive.ubuntu.com/ubuntu/pool/main/s/sbsigntool/sbsigntool_0.9.2-2ubuntu1.1_amd64.deb	http://ap-northeast-2.ec2.archive.ubuntu.com/ubuntu/pool/main/s/sbsigntool/sbsigntool_0.9.2-2ubuntu1.1_amd64.deb	200	63848	bb2b2204a92de8a92318d696b9974def8e389b77e1034582a22eb71bf6a36b90	/home/aella/aws-discovery-bionic-focal-retry-20260831/upgrade-discovery/bionic-to-focal/runtime/deb-cache/f4/eb/f4eb1f53cea24d0a6c6fa73a5263e7fcd3006bef2039443e6f4ce8722a48a94d
bionic-to-focal	2026-08-31T11:37:46Z	GET	http://ap-northeast-2.ec2.archive.ubuntu.com/ubuntu/pool/main/s/secureboot-db/secureboot-db_1.5_amd64.deb	http://ap-northeast-2.ec2.archive.ubuntu.com/ubuntu/pool/main/s/secureboot-db/secureboot-db_1.5_amd64.deb	200	9080	c2e354247093bbde45b2ab476a1e9c125264c64847a099d88bcc8a28de1d6e2d	/home/aella/aws-discovery-bionic-focal-retry-20260831/upgrade-discovery/bionic-to-focal/runtime/deb-cache/fa/80/fa8085483245c3eadaaa5af2c8c48574f3cf5004afb69bbc5132cc7efc258629
bionic-to-focal	2026-08-31T11:37:46Z	GET	http://ap-northeast-2.ec2.archive.ubuntu.com/ubuntu/pool/main/t/thin-provisioning-tools/thin-provisioning-tools_0.8.5-4build1_amd64.deb	http://ap-northeast-2.ec2.archive.ubuntu.com/ubuntu/pool/main/t/thin-provisioning-tools/thin-provisioning-tools_0.8.5-4build1_amd64.deb	200	374636	fd20c5d1eb820e79df54500ae65e6c0b7357e598963962a96418dc89c04f7341	/home/aella/aws-discovery-bionic-focal-retry-20260831/upgrade-discovery/bionic-to-focal/runtime/deb-cache/0b/14/0b14f132995ef56a9e3d9af0abaf974b5ed607c0d35529f26b9a95d565388adc
bionic-to-focal	2026-08-31T11:37:46Z	GET	http://ap-northeast-2.ec2.archive.ubuntu.com/ubuntu/pool/main/u/ubuntu-advantage-desktop-daemon/ubuntu-advantage-desktop-daemon_1.10.ubuntu0.20.04.1_amd64.deb	http://ap-northeast-2.ec2.archive.ubuntu.com/ubuntu/pool/main/u/ubuntu-advantage-desktop-daemon/ubuntu-advantage-desktop-daemon_1.10.ubuntu0.20.04.1_amd64.deb	200	24412	6c6220ad70e177afe9f917babe8d1dc6e91f4558c4fdb596a6686ce2c971eac5	/home/aella/aws-discovery-bionic-focal-retry-20260831/upgrade-discovery/bionic-to-focal/runtime/deb-cache/69/b7/69b7d8ce6bdd0e904257f29067d111cb8b909705a0feee4f0beee35bf519b0c4
bionic-to-focal	2026-08-31T11:37:46Z	GET	http://ap-northeast-2.ec2.archive.ubuntu.com/ubuntu/pool/universe/u/ubuntu-keyring/ubuntu-cloudimage-keyring_2020.02.11.4_all.deb	http://ap-northeast-2.ec2.archive.ubuntu.com/ubuntu/pool/universe/u/ubuntu-keyring/ubuntu-cloudimage-keyring_2020.02.11.4_all.deb	200	1736	3517d8a77222c1b833ad0ec97c9298fa33e38ecc688b940b9b4a16131b16bf92	/home/aella/aws-discovery-bionic-focal-retry-20260831/upgrade-discovery/bionic-to-focal/runtime/deb-cache/df/6a/df6a0dd8d9e137832e128b543dc2b456acd67d9b243eb53a011ea79dcaf4cff5
bionic-to-focal	2026-08-31T11:37:46Z	GET	http://ap-northeast-2.ec2.archive.ubuntu.com/ubuntu/pool/main/u/udisks2/udisks2_2.8.4-1ubuntu2_amd64.deb	http://ap-northeast-2.ec2.archive.ubuntu.com/ubuntu/pool/main/u/udisks2/udisks2_2.8.4-1ubuntu2_amd64.deb	200	244664	b33c81df51c17cbf88e6b85af1f1b55db20fd1bda8164940de47af9266d3967b	/home/aella/aws-discovery-bionic-focal-retry-20260831/upgrade-discovery/bionic-to-focal/runtime/deb-cache/12/8f/128f1d37d20982e9e0d109655c2bd28bbbf092a14faa3c4701d310352b7a5912
bionic-to-focal	2026-08-31T11:37:46Z	GET	http://ap-northeast-2.ec2.archive.ubuntu.com/ubuntu/pool/universe/s/shadow/uidmap_4.8.1-1ubuntu5.20.04.5_amd64.deb	http://ap-northeast-2.ec2.archive.ubuntu.com/ubuntu/pool/universe/s/shadow/uidmap_4.8.1-1ubuntu5.20.04.5_amd64.deb	200	26016	410dc100f814b8491f661cb8fdb68e89f0f8e9f2aeef370d79617b285fe16114	/home/aella/aws-discovery-bionic-focal-retry-20260831/upgrade-discovery/bionic-to-focal/runtime/deb-cache/57/5e/575e665b79f9420bc7742d0fc95b7d6d138b39f57cd8682498c95562b0c94360
bionic-to-focal	2026-08-31T11:37:46Z	GET	http://ap-northeast-2.ec2.archive.ubuntu.com/ubuntu/pool/main/u/unattended-upgrades/unattended-upgrades_2.3ubuntu0.3_all.deb	http://ap-northeast-2.ec2.archive.ubuntu.com/ubuntu/pool/main/u/unattended-upgrades/unattended-upgrades_2.3ubuntu0.3_all.deb	200	48472	7fe98ee37d016a22d9d54c343c943fca2accbbda5cad1d0d6bc0fee9a3d99dad	/home/aella/aws-discovery-bionic-focal-retry-20260831/upgrade-discovery/bionic-to-focal/runtime/deb-cache/c0/01/c001b712ee80e3f08b0641049ba65e011266479fb98be1bbce063ec3ba089198
bionic-to-focal	2026-08-31T11:37:46Z	GET	http://ap-northeast-2.ec2.archive.ubuntu.com/ubuntu/pool/main/u/unzip/unzip_6.0-25ubuntu1.2_amd64.deb	http://ap-northeast-2.ec2.archive.ubuntu.com/ubuntu/pool/main/u/unzip/unzip_6.0-25ubuntu1.2_amd64.deb	200	168524	5242c148d3f482b9f1f009185e2e323b04b63b40661e3a22c8347fc069953289	/home/aella/aws-discovery-bionic-focal-retry-20260831/upgrade-discovery/bionic-to-focal/runtime/deb-cache/35/90/3590caf5c1e3cdfc54cbae632c8d165cc0675f1b2e92a375881ca48cdfcde2fe
bionic-to-focal	2026-08-31T11:37:46Z	GET	http://ap-northeast-2.ec2.archive.ubuntu.com/ubuntu/pool/main/x/xml-core/xml-core_0.18%2bnmu1_all.deb	http://ap-northeast-2.ec2.archive.ubuntu.com/ubuntu/pool/main/x/xml-core/xml-core_0.18%2bnmu1_all.deb	200	21592	ca2d6758bdd3d9bb789b9be48838930bd6be130d524fac4133d8e9e60a39f4e8	/home/aella/aws-discovery-bionic-focal-retry-20260831/upgrade-discovery/bionic-to-focal/runtime/deb-cache/65/66/656626458ad2f20b61a6dd328c821432640989c12fc8c074c29f614281ef3d67
bionic-to-focal	2026-08-31T11:37:46Z	GET	http://ap-northeast-2.ec2.archive.ubuntu.com/ubuntu/pool/main/g/grub-legacy-ec2/grub-legacy-ec2_1ubuntu1_all.deb	http://ap-northeast-2.ec2.archive.ubuntu.com/ubuntu/pool/main/g/grub-legacy-ec2/grub-legacy-ec2_1ubuntu1_all.deb	200	19564	6a9f0ac87febc76963ca0a17f94f2e75c42581e7ab5e928bf8267bbde099d2c0	/home/aella/aws-discovery-bionic-focal-retry-20260831/upgrade-discovery/bionic-to-focal/runtime/deb-cache/29/22/29223a8001f1daf142013caa19417b34d43d00021cdef99ab1e160d8a0cb04a3
bionic-to-focal	2026-08-31T11:37:47Z	GET	http://ap-northeast-2.ec2.archive.ubuntu.com/ubuntu/pool/universe/p/python-lockfile/python-lockfile_0.12.2-2ubuntu2_all.deb	http://ap-northeast-2.ec2.archive.ubuntu.com/ubuntu/pool/universe/p/python-lockfile/python-lockfile_0.12.2-2ubuntu2_all.deb	200	14436	61db5d02c5f71b96bfd5ff717d4ae6c0b94774e7c0a328699f46422aa5c20f03	/home/aella/aws-discovery-bionic-focal-retry-20260831/upgrade-discovery/bionic-to-focal/runtime/deb-cache/4f/4f/4f4f375f4b3cecd6883ad264986253a56ed427ab86fecd6e895d1cb4a20a4d6e
bionic-to-focal	2026-08-31T11:37:47Z	GET	http://ap-northeast-2.ec2.archive.ubuntu.com/ubuntu/pool/universe/p/pycurl/python-pycurl_7.43.0.2-1ubuntu5_amd64.deb	http://ap-northeast-2.ec2.archive.ubuntu.com/ubuntu/pool/universe/p/pycurl/python-pycurl_7.43.0.2-1ubuntu5_amd64.deb	200	46016	920cd93bbd0da5e72d89f60830dd552ece21c79a7005f87fedf0f4974da8f03a	/home/aella/aws-discovery-bionic-focal-retry-20260831/upgrade-discovery/bionic-to-focal/runtime/deb-cache/81/3e/813ee100f6e099d0d1e5b1b762140b6645e52151059f3afc0b57f5868454e24e
bionic-to-focal	2026-08-31T11:37:47Z	GET	http://ap-northeast-2.ec2.archive.ubuntu.com/ubuntu/pool/universe/r/resolvconf/resolvconf_1.82_all.deb	http://ap-northeast-2.ec2.archive.ubuntu.com/ubuntu/pool/universe/r/resolvconf/resolvconf_1.82_all.deb	200	54712	533d63f2c0b9d351dae6b5f32a855e910615bab7d38c4f06974a88d3b1ae6877	/home/aella/aws-discovery-bionic-focal-retry-20260831/upgrade-discovery/bionic-to-focal/runtime/deb-cache/27/76/2776eb3c67e1271f420a64cf1f5631f265ab4404243df68d2e78a57e6737e8cf
bionic-to-focal	2026-08-31T11:37:47Z	GET	http://ap-northeast-2.ec2.archive.ubuntu.com/ubuntu/pool/main/s/socat/socat_1.7.3.3-2_amd64.deb	http://ap-northeast-2.ec2.archive.ubuntu.com/ubuntu/pool/main/s/socat/socat_1.7.3.3-2_amd64.deb	200	322680	deeaf50bf877d5474fb8654695ab745a54da20e1536a5d5a9492c0966f9c01cf	/home/aella/aws-discovery-bionic-focal-retry-20260831/upgrade-discovery/bionic-to-focal/runtime/deb-cache/35/e8/35e873a00c4f6c6870b33d5312ed3ca7f3be4ca921efb5d44668ae4a5eaef139
bionic-to-focal	2026-08-31T11:37:47Z	GET	http://ap-northeast-2.ec2.archive.ubuntu.com/ubuntu/pool/main/s/ssh-import-id/ssh-import-id_5.10-0ubuntu1_all.deb	http://ap-northeast-2.ec2.archive.ubuntu.com/ubuntu/pool/main/s/ssh-import-id/ssh-import-id_5.10-0ubuntu1_all.deb	200	10040	4bad6e4b9adfc87b4c1efca15ae8968b7fe6ed42e6a0fb2ee749ab9ea4e0099f	/home/aella/aws-discovery-bionic-focal-retry-20260831/upgrade-discovery/bionic-to-focal/runtime/deb-cache/36/dc/36dcfb63e8db338abbd03d8fa4d5ef8177a15948ad480c52ea3f8302204bd015
bionic-to-focal	2026-08-31T11:37:47Z	GET	http://ap-northeast-2.ec2.archive.ubuntu.com/ubuntu/pool/main/u/usb-modeswitch-data/usb-modeswitch-data_20191128-3_all.deb	http://ap-northeast-2.ec2.archive.ubuntu.com/ubuntu/pool/main/u/usb-modeswitch-data/usb-modeswitch-data_20191128-3_all.deb	200	32328	96f668293247b0a754301d4983dc49b1c343a1f536a96f5854cbfd03d32e496d	/home/aella/aws-discovery-bionic-focal-retry-20260831/upgrade-discovery/bionic-to-focal/runtime/deb-cache/a9/de/a9deab23843fb9b12cb0cde60bffe5ff1690cc3de3d53c7d37417c77387ca23c
bionic-to-focal	2026-08-31T11:37:47Z	GET	http://ap-northeast-2.ec2.archive.ubuntu.com/ubuntu/pool/main/u/usb-modeswitch/usb-modeswitch_2.5.2%2brepack0-2ubuntu3_amd64.deb	http://ap-northeast-2.ec2.archive.ubuntu.com/ubuntu/pool/main/u/usb-modeswitch/usb-modeswitch_2.5.2%2brepack0-2ubuntu3_amd64.deb	200	53128	760cc7246b8b53889cad1bc7ced7b4ebd4c7618f5474b4e018ed70201b1cd66d	/home/aella/aws-discovery-bionic-focal-retry-20260831/upgrade-discovery/bionic-to-focal/runtime/deb-cache/8f/b7/8fb7b48eebe3082dffe2009ff0966c1aadb0ea1f18909db45fd5bd7c3b764723
bionic-to-focal	2026-08-31T11:37:48Z	GET	http://ap-northeast-2.ec2.archive.ubuntu.com/ubuntu/pool/universe/v/vlan/vlan_2.0.4ubuntu1.20.04.1_all.deb	http://ap-northeast-2.ec2.archive.ubuntu.com/ubuntu/pool/universe/v/vlan/vlan_2.0.4ubuntu1.20.04.1_all.deb	200	11340	a691147b02a07a7fd352850247ce7b0d9062664811557d26602f0db364b4cc16	/home/aella/aws-discovery-bionic-focal-retry-20260831/upgrade-discovery/bionic-to-focal/runtime/deb-cache/af/5c/af5cc540f685a054ac22bb15f652e3f7abb6f789ce7203b7609aa266a20d8c3c
bionic-to-focal	2026-08-31T11:37:48Z	GET	http://ap-northeast-2.ec2.archive.ubuntu.com/ubuntu/pool/main/z/zerofree/zerofree_1.1.1-1_amd64.deb	http://ap-northeast-2.ec2.archive.ubuntu.com/ubuntu/pool/main/z/zerofree/zerofree_1.1.1-1_amd64.deb	200	8520	92e5759f8a856237fda0978fae0a4ff024615126583f6eb88367ec78f82451e8	/home/aella/aws-discovery-bionic-focal-retry-20260831/upgrade-discovery/bionic-to-focal/runtime/deb-cache/71/40/7140c2545b1301a1cd0198e35fa429d6fc9733ecc9e98e7ed3add0d7d89244d1
