hop	package	version	architecture	source_package	filename	repository_host	suite	component	size_bytes	sha256	original_url	final_url	requested	downloaded	installed	evidence_source
bionic-to-focal	gcc-10-base	10.5.0-1ubuntu1%7e20.04	amd64	gcc-10-base	gcc-10-base_10.5.0-1ubuntu1%7e20.04_amd64.deb	ap-northeast-2.ec2.archive.ubuntu.com		main	20776	8fac06791057b1bba6178466e160bb3ec2a795297f10e88e34daf762572ed5c0	http://ap-northeast-2.ec2.archive.ubuntu.com/ubuntu/pool/main/g/gcc-10/gcc-10-base_10.5.0-1ubuntu1%7e20.04_amd64.deb	http://ap-northeast-2.ec2.archive.ubuntu.com/ubuntu/pool/main/g/gcc-10/gcc-10-base_10.5.0-1ubuntu1%7e20.04_amd64.deb	true	true	true	proxy_access_log
bionic-to-focal	libgcc-s1	10.5.0-1ubuntu1%7e20.04	amd64	libgcc-s1	libgcc-s1_10.5.0-1ubuntu1%7e20.04_amd64.deb	ap-northeast-2.ec2.archive.ubuntu.com		main	41824	4aa7b9c9f3225df65a750ae0ff5c890fc6108c82a609b3c5abd45d211838bf3c	http://ap-northeast-2.ec2.archive.ubuntu.com/ubuntu/pool/main/g/gcc-10/libgcc-s1_10.5.0-1ubuntu1%7e20.04_amd64.deb	http://ap-northeast-2.ec2.archive.ubuntu.com/ubuntu/pool/main/g/gcc-10/libgcc-s1_10.5.0-1ubuntu1%7e20.04_amd64.deb	true	true	true	proxy_access_log
bionic-to-focal	libcrypt1	4.4.10-10ubuntu4	amd64	libcrypt1	libcrypt1_4.4.10-10ubuntu4_amd64.deb	ap-northeast-2.ec2.archive.ubuntu.com		main	78204	231b4dbbe5865775f118cfa61394f1e16fa7102b6953a327e672499a20876d73	http://ap-northeast-2.ec2.archive.ubuntu.com/ubuntu/pool/main/libx/libxcrypt/libcrypt1_4.4.10-10ubuntu4_amd64.deb	http://ap-northeast-2.ec2.archive.ubuntu.com/ubuntu/pool/main/libx/libxcrypt/libcrypt1_4.4.10-10ubuntu4_amd64.deb	true	true	true	proxy_access_log
bionic-to-focal	libc6	2.31-0ubuntu9.18	amd64	glibc	libc6_2.31-0ubuntu9.18_amd64.deb	ap-northeast-2.ec2.archive.ubuntu.com		main	2720364	1b2281aac4935dfea1f89dfc19e445fdbb45303202af60679ccb8bf035f081a0	http://ap-northeast-2.ec2.archive.ubuntu.com/ubuntu/pool/main/g/glibc/libc6_2.31-0ubuntu9.18_amd64.deb	http://ap-northeast-2.ec2.archive.ubuntu.com/ubuntu/pool/main/g/glibc/libc6_2.31-0ubuntu9.18_amd64.deb	true	true	true	proxy_access_log
bionic-to-focal	libc-bin	2.31-0ubuntu9.18	amd64	glibc	libc-bin_2.31-0ubuntu9.18_amd64.deb	ap-northeast-2.ec2.archive.ubuntu.com		main	635760	44a3c32675252c55998e083f511564fe5b6540ad189d6b46355ad2372b9ed498	http://ap-northeast-2.ec2.archive.ubuntu.com/ubuntu/pool/main/g/glibc/libc-bin_2.31-0ubuntu9.18_amd64.deb	http://ap-northeast-2.ec2.archive.ubuntu.com/ubuntu/pool/main/g/glibc/libc-bin_2.31-0ubuntu9.18_amd64.deb	true	true	true	proxy_access_log
bionic-to-focal	locales	2.31-0ubuntu9.18	all	glibc	locales_2.31-0ubuntu9.18_all.deb	ap-northeast-2.ec2.archive.ubuntu.com		main	3864040	1b3da153bb6db4453ebf355f52b29db84b473bd6315f2fcb45eaf2df8e99c2ac	http://ap-northeast-2.ec2.archive.ubuntu.com/ubuntu/pool/main/g/glibc/locales_2.31-0ubuntu9.18_all.deb	http://ap-northeast-2.ec2.archive.ubuntu.com/ubuntu/pool/main/g/glibc/locales_2.31-0ubuntu9.18_all.deb	true	true	true	proxy_access_log
bionic-to-focal	libc-dev-bin	2.31-0ubuntu9.18	amd64	glibc	libc-dev-bin_2.31-0ubuntu9.18_amd64.deb	ap-northeast-2.ec2.archive.ubuntu.com		main	71692	fa27f5aaf9f954c706f4f5b8df599c8697f1cf413520abc56d4578dcb50db216	http://ap-northeast-2.ec2.archive.ubuntu.com/ubuntu/pool/main/g/glibc/libc-dev-bin_2.31-0ubuntu9.18_amd64.deb	http://ap-northeast-2.ec2.archive.ubuntu.com/ubuntu/pool/main/g/glibc/libc-dev-bin_2.31-0ubuntu9.18_amd64.deb	true	true	true	proxy_access_log
bionic-to-focal	manpages	5.05-1	all	manpages	manpages_5.05-1_all.deb	ap-northeast-2.ec2.archive.ubuntu.com		main	1314408	726c7d3207d211188d3b0483972683d0c1e2408809f27a59466e123f0131113a	http://ap-northeast-2.ec2.archive.ubuntu.com/ubuntu/pool/main/m/manpages/manpages_5.05-1_all.deb	http://ap-northeast-2.ec2.archive.ubuntu.com/ubuntu/pool/main/m/manpages/manpages_5.05-1_all.deb	true	true	true	proxy_access_log
bionic-to-focal	manpages-dev	5.05-1	all	manpages	manpages-dev_5.05-1_all.deb	ap-northeast-2.ec2.archive.ubuntu.com		main	2265524	512c79390eb690ee9e60943f233d45141c04a511eee9573888e795f523979d25	http://ap-northeast-2.ec2.archive.ubuntu.com/ubuntu/pool/main/m/manpages/manpages-dev_5.05-1_all.deb	http://ap-northeast-2.ec2.archive.ubuntu.com/ubuntu/pool/main/m/manpages/manpages-dev_5.05-1_all.deb	true	true	true	proxy_access_log
bionic-to-focal	libc6-dev	2.31-0ubuntu9.18	amd64	glibc	libc6-dev_2.31-0ubuntu9.18_amd64.deb	ap-northeast-2.ec2.archive.ubuntu.com		main	2519636	11029900f2315b93ce487792ae1bf15f0927e5e50880c091e6a440b14d4e164a	http://ap-northeast-2.ec2.archive.ubuntu.com/ubuntu/pool/main/g/glibc/libc6-dev_2.31-0ubuntu9.18_amd64.deb	http://ap-northeast-2.ec2.archive.ubuntu.com/ubuntu/pool/main/g/glibc/libc6-dev_2.31-0ubuntu9.18_amd64.deb	true	true	true	proxy_access_log
bionic-to-focal	libcrypt-dev	4.4.10-10ubuntu4	amd64	libcrypt-dev	libcrypt-dev_4.4.10-10ubuntu4_amd64.deb	ap-northeast-2.ec2.archive.ubuntu.com		main	104104	f0a41d8e8cf379dbbdfc43169f34851ed452b3581e72c6654f2e290caf4e1b20	http://ap-northeast-2.ec2.archive.ubuntu.com/ubuntu/pool/main/libx/libxcrypt/libcrypt-dev_4.4.10-10ubuntu4_amd64.deb	http://ap-northeast-2.ec2.archive.ubuntu.com/ubuntu/pool/main/libx/libxcrypt/libcrypt-dev_4.4.10-10ubuntu4_amd64.deb	true	true	true	proxy_access_log
bionic-to-focal	libalgorithm-diff-xs-perl	0.04-6	amd64	libalgorithm-diff-xs-perl	libalgorithm-diff-xs-perl_0.04-6_amd64.deb	ap-northeast-2.ec2.archive.ubuntu.com		main	11344	e32bb578b65b5e50ae14c1aa8fcea4c59d9dc6b93de5ae685b91ea0be9b54172	http://ap-northeast-2.ec2.archive.ubuntu.com/ubuntu/pool/main/liba/libalgorithm-diff-xs-perl/libalgorithm-diff-xs-perl_0.04-6_amd64.deb	http://ap-northeast-2.ec2.archive.ubuntu.com/ubuntu/pool/main/liba/libalgorithm-diff-xs-perl/libalgorithm-diff-xs-perl_0.04-6_amd64.deb	true	true	true	proxy_access_log
bionic-to-focal	libapparmor-perl	2.13.3-7ubuntu5.4	amd64	apparmor	libapparmor-perl_2.13.3-7ubuntu5.4_amd64.deb	ap-northeast-2.ec2.archive.ubuntu.com		main	33496	cc3e96f9141a7d70c80b07305f4d8ae7cae49ed487ceef3b4732fd12ea1c6869	http://ap-northeast-2.ec2.archive.ubuntu.com/ubuntu/pool/main/a/apparmor/libapparmor-perl_2.13.3-7ubuntu5.4_amd64.deb	http://ap-northeast-2.ec2.archive.ubuntu.com/ubuntu/pool/main/a/apparmor/libapparmor-perl_2.13.3-7ubuntu5.4_amd64.deb	true	true	true	proxy_access_log
bionic-to-focal	libfile-fcntllock-perl	0.22-3build4	amd64	libfile-fcntllock-perl	libfile-fcntllock-perl_0.22-3build4_amd64.deb	ap-northeast-2.ec2.archive.ubuntu.com		main	33052	50fd9b79824a5d3a5b47b10494fa73706ef399e421dafff7e198b32eabfc1d60	http://ap-northeast-2.ec2.archive.ubuntu.com/ubuntu/pool/main/libf/libfile-fcntllock-perl/libfile-fcntllock-perl_0.22-3build4_amd64.deb	http://ap-northeast-2.ec2.archive.ubuntu.com/ubuntu/pool/main/libf/libfile-fcntllock-perl/libfile-fcntllock-perl_0.22-3build4_amd64.deb	true	true	true	proxy_access_log
bionic-to-focal	libtext-charwidth-perl	0.04-10	amd64	libtext-charwidth-perl	libtext-charwidth-perl_0.04-10_amd64.deb	ap-northeast-2.ec2.archive.ubuntu.com		main	9872	17ffff355d023ff60f1b57c96505f5f6246f22d97cfb07a06486f1a5dcf5eceb	http://ap-northeast-2.ec2.archive.ubuntu.com/ubuntu/pool/main/libt/libtext-charwidth-perl/libtext-charwidth-perl_0.04-10_amd64.deb	http://ap-northeast-2.ec2.archive.ubuntu.com/ubuntu/pool/main/libt/libtext-charwidth-perl/libtext-charwidth-perl_0.04-10_amd64.deb	true	true	true	proxy_access_log
bionic-to-focal	perl-modules-5.30	5.30.0-9ubuntu0.5	all	perl	perl-modules-5.30_5.30.0-9ubuntu0.5_all.deb	ap-northeast-2.ec2.archive.ubuntu.com		main	2738632	f2093f468af836518bfe80269a94526c75c9c67582e45adf1ec4ed305fd9ee6e	http://ap-northeast-2.ec2.archive.ubuntu.com/ubuntu/pool/main/p/perl/perl-modules-5.30_5.30.0-9ubuntu0.5_all.deb	http://ap-northeast-2.ec2.archive.ubuntu.com/ubuntu/pool/main/p/perl/perl-modules-5.30_5.30.0-9ubuntu0.5_all.deb	true	true	true	proxy_access_log
bionic-to-focal	libgdbm6	1.18.1-5	amd64	gdbm	libgdbm6_1.18.1-5_amd64.deb	ap-northeast-2.ec2.archive.ubuntu.com		main	27352	8ac1108585490fc2321df8d27cc565054003d86fab0ab8b8e2a4a2d050a53098	http://ap-northeast-2.ec2.archive.ubuntu.com/ubuntu/pool/main/g/gdbm/libgdbm6_1.18.1-5_amd64.deb	http://ap-northeast-2.ec2.archive.ubuntu.com/ubuntu/pool/main/g/gdbm/libgdbm6_1.18.1-5_amd64.deb	true	true	true	proxy_access_log
bionic-to-focal	libgdbm-compat4	1.18.1-5	amd64	gdbm	libgdbm-compat4_1.18.1-5_amd64.deb	ap-northeast-2.ec2.archive.ubuntu.com		main	6244	4f93394bda7be86b94fb32ac1bdf1a0b7124b8150962b55512371c3a816a382d	http://ap-northeast-2.ec2.archive.ubuntu.com/ubuntu/pool/main/g/gdbm/libgdbm-compat4_1.18.1-5_amd64.deb	http://ap-northeast-2.ec2.archive.ubuntu.com/ubuntu/pool/main/g/gdbm/libgdbm-compat4_1.18.1-5_amd64.deb	true	true	true	proxy_access_log
bionic-to-focal	libperl5.30	5.30.0-9ubuntu0.5	amd64	perl	libperl5.30_5.30.0-9ubuntu0.5_amd64.deb	ap-northeast-2.ec2.archive.ubuntu.com		main	3941284	7546cd8f74d9300823c4470a55abf2e6e97be1961e2033cd927e775b774eba3d	http://ap-northeast-2.ec2.archive.ubuntu.com/ubuntu/pool/main/p/perl/libperl5.30_5.30.0-9ubuntu0.5_amd64.deb	http://ap-northeast-2.ec2.archive.ubuntu.com/ubuntu/pool/main/p/perl/libperl5.30_5.30.0-9ubuntu0.5_amd64.deb	true	true	true	proxy_access_log
bionic-to-focal	perl	5.30.0-9ubuntu0.5	amd64	perl	perl_5.30.0-9ubuntu0.5_amd64.deb	ap-northeast-2.ec2.archive.ubuntu.com		main	224128	e98e1122172fe4d32bf45503c2dedf5d4771a2995a7070f19bb8d31e998c0fb5	http://ap-northeast-2.ec2.archive.ubuntu.com/ubuntu/pool/main/p/perl/perl_5.30.0-9ubuntu0.5_amd64.deb	http://ap-northeast-2.ec2.archive.ubuntu.com/ubuntu/pool/main/p/perl/perl_5.30.0-9ubuntu0.5_amd64.deb	true	true	true	proxy_access_log
bionic-to-focal	perl-base	5.30.0-9ubuntu0.5	amd64	perl	perl-base_5.30.0-9ubuntu0.5_amd64.deb	ap-northeast-2.ec2.archive.ubuntu.com		main	1513756	9997a2d7cf8a0ce2270730414c269e04a3ad6457280c21741c9e8f2489b18ba7	http://ap-northeast-2.ec2.archive.ubuntu.com/ubuntu/pool/main/p/perl/perl-base_5.30.0-9ubuntu0.5_amd64.deb	http://ap-northeast-2.ec2.archive.ubuntu.com/ubuntu/pool/main/p/perl/perl-base_5.30.0-9ubuntu0.5_amd64.deb	true	true	true	proxy_access_log
bionic-to-focal	liblocale-gettext-perl	1.07-4	amd64	liblocale-gettext-perl	liblocale-gettext-perl_1.07-4_amd64.deb	ap-northeast-2.ec2.archive.ubuntu.com		main	17064	515b360061fc10026269b7142df84c6bf2f68b2e2f87a623ea7af2d9486e7394	http://ap-northeast-2.ec2.archive.ubuntu.com/ubuntu/pool/main/libl/liblocale-gettext-perl/liblocale-gettext-perl_1.07-4_amd64.deb	http://ap-northeast-2.ec2.archive.ubuntu.com/ubuntu/pool/main/libl/liblocale-gettext-perl/liblocale-gettext-perl_1.07-4_amd64.deb	true	true	true	proxy_access_log
bionic-to-focal	libtext-iconv-perl	1.7-7	amd64	libtext-iconv-perl	libtext-iconv-perl_1.7-7_amd64.deb	ap-northeast-2.ec2.archive.ubuntu.com		main	13792	ffdb37b19ff0da7178dd482321f3ce7df2b6259a89b60be4e942bbcda9509e02	http://ap-northeast-2.ec2.archive.ubuntu.com/ubuntu/pool/main/libt/libtext-iconv-perl/libtext-iconv-perl_1.7-7_amd64.deb	http://ap-northeast-2.ec2.archive.ubuntu.com/ubuntu/pool/main/libt/libtext-iconv-perl/libtext-iconv-perl_1.7-7_amd64.deb	true	true	true	proxy_access_log
bionic-to-focal	rename	1.10-1	all	rename	rename_1.10-1_all.deb	ap-northeast-2.ec2.archive.ubuntu.com		universe	16148	281cabab7c8d7fdd586bdc54cb0e5fb2e9da0a2e11df9d0c1f654bcb031ea81f	http://ap-northeast-2.ec2.archive.ubuntu.com/ubuntu/pool/universe/r/rename/rename_1.10-1_all.deb	http://ap-northeast-2.ec2.archive.ubuntu.com/ubuntu/pool/universe/r/rename/rename_1.10-1_all.deb	true	true	true	proxy_access_log
bionic-to-focal	bzip2	1.0.8-2	amd64	bzip2	bzip2_1.0.8-2_amd64.deb	ap-northeast-2.ec2.archive.ubuntu.com		main	34064	9201778f5a3bd4ff685d41cd677660129e57c544b7526f20ff8c48318c63dbe8	http://ap-northeast-2.ec2.archive.ubuntu.com/ubuntu/pool/main/b/bzip2/bzip2_1.0.8-2_amd64.deb	http://ap-northeast-2.ec2.archive.ubuntu.com/ubuntu/pool/main/b/bzip2/bzip2_1.0.8-2_amd64.deb	true	true	true	proxy_access_log
bionic-to-focal	libbz2-1.0	1.0.8-2	amd64	bzip2	libbz2-1.0_1.0.8-2_amd64.deb	ap-northeast-2.ec2.archive.ubuntu.com		main	32308	f3632ec38402ca0f9c61a6854469f1a0eba9389d3f73827b466033c3d5bbec69	http://ap-northeast-2.ec2.archive.ubuntu.com/ubuntu/pool/main/b/bzip2/libbz2-1.0_1.0.8-2_amd64.deb	http://ap-northeast-2.ec2.archive.ubuntu.com/ubuntu/pool/main/b/bzip2/libbz2-1.0_1.0.8-2_amd64.deb	true	true	true	proxy_access_log
bionic-to-focal	libdb5.3	5.3.28%2bdfsg1-0.6ubuntu2	amd64	libdb5.3	libdb5.3_5.3.28%2bdfsg1-0.6ubuntu2_amd64.deb	ap-northeast-2.ec2.archive.ubuntu.com		main	675076	330775026b5e31340387fb58e12e40e241ca34cbbb6c0c28331bd83cb47c3656	http://ap-northeast-2.ec2.archive.ubuntu.com/ubuntu/pool/main/d/db5.3/libdb5.3_5.3.28%2bdfsg1-0.6ubuntu2_amd64.deb	http://ap-northeast-2.ec2.archive.ubuntu.com/ubuntu/pool/main/d/db5.3/libdb5.3_5.3.28%2bdfsg1-0.6ubuntu2_amd64.deb	true	true	true	proxy_access_log
bionic-to-focal	zlib1g	1.2.11.dfsg-2ubuntu1.5	amd64	zlib1g	zlib1g_1.2.11.dfsg-2ubuntu1.5_amd64.deb	ap-northeast-2.ec2.archive.ubuntu.com		main	54164	bf67018f5303466eb468680b637a5d3f3bb17b9d44decf3d82d40b35babcd3e0	http://ap-northeast-2.ec2.archive.ubuntu.com/ubuntu/pool/main/z/zlib/zlib1g_1.2.11.dfsg-2ubuntu1.5_amd64.deb	http://ap-northeast-2.ec2.archive.ubuntu.com/ubuntu/pool/main/z/zlib/zlib1g_1.2.11.dfsg-2ubuntu1.5_amd64.deb	true	true	true	proxy_access_log
bionic-to-focal	libalgorithm-diff-perl	1.19.03-2	all	libalgorithm-diff-perl	libalgorithm-diff-perl_1.19.03-2_all.deb	ap-northeast-2.ec2.archive.ubuntu.com		main	46616	6e774aa293dfa6c33222c9f7443354e94d86d86e2888b9e7a28a136f4c03a0c3	http://ap-northeast-2.ec2.archive.ubuntu.com/ubuntu/pool/main/liba/libalgorithm-diff-perl/libalgorithm-diff-perl_1.19.03-2_all.deb	http://ap-northeast-2.ec2.archive.ubuntu.com/ubuntu/pool/main/liba/libalgorithm-diff-perl/libalgorithm-diff-perl_1.19.03-2_all.deb	true	true	true	proxy_access_log
bionic-to-focal	libapparmor1	2.13.3-7ubuntu5.4	amd64	apparmor	libapparmor1_2.13.3-7ubuntu5.4_amd64.deb	ap-northeast-2.ec2.archive.ubuntu.com		main	36044	7d2599a015821e56a019762643618e2c8cbeeb84ef5debcc7b205f658908a147	http://ap-northeast-2.ec2.archive.ubuntu.com/ubuntu/pool/main/a/apparmor/libapparmor1_2.13.3-7ubuntu5.4_amd64.deb	http://ap-northeast-2.ec2.archive.ubuntu.com/ubuntu/pool/main/a/apparmor/libapparmor1_2.13.3-7ubuntu5.4_amd64.deb	true	true	true	proxy_access_log
bionic-to-focal	libtext-wrapi18n-perl	0.06-9	all	libtext-wrapi18n-perl	libtext-wrapi18n-perl_0.06-9_all.deb	ap-northeast-2.ec2.archive.ubuntu.com		main	8264	a1bbfbe0d94907ea023f2051f8a3e99b3e7a23b1eac0be57e8a69e15031f450b	http://ap-northeast-2.ec2.archive.ubuntu.com/ubuntu/pool/main/libt/libtext-wrapi18n-perl/libtext-wrapi18n-perl_0.06-9_all.deb	http://ap-northeast-2.ec2.archive.ubuntu.com/ubuntu/pool/main/libt/libtext-wrapi18n-perl/libtext-wrapi18n-perl_0.06-9_all.deb	true	true	true	proxy_access_log
bionic-to-focal	debconf-i18n	1.5.73	all	debconf	debconf-i18n_1.5.73_all.deb	ap-northeast-2.ec2.archive.ubuntu.com		main	206284	7637583a6a3793c8addcbb8c093ca3c3ba2b86c82d28e72bbc116c022f66c568	http://ap-northeast-2.ec2.archive.ubuntu.com/ubuntu/pool/main/d/debconf/debconf-i18n_1.5.73_all.deb	http://ap-northeast-2.ec2.archive.ubuntu.com/ubuntu/pool/main/d/debconf/debconf-i18n_1.5.73_all.deb	true	true	true	proxy_access_log
bionic-to-focal	libffi7	3.3-4	amd64	libffi	libffi7_3.3-4_amd64.deb	ap-northeast-2.ec2.archive.ubuntu.com		main	19688	4584aa8fef1bf5086168ce2f7078cd2ebd78fdc4cc0d86d958d795d4e0b0f50d	http://ap-northeast-2.ec2.archive.ubuntu.com/ubuntu/pool/main/libf/libffi/libffi7_3.3-4_amd64.deb	http://ap-northeast-2.ec2.archive.ubuntu.com/ubuntu/pool/main/libf/libffi/libffi7_3.3-4_amd64.deb	true	true	true	proxy_access_log
bionic-to-focal	libtinfo6	6.2-0ubuntu2.1	amd64	ncurses	libtinfo6_6.2-0ubuntu2.1_amd64.deb	ap-northeast-2.ec2.archive.ubuntu.com		main	87420	711a3a901c3a71561565558865699efa9c07a99fdc810ffe086a5636f89c6431	http://ap-northeast-2.ec2.archive.ubuntu.com/ubuntu/pool/main/n/ncurses/libtinfo6_6.2-0ubuntu2.1_amd64.deb	http://ap-northeast-2.ec2.archive.ubuntu.com/ubuntu/pool/main/n/ncurses/libtinfo6_6.2-0ubuntu2.1_amd64.deb	true	true	true	proxy_access_log
bionic-to-focal	libncursesw6	6.2-0ubuntu2.1	amd64	ncurses	libncursesw6_6.2-0ubuntu2.1_amd64.deb	ap-northeast-2.ec2.archive.ubuntu.com		main	132480	b6f3d459aa868b3f8a24ae1f96b6d3fc1df782e20a97820700223824c18f62ed	http://ap-northeast-2.ec2.archive.ubuntu.com/ubuntu/pool/main/n/ncurses/libncursesw6_6.2-0ubuntu2.1_amd64.deb	http://ap-northeast-2.ec2.archive.ubuntu.com/ubuntu/pool/main/n/ncurses/libncursesw6_6.2-0ubuntu2.1_amd64.deb	true	true	true	proxy_access_log
bionic-to-focal	libstdc%2b%2b6	10.5.0-1ubuntu1%7e20.04	amd64	libstdc%2b%2b6	libstdc%2b%2b6_10.5.0-1ubuntu1%7e20.04_amd64.deb	ap-northeast-2.ec2.archive.ubuntu.com		main	501136	7f9222342d3551d063bf651319ec397c39278eeeb9ab5950ae0e8c28ef0af431	http://ap-northeast-2.ec2.archive.ubuntu.com/ubuntu/pool/main/g/gcc-10/libstdc%2b%2b6_10.5.0-1ubuntu1%7e20.04_amd64.deb	http://ap-northeast-2.ec2.archive.ubuntu.com/ubuntu/pool/main/g/gcc-10/libstdc%2b%2b6_10.5.0-1ubuntu1%7e20.04_amd64.deb	true	true	false	proxy_access_log
bionic-to-focal	libgpg-error0	1.37-1	amd64	libgpg-error	libgpg-error0_1.37-1_amd64.deb	ap-northeast-2.ec2.archive.ubuntu.com		main	58004	4744163850851f60080a8b0fdf3dd3258d93114bd83f8024414737a2826da7fe	http://ap-northeast-2.ec2.archive.ubuntu.com/ubuntu/pool/main/libg/libgpg-error/libgpg-error0_1.37-1_amd64.deb	http://ap-northeast-2.ec2.archive.ubuntu.com/ubuntu/pool/main/libg/libgpg-error/libgpg-error0_1.37-1_amd64.deb	true	true	true	proxy_access_log
bionic-to-focal	libgcrypt20	1.8.5-5ubuntu1.1	amd64	libgcrypt20	libgcrypt20_1.8.5-5ubuntu1.1_amd64.deb	ap-northeast-2.ec2.archive.ubuntu.com		main	419920	f040f801e2cced9bd82e484c23678cb9b464d04974a9cf4cf25fc9ad09d9e90d	http://ap-northeast-2.ec2.archive.ubuntu.com/ubuntu/pool/main/libg/libgcrypt20/libgcrypt20_1.8.5-5ubuntu1.1_amd64.deb	http://ap-northeast-2.ec2.archive.ubuntu.com/ubuntu/pool/main/libg/libgcrypt20/libgcrypt20_1.8.5-5ubuntu1.1_amd64.deb	true	true	true	proxy_access_log
bionic-to-focal	liblz4-1	1.9.2-2ubuntu0.20.04.1	amd64	lz4	liblz4-1_1.9.2-2ubuntu0.20.04.1_amd64.deb	ap-northeast-2.ec2.archive.ubuntu.com		main	56124	a9b706941eb8e2a0012869dbe63c7337fc9629aaf919563f63e92baa2a3a7c18	http://ap-northeast-2.ec2.archive.ubuntu.com/ubuntu/pool/main/l/lz4/liblz4-1_1.9.2-2ubuntu0.20.04.1_amd64.deb	http://ap-northeast-2.ec2.archive.ubuntu.com/ubuntu/pool/main/l/lz4/liblz4-1_1.9.2-2ubuntu0.20.04.1_amd64.deb	true	true	true	proxy_access_log
bionic-to-focal	liblzma5	5.2.4-1ubuntu1.1	amd64	xz-utils	liblzma5_5.2.4-1ubuntu1.1_amd64.deb	ap-northeast-2.ec2.archive.ubuntu.com		main	91812	f545d34c86119802fbae869a09e1077a714e12a01ef6a3ef67fdc745e5db311d	http://ap-northeast-2.ec2.archive.ubuntu.com/ubuntu/pool/main/x/xz-utils/liblzma5_5.2.4-1ubuntu1.1_amd64.deb	http://ap-northeast-2.ec2.archive.ubuntu.com/ubuntu/pool/main/x/xz-utils/liblzma5_5.2.4-1ubuntu1.1_amd64.deb	true	true	true	proxy_access_log
bionic-to-focal	libnettle7	3.5.1%2breally3.5.1-2ubuntu0.2	amd64	libnettle7	libnettle7_3.5.1%2breally3.5.1-2ubuntu0.2_amd64.deb	ap-northeast-2.ec2.archive.ubuntu.com		main	114900	3496aed83407fde71e0dc5988b28e8fd7f07a2f27fcf3e0f214c7cd86667eecd	http://ap-northeast-2.ec2.archive.ubuntu.com/ubuntu/pool/main/n/nettle/libnettle7_3.5.1%2breally3.5.1-2ubuntu0.2_amd64.deb	http://ap-northeast-2.ec2.archive.ubuntu.com/ubuntu/pool/main/n/nettle/libnettle7_3.5.1%2breally3.5.1-2ubuntu0.2_amd64.deb	true	true	true	proxy_access_log
bionic-to-focal	libgmp10	6.2.0%2bdfsg-4ubuntu0.1	amd64	libgmp10	libgmp10_6.2.0%2bdfsg-4ubuntu0.1_amd64.deb	ap-northeast-2.ec2.archive.ubuntu.com		main	240684	541dc5050b0cecdecbfe155641588ba08da645b61b11fc4bcb045f2f4773da43	http://ap-northeast-2.ec2.archive.ubuntu.com/ubuntu/pool/main/g/gmp/libgmp10_6.2.0%2bdfsg-4ubuntu0.1_amd64.deb	http://ap-northeast-2.ec2.archive.ubuntu.com/ubuntu/pool/main/g/gmp/libgmp10_6.2.0%2bdfsg-4ubuntu0.1_amd64.deb	true	true	true	proxy_access_log
bionic-to-focal	libhogweed5	3.5.1%2breally3.5.1-2ubuntu0.2	amd64	libhogweed5	libhogweed5_3.5.1%2breally3.5.1-2ubuntu0.2_amd64.deb	ap-northeast-2.ec2.archive.ubuntu.com		main	137880	12d76fa6c9149af3da228e3062faaefd7d12e0c6fd3424579627672437a84f14	http://ap-northeast-2.ec2.archive.ubuntu.com/ubuntu/pool/main/n/nettle/libhogweed5_3.5.1%2breally3.5.1-2ubuntu0.2_amd64.deb	http://ap-northeast-2.ec2.archive.ubuntu.com/ubuntu/pool/main/n/nettle/libhogweed5_3.5.1%2breally3.5.1-2ubuntu0.2_amd64.deb	true	true	true	proxy_access_log
bionic-to-focal	libp11-kit0	0.23.20-1ubuntu0.1	amd64	p11-kit	libp11-kit0_0.23.20-1ubuntu0.1_amd64.deb	ap-northeast-2.ec2.archive.ubuntu.com		main	188124	e6c415cef9c7e829e43cac6cfea7371222005650cf4751eee22fd19710d4fa8e	http://ap-northeast-2.ec2.archive.ubuntu.com/ubuntu/pool/main/p/p11-kit/libp11-kit0_0.23.20-1ubuntu0.1_amd64.deb	http://ap-northeast-2.ec2.archive.ubuntu.com/ubuntu/pool/main/p/p11-kit/libp11-kit0_0.23.20-1ubuntu0.1_amd64.deb	true	true	true	proxy_access_log
bionic-to-focal	libtasn1-6	4.16.0-2ubuntu0.1	amd64	libtasn1-6	libtasn1-6_4.16.0-2ubuntu0.1_amd64.deb	ap-northeast-2.ec2.archive.ubuntu.com		main	38592	20abf229083d5d60b158364a1e3e26d54cdb1840f0897b80deb0ebae9f049b3c	http://ap-northeast-2.ec2.archive.ubuntu.com/ubuntu/pool/main/libt/libtasn1-6/libtasn1-6_4.16.0-2ubuntu0.1_amd64.deb	http://ap-northeast-2.ec2.archive.ubuntu.com/ubuntu/pool/main/libt/libtasn1-6/libtasn1-6_4.16.0-2ubuntu0.1_amd64.deb	true	true	true	proxy_access_log
bionic-to-focal	libgnutls-openssl27	3.6.13-2ubuntu1.12	amd64	gnutls28	libgnutls-openssl27_3.6.13-2ubuntu1.12_amd64.deb	ap-northeast-2.ec2.archive.ubuntu.com		main	29800	3e9043dd31fdcdbe7a8f6cacff5fe84cb9ff49e401359699b9fd0a814bfcfb6b	http://ap-northeast-2.ec2.archive.ubuntu.com/ubuntu/pool/main/g/gnutls28/libgnutls-openssl27_3.6.13-2ubuntu1.12_amd64.deb	http://ap-northeast-2.ec2.archive.ubuntu.com/ubuntu/pool/main/g/gnutls28/libgnutls-openssl27_3.6.13-2ubuntu1.12_amd64.deb	true	true	true	proxy_access_log
bionic-to-focal	libunistring2	0.9.10-2	amd64	libunistring	libunistring2_0.9.10-2_amd64.deb	ap-northeast-2.ec2.archive.ubuntu.com		main	368092	4ccfbc1e3a1cbc42616bd4fd407e01eb1434996c8500ac2fbccb7a2e1bcb166a	http://ap-northeast-2.ec2.archive.ubuntu.com/ubuntu/pool/main/libu/libunistring/libunistring2_0.9.10-2_amd64.deb	http://ap-northeast-2.ec2.archive.ubuntu.com/ubuntu/pool/main/libu/libunistring/libunistring2_0.9.10-2_amd64.deb	true	true	true	proxy_access_log
bionic-to-focal	libidn2-0	2.2.0-2	amd64	libidn2	libidn2-0_2.2.0-2_amd64.deb	ap-northeast-2.ec2.archive.ubuntu.com		main	50448	698abe11d444c7e87c656c2083373d1e0fae04b3a64be0371adb2bb180092537	http://ap-northeast-2.ec2.archive.ubuntu.com/ubuntu/pool/main/libi/libidn2/libidn2-0_2.2.0-2_amd64.deb	http://ap-northeast-2.ec2.archive.ubuntu.com/ubuntu/pool/main/libi/libidn2/libidn2-0_2.2.0-2_amd64.deb	true	true	true	proxy_access_log
bionic-to-focal	libgnutls30	3.6.13-2ubuntu1.12	amd64	gnutls28	libgnutls30_3.6.13-2ubuntu1.12_amd64.deb	ap-northeast-2.ec2.archive.ubuntu.com		main	828712	af6ff8ce571a81d8aae3f55e84ff4bb777598f3a348660e53086e3ba2554d74a	http://ap-northeast-2.ec2.archive.ubuntu.com/ubuntu/pool/main/g/gnutls28/libgnutls30_3.6.13-2ubuntu1.12_amd64.deb	http://ap-northeast-2.ec2.archive.ubuntu.com/ubuntu/pool/main/g/gnutls28/libgnutls30_3.6.13-2ubuntu1.12_amd64.deb	true	true	true	proxy_access_log
bionic-to-focal	libip4tc2	1.8.4-3ubuntu2.1	amd64	iptables	libip4tc2_1.8.4-3ubuntu2.1_amd64.deb	ap-northeast-2.ec2.archive.ubuntu.com		main	19092	48e24653e63395cb0e2ac89a150467d56f2620d20f8c3d9ed96446369d35a03a	http://ap-northeast-2.ec2.archive.ubuntu.com/ubuntu/pool/main/i/iptables/libip4tc2_1.8.4-3ubuntu2.1_amd64.deb	http://ap-northeast-2.ec2.archive.ubuntu.com/ubuntu/pool/main/i/iptables/libip4tc2_1.8.4-3ubuntu2.1_amd64.deb	true	true	true	proxy_access_log
bionic-to-focal	libpcre2-8-0	10.34-7ubuntu0.1	amd64	pcre2	libpcre2-8-0_10.34-7ubuntu0.1_amd64.deb	ap-northeast-2.ec2.archive.ubuntu.com		main	197976	5229f14c06074ae5f2d6dd7cef2c9dff8dd57c6ecf1381ff019fe5d233cc275f	http://ap-northeast-2.ec2.archive.ubuntu.com/ubuntu/pool/main/p/pcre2/libpcre2-8-0_10.34-7ubuntu0.1_amd64.deb	http://ap-northeast-2.ec2.archive.ubuntu.com/ubuntu/pool/main/p/pcre2/libpcre2-8-0_10.34-7ubuntu0.1_amd64.deb	true	true	true	proxy_access_log
bionic-to-focal	libopts25	5.18.16-3	amd64	libopts25	libopts25_5.18.16-3_amd64.deb	ap-northeast-2.ec2.archive.ubuntu.com		universe	59448	a4ba925c8430fdcda6484364a2307e83743adc253ae7b1028a6f0859400f4c0a	http://ap-northeast-2.ec2.archive.ubuntu.com/ubuntu/pool/universe/a/autogen/libopts25_5.18.16-3_amd64.deb	http://ap-northeast-2.ec2.archive.ubuntu.com/ubuntu/pool/universe/a/autogen/libopts25_5.18.16-3_amd64.deb	true	true	true	proxy_access_log
bionic-to-focal	libevent-core-2.1-7	2.1.11-stable-1	amd64	libevent	libevent-core-2.1-7_2.1.11-stable-1_amd64.deb	ap-northeast-2.ec2.archive.ubuntu.com		main	89148	21898f8b84265185edcbbbb54031a10f21676aa8af5a634d0a09a206f2b71473	http://ap-northeast-2.ec2.archive.ubuntu.com/ubuntu/pool/main/libe/libevent/libevent-core-2.1-7_2.1.11-stable-1_amd64.deb	http://ap-northeast-2.ec2.archive.ubuntu.com/ubuntu/pool/main/libe/libevent/libevent-core-2.1-7_2.1.11-stable-1_amd64.deb	true	true	true	proxy_access_log
bionic-to-focal	libevent-pthreads-2.1-7	2.1.11-stable-1	amd64	libevent	libevent-pthreads-2.1-7_2.1.11-stable-1_amd64.deb	ap-northeast-2.ec2.archive.ubuntu.com		main	7372	c231f8c2d473a7cc6e99824ac57822436f6c4e2e7d742f3efa0a43a2f7051bb3	http://ap-northeast-2.ec2.archive.ubuntu.com/ubuntu/pool/main/libe/libevent/libevent-pthreads-2.1-7_2.1.11-stable-1_amd64.deb	http://ap-northeast-2.ec2.archive.ubuntu.com/ubuntu/pool/main/libe/libevent/libevent-pthreads-2.1-7_2.1.11-stable-1_amd64.deb	true	true	true	proxy_access_log
bionic-to-focal	sntp	4.2.8p12%2bdfsg-3ubuntu4.20.04.1	amd64	sntp	sntp_4.2.8p12%2bdfsg-3ubuntu4.20.04.1_amd64.deb	ap-northeast-2.ec2.archive.ubuntu.com		universe	62284	f1d971bf8a4751eadc0b7a77a8c38a67469576917848d6ca8635a9b70f355697	http://ap-northeast-2.ec2.archive.ubuntu.com/ubuntu/pool/universe/n/ntp/sntp_4.2.8p12%2bdfsg-3ubuntu4.20.04.1_amd64.deb	http://ap-northeast-2.ec2.archive.ubuntu.com/ubuntu/pool/universe/n/ntp/sntp_4.2.8p12%2bdfsg-3ubuntu4.20.04.1_amd64.deb	true	true	true	proxy_access_log
bionic-to-focal	libaudit-common	2.8.5-2ubuntu6	all	libaudit-common	libaudit-common_2.8.5-2ubuntu6_all.deb	ap-northeast-2.ec2.archive.ubuntu.com		main	3936	9fa4a291df5682f5fee12aacdddd9ed09445c352c80d8a1af36056866e4b4906	http://ap-northeast-2.ec2.archive.ubuntu.com/ubuntu/pool/main/a/audit/libaudit-common_2.8.5-2ubuntu6_all.deb	http://ap-northeast-2.ec2.archive.ubuntu.com/ubuntu/pool/main/a/audit/libaudit-common_2.8.5-2ubuntu6_all.deb	true	true	true	proxy_access_log
bionic-to-focal	libcap-ng0	0.7.9-2.1build1	amd64	libcap-ng	libcap-ng0_0.7.9-2.1build1_amd64.deb	ap-northeast-2.ec2.archive.ubuntu.com		main	11080	e8606a60a92aa8054d1620781889a8b709c3db8714e3b03b3987f81c7e168d06	http://ap-northeast-2.ec2.archive.ubuntu.com/ubuntu/pool/main/libc/libcap-ng/libcap-ng0_0.7.9-2.1build1_amd64.deb	http://ap-northeast-2.ec2.archive.ubuntu.com/ubuntu/pool/main/libc/libcap-ng/libcap-ng0_0.7.9-2.1build1_amd64.deb	true	true	true	proxy_access_log
bionic-to-focal	libaudit1	2.8.5-2ubuntu6	amd64	libaudit1	libaudit1_2.8.5-2ubuntu6_amd64.deb	ap-northeast-2.ec2.archive.ubuntu.com		main	38856	fb539f4d848d00e9472444285831e0204b9e92e7ee65dbb72b56e144a6dbedf8	http://ap-northeast-2.ec2.archive.ubuntu.com/ubuntu/pool/main/a/audit/libaudit1_2.8.5-2ubuntu6_amd64.deb	http://ap-northeast-2.ec2.archive.ubuntu.com/ubuntu/pool/main/a/audit/libaudit1_2.8.5-2ubuntu6_amd64.deb	true	true	true	proxy_access_log
bionic-to-focal	libpam0g	1.3.1-5ubuntu4.7	amd64	pam	libpam0g_1.3.1-5ubuntu4.7_amd64.deb	ap-northeast-2.ec2.archive.ubuntu.com		main	55368	afc769e31f70c5ccfd9f184019b382c0e4455b0b6494704ec010b811baeea511	http://ap-northeast-2.ec2.archive.ubuntu.com/ubuntu/pool/main/p/pam/libpam0g_1.3.1-5ubuntu4.7_amd64.deb	http://ap-northeast-2.ec2.archive.ubuntu.com/ubuntu/pool/main/p/pam/libpam0g_1.3.1-5ubuntu4.7_amd64.deb	true	true	true	proxy_access_log
bionic-to-focal	libselinux1	3.0-1build2	amd64	libselinux	libselinux1_3.0-1build2_amd64.deb	ap-northeast-2.ec2.archive.ubuntu.com		main	68784	1b8674b6f9e62fbae768d9ffbd686955d08db889ee4107d15ae02d1ec033cc7b	http://ap-northeast-2.ec2.archive.ubuntu.com/ubuntu/pool/main/libs/libselinux/libselinux1_3.0-1build2_amd64.deb	http://ap-northeast-2.ec2.archive.ubuntu.com/ubuntu/pool/main/libs/libselinux/libselinux1_3.0-1build2_amd64.deb	true	true	true	proxy_access_log
bionic-to-focal	libsepol1	3.0-1ubuntu0.1	amd64	libsepol	libsepol1_3.0-1ubuntu0.1_amd64.deb	ap-northeast-2.ec2.archive.ubuntu.com		main	251652	83811dd753b41ed1bb7cf31fdebcb51dd6e1ad452c4f5ce6a39791ec64152108	http://ap-northeast-2.ec2.archive.ubuntu.com/ubuntu/pool/main/libs/libsepol/libsepol1_3.0-1ubuntu0.1_amd64.deb	http://ap-northeast-2.ec2.archive.ubuntu.com/ubuntu/pool/main/libs/libsepol/libsepol1_3.0-1ubuntu0.1_amd64.deb	true	true	true	proxy_access_log
bionic-to-focal	libsemanage-common	3.0-1build2	all	libsemanage	libsemanage-common_3.0-1build2_all.deb	ap-northeast-2.ec2.archive.ubuntu.com		main	9792	4141f803c811277d2ea56568a676a79f06017b8c5eb57891741808a27c55fffb	http://ap-northeast-2.ec2.archive.ubuntu.com/ubuntu/pool/main/libs/libsemanage/libsemanage-common_3.0-1build2_all.deb	http://ap-northeast-2.ec2.archive.ubuntu.com/ubuntu/pool/main/libs/libsemanage/libsemanage-common_3.0-1build2_all.deb	true	true	true	proxy_access_log
bionic-to-focal	libsemanage1	3.0-1build2	amd64	libsemanage	libsemanage1_3.0-1build2_amd64.deb	ap-northeast-2.ec2.archive.ubuntu.com		main	85528	0d0acf32d855061b30ee8d2a84421e08adbaa781ce8884730ec3c3e3b49bd1f9	http://ap-northeast-2.ec2.archive.ubuntu.com/ubuntu/pool/main/libs/libsemanage/libsemanage1_3.0-1build2_amd64.deb	http://ap-northeast-2.ec2.archive.ubuntu.com/ubuntu/pool/main/libs/libsemanage/libsemanage1_3.0-1build2_amd64.deb	true	true	true	proxy_access_log
bionic-to-focal	libpam-modules-bin	1.3.1-5ubuntu4.7	amd64	pam	libpam-modules-bin_1.3.1-5ubuntu4.7_amd64.deb	ap-northeast-2.ec2.archive.ubuntu.com		main	41152	644e9b03c46d7b99d6bcfe6105d57eeeb00086273081633f5e89951df4600df3	http://ap-northeast-2.ec2.archive.ubuntu.com/ubuntu/pool/main/p/pam/libpam-modules-bin_1.3.1-5ubuntu4.7_amd64.deb	http://ap-northeast-2.ec2.archive.ubuntu.com/ubuntu/pool/main/p/pam/libpam-modules-bin_1.3.1-5ubuntu4.7_amd64.deb	true	true	true	proxy_access_log
bionic-to-focal	libpam-modules	1.3.1-5ubuntu4.7	amd64	pam	libpam-modules_1.3.1-5ubuntu4.7_amd64.deb	ap-northeast-2.ec2.archive.ubuntu.com		main	260508	aef66cca70cd3b384cc12d385076fc793206be25ffaf7ff52334e14f95d03e0e	http://ap-northeast-2.ec2.archive.ubuntu.com/ubuntu/pool/main/p/pam/libpam-modules_1.3.1-5ubuntu4.7_amd64.deb	http://ap-northeast-2.ec2.archive.ubuntu.com/ubuntu/pool/main/p/pam/libpam-modules_1.3.1-5ubuntu4.7_amd64.deb	true	true	true	proxy_access_log
bionic-to-focal	passwd	4.8.1-1ubuntu5.20.04.5	amd64	passwd	passwd_4.8.1-1ubuntu5.20.04.5_amd64.deb	ap-northeast-2.ec2.archive.ubuntu.com		main	796836	839d12b834d2ec87945020482493b435ac0297eba9dcbd9ce049f1c542790de9	http://ap-northeast-2.ec2.archive.ubuntu.com/ubuntu/pool/main/s/shadow/passwd_4.8.1-1ubuntu5.20.04.5_amd64.deb	http://ap-northeast-2.ec2.archive.ubuntu.com/ubuntu/pool/main/s/shadow/passwd_4.8.1-1ubuntu5.20.04.5_amd64.deb	true	true	true	proxy_access_log
bionic-to-focal	adduser	3.118ubuntu2	all	adduser	adduser_3.118ubuntu2_all.deb	ap-northeast-2.ec2.archive.ubuntu.com		main	162792	5f7ea9d1d52a2a9c349468f89d160230e21c8542faed1b1a97c23bce873e17b4	http://ap-northeast-2.ec2.archive.ubuntu.com/ubuntu/pool/main/a/adduser/adduser_3.118ubuntu2_all.deb	http://ap-northeast-2.ec2.archive.ubuntu.com/ubuntu/pool/main/a/adduser/adduser_3.118ubuntu2_all.deb	true	true	true	proxy_access_log
bionic-to-focal	kbd	2.0.4-4ubuntu2	amd64	kbd	kbd_2.0.4-4ubuntu2_amd64.deb	ap-northeast-2.ec2.archive.ubuntu.com		main	212556	b40a8e14da86138c6f730fc122ff85936bcc9c8a95c36ec5ed7d6a0a4fc37a59	http://ap-northeast-2.ec2.archive.ubuntu.com/ubuntu/pool/main/k/kbd/kbd_2.0.4-4ubuntu2_amd64.deb	http://ap-northeast-2.ec2.archive.ubuntu.com/ubuntu/pool/main/k/kbd/kbd_2.0.4-4ubuntu2_amd64.deb	true	true	true	proxy_access_log
bionic-to-focal	init-system-helpers	1.57	all	init-system-helpers	init-system-helpers_1.57_all.deb	ap-northeast-2.ec2.archive.ubuntu.com		main	38260	5628715888e797fcddf2c5b3c3923b0a76dad78916025a52e19375703dd9586c	http://ap-northeast-2.ec2.archive.ubuntu.com/ubuntu/pool/main/i/init-system-helpers/init-system-helpers_1.57_all.deb	http://ap-northeast-2.ec2.archive.ubuntu.com/ubuntu/pool/main/i/init-system-helpers/init-system-helpers_1.57_all.deb	true	true	true	proxy_access_log
bionic-to-focal	console-setup-linux	1.194ubuntu3	all	console-setup	console-setup-linux_1.194ubuntu3_all.deb	ap-northeast-2.ec2.archive.ubuntu.com		main	1494020	dd639fa78d4c444ba47e1d12f74b901f9bb0b3aaa6029304acbf4382e7627c23	http://ap-northeast-2.ec2.archive.ubuntu.com/ubuntu/pool/main/c/console-setup/console-setup-linux_1.194ubuntu3_all.deb	http://ap-northeast-2.ec2.archive.ubuntu.com/ubuntu/pool/main/c/console-setup/console-setup-linux_1.194ubuntu3_all.deb	true	true	true	proxy_access_log
bionic-to-focal	grub-pc	2.04-1ubuntu26.17	amd64	grub2	grub-pc_2.04-1ubuntu26.17_amd64.deb	ap-northeast-2.ec2.archive.ubuntu.com		main	124744	ec88bc462cde7361422154acc154b1c253eccc0d8ccdbcfde6b10d40e20ca60e	http://ap-northeast-2.ec2.archive.ubuntu.com/ubuntu/pool/main/g/grub2/grub-pc_2.04-1ubuntu26.17_amd64.deb	http://ap-northeast-2.ec2.archive.ubuntu.com/ubuntu/pool/main/g/grub2/grub-pc_2.04-1ubuntu26.17_amd64.deb	true	true	true	proxy_access_log
bionic-to-focal	grub2-common	2.04-1ubuntu26.17	amd64	grub2	grub2-common_2.04-1ubuntu26.17_amd64.deb	ap-northeast-2.ec2.archive.ubuntu.com		main	590040	493e446f1c80ba28273a996843e3c770a5717563fa8753ee248f105f6e5ef3b9	http://ap-northeast-2.ec2.archive.ubuntu.com/ubuntu/pool/main/g/grub2/grub2-common_2.04-1ubuntu26.17_amd64.deb	http://ap-northeast-2.ec2.archive.ubuntu.com/ubuntu/pool/main/g/grub2/grub2-common_2.04-1ubuntu26.17_amd64.deb	true	true	true	proxy_access_log
bionic-to-focal	grub-pc-bin	2.04-1ubuntu26.17	amd64	grub2	grub-pc-bin_2.04-1ubuntu26.17_amd64.deb	ap-northeast-2.ec2.archive.ubuntu.com		main	971148	eb71891e5f7eec9f042232ae23910e38392a6f1302170f07575bac07620b70b5	http://ap-northeast-2.ec2.archive.ubuntu.com/ubuntu/pool/main/g/grub2/grub-pc-bin_2.04-1ubuntu26.17_amd64.deb	http://ap-northeast-2.ec2.archive.ubuntu.com/ubuntu/pool/main/g/grub2/grub-pc-bin_2.04-1ubuntu26.17_amd64.deb	true	true	true	proxy_access_log
bionic-to-focal	grub-common	2.04-1ubuntu26.17	amd64	grub2	grub-common_2.04-1ubuntu26.17_amd64.deb	ap-northeast-2.ec2.archive.ubuntu.com		main	1871752	489a33cf7f079e14b9295761df63ba0b8dacd4a2290525c2947aba3e4dad9a8e	http://ap-northeast-2.ec2.archive.ubuntu.com/ubuntu/pool/main/g/grub2/grub-common_2.04-1ubuntu26.17_amd64.deb	http://ap-northeast-2.ec2.archive.ubuntu.com/ubuntu/pool/main/g/grub2/grub-common_2.04-1ubuntu26.17_amd64.deb	true	true	true	proxy_access_log
bionic-to-focal	friendly-recovery	0.2.41ubuntu0.20.04.1	all	friendly-recovery	friendly-recovery_0.2.41ubuntu0.20.04.1_all.deb	ap-northeast-2.ec2.archive.ubuntu.com		main	8980	74e937f5f1b5adc8208348aabef393cfa22e59c3366845d7b57a96ff37b80cdc	http://ap-northeast-2.ec2.archive.ubuntu.com/ubuntu/pool/main/f/friendly-recovery/friendly-recovery_0.2.41ubuntu0.20.04.1_all.deb	http://ap-northeast-2.ec2.archive.ubuntu.com/ubuntu/pool/main/f/friendly-recovery/friendly-recovery_0.2.41ubuntu0.20.04.1_all.deb	true	true	true	proxy_access_log
bionic-to-focal	busybox-initramfs	1.30.1-4ubuntu6.5	amd64	busybox-initramfs	busybox-initramfs_1.30.1-4ubuntu6.5_amd64.deb	ap-northeast-2.ec2.archive.ubuntu.com		main	168960	65d8917714b9dd16ee7527cbdcd44e3c11860746aa11d1a35e4a251891e2b005	http://ap-northeast-2.ec2.archive.ubuntu.com/ubuntu/pool/main/b/busybox/busybox-initramfs_1.30.1-4ubuntu6.5_amd64.deb	http://ap-northeast-2.ec2.archive.ubuntu.com/ubuntu/pool/main/b/busybox/busybox-initramfs_1.30.1-4ubuntu6.5_amd64.deb	true	true	true	proxy_access_log
bionic-to-focal	initramfs-tools-core	0.136ubuntu6.8	all	initramfs-tools	initramfs-tools-core_0.136ubuntu6.8_all.deb	ap-northeast-2.ec2.archive.ubuntu.com		main	47788	5b4ca76e60c7bb2b3c8de981e894b146a1e5b972d64abc5b604012a9b0581e6b	http://ap-northeast-2.ec2.archive.ubuntu.com/ubuntu/pool/main/i/initramfs-tools/initramfs-tools-core_0.136ubuntu6.8_all.deb	http://ap-northeast-2.ec2.archive.ubuntu.com/ubuntu/pool/main/i/initramfs-tools/initramfs-tools-core_0.136ubuntu6.8_all.deb	true	true	true	proxy_access_log
bionic-to-focal	klibc-utils	2.0.7-1ubuntu5.2	amd64	klibc	klibc-utils_2.0.7-1ubuntu5.2_amd64.deb	ap-northeast-2.ec2.archive.ubuntu.com		main	95188	c0b451e0d53cbba71c06c711862a58d10ab8c5a072cd71e87d3034a8aa25a78c	http://ap-northeast-2.ec2.archive.ubuntu.com/ubuntu/pool/main/k/klibc/klibc-utils_2.0.7-1ubuntu5.2_amd64.deb	http://ap-northeast-2.ec2.archive.ubuntu.com/ubuntu/pool/main/k/klibc/klibc-utils_2.0.7-1ubuntu5.2_amd64.deb	true	true	true	proxy_access_log
bionic-to-focal	initramfs-tools	0.136ubuntu6.8	all	initramfs-tools	initramfs-tools_0.136ubuntu6.8_all.deb	ap-northeast-2.ec2.archive.ubuntu.com		main	9212	42be9194a22203647eb7f24e38687a6af927f73f1bdb34e570a9ab013e974584	http://ap-northeast-2.ec2.archive.ubuntu.com/ubuntu/pool/main/i/initramfs-tools/initramfs-tools_0.136ubuntu6.8_all.deb	http://ap-northeast-2.ec2.archive.ubuntu.com/ubuntu/pool/main/i/initramfs-tools/initramfs-tools_0.136ubuntu6.8_all.deb	true	true	true	proxy_access_log
bionic-to-focal	console-setup	1.194ubuntu3	all	console-setup	console-setup_1.194ubuntu3_all.deb	ap-northeast-2.ec2.archive.ubuntu.com		main	99984	3e1e052da70c07e2eb9c418b44c6b4d26e54946fcbd7a440195ab2bac5999404	http://ap-northeast-2.ec2.archive.ubuntu.com/ubuntu/pool/main/c/console-setup/console-setup_1.194ubuntu3_all.deb	http://ap-northeast-2.ec2.archive.ubuntu.com/ubuntu/pool/main/c/console-setup/console-setup_1.194ubuntu3_all.deb	true	true	true	proxy_access_log
bionic-to-focal	keyboard-configuration	1.194ubuntu3	all	console-setup	keyboard-configuration_1.194ubuntu3_all.deb	ap-northeast-2.ec2.archive.ubuntu.com		main	189552	1685a46e59082932b352c57b116062a4814ce032ffc927dc659b0602af0ebf62	http://ap-northeast-2.ec2.archive.ubuntu.com/ubuntu/pool/main/c/console-setup/keyboard-configuration_1.194ubuntu3_all.deb	http://ap-northeast-2.ec2.archive.ubuntu.com/ubuntu/pool/main/c/console-setup/keyboard-configuration_1.194ubuntu3_all.deb	true	true	true	proxy_access_log
bionic-to-focal	acl	2.2.53-6	amd64	acl	acl_2.2.53-6_amd64.deb	ap-northeast-2.ec2.archive.ubuntu.com		main	37756	53ce1d07ef8f5feb7e8c806bffb85c140a7a53a2e4407be33debeff179b5500a	http://ap-northeast-2.ec2.archive.ubuntu.com/ubuntu/pool/main/a/acl/acl_2.2.53-6_amd64.deb	http://ap-northeast-2.ec2.archive.ubuntu.com/ubuntu/pool/main/a/acl/acl_2.2.53-6_amd64.deb	true	true	true	proxy_access_log
bionic-to-focal	libacl1	2.2.53-6	amd64	acl	libacl1_2.2.53-6_amd64.deb	ap-northeast-2.ec2.archive.ubuntu.com		main	18820	9fa9cc2f8eeccd8d29efcb998111b082432c65de75ca60ad9c333289bb3bb765	http://ap-northeast-2.ec2.archive.ubuntu.com/ubuntu/pool/main/a/acl/libacl1_2.2.53-6_amd64.deb	http://ap-northeast-2.ec2.archive.ubuntu.com/ubuntu/pool/main/a/acl/libacl1_2.2.53-6_amd64.deb	true	true	true	proxy_access_log
bionic-to-focal	libblkid1	2.34-0.1ubuntu9.6	amd64	util-linux	libblkid1_2.34-0.1ubuntu9.6_amd64.deb	ap-northeast-2.ec2.archive.ubuntu.com		main	136756	d34bb89928706ad665766a45ab48841cff05ef63fe488f74b2c477a75172fca2	http://ap-northeast-2.ec2.archive.ubuntu.com/ubuntu/pool/main/u/util-linux/libblkid1_2.34-0.1ubuntu9.6_amd64.deb	http://ap-northeast-2.ec2.archive.ubuntu.com/ubuntu/pool/main/u/util-linux/libblkid1_2.34-0.1ubuntu9.6_amd64.deb	true	true	true	proxy_access_log
bionic-to-focal	libzstd1	1.4.4%2bdfsg-3ubuntu0.1	amd64	libzstd1	libzstd1_1.4.4%2bdfsg-3ubuntu0.1_amd64.deb	ap-northeast-2.ec2.archive.ubuntu.com		main	236912	7a4422dadb90510dc90765c308d65e61a3e244ceb3886394335e48cff7559e69	http://ap-northeast-2.ec2.archive.ubuntu.com/ubuntu/pool/main/libz/libzstd/libzstd1_1.4.4%2bdfsg-3ubuntu0.1_amd64.deb	http://ap-northeast-2.ec2.archive.ubuntu.com/ubuntu/pool/main/libz/libzstd/libzstd1_1.4.4%2bdfsg-3ubuntu0.1_amd64.deb	true	true	true	proxy_access_log
bionic-to-focal	kmod	27-1ubuntu2.1	amd64	kmod	kmod_27-1ubuntu2.1_amd64.deb	ap-northeast-2.ec2.archive.ubuntu.com		main	94820	d0ffafd10b74f859428225798615ba3d0cfcfa1440e1b6e223a62267a8e635d3	http://ap-northeast-2.ec2.archive.ubuntu.com/ubuntu/pool/main/k/kmod/kmod_27-1ubuntu2.1_amd64.deb	http://ap-northeast-2.ec2.archive.ubuntu.com/ubuntu/pool/main/k/kmod/kmod_27-1ubuntu2.1_amd64.deb	true	true	true	proxy_access_log
bionic-to-focal	libkmod2	27-1ubuntu2.1	amd64	kmod	libkmod2_27-1ubuntu2.1_amd64.deb	ap-northeast-2.ec2.archive.ubuntu.com		main	45328	e21e9ac1e5f4c05b6dc82ffe71357ccffb32f19d351c9877fbc740b6e8bf6721	http://ap-northeast-2.ec2.archive.ubuntu.com/ubuntu/pool/main/k/kmod/libkmod2_27-1ubuntu2.1_amd64.deb	http://ap-northeast-2.ec2.archive.ubuntu.com/ubuntu/pool/main/k/kmod/libkmod2_27-1ubuntu2.1_amd64.deb	true	true	true	proxy_access_log
bionic-to-focal	systemd-sysv	245.4-4ubuntu3.24	amd64	systemd	systemd-sysv_245.4-4ubuntu3.24_amd64.deb	ap-northeast-2.ec2.archive.ubuntu.com		main	10284	6b411ccdfd17e68e9883e03d72cb2f66769731a0eac2673b1fa6304eb296ba0a	http://ap-northeast-2.ec2.archive.ubuntu.com/ubuntu/pool/main/s/systemd/systemd-sysv_245.4-4ubuntu3.24_amd64.deb	http://ap-northeast-2.ec2.archive.ubuntu.com/ubuntu/pool/main/s/systemd/systemd-sysv_245.4-4ubuntu3.24_amd64.deb	true	true	true	proxy_access_log
bionic-to-focal	libmount1	2.34-0.1ubuntu9.6	amd64	util-linux	libmount1_2.34-0.1ubuntu9.6_amd64.deb	ap-northeast-2.ec2.archive.ubuntu.com		main	149220	f8c6e8209025a1ca6e5496107ec793eef142c4a66777f4bc5b1c87bf4de2101e	http://ap-northeast-2.ec2.archive.ubuntu.com/ubuntu/pool/main/u/util-linux/libmount1_2.34-0.1ubuntu9.6_amd64.deb	http://ap-northeast-2.ec2.archive.ubuntu.com/ubuntu/pool/main/u/util-linux/libmount1_2.34-0.1ubuntu9.6_amd64.deb	true	true	true	proxy_access_log
bionic-to-focal	libsmartcols1	2.34-0.1ubuntu9.6	amd64	util-linux	libsmartcols1_2.34-0.1ubuntu9.6_amd64.deb	ap-northeast-2.ec2.archive.ubuntu.com		main	100140	2187ac180d6a644eb583e7c37e8c754208ec125bf304f7616cf0bbeb3ab09e9d	http://ap-northeast-2.ec2.archive.ubuntu.com/ubuntu/pool/main/u/util-linux/libsmartcols1_2.34-0.1ubuntu9.6_amd64.deb	http://ap-northeast-2.ec2.archive.ubuntu.com/ubuntu/pool/main/u/util-linux/libsmartcols1_2.34-0.1ubuntu9.6_amd64.deb	true	true	true	proxy_access_log
bionic-to-focal	libfdisk1	2.34-0.1ubuntu9.6	amd64	util-linux	libfdisk1_2.34-0.1ubuntu9.6_amd64.deb	ap-northeast-2.ec2.archive.ubuntu.com		main	175180	1649b5a86b39d62124b026077cb4937985c2a1daa3abb69187f2933397eb5675	http://ap-northeast-2.ec2.archive.ubuntu.com/ubuntu/pool/main/u/util-linux/libfdisk1_2.34-0.1ubuntu9.6_amd64.deb	http://ap-northeast-2.ec2.archive.ubuntu.com/ubuntu/pool/main/u/util-linux/libfdisk1_2.34-0.1ubuntu9.6_amd64.deb	true	true	true	proxy_access_log
bionic-to-focal	fdisk	2.34-0.1ubuntu9.6	amd64	util-linux	fdisk_2.34-0.1ubuntu9.6_amd64.deb	ap-northeast-2.ec2.archive.ubuntu.com		main	119772	48bd631c8a765577cbddd545bb85fc22dc9508bcec61d408cdd8d87baa9c5840	http://ap-northeast-2.ec2.archive.ubuntu.com/ubuntu/pool/main/u/util-linux/fdisk_2.34-0.1ubuntu9.6_amd64.deb	http://ap-northeast-2.ec2.archive.ubuntu.com/ubuntu/pool/main/u/util-linux/fdisk_2.34-0.1ubuntu9.6_amd64.deb	true	true	true	proxy_access_log
bionic-to-focal	login	4.8.1-1ubuntu5.20.04.5	amd64	login	login_4.8.1-1ubuntu5.20.04.5_amd64.deb	ap-northeast-2.ec2.archive.ubuntu.com		main	220016	78ccbf6dd38c2e1d8b6da817781798cd8f2b83dfc7bf9b8b8d3e1436e2b18269	http://ap-northeast-2.ec2.archive.ubuntu.com/ubuntu/pool/main/s/shadow/login_4.8.1-1ubuntu5.20.04.5_amd64.deb	http://ap-northeast-2.ec2.archive.ubuntu.com/ubuntu/pool/main/s/shadow/login_4.8.1-1ubuntu5.20.04.5_amd64.deb	true	true	true	proxy_access_log
bionic-to-focal	util-linux	2.34-0.1ubuntu9.6	amd64	util-linux	util-linux_2.34-0.1ubuntu9.6_amd64.deb	ap-northeast-2.ec2.archive.ubuntu.com		main	1021780	dafd091b4a89f057ddccbc038cf427cab9729dc8bfb43c352caee5e0c4f1ba36	http://ap-northeast-2.ec2.archive.ubuntu.com/ubuntu/pool/main/u/util-linux/util-linux_2.34-0.1ubuntu9.6_amd64.deb	http://ap-northeast-2.ec2.archive.ubuntu.com/ubuntu/pool/main/u/util-linux/util-linux_2.34-0.1ubuntu9.6_amd64.deb	true	true	true	proxy_access_log
bionic-to-focal	libuuid1	2.34-0.1ubuntu9.6	amd64	util-linux	libuuid1_2.34-0.1ubuntu9.6_amd64.deb	ap-northeast-2.ec2.archive.ubuntu.com		main	19976	c1fb2ac586d0fbf375890536979fabf1b897e3481dac1696d615275477cb0751	http://ap-northeast-2.ec2.archive.ubuntu.com/ubuntu/pool/main/u/util-linux/libuuid1_2.34-0.1ubuntu9.6_amd64.deb	http://ap-northeast-2.ec2.archive.ubuntu.com/ubuntu/pool/main/u/util-linux/libuuid1_2.34-0.1ubuntu9.6_amd64.deb	true	true	true	proxy_access_log
bionic-to-focal	lsb-base	11.1.0ubuntu2	all	lsb	lsb-base_11.1.0ubuntu2_all.deb	ap-northeast-2.ec2.archive.ubuntu.com		main	12076	eb40f6e96189cbde27a9cc4681f7ba7b4d51552d1ad74b876aea6a7ccb83f628	http://ap-northeast-2.ec2.archive.ubuntu.com/ubuntu/pool/main/l/lsb/lsb-base_11.1.0ubuntu2_all.deb	http://ap-northeast-2.ec2.archive.ubuntu.com/ubuntu/pool/main/l/lsb/lsb-base_11.1.0ubuntu2_all.deb	true	true	true	proxy_access_log
bionic-to-focal	sysvinit-utils	2.96-2.1ubuntu1	amd64	sysvinit	sysvinit-utils_2.96-2.1ubuntu1_amd64.deb	ap-northeast-2.ec2.archive.ubuntu.com		main	20592	ab9c644c65a6b48968991801f4e2846bbfcb1393e0dcbc656a1aa26003b6c57b	http://ap-northeast-2.ec2.archive.ubuntu.com/ubuntu/pool/main/s/sysvinit/sysvinit-utils_2.96-2.1ubuntu1_amd64.deb	http://ap-northeast-2.ec2.archive.ubuntu.com/ubuntu/pool/main/s/sysvinit/sysvinit-utils_2.96-2.1ubuntu1_amd64.deb	true	true	true	proxy_access_log
bionic-to-focal	ubuntu-core-launcher	2.67.1%2b20.04	amd64	ubuntu-core-launcher	ubuntu-core-launcher_2.67.1%2b20.04_amd64.deb	ap-northeast-2.ec2.archive.ubuntu.com		universe	1640	f71610f732bfaa3de58bc1f0f25676af121d272f7b4656e4e29dd46732821692	http://ap-northeast-2.ec2.archive.ubuntu.com/ubuntu/pool/universe/s/snapd/ubuntu-core-launcher_2.67.1%2b20.04_amd64.deb	http://ap-northeast-2.ec2.archive.ubuntu.com/ubuntu/pool/universe/s/snapd/ubuntu-core-launcher_2.67.1%2b20.04_amd64.deb	true	true	true	proxy_access_log
bionic-to-focal	snapd	2.67.1%2b20.04	amd64	snapd	snapd_2.67.1%2b20.04_amd64.deb	ap-northeast-2.ec2.archive.ubuntu.com		main	26126440	5d7408f8c44598a3392dcfc1fbcb4e0f93dbe1838bf3532da03828f50de1fc81	http://ap-northeast-2.ec2.archive.ubuntu.com/ubuntu/pool/main/s/snapd/snapd_2.67.1%2b20.04_amd64.deb	http://ap-northeast-2.ec2.archive.ubuntu.com/ubuntu/pool/main/s/snapd/snapd_2.67.1%2b20.04_amd64.deb	true	true	true	proxy_access_log
bionic-to-focal	libnss-systemd	245.4-4ubuntu3.24	amd64	systemd	libnss-systemd_245.4-4ubuntu3.24_amd64.deb	ap-northeast-2.ec2.archive.ubuntu.com		main	95844	b54debf372c437933e1b2037a457362a4c0b1793709050754761eedfc86eeacc	http://ap-northeast-2.ec2.archive.ubuntu.com/ubuntu/pool/main/s/systemd/libnss-systemd_245.4-4ubuntu3.24_amd64.deb	http://ap-northeast-2.ec2.archive.ubuntu.com/ubuntu/pool/main/s/systemd/libnss-systemd_245.4-4ubuntu3.24_amd64.deb	true	true	true	proxy_access_log
bionic-to-focal	ifupdown	0.8.35ubuntu1	amd64	ifupdown	ifupdown_0.8.35ubuntu1_amd64.deb	ap-northeast-2.ec2.archive.ubuntu.com		universe	60524	26120e2aed5a45ee4b8e9b3c104ce447556db92fd44d5d23a44acc9405fe5ea8	http://ap-northeast-2.ec2.archive.ubuntu.com/ubuntu/pool/universe/i/ifupdown/ifupdown_0.8.35ubuntu1_amd64.deb	http://ap-northeast-2.ec2.archive.ubuntu.com/ubuntu/pool/universe/i/ifupdown/ifupdown_0.8.35ubuntu1_amd64.deb	true	true	true	proxy_access_log
bionic-to-focal	libpam-systemd	245.4-4ubuntu3.24	amd64	systemd	libpam-systemd_245.4-4ubuntu3.24_amd64.deb	ap-northeast-2.ec2.archive.ubuntu.com		main	185792	b6fc1edcc39c9500017656f196fe62a30f16e56288538de49b5cfd4d5af18a92	http://ap-northeast-2.ec2.archive.ubuntu.com/ubuntu/pool/main/s/systemd/libpam-systemd_245.4-4ubuntu3.24_amd64.deb	http://ap-northeast-2.ec2.archive.ubuntu.com/ubuntu/pool/main/s/systemd/libpam-systemd_245.4-4ubuntu3.24_amd64.deb	true	true	true	proxy_access_log
bionic-to-focal	systemd	245.4-4ubuntu3.24	amd64	systemd	systemd_245.4-4ubuntu3.24_amd64.deb	ap-northeast-2.ec2.archive.ubuntu.com		main	3814788	d66c8c0316b7c5269a151c797a27ed32ecd75a3a048ddec34e61ceb3df9a3331	http://ap-northeast-2.ec2.archive.ubuntu.com/ubuntu/pool/main/s/systemd/systemd_245.4-4ubuntu3.24_amd64.deb	http://ap-northeast-2.ec2.archive.ubuntu.com/ubuntu/pool/main/s/systemd/systemd_245.4-4ubuntu3.24_amd64.deb	true	true	true	proxy_access_log
bionic-to-focal	udev	245.4-4ubuntu3.24	amd64	systemd	udev_245.4-4ubuntu3.24_amd64.deb	ap-northeast-2.ec2.archive.ubuntu.com		main	1366420	9bb8b37f733c16764d6b4c6c035e6b8006517bbb5028536ded076c8f8ddd3316	http://ap-northeast-2.ec2.archive.ubuntu.com/ubuntu/pool/main/s/systemd/udev_245.4-4ubuntu3.24_amd64.deb	http://ap-northeast-2.ec2.archive.ubuntu.com/ubuntu/pool/main/s/systemd/udev_245.4-4ubuntu3.24_amd64.deb	true	true	true	proxy_access_log
bionic-to-focal	libudev1	245.4-4ubuntu3.24	amd64	systemd	libudev1_245.4-4ubuntu3.24_amd64.deb	ap-northeast-2.ec2.archive.ubuntu.com		main	75184	f2dc7d6771a2f26b93d1f17cdf3011a2b43b1adfd3df716e396a64c6890a4e3a	http://ap-northeast-2.ec2.archive.ubuntu.com/ubuntu/pool/main/s/systemd/libudev1_245.4-4ubuntu3.24_amd64.deb	http://ap-northeast-2.ec2.archive.ubuntu.com/ubuntu/pool/main/s/systemd/libudev1_245.4-4ubuntu3.24_amd64.deb	true	true	true	proxy_access_log
bionic-to-focal	initramfs-tools-bin	0.136ubuntu6.8	amd64	initramfs-tools	initramfs-tools-bin_0.136ubuntu6.8_amd64.deb	ap-northeast-2.ec2.archive.ubuntu.com		main	11004	9e6b0ae88658c8ef02e9db801cbfb9fd47eeab14fe6deee81c532686f27b677f	http://ap-northeast-2.ec2.archive.ubuntu.com/ubuntu/pool/main/i/initramfs-tools/initramfs-tools-bin_0.136ubuntu6.8_amd64.deb	http://ap-northeast-2.ec2.archive.ubuntu.com/ubuntu/pool/main/i/initramfs-tools/initramfs-tools-bin_0.136ubuntu6.8_amd64.deb	true	true	true	proxy_access_log
bionic-to-focal	lz4	1.9.2-2ubuntu0.20.04.1	amd64	lz4	lz4_1.9.2-2ubuntu0.20.04.1_amd64.deb	ap-northeast-2.ec2.archive.ubuntu.com		main	82660	f149a5b7a0d1679e2212ec1de8bac2915feec66efdc368a3821d2eda0e817eaa	http://ap-northeast-2.ec2.archive.ubuntu.com/ubuntu/pool/main/l/lz4/lz4_1.9.2-2ubuntu0.20.04.1_amd64.deb	http://ap-northeast-2.ec2.archive.ubuntu.com/ubuntu/pool/main/l/lz4/lz4_1.9.2-2ubuntu0.20.04.1_amd64.deb	true	true	true	proxy_access_log
bionic-to-focal	libext2fs2	1.45.5-2ubuntu1.2	amd64	e2fsprogs	libext2fs2_1.45.5-2ubuntu1.2_amd64.deb	ap-northeast-2.ec2.archive.ubuntu.com		main	183028	7227b15073a490d945610f964988c3352125a21a545ced32ce6d1591b7b33631	http://ap-northeast-2.ec2.archive.ubuntu.com/ubuntu/pool/main/e/e2fsprogs/libext2fs2_1.45.5-2ubuntu1.2_amd64.deb	http://ap-northeast-2.ec2.archive.ubuntu.com/ubuntu/pool/main/e/e2fsprogs/libext2fs2_1.45.5-2ubuntu1.2_amd64.deb	true	true	true	proxy_access_log
bionic-to-focal	logsave	1.45.5-2ubuntu1.2	amd64	e2fsprogs	logsave_1.45.5-2ubuntu1.2_amd64.deb	ap-northeast-2.ec2.archive.ubuntu.com		main	10228	097db7862f53ffca91a8415f84bcdfd2b48ce098db2f9fc10b41c3fd0d718f13	http://ap-northeast-2.ec2.archive.ubuntu.com/ubuntu/pool/main/e/e2fsprogs/logsave_1.45.5-2ubuntu1.2_amd64.deb	http://ap-northeast-2.ec2.archive.ubuntu.com/ubuntu/pool/main/e/e2fsprogs/logsave_1.45.5-2ubuntu1.2_amd64.deb	true	true	true	proxy_access_log
bionic-to-focal	e2fsprogs	1.45.5-2ubuntu1.2	amd64	e2fsprogs	e2fsprogs_1.45.5-2ubuntu1.2_amd64.deb	ap-northeast-2.ec2.archive.ubuntu.com		main	527124	5a48a652d8ac4c6fb5f7f7659981ae0cf1df80df4da6a303c3e3ffeeaeef5983	http://ap-northeast-2.ec2.archive.ubuntu.com/ubuntu/pool/main/e/e2fsprogs/e2fsprogs_1.45.5-2ubuntu1.2_amd64.deb	http://ap-northeast-2.ec2.archive.ubuntu.com/ubuntu/pool/main/e/e2fsprogs/e2fsprogs_1.45.5-2ubuntu1.2_amd64.deb	true	true	true	proxy_access_log
bionic-to-focal	e2fsprogs-l10n	1.45.5-2ubuntu1.2	all	e2fsprogs	e2fsprogs-l10n_1.45.5-2ubuntu1.2_all.deb	ap-northeast-2.ec2.archive.ubuntu.com		universe	1760	e6909437c8e44cbfe64a6a13a27f348f34cd2b35883611ade9f2487bb8a09651	http://ap-northeast-2.ec2.archive.ubuntu.com/ubuntu/pool/universe/e/e2fsprogs/e2fsprogs-l10n_1.45.5-2ubuntu1.2_all.deb	http://ap-northeast-2.ec2.archive.ubuntu.com/ubuntu/pool/universe/e/e2fsprogs/e2fsprogs-l10n_1.45.5-2ubuntu1.2_all.deb	true	true	true	proxy_access_log
bionic-to-focal	libklibc	2.0.7-1ubuntu5.2	amd64	klibc	libklibc_2.0.7-1ubuntu5.2_amd64.deb	ap-northeast-2.ec2.archive.ubuntu.com		main	43208	d780b04ee2d974621272b21f20ef9dcd2f83e32d322e7040e32e3f7e3b94a705	http://ap-northeast-2.ec2.archive.ubuntu.com/ubuntu/pool/main/k/klibc/libklibc_2.0.7-1ubuntu5.2_amd64.deb	http://ap-northeast-2.ec2.archive.ubuntu.com/ubuntu/pool/main/k/klibc/libklibc_2.0.7-1ubuntu5.2_amd64.deb	true	true	true	proxy_access_log
bionic-to-focal	cpio	2.13%2bdfsg-2ubuntu0.4	amd64	cpio	cpio_2.13%2bdfsg-2ubuntu0.4_amd64.deb	ap-northeast-2.ec2.archive.ubuntu.com		main	86980	81149b7e450ee4f62eb6db060ed9f2c4a08a9ad5142c63c226dc810044f73774	http://ap-northeast-2.ec2.archive.ubuntu.com/ubuntu/pool/main/c/cpio/cpio_2.13%2bdfsg-2ubuntu0.4_amd64.deb	http://ap-northeast-2.ec2.archive.ubuntu.com/ubuntu/pool/main/c/cpio/cpio_2.13%2bdfsg-2ubuntu0.4_amd64.deb	true	true	true	proxy_access_log
bionic-to-focal	coreutils	8.30-3ubuntu2	amd64	coreutils	coreutils_8.30-3ubuntu2_amd64.deb	ap-northeast-2.ec2.archive.ubuntu.com		main	1249368	99aa50af84de1737735f2f51e570d60f5842aa1d4a3129527906e7ffda368853	http://ap-northeast-2.ec2.archive.ubuntu.com/ubuntu/pool/main/c/coreutils/coreutils_8.30-3ubuntu2_amd64.deb	http://ap-northeast-2.ec2.archive.ubuntu.com/ubuntu/pool/main/c/coreutils/coreutils_8.30-3ubuntu2_amd64.deb	true	true	true	proxy_access_log
bionic-to-focal	libefivar1	37-2ubuntu2.2	amd64	efivar	libefivar1_37-2ubuntu2.2_amd64.deb	ap-northeast-2.ec2.archive.ubuntu.com		main	47744	48827a5dff5282733c92ff8ab746506292b527687cb6b1cf6287b14821598e33	http://ap-northeast-2.ec2.archive.ubuntu.com/ubuntu/pool/main/e/efivar/libefivar1_37-2ubuntu2.2_amd64.deb	http://ap-northeast-2.ec2.archive.ubuntu.com/ubuntu/pool/main/e/efivar/libefivar1_37-2ubuntu2.2_amd64.deb	true	true	true	proxy_access_log
bionic-to-focal	libefiboot1	37-2ubuntu2.2	amd64	efivar	libefiboot1_37-2ubuntu2.2_amd64.deb	ap-northeast-2.ec2.archive.ubuntu.com		main	40480	8d3db7e9c9d00deab7ec8f40c7fcd82d461575c42e08bc6aff7524b039284fd7	http://ap-northeast-2.ec2.archive.ubuntu.com/ubuntu/pool/main/e/efivar/libefiboot1_37-2ubuntu2.2_amd64.deb	http://ap-northeast-2.ec2.archive.ubuntu.com/ubuntu/pool/main/e/efivar/libefiboot1_37-2ubuntu2.2_amd64.deb	true	true	true	proxy_access_log
bionic-to-focal	install-info	6.7.0.dfsg.2-5	amd64	texinfo	install-info_6.7.0.dfsg.2-5_amd64.deb	ap-northeast-2.ec2.archive.ubuntu.com		main	89840	7019227ada3e0928fd97275cc9e48b1a3dea52d8d008c6b89514bfc91dc5c549	http://ap-northeast-2.ec2.archive.ubuntu.com/ubuntu/pool/main/t/texinfo/install-info_6.7.0.dfsg.2-5_amd64.deb	http://ap-northeast-2.ec2.archive.ubuntu.com/ubuntu/pool/main/t/texinfo/install-info_6.7.0.dfsg.2-5_amd64.deb	true	true	true	proxy_access_log
bionic-to-focal	libdevmapper1.02.1	1.02.167-1ubuntu1	amd64	libdevmapper1.02.1	libdevmapper1.02.1_1.02.167-1ubuntu1_amd64.deb	ap-northeast-2.ec2.archive.ubuntu.com		main	127216	d06481b2f395abbf74372f64dc13b6bb473e912f3904844afb09a22b2e2f2b8c	http://ap-northeast-2.ec2.archive.ubuntu.com/ubuntu/pool/main/l/lvm2/libdevmapper1.02.1_1.02.167-1ubuntu1_amd64.deb	http://ap-northeast-2.ec2.archive.ubuntu.com/ubuntu/pool/main/l/lvm2/libdevmapper1.02.1_1.02.167-1ubuntu1_amd64.deb	true	true	true	proxy_access_log
bionic-to-focal	sensible-utils	0.0.12%2bnmu1	all	sensible-utils	sensible-utils_0.0.12%2bnmu1_all.deb	ap-northeast-2.ec2.archive.ubuntu.com		main	15016	9ef20f3a2c2eac2d6d80b9ee0550f315d21fc7bc9e643f2f1b1e94c93f444601	http://ap-northeast-2.ec2.archive.ubuntu.com/ubuntu/pool/main/s/sensible-utils/sensible-utils_0.0.12%2bnmu1_all.deb	http://ap-northeast-2.ec2.archive.ubuntu.com/ubuntu/pool/main/s/sensible-utils/sensible-utils_0.0.12%2bnmu1_all.deb	true	true	true	proxy_access_log
bionic-to-focal	ucf	3.0038%2bnmu1	all	ucf	ucf_3.0038%2bnmu1_all.deb	ap-northeast-2.ec2.archive.ubuntu.com		main	51620	0fd6782ac99f3d9814960edefd5cceaa84f3a33feec6a149f7edf59431f3a3ac	http://ap-northeast-2.ec2.archive.ubuntu.com/ubuntu/pool/main/u/ucf/ucf_3.0038%2bnmu1_all.deb	http://ap-northeast-2.ec2.archive.ubuntu.com/ubuntu/pool/main/u/ucf/ucf_3.0038%2bnmu1_all.deb	true	true	true	proxy_access_log
bionic-to-focal	libpng16-16	1.6.37-2	amd64	libpng1.6	libpng16-16_1.6.37-2_amd64.deb	ap-northeast-2.ec2.archive.ubuntu.com		main	179076	6c512b7c67eafe0302026fa719f924bb77b39c57e1845a3d8b81cfd607c3b22c	http://ap-northeast-2.ec2.archive.ubuntu.com/ubuntu/pool/main/libp/libpng1.6/libpng16-16_1.6.37-2_amd64.deb	http://ap-northeast-2.ec2.archive.ubuntu.com/ubuntu/pool/main/libp/libpng1.6/libpng16-16_1.6.37-2_amd64.deb	true	true	true	proxy_access_log
bionic-to-focal	libfreetype6	2.10.1-2ubuntu0.4	amd64	freetype	libfreetype6_2.10.1-2ubuntu0.4_amd64.deb	ap-northeast-2.ec2.archive.ubuntu.com		main	340804	db8593630b432c9f69682f6040578a7db3a6ae2df6d172bc0e6df9982a714e27	http://ap-northeast-2.ec2.archive.ubuntu.com/ubuntu/pool/main/f/freetype/libfreetype6_2.10.1-2ubuntu0.4_amd64.deb	http://ap-northeast-2.ec2.archive.ubuntu.com/ubuntu/pool/main/f/freetype/libfreetype6_2.10.1-2ubuntu0.4_amd64.deb	true	true	true	proxy_access_log
bionic-to-focal	mount	2.34-0.1ubuntu9.6	amd64	util-linux	mount_2.34-0.1ubuntu9.6_amd64.deb	ap-northeast-2.ec2.archive.ubuntu.com		main	114988	54d73bf8db54c662f18141ff504e08347a795be221638ce6f749fe4c0acdbd44	http://ap-northeast-2.ec2.archive.ubuntu.com/ubuntu/pool/main/u/util-linux/mount_2.34-0.1ubuntu9.6_amd64.deb	http://ap-northeast-2.ec2.archive.ubuntu.com/ubuntu/pool/main/u/util-linux/mount_2.34-0.1ubuntu9.6_amd64.deb	true	true	true	proxy_access_log
bionic-to-focal	sed	4.7-1	amd64	sed	sed_4.7-1_amd64.deb	ap-northeast-2.ec2.archive.ubuntu.com		main	189668	a5428ddec609149eb6086cec20bf14a0300972a191eb0cc010e7f1c7f17186f4	http://ap-northeast-2.ec2.archive.ubuntu.com/ubuntu/pool/main/s/sed/sed_4.7-1_amd64.deb	http://ap-northeast-2.ec2.archive.ubuntu.com/ubuntu/pool/main/s/sed/sed_4.7-1_amd64.deb	true	true	true	proxy_access_log
bionic-to-focal	fuse	2.9.9-3	amd64	fuse	fuse_2.9.9-3_amd64.deb	ap-northeast-2.ec2.archive.ubuntu.com		main	26028	80e34d6d1fe2de7ce04842707242ec2235c6bbd856052a7d2a4f543bb9e23d22	http://ap-northeast-2.ec2.archive.ubuntu.com/ubuntu/pool/main/f/fuse/fuse_2.9.9-3_amd64.deb	http://ap-northeast-2.ec2.archive.ubuntu.com/ubuntu/pool/main/f/fuse/fuse_2.9.9-3_amd64.deb	true	true	true	proxy_access_log
bionic-to-focal	libfuse2	2.9.9-3	amd64	fuse	libfuse2_2.9.9-3_amd64.deb	ap-northeast-2.ec2.archive.ubuntu.com		main	81972	47151c484c772d08759ef02cd49fe4e8abc182222736bfddb98d0263afcb1514	http://ap-northeast-2.ec2.archive.ubuntu.com/ubuntu/pool/main/f/fuse/libfuse2_2.9.9-3_amd64.deb	http://ap-northeast-2.ec2.archive.ubuntu.com/ubuntu/pool/main/f/fuse/libfuse2_2.9.9-3_amd64.deb	true	true	true	proxy_access_log
bionic-to-focal	libasprintf0v5	0.19.8.1-10build1	amd64	gettext	libasprintf0v5_0.19.8.1-10build1_amd64.deb	ap-northeast-2.ec2.archive.ubuntu.com		main	7056	5f8955703571f53050d7c23547e887be4b0d5c6523d592fe35864b0cdf494199	http://ap-northeast-2.ec2.archive.ubuntu.com/ubuntu/pool/main/g/gettext/libasprintf0v5_0.19.8.1-10build1_amd64.deb	http://ap-northeast-2.ec2.archive.ubuntu.com/ubuntu/pool/main/g/gettext/libasprintf0v5_0.19.8.1-10build1_amd64.deb	true	true	true	proxy_access_log
bionic-to-focal	gettext-base	0.19.8.1-10build1	amd64	gettext	gettext-base_0.19.8.1-10build1_amd64.deb	ap-northeast-2.ec2.archive.ubuntu.com		main	50244	9ae972f501db4c7193b1fe72015dcc1ef625498560e3fea77e8d8aff83018cc8	http://ap-northeast-2.ec2.archive.ubuntu.com/ubuntu/pool/main/g/gettext/gettext-base_0.19.8.1-10build1_amd64.deb	http://ap-northeast-2.ec2.archive.ubuntu.com/ubuntu/pool/main/g/gettext/gettext-base_0.19.8.1-10build1_amd64.deb	true	true	true	proxy_access_log
bionic-to-focal	python3-newt	0.52.21-4ubuntu2	amd64	newt	python3-newt_0.52.21-4ubuntu2_amd64.deb	ap-northeast-2.ec2.archive.ubuntu.com		main	19216	e6e924bed88f23a1491a322954e9017da67d2e01d9a5ad91f46794cf47e1f77c	http://ap-northeast-2.ec2.archive.ubuntu.com/ubuntu/pool/main/n/newt/python3-newt_0.52.21-4ubuntu2_amd64.deb	http://ap-northeast-2.ec2.archive.ubuntu.com/ubuntu/pool/main/n/newt/python3-newt_0.52.21-4ubuntu2_amd64.deb	true	true	true	proxy_access_log
bionic-to-focal	libslang2	2.3.2-4	amd64	slang2	libslang2_2.3.2-4_amd64.deb	ap-northeast-2.ec2.archive.ubuntu.com		main	428972	da8dde7e4528917587a1418c1805a68240cb3fc7c2e3793028b44702a916503b	http://ap-northeast-2.ec2.archive.ubuntu.com/ubuntu/pool/main/s/slang2/libslang2_2.3.2-4_amd64.deb	http://ap-northeast-2.ec2.archive.ubuntu.com/ubuntu/pool/main/s/slang2/libslang2_2.3.2-4_amd64.deb	true	true	true	proxy_access_log
bionic-to-focal	libnewt0.52	0.52.21-4ubuntu2	amd64	newt	libnewt0.52_0.52.21-4ubuntu2_amd64.deb	ap-northeast-2.ec2.archive.ubuntu.com		main	41076	1c87c95355f908ffe8608803eacff9c56256edc24f1110d082934d92ec85cd48	http://ap-northeast-2.ec2.archive.ubuntu.com/ubuntu/pool/main/n/newt/libnewt0.52_0.52.21-4ubuntu2_amd64.deb	http://ap-northeast-2.ec2.archive.ubuntu.com/ubuntu/pool/main/n/newt/libnewt0.52_0.52.21-4ubuntu2_amd64.deb	true	true	true	proxy_access_log
bionic-to-focal	libpopt0	1.16-14	amd64	popt	libpopt0_1.16-14_amd64.deb	ap-northeast-2.ec2.archive.ubuntu.com		main	26252	8548aa6b6a1f2a7b865a13f8643eb2a1caca9113f82c89f24e75c84d7099eed1	http://ap-northeast-2.ec2.archive.ubuntu.com/ubuntu/pool/main/p/popt/libpopt0_1.16-14_amd64.deb	http://ap-northeast-2.ec2.archive.ubuntu.com/ubuntu/pool/main/p/popt/libpopt0_1.16-14_amd64.deb	true	true	true	proxy_access_log
bionic-to-focal	whiptail	0.52.21-4ubuntu2	amd64	newt	whiptail_0.52.21-4ubuntu2_amd64.deb	ap-northeast-2.ec2.archive.ubuntu.com		main	16960	46e8cf18fcabe611c8a6f9756128e748f2745bbda83e1fe0a9adf3885bed764a	http://ap-northeast-2.ec2.archive.ubuntu.com/ubuntu/pool/main/n/newt/whiptail_0.52.21-4ubuntu2_amd64.deb	http://ap-northeast-2.ec2.archive.ubuntu.com/ubuntu/pool/main/n/newt/whiptail_0.52.21-4ubuntu2_amd64.deb	true	true	true	proxy_access_log
bionic-to-focal	linux-base	4.5ubuntu3.7	all	linux-base	linux-base_4.5ubuntu3.7_all.deb	ap-northeast-2.ec2.archive.ubuntu.com		main	17588	b5e37d1ec9d1162a24a055a7fa15788617b106742622a49cf2a7b048d7259209	http://ap-northeast-2.ec2.archive.ubuntu.com/ubuntu/pool/main/l/linux-base/linux-base_4.5ubuntu3.7_all.deb	http://ap-northeast-2.ec2.archive.ubuntu.com/ubuntu/pool/main/l/linux-base/linux-base_4.5ubuntu3.7_all.deb	true	true	true	proxy_access_log
bionic-to-focal	xkb-data	2.29-2	all	xkeyboard-config	xkb-data_2.29-2_all.deb	ap-northeast-2.ec2.archive.ubuntu.com		main	348648	890cc198b5a1023e3b3a879448524267d338b046a415bae7aff6216165bc4085	http://ap-northeast-2.ec2.archive.ubuntu.com/ubuntu/pool/main/x/xkeyboard-config/xkb-data_2.29-2_all.deb	http://ap-northeast-2.ec2.archive.ubuntu.com/ubuntu/pool/main/x/xkeyboard-config/xkb-data_2.29-2_all.deb	true	true	true	proxy_access_log
bionic-to-focal	ebtables	2.0.11-3build1	amd64	ebtables	ebtables_2.0.11-3build1_amd64.deb	ap-northeast-2.ec2.archive.ubuntu.com		main	80312	7f880e5b09ca162900160dbd7d15739780b4c65427e9cabb30f41e48a2cef3ae	http://ap-northeast-2.ec2.archive.ubuntu.com/ubuntu/pool/main/e/ebtables/ebtables_2.0.11-3build1_amd64.deb	http://ap-northeast-2.ec2.archive.ubuntu.com/ubuntu/pool/main/e/ebtables/ebtables_2.0.11-3build1_amd64.deb	true	true	true	proxy_access_log
bionic-to-focal	netbase	6.1	all	netbase	netbase_6.1_all.deb	ap-northeast-2.ec2.archive.ubuntu.com		main	13144	acd59678ca4791458468369724b72ccf981603308cb2959668c8487a954f9af4	http://ap-northeast-2.ec2.archive.ubuntu.com/ubuntu/pool/main/n/netbase/netbase_6.1_all.deb	http://ap-northeast-2.ec2.archive.ubuntu.com/ubuntu/pool/main/n/netbase/netbase_6.1_all.deb	true	true	true	proxy_access_log
bionic-to-focal	tzdata	2025b-0ubuntu0.20.04.1	all	tzdata	tzdata_2025b-0ubuntu0.20.04.1_all.deb	ap-northeast-2.ec2.archive.ubuntu.com		main	300012	d63a90a18b7137946897ed893b4981ed7ceeb2e5de91175e6891be98285c3959	http://ap-northeast-2.ec2.archive.ubuntu.com/ubuntu/pool/main/t/tzdata/tzdata_2025b-0ubuntu0.20.04.1_all.deb	http://ap-northeast-2.ec2.archive.ubuntu.com/ubuntu/pool/main/t/tzdata/tzdata_2025b-0ubuntu0.20.04.1_all.deb	true	true	true	proxy_access_log
bionic-to-focal	libcap2	2.32-1ubuntu0.2	amd64	libcap2	libcap2_2.32-1ubuntu0.2_amd64.deb	ap-northeast-2.ec2.archive.ubuntu.com		main	15716	ab20658e605b6262bada21926d5ef942b01d1d198069793f1fbfc031d3ee3a1a	http://ap-northeast-2.ec2.archive.ubuntu.com/ubuntu/pool/main/libc/libcap2/libcap2_2.32-1ubuntu0.2_amd64.deb	http://ap-northeast-2.ec2.archive.ubuntu.com/ubuntu/pool/main/libc/libcap2/libcap2_2.32-1ubuntu0.2_amd64.deb	true	true	true	proxy_access_log
bionic-to-focal	libbsd0	0.10.0-1	amd64	libbsd	libbsd0_0.10.0-1_amd64.deb	ap-northeast-2.ec2.archive.ubuntu.com		main	45356	4f668025fe923a372eb7fc368d6769fcfff6809233d48fd20fc072917cd82e60	http://ap-northeast-2.ec2.archive.ubuntu.com/ubuntu/pool/main/libb/libbsd/libbsd0_0.10.0-1_amd64.deb	http://ap-northeast-2.ec2.archive.ubuntu.com/ubuntu/pool/main/libb/libbsd/libbsd0_0.10.0-1_amd64.deb	true	true	true	proxy_access_log
bionic-to-focal	libedit2	3.1-20191231-1	amd64	libedit	libedit2_3.1-20191231-1_amd64.deb	ap-northeast-2.ec2.archive.ubuntu.com		main	86952	51a1190157e2dfe2c26bbdc114d1fc659456def2e78e6e9582809cf92a0a49a4	http://ap-northeast-2.ec2.archive.ubuntu.com/ubuntu/pool/main/libe/libedit/libedit2_3.1-20191231-1_amd64.deb	http://ap-northeast-2.ec2.archive.ubuntu.com/ubuntu/pool/main/libe/libedit/libedit2_3.1-20191231-1_amd64.deb	true	true	true	proxy_access_log
bionic-to-focal	ntp	4.2.8p12%2bdfsg-3ubuntu4.20.04.1	amd64	ntp	ntp_4.2.8p12%2bdfsg-3ubuntu4.20.04.1_amd64.deb	ap-northeast-2.ec2.archive.ubuntu.com		universe	656888	b3b6d70c4aacc55509482954311e60bf2457ff0d9edb5c3a793dcc1156c82ed9	http://ap-northeast-2.ec2.archive.ubuntu.com/ubuntu/pool/universe/n/ntp/ntp_4.2.8p12%2bdfsg-3ubuntu4.20.04.1_amd64.deb	http://ap-northeast-2.ec2.archive.ubuntu.com/ubuntu/pool/universe/n/ntp/ntp_4.2.8p12%2bdfsg-3ubuntu4.20.04.1_amd64.deb	true	true	true	proxy_access_log
bionic-to-focal	apparmor	2.13.3-7ubuntu5.4	amd64	apparmor	apparmor_2.13.3-7ubuntu5.4_amd64.deb	ap-northeast-2.ec2.archive.ubuntu.com		main	504704	c3e13c1f06bd381bdef7a12213658ba075143663da266ea2fd914039f5815bb6	http://ap-northeast-2.ec2.archive.ubuntu.com/ubuntu/pool/main/a/apparmor/apparmor_2.13.3-7ubuntu5.4_amd64.deb	http://ap-northeast-2.ec2.archive.ubuntu.com/ubuntu/pool/main/a/apparmor/apparmor_2.13.3-7ubuntu5.4_amd64.deb	true	true	true	proxy_access_log
bionic-to-focal	openssl	1.1.1f-1ubuntu2.24	amd64	openssl	openssl_1.1.1f-1ubuntu2.24_amd64.deb	ap-northeast-2.ec2.archive.ubuntu.com		main	621492	a595ba61adb73a39076720776767dc0edb9cb7fdbe5407c08343ef27fe493c4a	http://ap-northeast-2.ec2.archive.ubuntu.com/ubuntu/pool/main/o/openssl/openssl_1.1.1f-1ubuntu2.24_amd64.deb	http://ap-northeast-2.ec2.archive.ubuntu.com/ubuntu/pool/main/o/openssl/openssl_1.1.1f-1ubuntu2.24_amd64.deb	true	true	true	proxy_access_log
bionic-to-focal	ca-certificates	20240203%7e20.04.1	all	ca-certificates	ca-certificates_20240203%7e20.04.1_all.deb	ap-northeast-2.ec2.archive.ubuntu.com		main	158936	70961a11b08e2025d07a559285a58f9f27650f275ffe1188fa4bd77375dd244a	http://ap-northeast-2.ec2.archive.ubuntu.com/ubuntu/pool/main/c/ca-certificates/ca-certificates_20240203%7e20.04.1_all.deb	http://ap-northeast-2.ec2.archive.ubuntu.com/ubuntu/pool/main/c/ca-certificates/ca-certificates_20240203%7e20.04.1_all.deb	true	true	true	proxy_access_log
bionic-to-focal	libcbor0.6	0.6.0-0ubuntu1	amd64	libcbor	libcbor0.6_0.6.0-0ubuntu1_amd64.deb	ap-northeast-2.ec2.archive.ubuntu.com		main	21092	bcf2b0dd3b62cc29d28b1a4150f6023c8b57c5dbf3cb4cdb8ee51bcdaf072739	http://ap-northeast-2.ec2.archive.ubuntu.com/ubuntu/pool/main/libc/libcbor/libcbor0.6_0.6.0-0ubuntu1_amd64.deb	http://ap-northeast-2.ec2.archive.ubuntu.com/ubuntu/pool/main/libc/libcbor/libcbor0.6_0.6.0-0ubuntu1_amd64.deb	true	true	true	proxy_access_log
bionic-to-focal	libfido2-1	1.3.1-1ubuntu2	amd64	libfido2	libfido2-1_1.3.1-1ubuntu2_amd64.deb	ap-northeast-2.ec2.archive.ubuntu.com		main	47904	3af0d3b8ef2cff01d9a2f04bca11cf16fd91a6f5d5bd2fcf915c7ff24ffacc04	http://ap-northeast-2.ec2.archive.ubuntu.com/ubuntu/pool/main/libf/libfido2/libfido2-1_1.3.1-1ubuntu2_amd64.deb	http://ap-northeast-2.ec2.archive.ubuntu.com/ubuntu/pool/main/libf/libfido2/libfido2-1_1.3.1-1ubuntu2_amd64.deb	true	true	true	proxy_access_log
bionic-to-focal	libk5crypto3	1.17-6ubuntu4.11	amd64	krb5	libk5crypto3_1.17-6ubuntu4.11_amd64.deb	ap-northeast-2.ec2.archive.ubuntu.com		main	80316	f5cc56017b5714f427b257e46599f5a228821760439f408ebb7de7c01e5b1ab5	http://ap-northeast-2.ec2.archive.ubuntu.com/ubuntu/pool/main/k/krb5/libk5crypto3_1.17-6ubuntu4.11_amd64.deb	http://ap-northeast-2.ec2.archive.ubuntu.com/ubuntu/pool/main/k/krb5/libk5crypto3_1.17-6ubuntu4.11_amd64.deb	true	true	true	proxy_access_log
bionic-to-focal	libgssapi-krb5-2	1.17-6ubuntu4.11	amd64	krb5	libgssapi-krb5-2_1.17-6ubuntu4.11_amd64.deb	ap-northeast-2.ec2.archive.ubuntu.com		main	121224	08356bc6b140564abeea043b9cc8e9fd395f0775d652be739da2ea8ed0915322	http://ap-northeast-2.ec2.archive.ubuntu.com/ubuntu/pool/main/k/krb5/libgssapi-krb5-2_1.17-6ubuntu4.11_amd64.deb	http://ap-northeast-2.ec2.archive.ubuntu.com/ubuntu/pool/main/k/krb5/libgssapi-krb5-2_1.17-6ubuntu4.11_amd64.deb	true	true	true	proxy_access_log
bionic-to-focal	libkrb5-3	1.17-6ubuntu4.11	amd64	krb5	libkrb5-3_1.17-6ubuntu4.11_amd64.deb	ap-northeast-2.ec2.archive.ubuntu.com		main	329500	df7b48565c9304efc382da14d082d66240b4889415c5bf01bfaf8334c60f1d40	http://ap-northeast-2.ec2.archive.ubuntu.com/ubuntu/pool/main/k/krb5/libkrb5-3_1.17-6ubuntu4.11_amd64.deb	http://ap-northeast-2.ec2.archive.ubuntu.com/ubuntu/pool/main/k/krb5/libkrb5-3_1.17-6ubuntu4.11_amd64.deb	true	true	true	proxy_access_log
bionic-to-focal	libkrb5support0	1.17-6ubuntu4.11	amd64	krb5	libkrb5support0_1.17-6ubuntu4.11_amd64.deb	ap-northeast-2.ec2.archive.ubuntu.com		main	31496	06eb3024db8d8daba8201329f9c53bb94a1a7c7558c51d24967d88712045087a	http://ap-northeast-2.ec2.archive.ubuntu.com/ubuntu/pool/main/k/krb5/libkrb5support0_1.17-6ubuntu4.11_amd64.deb	http://ap-northeast-2.ec2.archive.ubuntu.com/ubuntu/pool/main/k/krb5/libkrb5support0_1.17-6ubuntu4.11_amd64.deb	true	true	true	proxy_access_log
bionic-to-focal	libcom-err2	1.45.5-2ubuntu1.2	amd64	e2fsprogs	libcom-err2_1.45.5-2ubuntu1.2_amd64.deb	ap-northeast-2.ec2.archive.ubuntu.com		main	9580	248a8d03de9fdb926bae68748e9b7715598759a2d3cd0a375e3a96764997b48b	http://ap-northeast-2.ec2.archive.ubuntu.com/ubuntu/pool/main/e/e2fsprogs/libcom-err2_1.45.5-2ubuntu1.2_amd64.deb	http://ap-northeast-2.ec2.archive.ubuntu.com/ubuntu/pool/main/e/e2fsprogs/libcom-err2_1.45.5-2ubuntu1.2_amd64.deb	true	true	true	proxy_access_log
bionic-to-focal	libkeyutils1	1.6-6ubuntu1.1	amd64	keyutils	libkeyutils1_1.6-6ubuntu1.1_amd64.deb	ap-northeast-2.ec2.archive.ubuntu.com		main	10252	5a098b2585e549b997a979c38e5bfcc07a5df3efef4753e41ad4dab1122d576c	http://ap-northeast-2.ec2.archive.ubuntu.com/ubuntu/pool/main/k/keyutils/libkeyutils1_1.6-6ubuntu1.1_amd64.deb	http://ap-northeast-2.ec2.archive.ubuntu.com/ubuntu/pool/main/k/keyutils/libkeyutils1_1.6-6ubuntu1.1_amd64.deb	true	true	true	proxy_access_log
bionic-to-focal	openssh-sftp-server	8.2p1-4ubuntu0.13	amd64	openssh-sftp-server	openssh-sftp-server_8.2p1-4ubuntu0.13_amd64.deb	ap-northeast-2.ec2.archive.ubuntu.com		main	51612	dbe332d1f31398d688a3035495107a03ee64c00ba9849c2c0d6d1d92d6187932	http://ap-northeast-2.ec2.archive.ubuntu.com/ubuntu/pool/main/o/openssh/openssh-sftp-server_8.2p1-4ubuntu0.13_amd64.deb	http://ap-northeast-2.ec2.archive.ubuntu.com/ubuntu/pool/main/o/openssh/openssh-sftp-server_8.2p1-4ubuntu0.13_amd64.deb	true	true	true	proxy_access_log
bionic-to-focal	libpam-runtime	1.3.1-5ubuntu4.7	all	pam	libpam-runtime_1.3.1-5ubuntu4.7_all.deb	ap-northeast-2.ec2.archive.ubuntu.com		main	37288	9e28174f564168fc1befe0ac07638a648ee472b4ecc72e3f8e7722c9802b8d29	http://ap-northeast-2.ec2.archive.ubuntu.com/ubuntu/pool/main/p/pam/libpam-runtime_1.3.1-5ubuntu4.7_all.deb	http://ap-northeast-2.ec2.archive.ubuntu.com/ubuntu/pool/main/p/pam/libpam-runtime_1.3.1-5ubuntu4.7_all.deb	true	true	true	proxy_access_log
bionic-to-focal	libncurses6	6.2-0ubuntu2.1	amd64	ncurses	libncurses6_6.2-0ubuntu2.1_amd64.deb	ap-northeast-2.ec2.archive.ubuntu.com		main	101284	22d14c8c181951185994c7b912f0d7adca8f98267a4051274ece69fe61bd836c	http://ap-northeast-2.ec2.archive.ubuntu.com/ubuntu/pool/main/n/ncurses/libncurses6_6.2-0ubuntu2.1_amd64.deb	http://ap-northeast-2.ec2.archive.ubuntu.com/ubuntu/pool/main/n/ncurses/libncurses6_6.2-0ubuntu2.1_amd64.deb	true	true	true	proxy_access_log
bionic-to-focal	libprocps8	3.3.16-1ubuntu2.4	amd64	libprocps8	libprocps8_3.3.16-1ubuntu2.4_amd64.deb	ap-northeast-2.ec2.archive.ubuntu.com		main	33084	afac6e6b1ada27d5f9690e0bb872d9514e592fe506e6411398f55f9f4b75ec37	http://ap-northeast-2.ec2.archive.ubuntu.com/ubuntu/pool/main/p/procps/libprocps8_3.3.16-1ubuntu2.4_amd64.deb	http://ap-northeast-2.ec2.archive.ubuntu.com/ubuntu/pool/main/p/procps/libprocps8_3.3.16-1ubuntu2.4_amd64.deb	true	true	true	proxy_access_log
bionic-to-focal	procps	3.3.16-1ubuntu2.4	amd64	procps	procps_3.3.16-1ubuntu2.4_amd64.deb	ap-northeast-2.ec2.archive.ubuntu.com		main	232312	8d780f0aaddfd75d3a0add79767881e58af78bb5c869757d1600835284c5d969	http://ap-northeast-2.ec2.archive.ubuntu.com/ubuntu/pool/main/p/procps/procps_3.3.16-1ubuntu2.4_amd64.deb	http://ap-northeast-2.ec2.archive.ubuntu.com/ubuntu/pool/main/p/procps/procps_3.3.16-1ubuntu2.4_amd64.deb	true	true	true	proxy_access_log
bionic-to-focal	tcpd	7.6.q-30	amd64	tcp-wrappers	tcpd_7.6.q-30_amd64.deb	ap-northeast-2.ec2.archive.ubuntu.com		universe	24368	b874df01ccc670ea5a08a86ed688b34075ba20dab7194422c19b2d4116d96c61	http://ap-northeast-2.ec2.archive.ubuntu.com/ubuntu/pool/universe/t/tcp-wrappers/tcpd_7.6.q-30_amd64.deb	http://ap-northeast-2.ec2.archive.ubuntu.com/ubuntu/pool/universe/t/tcp-wrappers/tcpd_7.6.q-30_amd64.deb	true	true	true	proxy_access_log
bionic-to-focal	libwrap0	7.6.q-30	amd64	tcp-wrappers	libwrap0_7.6.q-30_amd64.deb	ap-northeast-2.ec2.archive.ubuntu.com		main	46280	f9adf15b372329084215b635e5c630b7b19995484e2e97927c273edc448e613a	http://ap-northeast-2.ec2.archive.ubuntu.com/ubuntu/pool/main/t/tcp-wrappers/libwrap0_7.6.q-30_amd64.deb	http://ap-northeast-2.ec2.archive.ubuntu.com/ubuntu/pool/main/t/tcp-wrappers/libwrap0_7.6.q-30_amd64.deb	true	true	true	proxy_access_log
bionic-to-focal	openssh-server	8.2p1-4ubuntu0.13	amd64	openssh-server	openssh-server_8.2p1-4ubuntu0.13_amd64.deb	ap-northeast-2.ec2.archive.ubuntu.com		main	378024	4544bc1764fe5d14578c7061f8337c0f3764a89d85dd9679f2b03301d92b534a	http://ap-northeast-2.ec2.archive.ubuntu.com/ubuntu/pool/main/o/openssh/openssh-server_8.2p1-4ubuntu0.13_amd64.deb	http://ap-northeast-2.ec2.archive.ubuntu.com/ubuntu/pool/main/o/openssh/openssh-server_8.2p1-4ubuntu0.13_amd64.deb	true	true	true	proxy_access_log
bionic-to-focal	git	2.25.1-1ubuntu3.14	amd64	git	git_2.25.1-1ubuntu3.14_amd64.deb	ap-northeast-2.ec2.archive.ubuntu.com		main	4613292	3fd5cbfa9a6095a2ee2f8d222530f2f1e2bbb53376ab35bd37319562dc914329	http://ap-northeast-2.ec2.archive.ubuntu.com/ubuntu/pool/main/g/git/git_2.25.1-1ubuntu3.14_amd64.deb	http://ap-northeast-2.ec2.archive.ubuntu.com/ubuntu/pool/main/g/git/git_2.25.1-1ubuntu3.14_amd64.deb	true	true	true	proxy_access_log
bionic-to-focal	git-man	2.25.1-1ubuntu3.14	all	git-man	git-man_2.25.1-1ubuntu3.14_all.deb	ap-northeast-2.ec2.archive.ubuntu.com		main	886704	dd045e21b71e7c13f45f58d39478f44935c71347d58a9000489d15bb88ce04f5	http://ap-northeast-2.ec2.archive.ubuntu.com/ubuntu/pool/main/g/git/git-man_2.25.1-1ubuntu3.14_all.deb	http://ap-northeast-2.ec2.archive.ubuntu.com/ubuntu/pool/main/g/git/git-man_2.25.1-1ubuntu3.14_all.deb	true	true	true	proxy_access_log
bionic-to-focal	libbrotli1	1.0.7-6ubuntu0.1	amd64	brotli	libbrotli1_1.0.7-6ubuntu0.1_amd64.deb	ap-northeast-2.ec2.archive.ubuntu.com		main	266904	5b64add5ad40cc69ebb9bc663b7ec39c6ef0a3efb6c283ff8c8e4b84017ead74	http://ap-northeast-2.ec2.archive.ubuntu.com/ubuntu/pool/main/b/brotli/libbrotli1_1.0.7-6ubuntu0.1_amd64.deb	http://ap-northeast-2.ec2.archive.ubuntu.com/ubuntu/pool/main/b/brotli/libbrotli1_1.0.7-6ubuntu0.1_amd64.deb	true	true	true	proxy_access_log
bionic-to-focal	libssh-4	0.9.3-2ubuntu2.5	amd64	libssh	libssh-4_0.9.3-2ubuntu2.5_amd64.deb	ap-northeast-2.ec2.archive.ubuntu.com		main	170736	a1a7f1ebb227c7c24c63d448e5b6107893b1747a1a5233f6a85146ea140a68b0	http://ap-northeast-2.ec2.archive.ubuntu.com/ubuntu/pool/main/libs/libssh/libssh-4_0.9.3-2ubuntu2.5_amd64.deb	http://ap-northeast-2.ec2.archive.ubuntu.com/ubuntu/pool/main/libs/libssh/libssh-4_0.9.3-2ubuntu2.5_amd64.deb	true	true	true	proxy_access_log
bionic-to-focal	libsasl2-modules-db	2.1.27%2bdfsg-2ubuntu0.1	amd64	libsasl2-modules-db	libsasl2-modules-db_2.1.27%2bdfsg-2ubuntu0.1_amd64.deb	ap-northeast-2.ec2.archive.ubuntu.com		main	14700	ce29952a8d8b941f4d5bfcdbec3a7c1758ee19a4e6eb9f04d5025c310ee6875a	http://ap-northeast-2.ec2.archive.ubuntu.com/ubuntu/pool/main/c/cyrus-sasl2/libsasl2-modules-db_2.1.27%2bdfsg-2ubuntu0.1_amd64.deb	http://ap-northeast-2.ec2.archive.ubuntu.com/ubuntu/pool/main/c/cyrus-sasl2/libsasl2-modules-db_2.1.27%2bdfsg-2ubuntu0.1_amd64.deb	true	true	true	proxy_access_log
bionic-to-focal	libsasl2-2	2.1.27%2bdfsg-2ubuntu0.1	amd64	libsasl2-2	libsasl2-2_2.1.27%2bdfsg-2ubuntu0.1_amd64.deb	ap-northeast-2.ec2.archive.ubuntu.com		main	49332	70ae0b6860eb585ddeddf66dcbbba7a61bf46efae456cdb42ec4fe7d10c03085	http://ap-northeast-2.ec2.archive.ubuntu.com/ubuntu/pool/main/c/cyrus-sasl2/libsasl2-2_2.1.27%2bdfsg-2ubuntu0.1_amd64.deb	http://ap-northeast-2.ec2.archive.ubuntu.com/ubuntu/pool/main/c/cyrus-sasl2/libsasl2-2_2.1.27%2bdfsg-2ubuntu0.1_amd64.deb	true	true	true	proxy_access_log
bionic-to-focal	libroken18-heimdal	7.7.0%2bdfsg-1ubuntu1.4	amd64	libroken18-heimdal	libroken18-heimdal_7.7.0%2bdfsg-1ubuntu1.4_amd64.deb	ap-northeast-2.ec2.archive.ubuntu.com		main	42452	c66b925a5f2f3dd068780051249bc6a7779862829cf7bf0dc035d367cf2f0720	http://ap-northeast-2.ec2.archive.ubuntu.com/ubuntu/pool/main/h/heimdal/libroken18-heimdal_7.7.0%2bdfsg-1ubuntu1.4_amd64.deb	http://ap-northeast-2.ec2.archive.ubuntu.com/ubuntu/pool/main/h/heimdal/libroken18-heimdal_7.7.0%2bdfsg-1ubuntu1.4_amd64.deb	true	true	true	proxy_access_log
bionic-to-focal	libasn1-8-heimdal	7.7.0%2bdfsg-1ubuntu1.4	amd64	libasn1-8-heimdal	libasn1-8-heimdal_7.7.0%2bdfsg-1ubuntu1.4_amd64.deb	ap-northeast-2.ec2.archive.ubuntu.com		main	180984	842ee340c571c45164352db09571462deaf7b3d909f8a8e7880e6919fc52a14e	http://ap-northeast-2.ec2.archive.ubuntu.com/ubuntu/pool/main/h/heimdal/libasn1-8-heimdal_7.7.0%2bdfsg-1ubuntu1.4_amd64.deb	http://ap-northeast-2.ec2.archive.ubuntu.com/ubuntu/pool/main/h/heimdal/libasn1-8-heimdal_7.7.0%2bdfsg-1ubuntu1.4_amd64.deb	true	true	true	proxy_access_log
bionic-to-focal	libheimbase1-heimdal	7.7.0%2bdfsg-1ubuntu1.4	amd64	libheimbase1-heimdal	libheimbase1-heimdal_7.7.0%2bdfsg-1ubuntu1.4_amd64.deb	ap-northeast-2.ec2.archive.ubuntu.com		main	30420	8e836ecde0f39591da8f672c0e0c84bee19cc7fe3b7f091fd5670f44ca686f86	http://ap-northeast-2.ec2.archive.ubuntu.com/ubuntu/pool/main/h/heimdal/libheimbase1-heimdal_7.7.0%2bdfsg-1ubuntu1.4_amd64.deb	http://ap-northeast-2.ec2.archive.ubuntu.com/ubuntu/pool/main/h/heimdal/libheimbase1-heimdal_7.7.0%2bdfsg-1ubuntu1.4_amd64.deb	true	true	true	proxy_access_log
bionic-to-focal	libhcrypto4-heimdal	7.7.0%2bdfsg-1ubuntu1.4	amd64	libhcrypto4-heimdal	libhcrypto4-heimdal_7.7.0%2bdfsg-1ubuntu1.4_amd64.deb	ap-northeast-2.ec2.archive.ubuntu.com		main	88088	8305ccab93c66ed613b8d9328ad2093fc2f79cc1b1db0bffc9deee92b8522a04	http://ap-northeast-2.ec2.archive.ubuntu.com/ubuntu/pool/main/h/heimdal/libhcrypto4-heimdal_7.7.0%2bdfsg-1ubuntu1.4_amd64.deb	http://ap-northeast-2.ec2.archive.ubuntu.com/ubuntu/pool/main/h/heimdal/libhcrypto4-heimdal_7.7.0%2bdfsg-1ubuntu1.4_amd64.deb	true	true	true	proxy_access_log
bionic-to-focal	libwind0-heimdal	7.7.0%2bdfsg-1ubuntu1.4	amd64	libwind0-heimdal	libwind0-heimdal_7.7.0%2bdfsg-1ubuntu1.4_amd64.deb	ap-northeast-2.ec2.archive.ubuntu.com		main	47656	b6c310db9870b95f5abafc77823cdf954735f8e3a4be094f4c548796181bce68	http://ap-northeast-2.ec2.archive.ubuntu.com/ubuntu/pool/main/h/heimdal/libwind0-heimdal_7.7.0%2bdfsg-1ubuntu1.4_amd64.deb	http://ap-northeast-2.ec2.archive.ubuntu.com/ubuntu/pool/main/h/heimdal/libwind0-heimdal_7.7.0%2bdfsg-1ubuntu1.4_amd64.deb	true	true	true	proxy_access_log
bionic-to-focal	libhx509-5-heimdal	7.7.0%2bdfsg-1ubuntu1.4	amd64	libhx509-5-heimdal	libhx509-5-heimdal_7.7.0%2bdfsg-1ubuntu1.4_amd64.deb	ap-northeast-2.ec2.archive.ubuntu.com		main	106680	4d33ced52af97d5a5a36b90a559492edfe4c6048087afcde55c3fbd58336a6ab	http://ap-northeast-2.ec2.archive.ubuntu.com/ubuntu/pool/main/h/heimdal/libhx509-5-heimdal_7.7.0%2bdfsg-1ubuntu1.4_amd64.deb	http://ap-northeast-2.ec2.archive.ubuntu.com/ubuntu/pool/main/h/heimdal/libhx509-5-heimdal_7.7.0%2bdfsg-1ubuntu1.4_amd64.deb	true	true	true	proxy_access_log
bionic-to-focal	libsqlite3-0	3.31.1-4ubuntu0.7	amd64	sqlite3	libsqlite3-0_3.31.1-4ubuntu0.7_amd64.deb	ap-northeast-2.ec2.archive.ubuntu.com		main	548768	82555868d913b6a435c64dfd9efdf3eca01d06e4d5bc97425f14a3f00e5edfd7	http://ap-northeast-2.ec2.archive.ubuntu.com/ubuntu/pool/main/s/sqlite3/libsqlite3-0_3.31.1-4ubuntu0.7_amd64.deb	http://ap-northeast-2.ec2.archive.ubuntu.com/ubuntu/pool/main/s/sqlite3/libsqlite3-0_3.31.1-4ubuntu0.7_amd64.deb	true	true	true	proxy_access_log
bionic-to-focal	libkrb5-26-heimdal	7.7.0%2bdfsg-1ubuntu1.4	amd64	libkrb5-26-heimdal	libkrb5-26-heimdal_7.7.0%2bdfsg-1ubuntu1.4_amd64.deb	ap-northeast-2.ec2.archive.ubuntu.com		main	207464	4004189e6550a92e912cbffb652d129ae40f7356e1b4211b5858ec3c0c2a2a2c	http://ap-northeast-2.ec2.archive.ubuntu.com/ubuntu/pool/main/h/heimdal/libkrb5-26-heimdal_7.7.0%2bdfsg-1ubuntu1.4_amd64.deb	http://ap-northeast-2.ec2.archive.ubuntu.com/ubuntu/pool/main/h/heimdal/libkrb5-26-heimdal_7.7.0%2bdfsg-1ubuntu1.4_amd64.deb	true	true	true	proxy_access_log
bionic-to-focal	libheimntlm0-heimdal	7.7.0%2bdfsg-1ubuntu1.4	amd64	libheimntlm0-heimdal	libheimntlm0-heimdal_7.7.0%2bdfsg-1ubuntu1.4_amd64.deb	ap-northeast-2.ec2.archive.ubuntu.com		main	15076	4bb09f998d0130b91e3145a09eb53a54ad087f457c47bf147c509332000dadc7	http://ap-northeast-2.ec2.archive.ubuntu.com/ubuntu/pool/main/h/heimdal/libheimntlm0-heimdal_7.7.0%2bdfsg-1ubuntu1.4_amd64.deb	http://ap-northeast-2.ec2.archive.ubuntu.com/ubuntu/pool/main/h/heimdal/libheimntlm0-heimdal_7.7.0%2bdfsg-1ubuntu1.4_amd64.deb	true	true	true	proxy_access_log
bionic-to-focal	libgssapi3-heimdal	7.7.0%2bdfsg-1ubuntu1.4	amd64	libgssapi3-heimdal	libgssapi3-heimdal_7.7.0%2bdfsg-1ubuntu1.4_amd64.deb	ap-northeast-2.ec2.archive.ubuntu.com		main	96524	424946bdeb726e5829d67a9baf5a81253254c471b9206d5d6a1b7f3d1dfcc7cc	http://ap-northeast-2.ec2.archive.ubuntu.com/ubuntu/pool/main/h/heimdal/libgssapi3-heimdal_7.7.0%2bdfsg-1ubuntu1.4_amd64.deb	http://ap-northeast-2.ec2.archive.ubuntu.com/ubuntu/pool/main/h/heimdal/libgssapi3-heimdal_7.7.0%2bdfsg-1ubuntu1.4_amd64.deb	true	true	true	proxy_access_log
bionic-to-focal	libldap-common	2.4.49%2bdfsg-2ubuntu1.10	all	libldap-common	libldap-common_2.4.49%2bdfsg-2ubuntu1.10_all.deb	ap-northeast-2.ec2.archive.ubuntu.com		main	16456	7bf642d7edcf569b9f9c5067377f9d346377c7bc297e131339ff967d65e911c4	http://ap-northeast-2.ec2.archive.ubuntu.com/ubuntu/pool/main/o/openldap/libldap-common_2.4.49%2bdfsg-2ubuntu1.10_all.deb	http://ap-northeast-2.ec2.archive.ubuntu.com/ubuntu/pool/main/o/openldap/libldap-common_2.4.49%2bdfsg-2ubuntu1.10_all.deb	true	true	true	proxy_access_log
bionic-to-focal	libldap-2.4-2	2.4.49%2bdfsg-2ubuntu1.10	amd64	libldap-2.4-2	libldap-2.4-2_2.4.49%2bdfsg-2ubuntu1.10_amd64.deb	ap-northeast-2.ec2.archive.ubuntu.com		main	154540	9b4a479d3bd6d0b27226ee737e054abbb99e171af9ebabed5bde0ad4bade8705	http://ap-northeast-2.ec2.archive.ubuntu.com/ubuntu/pool/main/o/openldap/libldap-2.4-2_2.4.49%2bdfsg-2ubuntu1.10_amd64.deb	http://ap-northeast-2.ec2.archive.ubuntu.com/ubuntu/pool/main/o/openldap/libldap-2.4-2_2.4.49%2bdfsg-2ubuntu1.10_amd64.deb	true	true	true	proxy_access_log
bionic-to-focal	libnghttp2-14	1.40.0-1ubuntu0.3	amd64	nghttp2	libnghttp2-14_1.40.0-1ubuntu0.3_amd64.deb	ap-northeast-2.ec2.archive.ubuntu.com		main	79908	5ad180d76df7b79927cd7b9c240218bbef75ea49b44d687adfc2e54dbdf48f28	http://ap-northeast-2.ec2.archive.ubuntu.com/ubuntu/pool/main/n/nghttp2/libnghttp2-14_1.40.0-1ubuntu0.3_amd64.deb	http://ap-northeast-2.ec2.archive.ubuntu.com/ubuntu/pool/main/n/nghttp2/libnghttp2-14_1.40.0-1ubuntu0.3_amd64.deb	true	true	true	proxy_access_log
bionic-to-focal	libpsl5	0.21.0-1ubuntu1	amd64	libpsl	libpsl5_0.21.0-1ubuntu1_amd64.deb	ap-northeast-2.ec2.archive.ubuntu.com		main	51516	650850916833e7776a127a907ea7203f7822b6a11379ddb1f8ce88f0855b5a3c	http://ap-northeast-2.ec2.archive.ubuntu.com/ubuntu/pool/main/libp/libpsl/libpsl5_0.21.0-1ubuntu1_amd64.deb	http://ap-northeast-2.ec2.archive.ubuntu.com/ubuntu/pool/main/libp/libpsl/libpsl5_0.21.0-1ubuntu1_amd64.deb	true	true	true	proxy_access_log
bionic-to-focal	librtmp1	2.4%2b20151223.gitfa8646d.1-2build1	amd64	librtmp1	librtmp1_2.4%2b20151223.gitfa8646d.1-2build1_amd64.deb	ap-northeast-2.ec2.archive.ubuntu.com		main	54916	f7f1041501c6f643ffc4824b541bd442a47cd63bde7e1d4f76cef10758a08d80	http://ap-northeast-2.ec2.archive.ubuntu.com/ubuntu/pool/main/r/rtmpdump/librtmp1_2.4%2b20151223.gitfa8646d.1-2build1_amd64.deb	http://ap-northeast-2.ec2.archive.ubuntu.com/ubuntu/pool/main/r/rtmpdump/librtmp1_2.4%2b20151223.gitfa8646d.1-2build1_amd64.deb	true	true	true	proxy_access_log
bionic-to-focal	libcurl3-gnutls	7.68.0-1ubuntu2.25	amd64	curl	libcurl3-gnutls_7.68.0-1ubuntu2.25_amd64.deb	ap-northeast-2.ec2.archive.ubuntu.com		main	232608	82ca962d07c532088359353c4432f1d0b8e1a132f26f51a6e69126e0e8dc94d5	http://ap-northeast-2.ec2.archive.ubuntu.com/ubuntu/pool/main/c/curl/libcurl3-gnutls_7.68.0-1ubuntu2.25_amd64.deb	http://ap-northeast-2.ec2.archive.ubuntu.com/ubuntu/pool/main/c/curl/libcurl3-gnutls_7.68.0-1ubuntu2.25_amd64.deb	true	true	true	proxy_access_log
bionic-to-focal	linux-libc-dev	5.4.0-216.236	amd64	linux	linux-libc-dev_5.4.0-216.236_amd64.deb	ap-northeast-2.ec2.archive.ubuntu.com		main	1110608	70c9addd36aabd2d031d5ea0fc444f8b193027aef79ff3d8275d25800aed8ede	http://ap-northeast-2.ec2.archive.ubuntu.com/ubuntu/pool/main/l/linux/linux-libc-dev_5.4.0-216.236_amd64.deb	http://ap-northeast-2.ec2.archive.ubuntu.com/ubuntu/pool/main/l/linux/linux-libc-dev_5.4.0-216.236_amd64.deb	true	true	true	proxy_access_log
bionic-to-focal	libexpat1-dev	2.2.9-1ubuntu0.8	amd64	expat	libexpat1-dev_2.2.9-1ubuntu0.8_amd64.deb	ap-northeast-2.ec2.archive.ubuntu.com		main	116812	55fe0549728693a618589b20ff2446a9b54e383fa582ebe475129fde782577c4	http://ap-northeast-2.ec2.archive.ubuntu.com/ubuntu/pool/main/e/expat/libexpat1-dev_2.2.9-1ubuntu0.8_amd64.deb	http://ap-northeast-2.ec2.archive.ubuntu.com/ubuntu/pool/main/e/expat/libexpat1-dev_2.2.9-1ubuntu0.8_amd64.deb	true	true	true	proxy_access_log
bionic-to-focal	libexpat1	2.2.9-1ubuntu0.8	amd64	expat	libexpat1_2.2.9-1ubuntu0.8_amd64.deb	ap-northeast-2.ec2.archive.ubuntu.com		main	75552	021d56318dba1f753dc8284623161fad3051e4ec2f69ad84c16d649b1ac7d0c0	http://ap-northeast-2.ec2.archive.ubuntu.com/ubuntu/pool/main/e/expat/libexpat1_2.2.9-1ubuntu0.8_amd64.deb	http://ap-northeast-2.ec2.archive.ubuntu.com/ubuntu/pool/main/e/expat/libexpat1_2.2.9-1ubuntu0.8_amd64.deb	true	true	true	proxy_access_log
bionic-to-focal	liberror-perl	0.17029-1	all	liberror-perl	liberror-perl_0.17029-1_all.deb	ap-northeast-2.ec2.archive.ubuntu.com		main	26460	13c044def376282cd2a6a4b21e5ec829a6ac8aecd745183df22570e320cec08e	http://ap-northeast-2.ec2.archive.ubuntu.com/ubuntu/pool/main/libe/liberror-perl/liberror-perl_0.17029-1_all.deb	http://ap-northeast-2.ec2.archive.ubuntu.com/ubuntu/pool/main/libe/liberror-perl/liberror-perl_0.17029-1_all.deb	true	true	true	proxy_access_log
bionic-to-focal	openssh-client	8.2p1-4ubuntu0.13	amd64	openssh-client	openssh-client_8.2p1-4ubuntu0.13_amd64.deb	ap-northeast-2.ec2.archive.ubuntu.com		main	670032	d3fd2fbd6d0eab56c96b128000e24664c8cd44027e7d9fb5d7dd228b50fc438b	http://ap-northeast-2.ec2.archive.ubuntu.com/ubuntu/pool/main/o/openssh/openssh-client_8.2p1-4ubuntu0.13_amd64.deb	http://ap-northeast-2.ec2.archive.ubuntu.com/ubuntu/pool/main/o/openssh/openssh-client_8.2p1-4ubuntu0.13_amd64.deb	true	true	true	proxy_access_log
bionic-to-focal	liblzo2-2	2.10-2	amd64	lzo2	liblzo2-2_2.10-2_amd64.deb	ap-northeast-2.ec2.archive.ubuntu.com		main	50768	182aebdca25f73fae8e567e7ef351c628ec16f15881db675b35b1f1f3762b0de	http://ap-northeast-2.ec2.archive.ubuntu.com/ubuntu/pool/main/l/lzo2/liblzo2-2_2.10-2_amd64.deb	http://ap-northeast-2.ec2.archive.ubuntu.com/ubuntu/pool/main/l/lzo2/liblzo2-2_2.10-2_amd64.deb	true	true	true	proxy_access_log
bionic-to-focal	squashfs-tools	4.4-1ubuntu0.3	amd64	squashfs-tools	squashfs-tools_4.4-1ubuntu0.3_amd64.deb	ap-northeast-2.ec2.archive.ubuntu.com		main	117356	478e37dfa87f40fe3ef43379913d5b662d91f023f71a2d8141c1d9f22c354c9f	http://ap-northeast-2.ec2.archive.ubuntu.com/ubuntu/pool/main/s/squashfs-tools/squashfs-tools_4.4-1ubuntu0.3_amd64.deb	http://ap-northeast-2.ec2.archive.ubuntu.com/ubuntu/pool/main/s/squashfs-tools/squashfs-tools_4.4-1ubuntu0.3_amd64.deb	true	true	true	proxy_access_log
bionic-to-focal	dbus	1.12.16-2ubuntu2.3	amd64	dbus	dbus_1.12.16-2ubuntu2.3_amd64.deb	ap-northeast-2.ec2.archive.ubuntu.com		main	151244	e148811f57544785ec33373ddc758ebde2ee706d5b5f5cdffb75fdeb4499b59f	http://ap-northeast-2.ec2.archive.ubuntu.com/ubuntu/pool/main/d/dbus/dbus_1.12.16-2ubuntu2.3_amd64.deb	http://ap-northeast-2.ec2.archive.ubuntu.com/ubuntu/pool/main/d/dbus/dbus_1.12.16-2ubuntu2.3_amd64.deb	true	true	true	proxy_access_log
bionic-to-focal	libdbus-1-3	1.12.16-2ubuntu2.3	amd64	dbus	libdbus-1-3_1.12.16-2ubuntu2.3_amd64.deb	ap-northeast-2.ec2.archive.ubuntu.com		main	179056	624e7f78a22f483477bf806c3c4278ce3d5c6707d1176a646baf1dfc453a0982	http://ap-northeast-2.ec2.archive.ubuntu.com/ubuntu/pool/main/d/dbus/libdbus-1-3_1.12.16-2ubuntu2.3_amd64.deb	http://ap-northeast-2.ec2.archive.ubuntu.com/ubuntu/pool/main/d/dbus/libdbus-1-3_1.12.16-2ubuntu2.3_amd64.deb	true	true	true	proxy_access_log
bionic-to-focal	dbus-user-session	1.12.16-2ubuntu2.3	amd64	dbus	dbus-user-session_1.12.16-2ubuntu2.3_amd64.deb	ap-northeast-2.ec2.archive.ubuntu.com		main	9424	1da716bbbc15854b49e164ec322ae97e3fb30fa7d51d705694a27336c99eec28	http://ap-northeast-2.ec2.archive.ubuntu.com/ubuntu/pool/main/d/dbus/dbus-user-session_1.12.16-2ubuntu2.3_amd64.deb	http://ap-northeast-2.ec2.archive.ubuntu.com/ubuntu/pool/main/d/dbus/dbus-user-session_1.12.16-2ubuntu2.3_amd64.deb	true	true	true	proxy_access_log
bionic-to-focal	libelf1	0.176-1.1ubuntu0.1	amd64	elfutils	libelf1_0.176-1.1ubuntu0.1_amd64.deb	ap-northeast-2.ec2.archive.ubuntu.com		main	44180	af833433c630e8ee85d4e2fbed63ed3c1fba621795f530c9e52cf42d9a898875	http://ap-northeast-2.ec2.archive.ubuntu.com/ubuntu/pool/main/e/elfutils/libelf1_0.176-1.1ubuntu0.1_amd64.deb	http://ap-northeast-2.ec2.archive.ubuntu.com/ubuntu/pool/main/e/elfutils/libelf1_0.176-1.1ubuntu0.1_amd64.deb	true	true	true	proxy_access_log
bionic-to-focal	libip6tc2	1.8.4-3ubuntu2.1	amd64	iptables	libip6tc2_1.8.4-3ubuntu2.1_amd64.deb	ap-northeast-2.ec2.archive.ubuntu.com		main	19424	bc6d8534b26a551d5495b27c6c9457412d15013280f341cf0a6496d60720ec0e	http://ap-northeast-2.ec2.archive.ubuntu.com/ubuntu/pool/main/i/iptables/libip6tc2_1.8.4-3ubuntu2.1_amd64.deb	http://ap-northeast-2.ec2.archive.ubuntu.com/ubuntu/pool/main/i/iptables/libip6tc2_1.8.4-3ubuntu2.1_amd64.deb	true	true	true	proxy_access_log
bionic-to-focal	libnfnetlink0	1.0.1-3build1	amd64	libnfnetlink	libnfnetlink0_1.0.1-3build1_amd64.deb	ap-northeast-2.ec2.archive.ubuntu.com		main	13776	1ec5b07f539ec2d3424f0e0bdb587504908656961738e86706dc949cc8d9a11e	http://ap-northeast-2.ec2.archive.ubuntu.com/ubuntu/pool/main/libn/libnfnetlink/libnfnetlink0_1.0.1-3build1_amd64.deb	http://ap-northeast-2.ec2.archive.ubuntu.com/ubuntu/pool/main/libn/libnfnetlink/libnfnetlink0_1.0.1-3build1_amd64.deb	true	true	true	proxy_access_log
bionic-to-focal	libnetfilter-conntrack3	1.0.7-2	amd64	libnetfilter-conntrack	libnetfilter-conntrack3_1.0.7-2_amd64.deb	ap-northeast-2.ec2.archive.ubuntu.com		main	41420	ca25ce84eb065c7232bfd56801ff269848ba2f97a3a0265471a8e62811eb4201	http://ap-northeast-2.ec2.archive.ubuntu.com/ubuntu/pool/main/libn/libnetfilter-conntrack/libnetfilter-conntrack3_1.0.7-2_amd64.deb	http://ap-northeast-2.ec2.archive.ubuntu.com/ubuntu/pool/main/libn/libnetfilter-conntrack/libnetfilter-conntrack3_1.0.7-2_amd64.deb	true	true	true	proxy_access_log
bionic-to-focal	libnftnl11	1.1.5-1	amd64	libnftnl	libnftnl11_1.1.5-1_amd64.deb	ap-northeast-2.ec2.archive.ubuntu.com		main	57832	8e2583b9162789a7978dd74aaeda1f3d1327cd7c212735a01a7cef1dad1d2525	http://ap-northeast-2.ec2.archive.ubuntu.com/ubuntu/pool/main/libn/libnftnl/libnftnl11_1.1.5-1_amd64.deb	http://ap-northeast-2.ec2.archive.ubuntu.com/ubuntu/pool/main/libn/libnftnl/libnftnl11_1.1.5-1_amd64.deb	true	true	true	proxy_access_log
bionic-to-focal	libxtables12	1.8.4-3ubuntu2.1	amd64	iptables	libxtables12_1.8.4-3ubuntu2.1_amd64.deb	ap-northeast-2.ec2.archive.ubuntu.com		main	28656	01ac562be84fa1a86cd1dd06bbeca077196402c29496ed37c52dbe55e5dbcdce	http://ap-northeast-2.ec2.archive.ubuntu.com/ubuntu/pool/main/i/iptables/libxtables12_1.8.4-3ubuntu2.1_amd64.deb	http://ap-northeast-2.ec2.archive.ubuntu.com/ubuntu/pool/main/i/iptables/libxtables12_1.8.4-3ubuntu2.1_amd64.deb	true	true	true	proxy_access_log
bionic-to-focal	iptables	1.8.4-3ubuntu2.1	amd64	iptables	iptables_1.8.4-3ubuntu2.1_amd64.deb	ap-northeast-2.ec2.archive.ubuntu.com		main	390472	9bf5f8b3bda61cf00b40fe8b7bc9dd76d992f8524ef991720b9c4a38c767cb3a	http://ap-northeast-2.ec2.archive.ubuntu.com/ubuntu/pool/main/i/iptables/iptables_1.8.4-3ubuntu2.1_amd64.deb	http://ap-northeast-2.ec2.archive.ubuntu.com/ubuntu/pool/main/i/iptables/iptables_1.8.4-3ubuntu2.1_amd64.deb	true	true	true	proxy_access_log
bionic-to-focal	libpam-cap	2.32-1ubuntu0.2	amd64	libpam-cap	libpam-cap_2.32-1ubuntu0.2_amd64.deb	ap-northeast-2.ec2.archive.ubuntu.com		main	8376	e6ff5a88740f2e3c015c058551668688f938b5e3b64c5aee245e9ae4830996e6	http://ap-northeast-2.ec2.archive.ubuntu.com/ubuntu/pool/main/libc/libcap2/libpam-cap_2.32-1ubuntu0.2_amd64.deb	http://ap-northeast-2.ec2.archive.ubuntu.com/ubuntu/pool/main/libc/libcap2/libpam-cap_2.32-1ubuntu0.2_amd64.deb	true	true	true	proxy_access_log
bionic-to-focal	libcap2-bin	2.32-1ubuntu0.2	amd64	libcap2-bin	libcap2-bin_2.32-1ubuntu0.2_amd64.deb	ap-northeast-2.ec2.archive.ubuntu.com		main	26188	50774d53a85399d21eb07515a3ba8179c2fd1b8cbaff14537dd169981af576bb	http://ap-northeast-2.ec2.archive.ubuntu.com/ubuntu/pool/main/libc/libcap2/libcap2-bin_2.32-1ubuntu0.2_amd64.deb	http://ap-northeast-2.ec2.archive.ubuntu.com/ubuntu/pool/main/libc/libcap2/libcap2-bin_2.32-1ubuntu0.2_amd64.deb	true	true	true	proxy_access_log
bionic-to-focal	iproute2	5.5.0-1ubuntu1	amd64	iproute2	iproute2_5.5.0-1ubuntu1_amd64.deb	ap-northeast-2.ec2.archive.ubuntu.com		main	857960	a85abca744b454f4d2856a5c8e0476f3614dc2881ff09b4f559bff7b41a4d2f8	http://ap-northeast-2.ec2.archive.ubuntu.com/ubuntu/pool/main/i/iproute2/iproute2_5.5.0-1ubuntu1_amd64.deb	http://ap-northeast-2.ec2.archive.ubuntu.com/ubuntu/pool/main/i/iproute2/iproute2_5.5.0-1ubuntu1_amd64.deb	true	true	true	proxy_access_log
bionic-to-focal	libargon2-1	0%7e20171227-0.2	amd64	libargon2-1	libargon2-1_0%7e20171227-0.2_amd64.deb	ap-northeast-2.ec2.archive.ubuntu.com		main	19208	dd0c2b89a58400d555df86c58465f95cf6aebec7bdc1e7c96718d25e29a38019	http://ap-northeast-2.ec2.archive.ubuntu.com/ubuntu/pool/main/a/argon2/libargon2-1_0%7e20171227-0.2_amd64.deb	http://ap-northeast-2.ec2.archive.ubuntu.com/ubuntu/pool/main/a/argon2/libargon2-1_0%7e20171227-0.2_amd64.deb	true	true	true	proxy_access_log
bionic-to-focal	libjson-c4	0.13.1%2bdfsg-7ubuntu0.3	amd64	libjson-c4	libjson-c4_0.13.1%2bdfsg-7ubuntu0.3_amd64.deb	ap-northeast-2.ec2.archive.ubuntu.com		main	29264	81d4d7fa8f1a2f0e1851040119ea105a12dc4d23dd26f4ef2228d8778b981f96	http://ap-northeast-2.ec2.archive.ubuntu.com/ubuntu/pool/main/j/json-c/libjson-c4_0.13.1%2bdfsg-7ubuntu0.3_amd64.deb	http://ap-northeast-2.ec2.archive.ubuntu.com/ubuntu/pool/main/j/json-c/libjson-c4_0.13.1%2bdfsg-7ubuntu0.3_amd64.deb	true	true	true	proxy_access_log
bionic-to-focal	libcryptsetup12	2.2.2-3ubuntu2.5	amd64	libcryptsetup12	libcryptsetup12_2.2.2-3ubuntu2.5_amd64.deb	ap-northeast-2.ec2.archive.ubuntu.com		main	166236	77ca4cc1f9deb80f47994b1ab168b8b86d1eb61ea6e8f7dd2cf58299caf3e7aa	http://ap-northeast-2.ec2.archive.ubuntu.com/ubuntu/pool/main/c/cryptsetup/libcryptsetup12_2.2.2-3ubuntu2.5_amd64.deb	http://ap-northeast-2.ec2.archive.ubuntu.com/ubuntu/pool/main/c/cryptsetup/libcryptsetup12_2.2.2-3ubuntu2.5_amd64.deb	true	true	true	proxy_access_log
bionic-to-focal	libseccomp2	2.5.1-1ubuntu1%7e20.04.2	amd64	libseccomp2	libseccomp2_2.5.1-1ubuntu1%7e20.04.2_amd64.deb	ap-northeast-2.ec2.archive.ubuntu.com		main	42540	e2fe929b69bec68e5e00eaecc2e661da0b31d8a5e9df298df43e2ba40983bdc1	http://ap-northeast-2.ec2.archive.ubuntu.com/ubuntu/pool/main/libs/libseccomp/libseccomp2_2.5.1-1ubuntu1%7e20.04.2_amd64.deb	http://ap-northeast-2.ec2.archive.ubuntu.com/ubuntu/pool/main/libs/libseccomp/libseccomp2_2.5.1-1ubuntu1%7e20.04.2_amd64.deb	true	true	true	proxy_access_log
bionic-to-focal	libsystemd0	245.4-4ubuntu3.24	amd64	systemd	libsystemd0_245.4-4ubuntu3.24_amd64.deb	ap-northeast-2.ec2.archive.ubuntu.com		main	267456	5b510f79d65149f9952220ad9f74c1d6c8d48e3086a688a8c58d0b6ff57f9ee2	http://ap-northeast-2.ec2.archive.ubuntu.com/ubuntu/pool/main/s/systemd/libsystemd0_245.4-4ubuntu3.24_amd64.deb	http://ap-northeast-2.ec2.archive.ubuntu.com/ubuntu/pool/main/s/systemd/libsystemd0_245.4-4ubuntu3.24_amd64.deb	true	true	true	proxy_access_log
bionic-to-focal	libapt-pkg6.0	2.0.11	amd64	apt	libapt-pkg6.0_2.0.11_amd64.deb	ap-northeast-2.ec2.archive.ubuntu.com		main	842920	f52c97ca0094622d9f43328e3eb6addf0625c52f06adfa07a6beea66419a824a	http://ap-northeast-2.ec2.archive.ubuntu.com/ubuntu/pool/main/a/apt/libapt-pkg6.0_2.0.11_amd64.deb	http://ap-northeast-2.ec2.archive.ubuntu.com/ubuntu/pool/main/a/apt/libapt-pkg6.0_2.0.11_amd64.deb	true	true	true	proxy_access_log
bionic-to-focal	gpg-wks-client	2.2.19-3ubuntu2.5	amd64	gnupg2	gpg-wks-client_2.2.19-3ubuntu2.5_amd64.deb	ap-northeast-2.ec2.archive.ubuntu.com		main	97764	590411b919c0d31229614a35017860336cf41c0783e0259cf4678ac47e8f651e	http://ap-northeast-2.ec2.archive.ubuntu.com/ubuntu/pool/main/g/gnupg2/gpg-wks-client_2.2.19-3ubuntu2.5_amd64.deb	http://ap-northeast-2.ec2.archive.ubuntu.com/ubuntu/pool/main/g/gnupg2/gpg-wks-client_2.2.19-3ubuntu2.5_amd64.deb	true	true	true	proxy_access_log
bionic-to-focal	dirmngr	2.2.19-3ubuntu2.5	amd64	gnupg2	dirmngr_2.2.19-3ubuntu2.5_amd64.deb	ap-northeast-2.ec2.archive.ubuntu.com		main	329652	fd1d4cf7fcca452d9a314430b6a1f18326083c8079a6494b752db9dfd64178ec	http://ap-northeast-2.ec2.archive.ubuntu.com/ubuntu/pool/main/g/gnupg2/dirmngr_2.2.19-3ubuntu2.5_amd64.deb	http://ap-northeast-2.ec2.archive.ubuntu.com/ubuntu/pool/main/g/gnupg2/dirmngr_2.2.19-3ubuntu2.5_amd64.deb	true	true	true	proxy_access_log
bionic-to-focal	gpg	2.2.19-3ubuntu2.5	amd64	gnupg2	gpg_2.2.19-3ubuntu2.5_amd64.deb	ap-northeast-2.ec2.archive.ubuntu.com		main	482628	65a5a6ab90906345a757d6e891770e75bb6cd5e22c7adc65016b9cd7154e0521	http://ap-northeast-2.ec2.archive.ubuntu.com/ubuntu/pool/main/g/gnupg2/gpg_2.2.19-3ubuntu2.5_amd64.deb	http://ap-northeast-2.ec2.archive.ubuntu.com/ubuntu/pool/main/g/gnupg2/gpg_2.2.19-3ubuntu2.5_amd64.deb	true	true	true	proxy_access_log
bionic-to-focal	gnupg-utils	2.2.19-3ubuntu2.5	amd64	gnupg2	gnupg-utils_2.2.19-3ubuntu2.5_amd64.deb	ap-northeast-2.ec2.archive.ubuntu.com		main	480996	4aebd8dd1124fc64dad3c1e53319e665cc6d944482ff2eae89135b6236a4e14c	http://ap-northeast-2.ec2.archive.ubuntu.com/ubuntu/pool/main/g/gnupg2/gnupg-utils_2.2.19-3ubuntu2.5_amd64.deb	http://ap-northeast-2.ec2.archive.ubuntu.com/ubuntu/pool/main/g/gnupg2/gnupg-utils_2.2.19-3ubuntu2.5_amd64.deb	true	true	true	proxy_access_log
bionic-to-focal	gnupg-l10n	2.2.19-3ubuntu2.5	all	gnupg2	gnupg-l10n_2.2.19-3ubuntu2.5_all.deb	ap-northeast-2.ec2.archive.ubuntu.com		main	51896	621aea742f705ec85bc45866803020e4cf5beb56b5e093c637de71b5844da362	http://ap-northeast-2.ec2.archive.ubuntu.com/ubuntu/pool/main/g/gnupg2/gnupg-l10n_2.2.19-3ubuntu2.5_all.deb	http://ap-northeast-2.ec2.archive.ubuntu.com/ubuntu/pool/main/g/gnupg2/gnupg-l10n_2.2.19-3ubuntu2.5_all.deb	true	true	true	proxy_access_log
bionic-to-focal	gpg-agent	2.2.19-3ubuntu2.5	amd64	gnupg2	gpg-agent_2.2.19-3ubuntu2.5_amd64.deb	ap-northeast-2.ec2.archive.ubuntu.com		main	231624	7ee8be5196cbda7dc5fb247740fd11cd3a4859e0ccf216214d7f8745d9d02b59	http://ap-northeast-2.ec2.archive.ubuntu.com/ubuntu/pool/main/g/gnupg2/gpg-agent_2.2.19-3ubuntu2.5_amd64.deb	http://ap-northeast-2.ec2.archive.ubuntu.com/ubuntu/pool/main/g/gnupg2/gpg-agent_2.2.19-3ubuntu2.5_amd64.deb	true	true	true	proxy_access_log
bionic-to-focal	gpgsm	2.2.19-3ubuntu2.5	amd64	gnupg2	gpgsm_2.2.19-3ubuntu2.5_amd64.deb	ap-northeast-2.ec2.archive.ubuntu.com		main	216912	8b76cfe26afa8bf2846451e7eb61af1cbecba3da3c6d88f1dc38d2fa99879186	http://ap-northeast-2.ec2.archive.ubuntu.com/ubuntu/pool/main/g/gnupg2/gpgsm_2.2.19-3ubuntu2.5_amd64.deb	http://ap-northeast-2.ec2.archive.ubuntu.com/ubuntu/pool/main/g/gnupg2/gpgsm_2.2.19-3ubuntu2.5_amd64.deb	true	true	true	proxy_access_log
bionic-to-focal	gpgconf	2.2.19-3ubuntu2.5	amd64	gnupg2	gpgconf_2.2.19-3ubuntu2.5_amd64.deb	ap-northeast-2.ec2.archive.ubuntu.com		main	123960	e7024599d7df62f50074a654bbb62df78740dc86d57a4da7109a55dd80cb6c08	http://ap-northeast-2.ec2.archive.ubuntu.com/ubuntu/pool/main/g/gnupg2/gpgconf_2.2.19-3ubuntu2.5_amd64.deb	http://ap-northeast-2.ec2.archive.ubuntu.com/ubuntu/pool/main/g/gnupg2/gpgconf_2.2.19-3ubuntu2.5_amd64.deb	true	true	true	proxy_access_log
bionic-to-focal	gnupg	2.2.19-3ubuntu2.5	all	gnupg2	gnupg_2.2.19-3ubuntu2.5_all.deb	ap-northeast-2.ec2.archive.ubuntu.com		main	258944	b4d8225524bb82412b24c821d431efd8d564e9bd0ee175f774ed344637657648	http://ap-northeast-2.ec2.archive.ubuntu.com/ubuntu/pool/main/g/gnupg2/gnupg_2.2.19-3ubuntu2.5_all.deb	http://ap-northeast-2.ec2.archive.ubuntu.com/ubuntu/pool/main/g/gnupg2/gnupg_2.2.19-3ubuntu2.5_all.deb	true	true	true	proxy_access_log
bionic-to-focal	gpg-wks-server	2.2.19-3ubuntu2.5	amd64	gnupg2	gpg-wks-server_2.2.19-3ubuntu2.5_amd64.deb	ap-northeast-2.ec2.archive.ubuntu.com		main	89980	7c40712f1dc01bd8d8cf58292dee693a354b7b85faf307793e1e0c9c236b9755	http://ap-northeast-2.ec2.archive.ubuntu.com/ubuntu/pool/main/g/gnupg2/gpg-wks-server_2.2.19-3ubuntu2.5_amd64.deb	http://ap-northeast-2.ec2.archive.ubuntu.com/ubuntu/pool/main/g/gnupg2/gpg-wks-server_2.2.19-3ubuntu2.5_amd64.deb	true	true	true	proxy_access_log
bionic-to-focal	libassuan0	2.5.3-7ubuntu2	amd64	libassuan	libassuan0_2.5.3-7ubuntu2_amd64.deb	ap-northeast-2.ec2.archive.ubuntu.com		main	35668	a8dd19ba8e561e934a65f8a65bcc99ab60e34b622fb57cc552a31057547b9efc	http://ap-northeast-2.ec2.archive.ubuntu.com/ubuntu/pool/main/liba/libassuan/libassuan0_2.5.3-7ubuntu2_amd64.deb	http://ap-northeast-2.ec2.archive.ubuntu.com/ubuntu/pool/main/liba/libassuan/libassuan0_2.5.3-7ubuntu2_amd64.deb	true	true	true	proxy_access_log
bionic-to-focal	libksba8	1.3.5-2ubuntu0.20.04.2	amd64	libksba	libksba8_1.3.5-2ubuntu0.20.04.2_amd64.deb	ap-northeast-2.ec2.archive.ubuntu.com		main	95152	8e2c3fd03541fc878e5f3dbd4e7840845cab37616a8631691cbb42c560410d5b	http://ap-northeast-2.ec2.archive.ubuntu.com/ubuntu/pool/main/libk/libksba/libksba8_1.3.5-2ubuntu0.20.04.2_amd64.deb	http://ap-northeast-2.ec2.archive.ubuntu.com/ubuntu/pool/main/libk/libksba/libksba8_1.3.5-2ubuntu0.20.04.2_amd64.deb	true	true	true	proxy_access_log
bionic-to-focal	pinentry-curses	1.1.0-3build1	amd64	pinentry	pinentry-curses_1.1.0-3build1_amd64.deb	ap-northeast-2.ec2.archive.ubuntu.com		main	36296	c5e3051835b0e5d5953b5b2c4b3dba63157b619b2cabb898cdb18c470e1381c7	http://ap-northeast-2.ec2.archive.ubuntu.com/ubuntu/pool/main/p/pinentry/pinentry-curses_1.1.0-3build1_amd64.deb	http://ap-northeast-2.ec2.archive.ubuntu.com/ubuntu/pool/main/p/pinentry/pinentry-curses_1.1.0-3build1_amd64.deb	true	true	true	proxy_access_log
bionic-to-focal	libnpth0	1.6-1	amd64	npth	libnpth0_1.6-1_amd64.deb	ap-northeast-2.ec2.archive.ubuntu.com		main	7736	bacdfa0ddc787f5d281a239b18cff6b2025b1a5ca548283e42ee39bfb7a062e8	http://ap-northeast-2.ec2.archive.ubuntu.com/ubuntu/pool/main/n/npth/libnpth0_1.6-1_amd64.deb	http://ap-northeast-2.ec2.archive.ubuntu.com/ubuntu/pool/main/n/npth/libnpth0_1.6-1_amd64.deb	true	true	true	proxy_access_log
bionic-to-focal	gpgv	2.2.19-3ubuntu2.5	amd64	gnupg2	gpgv_2.2.19-3ubuntu2.5_amd64.deb	ap-northeast-2.ec2.archive.ubuntu.com		main	200496	2881f2a428da14851a6dc66a9e2241dd19fb5d1537b8b2407555b281141946cd	http://ap-northeast-2.ec2.archive.ubuntu.com/ubuntu/pool/main/g/gnupg2/gpgv_2.2.19-3ubuntu2.5_amd64.deb	http://ap-northeast-2.ec2.archive.ubuntu.com/ubuntu/pool/main/g/gnupg2/gpgv_2.2.19-3ubuntu2.5_amd64.deb	true	true	true	proxy_access_log
bionic-to-focal	ubuntu-keyring	2020.02.11.4	all	ubuntu-keyring	ubuntu-keyring_2020.02.11.4_all.deb	ap-northeast-2.ec2.archive.ubuntu.com		main	22076	2684fae16e90a9ff3cb4dc08a8af5bd9973d38763b60e5f458dea0b403a39788	http://ap-northeast-2.ec2.archive.ubuntu.com/ubuntu/pool/main/u/ubuntu-keyring/ubuntu-keyring_2020.02.11.4_all.deb	http://ap-northeast-2.ec2.archive.ubuntu.com/ubuntu/pool/main/u/ubuntu-keyring/ubuntu-keyring_2020.02.11.4_all.deb	true	true	true	proxy_access_log
bionic-to-focal	apt-utils	2.0.11	amd64	apt	apt-utils_2.0.11_amd64.deb	ap-northeast-2.ec2.archive.ubuntu.com		main	213468	e0450291e086697befd7a74bd98d9ee2857b7732e05e7f8fd48619967aab7382	http://ap-northeast-2.ec2.archive.ubuntu.com/ubuntu/pool/main/a/apt/apt-utils_2.0.11_amd64.deb	http://ap-northeast-2.ec2.archive.ubuntu.com/ubuntu/pool/main/a/apt/apt-utils_2.0.11_amd64.deb	true	true	true	proxy_access_log
bionic-to-focal	ubuntu-pro-client-l10n	37.1ubuntu0%7e20.04.1	amd64	ubuntu-pro-client-l10n	ubuntu-pro-client-l10n_37.1ubuntu0%7e20.04.1_amd64.deb	ap-northeast-2.ec2.archive.ubuntu.com		main	1592	3738e25c1104bcae280b659ca264aaf77bdd149829d184f71262242083f5a78c	http://ap-northeast-2.ec2.archive.ubuntu.com/ubuntu/pool/main/u/ubuntu-advantage-tools/ubuntu-pro-client-l10n_37.1ubuntu0%7e20.04.1_amd64.deb	http://ap-northeast-2.ec2.archive.ubuntu.com/ubuntu/pool/main/u/ubuntu-advantage-tools/ubuntu-pro-client-l10n_37.1ubuntu0%7e20.04.1_amd64.deb	true	true	true	proxy_access_log
bionic-to-focal	ubuntu-pro-client	37.1ubuntu0%7e20.04.1	amd64	ubuntu-pro-client	ubuntu-pro-client_37.1ubuntu0%7e20.04.1_amd64.deb	ap-northeast-2.ec2.archive.ubuntu.com		main	237284	c5b42dc1140757573fcb32daba4a9b8271ed41c5e720c4b25be60f7dfa96a88c	http://ap-northeast-2.ec2.archive.ubuntu.com/ubuntu/pool/main/u/ubuntu-advantage-tools/ubuntu-pro-client_37.1ubuntu0%7e20.04.1_amd64.deb	http://ap-northeast-2.ec2.archive.ubuntu.com/ubuntu/pool/main/u/ubuntu-advantage-tools/ubuntu-pro-client_37.1ubuntu0%7e20.04.1_amd64.deb	true	true	true	proxy_access_log
bionic-to-focal	libpython3.8-minimal	3.8.10-0ubuntu1%7e20.04.18	amd64	libpython3.8-minimal	libpython3.8-minimal_3.8.10-0ubuntu1%7e20.04.18_amd64.deb	ap-northeast-2.ec2.archive.ubuntu.com		main	720576	9c6f278dbc95c17fa594ab8da3a92c9e92741474170c406c4724ee822447142e	http://ap-northeast-2.ec2.archive.ubuntu.com/ubuntu/pool/main/p/python3.8/libpython3.8-minimal_3.8.10-0ubuntu1%7e20.04.18_amd64.deb	http://ap-northeast-2.ec2.archive.ubuntu.com/ubuntu/pool/main/p/python3.8/libpython3.8-minimal_3.8.10-0ubuntu1%7e20.04.18_amd64.deb	true	true	true	proxy_access_log
bionic-to-focal	python3.8-minimal	3.8.10-0ubuntu1%7e20.04.18	amd64	python3.8-minimal	python3.8-minimal_3.8.10-0ubuntu1%7e20.04.18_amd64.deb	ap-northeast-2.ec2.archive.ubuntu.com		main	1899928	3fc6e0a03c90a9d2b3cf11bf7a64b548e07e8d20eb5f687c983c026162e5dc5e	http://ap-northeast-2.ec2.archive.ubuntu.com/ubuntu/pool/main/p/python3.8/python3.8-minimal_3.8.10-0ubuntu1%7e20.04.18_amd64.deb	http://ap-northeast-2.ec2.archive.ubuntu.com/ubuntu/pool/main/p/python3.8/python3.8-minimal_3.8.10-0ubuntu1%7e20.04.18_amd64.deb	true	true	true	proxy_access_log
bionic-to-focal	python3-minimal	3.8.2-0ubuntu2	amd64	python3-defaults	python3-minimal_3.8.2-0ubuntu2_amd64.deb	ap-northeast-2.ec2.archive.ubuntu.com		main	23560	a5d7a5f8a34faac06706f801ca56f3850454b3f6ebeac9729d0f194763cdb079	http://ap-northeast-2.ec2.archive.ubuntu.com/ubuntu/pool/main/p/python3-defaults/python3-minimal_3.8.2-0ubuntu2_amd64.deb	http://ap-northeast-2.ec2.archive.ubuntu.com/ubuntu/pool/main/p/python3-defaults/python3-minimal_3.8.2-0ubuntu2_amd64.deb	true	true	true	proxy_access_log
bionic-to-focal	libreadline8	8.0-4	amd64	readline	libreadline8_8.0-4_amd64.deb	ap-northeast-2.ec2.archive.ubuntu.com		main	130880	5c0e982098eeb1b69a1360f4dc20553397d0a41240f3b2fc2812ee3f02274a82	http://ap-northeast-2.ec2.archive.ubuntu.com/ubuntu/pool/main/r/readline/libreadline8_8.0-4_amd64.deb	http://ap-northeast-2.ec2.archive.ubuntu.com/ubuntu/pool/main/r/readline/libreadline8_8.0-4_amd64.deb	true	true	true	proxy_access_log
bionic-to-focal	libpython3.8-stdlib	3.8.10-0ubuntu1%7e20.04.18	amd64	libpython3.8-stdlib	libpython3.8-stdlib_3.8.10-0ubuntu1%7e20.04.18_amd64.deb	ap-northeast-2.ec2.archive.ubuntu.com		main	1676000	2e37173e0f5b8b13e6d3fded96f1b1e32792b673e6cc4e6b0a2e927091e34fd2	http://ap-northeast-2.ec2.archive.ubuntu.com/ubuntu/pool/main/p/python3.8/libpython3.8-stdlib_3.8.10-0ubuntu1%7e20.04.18_amd64.deb	http://ap-northeast-2.ec2.archive.ubuntu.com/ubuntu/pool/main/p/python3.8/libpython3.8-stdlib_3.8.10-0ubuntu1%7e20.04.18_amd64.deb	true	true	true	proxy_access_log
bionic-to-focal	python3.8	3.8.10-0ubuntu1%7e20.04.18	amd64	python3.8	python3.8_3.8.10-0ubuntu1%7e20.04.18_amd64.deb	ap-northeast-2.ec2.archive.ubuntu.com		main	386744	d5895159a32736faf5068b14ef65b1d8d0f50f0eeee762e1ee9b7b3e2d87ac42	http://ap-northeast-2.ec2.archive.ubuntu.com/ubuntu/pool/main/p/python3.8/python3.8_3.8.10-0ubuntu1%7e20.04.18_amd64.deb	http://ap-northeast-2.ec2.archive.ubuntu.com/ubuntu/pool/main/p/python3.8/python3.8_3.8.10-0ubuntu1%7e20.04.18_amd64.deb	true	true	true	proxy_access_log
bionic-to-focal	libpython3-stdlib	3.8.2-0ubuntu2	amd64	python3-defaults	libpython3-stdlib_3.8.2-0ubuntu2_amd64.deb	ap-northeast-2.ec2.archive.ubuntu.com		main	7068	70dd9790a31c971699facc7f4da35fb6c24d4e31fc39aedadc4e426164c83304	http://ap-northeast-2.ec2.archive.ubuntu.com/ubuntu/pool/main/p/python3-defaults/libpython3-stdlib_3.8.2-0ubuntu2_amd64.deb	http://ap-northeast-2.ec2.archive.ubuntu.com/ubuntu/pool/main/p/python3-defaults/libpython3-stdlib_3.8.2-0ubuntu2_amd64.deb	true	true	true	proxy_access_log
bionic-to-focal	dh-python	4.20191017ubuntu7	all	dh-python	dh-python_4.20191017ubuntu7_all.deb	ap-northeast-2.ec2.archive.ubuntu.com		universe	87056	35af29eae1b92006485da7268a2a69f1ee74d62b7970fba87d2d9a21c3ee6d7f	http://ap-northeast-2.ec2.archive.ubuntu.com/ubuntu/pool/universe/d/dh-python/dh-python_4.20191017ubuntu7_all.deb	http://ap-northeast-2.ec2.archive.ubuntu.com/ubuntu/pool/universe/d/dh-python/dh-python_4.20191017ubuntu7_all.deb	true	true	true	proxy_access_log
bionic-to-focal	python3-systemd	234-3build2	amd64	python-systemd	python3-systemd_234-3build2_amd64.deb	ap-northeast-2.ec2.archive.ubuntu.com		main	36492	56b27f67e73d8421b95d60b0d1998d72684a4215e26417df66d2a531fa86c1cf	http://ap-northeast-2.ec2.archive.ubuntu.com/ubuntu/pool/main/p/python-systemd/python3-systemd_234-3build2_amd64.deb	http://ap-northeast-2.ec2.archive.ubuntu.com/ubuntu/pool/main/p/python-systemd/python3-systemd_234-3build2_amd64.deb	true	true	true	proxy_access_log
bionic-to-focal	python3-markupsafe	1.1.0-1build2	amd64	markupsafe	python3-markupsafe_1.1.0-1build2_amd64.deb	ap-northeast-2.ec2.archive.ubuntu.com		main	13928	57645c91b2ca8ad5c3766034f11430c8b9aa708d36431eab753e1ee1f87eea6f	http://ap-northeast-2.ec2.archive.ubuntu.com/ubuntu/pool/main/m/markupsafe/python3-markupsafe_1.1.0-1build2_amd64.deb	http://ap-northeast-2.ec2.archive.ubuntu.com/ubuntu/pool/main/m/markupsafe/python3-markupsafe_1.1.0-1build2_amd64.deb	true	true	true	proxy_access_log
bionic-to-focal	python3-netifaces	0.10.4-1ubuntu4	amd64	netifaces	python3-netifaces_0.10.4-1ubuntu4_amd64.deb	ap-northeast-2.ec2.archive.ubuntu.com		main	16064	cdf12b5a6c30e97a18e10056b19a0f8d87732c8f0803b4742b46cff6833a5877	http://ap-northeast-2.ec2.archive.ubuntu.com/ubuntu/pool/main/n/netifaces/python3-netifaces_0.10.4-1ubuntu4_amd64.deb	http://ap-northeast-2.ec2.archive.ubuntu.com/ubuntu/pool/main/n/netifaces/python3-netifaces_0.10.4-1ubuntu4_amd64.deb	true	true	true	proxy_access_log
bionic-to-focal	python-gi	3.36.0-1	amd64	pygobject	python-gi_3.36.0-1_amd64.deb	ap-northeast-2.ec2.archive.ubuntu.com		universe	212440	6ef0861f4130a1cf216ff9fa5349e80bc5a4efe6a57464c9bfc8255961f50bb1	http://ap-northeast-2.ec2.archive.ubuntu.com/ubuntu/pool/universe/p/pygobject/python-gi_3.36.0-1_amd64.deb	http://ap-northeast-2.ec2.archive.ubuntu.com/ubuntu/pool/universe/p/pygobject/python-gi_3.36.0-1_amd64.deb	true	true	true	proxy_access_log
bionic-to-focal	python3-gi	3.36.0-1	amd64	pygobject	python3-gi_3.36.0-1_amd64.deb	ap-northeast-2.ec2.archive.ubuntu.com		main	165128	1ce4db085ece7d49dea044538fcfbd2f8038b193d1f85fadd875c45fbe5eb233	http://ap-northeast-2.ec2.archive.ubuntu.com/ubuntu/pool/main/p/pygobject/python3-gi_3.36.0-1_amd64.deb	http://ap-northeast-2.ec2.archive.ubuntu.com/ubuntu/pool/main/p/pygobject/python3-gi_3.36.0-1_amd64.deb	true	true	true	proxy_access_log
bionic-to-focal	libgirepository-1.0-1	1.64.1-1%7eubuntu20.04.1	amd64	libgirepository-1.0-1	libgirepository-1.0-1_1.64.1-1%7eubuntu20.04.1_amd64.deb	ap-northeast-2.ec2.archive.ubuntu.com		main	85708	32d681d36ddaf6133d3c4ca83d674b1627db1a6d47016698e454158948b7879a	http://ap-northeast-2.ec2.archive.ubuntu.com/ubuntu/pool/main/g/gobject-introspection/libgirepository-1.0-1_1.64.1-1%7eubuntu20.04.1_amd64.deb	http://ap-northeast-2.ec2.archive.ubuntu.com/ubuntu/pool/main/g/gobject-introspection/libgirepository-1.0-1_1.64.1-1%7eubuntu20.04.1_amd64.deb	true	true	true	proxy_access_log
bionic-to-focal	libglib2.0-0	2.64.6-1%7eubuntu20.04.9	amd64	libglib2.0-0	libglib2.0-0_2.64.6-1%7eubuntu20.04.9_amd64.deb	ap-northeast-2.ec2.archive.ubuntu.com		main	1289696	459d8f08c5e3e8c0454b1cb16660fc7a11274729c83bd41886e5a1388feeddbd	http://ap-northeast-2.ec2.archive.ubuntu.com/ubuntu/pool/main/g/glib2.0/libglib2.0-0_2.64.6-1%7eubuntu20.04.9_amd64.deb	http://ap-northeast-2.ec2.archive.ubuntu.com/ubuntu/pool/main/g/glib2.0/libglib2.0-0_2.64.6-1%7eubuntu20.04.9_amd64.deb	true	true	true	proxy_access_log
bionic-to-focal	python-all	2.7.17-2ubuntu4	amd64	python-defaults	python-all_2.7.17-2ubuntu4_amd64.deb	ap-northeast-2.ec2.archive.ubuntu.com		universe	1100	af51cbd8952aeecd63934a048e40f3423663b66dce1c284732e480ff90b2941f	http://ap-northeast-2.ec2.archive.ubuntu.com/ubuntu/pool/universe/p/python-defaults/python-all_2.7.17-2ubuntu4_amd64.deb	http://ap-northeast-2.ec2.archive.ubuntu.com/ubuntu/pool/universe/p/python-defaults/python-all_2.7.17-2ubuntu4_amd64.deb	true	true	true	proxy_access_log
bionic-to-focal	libpython2-dev	2.7.17-2ubuntu4	amd64	python-defaults	libpython2-dev_2.7.17-2ubuntu4_amd64.deb	ap-northeast-2.ec2.archive.ubuntu.com		universe	7140	6271da32cb9deecce492120a160c1bfc4bf17d6c050016552956bbec3c71f924	http://ap-northeast-2.ec2.archive.ubuntu.com/ubuntu/pool/universe/p/python-defaults/libpython2-dev_2.7.17-2ubuntu4_amd64.deb	http://ap-northeast-2.ec2.archive.ubuntu.com/ubuntu/pool/universe/p/python-defaults/libpython2-dev_2.7.17-2ubuntu4_amd64.deb	true	true	true	proxy_access_log
bionic-to-focal	libpython-all-dev	2.7.17-2ubuntu4	amd64	python-defaults	libpython-all-dev_2.7.17-2ubuntu4_amd64.deb	ap-northeast-2.ec2.archive.ubuntu.com		universe	1112	c69a07bb51d4daad20f5a4b625a29c22646345fa8474c65881ee9d1d1b3cf988	http://ap-northeast-2.ec2.archive.ubuntu.com/ubuntu/pool/universe/p/python-defaults/libpython-all-dev_2.7.17-2ubuntu4_amd64.deb	http://ap-northeast-2.ec2.archive.ubuntu.com/ubuntu/pool/universe/p/python-defaults/libpython-all-dev_2.7.17-2ubuntu4_amd64.deb	true	true	true	proxy_access_log
bionic-to-focal	python2-dev	2.7.17-2ubuntu4	amd64	python-defaults	python2-dev_2.7.17-2ubuntu4_amd64.deb	ap-northeast-2.ec2.archive.ubuntu.com		universe	1268	1903edbfa600f10e6d82dcc174a9a733515b48b92b88d268dbec8ec6153a6ed7	http://ap-northeast-2.ec2.archive.ubuntu.com/ubuntu/pool/universe/p/python-defaults/python2-dev_2.7.17-2ubuntu4_amd64.deb	http://ap-northeast-2.ec2.archive.ubuntu.com/ubuntu/pool/universe/p/python-defaults/python2-dev_2.7.17-2ubuntu4_amd64.deb	true	true	true	proxy_access_log
bionic-to-focal	python-all-dev	2.7.17-2ubuntu4	amd64	python-defaults	python-all-dev_2.7.17-2ubuntu4_amd64.deb	ap-northeast-2.ec2.archive.ubuntu.com		universe	1116	17e0e06e7818721ca0108c6e0e2153047bdb1b460d46ed03790e782b2a352a8e	http://ap-northeast-2.ec2.archive.ubuntu.com/ubuntu/pool/universe/p/python-defaults/python-all-dev_2.7.17-2ubuntu4_amd64.deb	http://ap-northeast-2.ec2.archive.ubuntu.com/ubuntu/pool/universe/p/python-defaults/python-all-dev_2.7.17-2ubuntu4_amd64.deb	true	true	true	proxy_access_log
bionic-to-focal	python-is-python2	2.7.17-4	all	what-is-python (4)	python-is-python2_2.7.17-4_all.deb	ap-northeast-2.ec2.archive.ubuntu.com		universe	2496	7f772acd5ddb34e07aec4d85351b27f47ed664624dadd6f9a79c2cd8d9f21259	http://ap-northeast-2.ec2.archive.ubuntu.com/ubuntu/pool/universe/w/what-is-python/python-is-python2_2.7.17-4_all.deb	http://ap-northeast-2.ec2.archive.ubuntu.com/ubuntu/pool/universe/w/what-is-python/python-is-python2_2.7.17-4_all.deb	true	true	true	proxy_access_log
bionic-to-focal	python2-minimal	2.7.17-2ubuntu4	amd64	python-defaults	python2-minimal_2.7.17-2ubuntu4_amd64.deb	ap-northeast-2.ec2.archive.ubuntu.com		universe	27500	23761b11807fa51de60b4f2d39d69eddd3338280e4014db081fa896c383b3a12	http://ap-northeast-2.ec2.archive.ubuntu.com/ubuntu/pool/universe/p/python-defaults/python2-minimal_2.7.17-2ubuntu4_amd64.deb	http://ap-northeast-2.ec2.archive.ubuntu.com/ubuntu/pool/universe/p/python-defaults/python2-minimal_2.7.17-2ubuntu4_amd64.deb	true	true	true	proxy_access_log
bionic-to-focal	libpython2-stdlib	2.7.17-2ubuntu4	amd64	python-defaults	libpython2-stdlib_2.7.17-2ubuntu4_amd64.deb	ap-northeast-2.ec2.archive.ubuntu.com		universe	7072	73717035f410edb3644dccc868a004a5f33f8fd5052d7592ef01e10dcf85ce3d	http://ap-northeast-2.ec2.archive.ubuntu.com/ubuntu/pool/universe/p/python-defaults/libpython2-stdlib_2.7.17-2ubuntu4_amd64.deb	http://ap-northeast-2.ec2.archive.ubuntu.com/ubuntu/pool/universe/p/python-defaults/libpython2-stdlib_2.7.17-2ubuntu4_amd64.deb	true	true	true	proxy_access_log
bionic-to-focal	python2	2.7.17-2ubuntu4	amd64	python-defaults	python2_2.7.17-2ubuntu4_amd64.deb	ap-northeast-2.ec2.archive.ubuntu.com		universe	26512	bf1a9521bbe0bf5f8757145b8469986d6b2e55231997a4ba9e0db3a7439d9a6c	http://ap-northeast-2.ec2.archive.ubuntu.com/ubuntu/pool/universe/p/python-defaults/python2_2.7.17-2ubuntu4_amd64.deb	http://ap-northeast-2.ec2.archive.ubuntu.com/ubuntu/pool/universe/p/python-defaults/python2_2.7.17-2ubuntu4_amd64.deb	true	true	true	proxy_access_log
bionic-to-focal	python3-zope.interface	4.7.1-1	amd64	zope.interface	python3-zope.interface_4.7.1-1_amd64.deb	ap-northeast-2.ec2.archive.ubuntu.com		main	85152	15c704668581945c3ad78a15de325c26fb951309fab8ced395eaf9259c3c9d56	http://ap-northeast-2.ec2.archive.ubuntu.com/ubuntu/pool/main/z/zope.interface/python3-zope.interface_4.7.1-1_amd64.deb	http://ap-northeast-2.ec2.archive.ubuntu.com/ubuntu/pool/main/z/zope.interface/python3-zope.interface_4.7.1-1_amd64.deb	true	true	true	proxy_access_log
bionic-to-focal	python3-twisted-bin	18.9.0-11ubuntu0.20.04.5	amd64	twisted	python3-twisted-bin_18.9.0-11ubuntu0.20.04.5_amd64.deb	ap-northeast-2.ec2.archive.ubuntu.com		main	11428	7be51a49f0204bb13f4c47b0db19090da56904746e1004fa3ec176b9c571ae08	http://ap-northeast-2.ec2.archive.ubuntu.com/ubuntu/pool/main/t/twisted/python3-twisted-bin_18.9.0-11ubuntu0.20.04.5_amd64.deb	http://ap-northeast-2.ec2.archive.ubuntu.com/ubuntu/pool/main/t/twisted/python3-twisted-bin_18.9.0-11ubuntu0.20.04.5_amd64.deb	true	true	true	proxy_access_log
bionic-to-focal	python3-cffi-backend	1.14.0-1build1	amd64	python-cffi	python3-cffi-backend_1.14.0-1build1_amd64.deb	ap-northeast-2.ec2.archive.ubuntu.com		main	68708	b32482717cd8712359c58a796f76b4984598bb588d9635a1097b7a6ff391c334	http://ap-northeast-2.ec2.archive.ubuntu.com/ubuntu/pool/main/p/python-cffi/python3-cffi-backend_1.14.0-1build1_amd64.deb	http://ap-northeast-2.ec2.archive.ubuntu.com/ubuntu/pool/main/p/python-cffi/python3-cffi-backend_1.14.0-1build1_amd64.deb	true	true	true	proxy_access_log
bionic-to-focal	python3-dbus	1.2.16-1build1	amd64	dbus-python	python3-dbus_1.2.16-1build1_amd64.deb	ap-northeast-2.ec2.archive.ubuntu.com		main	94000	89c31667a193447bb418729b7f995f7eb412199bb31585e8f2c17bc10e68f73a	http://ap-northeast-2.ec2.archive.ubuntu.com/ubuntu/pool/main/d/dbus-python/python3-dbus_1.2.16-1build1_amd64.deb	http://ap-northeast-2.ec2.archive.ubuntu.com/ubuntu/pool/main/d/dbus-python/python3-dbus_1.2.16-1build1_amd64.deb	true	true	true	proxy_access_log
bionic-to-focal	python3-pycurl	7.43.0.2-1ubuntu5	amd64	pycurl	python3-pycurl_7.43.0.2-1ubuntu5_amd64.deb	ap-northeast-2.ec2.archive.ubuntu.com		main	46856	7598ae9651282c28b6b0717f3e6cfb1ef8863de3d479aa2e8db61bf02a594578	http://ap-northeast-2.ec2.archive.ubuntu.com/ubuntu/pool/main/p/pycurl/python3-pycurl_7.43.0.2-1ubuntu5_amd64.deb	http://ap-northeast-2.ec2.archive.ubuntu.com/ubuntu/pool/main/p/pycurl/python3-pycurl_7.43.0.2-1ubuntu5_amd64.deb	true	true	true	proxy_access_log
bionic-to-focal	python3-pam	0.4.2-13.2ubuntu8	amd64	python-pam	python3-pam_0.4.2-13.2ubuntu8_amd64.deb	ap-northeast-2.ec2.archive.ubuntu.com		main	9052	04e67dd04099e2bc59081100d85de33c377aac0a91ec1a58d7e52d30d535834a	http://ap-northeast-2.ec2.archive.ubuntu.com/ubuntu/pool/main/p/python-pam/python3-pam_0.4.2-13.2ubuntu8_amd64.deb	http://ap-northeast-2.ec2.archive.ubuntu.com/ubuntu/pool/main/p/python-pam/python3-pam_0.4.2-13.2ubuntu8_amd64.deb	true	true	true	proxy_access_log
bionic-to-focal	python3-yaml	5.3.1-1ubuntu0.1	amd64	pyyaml	python3-yaml_5.3.1-1ubuntu0.1_amd64.deb	ap-northeast-2.ec2.archive.ubuntu.com		main	135572	97946dce4a6850f656384ce7b0ac1bc0473e367506327e9fa1df84b92cfbb4ed	http://ap-northeast-2.ec2.archive.ubuntu.com/ubuntu/pool/main/p/pyyaml/python3-yaml_5.3.1-1ubuntu0.1_amd64.deb	http://ap-northeast-2.ec2.archive.ubuntu.com/ubuntu/pool/main/p/pyyaml/python3-yaml_5.3.1-1ubuntu0.1_amd64.deb	true	true	true	proxy_access_log
bionic-to-focal	python3	3.8.2-0ubuntu2	amd64	python3-defaults	python3_3.8.2-0ubuntu2_amd64.deb	ap-northeast-2.ec2.archive.ubuntu.com		main	47616	85ca3a12be8b86c5d51b2d65f52dd98660c249761f7f0f073fd7010d82699364	http://ap-northeast-2.ec2.archive.ubuntu.com/ubuntu/pool/main/p/python3-defaults/python3_3.8.2-0ubuntu2_amd64.deb	http://ap-northeast-2.ec2.archive.ubuntu.com/ubuntu/pool/main/p/python3-defaults/python3_3.8.2-0ubuntu2_amd64.deb	true	true	true	proxy_access_log
bionic-to-focal	python3-apt	2.0.1ubuntu0.20.04.1	amd64	python-apt	python3-apt_2.0.1ubuntu0.20.04.1_amd64.deb	ap-northeast-2.ec2.archive.ubuntu.com		main	153856	565e193351c7a230e133f4639f259ce2a1f30e1520bced4549703d56c7fd92ae	http://ap-northeast-2.ec2.archive.ubuntu.com/ubuntu/pool/main/p/python-apt/python3-apt_2.0.1ubuntu0.20.04.1_amd64.deb	http://ap-northeast-2.ec2.archive.ubuntu.com/ubuntu/pool/main/p/python-apt/python3-apt_2.0.1ubuntu0.20.04.1_amd64.deb	true	true	true	proxy_access_log
bionic-to-focal	apt	2.0.11	amd64	apt	apt_2.0.11_amd64.deb	ap-northeast-2.ec2.archive.ubuntu.com		main	1280140	d35ad654108ebe54ad4302572105979fcd3d3cedb8bf3be50074495bd28a1ec1	http://ap-northeast-2.ec2.archive.ubuntu.com/ubuntu/pool/main/a/apt/apt_2.0.11_amd64.deb	http://ap-northeast-2.ec2.archive.ubuntu.com/ubuntu/pool/main/a/apt/apt_2.0.11_amd64.deb	true	true	true	proxy_access_log
bionic-to-focal	libyaml-0-2	0.2.2-1	amd64	libyaml	libyaml-0-2_0.2.2-1_amd64.deb	ap-northeast-2.ec2.archive.ubuntu.com		main	48916	5a31dfa3bf44863cb13a323e3dd873bef7d8a7fe3bbda708bab697ddd620e67f	http://ap-northeast-2.ec2.archive.ubuntu.com/ubuntu/pool/main/liby/libyaml/libyaml-0-2_0.2.2-1_amd64.deb	http://ap-northeast-2.ec2.archive.ubuntu.com/ubuntu/pool/main/liby/libyaml/libyaml-0-2_0.2.2-1_amd64.deb	true	true	true	proxy_access_log
bionic-to-focal	python-apt-common	2.0.1ubuntu0.20.04.1	all	python-apt	python-apt-common_2.0.1ubuntu0.20.04.1_all.deb	ap-northeast-2.ec2.archive.ubuntu.com		main	16496	ac11199d796443bcce87bb1653686c9159da0888f9e5ff49f7e15b364a048d49	http://ap-northeast-2.ec2.archive.ubuntu.com/ubuntu/pool/main/p/python-apt/python-apt-common_2.0.1ubuntu0.20.04.1_all.deb	http://ap-northeast-2.ec2.archive.ubuntu.com/ubuntu/pool/main/p/python-apt/python-apt-common_2.0.1ubuntu0.20.04.1_all.deb	true	true	true	proxy_access_log
bionic-to-focal	distro-info	0.23ubuntu1.1	amd64	distro-info	distro-info_0.23ubuntu1.1_amd64.deb	ap-northeast-2.ec2.archive.ubuntu.com		main	17104	1cfae174b00ae2eaf35cd5b1865f4934411a8e61c45c3f7e9a5cbd98c1e95154	http://ap-northeast-2.ec2.archive.ubuntu.com/ubuntu/pool/main/d/distro-info/distro-info_0.23ubuntu1.1_amd64.deb	http://ap-northeast-2.ec2.archive.ubuntu.com/ubuntu/pool/main/d/distro-info/distro-info_0.23ubuntu1.1_amd64.deb	true	true	true	proxy_access_log
bionic-to-focal	distro-info-data	0.43ubuntu1.20	all	distro-info-data	distro-info-data_0.43ubuntu1.20_all.deb	ap-northeast-2.ec2.archive.ubuntu.com		main	5040	24f0a82cc5b0116b3f15924055c9c332bca3ed566acba6603075e8dc7b58a670	http://ap-northeast-2.ec2.archive.ubuntu.com/ubuntu/pool/main/d/distro-info-data/distro-info-data_0.43ubuntu1.20_all.deb	http://ap-northeast-2.ec2.archive.ubuntu.com/ubuntu/pool/main/d/distro-info-data/distro-info-data_0.43ubuntu1.20_all.deb	true	true	true	proxy_access_log
bionic-to-focal	python3-pkg-resources	45.2.0-1ubuntu0.3	all	setuptools	python3-pkg-resources_45.2.0-1ubuntu0.3_all.deb	ap-northeast-2.ec2.archive.ubuntu.com		main	130364	361c37cf833f0e85e5fb5cf835db89017c39cdce2794b30a00ea3d3bd8cb5ddf	http://ap-northeast-2.ec2.archive.ubuntu.com/ubuntu/pool/main/s/setuptools/python3-pkg-resources_45.2.0-1ubuntu0.3_all.deb	http://ap-northeast-2.ec2.archive.ubuntu.com/ubuntu/pool/main/s/setuptools/python3-pkg-resources_45.2.0-1ubuntu0.3_all.deb	true	true	true	proxy_access_log
bionic-to-focal	debianutils	4.9.1	amd64	debianutils	debianutils_4.9.1_amd64.deb	ap-northeast-2.ec2.archive.ubuntu.com		main	85776	535571a8898bb69476b1d0ed6893b4700c312bff14fc7687b7f1fdfe18f55a1f	http://ap-northeast-2.ec2.archive.ubuntu.com/ubuntu/pool/main/d/debianutils/debianutils_4.9.1_amd64.deb	http://ap-northeast-2.ec2.archive.ubuntu.com/ubuntu/pool/main/d/debianutils/debianutils_4.9.1_amd64.deb	true	true	true	proxy_access_log
bionic-to-focal	cron	3.0pl1-136ubuntu1	amd64	cron	cron_3.0pl1-136ubuntu1_amd64.deb	ap-northeast-2.ec2.archive.ubuntu.com		main	71472	9ae7c01663ccb423f9013a86abd15ddb99da7685884dfb5c4cafc68b702ddcb5	http://ap-northeast-2.ec2.archive.ubuntu.com/ubuntu/pool/main/c/cron/cron_3.0pl1-136ubuntu1_amd64.deb	http://ap-northeast-2.ec2.archive.ubuntu.com/ubuntu/pool/main/c/cron/cron_3.0pl1-136ubuntu1_amd64.deb	true	true	true	proxy_access_log
bionic-to-focal	tar	1.30%2bdfsg-7ubuntu0.20.04.4	amd64	tar	tar_1.30%2bdfsg-7ubuntu0.20.04.4_amd64.deb	ap-northeast-2.ec2.archive.ubuntu.com		main	239740	7387a202f0c71a5638c9514f854f2efd9809e24fa5212d1c7227b02bd06be5ec	http://ap-northeast-2.ec2.archive.ubuntu.com/ubuntu/pool/main/t/tar/tar_1.30%2bdfsg-7ubuntu0.20.04.4_amd64.deb	http://ap-northeast-2.ec2.archive.ubuntu.com/ubuntu/pool/main/t/tar/tar_1.30%2bdfsg-7ubuntu0.20.04.4_amd64.deb	true	true	true	proxy_access_log
bionic-to-focal	dpkg	1.19.7ubuntu3.2	amd64	dpkg	dpkg_1.19.7ubuntu3.2_amd64.deb	ap-northeast-2.ec2.archive.ubuntu.com		main	1128228	6fdb88a04deb4cc57a164a43de7efe2ab36fd31f6b1df9a3aca4b39fc0a4d87f	http://ap-northeast-2.ec2.archive.ubuntu.com/ubuntu/pool/main/d/dpkg/dpkg_1.19.7ubuntu3.2_amd64.deb	http://ap-northeast-2.ec2.archive.ubuntu.com/ubuntu/pool/main/d/dpkg/dpkg_1.19.7ubuntu3.2_amd64.deb	true	true	true	proxy_access_log
bionic-to-focal	readline-common	8.0-4	all	readline	readline-common_8.0-4_all.deb	ap-northeast-2.ec2.archive.ubuntu.com		main	53492	38c3ac67e2dab4122a2f948f433c4cb5d5653d82b323f3ff30599797b7adee9f	http://ap-northeast-2.ec2.archive.ubuntu.com/ubuntu/pool/main/r/readline/readline-common_8.0-4_all.deb	http://ap-northeast-2.ec2.archive.ubuntu.com/ubuntu/pool/main/r/readline/readline-common_8.0-4_all.deb	true	true	true	proxy_access_log
bionic-to-focal	python2.7-dev	2.7.18-1%7e20.04.7	amd64	python2.7-dev	python2.7-dev_2.7.18-1%7e20.04.7_amd64.deb	ap-northeast-2.ec2.archive.ubuntu.com		universe	293676	311c71cbdc568b564962230e2603d19b2f680bfa347b5fa0962de999793cf810	http://ap-northeast-2.ec2.archive.ubuntu.com/ubuntu/pool/universe/p/python2.7/python2.7-dev_2.7.18-1%7e20.04.7_amd64.deb	http://ap-northeast-2.ec2.archive.ubuntu.com/ubuntu/pool/universe/p/python2.7/python2.7-dev_2.7.18-1%7e20.04.7_amd64.deb	true	true	true	proxy_access_log
bionic-to-focal	libpython2.7-dev	2.7.18-1%7e20.04.7	amd64	libpython2.7-dev	libpython2.7-dev_2.7.18-1%7e20.04.7_amd64.deb	ap-northeast-2.ec2.archive.ubuntu.com		universe	2467528	9f98600c9603815afe8a3a4e2f6d0b78e3f60d007150682297b0e40e936438ea	http://ap-northeast-2.ec2.archive.ubuntu.com/ubuntu/pool/universe/p/python2.7/libpython2.7-dev_2.7.18-1%7e20.04.7_amd64.deb	http://ap-northeast-2.ec2.archive.ubuntu.com/ubuntu/pool/universe/p/python2.7/libpython2.7-dev_2.7.18-1%7e20.04.7_amd64.deb	true	true	true	proxy_access_log
bionic-to-focal	libpython2.7	2.7.18-1%7e20.04.7	amd64	libpython2.7	libpython2.7_2.7.18-1%7e20.04.7_amd64.deb	ap-northeast-2.ec2.archive.ubuntu.com		universe	1037916	65ba4f15c94b3718e756f68bb42fa7eb7738b3168346c6814e7a637e9a2f5426	http://ap-northeast-2.ec2.archive.ubuntu.com/ubuntu/pool/universe/p/python2.7/libpython2.7_2.7.18-1%7e20.04.7_amd64.deb	http://ap-northeast-2.ec2.archive.ubuntu.com/ubuntu/pool/universe/p/python2.7/libpython2.7_2.7.18-1%7e20.04.7_amd64.deb	true	true	true	proxy_access_log
bionic-to-focal	mime-support	3.64ubuntu1	all	mime-support	mime-support_3.64ubuntu1_all.deb	ap-northeast-2.ec2.archive.ubuntu.com		main	30596	b4f73c76fa2abc24562466ec814eb9b6cfe5e030628187bb71b3da1422bda901	http://ap-northeast-2.ec2.archive.ubuntu.com/ubuntu/pool/main/m/mime-support/mime-support_3.64ubuntu1_all.deb	http://ap-northeast-2.ec2.archive.ubuntu.com/ubuntu/pool/main/m/mime-support/mime-support_3.64ubuntu1_all.deb	true	true	true	proxy_access_log
bionic-to-focal	python2.7	2.7.18-1%7e20.04.7	amd64	python2.7	python2.7_2.7.18-1%7e20.04.7_amd64.deb	ap-northeast-2.ec2.archive.ubuntu.com		universe	248208	da7eb90fa58c920e0acd7265f16b05e713698a677de9598a447ff51bf4f24b07	http://ap-northeast-2.ec2.archive.ubuntu.com/ubuntu/pool/universe/p/python2.7/python2.7_2.7.18-1%7e20.04.7_amd64.deb	http://ap-northeast-2.ec2.archive.ubuntu.com/ubuntu/pool/universe/p/python2.7/python2.7_2.7.18-1%7e20.04.7_amd64.deb	true	true	true	proxy_access_log
bionic-to-focal	libpython2.7-stdlib	2.7.18-1%7e20.04.7	amd64	libpython2.7-stdlib	libpython2.7-stdlib_2.7.18-1%7e20.04.7_amd64.deb	ap-northeast-2.ec2.archive.ubuntu.com		universe	1888768	d739e4000e6beb25ce6e0fae17ef969557e0bf44e966fddeb37981ee01b26517	http://ap-northeast-2.ec2.archive.ubuntu.com/ubuntu/pool/universe/p/python2.7/libpython2.7-stdlib_2.7.18-1%7e20.04.7_amd64.deb	http://ap-northeast-2.ec2.archive.ubuntu.com/ubuntu/pool/universe/p/python2.7/libpython2.7-stdlib_2.7.18-1%7e20.04.7_amd64.deb	true	true	true	proxy_access_log
bionic-to-focal	python2.7-minimal	2.7.18-1%7e20.04.7	amd64	python2.7-minimal	python2.7-minimal_2.7.18-1%7e20.04.7_amd64.deb	ap-northeast-2.ec2.archive.ubuntu.com		universe	1278200	5124145654605232ee20dfe22ceb90320806c2c0a6bb4df0572aecfa6ade8bc5	http://ap-northeast-2.ec2.archive.ubuntu.com/ubuntu/pool/universe/p/python2.7/python2.7-minimal_2.7.18-1%7e20.04.7_amd64.deb	http://ap-northeast-2.ec2.archive.ubuntu.com/ubuntu/pool/universe/p/python2.7/python2.7-minimal_2.7.18-1%7e20.04.7_amd64.deb	true	true	true	proxy_access_log
bionic-to-focal	libpython2.7-minimal	2.7.18-1%7e20.04.7	amd64	libpython2.7-minimal	libpython2.7-minimal_2.7.18-1%7e20.04.7_amd64.deb	ap-northeast-2.ec2.archive.ubuntu.com		universe	336364	aaa7b3cafaa4069cefb438b50aacfd1f143d3ff0c9edea8c825295958a9662f5	http://ap-northeast-2.ec2.archive.ubuntu.com/ubuntu/pool/universe/p/python2.7/libpython2.7-minimal_2.7.18-1%7e20.04.7_amd64.deb	http://ap-northeast-2.ec2.archive.ubuntu.com/ubuntu/pool/universe/p/python2.7/libpython2.7-minimal_2.7.18-1%7e20.04.7_amd64.deb	true	true	true	proxy_access_log
bionic-to-focal	python-httplib2	0.14.0-1ubuntu1	all	python-httplib2	python-httplib2_0.14.0-1ubuntu1_all.deb	ap-northeast-2.ec2.archive.ubuntu.com		universe	29840	f470b56b3aa4e4a018d2d9d9add101e9f812965867daf59e6bd8aa202e906f43	http://ap-northeast-2.ec2.archive.ubuntu.com/ubuntu/pool/universe/p/python-httplib2/python-httplib2_0.14.0-1ubuntu1_all.deb	http://ap-northeast-2.ec2.archive.ubuntu.com/ubuntu/pool/universe/p/python-httplib2/python-httplib2_0.14.0-1ubuntu1_all.deb	true	true	true	proxy_access_log
bionic-to-focal	libssl1.1	1.1.1f-1ubuntu2.24	amd64	openssl	libssl1.1_1.1.1f-1ubuntu2.24_amd64.deb	ap-northeast-2.ec2.archive.ubuntu.com		main	1323248	7cf39d70a639017d1dd7c8d36daa2258063608688e449fddf40ffdd46f992a78	http://ap-northeast-2.ec2.archive.ubuntu.com/ubuntu/pool/main/o/openssl/libssl1.1_1.1.1f-1ubuntu2.24_amd64.deb	http://ap-northeast-2.ec2.archive.ubuntu.com/ubuntu/pool/main/o/openssl/libssl1.1_1.1.1f-1ubuntu2.24_amd64.deb	true	true	true	proxy_access_log
bionic-to-focal	libmpdec2	2.4.2-3	amd64	mpdecimal	libmpdec2_2.4.2-3_amd64.deb	ap-northeast-2.ec2.archive.ubuntu.com		main	81132	4e624c616de0fa1dea3571291b05b3d6fe5f75d8667b278f9503b1eca36ffbcf	http://ap-northeast-2.ec2.archive.ubuntu.com/ubuntu/pool/main/m/mpdecimal/libmpdec2_2.4.2-3_amd64.deb	http://ap-northeast-2.ec2.archive.ubuntu.com/ubuntu/pool/main/m/mpdecimal/libmpdec2_2.4.2-3_amd64.deb	true	true	true	proxy_access_log
bionic-to-focal	python3-lib2to3	3.8.10-0ubuntu1%7e20.04	all	python3-lib2to3	python3-lib2to3_3.8.10-0ubuntu1%7e20.04_all.deb	ap-northeast-2.ec2.archive.ubuntu.com		main	76320	d25b7a114ab08e6f318d96ae8d71c3c24c3b9eaceb84cb1abf476979875521ab	http://ap-northeast-2.ec2.archive.ubuntu.com/ubuntu/pool/main/p/python3-stdlib-extensions/python3-lib2to3_3.8.10-0ubuntu1%7e20.04_all.deb	http://ap-northeast-2.ec2.archive.ubuntu.com/ubuntu/pool/main/p/python3-stdlib-extensions/python3-lib2to3_3.8.10-0ubuntu1%7e20.04_all.deb	true	true	true	proxy_access_log
bionic-to-focal	python3-distutils	3.8.10-0ubuntu1%7e20.04	all	python3-distutils	python3-distutils_3.8.10-0ubuntu1%7e20.04_all.deb	ap-northeast-2.ec2.archive.ubuntu.com		main	141344	08a0058ef8615e43ef1122907dbbc6aadbd132b2385e212f814f4ec9116efcfb	http://ap-northeast-2.ec2.archive.ubuntu.com/ubuntu/pool/main/p/python3-stdlib-extensions/python3-distutils_3.8.10-0ubuntu1%7e20.04_all.deb	http://ap-northeast-2.ec2.archive.ubuntu.com/ubuntu/pool/main/p/python3-stdlib-extensions/python3-distutils_3.8.10-0ubuntu1%7e20.04_all.deb	true	true	true	proxy_access_log
bionic-to-focal	libpcre3	8.39-12ubuntu0.1	amd64	libpcre3	libpcre3_8.39-12ubuntu0.1_amd64.deb	ap-northeast-2.ec2.archive.ubuntu.com		main	232396	98c25f98cc8df949e774a7ebaff509c37a6baea4dab83786a3c1efecb850bfae	http://ap-northeast-2.ec2.archive.ubuntu.com/ubuntu/pool/main/p/pcre3/libpcre3_8.39-12ubuntu0.1_amd64.deb	http://ap-northeast-2.ec2.archive.ubuntu.com/ubuntu/pool/main/p/pcre3/libpcre3_8.39-12ubuntu0.1_amd64.deb	true	true	true	proxy_access_log
bionic-to-focal	gir1.2-glib-2.0	1.64.1-1%7eubuntu20.04.1	amd64	gir1.2-glib-2.0	gir1.2-glib-2.0_1.64.1-1%7eubuntu20.04.1_amd64.deb	ap-northeast-2.ec2.archive.ubuntu.com		main	134008	2308c1a5bd832ff4473682cd599ccc9e38ed514fc6578322200f5227a0029dd0	http://ap-northeast-2.ec2.archive.ubuntu.com/ubuntu/pool/main/g/gobject-introspection/gir1.2-glib-2.0_1.64.1-1%7eubuntu20.04.1_amd64.deb	http://ap-northeast-2.ec2.archive.ubuntu.com/ubuntu/pool/main/g/gobject-introspection/gir1.2-glib-2.0_1.64.1-1%7eubuntu20.04.1_amd64.deb	true	true	true	proxy_access_log
bionic-to-focal	python3-debconf	1.5.73	all	debconf	python3-debconf_1.5.73_all.deb	ap-northeast-2.ec2.archive.ubuntu.com		main	4060	5fb9f520cc894c0ad711f02ab314444611111bfcfe25e467e85bc8ba436fdf6c	http://ap-northeast-2.ec2.archive.ubuntu.com/ubuntu/pool/main/d/debconf/python3-debconf_1.5.73_all.deb	http://ap-northeast-2.ec2.archive.ubuntu.com/ubuntu/pool/main/d/debconf/python3-debconf_1.5.73_all.deb	true	true	true	proxy_access_log
bionic-to-focal	python3-chardet	3.0.4-4build1	all	chardet	python3-chardet_3.0.4-4build1_all.deb	ap-northeast-2.ec2.archive.ubuntu.com		main	80440	fd5f39c40884306937dd10fb43f63507d575509445d69515a97cdfe85e4ce97b	http://ap-northeast-2.ec2.archive.ubuntu.com/ubuntu/pool/main/c/chardet/python3-chardet_3.0.4-4build1_all.deb	http://ap-northeast-2.ec2.archive.ubuntu.com/ubuntu/pool/main/c/chardet/python3-chardet_3.0.4-4build1_all.deb	true	true	true	proxy_access_log
bionic-to-focal	python3-six	1.14.0-2	all	six	python3-six_1.14.0-2_all.deb	ap-northeast-2.ec2.archive.ubuntu.com		main	12088	015dc5ae52a914de65839335b748e6ce601aa17fe7c4a90b8aac624e3a4f0599	http://ap-northeast-2.ec2.archive.ubuntu.com/ubuntu/pool/main/s/six/python3-six_1.14.0-2_all.deb	http://ap-northeast-2.ec2.archive.ubuntu.com/ubuntu/pool/main/s/six/python3-six_1.14.0-2_all.deb	true	true	true	proxy_access_log
bionic-to-focal	python3-debian	0.1.36ubuntu1.1	all	python-debian	python3-debian_0.1.36ubuntu1.1_all.deb	ap-northeast-2.ec2.archive.ubuntu.com		main	64932	bf55354ce9fd343781ae4650e3d869ee86e2fa1235a537b425a984ebfa703368	http://ap-northeast-2.ec2.archive.ubuntu.com/ubuntu/pool/main/p/python-debian/python3-debian_0.1.36ubuntu1.1_all.deb	http://ap-northeast-2.ec2.archive.ubuntu.com/ubuntu/pool/main/p/python-debian/python3-debian_0.1.36ubuntu1.1_all.deb	true	true	true	proxy_access_log
bionic-to-focal	python3-distro-info	0.23ubuntu1.1	all	distro-info	python3-distro-info_0.23ubuntu1.1_all.deb	ap-northeast-2.ec2.archive.ubuntu.com		main	5944	7f32552570ab891e53f8d51b7aef9e7231f8a7875e8a18ce7c138b32aeac2521	http://ap-northeast-2.ec2.archive.ubuntu.com/ubuntu/pool/main/d/distro-info/python3-distro-info_0.23ubuntu1.1_all.deb	http://ap-northeast-2.ec2.archive.ubuntu.com/ubuntu/pool/main/d/distro-info/python3-distro-info_0.23ubuntu1.1_all.deb	true	true	true	proxy_access_log
bionic-to-focal	lsb-release	11.1.0ubuntu2	all	lsb	lsb-release_11.1.0ubuntu2_all.deb	ap-northeast-2.ec2.archive.ubuntu.com		main	10568	085abfef45c0aba423c522c26bc583a2c1b24efbf8983e2a782904cca71d05b2	http://ap-northeast-2.ec2.archive.ubuntu.com/ubuntu/pool/main/l/lsb/lsb-release_11.1.0ubuntu2_all.deb	http://ap-northeast-2.ec2.archive.ubuntu.com/ubuntu/pool/main/l/lsb/lsb-release_11.1.0ubuntu2_all.deb	true	true	true	proxy_access_log
bionic-to-focal	xz-utils	5.2.4-1ubuntu1.1	amd64	xz-utils	xz-utils_5.2.4-1ubuntu1.1_amd64.deb	ap-northeast-2.ec2.archive.ubuntu.com		main	82640	6b192aa8e56c7e16ad7b3f39e6978a8ca899194e4d7af05ca4640170eafa8272	http://ap-northeast-2.ec2.archive.ubuntu.com/ubuntu/pool/main/x/xz-utils/xz-utils_5.2.4-1ubuntu1.1_amd64.deb	http://ap-northeast-2.ec2.archive.ubuntu.com/ubuntu/pool/main/x/xz-utils/xz-utils_5.2.4-1ubuntu1.1_amd64.deb	true	true	true	proxy_access_log
bionic-to-focal	make	4.2.1-1.2	amd64	make-dfsg	make_4.2.1-1.2_amd64.deb	ap-northeast-2.ec2.archive.ubuntu.com		main	162292	41e534af98cdb6219bc98fa4276d9c928a0862b8b373d49ee1fbe0ae5db64dc2	http://ap-northeast-2.ec2.archive.ubuntu.com/ubuntu/pool/main/m/make-dfsg/make_4.2.1-1.2_amd64.deb	http://ap-northeast-2.ec2.archive.ubuntu.com/ubuntu/pool/main/m/make-dfsg/make_4.2.1-1.2_amd64.deb	true	true	true	proxy_access_log
bionic-to-focal	libctf-nobfd0	2.34-6ubuntu1.11	amd64	binutils	libctf-nobfd0_2.34-6ubuntu1.11_amd64.deb	ap-northeast-2.ec2.archive.ubuntu.com		main	48168	c787aaa2c066f09ea0c5d2caf100f36aa20af3e703add74402088187f399f771	http://ap-northeast-2.ec2.archive.ubuntu.com/ubuntu/pool/main/b/binutils/libctf-nobfd0_2.34-6ubuntu1.11_amd64.deb	http://ap-northeast-2.ec2.archive.ubuntu.com/ubuntu/pool/main/b/binutils/libctf-nobfd0_2.34-6ubuntu1.11_amd64.deb	true	true	true	proxy_access_log
bionic-to-focal	libctf0	2.34-6ubuntu1.11	amd64	binutils	libctf0_2.34-6ubuntu1.11_amd64.deb	ap-northeast-2.ec2.archive.ubuntu.com		main	46620	7c707710015cd5aacdfc0700caf66bd2630ff3115367f7f8468f7f10b99bf645	http://ap-northeast-2.ec2.archive.ubuntu.com/ubuntu/pool/main/b/binutils/libctf0_2.34-6ubuntu1.11_amd64.deb	http://ap-northeast-2.ec2.archive.ubuntu.com/ubuntu/pool/main/b/binutils/libctf0_2.34-6ubuntu1.11_amd64.deb	true	true	true	proxy_access_log
bionic-to-focal	libbinutils	2.34-6ubuntu1.11	amd64	binutils	libbinutils_2.34-6ubuntu1.11_amd64.deb	ap-northeast-2.ec2.archive.ubuntu.com		main	475468	ac8c221d97e0b2a38235475a2a5c9f6c06e86af14e52b9d16ef6a6cb0169e10f	http://ap-northeast-2.ec2.archive.ubuntu.com/ubuntu/pool/main/b/binutils/libbinutils_2.34-6ubuntu1.11_amd64.deb	http://ap-northeast-2.ec2.archive.ubuntu.com/ubuntu/pool/main/b/binutils/libbinutils_2.34-6ubuntu1.11_amd64.deb	true	true	true	proxy_access_log
bionic-to-focal	binutils-common	2.34-6ubuntu1.11	amd64	binutils	binutils-common_2.34-6ubuntu1.11_amd64.deb	ap-northeast-2.ec2.archive.ubuntu.com		main	207852	0a0dbd1ab3be5b81bf5cb3c5e4b542f4790d929696274e46e3fafa09bded3a26	http://ap-northeast-2.ec2.archive.ubuntu.com/ubuntu/pool/main/b/binutils/binutils-common_2.34-6ubuntu1.11_amd64.deb	http://ap-northeast-2.ec2.archive.ubuntu.com/ubuntu/pool/main/b/binutils/binutils-common_2.34-6ubuntu1.11_amd64.deb	true	true	true	proxy_access_log
bionic-to-focal	binutils	2.34-6ubuntu1.11	amd64	binutils	binutils_2.34-6ubuntu1.11_amd64.deb	ap-northeast-2.ec2.archive.ubuntu.com		main	3380	c88b2acf09b27926756db846cdf16b0b44216a5c890dfcea319a11385fee3112	http://ap-northeast-2.ec2.archive.ubuntu.com/ubuntu/pool/main/b/binutils/binutils_2.34-6ubuntu1.11_amd64.deb	http://ap-northeast-2.ec2.archive.ubuntu.com/ubuntu/pool/main/b/binutils/binutils_2.34-6ubuntu1.11_amd64.deb	true	true	true	proxy_access_log
bionic-to-focal	binutils-x86-64-linux-gnu	2.34-6ubuntu1.11	amd64	binutils	binutils-x86-64-linux-gnu_2.34-6ubuntu1.11_amd64.deb	ap-northeast-2.ec2.archive.ubuntu.com		main	1612092	b9bebd3fe9fde588e181cdc53a0fc0d7f398e9c836b7cfeb3a27fab4cb92204f	http://ap-northeast-2.ec2.archive.ubuntu.com/ubuntu/pool/main/b/binutils/binutils-x86-64-linux-gnu_2.34-6ubuntu1.11_amd64.deb	http://ap-northeast-2.ec2.archive.ubuntu.com/ubuntu/pool/main/b/binutils/binutils-x86-64-linux-gnu_2.34-6ubuntu1.11_amd64.deb	true	true	true	proxy_access_log
bionic-to-focal	dpkg-dev	1.19.7ubuntu3.2	all	dpkg	dpkg-dev_1.19.7ubuntu3.2_all.deb	ap-northeast-2.ec2.archive.ubuntu.com		main	678936	90ae15545a0c3b8df1a1d7bfd970a975267a2031a6e1da1e8c9c32baf7680a53	http://ap-northeast-2.ec2.archive.ubuntu.com/ubuntu/pool/main/d/dpkg/dpkg-dev_1.19.7ubuntu3.2_all.deb	http://ap-northeast-2.ec2.archive.ubuntu.com/ubuntu/pool/main/d/dpkg/dpkg-dev_1.19.7ubuntu3.2_all.deb	true	true	true	proxy_access_log
bionic-to-focal	libdpkg-perl	1.19.7ubuntu3.2	all	dpkg	libdpkg-perl_1.19.7ubuntu3.2_all.deb	ap-northeast-2.ec2.archive.ubuntu.com		main	230764	08fddc83221700f2d120d198013b57c2a7f07de97ea3994e69a54171cef66997	http://ap-northeast-2.ec2.archive.ubuntu.com/ubuntu/pool/main/d/dpkg/libdpkg-perl_1.19.7ubuntu3.2_all.deb	http://ap-northeast-2.ec2.archive.ubuntu.com/ubuntu/pool/main/d/dpkg/libdpkg-perl_1.19.7ubuntu3.2_all.deb	true	true	true	proxy_access_log
bionic-to-focal	patch	2.7.6-6	amd64	patch	patch_2.7.6-6_amd64.deb	ap-northeast-2.ec2.archive.ubuntu.com		main	104988	e29e780677057f72c82d7dde465fb9d9c3be629c527bcf8174f588232af23872	http://ap-northeast-2.ec2.archive.ubuntu.com/ubuntu/pool/main/p/patch/patch_2.7.6-6_amd64.deb	http://ap-northeast-2.ec2.archive.ubuntu.com/ubuntu/pool/main/p/patch/patch_2.7.6-6_amd64.deb	true	true	true	proxy_access_log
bionic-to-focal	ubuntu-release-upgrader-core	20.04.41	all	ubuntu-release-upgrader-core	ubuntu-release-upgrader-core_20.04.41_all.deb	ap-northeast-2.ec2.archive.ubuntu.com		main	24312	a827c19e4b406f99be2c3eb02d34065b89607af5e7cacf093bac8ff100dea509	http://ap-northeast-2.ec2.archive.ubuntu.com/ubuntu/pool/main/u/ubuntu-release-upgrader/ubuntu-release-upgrader-core_20.04.41_all.deb	http://ap-northeast-2.ec2.archive.ubuntu.com/ubuntu/pool/main/u/ubuntu-release-upgrader/ubuntu-release-upgrader-core_20.04.41_all.deb	true	true	true	proxy_access_log
bionic-to-focal	update-manager-core	20.04.10.24	all	update-manager-core	update-manager-core_20.04.10.24_all.deb	ap-northeast-2.ec2.archive.ubuntu.com		main	11588	4340e6f153f5f4d4d1ff855faf28df631da20f7a0ca73d3c0e834a5aad589b1d	http://ap-northeast-2.ec2.archive.ubuntu.com/ubuntu/pool/main/u/update-manager/update-manager-core_20.04.10.24_all.deb	http://ap-northeast-2.ec2.archive.ubuntu.com/ubuntu/pool/main/u/update-manager/update-manager-core_20.04.10.24_all.deb	true	true	true	proxy_access_log
bionic-to-focal	python3-update-manager	20.04.10.24	all	python3-update-manager	python3-update-manager_20.04.10.24_all.deb	ap-northeast-2.ec2.archive.ubuntu.com		main	38520	81241ac59c7fc26053a14abde997dde34029f0d8cbd8f62e8df77fe6623884b4	http://ap-northeast-2.ec2.archive.ubuntu.com/ubuntu/pool/main/u/update-manager/python3-update-manager_20.04.10.24_all.deb	http://ap-northeast-2.ec2.archive.ubuntu.com/ubuntu/pool/main/u/update-manager/python3-update-manager_20.04.10.24_all.deb	true	true	true	proxy_access_log
bionic-to-focal	python3-distupgrade	20.04.41	all	python3-distupgrade	python3-distupgrade_20.04.41_all.deb	ap-northeast-2.ec2.archive.ubuntu.com		main	104956	1f71655ee445b8bf50ef395486c204a70b6825548d8e88cdc51dd54a8bfc5a5b	http://ap-northeast-2.ec2.archive.ubuntu.com/ubuntu/pool/main/u/ubuntu-release-upgrader/python3-distupgrade_20.04.41_all.deb	http://ap-northeast-2.ec2.archive.ubuntu.com/ubuntu/pool/main/u/ubuntu-release-upgrader/python3-distupgrade_20.04.41_all.deb	true	true	true	proxy_access_log
bionic-to-focal	ubuntu-advantage-tools	37.1ubuntu0%7e20.04.1	all	ubuntu-advantage-tools	ubuntu-advantage-tools_37.1ubuntu0%7e20.04.1_all.deb	ap-northeast-2.ec2.archive.ubuntu.com		main	11012	b6b6ab14dc6d5b75fcb33da892bef996041f92d7d1cbc162175bf65ea5eadb96	http://ap-northeast-2.ec2.archive.ubuntu.com/ubuntu/pool/main/u/ubuntu-advantage-tools/ubuntu-advantage-tools_37.1ubuntu0%7e20.04.1_all.deb	http://ap-northeast-2.ec2.archive.ubuntu.com/ubuntu/pool/main/u/ubuntu-advantage-tools/ubuntu-advantage-tools_37.1ubuntu0%7e20.04.1_all.deb	true	true	true	proxy_access_log
bionic-to-focal	debconf	1.5.73	all	debconf	debconf_1.5.73_all.deb	ap-northeast-2.ec2.archive.ubuntu.com		main	121524	7d639ffea1be8e8f5859ca94a0a09b1e4664d10af421c748b4163b08db515990	http://ap-northeast-2.ec2.archive.ubuntu.com/ubuntu/pool/main/d/debconf/debconf_1.5.73_all.deb	http://ap-northeast-2.ec2.archive.ubuntu.com/ubuntu/pool/main/d/debconf/debconf_1.5.73_all.deb	true	true	true	proxy_access_log
bionic-to-focal	update-notifier-common	3.192.30.19	all	update-notifier	update-notifier-common_3.192.30.19_all.deb	ap-northeast-2.ec2.archive.ubuntu.com		main	173316	b0a90dd67f028fa7478bbb461aed1a33d0d499d2859787fb3721bc879bd668ed	http://ap-northeast-2.ec2.archive.ubuntu.com/ubuntu/pool/main/u/update-notifier/update-notifier-common_3.192.30.19_all.deb	http://ap-northeast-2.ec2.archive.ubuntu.com/ubuntu/pool/main/u/update-notifier/update-notifier-common_3.192.30.19_all.deb	true	true	true	proxy_access_log
bionic-to-focal	libaio1	0.3.112-5	amd64	libaio	libaio1_0.3.112-5_amd64.deb	ap-northeast-2.ec2.archive.ubuntu.com		main	7184	0e50c3258f03d6eee671d7106120b450a6f3a546fe343d57bbfe33257d4e3b48	http://ap-northeast-2.ec2.archive.ubuntu.com/ubuntu/pool/main/liba/libaio/libaio1_0.3.112-5_amd64.deb	http://ap-northeast-2.ec2.archive.ubuntu.com/ubuntu/pool/main/liba/libaio/libaio1_0.3.112-5_amd64.deb	true	true	true	proxy_access_log
bionic-to-focal	liburcu6	0.11.1-2	amd64	liburcu	liburcu6_0.11.1-2_amd64.deb	ap-northeast-2.ec2.archive.ubuntu.com		main	54180	8b401f4bb1dfb85f24bdcc791cd7fb6ebe3189cff01e153c13f8b5601a0da877	http://ap-northeast-2.ec2.archive.ubuntu.com/ubuntu/pool/main/libu/liburcu/liburcu6_0.11.1-2_amd64.deb	http://ap-northeast-2.ec2.archive.ubuntu.com/ubuntu/pool/main/libu/liburcu/liburcu6_0.11.1-2_amd64.deb	true	true	true	proxy_access_log
bionic-to-focal	dmsetup	1.02.167-1ubuntu1	amd64	dmsetup	dmsetup_1.02.167-1ubuntu1_amd64.deb	ap-northeast-2.ec2.archive.ubuntu.com		main	75576	107aec366e0ae17ffda6aa1b696e4abb8806ab308dddf4b8224974e9d2f4ae86	http://ap-northeast-2.ec2.archive.ubuntu.com/ubuntu/pool/main/l/lvm2/dmsetup_1.02.167-1ubuntu1_amd64.deb	http://ap-northeast-2.ec2.archive.ubuntu.com/ubuntu/pool/main/l/lvm2/dmsetup_1.02.167-1ubuntu1_amd64.deb	true	true	true	proxy_access_log
bionic-to-focal	kpartx	0.8.3-1ubuntu2.4	amd64	multipath-tools	kpartx_0.8.3-1ubuntu2.4_amd64.deb	ap-northeast-2.ec2.archive.ubuntu.com		main	28184	49689104b6134627df022e85f353ec610f08eefc56f8de474689beefb3c3b3c2	http://ap-northeast-2.ec2.archive.ubuntu.com/ubuntu/pool/main/m/multipath-tools/kpartx_0.8.3-1ubuntu2.4_amd64.deb	http://ap-northeast-2.ec2.archive.ubuntu.com/ubuntu/pool/main/m/multipath-tools/kpartx_0.8.3-1ubuntu2.4_amd64.deb	true	true	true	proxy_access_log
bionic-to-focal	libsgutils2-2	1.44-1ubuntu2	amd64	sg3-utils	libsgutils2-2_1.44-1ubuntu2_amd64.deb	ap-northeast-2.ec2.archive.ubuntu.com		main	80608	13f1a81145c86c627235c99ed1bd393a1ffa662ed81444581f350c7dd3d3d18d	http://ap-northeast-2.ec2.archive.ubuntu.com/ubuntu/pool/main/s/sg3-utils/libsgutils2-2_1.44-1ubuntu2_amd64.deb	http://ap-northeast-2.ec2.archive.ubuntu.com/ubuntu/pool/main/s/sg3-utils/libsgutils2-2_1.44-1ubuntu2_amd64.deb	true	true	true	proxy_access_log
bionic-to-focal	sg3-utils	1.44-1ubuntu2	amd64	sg3-utils	sg3-utils_1.44-1ubuntu2_amd64.deb	ap-northeast-2.ec2.archive.ubuntu.com		main	803372	0ee2e7899b9c06155028c4d4422639d63b2ffc15deda425a8d9f5ca567b2fafb	http://ap-northeast-2.ec2.archive.ubuntu.com/ubuntu/pool/main/s/sg3-utils/sg3-utils_1.44-1ubuntu2_amd64.deb	http://ap-northeast-2.ec2.archive.ubuntu.com/ubuntu/pool/main/s/sg3-utils/sg3-utils_1.44-1ubuntu2_amd64.deb	true	true	true	proxy_access_log
bionic-to-focal	sg3-utils-udev	1.44-1ubuntu2	all	sg3-utils	sg3-utils-udev_1.44-1ubuntu2_all.deb	ap-northeast-2.ec2.archive.ubuntu.com		main	5180	047745ebdc438341f43cef9b4a3de25dd9a498e8e436a7deab2e1ad3e9aa370f	http://ap-northeast-2.ec2.archive.ubuntu.com/ubuntu/pool/main/s/sg3-utils/sg3-utils-udev_1.44-1ubuntu2_all.deb	http://ap-northeast-2.ec2.archive.ubuntu.com/ubuntu/pool/main/s/sg3-utils/sg3-utils-udev_1.44-1ubuntu2_all.deb	true	true	true	proxy_access_log
bionic-to-focal	multipath-tools	0.8.3-1ubuntu2.4	amd64	multipath-tools	multipath-tools_0.8.3-1ubuntu2.4_amd64.deb	ap-northeast-2.ec2.archive.ubuntu.com		main	288980	088ab4f77be83031e54a39b78fbb0bb24f5f336daa7e5fdf2e945683d2578697	http://ap-northeast-2.ec2.archive.ubuntu.com/ubuntu/pool/main/m/multipath-tools/multipath-tools_0.8.3-1ubuntu2.4_amd64.deb	http://ap-northeast-2.ec2.archive.ubuntu.com/ubuntu/pool/main/m/multipath-tools/multipath-tools_0.8.3-1ubuntu2.4_amd64.deb	true	true	true	proxy_access_log
bionic-to-focal	python3-entrypoints	0.3-2ubuntu1	all	entrypoints	python3-entrypoints_0.3-2ubuntu1_all.deb	ap-northeast-2.ec2.archive.ubuntu.com		main	5740	3fa51df314784238be80ca13ee8d61ca99302f8f58eb2acc8a9d2fd810cfcdd3	http://ap-northeast-2.ec2.archive.ubuntu.com/ubuntu/pool/main/e/entrypoints/python3-entrypoints_0.3-2ubuntu1_all.deb	http://ap-northeast-2.ec2.archive.ubuntu.com/ubuntu/pool/main/e/entrypoints/python3-entrypoints_0.3-2ubuntu1_all.deb	true	true	true	proxy_access_log
bionic-to-focal	python3-cryptography	2.8-3ubuntu0.3	amd64	python-cryptography	python3-cryptography_2.8-3ubuntu0.3_amd64.deb	ap-northeast-2.ec2.archive.ubuntu.com		main	210704	1778ada591652ad7ab783d4ae02f65c31ce2c096db4cd0d90fb2c2244a17d46f	http://ap-northeast-2.ec2.archive.ubuntu.com/ubuntu/pool/main/p/python-cryptography/python3-cryptography_2.8-3ubuntu0.3_amd64.deb	http://ap-northeast-2.ec2.archive.ubuntu.com/ubuntu/pool/main/p/python-cryptography/python3-cryptography_2.8-3ubuntu0.3_amd64.deb	true	true	true	proxy_access_log
bionic-to-focal	python3-secretstorage	2.3.1-2ubuntu1	all	python-secretstorage	python3-secretstorage_2.3.1-2ubuntu1_all.deb	ap-northeast-2.ec2.archive.ubuntu.com		main	12440	23abd675644ccd07a76e216d3af153b82eea13e15859726122cd04a40803dc70	http://ap-northeast-2.ec2.archive.ubuntu.com/ubuntu/pool/main/p/python-secretstorage/python3-secretstorage_2.3.1-2ubuntu1_all.deb	http://ap-northeast-2.ec2.archive.ubuntu.com/ubuntu/pool/main/p/python-secretstorage/python3-secretstorage_2.3.1-2ubuntu1_all.deb	true	true	true	proxy_access_log
bionic-to-focal	python3-keyring	18.0.1-2ubuntu1	all	python-keyring	python3-keyring_18.0.1-2ubuntu1_all.deb	ap-northeast-2.ec2.archive.ubuntu.com		main	28652	3ffee1fbebc85a5db136ca51272e5288ce990fc9c8585c12c3f94acaf50daa50	http://ap-northeast-2.ec2.archive.ubuntu.com/ubuntu/pool/main/p/python-keyring/python3-keyring_18.0.1-2ubuntu1_all.deb	http://ap-northeast-2.ec2.archive.ubuntu.com/ubuntu/pool/main/p/python-keyring/python3-keyring_18.0.1-2ubuntu1_all.deb	true	true	true	proxy_access_log
bionic-to-focal	python3-lazr.uri	1.0.3-4build1	all	lazr.uri	python3-lazr.uri_1.0.3-4build1_all.deb	ap-northeast-2.ec2.archive.ubuntu.com		main	13944	85ab2bbd9d31c2d9ff378e76f836f961e3c3061d61204fe138e00160c9466e90	http://ap-northeast-2.ec2.archive.ubuntu.com/ubuntu/pool/main/l/lazr.uri/python3-lazr.uri_1.0.3-4build1_all.deb	http://ap-northeast-2.ec2.archive.ubuntu.com/ubuntu/pool/main/l/lazr.uri/python3-lazr.uri_1.0.3-4build1_all.deb	true	true	true	proxy_access_log
bionic-to-focal	python3-simplejson	3.16.0-2ubuntu2	amd64	simplejson	python3-simplejson_3.16.0-2ubuntu2_amd64.deb	ap-northeast-2.ec2.archive.ubuntu.com		main	50780	94b7cba9c0761396f850de3633230cfc9fba02cce20a5f378d3f461a2ab39974	http://ap-northeast-2.ec2.archive.ubuntu.com/ubuntu/pool/main/s/simplejson/python3-simplejson_3.16.0-2ubuntu2_amd64.deb	http://ap-northeast-2.ec2.archive.ubuntu.com/ubuntu/pool/main/s/simplejson/python3-simplejson_3.16.0-2ubuntu2_amd64.deb	true	true	true	proxy_access_log
bionic-to-focal	python3-wadllib	1.3.3-3build1	all	python-wadllib	python3-wadllib_1.3.3-3build1_all.deb	ap-northeast-2.ec2.archive.ubuntu.com		main	45352	83fdb82bcc1382a9152f0166b37146630b03f5af7ea2686c25e0bb4032b0f979	http://ap-northeast-2.ec2.archive.ubuntu.com/ubuntu/pool/main/p/python-wadllib/python3-wadllib_1.3.3-3build1_all.deb	http://ap-northeast-2.ec2.archive.ubuntu.com/ubuntu/pool/main/p/python-wadllib/python3-wadllib_1.3.3-3build1_all.deb	true	true	true	proxy_access_log
bionic-to-focal	python3-distro	1.4.0-1	all	python-distro	python3-distro_1.4.0-1_all.deb	ap-northeast-2.ec2.archive.ubuntu.com		main	14600	f0c9a51a652198804d4e5ef250d3fcaf70744c810f37609c467a1edd279fe39f	http://ap-northeast-2.ec2.archive.ubuntu.com/ubuntu/pool/main/p/python-distro/python3-distro_1.4.0-1_all.deb	http://ap-northeast-2.ec2.archive.ubuntu.com/ubuntu/pool/main/p/python-distro/python3-distro_1.4.0-1_all.deb	true	true	true	proxy_access_log
bionic-to-focal	python3-httplib2	0.14.0-1ubuntu1	all	python-httplib2	python3-httplib2_0.14.0-1ubuntu1_all.deb	ap-northeast-2.ec2.archive.ubuntu.com		main	28884	bed38efc6cc976720ff607017b246c68dad62cdc34e58269d338aea3b10626ac	http://ap-northeast-2.ec2.archive.ubuntu.com/ubuntu/pool/main/p/python-httplib2/python3-httplib2_0.14.0-1ubuntu1_all.deb	http://ap-northeast-2.ec2.archive.ubuntu.com/ubuntu/pool/main/p/python-httplib2/python3-httplib2_0.14.0-1ubuntu1_all.deb	true	true	true	proxy_access_log
bionic-to-focal	python3-blinker	1.4%2bdfsg1-0.3ubuntu1	all	python3-blinker	python3-blinker_1.4%2bdfsg1-0.3ubuntu1_all.deb	ap-northeast-2.ec2.archive.ubuntu.com		main	13244	af58ec7aecf13a6f51bf81276973664261d3f2a2a5fbfa51945537fe319fa08c	http://ap-northeast-2.ec2.archive.ubuntu.com/ubuntu/pool/main/b/blinker/python3-blinker_1.4%2bdfsg1-0.3ubuntu1_all.deb	http://ap-northeast-2.ec2.archive.ubuntu.com/ubuntu/pool/main/b/blinker/python3-blinker_1.4%2bdfsg1-0.3ubuntu1_all.deb	true	true	true	proxy_access_log
bionic-to-focal	python3-jwt	1.7.1-2ubuntu2.1	all	pyjwt	python3-jwt_1.7.1-2ubuntu2.1_all.deb	ap-northeast-2.ec2.archive.ubuntu.com		main	18048	1e6ef60912a76cf52760f7be4385fcd32edbfae39dd6377a6f3f1c9bf460dc39	http://ap-northeast-2.ec2.archive.ubuntu.com/ubuntu/pool/main/p/pyjwt/python3-jwt_1.7.1-2ubuntu2.1_all.deb	http://ap-northeast-2.ec2.archive.ubuntu.com/ubuntu/pool/main/p/pyjwt/python3-jwt_1.7.1-2ubuntu2.1_all.deb	true	true	true	proxy_access_log
bionic-to-focal	python3-oauthlib	3.1.0-1ubuntu2	all	python-oauthlib	python3-oauthlib_3.1.0-1ubuntu2_all.deb	ap-northeast-2.ec2.archive.ubuntu.com		main	84844	6838c1705c4e8a41c009bb755fb03c0071cf36c98988c7c8c4506b9150271c18	http://ap-northeast-2.ec2.archive.ubuntu.com/ubuntu/pool/main/p/python-oauthlib/python3-oauthlib_3.1.0-1ubuntu2_all.deb	http://ap-northeast-2.ec2.archive.ubuntu.com/ubuntu/pool/main/p/python-oauthlib/python3-oauthlib_3.1.0-1ubuntu2_all.deb	true	true	true	proxy_access_log
bionic-to-focal	python3-lazr.restfulclient	0.14.2-2build1	all	lazr.restfulclient	python3-lazr.restfulclient_0.14.2-2build1_all.deb	ap-northeast-2.ec2.archive.ubuntu.com		main	50744	caf9250be6ec3f90c8e65fa9ef6b7346499df4db1ce90163ccbf5c2bcdd51614	http://ap-northeast-2.ec2.archive.ubuntu.com/ubuntu/pool/main/l/lazr.restfulclient/python3-lazr.restfulclient_0.14.2-2build1_all.deb	http://ap-northeast-2.ec2.archive.ubuntu.com/ubuntu/pool/main/l/lazr.restfulclient/python3-lazr.restfulclient_0.14.2-2build1_all.deb	true	true	true	proxy_access_log
bionic-to-focal	python3-launchpadlib	1.10.13-1	all	python-launchpadlib	python3-launchpadlib_1.10.13-1_all.deb	ap-northeast-2.ec2.archive.ubuntu.com		main	49980	5671258a5098af51390406ac8455013ef935b8a566ac90842be31caa8927f99e	http://ap-northeast-2.ec2.archive.ubuntu.com/ubuntu/pool/main/p/python-launchpadlib/python3-launchpadlib_1.10.13-1_all.deb	http://ap-northeast-2.ec2.archive.ubuntu.com/ubuntu/pool/main/p/python-launchpadlib/python3-launchpadlib_1.10.13-1_all.deb	true	true	true	proxy_access_log
bionic-to-focal	python3-problem-report	2.20.11-0ubuntu27.31	all	apport	python3-problem-report_2.20.11-0ubuntu27.31_all.deb	ap-northeast-2.ec2.archive.ubuntu.com		main	10896	c9e3f2fbf5285e7899ea992d3dde7698584237f75ace75a7e46d31a87ad4e4b8	http://ap-northeast-2.ec2.archive.ubuntu.com/ubuntu/pool/main/a/apport/python3-problem-report_2.20.11-0ubuntu27.31_all.deb	http://ap-northeast-2.ec2.archive.ubuntu.com/ubuntu/pool/main/a/apport/python3-problem-report_2.20.11-0ubuntu27.31_all.deb	true	true	true	proxy_access_log
bionic-to-focal	python3-certifi	2019.11.28-1	all	python-certifi	python3-certifi_2019.11.28-1_all.deb	ap-northeast-2.ec2.archive.ubuntu.com		main	148736	f2312937dc80529a7d7ebaf966af8ee4a5b3e7ac64b71d9333a37bcf923d7c34	http://ap-northeast-2.ec2.archive.ubuntu.com/ubuntu/pool/main/p/python-certifi/python3-certifi_2019.11.28-1_all.deb	http://ap-northeast-2.ec2.archive.ubuntu.com/ubuntu/pool/main/p/python-certifi/python3-certifi_2019.11.28-1_all.deb	true	true	true	proxy_access_log
bionic-to-focal	python3-idna	2.8-1ubuntu0.1	all	python-idna	python3-idna_2.8-1ubuntu0.1_all.deb	ap-northeast-2.ec2.archive.ubuntu.com		main	36248	3f345b3426bd04d1e8979f97723e402e1c1b2f492f753fa2ee93c93084bd6e42	http://ap-northeast-2.ec2.archive.ubuntu.com/ubuntu/pool/main/p/python-idna/python3-idna_2.8-1ubuntu0.1_all.deb	http://ap-northeast-2.ec2.archive.ubuntu.com/ubuntu/pool/main/p/python-idna/python3-idna_2.8-1ubuntu0.1_all.deb	true	true	true	proxy_access_log
bionic-to-focal	python3-requests	2.22.0-2ubuntu1.1	all	requests	python3-requests_2.22.0-2ubuntu1.1_all.deb	ap-northeast-2.ec2.archive.ubuntu.com		main	47160	67953814ab8fc096ccf34dc73978b2c8e3749c1b7d14d11c489a203e1abc4be1	http://ap-northeast-2.ec2.archive.ubuntu.com/ubuntu/pool/main/r/requests/python3-requests_2.22.0-2ubuntu1.1_all.deb	http://ap-northeast-2.ec2.archive.ubuntu.com/ubuntu/pool/main/r/requests/python3-requests_2.22.0-2ubuntu1.1_all.deb	true	true	true	proxy_access_log
bionic-to-focal	python3-urllib3	1.25.8-2ubuntu0.4	all	python-urllib3	python3-urllib3_1.25.8-2ubuntu0.4_all.deb	ap-northeast-2.ec2.archive.ubuntu.com		main	88696	b6c717002c50f6517f6fce77282c250e1cef8aa63b7b90019560585a64021814	http://ap-northeast-2.ec2.archive.ubuntu.com/ubuntu/pool/main/p/python-urllib3/python3-urllib3_1.25.8-2ubuntu0.4_all.deb	http://ap-northeast-2.ec2.archive.ubuntu.com/ubuntu/pool/main/p/python-urllib3/python3-urllib3_1.25.8-2ubuntu0.4_all.deb	true	true	true	proxy_access_log
bionic-to-focal	python3-requests-unixsocket	0.2.0-2	all	python-requests-unixsocket	python3-requests-unixsocket_0.2.0-2_all.deb	ap-northeast-2.ec2.archive.ubuntu.com		main	7272	643fdf11e5f66d8733ff59bbbefa95c4e55aaf17301505f8f7c3ffa56ec52ff4	http://ap-northeast-2.ec2.archive.ubuntu.com/ubuntu/pool/main/p/python-requests-unixsocket/python3-requests-unixsocket_0.2.0-2_all.deb	http://ap-northeast-2.ec2.archive.ubuntu.com/ubuntu/pool/main/p/python-requests-unixsocket/python3-requests-unixsocket_0.2.0-2_all.deb	true	true	true	proxy_access_log
bionic-to-focal	python3-apport	2.20.11-0ubuntu27.31	all	apport	python3-apport_2.20.11-0ubuntu27.31_all.deb	ap-northeast-2.ec2.archive.ubuntu.com		main	87016	816d37c22b589f3dc065853d90b44f7cf0213897583d0a31053db8ed6bf178dd	http://ap-northeast-2.ec2.archive.ubuntu.com/ubuntu/pool/main/a/apport/python3-apport_2.20.11-0ubuntu27.31_all.deb	http://ap-northeast-2.ec2.archive.ubuntu.com/ubuntu/pool/main/a/apport/python3-apport_2.20.11-0ubuntu27.31_all.deb	true	true	true	proxy_access_log
bionic-to-focal	apport	2.20.11-0ubuntu27.31	all	apport	apport_2.20.11-0ubuntu27.31_all.deb	ap-northeast-2.ec2.archive.ubuntu.com		main	129884	3287640eded8160f655fba9d8c71e164efcb5d59d1bb75d7ecac26374d3ca6d2	http://ap-northeast-2.ec2.archive.ubuntu.com/ubuntu/pool/main/a/apport/apport_2.20.11-0ubuntu27.31_all.deb	http://ap-northeast-2.ec2.archive.ubuntu.com/ubuntu/pool/main/a/apport/apport_2.20.11-0ubuntu27.31_all.deb	true	true	true	proxy_access_log
bionic-to-focal	libfl2	2.6.4-6.2	amd64	flex	libfl2_2.6.4-6.2_amd64.deb	ap-northeast-2.ec2.archive.ubuntu.com		main	11452	de6c0f0afce0a1df7e3834c2e65a46d69b419eb9c6943914949b950cf4003fd4	http://ap-northeast-2.ec2.archive.ubuntu.com/ubuntu/pool/main/f/flex/libfl2_2.6.4-6.2_amd64.deb	http://ap-northeast-2.ec2.archive.ubuntu.com/ubuntu/pool/main/f/flex/libfl2_2.6.4-6.2_amd64.deb	true	true	true	proxy_access_log
bionic-to-focal	at	3.1.23-1ubuntu1	amd64	at	at_3.1.23-1ubuntu1_amd64.deb	ap-northeast-2.ec2.archive.ubuntu.com		main	38652	a141b40a6d9d7d33aeee203f2c6e55b43b3d9f523d756f28301f11b134c073a8	http://ap-northeast-2.ec2.archive.ubuntu.com/ubuntu/pool/main/a/at/at_3.1.23-1ubuntu1_amd64.deb	http://ap-northeast-2.ec2.archive.ubuntu.com/ubuntu/pool/main/a/at/at_3.1.23-1ubuntu1_amd64.deb	true	true	true	proxy_access_log
bionic-to-focal	gawk	5.0.1%2bdfsg-1ubuntu0.1	amd64	gawk	gawk_5.0.1%2bdfsg-1ubuntu0.1_amd64.deb	ap-northeast-2.ec2.archive.ubuntu.com		main	414540	5d48f427156f9d65f433a90af21033051102db391b1c1a7a07babd17dced5453	http://ap-northeast-2.ec2.archive.ubuntu.com/ubuntu/pool/main/g/gawk/gawk_5.0.1%2bdfsg-1ubuntu0.1_amd64.deb	http://ap-northeast-2.ec2.archive.ubuntu.com/ubuntu/pool/main/g/gawk/gawk_5.0.1%2bdfsg-1ubuntu0.1_amd64.deb	true	true	true	proxy_access_log
bionic-to-focal	bcache-tools	1.0.8-3ubuntu0.1	amd64	bcache-tools	bcache-tools_1.0.8-3ubuntu0.1_amd64.deb	ap-northeast-2.ec2.archive.ubuntu.com		main	19472	1899edf83b688226e63d09d129adbafdac0980466a5f712375019687a122effe	http://ap-northeast-2.ec2.archive.ubuntu.com/ubuntu/pool/main/b/bcache-tools/bcache-tools_1.0.8-3ubuntu0.1_amd64.deb	http://ap-northeast-2.ec2.archive.ubuntu.com/ubuntu/pool/main/b/bcache-tools/bcache-tools_1.0.8-3ubuntu0.1_amd64.deb	true	true	true	proxy_access_log
bionic-to-focal	btrfs-progs	5.4.1-2	amd64	btrfs-progs	btrfs-progs_5.4.1-2_amd64.deb	ap-northeast-2.ec2.archive.ubuntu.com		main	654500	c521ad75bac750222f184b473c10b4977ffddea2be2dba3a5cce65935c84669b	http://ap-northeast-2.ec2.archive.ubuntu.com/ubuntu/pool/main/b/btrfs-progs/btrfs-progs_5.4.1-2_amd64.deb	http://ap-northeast-2.ec2.archive.ubuntu.com/ubuntu/pool/main/b/btrfs-progs/btrfs-progs_5.4.1-2_amd64.deb	true	true	true	proxy_access_log
bionic-to-focal	libevent-2.1-7	2.1.11-stable-1	amd64	libevent	libevent-2.1-7_2.1.11-stable-1_amd64.deb	ap-northeast-2.ec2.archive.ubuntu.com		main	138008	4494b16a4732e6d9989d440bcedac846cee66bc11cc55c1f622b0abb7d6c449f	http://ap-northeast-2.ec2.archive.ubuntu.com/ubuntu/pool/main/libe/libevent/libevent-2.1-7_2.1.11-stable-1_amd64.deb	http://ap-northeast-2.ec2.archive.ubuntu.com/ubuntu/pool/main/libe/libevent/libevent-2.1-7_2.1.11-stable-1_amd64.deb	true	true	true	proxy_access_log
bionic-to-focal	libutempter0	1.1.6-4	amd64	libutempter	libutempter0_1.1.6-4_amd64.deb	ap-northeast-2.ec2.archive.ubuntu.com		main	8256	eb1b7c5fbcb1b08607d12ebab1d2e3cbf3cb28cf0a0f15d18d10acd807b99656	http://ap-northeast-2.ec2.archive.ubuntu.com/ubuntu/pool/main/libu/libutempter/libutempter0_1.1.6-4_amd64.deb	http://ap-northeast-2.ec2.archive.ubuntu.com/ubuntu/pool/main/libu/libutempter/libutempter0_1.1.6-4_amd64.deb	true	true	true	proxy_access_log
bionic-to-focal	tmux	3.0a-2ubuntu0.4	amd64	tmux	tmux_3.0a-2ubuntu0.4_amd64.deb	ap-northeast-2.ec2.archive.ubuntu.com		main	292172	ef05f636e20448cf75eb7afa0e98b18b3a1e57dcfb872e1f62d6a0ee7dc91bad	http://ap-northeast-2.ec2.archive.ubuntu.com/ubuntu/pool/main/t/tmux/tmux_3.0a-2ubuntu0.4_amd64.deb	http://ap-northeast-2.ec2.archive.ubuntu.com/ubuntu/pool/main/t/tmux/tmux_3.0a-2ubuntu0.4_amd64.deb	true	true	true	proxy_access_log
bionic-to-focal	byobu	5.133-0ubuntu1	all	byobu	byobu_5.133-0ubuntu1_all.deb	ap-northeast-2.ec2.archive.ubuntu.com		main	101176	49491887b85aca29b7935eb9c3db7edf9ba0c29f6c4dcaed4587a5569c583855	http://ap-northeast-2.ec2.archive.ubuntu.com/ubuntu/pool/main/b/byobu/byobu_5.133-0ubuntu1_all.deb	http://ap-northeast-2.ec2.archive.ubuntu.com/ubuntu/pool/main/b/byobu/byobu_5.133-0ubuntu1_all.deb	true	true	true	proxy_access_log
bionic-to-focal	cloud-guest-utils	0.31-7-gd99b2d76-0ubuntu1	all	cloud-utils	cloud-guest-utils_0.31-7-gd99b2d76-0ubuntu1_all.deb	ap-northeast-2.ec2.archive.ubuntu.com		main	16216	159ea7ccdf1e1f44370ca0afd733faa54a8ff20dfd101039aa487b5639a61ac6	http://ap-northeast-2.ec2.archive.ubuntu.com/ubuntu/pool/main/c/cloud-utils/cloud-guest-utils_0.31-7-gd99b2d76-0ubuntu1_all.deb	http://ap-northeast-2.ec2.archive.ubuntu.com/ubuntu/pool/main/c/cloud-utils/cloud-guest-utils_0.31-7-gd99b2d76-0ubuntu1_all.deb	true	true	true	proxy_access_log
bionic-to-focal	cloud-initramfs-copymods	0.45ubuntu2	all	cloud-initramfs-tools	cloud-initramfs-copymods_0.45ubuntu2_all.deb	ap-northeast-2.ec2.archive.ubuntu.com		main	4180	216bd438394f054ccd2470c16a81034850e3d30b93e7f62153d851e471c4465d	http://ap-northeast-2.ec2.archive.ubuntu.com/ubuntu/pool/main/c/cloud-initramfs-tools/cloud-initramfs-copymods_0.45ubuntu2_all.deb	http://ap-northeast-2.ec2.archive.ubuntu.com/ubuntu/pool/main/c/cloud-initramfs-tools/cloud-initramfs-copymods_0.45ubuntu2_all.deb	true	true	true	proxy_access_log
bionic-to-focal	cloud-initramfs-dyn-netconf	0.45ubuntu2	all	cloud-initramfs-tools	cloud-initramfs-dyn-netconf_0.45ubuntu2_all.deb	ap-northeast-2.ec2.archive.ubuntu.com		main	6700	27a69ab4e5ec91141c2f4c581dd38a96ba2ff72d44569e1e90a6c7945e8611cb	http://ap-northeast-2.ec2.archive.ubuntu.com/ubuntu/pool/main/c/cloud-initramfs-tools/cloud-initramfs-dyn-netconf_0.45ubuntu2_all.deb	http://ap-northeast-2.ec2.archive.ubuntu.com/ubuntu/pool/main/c/cloud-initramfs-tools/cloud-initramfs-dyn-netconf_0.45ubuntu2_all.deb	true	true	true	proxy_access_log
bionic-to-focal	curl	7.68.0-1ubuntu2.25	amd64	curl	curl_7.68.0-1ubuntu2.25_amd64.deb	ap-northeast-2.ec2.archive.ubuntu.com		main	161516	c73d3bb61bc4e804b76bf4546e524f93a4ada946639d9f319e452eb2344640fe	http://ap-northeast-2.ec2.archive.ubuntu.com/ubuntu/pool/main/c/curl/curl_7.68.0-1ubuntu2.25_amd64.deb	http://ap-northeast-2.ec2.archive.ubuntu.com/ubuntu/pool/main/c/curl/curl_7.68.0-1ubuntu2.25_amd64.deb	true	true	true	proxy_access_log
bionic-to-focal	libcurl4	7.68.0-1ubuntu2.25	amd64	curl	libcurl4_7.68.0-1ubuntu2.25_amd64.deb	ap-northeast-2.ec2.archive.ubuntu.com		main	234976	915e4bcb125fc1dc3c1219b19c5efb478d457cd1702e72b4012aca25d809632c	http://ap-northeast-2.ec2.archive.ubuntu.com/ubuntu/pool/main/c/curl/libcurl4_7.68.0-1ubuntu2.25_amd64.deb	http://ap-northeast-2.ec2.archive.ubuntu.com/ubuntu/pool/main/c/curl/libcurl4_7.68.0-1ubuntu2.25_amd64.deb	true	true	true	proxy_access_log
bionic-to-focal	ethtool	5.4-1	amd64	ethtool	ethtool_5.4-1_amd64.deb	ap-northeast-2.ec2.archive.ubuntu.com		main	133644	886ac450953213f5e557c26c35449c2781020615c545af050c13aa71a870ed55	http://ap-northeast-2.ec2.archive.ubuntu.com/ubuntu/pool/main/e/ethtool/ethtool_5.4-1_amd64.deb	http://ap-northeast-2.ec2.archive.ubuntu.com/ubuntu/pool/main/e/ethtool/ethtool_5.4-1_amd64.deb	true	true	true	proxy_access_log
bionic-to-focal	fonts-ubuntu-console	0.83-4ubuntu1	all	fonts-ubuntu	fonts-ubuntu-console_0.83-4ubuntu1_all.deb	ap-northeast-2.ec2.archive.ubuntu.com		main	18624	fa36d1a3561d7b86514f9321bfb5b425bd151255acf5dc87b803d616a881db79	http://ap-northeast-2.ec2.archive.ubuntu.com/ubuntu/pool/main/f/fonts-ubuntu/fonts-ubuntu-console_0.83-4ubuntu1_all.deb	http://ap-northeast-2.ec2.archive.ubuntu.com/ubuntu/pool/main/f/fonts-ubuntu/fonts-ubuntu-console_0.83-4ubuntu1_all.deb	true	true	true	proxy_access_log
bionic-to-focal	htop	2.2.0-2build1	amd64	htop	htop_2.2.0-2build1_amd64.deb	ap-northeast-2.ec2.archive.ubuntu.com		main	80544	c803ab48c0f2e097283a2e0673914a758f10779a26a947a77d36a1e4353e85d6	http://ap-northeast-2.ec2.archive.ubuntu.com/ubuntu/pool/main/h/htop/htop_2.2.0-2build1_amd64.deb	http://ap-northeast-2.ec2.archive.ubuntu.com/ubuntu/pool/main/h/htop/htop_2.2.0-2build1_amd64.deb	true	true	true	proxy_access_log
bionic-to-focal	libdevmapper-event1.02.1	1.02.167-1ubuntu1	amd64	libdevmapper-event1.02.1	libdevmapper-event1.02.1_1.02.167-1ubuntu1_amd64.deb	ap-northeast-2.ec2.archive.ubuntu.com		main	11868	44cb0b85ad547f4cf4897cb5fe48e026f08b9b60b4c1ce6aa15cc6512ed5a5b8	http://ap-northeast-2.ec2.archive.ubuntu.com/ubuntu/pool/main/l/lvm2/libdevmapper-event1.02.1_1.02.167-1ubuntu1_amd64.deb	http://ap-northeast-2.ec2.archive.ubuntu.com/ubuntu/pool/main/l/lvm2/libdevmapper-event1.02.1_1.02.167-1ubuntu1_amd64.deb	true	true	true	proxy_access_log
bionic-to-focal	libreadline5	5.2%2bdfsg-3build3	amd64	libreadline5	libreadline5_5.2%2bdfsg-3build3_amd64.deb	ap-northeast-2.ec2.archive.ubuntu.com		main	100296	e49389b39de229ef056c507eb42c5c80b39d68142ce9221cb344c04456fbb77a	http://ap-northeast-2.ec2.archive.ubuntu.com/ubuntu/pool/main/r/readline5/libreadline5_5.2%2bdfsg-3build3_amd64.deb	http://ap-northeast-2.ec2.archive.ubuntu.com/ubuntu/pool/main/r/readline5/libreadline5_5.2%2bdfsg-3build3_amd64.deb	true	true	true	proxy_access_log
bionic-to-focal	liblvm2cmd2.03	2.03.07-1ubuntu1	amd64	lvm2	liblvm2cmd2.03_2.03.07-1ubuntu1_amd64.deb	ap-northeast-2.ec2.archive.ubuntu.com		main	672892	fe6441061cb7e69c4711771e7bee26d35fe13cb5b44e4ea6b8150b42efc0fe47	http://ap-northeast-2.ec2.archive.ubuntu.com/ubuntu/pool/main/l/lvm2/liblvm2cmd2.03_2.03.07-1ubuntu1_amd64.deb	http://ap-northeast-2.ec2.archive.ubuntu.com/ubuntu/pool/main/l/lvm2/liblvm2cmd2.03_2.03.07-1ubuntu1_amd64.deb	true	true	true	proxy_access_log
bionic-to-focal	dmeventd	1.02.167-1ubuntu1	amd64	dmeventd	dmeventd_1.02.167-1ubuntu1_amd64.deb	ap-northeast-2.ec2.archive.ubuntu.com		main	35076	bd4c9c53ee56f26fb526ff12b9b168964e1a2c3e38e56dafa78a0f926aaafb94	http://ap-northeast-2.ec2.archive.ubuntu.com/ubuntu/pool/main/l/lvm2/dmeventd_1.02.167-1ubuntu1_amd64.deb	http://ap-northeast-2.ec2.archive.ubuntu.com/ubuntu/pool/main/l/lvm2/dmeventd_1.02.167-1ubuntu1_amd64.deb	true	true	true	proxy_access_log
bionic-to-focal	lvm2	2.03.07-1ubuntu1	amd64	lvm2	lvm2_2.03.07-1ubuntu1_amd64.deb	ap-northeast-2.ec2.archive.ubuntu.com		main	1052640	cc05480fa8208cd124e46aec1558e0e10f7bd0c73b5a9e5f6c7c90dfb44e3aaf	http://ap-northeast-2.ec2.archive.ubuntu.com/ubuntu/pool/main/l/lvm2/lvm2_2.03.07-1ubuntu1_amd64.deb	http://ap-northeast-2.ec2.archive.ubuntu.com/ubuntu/pool/main/l/lvm2/lvm2_2.03.07-1ubuntu1_amd64.deb	true	true	true	proxy_access_log
bionic-to-focal	mdadm	4.1-5ubuntu1.2	amd64	mdadm	mdadm_4.1-5ubuntu1.2_amd64.deb	ap-northeast-2.ec2.archive.ubuntu.com		main	417276	5fe87681777f33585132a171b578cd84987089d9666c9e40d8f02f6abd29f20b	http://ap-northeast-2.ec2.archive.ubuntu.com/ubuntu/pool/main/m/mdadm/mdadm_4.1-5ubuntu1.2_amd64.deb	http://ap-northeast-2.ec2.archive.ubuntu.com/ubuntu/pool/main/m/mdadm/mdadm_4.1-5ubuntu1.2_amd64.deb	true	true	true	proxy_access_log
bionic-to-focal	cryptsetup-bin	2.2.2-3ubuntu2.5	amd64	cryptsetup-bin	cryptsetup-bin_2.2.2-3ubuntu2.5_amd64.deb	ap-northeast-2.ec2.archive.ubuntu.com		main	118780	55d85e749e512bd141f00e5cac0663f29dbcadf1c0d01979b4134493803871ca	http://ap-northeast-2.ec2.archive.ubuntu.com/ubuntu/pool/main/c/cryptsetup/cryptsetup-bin_2.2.2-3ubuntu2.5_amd64.deb	http://ap-northeast-2.ec2.archive.ubuntu.com/ubuntu/pool/main/c/cryptsetup/cryptsetup-bin_2.2.2-3ubuntu2.5_amd64.deb	true	true	true	proxy_access_log
bionic-to-focal	cryptsetup	2.2.2-3ubuntu2.5	amd64	cryptsetup	cryptsetup_2.2.2-3ubuntu2.5_amd64.deb	ap-northeast-2.ec2.archive.ubuntu.com		main	159004	66aef5a69eb87c03cd176c3929d83cafec89cb3bac551987e64fb02459a2995a	http://ap-northeast-2.ec2.archive.ubuntu.com/ubuntu/pool/main/c/cryptsetup/cryptsetup_2.2.2-3ubuntu2.5_amd64.deb	http://ap-northeast-2.ec2.archive.ubuntu.com/ubuntu/pool/main/c/cryptsetup/cryptsetup_2.2.2-3ubuntu2.5_amd64.deb	true	true	true	proxy_access_log
bionic-to-focal	overlayroot	0.45ubuntu2	all	cloud-initramfs-tools	overlayroot_0.45ubuntu2_all.deb	ap-northeast-2.ec2.archive.ubuntu.com		main	15556	bc8ec273161a6322d61024e139c1d11b9cc19fcf864041438235c93a1a45aa07	http://ap-northeast-2.ec2.archive.ubuntu.com/ubuntu/pool/main/c/cloud-initramfs-tools/overlayroot_0.45ubuntu2_all.deb	http://ap-northeast-2.ec2.archive.ubuntu.com/ubuntu/pool/main/c/cloud-initramfs-tools/overlayroot_0.45ubuntu2_all.deb	true	true	true	proxy_access_log
bionic-to-focal	xxd	8.1.2269-1ubuntu5.32	amd64	xxd	xxd_8.1.2269-1ubuntu5.32_amd64.deb	ap-northeast-2.ec2.archive.ubuntu.com		main	49952	e1faead1cc73f3017b4b587a4ae0b3aba48be67e0a516fc8b3925bb026f1f31c	http://ap-northeast-2.ec2.archive.ubuntu.com/ubuntu/pool/main/v/vim/xxd_8.1.2269-1ubuntu5.32_amd64.deb	http://ap-northeast-2.ec2.archive.ubuntu.com/ubuntu/pool/main/v/vim/xxd_8.1.2269-1ubuntu5.32_amd64.deb	true	true	true	proxy_access_log
bionic-to-focal	libasound2-data	1.2.2-2.1ubuntu2.5	all	alsa-lib	libasound2-data_1.2.2-2.1ubuntu2.5_all.deb	ap-northeast-2.ec2.archive.ubuntu.com		main	20104	d740795494b8259fdb359f9343f224dabb7cb4a63511e13ccccc5ad2d96ffa95	http://ap-northeast-2.ec2.archive.ubuntu.com/ubuntu/pool/main/a/alsa-lib/libasound2-data_1.2.2-2.1ubuntu2.5_all.deb	http://ap-northeast-2.ec2.archive.ubuntu.com/ubuntu/pool/main/a/alsa-lib/libasound2-data_1.2.2-2.1ubuntu2.5_all.deb	true	true	true	proxy_access_log
bionic-to-focal	libasound2	1.2.2-2.1ubuntu2.5	amd64	alsa-lib	libasound2_1.2.2-2.1ubuntu2.5_amd64.deb	ap-northeast-2.ec2.archive.ubuntu.com		main	334776	5ea02b4590b210bb2d4a180007184c10e8941d0ee1f025361950b0d0084578a6	http://ap-northeast-2.ec2.archive.ubuntu.com/ubuntu/pool/main/a/alsa-lib/libasound2_1.2.2-2.1ubuntu2.5_amd64.deb	http://ap-northeast-2.ec2.archive.ubuntu.com/ubuntu/pool/main/a/alsa-lib/libasound2_1.2.2-2.1ubuntu2.5_amd64.deb	true	true	true	proxy_access_log
bionic-to-focal	libtdb1	1.4.5-0ubuntu0.20.04.1	amd64	tdb	libtdb1_1.4.5-0ubuntu0.20.04.1_amd64.deb	ap-northeast-2.ec2.archive.ubuntu.com		main	44188	d28a6fb7f46d2bbc76cc12fdbf2bbf96ee902a435796779ff4768acfdf043120	http://ap-northeast-2.ec2.archive.ubuntu.com/ubuntu/pool/main/t/tdb/libtdb1_1.4.5-0ubuntu0.20.04.1_amd64.deb	http://ap-northeast-2.ec2.archive.ubuntu.com/ubuntu/pool/main/t/tdb/libtdb1_1.4.5-0ubuntu0.20.04.1_amd64.deb	true	true	true	proxy_access_log
bionic-to-focal	libogg0	1.3.4-0ubuntu1	amd64	libogg	libogg0_1.3.4-0ubuntu1_amd64.deb	ap-northeast-2.ec2.archive.ubuntu.com		main	23952	194cf1f768b674e7ed5e2736ff0a080254902de3004d1a9f640997a0c58e0e94	http://ap-northeast-2.ec2.archive.ubuntu.com/ubuntu/pool/main/libo/libogg/libogg0_1.3.4-0ubuntu1_amd64.deb	http://ap-northeast-2.ec2.archive.ubuntu.com/ubuntu/pool/main/libo/libogg/libogg0_1.3.4-0ubuntu1_amd64.deb	true	true	true	proxy_access_log
bionic-to-focal	libvorbis0a	1.3.6-2ubuntu1	amd64	libvorbis	libvorbis0a_1.3.6-2ubuntu1_amd64.deb	ap-northeast-2.ec2.archive.ubuntu.com		main	86980	1eff92a3ee043354a3dfa5f84bd04855082e9f072061d41755670ae70b0d8728	http://ap-northeast-2.ec2.archive.ubuntu.com/ubuntu/pool/main/libv/libvorbis/libvorbis0a_1.3.6-2ubuntu1_amd64.deb	http://ap-northeast-2.ec2.archive.ubuntu.com/ubuntu/pool/main/libv/libvorbis/libvorbis0a_1.3.6-2ubuntu1_amd64.deb	true	true	true	proxy_access_log
bionic-to-focal	libvorbisfile3	1.3.6-2ubuntu1	amd64	libvorbis	libvorbisfile3_1.3.6-2ubuntu1_amd64.deb	ap-northeast-2.ec2.archive.ubuntu.com		main	16140	6ad03d48075a74294ed8855de2136799c5e28110aa74b2f66c4b774e26fdb909	http://ap-northeast-2.ec2.archive.ubuntu.com/ubuntu/pool/main/libv/libvorbis/libvorbisfile3_1.3.6-2ubuntu1_amd64.deb	http://ap-northeast-2.ec2.archive.ubuntu.com/ubuntu/pool/main/libv/libvorbis/libvorbisfile3_1.3.6-2ubuntu1_amd64.deb	true	true	true	proxy_access_log
bionic-to-focal	sound-theme-freedesktop	0.8-2ubuntu1	all	sound-theme-freedesktop	sound-theme-freedesktop_0.8-2ubuntu1_all.deb	ap-northeast-2.ec2.archive.ubuntu.com		main	383992	ce13c4dbf52340888a3cdd9563799cc74ccf03ce428dd2cee13e820caaabdc34	http://ap-northeast-2.ec2.archive.ubuntu.com/ubuntu/pool/main/s/sound-theme-freedesktop/sound-theme-freedesktop_0.8-2ubuntu1_all.deb	http://ap-northeast-2.ec2.archive.ubuntu.com/ubuntu/pool/main/s/sound-theme-freedesktop/sound-theme-freedesktop_0.8-2ubuntu1_all.deb	true	true	true	proxy_access_log
bionic-to-focal	libltdl7	2.4.6-14	amd64	libtool	libltdl7_2.4.6-14_amd64.deb	ap-northeast-2.ec2.archive.ubuntu.com		main	38536	700aaa2a82aa1cb796aea8e8c02df87e659b6c817b55d074bf3fd6f26dc632e0	http://ap-northeast-2.ec2.archive.ubuntu.com/ubuntu/pool/main/libt/libtool/libltdl7_2.4.6-14_amd64.deb	http://ap-northeast-2.ec2.archive.ubuntu.com/ubuntu/pool/main/libt/libtool/libltdl7_2.4.6-14_amd64.deb	true	true	true	proxy_access_log
bionic-to-focal	libcanberra0	0.30-7ubuntu1	amd64	libcanberra	libcanberra0_0.30-7ubuntu1_amd64.deb	ap-northeast-2.ec2.archive.ubuntu.com		main	38108	b903d3ed1eb77f0f383e91a4d66be970bd73ceed9556c0a431aca9ab49c8a222	http://ap-northeast-2.ec2.archive.ubuntu.com/ubuntu/pool/main/libc/libcanberra/libcanberra0_0.30-7ubuntu1_amd64.deb	http://ap-northeast-2.ec2.archive.ubuntu.com/ubuntu/pool/main/libc/libcanberra/libcanberra0_0.30-7ubuntu1_amd64.deb	true	true	true	proxy_access_log
bionic-to-focal	libpython3.8	3.8.10-0ubuntu1%7e20.04.18	amd64	libpython3.8	libpython3.8_3.8.10-0ubuntu1%7e20.04.18_amd64.deb	ap-northeast-2.ec2.archive.ubuntu.com		main	1625384	2a867022338c5838420113c20a17f22495bec31e2f200e073072571be0404a93	http://ap-northeast-2.ec2.archive.ubuntu.com/ubuntu/pool/main/p/python3.8/libpython3.8_3.8.10-0ubuntu1%7e20.04.18_amd64.deb	http://ap-northeast-2.ec2.archive.ubuntu.com/ubuntu/pool/main/p/python3.8/libpython3.8_3.8.10-0ubuntu1%7e20.04.18_amd64.deb	true	true	true	proxy_access_log
bionic-to-focal	vim	8.1.2269-1ubuntu5.32	amd64	vim	vim_8.1.2269-1ubuntu5.32_amd64.deb	ap-northeast-2.ec2.archive.ubuntu.com		main	1240544	c74580e99c8880ae7d1a4d452c25bca4265f8e0acc0aff8152e0fb1c533c1ffd	http://ap-northeast-2.ec2.archive.ubuntu.com/ubuntu/pool/main/v/vim/vim_8.1.2269-1ubuntu5.32_amd64.deb	http://ap-northeast-2.ec2.archive.ubuntu.com/ubuntu/pool/main/v/vim/vim_8.1.2269-1ubuntu5.32_amd64.deb	true	true	true	proxy_access_log
bionic-to-focal	vim-tiny	8.1.2269-1ubuntu5.32	amd64	vim-tiny	vim-tiny_8.1.2269-1ubuntu5.32_amd64.deb	ap-northeast-2.ec2.archive.ubuntu.com		main	579240	5997d5440bb832a7c6337e01bae2368d0a043c024d695d1a1222d1792175f66c	http://ap-northeast-2.ec2.archive.ubuntu.com/ubuntu/pool/main/v/vim/vim-tiny_8.1.2269-1ubuntu5.32_amd64.deb	http://ap-northeast-2.ec2.archive.ubuntu.com/ubuntu/pool/main/v/vim/vim-tiny_8.1.2269-1ubuntu5.32_amd64.deb	true	true	true	proxy_access_log
bionic-to-focal	vim-runtime	8.1.2269-1ubuntu5.32	all	vim-runtime	vim-runtime_8.1.2269-1ubuntu5.32_all.deb	ap-northeast-2.ec2.archive.ubuntu.com		main	5875952	9fa45cd7654ab48afc3b21fea95042d8f9e4bec6e7e68c245f4c9ccede5292c9	http://ap-northeast-2.ec2.archive.ubuntu.com/ubuntu/pool/main/v/vim/vim-runtime_8.1.2269-1ubuntu5.32_all.deb	http://ap-northeast-2.ec2.archive.ubuntu.com/ubuntu/pool/main/v/vim/vim-runtime_8.1.2269-1ubuntu5.32_all.deb	true	true	true	proxy_access_log
bionic-to-focal	vim-common	8.1.2269-1ubuntu5.32	all	vim-common	vim-common_8.1.2269-1ubuntu5.32_all.deb	ap-northeast-2.ec2.archive.ubuntu.com		main	84880	1c94dab6986a99100a47d071314fd1278a1d8a1f40785bcb98b2af8f01d1c739	http://ap-northeast-2.ec2.archive.ubuntu.com/ubuntu/pool/main/v/vim/vim-common_8.1.2269-1ubuntu5.32_all.deb	http://ap-northeast-2.ec2.archive.ubuntu.com/ubuntu/pool/main/v/vim/vim-common_8.1.2269-1ubuntu5.32_all.deb	true	true	true	proxy_access_log
bionic-to-focal	pollinate	4.33-3ubuntu1.20.04.2	all	pollinate	pollinate_4.33-3ubuntu1.20.04.2_all.deb	ap-northeast-2.ec2.archive.ubuntu.com		main	12316	6c06d5af8deea8e475c187a05f65840449a18ce6eeaa855deedaeebfc7500e2a	http://ap-northeast-2.ec2.archive.ubuntu.com/ubuntu/pool/main/p/pollinate/pollinate_4.33-3ubuntu1.20.04.2_all.deb	http://ap-northeast-2.ec2.archive.ubuntu.com/ubuntu/pool/main/p/pollinate/pollinate_4.33-3ubuntu1.20.04.2_all.deb	true	true	true	proxy_access_log
bionic-to-focal	screen	4.8.0-1ubuntu0.1	amd64	screen	screen_4.8.0-1ubuntu0.1_amd64.deb	ap-northeast-2.ec2.archive.ubuntu.com		main	577360	0c4d0e1eb9bf8f6c3fe13f132a6642c603a13ffc7bbd1e21af744fd58c6d42ad	http://ap-northeast-2.ec2.archive.ubuntu.com/ubuntu/pool/main/s/screen/screen_4.8.0-1ubuntu0.1_amd64.deb	http://ap-northeast-2.ec2.archive.ubuntu.com/ubuntu/pool/main/s/screen/screen_4.8.0-1ubuntu0.1_amd64.deb	true	true	true	proxy_access_log
bionic-to-focal	libpackagekit-glib2-18	1.1.13-2ubuntu1.1	amd64	packagekit	libpackagekit-glib2-18_1.1.13-2ubuntu1.1_amd64.deb	ap-northeast-2.ec2.archive.ubuntu.com		main	103680	9d2a88e433cc9c638a283685625b5e7e71b59420ed7c36788fe63091be8d1043	http://ap-northeast-2.ec2.archive.ubuntu.com/ubuntu/pool/main/p/packagekit/libpackagekit-glib2-18_1.1.13-2ubuntu1.1_amd64.deb	http://ap-northeast-2.ec2.archive.ubuntu.com/ubuntu/pool/main/p/packagekit/libpackagekit-glib2-18_1.1.13-2ubuntu1.1_amd64.deb	true	true	true	proxy_access_log
bionic-to-focal	gir1.2-packagekitglib-1.0	1.1.13-2ubuntu1.1	amd64	packagekit	gir1.2-packagekitglib-1.0_1.1.13-2ubuntu1.1_amd64.deb	ap-northeast-2.ec2.archive.ubuntu.com		main	21576	662ee14c7e02c4f7a8a52eb70e6e096891273dd02a331e9bd350eea4f444218f	http://ap-northeast-2.ec2.archive.ubuntu.com/ubuntu/pool/main/p/packagekit/gir1.2-packagekitglib-1.0_1.1.13-2ubuntu1.1_amd64.deb	http://ap-northeast-2.ec2.archive.ubuntu.com/ubuntu/pool/main/p/packagekit/gir1.2-packagekitglib-1.0_1.1.13-2ubuntu1.1_amd64.deb	true	true	true	proxy_access_log
bionic-to-focal	libglib2.0-data	2.64.6-1%7eubuntu20.04.9	all	libglib2.0-data	libglib2.0-data_2.64.6-1%7eubuntu20.04.9_all.deb	ap-northeast-2.ec2.archive.ubuntu.com		main	5836	91dc19d90da7ca21d08919e11b86d344c8d67e9c902ac92ef93337034bbf69e1	http://ap-northeast-2.ec2.archive.ubuntu.com/ubuntu/pool/main/g/glib2.0/libglib2.0-data_2.64.6-1%7eubuntu20.04.9_all.deb	http://ap-northeast-2.ec2.archive.ubuntu.com/ubuntu/pool/main/g/glib2.0/libglib2.0-data_2.64.6-1%7eubuntu20.04.9_all.deb	true	true	true	proxy_access_log
bionic-to-focal	libglib2.0-bin	2.64.6-1%7eubuntu20.04.9	amd64	libglib2.0-bin	libglib2.0-bin_2.64.6-1%7eubuntu20.04.9_amd64.deb	ap-northeast-2.ec2.archive.ubuntu.com		main	72852	21fdcec650da333196fa459efc9695df3b3a664720c921dbb8ecbc65ebea329e	http://ap-northeast-2.ec2.archive.ubuntu.com/ubuntu/pool/main/g/glib2.0/libglib2.0-bin_2.64.6-1%7eubuntu20.04.9_amd64.deb	http://ap-northeast-2.ec2.archive.ubuntu.com/ubuntu/pool/main/g/glib2.0/libglib2.0-bin_2.64.6-1%7eubuntu20.04.9_amd64.deb	true	true	true	proxy_access_log
bionic-to-focal	liblmdb0	0.9.24-1	amd64	lmdb	liblmdb0_0.9.24-1_amd64.deb	ap-northeast-2.ec2.archive.ubuntu.com		main	44640	6499e1964a5c0e9d66a3094bb4ec8feac27325145ab1919809ccd3b53d72d727	http://ap-northeast-2.ec2.archive.ubuntu.com/ubuntu/pool/main/l/lmdb/liblmdb0_0.9.24-1_amd64.deb	http://ap-northeast-2.ec2.archive.ubuntu.com/ubuntu/pool/main/l/lmdb/liblmdb0_0.9.24-1_amd64.deb	true	true	true	proxy_access_log
bionic-to-focal	libproxy1v5	0.4.15-10ubuntu1.2	amd64	libproxy	libproxy1v5_0.4.15-10ubuntu1.2_amd64.deb	ap-northeast-2.ec2.archive.ubuntu.com		main	49096	d198caf8776733143f9d4afc2cc9c93583ece8d865f79248d6e0add3012b95e0	http://ap-northeast-2.ec2.archive.ubuntu.com/ubuntu/pool/main/libp/libproxy/libproxy1v5_0.4.15-10ubuntu1.2_amd64.deb	http://ap-northeast-2.ec2.archive.ubuntu.com/ubuntu/pool/main/libp/libproxy/libproxy1v5_0.4.15-10ubuntu1.2_amd64.deb	true	true	true	proxy_access_log
bionic-to-focal	glib-networking-common	2.64.2-1ubuntu0.1	all	glib-networking	glib-networking-common_2.64.2-1ubuntu0.1_all.deb	ap-northeast-2.ec2.archive.ubuntu.com		main	5040	99464cdb506b7eb4afc2f410985758f23c6376e85457a5f3e2d0de38a5725bb8	http://ap-northeast-2.ec2.archive.ubuntu.com/ubuntu/pool/main/g/glib-networking/glib-networking-common_2.64.2-1ubuntu0.1_all.deb	http://ap-northeast-2.ec2.archive.ubuntu.com/ubuntu/pool/main/g/glib-networking/glib-networking-common_2.64.2-1ubuntu0.1_all.deb	true	true	true	proxy_access_log
bionic-to-focal	glib-networking-services	2.64.2-1ubuntu0.1	amd64	glib-networking	glib-networking-services_2.64.2-1ubuntu0.1_amd64.deb	ap-northeast-2.ec2.archive.ubuntu.com		main	10648	e0696c3816473379e2aee04559144a4752576ae0cf276cfaf45f773b4c8f3013	http://ap-northeast-2.ec2.archive.ubuntu.com/ubuntu/pool/main/g/glib-networking/glib-networking-services_2.64.2-1ubuntu0.1_amd64.deb	http://ap-northeast-2.ec2.archive.ubuntu.com/ubuntu/pool/main/g/glib-networking/glib-networking-services_2.64.2-1ubuntu0.1_amd64.deb	true	true	true	proxy_access_log
bionic-to-focal	libdconf1	0.36.0-1	amd64	dconf	libdconf1_0.36.0-1_amd64.deb	ap-northeast-2.ec2.archive.ubuntu.com		main	37384	01ddfbd75b567f74369cef4d4e839efd0dc7f35d3be3e2ae5e0cade0c0547e21	http://ap-northeast-2.ec2.archive.ubuntu.com/ubuntu/pool/main/d/dconf/libdconf1_0.36.0-1_amd64.deb	http://ap-northeast-2.ec2.archive.ubuntu.com/ubuntu/pool/main/d/dconf/libdconf1_0.36.0-1_amd64.deb	true	true	true	proxy_access_log
bionic-to-focal	dconf-service	0.36.0-1	amd64	dconf	dconf-service_0.36.0-1_amd64.deb	ap-northeast-2.ec2.archive.ubuntu.com		main	29780	7271247dd38dd41f8dd387b6678df0b430999b1b64c185dbc21bb3f7d30e6977	http://ap-northeast-2.ec2.archive.ubuntu.com/ubuntu/pool/main/d/dconf/dconf-service_0.36.0-1_amd64.deb	http://ap-northeast-2.ec2.archive.ubuntu.com/ubuntu/pool/main/d/dconf/dconf-service_0.36.0-1_amd64.deb	true	true	true	proxy_access_log
bionic-to-focal	dconf-gsettings-backend	0.36.0-1	amd64	dconf	dconf-gsettings-backend_0.36.0-1_amd64.deb	ap-northeast-2.ec2.archive.ubuntu.com		main	22468	9b9173afe31ad328a200b0f28057b1279f4e9cadad3cae7ee415133912d225c3	http://ap-northeast-2.ec2.archive.ubuntu.com/ubuntu/pool/main/d/dconf/dconf-gsettings-backend_0.36.0-1_amd64.deb	http://ap-northeast-2.ec2.archive.ubuntu.com/ubuntu/pool/main/d/dconf/dconf-gsettings-backend_0.36.0-1_amd64.deb	true	true	true	proxy_access_log
bionic-to-focal	gsettings-desktop-schemas	3.36.0-1ubuntu1	all	gsettings-desktop-schemas	gsettings-desktop-schemas_3.36.0-1ubuntu1_all.deb	ap-northeast-2.ec2.archive.ubuntu.com		main	28976	bf9c1662992a492210e11af477cd3dae879c89a979c67f6821c9af1b3ec8abde	http://ap-northeast-2.ec2.archive.ubuntu.com/ubuntu/pool/main/g/gsettings-desktop-schemas/gsettings-desktop-schemas_3.36.0-1ubuntu1_all.deb	http://ap-northeast-2.ec2.archive.ubuntu.com/ubuntu/pool/main/g/gsettings-desktop-schemas/gsettings-desktop-schemas_3.36.0-1ubuntu1_all.deb	true	true	true	proxy_access_log
bionic-to-focal	glib-networking	2.64.2-1ubuntu0.1	amd64	glib-networking	glib-networking_2.64.2-1ubuntu0.1_amd64.deb	ap-northeast-2.ec2.archive.ubuntu.com		main	58244	4876eec2c4a08f0d198e789da3cfa3ef18e18b46d1117f4dbab60df543814df2	http://ap-northeast-2.ec2.archive.ubuntu.com/ubuntu/pool/main/g/glib-networking/glib-networking_2.64.2-1ubuntu0.1_amd64.deb	http://ap-northeast-2.ec2.archive.ubuntu.com/ubuntu/pool/main/g/glib-networking/glib-networking_2.64.2-1ubuntu0.1_amd64.deb	true	true	true	proxy_access_log
bionic-to-focal	libicu66	66.1-2ubuntu2.1	amd64	icu	libicu66_66.1-2ubuntu2.1_amd64.deb	ap-northeast-2.ec2.archive.ubuntu.com		main	8515480	00d0de456134668f41bd9ea308a076bc0a6a805180445af8a37209d433f41efe	http://ap-northeast-2.ec2.archive.ubuntu.com/ubuntu/pool/main/i/icu/libicu66_66.1-2ubuntu2.1_amd64.deb	http://ap-northeast-2.ec2.archive.ubuntu.com/ubuntu/pool/main/i/icu/libicu66_66.1-2ubuntu2.1_amd64.deb	true	true	true	proxy_access_log
bionic-to-focal	libxml2	2.9.10%2bdfsg-5ubuntu0.20.04.10	amd64	libxml2	libxml2_2.9.10%2bdfsg-5ubuntu0.20.04.10_amd64.deb	ap-northeast-2.ec2.archive.ubuntu.com		main	639756	90145086978f8eb6253621eea93dd1fb144ff6475a17507e467557d63d427e7f	http://ap-northeast-2.ec2.archive.ubuntu.com/ubuntu/pool/main/libx/libxml2/libxml2_2.9.10%2bdfsg-5ubuntu0.20.04.10_amd64.deb	http://ap-northeast-2.ec2.archive.ubuntu.com/ubuntu/pool/main/libx/libxml2/libxml2_2.9.10%2bdfsg-5ubuntu0.20.04.10_amd64.deb	true	true	true	proxy_access_log
bionic-to-focal	libsoup2.4-1	2.70.0-1ubuntu0.5	amd64	libsoup2.4	libsoup2.4-1_2.70.0-1ubuntu0.5_amd64.deb	ap-northeast-2.ec2.archive.ubuntu.com		main	262712	446be9f3c95377fcf559e62c657d00d809f411a6e6c3031496350c209a06aa84	http://ap-northeast-2.ec2.archive.ubuntu.com/ubuntu/pool/main/libs/libsoup2.4/libsoup2.4-1_2.70.0-1ubuntu0.5_amd64.deb	http://ap-northeast-2.ec2.archive.ubuntu.com/ubuntu/pool/main/libs/libsoup2.4/libsoup2.4-1_2.70.0-1ubuntu0.5_amd64.deb	true	true	true	proxy_access_log
bionic-to-focal	libstemmer0d	0%2bsvn585-2	amd64	libstemmer0d	libstemmer0d_0%2bsvn585-2_amd64.deb	ap-northeast-2.ec2.archive.ubuntu.com		main	61696	ca98a75e3eb1d446215bfa194148a7005453b9204dfb1ad625130ee4aecd5235	http://ap-northeast-2.ec2.archive.ubuntu.com/ubuntu/pool/main/s/snowball/libstemmer0d_0%2bsvn585-2_amd64.deb	http://ap-northeast-2.ec2.archive.ubuntu.com/ubuntu/pool/main/s/snowball/libstemmer0d_0%2bsvn585-2_amd64.deb	true	true	true	proxy_access_log
bionic-to-focal	libappstream4	0.12.10-2	amd64	appstream	libappstream4_0.12.10-2_amd64.deb	ap-northeast-2.ec2.archive.ubuntu.com		main	128704	302419efb780623b9bc302870aa022304b8681eb79a61edef959872585236496	http://ap-northeast-2.ec2.archive.ubuntu.com/ubuntu/pool/main/a/appstream/libappstream4_0.12.10-2_amd64.deb	http://ap-northeast-2.ec2.archive.ubuntu.com/ubuntu/pool/main/a/appstream/libappstream4_0.12.10-2_amd64.deb	true	true	true	proxy_access_log
bionic-to-focal	libgstreamer1.0-0	1.16.3-0ubuntu1.2	amd64	gstreamer1.0	libgstreamer1.0-0_1.16.3-0ubuntu1.2_amd64.deb	ap-northeast-2.ec2.archive.ubuntu.com		main	894416	c90c179fd7079ede371460d12969fb593419d3e3c10b8baf42bea3c10be2b773	http://ap-northeast-2.ec2.archive.ubuntu.com/ubuntu/pool/main/g/gstreamer1.0/libgstreamer1.0-0_1.16.3-0ubuntu1.2_amd64.deb	http://ap-northeast-2.ec2.archive.ubuntu.com/ubuntu/pool/main/g/gstreamer1.0/libgstreamer1.0-0_1.16.3-0ubuntu1.2_amd64.deb	true	true	true	proxy_access_log
bionic-to-focal	policykit-1	0.105-26ubuntu1.3	amd64	policykit-1	policykit-1_0.105-26ubuntu1.3_amd64.deb	ap-northeast-2.ec2.archive.ubuntu.com		main	84080	eeb40b1029d1dd2b43b1d4881c84e7a38886e066881637a68f4184114ffb1334	http://ap-northeast-2.ec2.archive.ubuntu.com/ubuntu/pool/main/p/policykit-1/policykit-1_0.105-26ubuntu1.3_amd64.deb	http://ap-northeast-2.ec2.archive.ubuntu.com/ubuntu/pool/main/p/policykit-1/policykit-1_0.105-26ubuntu1.3_amd64.deb	true	true	true	proxy_access_log
bionic-to-focal	libpolkit-agent-1-0	0.105-26ubuntu1.3	amd64	policykit-1	libpolkit-agent-1-0_0.105-26ubuntu1.3_amd64.deb	ap-northeast-2.ec2.archive.ubuntu.com		main	15228	f2b4caf2c2b083179ada09e728af06f06cfb440ccedb150dc91a01fcc5090bb5	http://ap-northeast-2.ec2.archive.ubuntu.com/ubuntu/pool/main/p/policykit-1/libpolkit-agent-1-0_0.105-26ubuntu1.3_amd64.deb	http://ap-northeast-2.ec2.archive.ubuntu.com/ubuntu/pool/main/p/policykit-1/libpolkit-agent-1-0_0.105-26ubuntu1.3_amd64.deb	true	true	true	proxy_access_log
bionic-to-focal	libpolkit-gobject-1-0	0.105-26ubuntu1.3	amd64	policykit-1	libpolkit-gobject-1-0_0.105-26ubuntu1.3_amd64.deb	ap-northeast-2.ec2.archive.ubuntu.com		main	39232	234c6f70ec21bbe7428d406eca292b7b1204af968a15196a80845046d5ca10ee	http://ap-northeast-2.ec2.archive.ubuntu.com/ubuntu/pool/main/p/policykit-1/libpolkit-gobject-1-0_0.105-26ubuntu1.3_amd64.deb	http://ap-northeast-2.ec2.archive.ubuntu.com/ubuntu/pool/main/p/policykit-1/libpolkit-gobject-1-0_0.105-26ubuntu1.3_amd64.deb	true	true	true	proxy_access_log
bionic-to-focal	packagekit	1.1.13-2ubuntu1.1	amd64	packagekit	packagekit_1.1.13-2ubuntu1.1_amd64.deb	ap-northeast-2.ec2.archive.ubuntu.com		main	408404	d598e82e102e775c5c9fdb362187a03e792c76e06443df254a2c0b93b4fe6c1c	http://ap-northeast-2.ec2.archive.ubuntu.com/ubuntu/pool/main/p/packagekit/packagekit_1.1.13-2ubuntu1.1_amd64.deb	http://ap-northeast-2.ec2.archive.ubuntu.com/ubuntu/pool/main/p/packagekit/packagekit_1.1.13-2ubuntu1.1_amd64.deb	true	true	true	proxy_access_log
bionic-to-focal	iso-codes	4.4-1	all	iso-codes	iso-codes_4.4-1_all.deb	ap-northeast-2.ec2.archive.ubuntu.com		main	2694644	d23ceffbfc1608a3ecc7a65495a6355bd8993a72f485909ca202762967e87b64	http://ap-northeast-2.ec2.archive.ubuntu.com/ubuntu/pool/main/i/iso-codes/iso-codes_4.4-1_all.deb	http://ap-northeast-2.ec2.archive.ubuntu.com/ubuntu/pool/main/i/iso-codes/iso-codes_4.4-1_all.deb	true	true	true	proxy_access_log
bionic-to-focal	software-properties-common	0.99.9.12	all	software-properties	software-properties-common_0.99.9.12_all.deb	ap-northeast-2.ec2.archive.ubuntu.com		main	10432	520d96ad09b2ed312c0bf1581a40d6a370eb440b9a7a389ca72bc7fe87e6d2f8	http://ap-northeast-2.ec2.archive.ubuntu.com/ubuntu/pool/main/s/software-properties/software-properties-common_0.99.9.12_all.deb	http://ap-northeast-2.ec2.archive.ubuntu.com/ubuntu/pool/main/s/software-properties/software-properties-common_0.99.9.12_all.deb	true	true	true	proxy_access_log
bionic-to-focal	python3-software-properties	0.99.9.12	all	software-properties	python3-software-properties_0.99.9.12_all.deb	ap-northeast-2.ec2.archive.ubuntu.com		main	21676	caa2084d07f6e25b73b9ac75b52d96f91124b02d7e3ffc8f311f1fafcc4d3af5	http://ap-northeast-2.ec2.archive.ubuntu.com/ubuntu/pool/main/s/software-properties/python3-software-properties_0.99.9.12_all.deb	http://ap-northeast-2.ec2.archive.ubuntu.com/ubuntu/pool/main/s/software-properties/python3-software-properties_0.99.9.12_all.deb	true	true	true	proxy_access_log
bionic-to-focal	python3-pyparsing	2.4.6-1	all	pyparsing	python3-pyparsing_2.4.6-1_all.deb	ap-northeast-2.ec2.archive.ubuntu.com		main	61300	928cac3b78febcdab125bf664c6a73182d5374edfbd56e345df371fa237c5703	http://ap-northeast-2.ec2.archive.ubuntu.com/ubuntu/pool/main/p/pyparsing/python3-pyparsing_2.4.6-1_all.deb	http://ap-northeast-2.ec2.archive.ubuntu.com/ubuntu/pool/main/p/pyparsing/python3-pyparsing_2.4.6-1_all.deb	true	true	true	proxy_access_log
bionic-to-focal	python3-packaging	20.3-1	all	python-packaging	python3-packaging_20.3-1_all.deb	ap-northeast-2.ec2.archive.ubuntu.com		main	26844	b86f581825783ccf9125e7f2e0720aae2b50d145fe5a2c038eddd7a333b47721	http://ap-northeast-2.ec2.archive.ubuntu.com/ubuntu/pool/main/p/python-packaging/python3-packaging_20.3-1_all.deb	http://ap-northeast-2.ec2.archive.ubuntu.com/ubuntu/pool/main/p/python-packaging/python3-packaging_20.3-1_all.deb	true	true	true	proxy_access_log
bionic-to-focal	python3-ptyprocess	0.6.0-1ubuntu1	all	ptyprocess	python3-ptyprocess_0.6.0-1ubuntu1_all.deb	ap-northeast-2.ec2.archive.ubuntu.com		main	13336	5874c05b792ef28cd38b618718c81a14249264fc62869f8b36a6add95e4a2eeb	http://ap-northeast-2.ec2.archive.ubuntu.com/ubuntu/pool/main/p/ptyprocess/python3-ptyprocess_0.6.0-1ubuntu1_all.deb	http://ap-northeast-2.ec2.archive.ubuntu.com/ubuntu/pool/main/p/ptyprocess/python3-ptyprocess_0.6.0-1ubuntu1_all.deb	true	true	true	proxy_access_log
bionic-to-focal	python3-pexpect	4.6.0-1build1	all	pexpect	python3-pexpect_4.6.0-1build1_all.deb	ap-northeast-2.ec2.archive.ubuntu.com		main	44616	d47bb6b0f855341048b4605f7a60eac3d41d36ba8f0c352634504209b8c31432	http://ap-northeast-2.ec2.archive.ubuntu.com/ubuntu/pool/main/p/pexpect/python3-pexpect_4.6.0-1build1_all.deb	http://ap-northeast-2.ec2.archive.ubuntu.com/ubuntu/pool/main/p/pexpect/python3-pexpect_4.6.0-1build1_all.deb	true	true	true	proxy_access_log
bionic-to-focal	sosreport	4.8.2-0ubuntu0%7e20.04.1	amd64	sosreport	sosreport_4.8.2-0ubuntu0%7e20.04.1_amd64.deb	ap-northeast-2.ec2.archive.ubuntu.com		main	356664	87dc889d879b84dea11d57fd95479176c9780847cffccda49e6f28499592d55f	http://ap-northeast-2.ec2.archive.ubuntu.com/ubuntu/pool/main/s/sosreport/sosreport_4.8.2-0ubuntu0%7e20.04.1_amd64.deb	http://ap-northeast-2.ec2.archive.ubuntu.com/ubuntu/pool/main/s/sosreport/sosreport_4.8.2-0ubuntu0%7e20.04.1_amd64.deb	true	true	true	proxy_access_log
bionic-to-focal	xfsprogs	5.3.0-1ubuntu2.1	amd64	xfsprogs	xfsprogs_5.3.0-1ubuntu2.1_amd64.deb	ap-northeast-2.ec2.archive.ubuntu.com		main	775020	f53bdd6566067555c09dd6128b672e306209f40aed45775703997d4ca28c071b	http://ap-northeast-2.ec2.archive.ubuntu.com/ubuntu/pool/main/x/xfsprogs/xfsprogs_5.3.0-1ubuntu2.1_amd64.deb	http://ap-northeast-2.ec2.archive.ubuntu.com/ubuntu/pool/main/x/xfsprogs/xfsprogs_5.3.0-1ubuntu2.1_amd64.deb	true	true	true	proxy_access_log
bionic-to-focal	ubuntu-server	1.450.3	amd64	ubuntu-meta	ubuntu-server_1.450.3_amd64.deb	ap-northeast-2.ec2.archive.ubuntu.com		main	3036	8362b143d8f03614763a4bc057bcb431ec0bb0baf5c3a23cebae26a69c8f2c36	http://ap-northeast-2.ec2.archive.ubuntu.com/ubuntu/pool/main/u/ubuntu-meta/ubuntu-server_1.450.3_amd64.deb	http://ap-northeast-2.ec2.archive.ubuntu.com/ubuntu/pool/main/u/ubuntu-meta/ubuntu-server_1.450.3_amd64.deb	true	true	true	proxy_access_log
bionic-to-focal	base-files	11ubuntu5.8	amd64	base-files	base-files_11ubuntu5.8_amd64.deb	ap-northeast-2.ec2.archive.ubuntu.com		main	60332	f92bb87ad4347c4b9c33c3e4f013a483ac637d65e56d330f429b0be7c1739a74	http://ap-northeast-2.ec2.archive.ubuntu.com/ubuntu/pool/main/b/base-files/base-files_11ubuntu5.8_amd64.deb	http://ap-northeast-2.ec2.archive.ubuntu.com/ubuntu/pool/main/b/base-files/base-files_11ubuntu5.8_amd64.deb	true	true	true	proxy_access_log
bionic-to-focal	motd-news-config	11ubuntu5.8	all	base-files	motd-news-config_11ubuntu5.8_all.deb	ap-northeast-2.ec2.archive.ubuntu.com		main	4284	5bea0df0d8e5fecf088972e0e600816ed5694b6a29bbf19e1cb5c046629272da	http://ap-northeast-2.ec2.archive.ubuntu.com/ubuntu/pool/main/b/base-files/motd-news-config_11ubuntu5.8_all.deb	http://ap-northeast-2.ec2.archive.ubuntu.com/ubuntu/pool/main/b/base-files/motd-news-config_11ubuntu5.8_all.deb	true	true	true	proxy_access_log
bionic-to-focal	bash	5.0-6ubuntu1.2	amd64	bash	bash_5.0-6ubuntu1.2_amd64.deb	ap-northeast-2.ec2.archive.ubuntu.com		main	638808	58e03b3be46c54eeb22ede348baf2b8251a6f3e0ce4f0bf0191c516f90f1f283	http://ap-northeast-2.ec2.archive.ubuntu.com/ubuntu/pool/main/b/bash/bash_5.0-6ubuntu1.2_amd64.deb	http://ap-northeast-2.ec2.archive.ubuntu.com/ubuntu/pool/main/b/bash/bash_5.0-6ubuntu1.2_amd64.deb	true	true	true	proxy_access_log
bionic-to-focal	bsdmainutils	11.1.2ubuntu3	amd64	bsdmainutils	bsdmainutils_11.1.2ubuntu3_amd64.deb	ap-northeast-2.ec2.archive.ubuntu.com		main	181204	5dcf61a0949d12ad900f62b684aaf429f278a7a418123c91e8839eeb363521e7	http://ap-northeast-2.ec2.archive.ubuntu.com/ubuntu/pool/main/b/bsdmainutils/bsdmainutils_11.1.2ubuntu3_amd64.deb	http://ap-northeast-2.ec2.archive.ubuntu.com/ubuntu/pool/main/b/bsdmainutils/bsdmainutils_11.1.2ubuntu3_amd64.deb	true	true	true	proxy_access_log
bionic-to-focal	bsdutils	2.34-0.1ubuntu9.6	amd64	bsdutils	bsdutils_2.34-0.1ubuntu9.6_amd64.deb	ap-northeast-2.ec2.archive.ubuntu.com		main	63280	25accdba926f2d2c6fc7dcfa7c143c2b142a41930886f40b3ba8396df3bcf0b6	http://ap-northeast-2.ec2.archive.ubuntu.com/ubuntu/pool/main/u/util-linux/bsdutils_2.34-0.1ubuntu9.6_amd64.deb	http://ap-northeast-2.ec2.archive.ubuntu.com/ubuntu/pool/main/u/util-linux/bsdutils_2.34-0.1ubuntu9.6_amd64.deb	true	true	true	proxy_access_log
bionic-to-focal	dash	0.5.10.2-6	amd64	dash	dash_0.5.10.2-6_amd64.deb	ap-northeast-2.ec2.archive.ubuntu.com		main	86336	12607b28478fb815952f47c53394b57405244e675ff3220a982a0b8c7d826b0c	http://ap-northeast-2.ec2.archive.ubuntu.com/ubuntu/pool/main/d/dash/dash_0.5.10.2-6_amd64.deb	http://ap-northeast-2.ec2.archive.ubuntu.com/ubuntu/pool/main/d/dash/dash_0.5.10.2-6_amd64.deb	true	true	true	proxy_access_log
bionic-to-focal	diffutils	3.7-3	amd64	diffutils	diffutils_3.7-3_amd64.deb	ap-northeast-2.ec2.archive.ubuntu.com		main	199804	1e47f7fb82fedcd69c4b8cba65861ad23e6af108612f8f111244f2a48eb7fd02	http://ap-northeast-2.ec2.archive.ubuntu.com/ubuntu/pool/main/d/diffutils/diffutils_3.7-3_amd64.deb	http://ap-northeast-2.ec2.archive.ubuntu.com/ubuntu/pool/main/d/diffutils/diffutils_3.7-3_amd64.deb	true	true	true	proxy_access_log
bionic-to-focal	findutils	4.7.0-1ubuntu1	amd64	findutils	findutils_4.7.0-1ubuntu1_amd64.deb	ap-northeast-2.ec2.archive.ubuntu.com		main	329012	f3eccb6088dc4b632e7e9daa2fc36048702fbaef684b9acb1e2317c706c16249	http://ap-northeast-2.ec2.archive.ubuntu.com/ubuntu/pool/main/f/findutils/findutils_4.7.0-1ubuntu1_amd64.deb	http://ap-northeast-2.ec2.archive.ubuntu.com/ubuntu/pool/main/f/findutils/findutils_4.7.0-1ubuntu1_amd64.deb	true	true	true	proxy_access_log
bionic-to-focal	grep	3.4-1	amd64	grep	grep_3.4-1_amd64.deb	ap-northeast-2.ec2.archive.ubuntu.com		main	150796	ca498008bc57c2ccb26c5b467322cd5abbb458e2dd545658d8aef4490ee931de	http://ap-northeast-2.ec2.archive.ubuntu.com/ubuntu/pool/main/g/grep/grep_3.4-1_amd64.deb	http://ap-northeast-2.ec2.archive.ubuntu.com/ubuntu/pool/main/g/grep/grep_3.4-1_amd64.deb	true	true	true	proxy_access_log
bionic-to-focal	gzip	1.10-0ubuntu4.1	amd64	gzip	gzip_1.10-0ubuntu4.1_amd64.deb	ap-northeast-2.ec2.archive.ubuntu.com		main	95168	218a588ffe646e69dcde814634cb85bcaad1486da4fa3060937ab12ef04fed9c	http://ap-northeast-2.ec2.archive.ubuntu.com/ubuntu/pool/main/g/gzip/gzip_1.10-0ubuntu4.1_amd64.deb	http://ap-northeast-2.ec2.archive.ubuntu.com/ubuntu/pool/main/g/gzip/gzip_1.10-0ubuntu4.1_amd64.deb	true	true	true	proxy_access_log
bionic-to-focal	hostname	3.23	amd64	hostname	hostname_3.23_amd64.deb	ap-northeast-2.ec2.archive.ubuntu.com		main	11372	bddd3ac9a78c0f816f24622ef9f0495902da8028de9fc4b24ec8b1a36196a762	http://ap-northeast-2.ec2.archive.ubuntu.com/ubuntu/pool/main/h/hostname/hostname_3.23_amd64.deb	http://ap-northeast-2.ec2.archive.ubuntu.com/ubuntu/pool/main/h/hostname/hostname_3.23_amd64.deb	true	true	true	proxy_access_log
bionic-to-focal	ncurses-bin	6.2-0ubuntu2.1	amd64	ncurses	ncurses-bin_6.2-0ubuntu2.1_amd64.deb	ap-northeast-2.ec2.archive.ubuntu.com		main	172492	a569ff67d2a59259248ac2c1dd966f6b45a196330dc0544889fa9085e9043e2e	http://ap-northeast-2.ec2.archive.ubuntu.com/ubuntu/pool/main/n/ncurses/ncurses-bin_6.2-0ubuntu2.1_amd64.deb	http://ap-northeast-2.ec2.archive.ubuntu.com/ubuntu/pool/main/n/ncurses/ncurses-bin_6.2-0ubuntu2.1_amd64.deb	true	true	true	proxy_access_log
bionic-to-focal	libdebconfclient0	0.251ubuntu1	amd64	cdebconf	libdebconfclient0_0.251ubuntu1_amd64.deb	ap-northeast-2.ec2.archive.ubuntu.com		main	6160	98cc9975a3e4d9c4f505db3845fff2820337c82ea7c8174d9664d2c36cfef248	http://ap-northeast-2.ec2.archive.ubuntu.com/ubuntu/pool/main/c/cdebconf/libdebconfclient0_0.251ubuntu1_amd64.deb	http://ap-northeast-2.ec2.archive.ubuntu.com/ubuntu/pool/main/c/cdebconf/libdebconfclient0_0.251ubuntu1_amd64.deb	true	true	true	proxy_access_log
bionic-to-focal	base-passwd	3.5.47	amd64	base-passwd	base-passwd_3.5.47_amd64.deb	ap-northeast-2.ec2.archive.ubuntu.com		main	47736	96477a0b48c43358a7a2fcc958a4271424c16db6594719b05ae90e89a508772c	http://ap-northeast-2.ec2.archive.ubuntu.com/ubuntu/pool/main/b/base-passwd/base-passwd_3.5.47_amd64.deb	http://ap-northeast-2.ec2.archive.ubuntu.com/ubuntu/pool/main/b/base-passwd/base-passwd_3.5.47_amd64.deb	true	true	true	proxy_access_log
bionic-to-focal	ncurses-base	6.2-0ubuntu2.1	all	ncurses	ncurses-base_6.2-0ubuntu2.1_all.deb	ap-northeast-2.ec2.archive.ubuntu.com		main	18896	982fb1672f73fd8844e56fa01aab9009415ccfe23fe444e5ec4e027f220a38e6	http://ap-northeast-2.ec2.archive.ubuntu.com/ubuntu/pool/main/n/ncurses/ncurses-base_6.2-0ubuntu2.1_all.deb	http://ap-northeast-2.ec2.archive.ubuntu.com/ubuntu/pool/main/n/ncurses/ncurses-base_6.2-0ubuntu2.1_all.deb	true	true	true	proxy_access_log
bionic-to-focal	init	1.57	amd64	init-system-helpers	init_1.57_amd64.deb	ap-northeast-2.ec2.archive.ubuntu.com		main	6088	bc810e47293dab9bfd64b0db7fc714107994de12d4b3e6d621cea7a00223e067	http://ap-northeast-2.ec2.archive.ubuntu.com/ubuntu/pool/main/i/init-system-helpers/init_1.57_amd64.deb	http://ap-northeast-2.ec2.archive.ubuntu.com/ubuntu/pool/main/i/init-system-helpers/init_1.57_amd64.deb	true	true	true	proxy_access_log
bionic-to-focal	rsyslog	8.2001.0-1ubuntu1.3	amd64	rsyslog	rsyslog_8.2001.0-1ubuntu1.3_amd64.deb	ap-northeast-2.ec2.archive.ubuntu.com		main	427312	d94c4aa032ca6b4b7998a30d6908d93356e1082db2db5bb6f9f0849bcc0957fa	http://ap-northeast-2.ec2.archive.ubuntu.com/ubuntu/pool/main/r/rsyslog/rsyslog_8.2001.0-1ubuntu1.3_amd64.deb	http://ap-northeast-2.ec2.archive.ubuntu.com/ubuntu/pool/main/r/rsyslog/rsyslog_8.2001.0-1ubuntu1.3_amd64.deb	true	true	true	proxy_access_log
bionic-to-focal	libnuma1	2.0.12-1	amd64	numactl	libnuma1_2.0.12-1_amd64.deb	ap-northeast-2.ec2.archive.ubuntu.com		main	20828	0b1edf08cf9befecd21fe94e298ac25e476f87fd876ddd4adf42ef713449e637	http://ap-northeast-2.ec2.archive.ubuntu.com/ubuntu/pool/main/n/numactl/libnuma1_2.0.12-1_amd64.deb	http://ap-northeast-2.ec2.archive.ubuntu.com/ubuntu/pool/main/n/numactl/libnuma1_2.0.12-1_amd64.deb	true	true	true	proxy_access_log
bionic-to-focal	irqbalance	1.6.0-3ubuntu1	amd64	irqbalance	irqbalance_1.6.0-3ubuntu1_amd64.deb	ap-northeast-2.ec2.archive.ubuntu.com		main	43864	2de1914588f92b95f8eaffc5cb577e605f787558c2767162e9c5bbd6090771cf	http://ap-northeast-2.ec2.archive.ubuntu.com/ubuntu/pool/main/i/irqbalance/irqbalance_1.6.0-3ubuntu1_amd64.deb	http://ap-northeast-2.ec2.archive.ubuntu.com/ubuntu/pool/main/i/irqbalance/irqbalance_1.6.0-3ubuntu1_amd64.deb	true	true	true	proxy_access_log
bionic-to-focal	accountsservice	0.6.55-0ubuntu12%7e20.04.7	amd64	accountsservice	accountsservice_0.6.55-0ubuntu12%7e20.04.7_amd64.deb	ap-northeast-2.ec2.archive.ubuntu.com		main	61256	b34293efd5c6861b3d82b6ddbb72bef5d15d44be12c77e1d5949d634c8699773	http://ap-northeast-2.ec2.archive.ubuntu.com/ubuntu/pool/main/a/accountsservice/accountsservice_0.6.55-0ubuntu12%7e20.04.7_amd64.deb	http://ap-northeast-2.ec2.archive.ubuntu.com/ubuntu/pool/main/a/accountsservice/accountsservice_0.6.55-0ubuntu12%7e20.04.7_amd64.deb	true	true	true	proxy_access_log
bionic-to-focal	libaccountsservice0	0.6.55-0ubuntu12%7e20.04.7	amd64	libaccountsservice0	libaccountsservice0_0.6.55-0ubuntu12%7e20.04.7_amd64.deb	ap-northeast-2.ec2.archive.ubuntu.com		main	72368	2506dff6a97be14133cbbf5bae09ec2b55ae44f80056d4e843dfb25b961025f6	http://ap-northeast-2.ec2.archive.ubuntu.com/ubuntu/pool/main/a/accountsservice/libaccountsservice0_0.6.55-0ubuntu12%7e20.04.7_amd64.deb	http://ap-northeast-2.ec2.archive.ubuntu.com/ubuntu/pool/main/a/accountsservice/libaccountsservice0_0.6.55-0ubuntu12%7e20.04.7_amd64.deb	true	true	true	proxy_access_log
bionic-to-focal	language-selector-common	0.204.2	all	language-selector	language-selector-common_0.204.2_all.deb	ap-northeast-2.ec2.archive.ubuntu.com		main	224340	2a16047f66aa6934daf716265af469f7061cbe96931edbb9a597e099ab726563	http://ap-northeast-2.ec2.archive.ubuntu.com/ubuntu/pool/main/l/language-selector/language-selector-common_0.204.2_all.deb	http://ap-northeast-2.ec2.archive.ubuntu.com/ubuntu/pool/main/l/language-selector/language-selector-common_0.204.2_all.deb	true	true	true	proxy_access_log
bionic-to-focal	libuchardet0	0.0.6-3build1	amd64	uchardet	libuchardet0_0.0.6-3build1_amd64.deb	ap-northeast-2.ec2.archive.ubuntu.com		main	65240	27954a3168dd9ea04aa8921156549a8e5fee269e2db247b6edc0085a18f8e8ec	http://ap-northeast-2.ec2.archive.ubuntu.com/ubuntu/pool/main/u/uchardet/libuchardet0_0.0.6-3build1_amd64.deb	http://ap-northeast-2.ec2.archive.ubuntu.com/ubuntu/pool/main/u/uchardet/libuchardet0_0.0.6-3build1_amd64.deb	true	true	true	proxy_access_log
bionic-to-focal	groff-base	1.22.4-4build1	amd64	groff	groff-base_1.22.4-4build1_amd64.deb	ap-northeast-2.ec2.archive.ubuntu.com		main	847204	91daa5af9aa67b5110349f51b96a555967dcc21062dec76544a7b5249b543c01	http://ap-northeast-2.ec2.archive.ubuntu.com/ubuntu/pool/main/g/groff/groff-base_1.22.4-4build1_amd64.deb	http://ap-northeast-2.ec2.archive.ubuntu.com/ubuntu/pool/main/g/groff/groff-base_1.22.4-4build1_amd64.deb	true	true	true	proxy_access_log
bionic-to-focal	libpipeline1	1.5.2-2build1	amd64	libpipeline	libpipeline1_1.5.2-2build1_amd64.deb	ap-northeast-2.ec2.archive.ubuntu.com		main	27716	03289c37250cbd7c0169d5f1f89b5fe418d8087397cea1542b6346825c6936af	http://ap-northeast-2.ec2.archive.ubuntu.com/ubuntu/pool/main/libp/libpipeline/libpipeline1_1.5.2-2build1_amd64.deb	http://ap-northeast-2.ec2.archive.ubuntu.com/ubuntu/pool/main/libp/libpipeline/libpipeline1_1.5.2-2build1_amd64.deb	true	true	true	proxy_access_log
bionic-to-focal	man-db	2.9.1-1	amd64	man-db	man-db_2.9.1-1_amd64.deb	ap-northeast-2.ec2.archive.ubuntu.com		main	1112368	07c78ad853aeba7b26a05c05edf0f4a77b4b3a2572eb03d6600f5f501324421a	http://ap-northeast-2.ec2.archive.ubuntu.com/ubuntu/pool/main/m/man-db/man-db_2.9.1-1_amd64.deb	http://ap-northeast-2.ec2.archive.ubuntu.com/ubuntu/pool/main/m/man-db/man-db_2.9.1-1_amd64.deb	true	true	true	proxy_access_log
bionic-to-focal	libntfs-3g883	2017.3.23AR.3-3ubuntu1.3	amd64	libntfs-3g883	libntfs-3g883_2017.3.23AR.3-3ubuntu1.3_amd64.deb	ap-northeast-2.ec2.archive.ubuntu.com		main	149680	1874becc4620d8a303c72dd993cec7d73d4a7a0ddbba100d78183be7aeec2956	http://ap-northeast-2.ec2.archive.ubuntu.com/ubuntu/pool/main/n/ntfs-3g/libntfs-3g883_2017.3.23AR.3-3ubuntu1.3_amd64.deb	http://ap-northeast-2.ec2.archive.ubuntu.com/ubuntu/pool/main/n/ntfs-3g/libntfs-3g883_2017.3.23AR.3-3ubuntu1.3_amd64.deb	true	true	true	proxy_access_log
bionic-to-focal	ntfs-3g	2017.3.23AR.3-3ubuntu1.3	amd64	ntfs-3g	ntfs-3g_2017.3.23AR.3-3ubuntu1.3_amd64.deb	ap-northeast-2.ec2.archive.ubuntu.com		main	387640	00243af3ea56e48eb265b409aa7718cd9e9313cc70e2a1687af25ad78b776401	http://ap-northeast-2.ec2.archive.ubuntu.com/ubuntu/pool/main/n/ntfs-3g/ntfs-3g_2017.3.23AR.3-3ubuntu1.3_amd64.deb	http://ap-northeast-2.ec2.archive.ubuntu.com/ubuntu/pool/main/n/ntfs-3g/ntfs-3g_2017.3.23AR.3-3ubuntu1.3_amd64.deb	true	true	true	proxy_access_log
bionic-to-focal	popularity-contest	1.69ubuntu1	all	popularity-contest	popularity-contest_1.69ubuntu1_all.deb	ap-northeast-2.ec2.archive.ubuntu.com		main	34336	c0441c9dd63a7fd460b0e14f794b0a6bff9f8f778fa034b5e343a0bbec60f358	http://ap-northeast-2.ec2.archive.ubuntu.com/ubuntu/pool/main/p/popularity-contest/popularity-contest_1.69ubuntu1_all.deb	http://ap-northeast-2.ec2.archive.ubuntu.com/ubuntu/pool/main/p/popularity-contest/popularity-contest_1.69ubuntu1_all.deb	true	true	true	proxy_access_log
bionic-to-focal	rsync	3.1.3-8ubuntu0.9	amd64	rsync	rsync_3.1.3-8ubuntu0.9_amd64.deb	ap-northeast-2.ec2.archive.ubuntu.com		main	322912	a0c0458e2bd5c9d75c6283c7a35ea3aa8d9ced46583507f43eb4597e8cbae207	http://ap-northeast-2.ec2.archive.ubuntu.com/ubuntu/pool/main/r/rsync/rsync_3.1.3-8ubuntu0.9_amd64.deb	http://ap-northeast-2.ec2.archive.ubuntu.com/ubuntu/pool/main/r/rsync/rsync_3.1.3-8ubuntu0.9_amd64.deb	true	true	true	proxy_access_log
bionic-to-focal	uuid-runtime	2.34-0.1ubuntu9.6	amd64	util-linux	uuid-runtime_2.34-0.1ubuntu9.6_amd64.deb	ap-northeast-2.ec2.archive.ubuntu.com		main	35332	1dc7e1d24f798bf1164824ac251dde00dbe1104f86c5a3590553118d6f9f52f2	http://ap-northeast-2.ec2.archive.ubuntu.com/ubuntu/pool/main/u/util-linux/uuid-runtime_2.34-0.1ubuntu9.6_amd64.deb	http://ap-northeast-2.ec2.archive.ubuntu.com/ubuntu/pool/main/u/util-linux/uuid-runtime_2.34-0.1ubuntu9.6_amd64.deb	true	true	true	proxy_access_log
bionic-to-focal	acpid	2.0.32-1ubuntu1	amd64	acpid	acpid_2.0.32-1ubuntu1_amd64.deb	ap-northeast-2.ec2.archive.ubuntu.com		main	37688	fef6273e8bf6f46989fc83f3cca6d0be5d11535949d47fba83cdaece3e6f4399	http://ap-northeast-2.ec2.archive.ubuntu.com/ubuntu/pool/main/a/acpid/acpid_2.0.32-1ubuntu1_amd64.deb	http://ap-northeast-2.ec2.archive.ubuntu.com/ubuntu/pool/main/a/acpid/acpid_2.0.32-1ubuntu1_amd64.deb	true	true	true	proxy_access_log
bionic-to-focal	lxcfs	4.0.3-0ubuntu1	amd64	lxcfs	lxcfs_4.0.3-0ubuntu1_amd64.deb	ap-northeast-2.ec2.archive.ubuntu.com		universe	65268	f66c12978f6d867b30f340a461e88e25023254239607f827ec08751d754a9fca	http://ap-northeast-2.ec2.archive.ubuntu.com/ubuntu/pool/universe/l/lxcfs/lxcfs_4.0.3-0ubuntu1_amd64.deb	http://ap-northeast-2.ec2.archive.ubuntu.com/ubuntu/pool/universe/l/lxcfs/lxcfs_4.0.3-0ubuntu1_amd64.deb	true	true	true	proxy_access_log
bionic-to-focal	lxd-client	0.10	all	lxd-client	lxd-client_0.10_all.deb	ap-northeast-2.ec2.archive.ubuntu.com		universe	1608	a393d388441ccc85d75db386d4818d5678b88b4f5f2a1d3ebaab26f9d3ba2b4e	http://ap-northeast-2.ec2.archive.ubuntu.com/ubuntu/pool/universe/l/lxd/lxd-client_0.10_all.deb	http://ap-northeast-2.ec2.archive.ubuntu.com/ubuntu/pool/universe/l/lxd/lxd-client_0.10_all.deb	true	true	true	proxy_access_log
bionic-to-focal	lxd	0.10	all	lxd	lxd_0.10_all.deb	ap-northeast-2.ec2.archive.ubuntu.com		universe	5532	1b1759f4d21cbfa164635e9ec60d86c9843539adc5e5968dc563995e5fae2961	http://ap-northeast-2.ec2.archive.ubuntu.com/ubuntu/pool/universe/l/lxd/lxd_0.10_all.deb	http://ap-northeast-2.ec2.archive.ubuntu.com/ubuntu/pool/universe/l/lxd/lxd_0.10_all.deb	true	true	true	proxy_access_log
bionic-to-focal	libisns0	0.97-3	amd64	open-isns	libisns0_0.97-3_amd64.deb	ap-northeast-2.ec2.archive.ubuntu.com		main	109820	97fd27e40af7dd13aac1aa18c3174cc382cf15608e0e0a09209ab0474de4db23	http://ap-northeast-2.ec2.archive.ubuntu.com/ubuntu/pool/main/o/open-isns/libisns0_0.97-3_amd64.deb	http://ap-northeast-2.ec2.archive.ubuntu.com/ubuntu/pool/main/o/open-isns/libisns0_0.97-3_amd64.deb	true	true	true	proxy_access_log
bionic-to-focal	open-iscsi	2.0.874-7.1ubuntu6.5	amd64	open-iscsi	open-iscsi_2.0.874-7.1ubuntu6.5_amd64.deb	ap-northeast-2.ec2.archive.ubuntu.com		main	283900	fea14c99de9d10134db1feb769b4e975c7097bc714924c5cf60a36f4751979e4	http://ap-northeast-2.ec2.archive.ubuntu.com/ubuntu/pool/main/o/open-iscsi/open-iscsi_2.0.874-7.1ubuntu6.5_amd64.deb	http://ap-northeast-2.ec2.archive.ubuntu.com/ubuntu/pool/main/o/open-iscsi/open-iscsi_2.0.874-7.1ubuntu6.5_amd64.deb	true	true	true	proxy_access_log
bionic-to-focal	sgml-base	1.29.1	all	sgml-base	sgml-base_1.29.1_all.deb	ap-northeast-2.ec2.archive.ubuntu.com		main	12432	1402d68810ff4099f9b3ce206fbbe719b51d0730310079903f9f7ad75c1d263b	http://ap-northeast-2.ec2.archive.ubuntu.com/ubuntu/pool/main/s/sgml-base/sgml-base_1.29.1_all.deb	http://ap-northeast-2.ec2.archive.ubuntu.com/ubuntu/pool/main/s/sgml-base/sgml-base_1.29.1_all.deb	true	true	true	proxy_access_log
bionic-to-focal	libdrm-common	2.4.107-8ubuntu1%7e20.04.2	all	libdrm-common	libdrm-common_2.4.107-8ubuntu1%7e20.04.2_all.deb	ap-northeast-2.ec2.archive.ubuntu.com		main	5396	52bdffa2e90751b316978799650bb3e8c373c238cc71775ee596069241847e08	http://ap-northeast-2.ec2.archive.ubuntu.com/ubuntu/pool/main/libd/libdrm/libdrm-common_2.4.107-8ubuntu1%7e20.04.2_all.deb	http://ap-northeast-2.ec2.archive.ubuntu.com/ubuntu/pool/main/libd/libdrm/libdrm-common_2.4.107-8ubuntu1%7e20.04.2_all.deb	true	true	true	proxy_access_log
bionic-to-focal	libdrm2	2.4.107-8ubuntu1%7e20.04.2	amd64	libdrm2	libdrm2_2.4.107-8ubuntu1%7e20.04.2_amd64.deb	ap-northeast-2.ec2.archive.ubuntu.com		main	34112	9b01d73313841abe8e3f24c2715edced675fbe329bbd10be912a5b135cd51fb6	http://ap-northeast-2.ec2.archive.ubuntu.com/ubuntu/pool/main/libd/libdrm/libdrm2_2.4.107-8ubuntu1%7e20.04.2_amd64.deb	http://ap-northeast-2.ec2.archive.ubuntu.com/ubuntu/pool/main/libd/libdrm/libdrm2_2.4.107-8ubuntu1%7e20.04.2_amd64.deb	true	true	true	proxy_access_log
bionic-to-focal	libmspack0	0.10.1-2	amd64	libmspack	libmspack0_0.10.1-2_amd64.deb	ap-northeast-2.ec2.archive.ubuntu.com		main	37988	17994d241ee2ce8e91d196c9409f920e2c9dcd5ea21e42ea9f9972c5fef93ee7	http://ap-northeast-2.ec2.archive.ubuntu.com/ubuntu/pool/main/libm/libmspack/libmspack0_0.10.1-2_amd64.deb	http://ap-northeast-2.ec2.archive.ubuntu.com/ubuntu/pool/main/libm/libmspack/libmspack0_0.10.1-2_amd64.deb	true	true	true	proxy_access_log
bionic-to-focal	libxslt1.1	1.1.34-4ubuntu0.20.04.3	amd64	libxslt	libxslt1.1_1.1.34-4ubuntu0.20.04.3_amd64.deb	ap-northeast-2.ec2.archive.ubuntu.com		main	151336	4533b86463ee7e32a0b950db6ea3258ab23ba043a94b035a82bded68ab0c0c48	http://ap-northeast-2.ec2.archive.ubuntu.com/ubuntu/pool/main/libx/libxslt/libxslt1.1_1.1.34-4ubuntu0.20.04.3_amd64.deb	http://ap-northeast-2.ec2.archive.ubuntu.com/ubuntu/pool/main/libx/libxslt/libxslt1.1_1.1.34-4ubuntu0.20.04.3_amd64.deb	true	true	true	proxy_access_log
bionic-to-focal	libxmlsec1	1.2.28-2	amd64	xmlsec1	libxmlsec1_1.2.28-2_amd64.deb	ap-northeast-2.ec2.archive.ubuntu.com		main	126656	6830058d410e6a3d5d84e974b06fce9d6a3d1b124d2fb219dd2471b9627f95e8	http://ap-northeast-2.ec2.archive.ubuntu.com/ubuntu/pool/main/x/xmlsec1/libxmlsec1_1.2.28-2_amd64.deb	http://ap-northeast-2.ec2.archive.ubuntu.com/ubuntu/pool/main/x/xmlsec1/libxmlsec1_1.2.28-2_amd64.deb	true	true	true	proxy_access_log
bionic-to-focal	libxmlsec1-openssl	1.2.28-2	amd64	xmlsec1	libxmlsec1-openssl_1.2.28-2_amd64.deb	ap-northeast-2.ec2.archive.ubuntu.com		main	75924	adef189815de833376bccdbd32f9f63887107a3b74cd18b0c837dce1fe2140fd	http://ap-northeast-2.ec2.archive.ubuntu.com/ubuntu/pool/main/x/xmlsec1/libxmlsec1-openssl_1.2.28-2_amd64.deb	http://ap-northeast-2.ec2.archive.ubuntu.com/ubuntu/pool/main/x/xmlsec1/libxmlsec1-openssl_1.2.28-2_amd64.deb	true	true	true	proxy_access_log
bionic-to-focal	pciutils	3.6.4-1ubuntu0.20.04.1	amd64	pciutils	pciutils_3.6.4-1ubuntu0.20.04.1_amd64.deb	ap-northeast-2.ec2.archive.ubuntu.com		main	56500	efb0a35b6cd0370f0b426a558a49850b5b568fe98536368cce6b9473d54189df	http://ap-northeast-2.ec2.archive.ubuntu.com/ubuntu/pool/main/p/pciutils/pciutils_3.6.4-1ubuntu0.20.04.1_amd64.deb	http://ap-northeast-2.ec2.archive.ubuntu.com/ubuntu/pool/main/p/pciutils/pciutils_3.6.4-1ubuntu0.20.04.1_amd64.deb	true	true	true	proxy_access_log
bionic-to-focal	pci.ids	0.0%7e2020.03.20-1	all	pci.ids	pci.ids_0.0%7e2020.03.20-1_all.deb	ap-northeast-2.ec2.archive.ubuntu.com		main	216788	a63703e56fe9d55369f6dd14d4fb110807aebf1f93a7f4e287d41174a8870f21	http://ap-northeast-2.ec2.archive.ubuntu.com/ubuntu/pool/main/p/pci.ids/pci.ids_0.0%7e2020.03.20-1_all.deb	http://ap-northeast-2.ec2.archive.ubuntu.com/ubuntu/pool/main/p/pci.ids/pci.ids_0.0%7e2020.03.20-1_all.deb	true	true	true	proxy_access_log
bionic-to-focal	libpci3	3.6.4-1ubuntu0.20.04.1	amd64	libpci3	libpci3_3.6.4-1ubuntu0.20.04.1_amd64.deb	ap-northeast-2.ec2.archive.ubuntu.com		main	26856	1aaf3e3c5c1e17ddebc01ceb3beb3aaeb90679a6c2ad11fbee8de0fbfdafc288	http://ap-northeast-2.ec2.archive.ubuntu.com/ubuntu/pool/main/p/pciutils/libpci3_3.6.4-1ubuntu0.20.04.1_amd64.deb	http://ap-northeast-2.ec2.archive.ubuntu.com/ubuntu/pool/main/p/pciutils/libpci3_3.6.4-1ubuntu0.20.04.1_amd64.deb	true	true	true	proxy_access_log
bionic-to-focal	open-vm-tools	11.3.0-2ubuntu0%7eubuntu20.04.8	amd64	open-vm-tools	open-vm-tools_11.3.0-2ubuntu0%7eubuntu20.04.8_amd64.deb	ap-northeast-2.ec2.archive.ubuntu.com		main	649304	05bef50339fe46841d20226632c01fa949f8e1b1edd8676e5594488d7b48c2f1	http://ap-northeast-2.ec2.archive.ubuntu.com/ubuntu/pool/main/o/open-vm-tools/open-vm-tools_11.3.0-2ubuntu0%7eubuntu20.04.8_amd64.deb	http://ap-northeast-2.ec2.archive.ubuntu.com/ubuntu/pool/main/o/open-vm-tools/open-vm-tools_11.3.0-2ubuntu0%7eubuntu20.04.8_amd64.deb	true	true	true	proxy_access_log
bionic-to-focal	libattr1	2.4.48-5	amd64	libattr1	libattr1_2.4.48-5_amd64.deb	ap-northeast-2.ec2.archive.ubuntu.com		main	12748	d916bb73d9a160ccaa48d997c823af528cb6b4174c5234c744b40ae5aa85ce98	http://ap-northeast-2.ec2.archive.ubuntu.com/ubuntu/pool/main/a/attr/libattr1_2.4.48-5_amd64.deb	http://ap-northeast-2.ec2.archive.ubuntu.com/ubuntu/pool/main/a/attr/libattr1_2.4.48-5_amd64.deb	true	true	true	proxy_access_log
bionic-to-focal	libgcc1	10.5.0-1ubuntu1%7e20.04	amd64	libgcc1	libgcc1_10.5.0-1ubuntu1%7e20.04_amd64.deb	ap-northeast-2.ec2.archive.ubuntu.com		universe	41724	be48e8f4b1cb8bbdd642966bfcc08b119a7c8317b807bce6bf8da35817468d06	http://ap-northeast-2.ec2.archive.ubuntu.com/ubuntu/pool/universe/g/gcc-10/libgcc1_10.5.0-1ubuntu1%7e20.04_amd64.deb	http://ap-northeast-2.ec2.archive.ubuntu.com/ubuntu/pool/universe/g/gcc-10/libgcc1_10.5.0-1ubuntu1%7e20.04_amd64.deb	true	true	true	proxy_access_log
bionic-to-focal	libss2	1.45.5-2ubuntu1.2	amd64	e2fsprogs	libss2_1.45.5-2ubuntu1.2_amd64.deb	ap-northeast-2.ec2.archive.ubuntu.com		main	11312	ac845dc2baec699ac247b04f4cd501426db3f29b740109f2b2718afc5d52ce4b	http://ap-northeast-2.ec2.archive.ubuntu.com/ubuntu/pool/main/e/e2fsprogs/libss2_1.45.5-2ubuntu1.2_amd64.deb	http://ap-northeast-2.ec2.archive.ubuntu.com/ubuntu/pool/main/e/e2fsprogs/libss2_1.45.5-2ubuntu1.2_amd64.deb	true	true	true	proxy_access_log
bionic-to-focal	libquadmath0	10.5.0-1ubuntu1%7e20.04	amd64	libquadmath0	libquadmath0_10.5.0-1ubuntu1%7e20.04_amd64.deb	ap-northeast-2.ec2.archive.ubuntu.com		main	146072	f1ea3152a72eee554f71e07a2e7118898a7516eee7fd2c6b24c4b157a9271ba6	http://ap-northeast-2.ec2.archive.ubuntu.com/ubuntu/pool/main/g/gcc-10/libquadmath0_10.5.0-1ubuntu1%7e20.04_amd64.deb	http://ap-northeast-2.ec2.archive.ubuntu.com/ubuntu/pool/main/g/gcc-10/libquadmath0_10.5.0-1ubuntu1%7e20.04_amd64.deb	true	true	true	proxy_access_log
bionic-to-focal	libitm1	10.5.0-1ubuntu1%7e20.04	amd64	libitm1	libitm1_10.5.0-1ubuntu1%7e20.04_amd64.deb	ap-northeast-2.ec2.archive.ubuntu.com		main	26196	e2a4eb079a4df5e29bb07943f54837e706b4c055dd2eab8fed82f51e5006b8d1	http://ap-northeast-2.ec2.archive.ubuntu.com/ubuntu/pool/main/g/gcc-10/libitm1_10.5.0-1ubuntu1%7e20.04_amd64.deb	http://ap-northeast-2.ec2.archive.ubuntu.com/ubuntu/pool/main/g/gcc-10/libitm1_10.5.0-1ubuntu1%7e20.04_amd64.deb	true	true	true	proxy_access_log
bionic-to-focal	libmpx2	8.4.0-3ubuntu2	amd64	gcc-8	libmpx2_8.4.0-3ubuntu2_amd64.deb	ap-northeast-2.ec2.archive.ubuntu.com		universe	11780	9022934915c4ed8d39086f06a27a8c19be90436767f3b5dce88c9f7569e445bc	http://ap-northeast-2.ec2.archive.ubuntu.com/ubuntu/pool/universe/g/gcc-8/libmpx2_8.4.0-3ubuntu2_amd64.deb	http://ap-northeast-2.ec2.archive.ubuntu.com/ubuntu/pool/universe/g/gcc-8/libmpx2_8.4.0-3ubuntu2_amd64.deb	true	true	true	proxy_access_log
bionic-to-focal	liblsan0	10.5.0-1ubuntu1%7e20.04	amd64	liblsan0	liblsan0_10.5.0-1ubuntu1%7e20.04_amd64.deb	ap-northeast-2.ec2.archive.ubuntu.com		main	834856	b37c51fc350be9b657147b87be40f9da2e019ba9c1083c4726666b941f969ccb	http://ap-northeast-2.ec2.archive.ubuntu.com/ubuntu/pool/main/g/gcc-10/liblsan0_10.5.0-1ubuntu1%7e20.04_amd64.deb	http://ap-northeast-2.ec2.archive.ubuntu.com/ubuntu/pool/main/g/gcc-10/liblsan0_10.5.0-1ubuntu1%7e20.04_amd64.deb	true	true	true	proxy_access_log
bionic-to-focal	libtsan0	10.5.0-1ubuntu1%7e20.04	amd64	libtsan0	libtsan0_10.5.0-1ubuntu1%7e20.04_amd64.deb	ap-northeast-2.ec2.archive.ubuntu.com		main	2016388	beb24444d608f14bb40c36c7e6c100e7fbdf5bff555d32563bd33c2779ebe91a	http://ap-northeast-2.ec2.archive.ubuntu.com/ubuntu/pool/main/g/gcc-10/libtsan0_10.5.0-1ubuntu1%7e20.04_amd64.deb	http://ap-northeast-2.ec2.archive.ubuntu.com/ubuntu/pool/main/g/gcc-10/libtsan0_10.5.0-1ubuntu1%7e20.04_amd64.deb	true	true	true	proxy_access_log
bionic-to-focal	libcc1-0	10.5.0-1ubuntu1%7e20.04	amd64	libcc1-0	libcc1-0_10.5.0-1ubuntu1%7e20.04_amd64.deb	ap-northeast-2.ec2.archive.ubuntu.com		main	48832	b9b31f671eb35a20235b4478f232c2939a41737d12660b3b38e340b82a25a9b3	http://ap-northeast-2.ec2.archive.ubuntu.com/ubuntu/pool/main/g/gcc-10/libcc1-0_10.5.0-1ubuntu1%7e20.04_amd64.deb	http://ap-northeast-2.ec2.archive.ubuntu.com/ubuntu/pool/main/g/gcc-10/libcc1-0_10.5.0-1ubuntu1%7e20.04_amd64.deb	true	true	true	proxy_access_log
bionic-to-focal	libatomic1	10.5.0-1ubuntu1%7e20.04	amd64	libatomic1	libatomic1_10.5.0-1ubuntu1%7e20.04_amd64.deb	ap-northeast-2.ec2.archive.ubuntu.com		main	9284	29b19adba1cb79b0cbf905ee21cc68d3a88eadcd56c39d1a0b29c5a523b60557	http://ap-northeast-2.ec2.archive.ubuntu.com/ubuntu/pool/main/g/gcc-10/libatomic1_10.5.0-1ubuntu1%7e20.04_amd64.deb	http://ap-northeast-2.ec2.archive.ubuntu.com/ubuntu/pool/main/g/gcc-10/libatomic1_10.5.0-1ubuntu1%7e20.04_amd64.deb	true	true	true	proxy_access_log
bionic-to-focal	libgomp1	10.5.0-1ubuntu1%7e20.04	amd64	libgomp1	libgomp1_10.5.0-1ubuntu1%7e20.04_amd64.deb	ap-northeast-2.ec2.archive.ubuntu.com		main	101900	1748606410f62d406588ff7c84ec6e0664cca48d7ecac0b539fecd51ac2219bd	http://ap-northeast-2.ec2.archive.ubuntu.com/ubuntu/pool/main/g/gcc-10/libgomp1_10.5.0-1ubuntu1%7e20.04_amd64.deb	http://ap-northeast-2.ec2.archive.ubuntu.com/ubuntu/pool/main/g/gcc-10/libgomp1_10.5.0-1ubuntu1%7e20.04_amd64.deb	true	true	true	proxy_access_log
bionic-to-focal	gcc-8-base	8.4.0-3ubuntu2	amd64	gcc-8	gcc-8-base_8.4.0-3ubuntu2_amd64.deb	ap-northeast-2.ec2.archive.ubuntu.com		universe	18708	db96f03b486f76e2a49ed6c59365d1673b73c42bf172aaa29715478687d2ae6d	http://ap-northeast-2.ec2.archive.ubuntu.com/ubuntu/pool/universe/g/gcc-8/gcc-8-base_8.4.0-3ubuntu2_amd64.deb	http://ap-northeast-2.ec2.archive.ubuntu.com/ubuntu/pool/universe/g/gcc-8/gcc-8-base_8.4.0-3ubuntu2_amd64.deb	true	true	true	proxy_access_log
bionic-to-focal	libncurses5	6.2-0ubuntu2.1	amd64	ncurses	libncurses5_6.2-0ubuntu2.1_amd64.deb	ap-northeast-2.ec2.archive.ubuntu.com		universe	96868	3c55c751bcf3676538d3f24acf6f6f9d17fa23afe57fecfaf5853d8b391b0713	http://ap-northeast-2.ec2.archive.ubuntu.com/ubuntu/pool/universe/n/ncurses/libncurses5_6.2-0ubuntu2.1_amd64.deb	http://ap-northeast-2.ec2.archive.ubuntu.com/ubuntu/pool/universe/n/ncurses/libncurses5_6.2-0ubuntu2.1_amd64.deb	true	true	true	proxy_access_log
bionic-to-focal	libtinfo5	6.2-0ubuntu2.1	amd64	ncurses	libtinfo5_6.2-0ubuntu2.1_amd64.deb	ap-northeast-2.ec2.archive.ubuntu.com		universe	83400	d0f055e72d86aab0696cc993af790a78506419c18dc284cf04e7a7e96e0a7d7a	http://ap-northeast-2.ec2.archive.ubuntu.com/ubuntu/pool/universe/n/ncurses/libtinfo5_6.2-0ubuntu2.1_amd64.deb	http://ap-northeast-2.ec2.archive.ubuntu.com/ubuntu/pool/universe/n/ncurses/libtinfo5_6.2-0ubuntu2.1_amd64.deb	true	true	true	proxy_access_log
bionic-to-focal	libncursesw5	6.2-0ubuntu2.1	amd64	ncurses	libncursesw5_6.2-0ubuntu2.1_amd64.deb	ap-northeast-2.ec2.archive.ubuntu.com		universe	118964	fd4b3b14fa93e94344531d7d551f6dd75c3be88a574668af4adbcd83dca6dfe4	http://ap-northeast-2.ec2.archive.ubuntu.com/ubuntu/pool/universe/n/ncurses/libncursesw5_6.2-0ubuntu2.1_amd64.deb	http://ap-northeast-2.ec2.archive.ubuntu.com/ubuntu/pool/universe/n/ncurses/libncursesw5_6.2-0ubuntu2.1_amd64.deb	true	true	true	proxy_access_log
bionic-to-focal	mawk	1.3.4.20200120-2	amd64	mawk	mawk_1.3.4.20200120-2_amd64.deb	ap-northeast-2.ec2.archive.ubuntu.com		main	95992	79cb23a9c68a8e84db2788f821f4c85855f5bda8f56cf8d9e64fabe4593daced	http://ap-northeast-2.ec2.archive.ubuntu.com/ubuntu/pool/main/m/mawk/mawk_1.3.4.20200120-2_amd64.deb	http://ap-northeast-2.ec2.archive.ubuntu.com/ubuntu/pool/main/m/mawk/mawk_1.3.4.20200120-2_amd64.deb	true	true	true	proxy_access_log
bionic-to-focal	eject	2.1.5%2bdeb1%2bcvs20081104-14	amd64	eject	eject_2.1.5%2bdeb1%2bcvs20081104-14_amd64.deb	ap-northeast-2.ec2.archive.ubuntu.com		main	23760	affaf212c2836a9877ef1a7afc1ca1186c6441ef6c83871d84161299f061792c	http://ap-northeast-2.ec2.archive.ubuntu.com/ubuntu/pool/main/e/eject/eject_2.1.5%2bdeb1%2bcvs20081104-14_amd64.deb	http://ap-northeast-2.ec2.archive.ubuntu.com/ubuntu/pool/main/e/eject/eject_2.1.5%2bdeb1%2bcvs20081104-14_amd64.deb	true	true	true	proxy_access_log
bionic-to-focal	file	5.38-4	amd64	file	file_5.38-4_amd64.deb	ap-northeast-2.ec2.archive.ubuntu.com		main	23332	01e192c5bf0dd2a2f9ef8065c3c32a79caf61887d5c2a329723f2d8bbbc8b5a8	http://ap-northeast-2.ec2.archive.ubuntu.com/ubuntu/pool/main/f/file/file_5.38-4_amd64.deb	http://ap-northeast-2.ec2.archive.ubuntu.com/ubuntu/pool/main/f/file/file_5.38-4_amd64.deb	true	true	true	proxy_access_log
bionic-to-focal	libmagic1	5.38-4	amd64	libmagic1	libmagic1_5.38-4_amd64.deb	ap-northeast-2.ec2.archive.ubuntu.com		main	75852	371fe893393973bf2d0c4cc0cf00a1edce70779f4edbc00e442303db4ddda0eb	http://ap-northeast-2.ec2.archive.ubuntu.com/ubuntu/pool/main/f/file/libmagic1_5.38-4_amd64.deb	http://ap-northeast-2.ec2.archive.ubuntu.com/ubuntu/pool/main/f/file/libmagic1_5.38-4_amd64.deb	true	true	true	proxy_access_log
bionic-to-focal	libmagic-mgc	5.38-4	amd64	libmagic-mgc	libmagic-mgc_5.38-4_amd64.deb	ap-northeast-2.ec2.archive.ubuntu.com		main	218104	5eedb1499739fbc4df22d5347dfac620b919e7c271716f735c78f8f3c3fbd2f0	http://ap-northeast-2.ec2.archive.ubuntu.com/ubuntu/pool/main/f/file/libmagic-mgc_5.38-4_amd64.deb	http://ap-northeast-2.ec2.archive.ubuntu.com/ubuntu/pool/main/f/file/libmagic-mgc_5.38-4_amd64.deb	true	true	true	proxy_access_log
bionic-to-focal	iputils-ping	20190709-3ubuntu1	amd64	iputils-ping	iputils-ping_20190709-3ubuntu1_amd64.deb	ap-northeast-2.ec2.archive.ubuntu.com		main	40000	ce08339e42c42bd624113b5cbf33110797e0241bdb3e3b65c5fb7bb058bf7be0	http://ap-northeast-2.ec2.archive.ubuntu.com/ubuntu/pool/main/i/iputils/iputils-ping_20190709-3ubuntu1_amd64.deb	http://ap-northeast-2.ec2.archive.ubuntu.com/ubuntu/pool/main/i/iputils/iputils-ping_20190709-3ubuntu1_amd64.deb	true	true	true	proxy_access_log
bionic-to-focal	libisc-export1105	9.11.16%2bdfsg-3%7eubuntu1	amd64	libisc-export1105	libisc-export1105_9.11.16%2bdfsg-3%7eubuntu1_amd64.deb	ap-northeast-2.ec2.archive.ubuntu.com		main	174936	c8bb95650128ec4544a8e31dd6bef64d2506117d5797c77935c2937b027f147b	http://ap-northeast-2.ec2.archive.ubuntu.com/ubuntu/pool/main/b/bind9-libs/libisc-export1105_9.11.16%2bdfsg-3%7eubuntu1_amd64.deb	http://ap-northeast-2.ec2.archive.ubuntu.com/ubuntu/pool/main/b/bind9-libs/libisc-export1105_9.11.16%2bdfsg-3%7eubuntu1_amd64.deb	true	true	true	proxy_access_log
bionic-to-focal	libdns-export1109	9.11.16%2bdfsg-3%7eubuntu1	amd64	libdns-export1109	libdns-export1109_9.11.16%2bdfsg-3%7eubuntu1_amd64.deb	ap-northeast-2.ec2.archive.ubuntu.com		main	765124	29e79757137ca9475a1b7d7bab349817e9140aeaa4bb8ab9e5c898118dc1561a	http://ap-northeast-2.ec2.archive.ubuntu.com/ubuntu/pool/main/b/bind9-libs/libdns-export1109_9.11.16%2bdfsg-3%7eubuntu1_amd64.deb	http://ap-northeast-2.ec2.archive.ubuntu.com/ubuntu/pool/main/b/bind9-libs/libdns-export1109_9.11.16%2bdfsg-3%7eubuntu1_amd64.deb	true	true	true	proxy_access_log
bionic-to-focal	isc-dhcp-client	4.4.1-2.1ubuntu5.20.04.5	amd64	isc-dhcp	isc-dhcp-client_4.4.1-2.1ubuntu5.20.04.5_amd64.deb	ap-northeast-2.ec2.archive.ubuntu.com		main	246884	233297970bef848de3b0a326a6b598775478766561561482f3dc46e030f819e9	http://ap-northeast-2.ec2.archive.ubuntu.com/ubuntu/pool/main/i/isc-dhcp/isc-dhcp-client_4.4.1-2.1ubuntu5.20.04.5_amd64.deb	http://ap-northeast-2.ec2.archive.ubuntu.com/ubuntu/pool/main/i/isc-dhcp/isc-dhcp-client_4.4.1-2.1ubuntu5.20.04.5_amd64.deb	true	true	true	proxy_access_log
bionic-to-focal	isc-dhcp-common	4.4.1-2.1ubuntu5.20.04.5	amd64	isc-dhcp	isc-dhcp-common_4.4.1-2.1ubuntu5.20.04.5_amd64.deb	ap-northeast-2.ec2.archive.ubuntu.com		main	45264	bda5dcbe3f11fc5d6f7fabb16b06ff1831fd4a71f9d02b8da294f49e3483a936	http://ap-northeast-2.ec2.archive.ubuntu.com/ubuntu/pool/main/i/isc-dhcp/isc-dhcp-common_4.4.1-2.1ubuntu5.20.04.5_amd64.deb	http://ap-northeast-2.ec2.archive.ubuntu.com/ubuntu/pool/main/i/isc-dhcp/isc-dhcp-common_4.4.1-2.1ubuntu5.20.04.5_amd64.deb	true	true	true	proxy_access_log
bionic-to-focal	less	551-1ubuntu0.3	amd64	less	less_551-1ubuntu0.3_amd64.deb	ap-northeast-2.ec2.archive.ubuntu.com		main	123204	76c8b4d857eb689481dd38b97f94f459b6c8db1d07e09150a1b6c058786938de	http://ap-northeast-2.ec2.archive.ubuntu.com/ubuntu/pool/main/l/less/less_551-1ubuntu0.3_amd64.deb	http://ap-northeast-2.ec2.archive.ubuntu.com/ubuntu/pool/main/l/less/less_551-1ubuntu0.3_amd64.deb	true	true	true	proxy_access_log
bionic-to-focal	libatm1	2.5.1-4	amd64	libatm1	libatm1_2.5.1-4_amd64.deb	ap-northeast-2.ec2.archive.ubuntu.com		main	21808	667a0d6baa83371f6544d9d358312c268367bde1cc6dbaaa6e655ed993c0ff74	http://ap-northeast-2.ec2.archive.ubuntu.com/ubuntu/pool/main/l/linux-atm/libatm1_2.5.1-4_amd64.deb	http://ap-northeast-2.ec2.archive.ubuntu.com/ubuntu/pool/main/l/linux-atm/libatm1_2.5.1-4_amd64.deb	true	true	true	proxy_access_log
bionic-to-focal	libfribidi0	1.0.8-2ubuntu0.1	amd64	fribidi	libfribidi0_1.0.8-2ubuntu0.1_amd64.deb	ap-northeast-2.ec2.archive.ubuntu.com		main	24168	3c8b091cb092358ee1812473bb6da5447642005d9c5f0412d63c8f1e4a974e4d	http://ap-northeast-2.ec2.archive.ubuntu.com/ubuntu/pool/main/f/fribidi/libfribidi0_1.0.8-2ubuntu0.1_amd64.deb	http://ap-northeast-2.ec2.archive.ubuntu.com/ubuntu/pool/main/f/fribidi/libfribidi0_1.0.8-2ubuntu0.1_amd64.deb	true	true	true	proxy_access_log
bionic-to-focal	libnetplan0	0.104-0ubuntu2%7e20.04.6	amd64	libnetplan0	libnetplan0_0.104-0ubuntu2%7e20.04.6_amd64.deb	ap-northeast-2.ec2.archive.ubuntu.com		main	83260	932469f4243a1505863a927bcae74ba2014f5b46b8bfc3fc823c18fdd7798cb7	http://ap-northeast-2.ec2.archive.ubuntu.com/ubuntu/pool/main/n/netplan.io/libnetplan0_0.104-0ubuntu2%7e20.04.6_amd64.deb	http://ap-northeast-2.ec2.archive.ubuntu.com/ubuntu/pool/main/n/netplan.io/libnetplan0_0.104-0ubuntu2%7e20.04.6_amd64.deb	true	true	true	proxy_access_log
bionic-to-focal	logrotate	3.14.0-4ubuntu3	amd64	logrotate	logrotate_3.14.0-4ubuntu3_amd64.deb	ap-northeast-2.ec2.archive.ubuntu.com		main	44536	ba2b0ec4c730524deede0ff929fa66283f4bf6d76ea1de9d8fc48fa17a2309f4	http://ap-northeast-2.ec2.archive.ubuntu.com/ubuntu/pool/main/l/logrotate/logrotate_3.14.0-4ubuntu3_amd64.deb	http://ap-northeast-2.ec2.archive.ubuntu.com/ubuntu/pool/main/l/logrotate/logrotate_3.14.0-4ubuntu3_amd64.deb	true	true	true	proxy_access_log
bionic-to-focal	netcat-openbsd	1.206-1ubuntu1	amd64	netcat-openbsd	netcat-openbsd_1.206-1ubuntu1_amd64.deb	ap-northeast-2.ec2.archive.ubuntu.com		main	37788	1f32ddaaa011e7ced9bdc102c980671945121d5213585b8e09f3fee923a6c544	http://ap-northeast-2.ec2.archive.ubuntu.com/ubuntu/pool/main/n/netcat-openbsd/netcat-openbsd_1.206-1ubuntu1_amd64.deb	http://ap-northeast-2.ec2.archive.ubuntu.com/ubuntu/pool/main/n/netcat-openbsd/netcat-openbsd_1.206-1ubuntu1_amd64.deb	true	true	true	proxy_access_log
bionic-to-focal	netplan.io	0.104-0ubuntu2%7e20.04.6	amd64	netplan.io	netplan.io_0.104-0ubuntu2%7e20.04.6_amd64.deb	ap-northeast-2.ec2.archive.ubuntu.com		main	88564	1dc3b6438b9c2a0b16735a39c670e62c72030a7f098d151ab96dc472f4451e1a	http://ap-northeast-2.ec2.archive.ubuntu.com/ubuntu/pool/main/n/netplan.io/netplan.io_0.104-0ubuntu2%7e20.04.6_amd64.deb	http://ap-northeast-2.ec2.archive.ubuntu.com/ubuntu/pool/main/n/netplan.io/netplan.io_0.104-0ubuntu2%7e20.04.6_amd64.deb	true	true	true	proxy_access_log
bionic-to-focal	networkd-dispatcher	2.1-2%7eubuntu20.04.3	all	networkd-dispatcher	networkd-dispatcher_2.1-2%7eubuntu20.04.3_all.deb	ap-northeast-2.ec2.archive.ubuntu.com		main	15476	9ebc149cbb2420ede9b3690687a427b95271d637a8151410f04d4c430b005f91	http://ap-northeast-2.ec2.archive.ubuntu.com/ubuntu/pool/main/n/networkd-dispatcher/networkd-dispatcher_2.1-2%7eubuntu20.04.3_all.deb	http://ap-northeast-2.ec2.archive.ubuntu.com/ubuntu/pool/main/n/networkd-dispatcher/networkd-dispatcher_2.1-2%7eubuntu20.04.3_all.deb	true	true	true	proxy_access_log
bionic-to-focal	shared-mime-info	1.15-1	amd64	shared-mime-info	shared-mime-info_1.15-1_amd64.deb	ap-northeast-2.ec2.archive.ubuntu.com		main	430464	c9e67a8c8587045dcfd1327234c4ec4ebaff94cc725b8ce931c3415d0e1cc760	http://ap-northeast-2.ec2.archive.ubuntu.com/ubuntu/pool/main/s/shared-mime-info/shared-mime-info_1.15-1_amd64.deb	http://ap-northeast-2.ec2.archive.ubuntu.com/ubuntu/pool/main/s/shared-mime-info/shared-mime-info_1.15-1_amd64.deb	true	true	true	proxy_access_log
bionic-to-focal	sudo	1.8.31-1ubuntu1.5	amd64	sudo	sudo_1.8.31-1ubuntu1.5_amd64.deb	ap-northeast-2.ec2.archive.ubuntu.com		main	514648	0a115018c9d5341c4f4975e1a20877a2040d11b26fbe61b95045fa0da430e6f7	http://ap-northeast-2.ec2.archive.ubuntu.com/ubuntu/pool/main/s/sudo/sudo_1.8.31-1ubuntu1.5_amd64.deb	http://ap-northeast-2.ec2.archive.ubuntu.com/ubuntu/pool/main/s/sudo/sudo_1.8.31-1ubuntu1.5_amd64.deb	true	true	true	proxy_access_log
bionic-to-focal	ubuntu-minimal	1.450.3	amd64	ubuntu-meta	ubuntu-minimal_1.450.3_amd64.deb	ap-northeast-2.ec2.archive.ubuntu.com		main	3116	5fd7978c00409bc40cb0db295cf25ef0c9c055ab2f88fbee4aeae44c2761cb71	http://ap-northeast-2.ec2.archive.ubuntu.com/ubuntu/pool/main/u/ubuntu-meta/ubuntu-minimal_1.450.3_amd64.deb	http://ap-northeast-2.ec2.archive.ubuntu.com/ubuntu/pool/main/u/ubuntu-meta/ubuntu-minimal_1.450.3_amd64.deb	true	true	true	proxy_access_log
bionic-to-focal	xdg-user-dirs	0.17-2ubuntu1	amd64	xdg-user-dirs	xdg-user-dirs_0.17-2ubuntu1_amd64.deb	ap-northeast-2.ec2.archive.ubuntu.com		main	48284	c97b00710e70f799ff8a025fc779d69d095531b83b534ee644c3be502925c653	http://ap-northeast-2.ec2.archive.ubuntu.com/ubuntu/pool/main/x/xdg-user-dirs/xdg-user-dirs_0.17-2ubuntu1_amd64.deb	http://ap-northeast-2.ec2.archive.ubuntu.com/ubuntu/pool/main/x/xdg-user-dirs/xdg-user-dirs_0.17-2ubuntu1_amd64.deb	true	true	true	proxy_access_log
bionic-to-focal	bash-completion	2.10-1ubuntu1	all	bash-completion	bash-completion_2.10-1ubuntu1_all.deb	ap-northeast-2.ec2.archive.ubuntu.com		main	177752	65b7b824b86e6c270b134959de41c6328caf0c4378e34a65eaaf33fe72c3bbb6	http://ap-northeast-2.ec2.archive.ubuntu.com/ubuntu/pool/main/b/bash-completion/bash-completion_2.10-1ubuntu1_all.deb	http://ap-northeast-2.ec2.archive.ubuntu.com/ubuntu/pool/main/b/bash-completion/bash-completion_2.10-1ubuntu1_all.deb	true	true	true	proxy_access_log
bionic-to-focal	dnsutils	9.18.30-0ubuntu0.20.04.2	all	dnsutils	dnsutils_9.18.30-0ubuntu0.20.04.2_all.deb	ap-northeast-2.ec2.archive.ubuntu.com		universe	4056	36dbcc4eb50adc82ef8cb22fa6e4c8dc776014c2c26a96668b396322a008da8f	http://ap-northeast-2.ec2.archive.ubuntu.com/ubuntu/pool/universe/b/bind9/dnsutils_9.18.30-0ubuntu0.20.04.2_all.deb	http://ap-northeast-2.ec2.archive.ubuntu.com/ubuntu/pool/universe/b/bind9/dnsutils_9.18.30-0ubuntu0.20.04.2_all.deb	true	true	true	proxy_access_log
bionic-to-focal	libmaxminddb0	1.4.2-0ubuntu1.20.04.1	amd64	libmaxminddb	libmaxminddb0_1.4.2-0ubuntu1.20.04.1_amd64.deb	ap-northeast-2.ec2.archive.ubuntu.com		main	26232	35cb5067fb27c361f0bdeb2c25c80026c77fa0a6ed217412bf9793b531716285	http://ap-northeast-2.ec2.archive.ubuntu.com/ubuntu/pool/main/libm/libmaxminddb/libmaxminddb0_1.4.2-0ubuntu1.20.04.1_amd64.deb	http://ap-northeast-2.ec2.archive.ubuntu.com/ubuntu/pool/main/libm/libmaxminddb/libmaxminddb0_1.4.2-0ubuntu1.20.04.1_amd64.deb	true	true	true	proxy_access_log
bionic-to-focal	libuv1	1.34.2-1ubuntu1.5	amd64	libuv1	libuv1_1.34.2-1ubuntu1.5_amd64.deb	ap-northeast-2.ec2.archive.ubuntu.com		main	80852	ffd4cfb1de012ba44fa0f95a459a432773ee2cb0acff32d33a8b10a6bc6da615	http://ap-northeast-2.ec2.archive.ubuntu.com/ubuntu/pool/main/libu/libuv1/libuv1_1.34.2-1ubuntu1.5_amd64.deb	http://ap-northeast-2.ec2.archive.ubuntu.com/ubuntu/pool/main/libu/libuv1/libuv1_1.34.2-1ubuntu1.5_amd64.deb	true	true	true	proxy_access_log
bionic-to-focal	bind9-libs	9.18.30-0ubuntu0.20.04.2	amd64	bind9-libs	bind9-libs_9.18.30-0ubuntu0.20.04.2_amd64.deb	ap-northeast-2.ec2.archive.ubuntu.com		main	1154744	6f9705ededdcd7311ce880c6b08b08dd6f5c332ae69306a43fe895aced779d64	http://ap-northeast-2.ec2.archive.ubuntu.com/ubuntu/pool/main/b/bind9/bind9-libs_9.18.30-0ubuntu0.20.04.2_amd64.deb	http://ap-northeast-2.ec2.archive.ubuntu.com/ubuntu/pool/main/b/bind9/bind9-libs_9.18.30-0ubuntu0.20.04.2_amd64.deb	true	true	true	proxy_access_log
bionic-to-focal	bind9-host	9.18.30-0ubuntu0.20.04.2	amd64	bind9-host	bind9-host_9.18.30-0ubuntu0.20.04.2_amd64.deb	ap-northeast-2.ec2.archive.ubuntu.com		main	47780	68cf89efc4f9fb7a9a5c578b69e8c20b158de30d1736950a1a91c831622abb97	http://ap-northeast-2.ec2.archive.ubuntu.com/ubuntu/pool/main/b/bind9/bind9-host_9.18.30-0ubuntu0.20.04.2_amd64.deb	http://ap-northeast-2.ec2.archive.ubuntu.com/ubuntu/pool/main/b/bind9/bind9-host_9.18.30-0ubuntu0.20.04.2_amd64.deb	true	true	true	proxy_access_log
bionic-to-focal	bind9-dnsutils	9.18.30-0ubuntu0.20.04.2	amd64	bind9-dnsutils	bind9-dnsutils_9.18.30-0ubuntu0.20.04.2_amd64.deb	ap-northeast-2.ec2.archive.ubuntu.com		main	142192	a8a335397009373bc984040df6b4c78be3617813ba4db2f84207a0bf207266ba	http://ap-northeast-2.ec2.archive.ubuntu.com/ubuntu/pool/main/b/bind9/bind9-dnsutils_9.18.30-0ubuntu0.20.04.2_amd64.deb	http://ap-northeast-2.ec2.archive.ubuntu.com/ubuntu/pool/main/b/bind9/bind9-dnsutils_9.18.30-0ubuntu0.20.04.2_amd64.deb	true	true	true	proxy_access_log
bionic-to-focal	busybox-static	1.30.1-4ubuntu6.5	amd64	busybox-static	busybox-static_1.30.1-4ubuntu6.5_amd64.deb	ap-northeast-2.ec2.archive.ubuntu.com		main	949524	ee8329bac8054a83ba2e43d3b0e071303dc8ca52fa45479bda93ea3d01d578fd	http://ap-northeast-2.ec2.archive.ubuntu.com/ubuntu/pool/main/b/busybox/busybox-static_1.30.1-4ubuntu6.5_amd64.deb	http://ap-northeast-2.ec2.archive.ubuntu.com/ubuntu/pool/main/b/busybox/busybox-static_1.30.1-4ubuntu6.5_amd64.deb	true	true	true	proxy_access_log
bionic-to-focal	python3-gdbm	3.8.10-0ubuntu1%7e20.04	amd64	python3-gdbm	python3-gdbm_3.8.10-0ubuntu1%7e20.04_amd64.deb	ap-northeast-2.ec2.archive.ubuntu.com		main	15244	46b6acf0820ada6188105a97ce026879e3a9ab133a69ea12c067e1f2968e88eb	http://ap-northeast-2.ec2.archive.ubuntu.com/ubuntu/pool/main/p/python3-stdlib-extensions/python3-gdbm_3.8.10-0ubuntu1%7e20.04_amd64.deb	http://ap-northeast-2.ec2.archive.ubuntu.com/ubuntu/pool/main/p/python3-stdlib-extensions/python3-gdbm_3.8.10-0ubuntu1%7e20.04_amd64.deb	true	true	true	proxy_access_log
bionic-to-focal	command-not-found	20.04.6	all	command-not-found	command-not-found_20.04.6_all.deb	ap-northeast-2.ec2.archive.ubuntu.com		main	5264	09099bce2c66e45f87337a90faf3ac4bf9b206f5326a37aea19d6e23538ba01c	http://ap-northeast-2.ec2.archive.ubuntu.com/ubuntu/pool/main/c/command-not-found/command-not-found_20.04.6_all.deb	http://ap-northeast-2.ec2.archive.ubuntu.com/ubuntu/pool/main/c/command-not-found/command-not-found_20.04.6_all.deb	true	true	true	proxy_access_log
bionic-to-focal	python3-commandnotfound	20.04.6	all	command-not-found	python3-commandnotfound_20.04.6_all.deb	ap-northeast-2.ec2.archive.ubuntu.com		main	10400	5c8ebd427e390bcafcce6b8c9f8548b1b2e06a1463c92b5b339571efb40cd60f	http://ap-northeast-2.ec2.archive.ubuntu.com/ubuntu/pool/main/c/command-not-found/python3-commandnotfound_20.04.6_all.deb	http://ap-northeast-2.ec2.archive.ubuntu.com/ubuntu/pool/main/c/command-not-found/python3-commandnotfound_20.04.6_all.deb	true	true	true	proxy_access_log
bionic-to-focal	dmidecode	3.2-3	amd64	dmidecode	dmidecode_3.2-3_amd64.deb	ap-northeast-2.ec2.archive.ubuntu.com		main	59512	264d25853f28daa39f2067a93057dad9160aeca0a993b264c4850d7a6780c510	http://ap-northeast-2.ec2.archive.ubuntu.com/ubuntu/pool/main/d/dmidecode/dmidecode_3.2-3_amd64.deb	http://ap-northeast-2.ec2.archive.ubuntu.com/ubuntu/pool/main/d/dmidecode/dmidecode_3.2-3_amd64.deb	true	true	true	proxy_access_log
bionic-to-focal	dosfstools	4.1-2	amd64	dosfstools	dosfstools_4.1-2_amd64.deb	ap-northeast-2.ec2.archive.ubuntu.com		main	59004	58492d84924cee267cb3cba0e64e1241accde967748e6a1f31820fa74892ee32	http://ap-northeast-2.ec2.archive.ubuntu.com/ubuntu/pool/main/d/dosfstools/dosfstools_4.1-2_amd64.deb	http://ap-northeast-2.ec2.archive.ubuntu.com/ubuntu/pool/main/d/dosfstools/dosfstools_4.1-2_amd64.deb	true	true	true	proxy_access_log
bionic-to-focal	ed	1.16-1	amd64	ed	ed_1.16-1_amd64.deb	ap-northeast-2.ec2.archive.ubuntu.com		main	52100	90769258b4dbe9cb4f3180086371cef851b72356f518398d7113ae18130fc08f	http://ap-northeast-2.ec2.archive.ubuntu.com/ubuntu/pool/main/e/ed/ed_1.16-1_amd64.deb	http://ap-northeast-2.ec2.archive.ubuntu.com/ubuntu/pool/main/e/ed/ed_1.16-1_amd64.deb	true	true	true	proxy_access_log
bionic-to-focal	ftp	0.17-34.1	amd64	netkit-ftp	ftp_0.17-34.1_amd64.deb	ap-northeast-2.ec2.archive.ubuntu.com		main	56700	c068b7ff58d192d4fcda96ca1817b392f3d76f8e1a3dece46a6bc9ef013df367	http://ap-northeast-2.ec2.archive.ubuntu.com/ubuntu/pool/main/n/netkit-ftp/ftp_0.17-34.1_amd64.deb	http://ap-northeast-2.ec2.archive.ubuntu.com/ubuntu/pool/main/n/netkit-ftp/ftp_0.17-34.1_amd64.deb	true	true	true	proxy_access_log
bionic-to-focal	hdparm	9.58%2bds-4	amd64	hdparm	hdparm_9.58%2bds-4_amd64.deb	ap-northeast-2.ec2.archive.ubuntu.com		main	94804	4cab6d6498368f2447290fab792db29285a1b52a230ecf02e5a1d36911405db1	http://ap-northeast-2.ec2.archive.ubuntu.com/ubuntu/pool/main/h/hdparm/hdparm_9.58%2bds-4_amd64.deb	http://ap-northeast-2.ec2.archive.ubuntu.com/ubuntu/pool/main/h/hdparm/hdparm_9.58%2bds-4_amd64.deb	true	true	true	proxy_access_log
bionic-to-focal	info	6.7.0.dfsg.2-5	amd64	texinfo	info_6.7.0.dfsg.2-5_amd64.deb	ap-northeast-2.ec2.archive.ubuntu.com		main	202556	af402e2cecb7640daf9e7b5344cb551401d3759968fb3760fab800f9da649127	http://ap-northeast-2.ec2.archive.ubuntu.com/ubuntu/pool/main/t/texinfo/info_6.7.0.dfsg.2-5_amd64.deb	http://ap-northeast-2.ec2.archive.ubuntu.com/ubuntu/pool/main/t/texinfo/info_6.7.0.dfsg.2-5_amd64.deb	true	true	true	proxy_access_log
bionic-to-focal	iputils-tracepath	20190709-3ubuntu1	amd64	iputils-tracepath	iputils-tracepath_20190709-3ubuntu1_amd64.deb	ap-northeast-2.ec2.archive.ubuntu.com		main	20068	d5d3e6003afe440eae7ae042e5e8dad19a978c2de2c74984ecbb1172813d8556	http://ap-northeast-2.ec2.archive.ubuntu.com/ubuntu/pool/main/i/iputils/iputils-tracepath_20190709-3ubuntu1_amd64.deb	http://ap-northeast-2.ec2.archive.ubuntu.com/ubuntu/pool/main/i/iputils/iputils-tracepath_20190709-3ubuntu1_amd64.deb	true	true	true	proxy_access_log
bionic-to-focal	krb5-locales	1.17-6ubuntu4.11	all	krb5	krb5-locales_1.17-6ubuntu4.11_all.deb	ap-northeast-2.ec2.archive.ubuntu.com		main	11968	534ef9b831c47a1c986394878f5ac9321b2699e18e6308efb049f1df532cf3aa	http://ap-northeast-2.ec2.archive.ubuntu.com/ubuntu/pool/main/k/krb5/krb5-locales_1.17-6ubuntu4.11_all.deb	http://ap-northeast-2.ec2.archive.ubuntu.com/ubuntu/pool/main/k/krb5/krb5-locales_1.17-6ubuntu4.11_all.deb	true	true	true	proxy_access_log
bionic-to-focal	parted	3.3-4ubuntu0.20.04.1	amd64	parted	parted_3.3-4ubuntu0.20.04.1_amd64.deb	ap-northeast-2.ec2.archive.ubuntu.com		main	43304	4320fad4bdaaf6ae28f9fe928e90f85a48c0287fefd8da4dda72f2dfb8bb445f	http://ap-northeast-2.ec2.archive.ubuntu.com/ubuntu/pool/main/p/parted/parted_3.3-4ubuntu0.20.04.1_amd64.deb	http://ap-northeast-2.ec2.archive.ubuntu.com/ubuntu/pool/main/p/parted/parted_3.3-4ubuntu0.20.04.1_amd64.deb	true	true	true	proxy_access_log
bionic-to-focal	libparted2	3.3-4ubuntu0.20.04.1	amd64	parted	libparted2_3.3-4ubuntu0.20.04.1_amd64.deb	ap-northeast-2.ec2.archive.ubuntu.com		main	159060	82b5d0699ac7099ed7cfca3dfebbf0e551bada28efc754cab08d53b2530bba9d	http://ap-northeast-2.ec2.archive.ubuntu.com/ubuntu/pool/main/p/parted/libparted2_3.3-4ubuntu0.20.04.1_amd64.deb	http://ap-northeast-2.ec2.archive.ubuntu.com/ubuntu/pool/main/p/parted/libparted2_3.3-4ubuntu0.20.04.1_amd64.deb	true	true	true	proxy_access_log
bionic-to-focal	libpcap0.8	1.9.1-3ubuntu1.20.04.1	amd64	libpcap	libpcap0.8_1.9.1-3ubuntu1.20.04.1_amd64.deb	ap-northeast-2.ec2.archive.ubuntu.com		main	127832	483748d76176050d4be5ea47479173dfe8c3c5a8a9819033486c1228820fa1f2	http://ap-northeast-2.ec2.archive.ubuntu.com/ubuntu/pool/main/libp/libpcap/libpcap0.8_1.9.1-3ubuntu1.20.04.1_amd64.deb	http://ap-northeast-2.ec2.archive.ubuntu.com/ubuntu/pool/main/libp/libpcap/libpcap0.8_1.9.1-3ubuntu1.20.04.1_amd64.deb	true	true	true	proxy_access_log
bionic-to-focal	libplymouth5	0.9.4git20200323-0ubuntu6.2	amd64	plymouth	libplymouth5_0.9.4git20200323-0ubuntu6.2_amd64.deb	ap-northeast-2.ec2.archive.ubuntu.com		main	98592	dc99a77be54bc1d2962fe5abcb29d0b6ca20f37b84617bbcec861f7c7ec14b36	http://ap-northeast-2.ec2.archive.ubuntu.com/ubuntu/pool/main/p/plymouth/libplymouth5_0.9.4git20200323-0ubuntu6.2_amd64.deb	http://ap-northeast-2.ec2.archive.ubuntu.com/ubuntu/pool/main/p/plymouth/libplymouth5_0.9.4git20200323-0ubuntu6.2_amd64.deb	true	true	true	proxy_access_log
bionic-to-focal	libusb-1.0-0	1.0.23-2build1	amd64	libusb-1.0-0	libusb-1.0-0_1.0.23-2build1_amd64.deb	ap-northeast-2.ec2.archive.ubuntu.com		main	46488	97333d5deba0dc34a0f1663cdae2116001faf922d56d84b964e664a305f0d648	http://ap-northeast-2.ec2.archive.ubuntu.com/ubuntu/pool/main/libu/libusb-1.0/libusb-1.0-0_1.0.23-2build1_amd64.deb	http://ap-northeast-2.ec2.archive.ubuntu.com/ubuntu/pool/main/libu/libusb-1.0/libusb-1.0-0_1.0.23-2build1_amd64.deb	true	true	true	proxy_access_log
bionic-to-focal	libx11-data	1.6.9-2ubuntu1.6	all	libx11-data	libx11-data_1.6.9-2ubuntu1.6_all.deb	ap-northeast-2.ec2.archive.ubuntu.com		main	113552	45c1fac19a8b7cc08162d1c8f63e04251bb2d0c4ff5cb3969227bd6fe8c5293b	http://ap-northeast-2.ec2.archive.ubuntu.com/ubuntu/pool/main/libx/libx11/libx11-data_1.6.9-2ubuntu1.6_all.deb	http://ap-northeast-2.ec2.archive.ubuntu.com/ubuntu/pool/main/libx/libx11/libx11-data_1.6.9-2ubuntu1.6_all.deb	true	true	true	proxy_access_log
bionic-to-focal	libxau6	1.0.9-0ubuntu1	amd64	libxau6	libxau6_1.0.9-0ubuntu1_amd64.deb	ap-northeast-2.ec2.archive.ubuntu.com		main	7488	58a0d78302a35e4584f96cd598af16b563ae7aae4af589e2a7cee6dc6666d979	http://ap-northeast-2.ec2.archive.ubuntu.com/ubuntu/pool/main/libx/libxau/libxau6_1.0.9-0ubuntu1_amd64.deb	http://ap-northeast-2.ec2.archive.ubuntu.com/ubuntu/pool/main/libx/libxau/libxau6_1.0.9-0ubuntu1_amd64.deb	true	true	true	proxy_access_log
bionic-to-focal	libxdmcp6	1.1.3-0ubuntu1	amd64	libxdmcp6	libxdmcp6_1.1.3-0ubuntu1_amd64.deb	ap-northeast-2.ec2.archive.ubuntu.com		main	10580	8a612b0fb60a41b92698f87258bc5ec6467da88e38d3de79411e02921c42af87	http://ap-northeast-2.ec2.archive.ubuntu.com/ubuntu/pool/main/libx/libxdmcp/libxdmcp6_1.1.3-0ubuntu1_amd64.deb	http://ap-northeast-2.ec2.archive.ubuntu.com/ubuntu/pool/main/libx/libxdmcp/libxdmcp6_1.1.3-0ubuntu1_amd64.deb	true	true	true	proxy_access_log
bionic-to-focal	libxcb1	1.14-2	amd64	libxcb	libxcb1_1.14-2_amd64.deb	ap-northeast-2.ec2.archive.ubuntu.com		main	44652	3fcab5cc6a70bcb1e4157748f9c626be21bc18b4c8459447e4c213cba98b9831	http://ap-northeast-2.ec2.archive.ubuntu.com/ubuntu/pool/main/libx/libxcb/libxcb1_1.14-2_amd64.deb	http://ap-northeast-2.ec2.archive.ubuntu.com/ubuntu/pool/main/libx/libxcb/libxcb1_1.14-2_amd64.deb	true	true	true	proxy_access_log
bionic-to-focal	libx11-6	1.6.9-2ubuntu1.6	amd64	libx11-6	libx11-6_1.6.9-2ubuntu1.6_amd64.deb	ap-northeast-2.ec2.archive.ubuntu.com		main	576536	20d7c0a8ea7a138d49d777a5db8e652071a3c47c78136450ec7417b5232b84ac	http://ap-northeast-2.ec2.archive.ubuntu.com/ubuntu/pool/main/libx/libx11/libx11-6_1.6.9-2ubuntu1.6_amd64.deb	http://ap-northeast-2.ec2.archive.ubuntu.com/ubuntu/pool/main/libx/libx11/libx11-6_1.6.9-2ubuntu1.6_amd64.deb	true	true	true	proxy_access_log
bionic-to-focal	libxext6	1.3.4-0ubuntu1	amd64	libxext6	libxext6_1.3.4-0ubuntu1_amd64.deb	ap-northeast-2.ec2.archive.ubuntu.com		main	29060	a3c546490c0ae0f9247cf8f2919fc7b99b386a538ac91ae48a4ebb96a2a69834	http://ap-northeast-2.ec2.archive.ubuntu.com/ubuntu/pool/main/libx/libxext/libxext6_1.3.4-0ubuntu1_amd64.deb	http://ap-northeast-2.ec2.archive.ubuntu.com/ubuntu/pool/main/libx/libxext/libxext6_1.3.4-0ubuntu1_amd64.deb	true	true	true	proxy_access_log
bionic-to-focal	libxmuu1	1.1.3-0ubuntu1	amd64	libxmuu1	libxmuu1_1.1.3-0ubuntu1_amd64.deb	ap-northeast-2.ec2.archive.ubuntu.com		main	9728	f5fa33a35f3ebd2186eb0565e349aa3dc96cbecb245f77c96103758e37c67adf	http://ap-northeast-2.ec2.archive.ubuntu.com/ubuntu/pool/main/libx/libxmu/libxmuu1_1.1.3-0ubuntu1_amd64.deb	http://ap-northeast-2.ec2.archive.ubuntu.com/ubuntu/pool/main/libx/libxmu/libxmuu1_1.1.3-0ubuntu1_amd64.deb	true	true	true	proxy_access_log
bionic-to-focal	lshw	02.18.85-0.3ubuntu2.20.04.1	amd64	lshw	lshw_02.18.85-0.3ubuntu2.20.04.1_amd64.deb	ap-northeast-2.ec2.archive.ubuntu.com		main	270992	19182190bd2cf241c1c54415e50b6ec4ebc4a56c043859986e601fa2e858f5e6	http://ap-northeast-2.ec2.archive.ubuntu.com/ubuntu/pool/main/l/lshw/lshw_02.18.85-0.3ubuntu2.20.04.1_amd64.deb	http://ap-northeast-2.ec2.archive.ubuntu.com/ubuntu/pool/main/l/lshw/lshw_02.18.85-0.3ubuntu2.20.04.1_amd64.deb	true	true	true	proxy_access_log
bionic-to-focal	lsof	4.93.2%2bdfsg-1ubuntu0.20.04.1	amd64	lsof	lsof_4.93.2%2bdfsg-1ubuntu0.20.04.1_amd64.deb	ap-northeast-2.ec2.archive.ubuntu.com		main	252296	03e498926886d3910b57607a7a0768e4c7121a726094f737c543c8632cc7c0d8	http://ap-northeast-2.ec2.archive.ubuntu.com/ubuntu/pool/main/l/lsof/lsof_4.93.2%2bdfsg-1ubuntu0.20.04.1_amd64.deb	http://ap-northeast-2.ec2.archive.ubuntu.com/ubuntu/pool/main/l/lsof/lsof_4.93.2%2bdfsg-1ubuntu0.20.04.1_amd64.deb	true	true	true	proxy_access_log
bionic-to-focal	ltrace	0.7.3-6.1ubuntu1.1	amd64	ltrace	ltrace_0.7.3-6.1ubuntu1.1_amd64.deb	ap-northeast-2.ec2.archive.ubuntu.com		main	123132	1b321782593fc811ae24df34f263318f1fba3ac53c31b7b6ebafbf8dd425a40e	http://ap-northeast-2.ec2.archive.ubuntu.com/ubuntu/pool/main/l/ltrace/ltrace_0.7.3-6.1ubuntu1.1_amd64.deb	http://ap-northeast-2.ec2.archive.ubuntu.com/ubuntu/pool/main/l/ltrace/ltrace_0.7.3-6.1ubuntu1.1_amd64.deb	true	true	true	proxy_access_log
bionic-to-focal	mtr-tiny	0.93-1	amd64	mtr	mtr-tiny_0.93-1_amd64.deb	ap-northeast-2.ec2.archive.ubuntu.com		main	53372	a418b4c59959eb5e7e9a86b8883cd489af83a9364096560dccd02e099e4d015d	http://ap-northeast-2.ec2.archive.ubuntu.com/ubuntu/pool/main/m/mtr/mtr-tiny_0.93-1_amd64.deb	http://ap-northeast-2.ec2.archive.ubuntu.com/ubuntu/pool/main/m/mtr/mtr-tiny_0.93-1_amd64.deb	true	true	true	proxy_access_log
bionic-to-focal	nano	4.8-1ubuntu1.1	amd64	nano	nano_4.8-1ubuntu1.1_amd64.deb	ap-northeast-2.ec2.archive.ubuntu.com		main	269460	d0ca3dab91dfb0055e040d2b9168c76f5457b9681961b611c7eeb6f448022ef6	http://ap-northeast-2.ec2.archive.ubuntu.com/ubuntu/pool/main/n/nano/nano_4.8-1ubuntu1.1_amd64.deb	http://ap-northeast-2.ec2.archive.ubuntu.com/ubuntu/pool/main/n/nano/nano_4.8-1ubuntu1.1_amd64.deb	true	true	true	proxy_access_log
bionic-to-focal	plymouth-theme-ubuntu-text	0.9.4git20200323-0ubuntu6.2	amd64	plymouth	plymouth-theme-ubuntu-text_0.9.4git20200323-0ubuntu6.2_amd64.deb	ap-northeast-2.ec2.archive.ubuntu.com		main	9504	f7aa8b36a04088b0e068708d9692754540469951c4304b1d6fe85826c1282b6e	http://ap-northeast-2.ec2.archive.ubuntu.com/ubuntu/pool/main/p/plymouth/plymouth-theme-ubuntu-text_0.9.4git20200323-0ubuntu6.2_amd64.deb	http://ap-northeast-2.ec2.archive.ubuntu.com/ubuntu/pool/main/p/plymouth/plymouth-theme-ubuntu-text_0.9.4git20200323-0ubuntu6.2_amd64.deb	true	true	true	proxy_access_log
bionic-to-focal	plymouth	0.9.4git20200323-0ubuntu6.2	amd64	plymouth	plymouth_0.9.4git20200323-0ubuntu6.2_amd64.deb	ap-northeast-2.ec2.archive.ubuntu.com		main	117744	f8b731eb90fa9871bd1b2a91a5d79070f26842051c21e1a1039c5b34ce33fccb	http://ap-northeast-2.ec2.archive.ubuntu.com/ubuntu/pool/main/p/plymouth/plymouth_0.9.4git20200323-0ubuntu6.2_amd64.deb	http://ap-northeast-2.ec2.archive.ubuntu.com/ubuntu/pool/main/p/plymouth/plymouth_0.9.4git20200323-0ubuntu6.2_amd64.deb	true	true	true	proxy_access_log
bionic-to-focal	powermgmt-base	1.36	all	powermgmt-base	powermgmt-base_1.36_all.deb	ap-northeast-2.ec2.archive.ubuntu.com		main	7000	cc4b3fc20882645e2362eca36c89ced681d1dfb41f00767eb0f5c0b1fe04f107	http://ap-northeast-2.ec2.archive.ubuntu.com/ubuntu/pool/main/p/powermgmt-base/powermgmt-base_1.36_all.deb	http://ap-northeast-2.ec2.archive.ubuntu.com/ubuntu/pool/main/p/powermgmt-base/powermgmt-base_1.36_all.deb	true	true	true	proxy_access_log
bionic-to-focal	psmisc	23.3-1	amd64	psmisc	psmisc_23.3-1_amd64.deb	ap-northeast-2.ec2.archive.ubuntu.com		main	53300	72c43a4bf46c4aeee5fdab5af47b7c2bbfdb5be1b8388e90b864e5c0c4a8d3f6	http://ap-northeast-2.ec2.archive.ubuntu.com/ubuntu/pool/main/p/psmisc/psmisc_23.3-1_amd64.deb	http://ap-northeast-2.ec2.archive.ubuntu.com/ubuntu/pool/main/p/psmisc/psmisc_23.3-1_amd64.deb	true	true	true	proxy_access_log
bionic-to-focal	publicsuffix	20200303.0012-1	all	publicsuffix	publicsuffix_20200303.0012-1_all.deb	ap-northeast-2.ec2.archive.ubuntu.com		main	111036	88f62b0f94c0969b3cb1d0fb97b7c8ce50fdae674afa14a127136e3d7a494db6	http://ap-northeast-2.ec2.archive.ubuntu.com/ubuntu/pool/main/p/publicsuffix/publicsuffix_20200303.0012-1_all.deb	http://ap-northeast-2.ec2.archive.ubuntu.com/ubuntu/pool/main/p/publicsuffix/publicsuffix_20200303.0012-1_all.deb	true	true	true	proxy_access_log
bionic-to-focal	libunwind8	1.2.1-9ubuntu0.1	amd64	libunwind	libunwind8_1.2.1-9ubuntu0.1_amd64.deb	ap-northeast-2.ec2.archive.ubuntu.com		main	47680	269f62bfb9fc6d7e5bbfb600b8f688e2d94099ff9dc0fddc28351330915212d1	http://ap-northeast-2.ec2.archive.ubuntu.com/ubuntu/pool/main/libu/libunwind/libunwind8_1.2.1-9ubuntu0.1_amd64.deb	http://ap-northeast-2.ec2.archive.ubuntu.com/ubuntu/pool/main/libu/libunwind/libunwind8_1.2.1-9ubuntu0.1_amd64.deb	true	true	true	proxy_access_log
bionic-to-focal	strace	5.5-3ubuntu1	amd64	strace	strace_5.5-3ubuntu1_amd64.deb	ap-northeast-2.ec2.archive.ubuntu.com		main	380004	7ea34fe9db8b7d0fb3aeaf4c62d1146bef2ad5b9beb936c47070f2f3cbdd5988	http://ap-northeast-2.ec2.archive.ubuntu.com/ubuntu/pool/main/s/strace/strace_5.5-3ubuntu1_amd64.deb	http://ap-northeast-2.ec2.archive.ubuntu.com/ubuntu/pool/main/s/strace/strace_5.5-3ubuntu1_amd64.deb	true	true	true	proxy_access_log
bionic-to-focal	tcpdump	4.9.3-4ubuntu0.3	amd64	tcpdump	tcpdump_4.9.3-4ubuntu0.3_amd64.deb	ap-northeast-2.ec2.archive.ubuntu.com		main	369540	d419f576eb984ee917d146dd9b76080340533152049c26817a0404287d4a7f79	http://ap-northeast-2.ec2.archive.ubuntu.com/ubuntu/pool/main/t/tcpdump/tcpdump_4.9.3-4ubuntu0.3_amd64.deb	http://ap-northeast-2.ec2.archive.ubuntu.com/ubuntu/pool/main/t/tcpdump/tcpdump_4.9.3-4ubuntu0.3_amd64.deb	true	true	true	proxy_access_log
bionic-to-focal	telnet	0.17-41.2build1	amd64	netkit-telnet	telnet_0.17-41.2build1_amd64.deb	ap-northeast-2.ec2.archive.ubuntu.com		main	64016	65e6bf503f79c257f2e8d9111b12ec16725f7810424334f83dcb0cdc1f7d9d09	http://ap-northeast-2.ec2.archive.ubuntu.com/ubuntu/pool/main/n/netkit-telnet/telnet_0.17-41.2build1_amd64.deb	http://ap-northeast-2.ec2.archive.ubuntu.com/ubuntu/pool/main/n/netkit-telnet/telnet_0.17-41.2build1_amd64.deb	true	true	true	proxy_access_log
bionic-to-focal	usbutils	012-2	amd64	usbutils	usbutils_012-2_amd64.deb	ap-northeast-2.ec2.archive.ubuntu.com		main	72856	2b9977f32325f0390747cf05a903f4d43487c6a3fe37ba635806e04815225778	http://ap-northeast-2.ec2.archive.ubuntu.com/ubuntu/pool/main/u/usbutils/usbutils_012-2_amd64.deb	http://ap-northeast-2.ec2.archive.ubuntu.com/ubuntu/pool/main/u/usbutils/usbutils_012-2_amd64.deb	true	true	true	proxy_access_log
bionic-to-focal	usb.ids	2020.03.19-1	all	usb.ids	usb.ids_2020.03.19-1_all.deb	ap-northeast-2.ec2.archive.ubuntu.com		main	176040	62f8fb781e69e492123d2d24de6c78ea99db76f36bd94c119c8ee7cd7862149f	http://ap-northeast-2.ec2.archive.ubuntu.com/ubuntu/pool/main/u/usb.ids/usb.ids_2020.03.19-1_all.deb	http://ap-northeast-2.ec2.archive.ubuntu.com/ubuntu/pool/main/u/usb.ids/usb.ids_2020.03.19-1_all.deb	true	true	true	proxy_access_log
bionic-to-focal	wget	1.20.3-1ubuntu2.1	amd64	wget	wget_1.20.3-1ubuntu2.1_amd64.deb	ap-northeast-2.ec2.archive.ubuntu.com		main	348704	601941f20af962a96c02bccef4f65c8eac6cdeb3178c0444fb3cc90d727c74a2	http://ap-northeast-2.ec2.archive.ubuntu.com/ubuntu/pool/main/w/wget/wget_1.20.3-1ubuntu2.1_amd64.deb	http://ap-northeast-2.ec2.archive.ubuntu.com/ubuntu/pool/main/w/wget/wget_1.20.3-1ubuntu2.1_amd64.deb	true	true	true	proxy_access_log
bionic-to-focal	ubuntu-standard	1.450.3	amd64	ubuntu-meta	ubuntu-standard_1.450.3_amd64.deb	ap-northeast-2.ec2.archive.ubuntu.com		main	3156	16f30f7af703534cdce0913bf9b868ef8a8b5e30206f65f774095365b90c8650	http://ap-northeast-2.ec2.archive.ubuntu.com/ubuntu/pool/main/u/ubuntu-meta/ubuntu-standard_1.450.3_amd64.deb	http://ap-northeast-2.ec2.archive.ubuntu.com/ubuntu/pool/main/u/ubuntu-meta/ubuntu-standard_1.450.3_amd64.deb	true	true	true	proxy_access_log
bionic-to-focal	ufw	0.36-6ubuntu1.1	all	ufw	ufw_0.36-6ubuntu1.1_all.deb	ap-northeast-2.ec2.archive.ubuntu.com		main	147524	5c3fe07ea7a63eb74178240353bde93947fd31170518feecd20c337c6fb8a455	http://ap-northeast-2.ec2.archive.ubuntu.com/ubuntu/pool/main/u/ufw/ufw_0.36-6ubuntu1.1_all.deb	http://ap-northeast-2.ec2.archive.ubuntu.com/ubuntu/pool/main/u/ufw/ufw_0.36-6ubuntu1.1_all.deb	true	true	true	proxy_access_log
bionic-to-focal	xauth	1.1-0ubuntu1	amd64	xauth	xauth_1.1-0ubuntu1_amd64.deb	ap-northeast-2.ec2.archive.ubuntu.com		main	24996	d35a2e55ae4ce9d74c5c83e993e3f4bee9cec8f9693398c641d633537207e9e9	http://ap-northeast-2.ec2.archive.ubuntu.com/ubuntu/pool/main/x/xauth/xauth_1.1-0ubuntu1_amd64.deb	http://ap-northeast-2.ec2.archive.ubuntu.com/ubuntu/pool/main/x/xauth/xauth_1.1-0ubuntu1_amd64.deb	true	true	true	proxy_access_log
bionic-to-focal	alsa-topology-conf	1.2.2-1	all	alsa-topology-conf	alsa-topology-conf_1.2.2-1_all.deb	ap-northeast-2.ec2.archive.ubuntu.com		main	7364	c52ee85204e0840d133acec6b0b305411ef9815e029c5fb6b3ba54d5da052f5c	http://ap-northeast-2.ec2.archive.ubuntu.com/ubuntu/pool/main/a/alsa-topology-conf/alsa-topology-conf_1.2.2-1_all.deb	http://ap-northeast-2.ec2.archive.ubuntu.com/ubuntu/pool/main/a/alsa-topology-conf/alsa-topology-conf_1.2.2-1_all.deb	true	true	true	proxy_access_log
bionic-to-focal	alsa-ucm-conf	1.2.2-1ubuntu0.13	all	alsa-ucm-conf	alsa-ucm-conf_1.2.2-1ubuntu0.13_all.deb	ap-northeast-2.ec2.archive.ubuntu.com		main	26956	0ab66cfc307c34a38c096958aec8f6ac03641adf5953412b4247f52580b26685	http://ap-northeast-2.ec2.archive.ubuntu.com/ubuntu/pool/main/a/alsa-ucm-conf/alsa-ucm-conf_1.2.2-1ubuntu0.13_all.deb	http://ap-northeast-2.ec2.archive.ubuntu.com/ubuntu/pool/main/a/alsa-ucm-conf/alsa-ucm-conf_1.2.2-1ubuntu0.13_all.deb	true	true	true	proxy_access_log
bionic-to-focal	python3-jinja2	2.10.1-2ubuntu0.6	all	jinja2	python3-jinja2_2.10.1-2ubuntu0.6_all.deb	ap-northeast-2.ec2.archive.ubuntu.com		main	96336	9a10823dc969798446e9705c33d8c660ea1e9bf8397c3025c4e2d19fe2240148	http://ap-northeast-2.ec2.archive.ubuntu.com/ubuntu/pool/main/j/jinja2/python3-jinja2_2.10.1-2ubuntu0.6_all.deb	http://ap-northeast-2.ec2.archive.ubuntu.com/ubuntu/pool/main/j/jinja2/python3-jinja2_2.10.1-2ubuntu0.6_all.deb	true	true	true	proxy_access_log
bionic-to-focal	python3-crypto	2.6.1-13ubuntu2	amd64	python-crypto	python3-crypto_2.6.1-13ubuntu2_amd64.deb	ap-northeast-2.ec2.archive.ubuntu.com		main	237348	b005d827bded5be487b3d0f0210cb77ccec254c1196c152e11d46d173019da9a	http://ap-northeast-2.ec2.archive.ubuntu.com/ubuntu/pool/main/p/python-crypto/python3-crypto_2.6.1-13ubuntu2_amd64.deb	http://ap-northeast-2.ec2.archive.ubuntu.com/ubuntu/pool/main/p/python-crypto/python3-crypto_2.6.1-13ubuntu2_amd64.deb	true	true	true	proxy_access_log
bionic-to-focal	python3-dnspython	1.16.0-1ubuntu1	all	dnspython	python3-dnspython_1.16.0-1ubuntu1_all.deb	ap-northeast-2.ec2.archive.ubuntu.com		main	89240	1ccaca56fe1b35626e01642f3ddf0f7d4a50e6f08583f99800f2235b7da8cedb	http://ap-northeast-2.ec2.archive.ubuntu.com/ubuntu/pool/main/d/dnspython/python3-dnspython_1.16.0-1ubuntu1_all.deb	http://ap-northeast-2.ec2.archive.ubuntu.com/ubuntu/pool/main/d/dnspython/python3-dnspython_1.16.0-1ubuntu1_all.deb	true	true	true	proxy_access_log
bionic-to-focal	ieee-data	20180805.1	all	ieee-data	ieee-data_20180805.1_all.deb	ap-northeast-2.ec2.archive.ubuntu.com		main	1588948	fc60ab24816a8b0440851f03aa0365955285d6dde745edf08b55e34fccb85318	http://ap-northeast-2.ec2.archive.ubuntu.com/ubuntu/pool/main/i/ieee-data/ieee-data_20180805.1_all.deb	http://ap-northeast-2.ec2.archive.ubuntu.com/ubuntu/pool/main/i/ieee-data/ieee-data_20180805.1_all.deb	true	true	true	proxy_access_log
bionic-to-focal	python3-netaddr	0.7.19-3ubuntu1	all	python-netaddr	python3-netaddr_0.7.19-3ubuntu1_all.deb	ap-northeast-2.ec2.archive.ubuntu.com		main	235780	62d8a66c098f225cbb840029b6dc35c65ed365c57b03ecac7e311efa244c081a	http://ap-northeast-2.ec2.archive.ubuntu.com/ubuntu/pool/main/p/python-netaddr/python3-netaddr_0.7.19-3ubuntu1_all.deb	http://ap-northeast-2.ec2.archive.ubuntu.com/ubuntu/pool/main/p/python-netaddr/python3-netaddr_0.7.19-3ubuntu1_all.deb	true	true	true	proxy_access_log
bionic-to-focal	ansible	2.9.6%2bdfsg-1	all	ansible	ansible_2.9.6%2bdfsg-1_all.deb	ap-northeast-2.ec2.archive.ubuntu.com		universe	5794032	aaa666e6d3c37bb6fc1d71cb4e1b3020fa02f9981bfa62ed2d38aa2d69547748	http://ap-northeast-2.ec2.archive.ubuntu.com/ubuntu/pool/universe/a/ansible/ansible_2.9.6%2bdfsg-1_all.deb	http://ap-northeast-2.ec2.archive.ubuntu.com/ubuntu/pool/universe/a/ansible/ansible_2.9.6%2bdfsg-1_all.deb	true	true	true	proxy_access_log
bionic-to-focal	libaprutil1	1.6.1-4ubuntu2.2	amd64	apr-util	libaprutil1_1.6.1-4ubuntu2.2_amd64.deb	ap-northeast-2.ec2.archive.ubuntu.com		main	85136	2dc8b2b0205afe95cf1dd6e90cb8d5b36f7741525fb14938b6b09113d5281ccb	http://ap-northeast-2.ec2.archive.ubuntu.com/ubuntu/pool/main/a/apr-util/libaprutil1_1.6.1-4ubuntu2.2_amd64.deb	http://ap-northeast-2.ec2.archive.ubuntu.com/ubuntu/pool/main/a/apr-util/libaprutil1_1.6.1-4ubuntu2.2_amd64.deb	true	true	true	proxy_access_log
bionic-to-focal	libapr1	1.6.5-1ubuntu1.1	amd64	apr	libapr1_1.6.5-1ubuntu1.1_amd64.deb	ap-northeast-2.ec2.archive.ubuntu.com		main	91460	be7ddfc8d7bb509f290672b2ba323650cbfa3adad84358d0eadc90fafb7c36c0	http://ap-northeast-2.ec2.archive.ubuntu.com/ubuntu/pool/main/a/apr/libapr1_1.6.5-1ubuntu1.1_amd64.deb	http://ap-northeast-2.ec2.archive.ubuntu.com/ubuntu/pool/main/a/apr/libapr1_1.6.5-1ubuntu1.1_amd64.deb	true	true	true	proxy_access_log
bionic-to-focal	apache2-utils	2.4.41-4ubuntu3.23	amd64	apache2	apache2-utils_2.4.41-4ubuntu3.23_amd64.deb	ap-northeast-2.ec2.archive.ubuntu.com		main	84396	60097a875c778228275d9ff1dfda76506c7cce633d83c1197e70aa92994780c8	http://ap-northeast-2.ec2.archive.ubuntu.com/ubuntu/pool/main/a/apache2/apache2-utils_2.4.41-4ubuntu3.23_amd64.deb	http://ap-northeast-2.ec2.archive.ubuntu.com/ubuntu/pool/main/a/apache2/apache2-utils_2.4.41-4ubuntu3.23_amd64.deb	true	true	true	proxy_access_log
bionic-to-focal	apport-symptoms	0.23	all	apport-symptoms	apport-symptoms_0.23_all.deb	ap-northeast-2.ec2.archive.ubuntu.com		main	13528	da7c42ffebdf02f3021382d38eba66ffa66189c870bd9d6a0570915d59030af5	http://ap-northeast-2.ec2.archive.ubuntu.com/ubuntu/pool/main/a/apport-symptoms/apport-symptoms_0.23_all.deb	http://ap-northeast-2.ec2.archive.ubuntu.com/ubuntu/pool/main/a/apport-symptoms/apport-symptoms_0.23_all.deb	true	true	true	proxy_access_log
bionic-to-focal	apt-transport-https	2.0.11	all	apt	apt-transport-https_2.0.11_all.deb	ap-northeast-2.ec2.archive.ubuntu.com		universe	1704	36485efc820cdb92fd99bbd0ae40599773d1a913757c70c5a08a66ae40f14c14	http://ap-northeast-2.ec2.archive.ubuntu.com/ubuntu/pool/universe/a/apt/apt-transport-https_2.0.11_all.deb	http://ap-northeast-2.ec2.archive.ubuntu.com/ubuntu/pool/universe/a/apt/apt-transport-https_2.0.11_all.deb	true	true	true	proxy_access_log
bionic-to-focal	bc	1.07.1-2build1	amd64	bc	bc_1.07.1-2build1_amd64.deb	ap-northeast-2.ec2.archive.ubuntu.com		main	86272	6c2717b8efeb517b2a29a3d899cdca495a7ecdbbb5d204a08d28920db51c5050	http://ap-northeast-2.ec2.archive.ubuntu.com/ubuntu/pool/main/b/bc/bc_1.07.1-2build1_amd64.deb	http://ap-northeast-2.ec2.archive.ubuntu.com/ubuntu/pool/main/b/bc/bc_1.07.1-2build1_amd64.deb	true	true	true	proxy_access_log
bionic-to-focal	bolt	0.9.1-2%7eubuntu20.04.2	amd64	bolt	bolt_0.9.1-2%7eubuntu20.04.2_amd64.deb	ap-northeast-2.ec2.archive.ubuntu.com		main	142832	2d1fa7cbc0492d6ec008b9db9204686c59546e96f32f6fbc48b2222e21cc6781	http://ap-northeast-2.ec2.archive.ubuntu.com/ubuntu/pool/main/b/bolt/bolt_0.9.1-2%7eubuntu20.04.2_amd64.deb	http://ap-northeast-2.ec2.archive.ubuntu.com/ubuntu/pool/main/b/bolt/bolt_0.9.1-2%7eubuntu20.04.2_amd64.deb	true	true	true	proxy_access_log
bionic-to-focal	gcc-9-base	9.4.0-1ubuntu1%7e20.04.2	amd64	gcc-9-base	gcc-9-base_9.4.0-1ubuntu1%7e20.04.2_amd64.deb	ap-northeast-2.ec2.archive.ubuntu.com		main	18896	7fb8300b83b99d2b65d8ccbf69119829789bc4204c450eb94cc6f666e3b4254e	http://ap-northeast-2.ec2.archive.ubuntu.com/ubuntu/pool/main/g/gcc-9/gcc-9-base_9.4.0-1ubuntu1%7e20.04.2_amd64.deb	http://ap-northeast-2.ec2.archive.ubuntu.com/ubuntu/pool/main/g/gcc-9/gcc-9-base_9.4.0-1ubuntu1%7e20.04.2_amd64.deb	true	true	true	proxy_access_log
bionic-to-focal	libisl22	0.22.1-1	amd64	isl	libisl22_0.22.1-1_amd64.deb	ap-northeast-2.ec2.archive.ubuntu.com		main	591960	67cadab06a50a29cde11c1c1d02847afbae6f0465686481c9106577777b88a44	http://ap-northeast-2.ec2.archive.ubuntu.com/ubuntu/pool/main/i/isl/libisl22_0.22.1-1_amd64.deb	http://ap-northeast-2.ec2.archive.ubuntu.com/ubuntu/pool/main/i/isl/libisl22_0.22.1-1_amd64.deb	true	true	true	proxy_access_log
bionic-to-focal	libmpfr6	4.0.2-1	amd64	mpfr4	libmpfr6_4.0.2-1_amd64.deb	ap-northeast-2.ec2.archive.ubuntu.com		main	240292	d098b67c3e1492a1c21a6a0d9befc88344e59a0d0eb6109384f85d8524a608cb	http://ap-northeast-2.ec2.archive.ubuntu.com/ubuntu/pool/main/m/mpfr4/libmpfr6_4.0.2-1_amd64.deb	http://ap-northeast-2.ec2.archive.ubuntu.com/ubuntu/pool/main/m/mpfr4/libmpfr6_4.0.2-1_amd64.deb	true	true	true	proxy_access_log
bionic-to-focal	cpp-9	9.4.0-1ubuntu1%7e20.04.2	amd64	cpp-9	cpp-9_9.4.0-1ubuntu1%7e20.04.2_amd64.deb	ap-northeast-2.ec2.archive.ubuntu.com		main	7501620	ed10bd0ab893389c21622d01415991466e5b20a0c57732308884180ec1f0a6e8	http://ap-northeast-2.ec2.archive.ubuntu.com/ubuntu/pool/main/g/gcc-9/cpp-9_9.4.0-1ubuntu1%7e20.04.2_amd64.deb	http://ap-northeast-2.ec2.archive.ubuntu.com/ubuntu/pool/main/g/gcc-9/cpp-9_9.4.0-1ubuntu1%7e20.04.2_amd64.deb	true	true	true	proxy_access_log
bionic-to-focal	cpp	9.3.0-1ubuntu2	amd64	cpp	cpp_9.3.0-1ubuntu2_amd64.deb	ap-northeast-2.ec2.archive.ubuntu.com		main	27588	6a29410b6f9a6f1f6b3fe93d0b994e56293126962950bb1c9bbf0a8909044b03	http://ap-northeast-2.ec2.archive.ubuntu.com/ubuntu/pool/main/g/gcc-defaults/cpp_9.3.0-1ubuntu2_amd64.deb	http://ap-northeast-2.ec2.archive.ubuntu.com/ubuntu/pool/main/g/gcc-defaults/cpp_9.3.0-1ubuntu2_amd64.deb	true	true	true	proxy_access_log
bionic-to-focal	libasan5	9.4.0-1ubuntu1%7e20.04.2	amd64	libasan5	libasan5_9.4.0-1ubuntu1%7e20.04.2_amd64.deb	ap-northeast-2.ec2.archive.ubuntu.com		main	2752248	726990d770038654113040ea5234f27042ef4d61974181b1728c02b15daf9050	http://ap-northeast-2.ec2.archive.ubuntu.com/ubuntu/pool/main/g/gcc-9/libasan5_9.4.0-1ubuntu1%7e20.04.2_amd64.deb	http://ap-northeast-2.ec2.archive.ubuntu.com/ubuntu/pool/main/g/gcc-9/libasan5_9.4.0-1ubuntu1%7e20.04.2_amd64.deb	true	true	true	proxy_access_log
bionic-to-focal	libubsan1	10.5.0-1ubuntu1%7e20.04	amd64	libubsan1	libubsan1_10.5.0-1ubuntu1%7e20.04_amd64.deb	ap-northeast-2.ec2.archive.ubuntu.com		main	784916	662e52a5e25bea1e1e5ba55a9a96a37aabec554ae997eb41a893f82e1ce1f0c0	http://ap-northeast-2.ec2.archive.ubuntu.com/ubuntu/pool/main/g/gcc-10/libubsan1_10.5.0-1ubuntu1%7e20.04_amd64.deb	http://ap-northeast-2.ec2.archive.ubuntu.com/ubuntu/pool/main/g/gcc-10/libubsan1_10.5.0-1ubuntu1%7e20.04_amd64.deb	true	true	true	proxy_access_log
bionic-to-focal	libgcc-9-dev	9.4.0-1ubuntu1%7e20.04.2	amd64	libgcc-9-dev	libgcc-9-dev_9.4.0-1ubuntu1%7e20.04.2_amd64.deb	ap-northeast-2.ec2.archive.ubuntu.com		main	2359460	f21b9daeefa0712b6c6f035face86f5ae9cef5079ae61570b84ebda0352db77e	http://ap-northeast-2.ec2.archive.ubuntu.com/ubuntu/pool/main/g/gcc-9/libgcc-9-dev_9.4.0-1ubuntu1%7e20.04.2_amd64.deb	http://ap-northeast-2.ec2.archive.ubuntu.com/ubuntu/pool/main/g/gcc-9/libgcc-9-dev_9.4.0-1ubuntu1%7e20.04.2_amd64.deb	true	true	true	proxy_access_log
bionic-to-focal	gcc-9	9.4.0-1ubuntu1%7e20.04.2	amd64	gcc-9	gcc-9_9.4.0-1ubuntu1%7e20.04.2_amd64.deb	ap-northeast-2.ec2.archive.ubuntu.com		main	8275648	7b6f2e5aa58695b30a5e4d8e1c1e4f39bf5f7b28fc5db1609385e0630eac8c18	http://ap-northeast-2.ec2.archive.ubuntu.com/ubuntu/pool/main/g/gcc-9/gcc-9_9.4.0-1ubuntu1%7e20.04.2_amd64.deb	http://ap-northeast-2.ec2.archive.ubuntu.com/ubuntu/pool/main/g/gcc-9/gcc-9_9.4.0-1ubuntu1%7e20.04.2_amd64.deb	true	true	true	proxy_access_log
bionic-to-focal	gcc	9.3.0-1ubuntu2	amd64	gcc	gcc_9.3.0-1ubuntu2_amd64.deb	ap-northeast-2.ec2.archive.ubuntu.com		main	5208	78ab6a8841c68300ba39992e8e33190371e133b3592c601ed3052d54e2ba59ea	http://ap-northeast-2.ec2.archive.ubuntu.com/ubuntu/pool/main/g/gcc-defaults/gcc_9.3.0-1ubuntu2_amd64.deb	http://ap-northeast-2.ec2.archive.ubuntu.com/ubuntu/pool/main/g/gcc-defaults/gcc_9.3.0-1ubuntu2_amd64.deb	true	true	true	proxy_access_log
bionic-to-focal	libstdc%2b%2b-9-dev	9.4.0-1ubuntu1%7e20.04.2	amd64	libstdc%2b%2b-9-dev	libstdc%2b%2b-9-dev_9.4.0-1ubuntu1%7e20.04.2_amd64.deb	ap-northeast-2.ec2.archive.ubuntu.com		main	1722156	e8c637e8f5a87f05b3f1dad0e020cc3763c384f5bb0fc159f69277645a2444df	http://ap-northeast-2.ec2.archive.ubuntu.com/ubuntu/pool/main/g/gcc-9/libstdc%2b%2b-9-dev_9.4.0-1ubuntu1%7e20.04.2_amd64.deb	http://ap-northeast-2.ec2.archive.ubuntu.com/ubuntu/pool/main/g/gcc-9/libstdc%2b%2b-9-dev_9.4.0-1ubuntu1%7e20.04.2_amd64.deb	true	true	false	proxy_access_log
bionic-to-focal	g%2b%2b-9	9.4.0-1ubuntu1%7e20.04.2	amd64	g%2b%2b-9	g%2b%2b-9_9.4.0-1ubuntu1%7e20.04.2_amd64.deb	ap-northeast-2.ec2.archive.ubuntu.com		main	8421356	2c617ef6d7e1809ded44e5a6d0ea2410ec4ec793765b91e892b6acc9a12ddb3c	http://ap-northeast-2.ec2.archive.ubuntu.com/ubuntu/pool/main/g/gcc-9/g%2b%2b-9_9.4.0-1ubuntu1%7e20.04.2_amd64.deb	http://ap-northeast-2.ec2.archive.ubuntu.com/ubuntu/pool/main/g/gcc-9/g%2b%2b-9_9.4.0-1ubuntu1%7e20.04.2_amd64.deb	true	true	false	proxy_access_log
bionic-to-focal	g%2b%2b	9.3.0-1ubuntu2	amd64	g%2b%2b	g%2b%2b_9.3.0-1ubuntu2_amd64.deb	ap-northeast-2.ec2.archive.ubuntu.com		main	1604	c613719f24d30e87ed196f27a324a6820032675759330772a1e6620c7662840e	http://ap-northeast-2.ec2.archive.ubuntu.com/ubuntu/pool/main/g/gcc-defaults/g%2b%2b_9.3.0-1ubuntu2_amd64.deb	http://ap-northeast-2.ec2.archive.ubuntu.com/ubuntu/pool/main/g/gcc-defaults/g%2b%2b_9.3.0-1ubuntu2_amd64.deb	true	true	false	proxy_access_log
bionic-to-focal	build-essential	12.8ubuntu1.1	amd64	build-essential	build-essential_12.8ubuntu1.1_amd64.deb	ap-northeast-2.ec2.archive.ubuntu.com		main	4664	50be2bfb66a8ce034179c7d95e5f177cce714e897028e1f4cacb564997b1c9e6	http://ap-northeast-2.ec2.archive.ubuntu.com/ubuntu/pool/main/b/build-essential/build-essential_12.8ubuntu1.1_amd64.deb	http://ap-northeast-2.ec2.archive.ubuntu.com/ubuntu/pool/main/b/build-essential/build-essential_12.8ubuntu1.1_amd64.deb	true	true	true	proxy_access_log
bionic-to-focal	conntrack	1.4.5-2	amd64	conntrack	conntrack_1.4.5-2_amd64.deb	ap-northeast-2.ec2.archive.ubuntu.com		main	30308	e0890d826e3e77706833ec502ac3a305fc1b3718889e081ccf8af9525ef7c836	http://ap-northeast-2.ec2.archive.ubuntu.com/ubuntu/pool/main/c/conntrack-tools/conntrack_1.4.5-2_amd64.deb	http://ap-northeast-2.ec2.archive.ubuntu.com/ubuntu/pool/main/c/conntrack-tools/conntrack_1.4.5-2_amd64.deb	true	true	true	proxy_access_log
bionic-to-focal	runc	1.1.12-0ubuntu2%7e20.04.1	amd64	runc	runc_1.1.12-0ubuntu2%7e20.04.1_amd64.deb	ap-northeast-2.ec2.archive.ubuntu.com		main	8065736	fe65f9c686a2f775101c49e8e78267549da0a52d743edb68d7508bca75b681fc	http://ap-northeast-2.ec2.archive.ubuntu.com/ubuntu/pool/main/r/runc-app/runc_1.1.12-0ubuntu2%7e20.04.1_amd64.deb	http://ap-northeast-2.ec2.archive.ubuntu.com/ubuntu/pool/main/r/runc-app/runc_1.1.12-0ubuntu2%7e20.04.1_amd64.deb	true	true	true	proxy_access_log
bionic-to-focal	containerd	1.7.24-0ubuntu1%7e20.04.2	amd64	containerd	containerd_1.7.24-0ubuntu1%7e20.04.2_amd64.deb	ap-northeast-2.ec2.archive.ubuntu.com		main	33586908	3f6b0077e53c1a2caf07210264f1aa4124a41b8baa97abd389a21f22e1469e9c	http://ap-northeast-2.ec2.archive.ubuntu.com/ubuntu/pool/main/c/containerd-app/containerd_1.7.24-0ubuntu1%7e20.04.2_amd64.deb	http://ap-northeast-2.ec2.archive.ubuntu.com/ubuntu/pool/main/c/containerd-app/containerd_1.7.24-0ubuntu1%7e20.04.2_amd64.deb	true	true	true	proxy_access_log
bionic-to-focal	libasan4	7.5.0-6ubuntu2	amd64	gcc-7	libasan4_7.5.0-6ubuntu2_amd64.deb	ap-northeast-2.ec2.archive.ubuntu.com		universe	358348	3ba1cbec94a3060a187d1b7815b2a3d2271223034cf9d95b194531faa89df812	http://ap-northeast-2.ec2.archive.ubuntu.com/ubuntu/pool/universe/g/gcc-7/libasan4_7.5.0-6ubuntu2_amd64.deb	http://ap-northeast-2.ec2.archive.ubuntu.com/ubuntu/pool/universe/g/gcc-7/libasan4_7.5.0-6ubuntu2_amd64.deb	true	true	true	proxy_access_log
bionic-to-focal	libubsan0	7.5.0-6ubuntu2	amd64	gcc-7	libubsan0_7.5.0-6ubuntu2_amd64.deb	ap-northeast-2.ec2.archive.ubuntu.com		universe	126256	c58a240cee993002a536c31a8735ff0076a142ff9be2b5e064677e73e0e31a33	http://ap-northeast-2.ec2.archive.ubuntu.com/ubuntu/pool/universe/g/gcc-7/libubsan0_7.5.0-6ubuntu2_amd64.deb	http://ap-northeast-2.ec2.archive.ubuntu.com/ubuntu/pool/universe/g/gcc-7/libubsan0_7.5.0-6ubuntu2_amd64.deb	true	true	true	proxy_access_log
bionic-to-focal	libcilkrts5	7.5.0-6ubuntu2	amd64	gcc-7	libcilkrts5_7.5.0-6ubuntu2_amd64.deb	ap-northeast-2.ec2.archive.ubuntu.com		universe	42672	881d62e7f30ffa6016c35adec129cd558a1cb2c4954a6ebc0777b887469a2ba6	http://ap-northeast-2.ec2.archive.ubuntu.com/ubuntu/pool/universe/g/gcc-7/libcilkrts5_7.5.0-6ubuntu2_amd64.deb	http://ap-northeast-2.ec2.archive.ubuntu.com/ubuntu/pool/universe/g/gcc-7/libcilkrts5_7.5.0-6ubuntu2_amd64.deb	true	true	true	proxy_access_log
bionic-to-focal	g%2b%2b-7	7.5.0-6ubuntu2	amd64	g%2b%2b-7	g%2b%2b-7_7.5.0-6ubuntu2_amd64.deb	ap-northeast-2.ec2.archive.ubuntu.com		universe	9688884	e77ff2d5737285359a3832efc5cdfe32688e3f5ec274eebf7586d97be23b6126	http://ap-northeast-2.ec2.archive.ubuntu.com/ubuntu/pool/universe/g/gcc-7/g%2b%2b-7_7.5.0-6ubuntu2_amd64.deb	http://ap-northeast-2.ec2.archive.ubuntu.com/ubuntu/pool/universe/g/gcc-7/g%2b%2b-7_7.5.0-6ubuntu2_amd64.deb	true	true	false	proxy_access_log
bionic-to-focal	gcc-7	7.5.0-6ubuntu2	amd64	gcc-7	gcc-7_7.5.0-6ubuntu2_amd64.deb	ap-northeast-2.ec2.archive.ubuntu.com		universe	9380888	b0b78fac85eb2283d50cbcba39c90e5836921d52cc56170144c22eba621cf214	http://ap-northeast-2.ec2.archive.ubuntu.com/ubuntu/pool/universe/g/gcc-7/gcc-7_7.5.0-6ubuntu2_amd64.deb	http://ap-northeast-2.ec2.archive.ubuntu.com/ubuntu/pool/universe/g/gcc-7/gcc-7_7.5.0-6ubuntu2_amd64.deb	true	true	true	proxy_access_log
bionic-to-focal	libstdc%2b%2b-7-dev	7.5.0-6ubuntu2	amd64	libstdc%2b%2b-7-dev	libstdc%2b%2b-7-dev_7.5.0-6ubuntu2_amd64.deb	ap-northeast-2.ec2.archive.ubuntu.com		universe	1471088	b1e9c4a6109258bece8bc6e9e13b1a7d57ffd7caf6ac686616488f122afd996b	http://ap-northeast-2.ec2.archive.ubuntu.com/ubuntu/pool/universe/g/gcc-7/libstdc%2b%2b-7-dev_7.5.0-6ubuntu2_amd64.deb	http://ap-northeast-2.ec2.archive.ubuntu.com/ubuntu/pool/universe/g/gcc-7/libstdc%2b%2b-7-dev_7.5.0-6ubuntu2_amd64.deb	true	true	false	proxy_access_log
bionic-to-focal	libgcc-7-dev	7.5.0-6ubuntu2	amd64	gcc-7	libgcc-7-dev_7.5.0-6ubuntu2_amd64.deb	ap-northeast-2.ec2.archive.ubuntu.com		universe	2310864	fc47e61d41725e6cb840e9e37d8c703a699cb3ddefaf938a441b780e83266948	http://ap-northeast-2.ec2.archive.ubuntu.com/ubuntu/pool/universe/g/gcc-7/libgcc-7-dev_7.5.0-6ubuntu2_amd64.deb	http://ap-northeast-2.ec2.archive.ubuntu.com/ubuntu/pool/universe/g/gcc-7/libgcc-7-dev_7.5.0-6ubuntu2_amd64.deb	true	true	true	proxy_access_log
bionic-to-focal	cpp-7	7.5.0-6ubuntu2	amd64	gcc-7	cpp-7_7.5.0-6ubuntu2_amd64.deb	ap-northeast-2.ec2.archive.ubuntu.com		universe	8588440	491a7b55a37f8c6d154b2904624df681d8525feabb04cea42b096ab478676a2f	http://ap-northeast-2.ec2.archive.ubuntu.com/ubuntu/pool/universe/g/gcc-7/cpp-7_7.5.0-6ubuntu2_amd64.deb	http://ap-northeast-2.ec2.archive.ubuntu.com/ubuntu/pool/universe/g/gcc-7/cpp-7_7.5.0-6ubuntu2_amd64.deb	true	true	true	proxy_access_log
bionic-to-focal	gcc-7-base	7.5.0-6ubuntu2	amd64	gcc-7	gcc-7-base_7.5.0-6ubuntu2_amd64.deb	ap-northeast-2.ec2.archive.ubuntu.com		universe	18496	ebbf00800c2d3655a435c169511e7afd64fdd8818e0cf181ceef54a600ea9ab1	http://ap-northeast-2.ec2.archive.ubuntu.com/ubuntu/pool/universe/g/gcc-7/gcc-7-base_7.5.0-6ubuntu2_amd64.deb	http://ap-northeast-2.ec2.archive.ubuntu.com/ubuntu/pool/universe/g/gcc-7/gcc-7-base_7.5.0-6ubuntu2_amd64.deb	true	true	true	proxy_access_log
bionic-to-focal	cryptsetup-initramfs	2.2.2-3ubuntu2.5	all	cryptsetup-initramfs	cryptsetup-initramfs_2.2.2-3ubuntu2.5_all.deb	ap-northeast-2.ec2.archive.ubuntu.com		main	26112	6e2920d7ef568f28c3ae8f911d4c71fece3e01c7bae2bd9b9765e7d23f918e1a	http://ap-northeast-2.ec2.archive.ubuntu.com/ubuntu/pool/main/c/cryptsetup/cryptsetup-initramfs_2.2.2-3ubuntu2.5_all.deb	http://ap-northeast-2.ec2.archive.ubuntu.com/ubuntu/pool/main/c/cryptsetup/cryptsetup-initramfs_2.2.2-3ubuntu2.5_all.deb	true	true	true	proxy_access_log
bionic-to-focal	cryptsetup-run	2.2.2-3ubuntu2.5	all	cryptsetup-run	cryptsetup-run_2.2.2-3ubuntu2.5_all.deb	ap-northeast-2.ec2.archive.ubuntu.com		main	6372	8a901cf835261f2890d3393ffedad1036753c42a0b8cf63fc5d386e135779846	http://ap-northeast-2.ec2.archive.ubuntu.com/ubuntu/pool/main/c/cryptsetup/cryptsetup-run_2.2.2-3ubuntu2.5_all.deb	http://ap-northeast-2.ec2.archive.ubuntu.com/ubuntu/pool/main/c/cryptsetup/cryptsetup-run_2.2.2-3ubuntu2.5_all.deb	true	true	true	proxy_access_log
bionic-to-focal	dns-root-data	2024071801%7eubuntu0.20.04.1	all	dns-root-data	dns-root-data_2024071801%7eubuntu0.20.04.1_all.deb	ap-northeast-2.ec2.archive.ubuntu.com		main	6128	4224f49df50565aee44bd299e18aa83cd09f6459c51fb2ddd1106ea1d9eda7b7	http://ap-northeast-2.ec2.archive.ubuntu.com/ubuntu/pool/main/d/dns-root-data/dns-root-data_2024071801%7eubuntu0.20.04.1_all.deb	http://ap-northeast-2.ec2.archive.ubuntu.com/ubuntu/pool/main/d/dns-root-data/dns-root-data_2024071801%7eubuntu0.20.04.1_all.deb	true	true	true	proxy_access_log
bionic-to-focal	libidn11	1.33-2.2ubuntu2	amd64	libidn	libidn11_1.33-2.2ubuntu2_amd64.deb	ap-northeast-2.ec2.archive.ubuntu.com		main	46180	15dbad793f52b7a271f7d2c9d3566a9c98a7ba5ae315b52414006fc8c6a910f9	http://ap-northeast-2.ec2.archive.ubuntu.com/ubuntu/pool/main/libi/libidn/libidn11_1.33-2.2ubuntu2_amd64.deb	http://ap-northeast-2.ec2.archive.ubuntu.com/ubuntu/pool/main/libi/libidn/libidn11_1.33-2.2ubuntu2_amd64.deb	true	true	true	proxy_access_log
bionic-to-focal	dnsmasq-base	2.90-0ubuntu0.20.04.1	amd64	dnsmasq	dnsmasq-base_2.90-0ubuntu0.20.04.1_amd64.deb	ap-northeast-2.ec2.archive.ubuntu.com		main	350236	13301d06f98daa6a00402e11da1e43d5680155c21b8374623e470588e47d5055	http://ap-northeast-2.ec2.archive.ubuntu.com/ubuntu/pool/main/d/dnsmasq/dnsmasq-base_2.90-0ubuntu0.20.04.1_amd64.deb	http://ap-northeast-2.ec2.archive.ubuntu.com/ubuntu/pool/main/d/dnsmasq/dnsmasq-base_2.90-0ubuntu0.20.04.1_amd64.deb	true	true	true	proxy_access_log
bionic-to-focal	docker.io	26.1.3-0ubuntu1%7e20.04.1	amd64	docker.io	docker.io_26.1.3-0ubuntu1%7e20.04.1_amd64.deb	ap-northeast-2.ec2.archive.ubuntu.com		universe	29452136	ff15f6b7cf8832110eb5d1595eb1d625cdd5496b45e011399333eeced5e488fc	http://ap-northeast-2.ec2.archive.ubuntu.com/ubuntu/pool/universe/d/docker.io-app/docker.io_26.1.3-0ubuntu1%7e20.04.1_amd64.deb	http://ap-northeast-2.ec2.archive.ubuntu.com/ubuntu/pool/universe/d/docker.io-app/docker.io_26.1.3-0ubuntu1%7e20.04.1_amd64.deb	true	true	true	proxy_access_log
bionic-to-focal	e2fslibs	1.45.5-2ubuntu1.2	amd64	e2fsprogs	e2fslibs_1.45.5-2ubuntu1.2_amd64.deb	ap-northeast-2.ec2.archive.ubuntu.com		main	2716	88a238eafe22dd6c7ebb2b4522063bdfeea487b6ba0e6f04b17ef386ccd6d552	http://ap-northeast-2.ec2.archive.ubuntu.com/ubuntu/pool/main/e/e2fsprogs/e2fslibs_1.45.5-2ubuntu1.2_amd64.deb	http://ap-northeast-2.ec2.archive.ubuntu.com/ubuntu/pool/main/e/e2fsprogs/e2fslibs_1.45.5-2ubuntu1.2_amd64.deb	true	true	true	proxy_access_log
bionic-to-focal	libeatmydata1	105-7	amd64	libeatmydata	libeatmydata1_105-7_amd64.deb	ap-northeast-2.ec2.archive.ubuntu.com		main	7012	bb58b60cb8f96c83e56f751bc5e5ca84e640dd800c0ccbd9ea0c7419019e3822	http://ap-northeast-2.ec2.archive.ubuntu.com/ubuntu/pool/main/libe/libeatmydata/libeatmydata1_105-7_amd64.deb	http://ap-northeast-2.ec2.archive.ubuntu.com/ubuntu/pool/main/libe/libeatmydata/libeatmydata1_105-7_amd64.deb	true	true	true	proxy_access_log
bionic-to-focal	eatmydata	105-7	all	libeatmydata	eatmydata_105-7_all.deb	ap-northeast-2.ec2.archive.ubuntu.com		main	5516	a7beb2d31628fb7281589c459dd3448df5166016f5bad562e5735570c0c7056f	http://ap-northeast-2.ec2.archive.ubuntu.com/ubuntu/pool/main/libe/libeatmydata/eatmydata_105-7_all.deb	http://ap-northeast-2.ec2.archive.ubuntu.com/ubuntu/pool/main/libe/libeatmydata/eatmydata_105-7_all.deb	true	true	true	proxy_access_log
bionic-to-focal	efibootmgr	17-1	amd64	efibootmgr	efibootmgr_17-1_amd64.deb	ap-northeast-2.ec2.archive.ubuntu.com		main	28132	0da33e43c97e5505d4d54e4145a72e76ce72278c3a9488792da86d9f30709d73	http://ap-northeast-2.ec2.archive.ubuntu.com/ubuntu/pool/main/e/efibootmgr/efibootmgr_17-1_amd64.deb	http://ap-northeast-2.ec2.archive.ubuntu.com/ubuntu/pool/main/e/efibootmgr/efibootmgr_17-1_amd64.deb	true	true	true	proxy_access_log
bionic-to-focal	libfakeroot	1.24-1	amd64	fakeroot	libfakeroot_1.24-1_amd64.deb	ap-northeast-2.ec2.archive.ubuntu.com		main	25720	e542e0c0543be5b02d59306d3747a527e054225816465a2c3e4c97c6e7439222	http://ap-northeast-2.ec2.archive.ubuntu.com/ubuntu/pool/main/f/fakeroot/libfakeroot_1.24-1_amd64.deb	http://ap-northeast-2.ec2.archive.ubuntu.com/ubuntu/pool/main/f/fakeroot/libfakeroot_1.24-1_amd64.deb	true	true	true	proxy_access_log
bionic-to-focal	fakeroot	1.24-1	amd64	fakeroot	fakeroot_1.24-1_amd64.deb	ap-northeast-2.ec2.archive.ubuntu.com		main	62636	2d9cc4fe6c6b0925e452d1454645171b957a37610a068e153abd6318746d996f	http://ap-northeast-2.ec2.archive.ubuntu.com/ubuntu/pool/main/f/fakeroot/fakeroot_1.24-1_amd64.deb	http://ap-northeast-2.ec2.archive.ubuntu.com/ubuntu/pool/main/f/fakeroot/fakeroot_1.24-1_amd64.deb	true	true	true	proxy_access_log
bionic-to-focal	finalrd	6%7eubuntu20.04.1	all	finalrd	finalrd_6%7eubuntu20.04.1_all.deb	ap-northeast-2.ec2.archive.ubuntu.com		main	6852	d547c516e91a91f731206abb2b052e9a2a039d4e3958d1ac9bd8599c258a4a3a	http://ap-northeast-2.ec2.archive.ubuntu.com/ubuntu/pool/main/f/finalrd/finalrd_6%7eubuntu20.04.1_all.deb	http://ap-northeast-2.ec2.archive.ubuntu.com/ubuntu/pool/main/f/finalrd/finalrd_6%7eubuntu20.04.1_all.deb	true	true	true	proxy_access_log
bionic-to-focal	fonts-ubuntu-font-family-console	0.83-4ubuntu1	all	fonts-ubuntu-font-family-console	fonts-ubuntu-font-family-console_0.83-4ubuntu1_all.deb	ap-northeast-2.ec2.archive.ubuntu.com		universe	10304	071af319d719f3fcdb124d97e90b92b609d7b1789b05d26b36becf82ea71b619	http://ap-northeast-2.ec2.archive.ubuntu.com/ubuntu/pool/universe/f/fonts-ubuntu/fonts-ubuntu-font-family-console_0.83-4ubuntu1_all.deb	http://ap-northeast-2.ec2.archive.ubuntu.com/ubuntu/pool/universe/f/fonts-ubuntu/fonts-ubuntu-font-family-console_0.83-4ubuntu1_all.deb	true	true	true	proxy_access_log
bionic-to-focal	libgpgme11	1.13.1-7ubuntu2.2	amd64	gpgme1.0	libgpgme11_1.13.1-7ubuntu2.2_amd64.deb	ap-northeast-2.ec2.archive.ubuntu.com		main	120376	33b1334c55c4df77bfc1e2f4463deee4a57886a1850131754e68dd00b5607005	http://ap-northeast-2.ec2.archive.ubuntu.com/ubuntu/pool/main/g/gpgme1.0/libgpgme11_1.13.1-7ubuntu2.2_amd64.deb	http://ap-northeast-2.ec2.archive.ubuntu.com/ubuntu/pool/main/g/gpgme1.0/libgpgme11_1.13.1-7ubuntu2.2_amd64.deb	true	true	true	proxy_access_log
bionic-to-focal	libjson-glib-1.0-common	1.4.4-2ubuntu2	all	json-glib	libjson-glib-1.0-common_1.4.4-2ubuntu2_all.deb	ap-northeast-2.ec2.archive.ubuntu.com		main	3468	0e160489f656481cba2e62588dd367a880c866b46884fc183cfa965a33e692db	http://ap-northeast-2.ec2.archive.ubuntu.com/ubuntu/pool/main/j/json-glib/libjson-glib-1.0-common_1.4.4-2ubuntu2_all.deb	http://ap-northeast-2.ec2.archive.ubuntu.com/ubuntu/pool/main/j/json-glib/libjson-glib-1.0-common_1.4.4-2ubuntu2_all.deb	true	true	true	proxy_access_log
bionic-to-focal	libjson-glib-1.0-0	1.4.4-2ubuntu2	amd64	json-glib	libjson-glib-1.0-0_1.4.4-2ubuntu2_amd64.deb	ap-northeast-2.ec2.archive.ubuntu.com		main	59396	fe73b678658baff4dbabcfb511b3df0728d7c15167d3222c3cb4db6b248149d1	http://ap-northeast-2.ec2.archive.ubuntu.com/ubuntu/pool/main/j/json-glib/libjson-glib-1.0-0_1.4.4-2ubuntu2_amd64.deb	http://ap-northeast-2.ec2.archive.ubuntu.com/ubuntu/pool/main/j/json-glib/libjson-glib-1.0-0_1.4.4-2ubuntu2_amd64.deb	true	true	true	proxy_access_log
bionic-to-focal	libjcat1	0.1.4-0ubuntu0.20.04.1	amd64	libjcat	libjcat1_0.1.4-0ubuntu0.20.04.1_amd64.deb	ap-northeast-2.ec2.archive.ubuntu.com		main	25924	2b14d74b1d2ef94cd87b0851ab6a23a22eec64acfc4c71ba130f4d181b91aa5b	http://ap-northeast-2.ec2.archive.ubuntu.com/ubuntu/pool/main/libj/libjcat/libjcat1_0.1.4-0ubuntu0.20.04.1_amd64.deb	http://ap-northeast-2.ec2.archive.ubuntu.com/ubuntu/pool/main/libj/libjcat/libjcat1_0.1.4-0ubuntu0.20.04.1_amd64.deb	true	true	true	proxy_access_log
bionic-to-focal	libfwupd2	1.7.9-1%7e20.04.3	amd64	libfwupd2	libfwupd2_1.7.9-1%7e20.04.3_amd64.deb	ap-northeast-2.ec2.archive.ubuntu.com		main	91856	2b8c1d61dcfb39e75943f68e3abb45f362df85257fa3ad1cc4fbf55d07d9f78a	http://ap-northeast-2.ec2.archive.ubuntu.com/ubuntu/pool/main/f/fwupd/libfwupd2_1.7.9-1%7e20.04.3_amd64.deb	http://ap-northeast-2.ec2.archive.ubuntu.com/ubuntu/pool/main/f/fwupd/libfwupd2_1.7.9-1%7e20.04.3_amd64.deb	true	true	true	proxy_access_log
bionic-to-focal	libarchive13	3.4.0-2ubuntu1.5	amd64	libarchive	libarchive13_3.4.0-2ubuntu1.5_amd64.deb	ap-northeast-2.ec2.archive.ubuntu.com		main	326692	d3cc315a7a3aaa417bc0518d2cd72da8009311449aed7f388045a6bcf398504f	http://ap-northeast-2.ec2.archive.ubuntu.com/ubuntu/pool/main/liba/libarchive/libarchive13_3.4.0-2ubuntu1.5_amd64.deb	http://ap-northeast-2.ec2.archive.ubuntu.com/ubuntu/pool/main/liba/libarchive/libarchive13_3.4.0-2ubuntu1.5_amd64.deb	true	true	true	proxy_access_log
bionic-to-focal	libgcab-1.0-0	1.4-1	amd64	gcab	libgcab-1.0-0_1.4-1_amd64.deb	ap-northeast-2.ec2.archive.ubuntu.com		main	29828	504c528c96f884a47191086e36b47d4296116108c82ac6f4b3d94186bde18779	http://ap-northeast-2.ec2.archive.ubuntu.com/ubuntu/pool/main/g/gcab/libgcab-1.0-0_1.4-1_amd64.deb	http://ap-northeast-2.ec2.archive.ubuntu.com/ubuntu/pool/main/g/gcab/libgcab-1.0-0_1.4-1_amd64.deb	true	true	true	proxy_access_log
bionic-to-focal	libgudev-1.0-0	233-1	amd64	libgudev-1.0-0	libgudev-1.0-0_233-1_amd64.deb	ap-northeast-2.ec2.archive.ubuntu.com		main	13988	857ce9ebdc4a8e4c782779acdb6450e32c65ca9f584a00dd713ee5fd9645eafe	http://ap-northeast-2.ec2.archive.ubuntu.com/ubuntu/pool/main/libg/libgudev/libgudev-1.0-0_233-1_amd64.deb	http://ap-northeast-2.ec2.archive.ubuntu.com/ubuntu/pool/main/libg/libgudev/libgudev-1.0-0_233-1_amd64.deb	true	true	true	proxy_access_log
bionic-to-focal	libgusb2	0.3.4-0.1	amd64	libgusb	libgusb2_0.3.4-0.1_amd64.deb	ap-northeast-2.ec2.archive.ubuntu.com		main	22096	685a4f4aa4e986775fc31605ebf183497bae93ae9e52c8ab2b96be05efed5e95	http://ap-northeast-2.ec2.archive.ubuntu.com/ubuntu/pool/main/libg/libgusb/libgusb2_0.3.4-0.1_amd64.deb	http://ap-northeast-2.ec2.archive.ubuntu.com/ubuntu/pool/main/libg/libgusb/libgusb2_0.3.4-0.1_amd64.deb	true	true	true	proxy_access_log
bionic-to-focal	libxmlb2	0.3.6-2build1%7e20.04.1	amd64	libxmlb2	libxmlb2_0.3.6-2build1%7e20.04.1_amd64.deb	ap-northeast-2.ec2.archive.ubuntu.com		main	61600	743962cec02c1cce6b563a781381a2c64c7b41fa3c6e82182cd9cbea02236378	http://ap-northeast-2.ec2.archive.ubuntu.com/ubuntu/pool/main/libx/libxmlb/libxmlb2_0.3.6-2build1%7e20.04.1_amd64.deb	http://ap-northeast-2.ec2.archive.ubuntu.com/ubuntu/pool/main/libx/libxmlb/libxmlb2_0.3.6-2build1%7e20.04.1_amd64.deb	true	true	true	proxy_access_log
bionic-to-focal	libfwupdplugin5	1.7.9-1%7e20.04.3	amd64	libfwupdplugin5	libfwupdplugin5_1.7.9-1%7e20.04.3_amd64.deb	ap-northeast-2.ec2.archive.ubuntu.com		main	170072	5047bfde68826dfdee815170e2e298a269e5991ff11f98a5f720acbdca0975a9	http://ap-northeast-2.ec2.archive.ubuntu.com/ubuntu/pool/main/f/fwupd/libfwupdplugin5_1.7.9-1%7e20.04.3_amd64.deb	http://ap-northeast-2.ec2.archive.ubuntu.com/ubuntu/pool/main/f/fwupd/libfwupdplugin5_1.7.9-1%7e20.04.3_amd64.deb	true	true	true	proxy_access_log
bionic-to-focal	libmbim-glib4	1.26.2-1%7eubuntu20.04.1	amd64	libmbim-glib4	libmbim-glib4_1.26.2-1%7eubuntu20.04.1_amd64.deb	ap-northeast-2.ec2.archive.ubuntu.com		main	122744	e096a2d00b7b6cd3c01a87fb3dc544a306af36b9aa9d6e008976ccd9394a64be	http://ap-northeast-2.ec2.archive.ubuntu.com/ubuntu/pool/main/libm/libmbim/libmbim-glib4_1.26.2-1%7eubuntu20.04.1_amd64.deb	http://ap-northeast-2.ec2.archive.ubuntu.com/ubuntu/pool/main/libm/libmbim/libmbim-glib4_1.26.2-1%7eubuntu20.04.1_amd64.deb	true	true	true	proxy_access_log
bionic-to-focal	libmbim-proxy	1.26.2-1%7eubuntu20.04.1	amd64	libmbim-proxy	libmbim-proxy_1.26.2-1%7eubuntu20.04.1_amd64.deb	ap-northeast-2.ec2.archive.ubuntu.com		main	6012	ab1d0c469ac3ac053316156e3ba1e436fabe46f53760e3acd5c1ee8ca562001a	http://ap-northeast-2.ec2.archive.ubuntu.com/ubuntu/pool/main/libm/libmbim/libmbim-proxy_1.26.2-1%7eubuntu20.04.1_amd64.deb	http://ap-northeast-2.ec2.archive.ubuntu.com/ubuntu/pool/main/libm/libmbim/libmbim-proxy_1.26.2-1%7eubuntu20.04.1_amd64.deb	true	true	true	proxy_access_log
bionic-to-focal	libmm-glib0	1.18.6-1%7eubuntu20.04.1	amd64	libmm-glib0	libmm-glib0_1.18.6-1%7eubuntu20.04.1_amd64.deb	ap-northeast-2.ec2.archive.ubuntu.com		main	202640	31b74b8052905d90970af3bd89fd17432c2bca2a10666d08ce2162ee89e3fb1f	http://ap-northeast-2.ec2.archive.ubuntu.com/ubuntu/pool/main/m/modemmanager/libmm-glib0_1.18.6-1%7eubuntu20.04.1_amd64.deb	http://ap-northeast-2.ec2.archive.ubuntu.com/ubuntu/pool/main/m/modemmanager/libmm-glib0_1.18.6-1%7eubuntu20.04.1_amd64.deb	true	true	true	proxy_access_log
bionic-to-focal	libqmi-glib5	1.30.4-1%7eubuntu20.04.1	amd64	libqmi-glib5	libqmi-glib5_1.30.4-1%7eubuntu20.04.1_amd64.deb	ap-northeast-2.ec2.archive.ubuntu.com		main	642000	03d5434663c158044d782a6ea6c2ae88618948596f584b90477625903ab9ca2d	http://ap-northeast-2.ec2.archive.ubuntu.com/ubuntu/pool/main/libq/libqmi/libqmi-glib5_1.30.4-1%7eubuntu20.04.1_amd64.deb	http://ap-northeast-2.ec2.archive.ubuntu.com/ubuntu/pool/main/libq/libqmi/libqmi-glib5_1.30.4-1%7eubuntu20.04.1_amd64.deb	true	true	true	proxy_access_log
bionic-to-focal	libqmi-proxy	1.30.4-1%7eubuntu20.04.1	amd64	libqmi-proxy	libqmi-proxy_1.30.4-1%7eubuntu20.04.1_amd64.deb	ap-northeast-2.ec2.archive.ubuntu.com		main	5908	23377adedda1943bbb0c2e20141b3c0dd4397a6835552585edf7dd09a49e7ed0	http://ap-northeast-2.ec2.archive.ubuntu.com/ubuntu/pool/main/libq/libqmi/libqmi-proxy_1.30.4-1%7eubuntu20.04.1_amd64.deb	http://ap-northeast-2.ec2.archive.ubuntu.com/ubuntu/pool/main/libq/libqmi/libqmi-proxy_1.30.4-1%7eubuntu20.04.1_amd64.deb	true	true	true	proxy_access_log
bionic-to-focal	libsmbios-c2	2.4.3-1	amd64	libsmbios	libsmbios-c2_2.4.3-1_amd64.deb	ap-northeast-2.ec2.archive.ubuntu.com		main	73584	c40f36726a421255edd30e582ee7f7729af54fc5d284e1f83a3e7b13f3300fdf	http://ap-northeast-2.ec2.archive.ubuntu.com/ubuntu/pool/main/libs/libsmbios/libsmbios-c2_2.4.3-1_amd64.deb	http://ap-northeast-2.ec2.archive.ubuntu.com/ubuntu/pool/main/libs/libsmbios/libsmbios-c2_2.4.3-1_amd64.deb	true	true	true	proxy_access_log
bionic-to-focal	tpm-udev	0.4	all	tpm-udev	tpm-udev_0.4_all.deb	ap-northeast-2.ec2.archive.ubuntu.com		main	3064	a0c4a284178200660619ecd842f4d3561579344feb00ab558870e911335a8a00	http://ap-northeast-2.ec2.archive.ubuntu.com/ubuntu/pool/main/t/tpm-udev/tpm-udev_0.4_all.deb	http://ap-northeast-2.ec2.archive.ubuntu.com/ubuntu/pool/main/t/tpm-udev/tpm-udev_0.4_all.deb	true	true	true	proxy_access_log
bionic-to-focal	libtss2-esys0	2.3.2-1ubuntu0.20.04.2	amd64	tpm2-tss	libtss2-esys0_2.3.2-1ubuntu0.20.04.2_amd64.deb	ap-northeast-2.ec2.archive.ubuntu.com		main	226476	7dabb5ecd1fecec6ccf179b302d65883539b0ce7d887eeb11dd10e6725e54235	http://ap-northeast-2.ec2.archive.ubuntu.com/ubuntu/pool/main/t/tpm2-tss/libtss2-esys0_2.3.2-1ubuntu0.20.04.2_amd64.deb	http://ap-northeast-2.ec2.archive.ubuntu.com/ubuntu/pool/main/t/tpm2-tss/libtss2-esys0_2.3.2-1ubuntu0.20.04.2_amd64.deb	true	true	true	proxy_access_log
bionic-to-focal	fwupd	1.7.9-1%7e20.04.3	amd64	fwupd	fwupd_1.7.9-1%7e20.04.3_amd64.deb	ap-northeast-2.ec2.archive.ubuntu.com		main	2453504	88850f0fe2cddf189d5a1a0c7669df8bda3525d2c00f23568e3761b39d4c983d	http://ap-northeast-2.ec2.archive.ubuntu.com/ubuntu/pool/main/f/fwupd/fwupd_1.7.9-1%7e20.04.3_amd64.deb	http://ap-northeast-2.ec2.archive.ubuntu.com/ubuntu/pool/main/f/fwupd/fwupd_1.7.9-1%7e20.04.3_amd64.deb	true	true	true	proxy_access_log
bionic-to-focal	fwupd-signed	1.51.1%7e20.04.1%2b1.4-0ubuntu0.1	amd64	fwupd-signed	fwupd-signed_1.51.1%7e20.04.1%2b1.4-0ubuntu0.1_amd64.deb	ap-northeast-2.ec2.archive.ubuntu.com		main	28668	3737cba4985a7f800566cc2a7d74a80b7b8914b30d8d84fe4b826a0c952aa9e6	http://ap-northeast-2.ec2.archive.ubuntu.com/ubuntu/pool/main/f/fwupd-signed/fwupd-signed_1.51.1%7e20.04.1%2b1.4-0ubuntu0.1_amd64.deb	http://ap-northeast-2.ec2.archive.ubuntu.com/ubuntu/pool/main/f/fwupd-signed/fwupd-signed_1.51.1%7e20.04.1%2b1.4-0ubuntu0.1_amd64.deb	true	true	true	proxy_access_log
bionic-to-focal	geoip-database	20191224-2	all	geoip-database	geoip-database_20191224-2_all.deb	ap-northeast-2.ec2.archive.ubuntu.com		universe	3029232	4b8c06cb78a6f4bdfaa09bac261baa1bcf00e47ba08d0207fd466ea41aa88dba	http://ap-northeast-2.ec2.archive.ubuntu.com/ubuntu/pool/universe/g/geoip-database/geoip-database_20191224-2_all.deb	http://ap-northeast-2.ec2.archive.ubuntu.com/ubuntu/pool/universe/g/geoip-database/geoip-database_20191224-2_all.deb	true	true	true	proxy_access_log
bionic-to-focal	hibagent	1.0.1-0ubuntu1.20.04.2	all	hibagent	hibagent_1.0.1-0ubuntu1.20.04.2_all.deb	ap-northeast-2.ec2.archive.ubuntu.com		main	12276	568efaed5a9c6f272ef82be508cd3b26bb0f572a9dc0dad7d557ada42e6b5480	http://ap-northeast-2.ec2.archive.ubuntu.com/ubuntu/pool/main/h/hibagent/hibagent_1.0.1-0ubuntu1.20.04.2_all.deb	http://ap-northeast-2.ec2.archive.ubuntu.com/ubuntu/pool/main/h/hibagent/hibagent_1.0.1-0ubuntu1.20.04.2_all.deb	true	true	true	proxy_access_log
bionic-to-focal	iucode-tool	2.3.1-1	amd64	iucode-tool	iucode-tool_2.3.1-1_amd64.deb	ap-northeast-2.ec2.archive.ubuntu.com		main	45600	31066ceac0a040b114fc3cd03b012a483d6f5572699c71fda4140f8a6c3bb821	http://ap-northeast-2.ec2.archive.ubuntu.com/ubuntu/pool/main/i/iucode-tool/iucode-tool_2.3.1-1_amd64.deb	http://ap-northeast-2.ec2.archive.ubuntu.com/ubuntu/pool/main/i/iucode-tool/iucode-tool_2.3.1-1_amd64.deb	true	true	true	proxy_access_log
bionic-to-focal	python3-attr	19.3.0-2	all	python-attrs	python3-attr_19.3.0-2_all.deb	ap-northeast-2.ec2.archive.ubuntu.com		main	33880	e344bac07304209c38b261eef16017d89512a030d91fb25692160fa5464bd66a	http://ap-northeast-2.ec2.archive.ubuntu.com/ubuntu/pool/main/p/python-attrs/python3-attr_19.3.0-2_all.deb	http://ap-northeast-2.ec2.archive.ubuntu.com/ubuntu/pool/main/p/python-attrs/python3-attr_19.3.0-2_all.deb	true	true	true	proxy_access_log
bionic-to-focal	python3-automat	0.8.0-1ubuntu1	all	automat	python3-automat_0.8.0-1ubuntu1_all.deb	ap-northeast-2.ec2.archive.ubuntu.com		main	27500	207eafa8bb045919b27239c528022632e32d194f1c39b5f5c01d22304e8d1d81	http://ap-northeast-2.ec2.archive.ubuntu.com/ubuntu/pool/main/a/automat/python3-automat_0.8.0-1ubuntu1_all.deb	http://ap-northeast-2.ec2.archive.ubuntu.com/ubuntu/pool/main/a/automat/python3-automat_0.8.0-1ubuntu1_all.deb	true	true	true	proxy_access_log
bionic-to-focal	python3-constantly	15.1.0-1build1	all	constantly	python3-constantly_15.1.0-1build1_all.deb	ap-northeast-2.ec2.archive.ubuntu.com		main	8244	6e3eece442dcfa985e736e08748fd5826897292644d878a65696e057e4d87236	http://ap-northeast-2.ec2.archive.ubuntu.com/ubuntu/pool/main/c/constantly/python3-constantly_15.1.0-1build1_all.deb	http://ap-northeast-2.ec2.archive.ubuntu.com/ubuntu/pool/main/c/constantly/python3-constantly_15.1.0-1build1_all.deb	true	true	true	proxy_access_log
bionic-to-focal	python3-hyperlink	19.0.0-1	all	hyperlink	python3-hyperlink_19.0.0-1_all.deb	ap-northeast-2.ec2.archive.ubuntu.com		main	33544	c4ece8f3d62fd7566cf0fb929650711911b0410af78f8bb5a51c4b20fe7929de	http://ap-northeast-2.ec2.archive.ubuntu.com/ubuntu/pool/main/h/hyperlink/python3-hyperlink_19.0.0-1_all.deb	http://ap-northeast-2.ec2.archive.ubuntu.com/ubuntu/pool/main/h/hyperlink/python3-hyperlink_19.0.0-1_all.deb	true	true	true	proxy_access_log
bionic-to-focal	python3-incremental	16.10.1-3.2	all	incremental	python3-incremental_16.10.1-3.2_all.deb	ap-northeast-2.ec2.archive.ubuntu.com		main	14892	fc62ea2d2c4805b2fee80d6f4bf124f976677433e122f28f408e7e83b56e7dfc	http://ap-northeast-2.ec2.archive.ubuntu.com/ubuntu/pool/main/i/incremental/python3-incremental_16.10.1-3.2_all.deb	http://ap-northeast-2.ec2.archive.ubuntu.com/ubuntu/pool/main/i/incremental/python3-incremental_16.10.1-3.2_all.deb	true	true	true	proxy_access_log
bionic-to-focal	python3-openssl	19.0.0-1build1	all	pyopenssl	python3-openssl_19.0.0-1build1_all.deb	ap-northeast-2.ec2.archive.ubuntu.com		main	43268	a1450f98e1011194a313fc19c304360c59766fe74a5a803b9930fe3ed9b539eb	http://ap-northeast-2.ec2.archive.ubuntu.com/ubuntu/pool/main/p/pyopenssl/python3-openssl_19.0.0-1build1_all.deb	http://ap-northeast-2.ec2.archive.ubuntu.com/ubuntu/pool/main/p/pyopenssl/python3-openssl_19.0.0-1build1_all.deb	true	true	true	proxy_access_log
bionic-to-focal	python3-pyasn1	0.4.2-3build1	all	pyasn1	python3-pyasn1_0.4.2-3build1_all.deb	ap-northeast-2.ec2.archive.ubuntu.com		main	46664	bf1ec9ab23c65c362c9f357306e024cda7f42205b8cc7476994489aa3eda6363	http://ap-northeast-2.ec2.archive.ubuntu.com/ubuntu/pool/main/p/pyasn1/python3-pyasn1_0.4.2-3build1_all.deb	http://ap-northeast-2.ec2.archive.ubuntu.com/ubuntu/pool/main/p/pyasn1/python3-pyasn1_0.4.2-3build1_all.deb	true	true	true	proxy_access_log
bionic-to-focal	python3-pyasn1-modules	0.2.1-0.2build1	all	python-pyasn1-modules	python3-pyasn1-modules_0.2.1-0.2build1_all.deb	ap-northeast-2.ec2.archive.ubuntu.com		main	32928	605e184e3f945ea59c0a20221dc09e8aa44b305e31b0daa03e690508ac132619	http://ap-northeast-2.ec2.archive.ubuntu.com/ubuntu/pool/main/p/python-pyasn1-modules/python3-pyasn1-modules_0.2.1-0.2build1_all.deb	http://ap-northeast-2.ec2.archive.ubuntu.com/ubuntu/pool/main/p/python-pyasn1-modules/python3-pyasn1-modules_0.2.1-0.2build1_all.deb	true	true	true	proxy_access_log
bionic-to-focal	python3-service-identity	18.1.0-5build1	all	python-service-identity	python3-service-identity_18.1.0-5build1_all.deb	ap-northeast-2.ec2.archive.ubuntu.com		main	10688	aa0378c82058d2a014f2e1d00258b2def3c3ad940e28fc9e05846b7849bb787d	http://ap-northeast-2.ec2.archive.ubuntu.com/ubuntu/pool/main/p/python-service-identity/python3-service-identity_18.1.0-5build1_all.deb	http://ap-northeast-2.ec2.archive.ubuntu.com/ubuntu/pool/main/p/python-service-identity/python3-service-identity_18.1.0-5build1_all.deb	true	true	true	proxy_access_log
bionic-to-focal	python3-hamcrest	1.9.0-3	all	pyhamcrest	python3-hamcrest_1.9.0-3_all.deb	ap-northeast-2.ec2.archive.ubuntu.com		main	24852	a1ae5bb2c227c02c0ca859c033c227e0d801a26a1df10e45a4692438f15dcd95	http://ap-northeast-2.ec2.archive.ubuntu.com/ubuntu/pool/main/p/pyhamcrest/python3-hamcrest_1.9.0-3_all.deb	http://ap-northeast-2.ec2.archive.ubuntu.com/ubuntu/pool/main/p/pyhamcrest/python3-hamcrest_1.9.0-3_all.deb	true	true	true	proxy_access_log
bionic-to-focal	python3-twisted	18.9.0-11ubuntu0.20.04.5	all	twisted	python3-twisted_18.9.0-11ubuntu0.20.04.5_all.deb	ap-northeast-2.ec2.archive.ubuntu.com		main	1934632	29ec41d2fdd50437a7acd79aaafd3badc3199c7812006a0663b1d8877d665956	http://ap-northeast-2.ec2.archive.ubuntu.com/ubuntu/pool/main/t/twisted/python3-twisted_18.9.0-11ubuntu0.20.04.5_all.deb	http://ap-northeast-2.ec2.archive.ubuntu.com/ubuntu/pool/main/t/twisted/python3-twisted_18.9.0-11ubuntu0.20.04.5_all.deb	true	true	true	proxy_access_log
bionic-to-focal	python3-configobj	5.0.6-4ubuntu0.1	all	configobj	python3-configobj_5.0.6-4ubuntu0.1_all.deb	ap-northeast-2.ec2.archive.ubuntu.com		main	34276	9cffcf4937fa92aca986af3d0b4ff84f649a66a99a8af3717ffa38d018e5899f	http://ap-northeast-2.ec2.archive.ubuntu.com/ubuntu/pool/main/c/configobj/python3-configobj_5.0.6-4ubuntu0.1_all.deb	http://ap-northeast-2.ec2.archive.ubuntu.com/ubuntu/pool/main/c/configobj/python3-configobj_5.0.6-4ubuntu0.1_all.deb	true	true	true	proxy_access_log
bionic-to-focal	landscape-common	23.02-0ubuntu1%7e20.04.4	amd64	landscape-common	landscape-common_23.02-0ubuntu1%7e20.04.4_amd64.deb	ap-northeast-2.ec2.archive.ubuntu.com		main	86992	711c93d2dcbf8c10319da8ab491e3e88d81e80ac3dbc3626190efceba82f80d4	http://ap-northeast-2.ec2.archive.ubuntu.com/ubuntu/pool/main/l/landscape-client/landscape-common_23.02-0ubuntu1%7e20.04.4_amd64.deb	http://ap-northeast-2.ec2.archive.ubuntu.com/ubuntu/pool/main/l/landscape-client/landscape-common_23.02-0ubuntu1%7e20.04.4_amd64.deb	true	true	true	proxy_access_log
bionic-to-focal	libargon2-0	0%7e20171227-0.2	amd64	libargon2-0	libargon2-0_0%7e20171227-0.2_amd64.deb	ap-northeast-2.ec2.archive.ubuntu.com		universe	4536	68ee7098d2a6bc88c32a860c2b79d82622a661123269fea42b8b7b866ab04f61	http://ap-northeast-2.ec2.archive.ubuntu.com/ubuntu/pool/universe/a/argon2/libargon2-0_0%7e20171227-0.2_amd64.deb	http://ap-northeast-2.ec2.archive.ubuntu.com/ubuntu/pool/universe/a/argon2/libargon2-0_0%7e20171227-0.2_amd64.deb	true	true	true	proxy_access_log
bionic-to-focal	libatasmart4	0.19-5	amd64	libatasmart	libatasmart4_0.19-5_amd64.deb	ap-northeast-2.ec2.archive.ubuntu.com		main	23420	651bcb5be375ce372d13d6a9a2831963fa955c29995abe27e51763d22f00064c	http://ap-northeast-2.ec2.archive.ubuntu.com/ubuntu/pool/main/liba/libatasmart/libatasmart4_0.19-5_amd64.deb	http://ap-northeast-2.ec2.archive.ubuntu.com/ubuntu/pool/main/liba/libatasmart/libatasmart4_0.19-5_amd64.deb	true	true	true	proxy_access_log
bionic-to-focal	libblockdev-utils2	2.23-2ubuntu3	amd64	libblockdev	libblockdev-utils2_2.23-2ubuntu3_amd64.deb	ap-northeast-2.ec2.archive.ubuntu.com		main	13964	97c38e45b1b607ce90fe0db70173ab9f4925b4d97866bc068ba384160c22d1e6	http://ap-northeast-2.ec2.archive.ubuntu.com/ubuntu/pool/main/libb/libblockdev/libblockdev-utils2_2.23-2ubuntu3_amd64.deb	http://ap-northeast-2.ec2.archive.ubuntu.com/ubuntu/pool/main/libb/libblockdev/libblockdev-utils2_2.23-2ubuntu3_amd64.deb	true	true	true	proxy_access_log
bionic-to-focal	libnspr4	4.35-0ubuntu0.20.04.1	amd64	libnspr4	libnspr4_4.35-0ubuntu0.20.04.1_amd64.deb	ap-northeast-2.ec2.archive.ubuntu.com		main	107632	da98b529dfe37aedbf7d23d2edf5faae4d817c40e5a60932e791ba4cdec4dd88	http://ap-northeast-2.ec2.archive.ubuntu.com/ubuntu/pool/main/n/nspr/libnspr4_4.35-0ubuntu0.20.04.1_amd64.deb	http://ap-northeast-2.ec2.archive.ubuntu.com/ubuntu/pool/main/n/nspr/libnspr4_4.35-0ubuntu0.20.04.1_amd64.deb	true	true	true	proxy_access_log
bionic-to-focal	libnss3	3.98-0ubuntu0.20.04.2	amd64	libnss3	libnss3_3.98-0ubuntu0.20.04.2_amd64.deb	ap-northeast-2.ec2.archive.ubuntu.com		main	1391200	1e711911ad3ae2de8a19bc6cb048fa81e2e2c2c09d0aad186b7c14d78517bb16	http://ap-northeast-2.ec2.archive.ubuntu.com/ubuntu/pool/main/n/nss/libnss3_3.98-0ubuntu0.20.04.2_amd64.deb	http://ap-northeast-2.ec2.archive.ubuntu.com/ubuntu/pool/main/n/nss/libnss3_3.98-0ubuntu0.20.04.2_amd64.deb	true	true	true	proxy_access_log
bionic-to-focal	libvolume-key1	0.3.12-3.1	amd64	volume-key	libvolume-key1_0.3.12-3.1_amd64.deb	ap-northeast-2.ec2.archive.ubuntu.com		main	40224	c431a481cc47457ed4159cdd5415af889b384c0806ff4746d4cc82f86afd8294	http://ap-northeast-2.ec2.archive.ubuntu.com/ubuntu/pool/main/v/volume-key/libvolume-key1_0.3.12-3.1_amd64.deb	http://ap-northeast-2.ec2.archive.ubuntu.com/ubuntu/pool/main/v/volume-key/libvolume-key1_0.3.12-3.1_amd64.deb	true	true	true	proxy_access_log
bionic-to-focal	libblockdev-crypto2	2.23-2ubuntu3	amd64	libblockdev	libblockdev-crypto2_2.23-2ubuntu3_amd64.deb	ap-northeast-2.ec2.archive.ubuntu.com		main	16400	4d2418de02285a33d80b7dd478ebf787a2b40a9ea23bed1044e0e38fcefc66d2	http://ap-northeast-2.ec2.archive.ubuntu.com/ubuntu/pool/main/libb/libblockdev/libblockdev-crypto2_2.23-2ubuntu3_amd64.deb	http://ap-northeast-2.ec2.archive.ubuntu.com/ubuntu/pool/main/libb/libblockdev/libblockdev-crypto2_2.23-2ubuntu3_amd64.deb	true	true	true	proxy_access_log
bionic-to-focal	libblockdev-part-err2	2.23-2ubuntu3	amd64	libblockdev	libblockdev-part-err2_2.23-2ubuntu3_amd64.deb	ap-northeast-2.ec2.archive.ubuntu.com		main	5440	88354ef37b4c75eb321b0930bd19d8098cb6bbcb5b330ec8c354572db0422b65	http://ap-northeast-2.ec2.archive.ubuntu.com/ubuntu/pool/main/libb/libblockdev/libblockdev-part-err2_2.23-2ubuntu3_amd64.deb	http://ap-northeast-2.ec2.archive.ubuntu.com/ubuntu/pool/main/libb/libblockdev/libblockdev-part-err2_2.23-2ubuntu3_amd64.deb	true	true	true	proxy_access_log
bionic-to-focal	libparted-fs-resize0	3.3-4ubuntu0.20.04.1	amd64	parted	libparted-fs-resize0_3.3-4ubuntu0.20.04.1_amd64.deb	ap-northeast-2.ec2.archive.ubuntu.com		main	47384	c79acf61f443ce9e181d6db22f299e9b6d63ff0de072462f110478351057c0c3	http://ap-northeast-2.ec2.archive.ubuntu.com/ubuntu/pool/main/p/parted/libparted-fs-resize0_3.3-4ubuntu0.20.04.1_amd64.deb	http://ap-northeast-2.ec2.archive.ubuntu.com/ubuntu/pool/main/p/parted/libparted-fs-resize0_3.3-4ubuntu0.20.04.1_amd64.deb	true	true	true	proxy_access_log
bionic-to-focal	libblockdev-fs2	2.23-2ubuntu3	amd64	libblockdev	libblockdev-fs2_2.23-2ubuntu3_amd64.deb	ap-northeast-2.ec2.archive.ubuntu.com		main	20128	cbc0e96f5cca8d39d568563c82605eb56d9999ce6189def8846b52b847a9c6db	http://ap-northeast-2.ec2.archive.ubuntu.com/ubuntu/pool/main/libb/libblockdev/libblockdev-fs2_2.23-2ubuntu3_amd64.deb	http://ap-northeast-2.ec2.archive.ubuntu.com/ubuntu/pool/main/libb/libblockdev/libblockdev-fs2_2.23-2ubuntu3_amd64.deb	true	true	true	proxy_access_log
bionic-to-focal	libblockdev-loop2	2.23-2ubuntu3	amd64	libblockdev	libblockdev-loop2_2.23-2ubuntu3_amd64.deb	ap-northeast-2.ec2.archive.ubuntu.com		main	6612	1b9283c294aa9fea8207978266a02e03956b07d95263cf1af251804663818463	http://ap-northeast-2.ec2.archive.ubuntu.com/ubuntu/pool/main/libb/libblockdev/libblockdev-loop2_2.23-2ubuntu3_amd64.deb	http://ap-northeast-2.ec2.archive.ubuntu.com/ubuntu/pool/main/libb/libblockdev/libblockdev-loop2_2.23-2ubuntu3_amd64.deb	true	true	true	proxy_access_log
bionic-to-focal	gdisk	1.0.5-1	amd64	gdisk	gdisk_1.0.5-1_amd64.deb	ap-northeast-2.ec2.archive.ubuntu.com		main	214516	2b679d03bf1ef51cfa834ffc21a7407db23424ca60c0466aec88d82cee04d504	http://ap-northeast-2.ec2.archive.ubuntu.com/ubuntu/pool/main/g/gdisk/gdisk_1.0.5-1_amd64.deb	http://ap-northeast-2.ec2.archive.ubuntu.com/ubuntu/pool/main/g/gdisk/gdisk_1.0.5-1_amd64.deb	true	true	true	proxy_access_log
bionic-to-focal	libblockdev-part2	2.23-2ubuntu3	amd64	libblockdev	libblockdev-part2_2.23-2ubuntu3_amd64.deb	ap-northeast-2.ec2.archive.ubuntu.com		main	15252	196e3b9dedcdc385ba3d5c477311e001ee30fb66ea77aca51bba308009fe1bfa	http://ap-northeast-2.ec2.archive.ubuntu.com/ubuntu/pool/main/libb/libblockdev/libblockdev-part2_2.23-2ubuntu3_amd64.deb	http://ap-northeast-2.ec2.archive.ubuntu.com/ubuntu/pool/main/libb/libblockdev/libblockdev-part2_2.23-2ubuntu3_amd64.deb	true	true	true	proxy_access_log
bionic-to-focal	libblockdev-swap2	2.23-2ubuntu3	amd64	libblockdev	libblockdev-swap2_2.23-2ubuntu3_amd64.deb	ap-northeast-2.ec2.archive.ubuntu.com		main	7764	23b6220c961c125a4147f4789c57c574e10cf46aa269603d8d45eda2d0482e10	http://ap-northeast-2.ec2.archive.ubuntu.com/ubuntu/pool/main/libb/libblockdev/libblockdev-swap2_2.23-2ubuntu3_amd64.deb	http://ap-northeast-2.ec2.archive.ubuntu.com/ubuntu/pool/main/libb/libblockdev/libblockdev-swap2_2.23-2ubuntu3_amd64.deb	true	true	true	proxy_access_log
bionic-to-focal	libblockdev2	2.23-2ubuntu3	amd64	libblockdev	libblockdev2_2.23-2ubuntu3_amd64.deb	ap-northeast-2.ec2.archive.ubuntu.com		main	34884	12c032096ed12b71dd4d42348e9156bf1cc63cfece838d10e28e79040206b45e	http://ap-northeast-2.ec2.archive.ubuntu.com/ubuntu/pool/main/libb/libblockdev/libblockdev2_2.23-2ubuntu3_amd64.deb	http://ap-northeast-2.ec2.archive.ubuntu.com/ubuntu/pool/main/libb/libblockdev/libblockdev2_2.23-2ubuntu3_amd64.deb	true	true	true	proxy_access_log
bionic-to-focal	libcomerr2	1.45.5-2ubuntu1.2	amd64	e2fsprogs	libcomerr2_1.45.5-2ubuntu1.2_amd64.deb	ap-northeast-2.ec2.archive.ubuntu.com		main	2712	2971ec46d586461c79dd7aa24237f0de48bbdaacea07b1a89b70de22f59276de	http://ap-northeast-2.ec2.archive.ubuntu.com/ubuntu/pool/main/e/e2fsprogs/libcomerr2_1.45.5-2ubuntu1.2_amd64.deb	http://ap-northeast-2.ec2.archive.ubuntu.com/ubuntu/pool/main/e/e2fsprogs/libcomerr2_1.45.5-2ubuntu1.2_amd64.deb	true	true	true	proxy_access_log
bionic-to-focal	libdbus-glib-1-2	0.110-5fakssync1	amd64	dbus-glib	libdbus-glib-1-2_0.110-5fakssync1_amd64.deb	ap-northeast-2.ec2.archive.ubuntu.com		main	59100	55cacf0768cf8551623c36ff4ec0c2ce15b3b2511eb1ad72bc57e53f4e428d60	http://ap-northeast-2.ec2.archive.ubuntu.com/ubuntu/pool/main/d/dbus-glib/libdbus-glib-1-2_0.110-5fakssync1_amd64.deb	http://ap-northeast-2.ec2.archive.ubuntu.com/ubuntu/pool/main/d/dbus-glib/libdbus-glib-1-2_0.110-5fakssync1_amd64.deb	true	true	true	proxy_access_log
bionic-to-focal	libdumbnet1	1.12-9build1	amd64	libdumbnet	libdumbnet1_1.12-9build1_amd64.deb	ap-northeast-2.ec2.archive.ubuntu.com		universe	25372	5b5082d4b2328b9c7d469a9cc50bb72104050e725a7b88b1938db855e67468d6	http://ap-northeast-2.ec2.archive.ubuntu.com/ubuntu/pool/universe/libd/libdumbnet/libdumbnet1_1.12-9build1_amd64.deb	http://ap-northeast-2.ec2.archive.ubuntu.com/ubuntu/pool/universe/libd/libdumbnet/libdumbnet1_1.12-9build1_amd64.deb	true	true	true	proxy_access_log
bionic-to-focal	libxmlb1	0.1.15-2ubuntu1%7e20.04.1	amd64	libxmlb1	libxmlb1_0.1.15-2ubuntu1%7e20.04.1_amd64.deb	ap-northeast-2.ec2.archive.ubuntu.com		main	50520	3f6cbe334bd146a26a47bb177bc3f10d4d688b160ee874eb4a58e250e21a06df	http://ap-northeast-2.ec2.archive.ubuntu.com/ubuntu/pool/main/libx/libxmlb/libxmlb1_0.1.15-2ubuntu1%7e20.04.1_amd64.deb	http://ap-northeast-2.ec2.archive.ubuntu.com/ubuntu/pool/main/libx/libxmlb/libxmlb1_0.1.15-2ubuntu1%7e20.04.1_amd64.deb	true	true	true	proxy_access_log
bionic-to-focal	libfwupdplugin1	1.5.11-0ubuntu1%7e20.04.2	amd64	libfwupdplugin1	libfwupdplugin1_1.5.11-0ubuntu1%7e20.04.2_amd64.deb	ap-northeast-2.ec2.archive.ubuntu.com		main	125544	95503dd6f6e99786adb75c5aa5c400e958913910eb973752cb09d5e348147f7a	http://ap-northeast-2.ec2.archive.ubuntu.com/ubuntu/pool/main/f/fwupd/libfwupdplugin1_1.5.11-0ubuntu1%7e20.04.2_amd64.deb	http://ap-northeast-2.ec2.archive.ubuntu.com/ubuntu/pool/main/f/fwupd/libfwupdplugin1_1.5.11-0ubuntu1%7e20.04.2_amd64.deb	true	true	true	proxy_access_log
bionic-to-focal	libgeoip1	1.6.12-6build1	amd64	geoip	libgeoip1_1.6.12-6build1_amd64.deb	ap-northeast-2.ec2.archive.ubuntu.com		universe	70524	c3f43ec54e8f8a499c73e2b3c759bde188b1182f3b324b509a0c92ec332f6cf2	http://ap-northeast-2.ec2.archive.ubuntu.com/ubuntu/pool/universe/g/geoip/libgeoip1_1.6.12-6build1_amd64.deb	http://ap-northeast-2.ec2.archive.ubuntu.com/ubuntu/pool/universe/g/geoip/libgeoip1_1.6.12-6build1_amd64.deb	true	true	true	proxy_access_log
bionic-to-focal	libgpg-error-l10n	1.37-1	all	libgpg-error	libgpg-error-l10n_1.37-1_all.deb	ap-northeast-2.ec2.archive.ubuntu.com		main	6880	7da4507e79d0d2ea2a56bb90bd7dfff9a3edbe25a1d336052e7fbea48f42eef8	http://ap-northeast-2.ec2.archive.ubuntu.com/ubuntu/pool/main/libg/libgpg-error/libgpg-error-l10n_1.37-1_all.deb	http://ap-northeast-2.ec2.archive.ubuntu.com/ubuntu/pool/main/libg/libgpg-error/libgpg-error-l10n_1.37-1_all.deb	true	true	true	proxy_access_log
bionic-to-focal	libiptc0	1.8.4-3ubuntu2.1	amd64	iptables	libiptc0_1.8.4-3ubuntu2.1_amd64.deb	ap-northeast-2.ec2.archive.ubuntu.com		universe	4120	17aa3737daf9f3df21565b93310c4597f70e5e4b716367483110ae544b24b0de	http://ap-northeast-2.ec2.archive.ubuntu.com/ubuntu/pool/universe/i/iptables/libiptc0_1.8.4-3ubuntu2.1_amd64.deb	http://ap-northeast-2.ec2.archive.ubuntu.com/ubuntu/pool/universe/i/iptables/libiptc0_1.8.4-3ubuntu2.1_amd64.deb	true	true	true	proxy_access_log
bionic-to-focal	libjs-jquery	3.3.1%7edfsg-3ubuntu0.1	all	libjs-jquery	libjs-jquery_3.3.1%7edfsg-3ubuntu0.1_all.deb	ap-northeast-2.ec2.archive.ubuntu.com		main	328900	6130f91c4dc37fee191bc555cabb529d9c07f457bfe29ebb70f19d4b06b7cfd5	http://ap-northeast-2.ec2.archive.ubuntu.com/ubuntu/pool/main/j/jquery/libjs-jquery_3.3.1%7edfsg-3ubuntu0.1_all.deb	http://ap-northeast-2.ec2.archive.ubuntu.com/ubuntu/pool/main/j/jquery/libjs-jquery_3.3.1%7edfsg-3ubuntu0.1_all.deb	true	true	true	proxy_access_log
bionic-to-focal	libjs-underscore	1.9.1%7edfsg-1ubuntu0.20.04.1	all	libjs-underscore	libjs-underscore_1.9.1%7edfsg-1ubuntu0.20.04.1_all.deb	ap-northeast-2.ec2.archive.ubuntu.com		main	99468	fc1988aeffae50691604027ec543c2b3401c7820a1f58607164b06d321a71de3	http://ap-northeast-2.ec2.archive.ubuntu.com/ubuntu/pool/main/u/underscore/libjs-underscore_1.9.1%7edfsg-1ubuntu0.20.04.1_all.deb	http://ap-northeast-2.ec2.archive.ubuntu.com/ubuntu/pool/main/u/underscore/libjs-underscore_1.9.1%7edfsg-1ubuntu0.20.04.1_all.deb	true	true	true	proxy_access_log
bionic-to-focal	libjs-sphinxdoc	1.8.5-7ubuntu3	all	sphinx	libjs-sphinxdoc_1.8.5-7ubuntu3_all.deb	ap-northeast-2.ec2.archive.ubuntu.com		main	97120	61e749c789b4942ef28c4497de025e9ae459e41c3b8da62ec66c99c504ec7d1e	http://ap-northeast-2.ec2.archive.ubuntu.com/ubuntu/pool/main/s/sphinx/libjs-sphinxdoc_1.8.5-7ubuntu3_all.deb	http://ap-northeast-2.ec2.archive.ubuntu.com/ubuntu/pool/main/s/sphinx/libjs-sphinxdoc_1.8.5-7ubuntu3_all.deb	true	true	true	proxy_access_log
bionic-to-focal	liblxc-common	4.0.12-0ubuntu1%7e20.04.1	amd64	liblxc-common	liblxc-common_4.0.12-0ubuntu1%7e20.04.1_amd64.deb	ap-northeast-2.ec2.archive.ubuntu.com		universe	728124	005c99da800e6a31d5ba9f708d66d07e7c274634b56d9d37273a7def6e20cb7f	http://ap-northeast-2.ec2.archive.ubuntu.com/ubuntu/pool/universe/l/lxc/liblxc-common_4.0.12-0ubuntu1%7e20.04.1_amd64.deb	http://ap-northeast-2.ec2.archive.ubuntu.com/ubuntu/pool/universe/l/lxc/liblxc-common_4.0.12-0ubuntu1%7e20.04.1_amd64.deb	true	true	true	proxy_access_log
bionic-to-focal	liblxc1	4.0.12-0ubuntu1%7e20.04.1	amd64	liblxc1	liblxc1_4.0.12-0ubuntu1%7e20.04.1_amd64.deb	ap-northeast-2.ec2.archive.ubuntu.com		universe	335412	75f6fed14652e11b67b7f8bba734aeee223fd426c9df28404e37d3450ec86f95	http://ap-northeast-2.ec2.archive.ubuntu.com/ubuntu/pool/universe/l/lxc/liblxc1_4.0.12-0ubuntu1%7e20.04.1_amd64.deb	http://ap-northeast-2.ec2.archive.ubuntu.com/ubuntu/pool/universe/l/lxc/liblxc1_4.0.12-0ubuntu1%7e20.04.1_amd64.deb	true	true	true	proxy_access_log
bionic-to-focal	nodejs	10.19.0%7edfsg-3ubuntu1.6	amd64	nodejs	nodejs_10.19.0%7edfsg-3ubuntu1.6_amd64.deb	ap-northeast-2.ec2.archive.ubuntu.com		universe	61620	2f8f703744628cb4c1663b7ab09447c213177f4bae1cf4b2b536f8ccb6a255d1	http://ap-northeast-2.ec2.archive.ubuntu.com/ubuntu/pool/universe/n/nodejs/nodejs_10.19.0%7edfsg-3ubuntu1.6_amd64.deb	http://ap-northeast-2.ec2.archive.ubuntu.com/ubuntu/pool/universe/n/nodejs/nodejs_10.19.0%7edfsg-3ubuntu1.6_amd64.deb	true	true	true	proxy_access_log
bionic-to-focal	libc-ares2	1.15.0-1ubuntu0.5	amd64	c-ares	libc-ares2_1.15.0-1ubuntu0.5_amd64.deb	ap-northeast-2.ec2.archive.ubuntu.com		main	36920	ee10082012c6b0fd6a50f7666d857d689e216574340157b7a604cbb470f06974	http://ap-northeast-2.ec2.archive.ubuntu.com/ubuntu/pool/main/c/c-ares/libc-ares2_1.15.0-1ubuntu0.5_amd64.deb	http://ap-northeast-2.ec2.archive.ubuntu.com/ubuntu/pool/main/c/c-ares/libc-ares2_1.15.0-1ubuntu0.5_amd64.deb	true	true	true	proxy_access_log
bionic-to-focal	libnode64	10.19.0%7edfsg-3ubuntu1.6	amd64	libnode64	libnode64_10.19.0%7edfsg-3ubuntu1.6_amd64.deb	ap-northeast-2.ec2.archive.ubuntu.com		universe	5764228	1baeb082440e19f47f794a14bf19f62e5e096349b2382381ad37d60bea8fdaa4	http://ap-northeast-2.ec2.archive.ubuntu.com/ubuntu/pool/universe/n/nodejs/libnode64_10.19.0%7edfsg-3ubuntu1.6_amd64.deb	http://ap-northeast-2.ec2.archive.ubuntu.com/ubuntu/pool/universe/n/nodejs/libnode64_10.19.0%7edfsg-3ubuntu1.6_amd64.deb	true	true	true	proxy_access_log
bionic-to-focal	libsasl2-modules	2.1.27%2bdfsg-2ubuntu0.1	amd64	libsasl2-modules	libsasl2-modules_2.1.27%2bdfsg-2ubuntu0.1_amd64.deb	ap-northeast-2.ec2.archive.ubuntu.com		main	48820	448ec354951db9969c379ee66a4b751459d2e1b239cc94e3b499216058f90ca2	http://ap-northeast-2.ec2.archive.ubuntu.com/ubuntu/pool/main/c/cyrus-sasl2/libsasl2-modules_2.1.27%2bdfsg-2ubuntu0.1_amd64.deb	http://ap-northeast-2.ec2.archive.ubuntu.com/ubuntu/pool/main/c/cyrus-sasl2/libsasl2-modules_2.1.27%2bdfsg-2ubuntu0.1_amd64.deb	true	true	true	proxy_access_log
bionic-to-focal	libsigsegv2	2.12-2	amd64	libsigsegv	libsigsegv2_2.12-2_amd64.deb	ap-northeast-2.ec2.archive.ubuntu.com		main	13888	58279e0a8af9cc299d7195f4b5dc1922f4b0779c1166d3715b335944102f9f7e	http://ap-northeast-2.ec2.archive.ubuntu.com/ubuntu/pool/main/libs/libsigsegv/libsigsegv2_2.12-2_amd64.deb	http://ap-northeast-2.ec2.archive.ubuntu.com/ubuntu/pool/main/libs/libsigsegv/libsigsegv2_2.12-2_amd64.deb	true	true	true	proxy_access_log
bionic-to-focal	libudisks2-0	2.8.4-1ubuntu2	amd64	udisks2	libudisks2-0_2.8.4-1ubuntu2_amd64.deb	ap-northeast-2.ec2.archive.ubuntu.com		main	99412	3caa6c34fbc0a2a79665b30e36c600c90b5f6ee3fcdd3ded1559bd4b9375ed0f	http://ap-northeast-2.ec2.archive.ubuntu.com/ubuntu/pool/main/u/udisks2/libudisks2-0_2.8.4-1ubuntu2_amd64.deb	http://ap-northeast-2.ec2.archive.ubuntu.com/ubuntu/pool/main/u/udisks2/libudisks2-0_2.8.4-1ubuntu2_amd64.deb	true	true	true	proxy_access_log
bionic-to-focal	libusb-0.1-4	0.1.12-32	amd64	libusb-0.1-4	libusb-0.1-4_0.1.12-32_amd64.deb	ap-northeast-2.ec2.archive.ubuntu.com		main	17400	c33b629b4a6d2e1dbffdec54a3a76605147b4df329cba8b6f2373e88664fb181	http://ap-northeast-2.ec2.archive.ubuntu.com/ubuntu/pool/main/libu/libusb/libusb-0.1-4_0.1.12-32_amd64.deb	http://ap-northeast-2.ec2.archive.ubuntu.com/ubuntu/pool/main/libu/libusb/libusb-0.1-4_0.1.12-32_amd64.deb	true	true	true	proxy_access_log
bionic-to-focal	linux-modules-5.15.0-1084-aws	5.15.0-1084.91%7e20.04.1	amd64	linux-modules-5.15.0-1084-aws	linux-modules-5.15.0-1084-aws_5.15.0-1084.91%7e20.04.1_amd64.deb	ap-northeast-2.ec2.archive.ubuntu.com		main	21910204	d77edc0ac847b99fda5494537071dc4aa38df72c8eb77c82bc817f80ed2e2590	http://ap-northeast-2.ec2.archive.ubuntu.com/ubuntu/pool/main/l/linux-aws-5.15/linux-modules-5.15.0-1084-aws_5.15.0-1084.91%7e20.04.1_amd64.deb	http://ap-northeast-2.ec2.archive.ubuntu.com/ubuntu/pool/main/l/linux-aws-5.15/linux-modules-5.15.0-1084-aws_5.15.0-1084.91%7e20.04.1_amd64.deb	true	true	true	proxy_access_log
bionic-to-focal	linux-image-5.15.0-1084-aws	5.15.0-1084.91%7e20.04.1	amd64	linux-image-5.15.0-1084-aws	linux-image-5.15.0-1084-aws_5.15.0-1084.91%7e20.04.1_amd64.deb	ap-northeast-2.ec2.archive.ubuntu.com		main	11462040	fc5d64c9b08c3cf710625905cf562a5c10d85d1a51e64fb068ea1fc8819aa6f5	http://ap-northeast-2.ec2.archive.ubuntu.com/ubuntu/pool/main/l/linux-signed-aws-5.15/linux-image-5.15.0-1084-aws_5.15.0-1084.91%7e20.04.1_amd64.deb	http://ap-northeast-2.ec2.archive.ubuntu.com/ubuntu/pool/main/l/linux-signed-aws-5.15/linux-image-5.15.0-1084-aws_5.15.0-1084.91%7e20.04.1_amd64.deb	true	true	true	proxy_access_log
bionic-to-focal	intel-microcode	3.20250512.0ubuntu0.20.04.1	amd64	intel-microcode	intel-microcode_3.20250512.0ubuntu0.20.04.1_amd64.deb	ap-northeast-2.ec2.archive.ubuntu.com		main	11094536	084d66843e9c9942f0953d1ee46256537984f79fc8be78203b1540790a9330b3	http://ap-northeast-2.ec2.archive.ubuntu.com/ubuntu/pool/main/i/intel-microcode/intel-microcode_3.20250512.0ubuntu0.20.04.1_amd64.deb	http://ap-northeast-2.ec2.archive.ubuntu.com/ubuntu/pool/main/i/intel-microcode/intel-microcode_3.20250512.0ubuntu0.20.04.1_amd64.deb	true	true	true	proxy_access_log
bionic-to-focal	amd64-microcode	3.20191218.1ubuntu1.3	amd64	amd64-microcode	amd64-microcode_3.20191218.1ubuntu1.3_amd64.deb	ap-northeast-2.ec2.archive.ubuntu.com		main	67260	cc884659f0e64c42d2b0b28b7642c4e4876b553c545e54b910fdeda14dc2905b	http://ap-northeast-2.ec2.archive.ubuntu.com/ubuntu/pool/main/a/amd64-microcode/amd64-microcode_3.20191218.1ubuntu1.3_amd64.deb	http://ap-northeast-2.ec2.archive.ubuntu.com/ubuntu/pool/main/a/amd64-microcode/amd64-microcode_3.20191218.1ubuntu1.3_amd64.deb	true	true	true	proxy_access_log
bionic-to-focal	microcode-initrd	2%7e20.04.0	amd64	microcode-initrd	microcode-initrd_2%7e20.04.0_amd64.deb	ap-northeast-2.ec2.archive.ubuntu.com		main	2984	0f27fe07b83f768d2432122a4e7e2a7af6d2061a6cfc17f3a87b27b426bf831c	http://ap-northeast-2.ec2.archive.ubuntu.com/ubuntu/pool/main/m/microcode-initrd/microcode-initrd_2%7e20.04.0_amd64.deb	http://ap-northeast-2.ec2.archive.ubuntu.com/ubuntu/pool/main/m/microcode-initrd/microcode-initrd_2%7e20.04.0_amd64.deb	true	true	true	proxy_access_log
bionic-to-focal	linux-aws	5.15.0.1084.91%7e20.04.1	amd64	linux-aws	linux-aws_5.15.0.1084.91%7e20.04.1_amd64.deb	ap-northeast-2.ec2.archive.ubuntu.com		main	1936	1ef7259cc9081ae50c8175cc4a2d47770f8ff555a42d2eccbc85f0a4ffa8a54a	http://ap-northeast-2.ec2.archive.ubuntu.com/ubuntu/pool/main/l/linux-meta-aws-5.15/linux-aws_5.15.0.1084.91%7e20.04.1_amd64.deb	http://ap-northeast-2.ec2.archive.ubuntu.com/ubuntu/pool/main/l/linux-meta-aws-5.15/linux-aws_5.15.0.1084.91%7e20.04.1_amd64.deb	true	true	true	proxy_access_log
bionic-to-focal	linux-image-aws	5.15.0.1084.91%7e20.04.1	amd64	linux-image-aws	linux-image-aws_5.15.0.1084.91%7e20.04.1_amd64.deb	ap-northeast-2.ec2.archive.ubuntu.com		main	2588	fa9f6b20764d6e6a62af16c41a9be2fa4b47aca88c6d9d84b776ad55d2b018fc	http://ap-northeast-2.ec2.archive.ubuntu.com/ubuntu/pool/main/l/linux-meta-aws-5.15/linux-image-aws_5.15.0.1084.91%7e20.04.1_amd64.deb	http://ap-northeast-2.ec2.archive.ubuntu.com/ubuntu/pool/main/l/linux-meta-aws-5.15/linux-image-aws_5.15.0.1084.91%7e20.04.1_amd64.deb	true	true	true	proxy_access_log
bionic-to-focal	linux-aws-5.15-headers-5.15.0-1084	5.15.0-1084.91%7e20.04.1	all	linux-aws-5.15-headers-5.15.0-1084	linux-aws-5.15-headers-5.15.0-1084_5.15.0-1084.91%7e20.04.1_all.deb	ap-northeast-2.ec2.archive.ubuntu.com		main	12022968	48b7227b993965183886ad9ae2fe8e7eb4f7b22ec8b3c650d68a4d1b36b90c02	http://ap-northeast-2.ec2.archive.ubuntu.com/ubuntu/pool/main/l/linux-aws-5.15/linux-aws-5.15-headers-5.15.0-1084_5.15.0-1084.91%7e20.04.1_all.deb	http://ap-northeast-2.ec2.archive.ubuntu.com/ubuntu/pool/main/l/linux-aws-5.15/linux-aws-5.15-headers-5.15.0-1084_5.15.0-1084.91%7e20.04.1_all.deb	true	true	true	proxy_access_log
bionic-to-focal	linux-headers-5.15.0-1084-aws	5.15.0-1084.91%7e20.04.1	amd64	linux-headers-5.15.0-1084-aws	linux-headers-5.15.0-1084-aws_5.15.0-1084.91%7e20.04.1_amd64.deb	ap-northeast-2.ec2.archive.ubuntu.com		main	2701364	2c2ea222566e355e47f6ccc3d173654e5fdd46ce18a6e0a1718351e2340037af	http://ap-northeast-2.ec2.archive.ubuntu.com/ubuntu/pool/main/l/linux-aws-5.15/linux-headers-5.15.0-1084-aws_5.15.0-1084.91%7e20.04.1_amd64.deb	http://ap-northeast-2.ec2.archive.ubuntu.com/ubuntu/pool/main/l/linux-aws-5.15/linux-headers-5.15.0-1084-aws_5.15.0-1084.91%7e20.04.1_amd64.deb	true	true	true	proxy_access_log
bionic-to-focal	linux-headers-aws	5.15.0.1084.91%7e20.04.1	amd64	linux-headers-aws	linux-headers-aws_5.15.0.1084.91%7e20.04.1_amd64.deb	ap-northeast-2.ec2.archive.ubuntu.com		main	2504	acd9115aaf74a0864f165dff411e8dab8d38c39e3fb0daf521980dd75600b48f	http://ap-northeast-2.ec2.archive.ubuntu.com/ubuntu/pool/main/l/linux-meta-aws-5.15/linux-headers-aws_5.15.0.1084.91%7e20.04.1_amd64.deb	http://ap-northeast-2.ec2.archive.ubuntu.com/ubuntu/pool/main/l/linux-meta-aws-5.15/linux-headers-aws_5.15.0.1084.91%7e20.04.1_amd64.deb	true	true	true	proxy_access_log
bionic-to-focal	linux-aws-headers-5.4.0-1103	5.4.0-1103.111	all	linux-aws	linux-aws-headers-5.4.0-1103_5.4.0-1103.111_all.deb	ap-northeast-2.ec2.archive.ubuntu.com		main	11007008	858e98f01874c288aa32d1af4cb42560c8f762a92a8c9d8c85dd02842365e6f8	http://ap-northeast-2.ec2.archive.ubuntu.com/ubuntu/pool/main/l/linux-aws/linux-aws-headers-5.4.0-1103_5.4.0-1103.111_all.deb	http://ap-northeast-2.ec2.archive.ubuntu.com/ubuntu/pool/main/l/linux-aws/linux-aws-headers-5.4.0-1103_5.4.0-1103.111_all.deb	true	true	true	proxy_access_log
bionic-to-focal	linux-headers-5.4.0-1103-aws	5.4.0-1103.111	amd64	linux-aws	linux-headers-5.4.0-1103-aws_5.4.0-1103.111_amd64.deb	ap-northeast-2.ec2.archive.ubuntu.com		main	1234248	66c487443bee75a9dab1f57a94cea6694b5a9639307d3aada9db9f61ca3d35c7	http://ap-northeast-2.ec2.archive.ubuntu.com/ubuntu/pool/main/l/linux-aws/linux-headers-5.4.0-1103-aws_5.4.0-1103.111_amd64.deb	http://ap-northeast-2.ec2.archive.ubuntu.com/ubuntu/pool/main/l/linux-aws/linux-headers-5.4.0-1103-aws_5.4.0-1103.111_amd64.deb	true	true	true	proxy_access_log
bionic-to-focal	linux-modules-5.4.0-1103-aws	5.4.0-1103.111	amd64	linux-aws	linux-modules-5.4.0-1103-aws_5.4.0-1103.111_amd64.deb	ap-northeast-2.ec2.archive.ubuntu.com		main	14390496	78058bb4a0c8597da836f7bc17e1397686997300d84a9131ba9a4221418d07d7	http://ap-northeast-2.ec2.archive.ubuntu.com/ubuntu/pool/main/l/linux-aws/linux-modules-5.4.0-1103-aws_5.4.0-1103.111_amd64.deb	http://ap-northeast-2.ec2.archive.ubuntu.com/ubuntu/pool/main/l/linux-aws/linux-modules-5.4.0-1103-aws_5.4.0-1103.111_amd64.deb	true	true	true	proxy_access_log
bionic-to-focal	linux-image-5.4.0-1103-aws	5.4.0-1103.111	amd64	linux-signed-aws	linux-image-5.4.0-1103-aws_5.4.0-1103.111_amd64.deb	ap-northeast-2.ec2.archive.ubuntu.com		main	10092412	8b5ae549e11f6d5311a0fff0f92099838ab452b04d5e2481aaacae604d221023	http://ap-northeast-2.ec2.archive.ubuntu.com/ubuntu/pool/main/l/linux-signed-aws/linux-image-5.4.0-1103-aws_5.4.0-1103.111_amd64.deb	http://ap-northeast-2.ec2.archive.ubuntu.com/ubuntu/pool/main/l/linux-signed-aws/linux-image-5.4.0-1103-aws_5.4.0-1103.111_amd64.deb	true	true	true	proxy_access_log
bionic-to-focal	lxd-agent-loader	0.4	all	lxd-agent-loader	lxd-agent-loader_0.4_all.deb	ap-northeast-2.ec2.archive.ubuntu.com		main	3512	8262bfa0688c8a2461d37de5103b62a319f6e9821cf172fc370f13075362be36	http://ap-northeast-2.ec2.archive.ubuntu.com/ubuntu/pool/main/l/lxd-agent-loader/lxd-agent-loader_0.4_all.deb	http://ap-northeast-2.ec2.archive.ubuntu.com/ubuntu/pool/main/l/lxd-agent-loader/lxd-agent-loader_0.4_all.deb	true	true	true	proxy_access_log
bionic-to-focal	makedev	2.3.1-94	all	makedev	makedev_2.3.1-94_all.deb	ap-northeast-2.ec2.archive.ubuntu.com		universe	25124	6d0a183b3eb6119036cd448381252e75e450296dff2642f2b72b46436aca4a09	http://ap-northeast-2.ec2.archive.ubuntu.com/ubuntu/pool/universe/m/makedev/makedev_2.3.1-94_all.deb	http://ap-northeast-2.ec2.archive.ubuntu.com/ubuntu/pool/universe/m/makedev/makedev_2.3.1-94_all.deb	true	true	true	proxy_access_log
bionic-to-focal	mlocate	0.26-3ubuntu3	amd64	mlocate	mlocate_0.26-3ubuntu3_amd64.deb	ap-northeast-2.ec2.archive.ubuntu.com		main	50136	3c54f1aca0b4ecb78886aa8d3df78096cef9672cdfda442d85134cf8e8439e5d	http://ap-northeast-2.ec2.archive.ubuntu.com/ubuntu/pool/main/m/mlocate/mlocate_0.26-3ubuntu3_amd64.deb	http://ap-northeast-2.ec2.archive.ubuntu.com/ubuntu/pool/main/m/mlocate/mlocate_0.26-3ubuntu3_amd64.deb	true	true	true	proxy_access_log
bionic-to-focal	modemmanager	1.18.6-1%7eubuntu20.04.1	amd64	modemmanager	modemmanager_1.18.6-1%7eubuntu20.04.1_amd64.deb	ap-northeast-2.ec2.archive.ubuntu.com		main	895044	44366bd1f50b67289ac752bd189f7f1d8e2321fbdd1e8db0caa736d0063a8e08	http://ap-northeast-2.ec2.archive.ubuntu.com/ubuntu/pool/main/m/modemmanager/modemmanager_1.18.6-1%7eubuntu20.04.1_amd64.deb	http://ap-northeast-2.ec2.archive.ubuntu.com/ubuntu/pool/main/m/modemmanager/modemmanager_1.18.6-1%7eubuntu20.04.1_amd64.deb	true	true	true	proxy_access_log
bionic-to-focal	ncurses-term	6.2-0ubuntu2.1	all	ncurses	ncurses-term_6.2-0ubuntu2.1_all.deb	ap-northeast-2.ec2.archive.ubuntu.com		main	249288	91be9b1f018189a028d89c0930eccfc9f9fd5d3b361b2c085382eb4c42b6ebb8	http://ap-northeast-2.ec2.archive.ubuntu.com/ubuntu/pool/main/n/ncurses/ncurses-term_6.2-0ubuntu2.1_all.deb	http://ap-northeast-2.ec2.archive.ubuntu.com/ubuntu/pool/main/n/ncurses/ncurses-term_6.2-0ubuntu2.1_all.deb	true	true	true	proxy_access_log
bionic-to-focal	net-tools	1.60%2bgit20180626.aebd88e-1ubuntu1.3	amd64	net-tools	net-tools_1.60%2bgit20180626.aebd88e-1ubuntu1.3_amd64.deb	ap-northeast-2.ec2.archive.ubuntu.com		main	192252	1cb4553bcc5500fb1c60a502a03ae92e656aa51fb0f45b87655222de5f0329ca	http://ap-northeast-2.ec2.archive.ubuntu.com/ubuntu/pool/main/n/net-tools/net-tools_1.60%2bgit20180626.aebd88e-1ubuntu1.3_amd64.deb	http://ap-northeast-2.ec2.archive.ubuntu.com/ubuntu/pool/main/n/net-tools/net-tools_1.60%2bgit20180626.aebd88e-1ubuntu1.3_amd64.deb	true	true	true	proxy_access_log
bionic-to-focal	nodejs-doc	10.19.0%7edfsg-3ubuntu1.6	all	nodejs-doc	nodejs-doc_10.19.0%7edfsg-3ubuntu1.6_all.deb	ap-northeast-2.ec2.archive.ubuntu.com		universe	943084	2c50dce3790e2f719bdde4fad365c8ee749a397aae7376dadb81a0bf36ad908b	http://ap-northeast-2.ec2.archive.ubuntu.com/ubuntu/pool/universe/n/nodejs/nodejs-doc_10.19.0%7edfsg-3ubuntu1.6_all.deb	http://ap-northeast-2.ec2.archive.ubuntu.com/ubuntu/pool/universe/n/nodejs/nodejs-doc_10.19.0%7edfsg-3ubuntu1.6_all.deb	true	true	true	proxy_access_log
bionic-to-focal	ntpdate	4.2.8p12%2bdfsg-3ubuntu4.20.04.1	amd64	ntpdate	ntpdate_4.2.8p12%2bdfsg-3ubuntu4.20.04.1_amd64.deb	ap-northeast-2.ec2.archive.ubuntu.com		universe	48808	3a0648349d0e593b11d61864444ff23f9036539246e3ad2c94f5c2297dfd9667	http://ap-northeast-2.ec2.archive.ubuntu.com/ubuntu/pool/universe/n/ntp/ntpdate_4.2.8p12%2bdfsg-3ubuntu4.20.04.1_amd64.deb	http://ap-northeast-2.ec2.archive.ubuntu.com/ubuntu/pool/universe/n/ntp/ntpdate_4.2.8p12%2bdfsg-3ubuntu4.20.04.1_amd64.deb	true	true	true	proxy_access_log
bionic-to-focal	os-prober	1.74ubuntu2	amd64	os-prober	os-prober_1.74ubuntu2_amd64.deb	ap-northeast-2.ec2.archive.ubuntu.com		main	20076	765415171edbeb7266f186a95f9fbeb91a6c49cf1ab386281b6be48a7c637d4f	http://ap-northeast-2.ec2.archive.ubuntu.com/ubuntu/pool/main/o/os-prober/os-prober_1.74ubuntu2_amd64.deb	http://ap-northeast-2.ec2.archive.ubuntu.com/ubuntu/pool/main/o/os-prober/os-prober_1.74ubuntu2_amd64.deb	true	true	true	proxy_access_log
bionic-to-focal	packagekit-tools	1.1.13-2ubuntu1.1	amd64	packagekit	packagekit-tools_1.1.13-2ubuntu1.1_amd64.deb	ap-northeast-2.ec2.archive.ubuntu.com		main	32768	a39743d943d950a88d590dd354a9db05f147f11cfe8af923b98a48e1c68678a7	http://ap-northeast-2.ec2.archive.ubuntu.com/ubuntu/pool/main/p/packagekit/packagekit-tools_1.1.13-2ubuntu1.1_amd64.deb	http://ap-northeast-2.ec2.archive.ubuntu.com/ubuntu/pool/main/p/packagekit/packagekit-tools_1.1.13-2ubuntu1.1_amd64.deb	true	true	true	proxy_access_log
bionic-to-focal	pastebinit	1.5.1-1	all	pastebinit	pastebinit_1.5.1-1_all.deb	ap-northeast-2.ec2.archive.ubuntu.com		main	14208	a273eb9e2cc30adc442c91aa20ad5e6019028f9952ad8178662dea76c45f4bac	http://ap-northeast-2.ec2.archive.ubuntu.com/ubuntu/pool/main/p/pastebinit/pastebinit_1.5.1-1_all.deb	http://ap-northeast-2.ec2.archive.ubuntu.com/ubuntu/pool/main/p/pastebinit/pastebinit_1.5.1-1_all.deb	true	true	true	proxy_access_log
bionic-to-focal	python-asn1crypto	0.24.0-1build1	all	asn1crypto	python-asn1crypto_0.24.0-1build1_all.deb	ap-northeast-2.ec2.archive.ubuntu.com		universe	72804	359b20c5bd07f637f592379ea9ea2402d17e8aab3d6e0e05eedbbd4751eb1126	http://ap-northeast-2.ec2.archive.ubuntu.com/ubuntu/pool/universe/a/asn1crypto/python-asn1crypto_0.24.0-1build1_all.deb	http://ap-northeast-2.ec2.archive.ubuntu.com/ubuntu/pool/universe/a/asn1crypto/python-asn1crypto_0.24.0-1build1_all.deb	true	true	true	proxy_access_log
bionic-to-focal	python-backports-abc	0.5-2ubuntu1	all	python-backports-abc	python-backports-abc_0.5-2ubuntu1_all.deb	ap-northeast-2.ec2.archive.ubuntu.com		universe	5892	80655c093756c575e5596a8e01f6fedc0318b7a9298db4253e65f1e7ce3c4924	http://ap-northeast-2.ec2.archive.ubuntu.com/ubuntu/pool/universe/p/python-backports-abc/python-backports-abc_0.5-2ubuntu1_all.deb	http://ap-northeast-2.ec2.archive.ubuntu.com/ubuntu/pool/universe/p/python-backports-abc/python-backports-abc_0.5-2ubuntu1_all.deb	true	true	true	proxy_access_log
bionic-to-focal	python-blinker	1.4%2bdfsg1-0.3ubuntu1	all	python-blinker	python-blinker_1.4%2bdfsg1-0.3ubuntu1_all.deb	ap-northeast-2.ec2.archive.ubuntu.com		universe	13172	2c78c4c2e2c45a114e03601708885d9f8efcd33a0ecaae5fb4e130f9b3d83fb8	http://ap-northeast-2.ec2.archive.ubuntu.com/ubuntu/pool/universe/b/blinker/python-blinker_1.4%2bdfsg1-0.3ubuntu1_all.deb	http://ap-northeast-2.ec2.archive.ubuntu.com/ubuntu/pool/universe/b/blinker/python-blinker_1.4%2bdfsg1-0.3ubuntu1_all.deb	true	true	true	proxy_access_log
bionic-to-focal	python-certifi	2019.11.28-1	all	python-certifi	python-certifi_2019.11.28-1_all.deb	ap-northeast-2.ec2.archive.ubuntu.com		universe	148840	65ed64ce4ddc2bcc862996fe09518037d6e61c17b923545ebc507f045150f681	http://ap-northeast-2.ec2.archive.ubuntu.com/ubuntu/pool/universe/p/python-certifi/python-certifi_2019.11.28-1_all.deb	http://ap-northeast-2.ec2.archive.ubuntu.com/ubuntu/pool/universe/p/python-certifi/python-certifi_2019.11.28-1_all.deb	true	true	true	proxy_access_log
bionic-to-focal	python-cffi-backend	1.14.0-1build1	amd64	python-cffi	python-cffi-backend_1.14.0-1build1_amd64.deb	ap-northeast-2.ec2.archive.ubuntu.com		universe	69640	7fbaa0b0c57654275a7e59ff4497b80122cda9fb41cb03d73ac300c721c62d53	http://ap-northeast-2.ec2.archive.ubuntu.com/ubuntu/pool/universe/p/python-cffi/python-cffi-backend_1.14.0-1build1_amd64.deb	http://ap-northeast-2.ec2.archive.ubuntu.com/ubuntu/pool/universe/p/python-cffi/python-cffi-backend_1.14.0-1build1_amd64.deb	true	true	true	proxy_access_log
bionic-to-focal	python-setuptools	44.0.0-2ubuntu0.1	all	python-setuptools	python-setuptools_44.0.0-2ubuntu0.1_all.deb	ap-northeast-2.ec2.archive.ubuntu.com		universe	329616	ba7c1ce97b96ae794e08a14df91acff3afef984ec4d192c4404c1fee8613de06	http://ap-northeast-2.ec2.archive.ubuntu.com/ubuntu/pool/universe/p/python-setuptools/python-setuptools_44.0.0-2ubuntu0.1_all.deb	http://ap-northeast-2.ec2.archive.ubuntu.com/ubuntu/pool/universe/p/python-setuptools/python-setuptools_44.0.0-2ubuntu0.1_all.deb	true	true	true	proxy_access_log
bionic-to-focal	python-pkg-resources	44.0.0-2ubuntu0.1	all	python-setuptools	python-pkg-resources_44.0.0-2ubuntu0.1_all.deb	ap-northeast-2.ec2.archive.ubuntu.com		universe	129632	60b6754aec96c97962fbbe7b1e5d7c6034bc88fc3c23c36648e92e17431f1cd6	http://ap-northeast-2.ec2.archive.ubuntu.com/ubuntu/pool/universe/p/python-setuptools/python-pkg-resources_44.0.0-2ubuntu0.1_all.deb	http://ap-northeast-2.ec2.archive.ubuntu.com/ubuntu/pool/universe/p/python-setuptools/python-pkg-resources_44.0.0-2ubuntu0.1_all.deb	true	true	true	proxy_access_log
bionic-to-focal	python-chardet	3.0.4-4build1	all	chardet	python-chardet_3.0.4-4build1_all.deb	ap-northeast-2.ec2.archive.ubuntu.com		universe	80524	974e4f24dec4db280c5c67854024f73a9428b3f9a884be159bd091b1e4d97a16	http://ap-northeast-2.ec2.archive.ubuntu.com/ubuntu/pool/universe/c/chardet/python-chardet_3.0.4-4build1_all.deb	http://ap-northeast-2.ec2.archive.ubuntu.com/ubuntu/pool/universe/c/chardet/python-chardet_3.0.4-4build1_all.deb	true	true	true	proxy_access_log
bionic-to-focal	python-concurrent.futures	3.3.0-4	all	python-concurrent.futures	python-concurrent.futures_3.3.0-4_all.deb	ap-northeast-2.ec2.archive.ubuntu.com		universe	16104	79a0ac92da74ea203f8124274be50f408f2ad6d9647863feabccf6dfaeb401a4	http://ap-northeast-2.ec2.archive.ubuntu.com/ubuntu/pool/universe/p/python-concurrent.futures/python-concurrent.futures_3.3.0-4_all.deb	http://ap-northeast-2.ec2.archive.ubuntu.com/ubuntu/pool/universe/p/python-concurrent.futures/python-concurrent.futures_3.3.0-4_all.deb	true	true	true	proxy_access_log
bionic-to-focal	python-configparser	3.5.0b2-3build1	all	configparser	python-configparser_3.5.0b2-3build1_all.deb	ap-northeast-2.ec2.archive.ubuntu.com		universe	58984	160927e5c4aafdea6c8828398cec2aa65f0bcb0b3d64477a81a35ec358514731	http://ap-northeast-2.ec2.archive.ubuntu.com/ubuntu/pool/universe/c/configparser/python-configparser_3.5.0b2-3build1_all.deb	http://ap-northeast-2.ec2.archive.ubuntu.com/ubuntu/pool/universe/c/configparser/python-configparser_3.5.0b2-3build1_all.deb	true	true	true	proxy_access_log
bionic-to-focal	python-crypto	2.6.1-13ubuntu2	amd64	python-crypto	python-crypto_2.6.1-13ubuntu2_amd64.deb	ap-northeast-2.ec2.archive.ubuntu.com		universe	237328	2e8b2151fcc08063dff6c39b31a620d2f7481663dabb4b3354d1bade816f1c8b	http://ap-northeast-2.ec2.archive.ubuntu.com/ubuntu/pool/universe/p/python-crypto/python-crypto_2.6.1-13ubuntu2_amd64.deb	http://ap-northeast-2.ec2.archive.ubuntu.com/ubuntu/pool/universe/p/python-crypto/python-crypto_2.6.1-13ubuntu2_amd64.deb	true	true	true	proxy_access_log
bionic-to-focal	python-enum34	1.1.6-2ubuntu1	all	enum34	python-enum34_1.1.6-2ubuntu1_all.deb	ap-northeast-2.ec2.archive.ubuntu.com		universe	34884	75056f0f495f8a3042264bebf10de39d59ea7920f14f66cbc74c807cbc11945b	http://ap-northeast-2.ec2.archive.ubuntu.com/ubuntu/pool/universe/e/enum34/python-enum34_1.1.6-2ubuntu1_all.deb	http://ap-northeast-2.ec2.archive.ubuntu.com/ubuntu/pool/universe/e/enum34/python-enum34_1.1.6-2ubuntu1_all.deb	true	true	true	proxy_access_log
bionic-to-focal	python-ipaddress	1.0.17-1build1	all	python-ipaddress	python-ipaddress_1.0.17-1build1_all.deb	ap-northeast-2.ec2.archive.ubuntu.com		universe	18360	6de82f5b5a4ea8b415aaa3494dc50ffc153ba7a7f2c859738eeb8c02a614dfe3	http://ap-northeast-2.ec2.archive.ubuntu.com/ubuntu/pool/universe/p/python-ipaddress/python-ipaddress_1.0.17-1build1_all.deb	http://ap-northeast-2.ec2.archive.ubuntu.com/ubuntu/pool/universe/p/python-ipaddress/python-ipaddress_1.0.17-1build1_all.deb	true	true	true	proxy_access_log
bionic-to-focal	python-six	1.14.0-2	all	six	python-six_1.14.0-2_all.deb	ap-northeast-2.ec2.archive.ubuntu.com		universe	12008	e009f8b3e58cc1ceaaed8f7b186af4b9b63f732c28926a91c4b9c7ac5187a440	http://ap-northeast-2.ec2.archive.ubuntu.com/ubuntu/pool/universe/s/six/python-six_1.14.0-2_all.deb	http://ap-northeast-2.ec2.archive.ubuntu.com/ubuntu/pool/universe/s/six/python-six_1.14.0-2_all.deb	true	true	true	proxy_access_log
bionic-to-focal	python-cryptography	2.8-3ubuntu0.3	amd64	python-cryptography	python-cryptography_2.8-3ubuntu0.3_amd64.deb	ap-northeast-2.ec2.archive.ubuntu.com		universe	254220	b9edc033cf04a0b53ba74851a2e0077f42165277a5356165c8e416fa33cb5e8c	http://ap-northeast-2.ec2.archive.ubuntu.com/ubuntu/pool/universe/p/python-cryptography/python-cryptography_2.8-3ubuntu0.3_amd64.deb	http://ap-northeast-2.ec2.archive.ubuntu.com/ubuntu/pool/universe/p/python-cryptography/python-cryptography_2.8-3ubuntu0.3_amd64.deb	true	true	true	proxy_access_log
bionic-to-focal	python-dbus	1.2.16-1build1	amd64	dbus-python	python-dbus_1.2.16-1build1_amd64.deb	ap-northeast-2.ec2.archive.ubuntu.com		universe	93412	0ea9dada5e2fc0dfc7507ff7ff4029c83198585588160f42e24ad1ff8eab1662	http://ap-northeast-2.ec2.archive.ubuntu.com/ubuntu/pool/universe/d/dbus-python/python-dbus_1.2.16-1build1_amd64.deb	http://ap-northeast-2.ec2.archive.ubuntu.com/ubuntu/pool/universe/d/dbus-python/python-dbus_1.2.16-1build1_amd64.deb	true	true	true	proxy_access_log
bionic-to-focal	python-dev-is-python2	2.7.17-4	all	what-is-python (4)	python-dev-is-python2_2.7.17-4_all.deb	ap-northeast-2.ec2.archive.ubuntu.com		universe	1396	f31899e03a683aef1d9006f769a7807d62e26805e9743b61236007296c78908d	http://ap-northeast-2.ec2.archive.ubuntu.com/ubuntu/pool/universe/w/what-is-python/python-dev-is-python2_2.7.17-4_all.deb	http://ap-northeast-2.ec2.archive.ubuntu.com/ubuntu/pool/universe/w/what-is-python/python-dev-is-python2_2.7.17-4_all.deb	true	true	true	proxy_access_log
bionic-to-focal	python-entrypoints	0.3-2ubuntu1	all	entrypoints	python-entrypoints_0.3-2ubuntu1_all.deb	ap-northeast-2.ec2.archive.ubuntu.com		universe	5672	578fc7f27e712fcdd3ca36820f63eb6528c57c1d1ddcd7b7751c219f35690dbf	http://ap-northeast-2.ec2.archive.ubuntu.com/ubuntu/pool/universe/e/entrypoints/python-entrypoints_0.3-2ubuntu1_all.deb	http://ap-northeast-2.ec2.archive.ubuntu.com/ubuntu/pool/universe/e/entrypoints/python-entrypoints_0.3-2ubuntu1_all.deb	true	true	true	proxy_access_log
bionic-to-focal	python-idna	2.8-1ubuntu0.1	all	python-idna	python-idna_2.8-1ubuntu0.1_all.deb	ap-northeast-2.ec2.archive.ubuntu.com		universe	36076	d06e2ffec7201cf117c92c635238b3e503969f3a6037e004a635eedecaff7244	http://ap-northeast-2.ec2.archive.ubuntu.com/ubuntu/pool/universe/p/python-idna/python-idna_2.8-1ubuntu0.1_all.deb	http://ap-northeast-2.ec2.archive.ubuntu.com/ubuntu/pool/universe/p/python-idna/python-idna_2.8-1ubuntu0.1_all.deb	true	true	true	proxy_access_log
bionic-to-focal	python-markupsafe	1.1.0-1build2	amd64	markupsafe	python-markupsafe_1.1.0-1build2_amd64.deb	ap-northeast-2.ec2.archive.ubuntu.com		universe	13164	284001db8de316cd40979f814f5c9277186a3208f54d4a3cf9c6aac25ae0e980	http://ap-northeast-2.ec2.archive.ubuntu.com/ubuntu/pool/universe/m/markupsafe/python-markupsafe_1.1.0-1build2_amd64.deb	http://ap-northeast-2.ec2.archive.ubuntu.com/ubuntu/pool/universe/m/markupsafe/python-markupsafe_1.1.0-1build2_amd64.deb	true	true	true	proxy_access_log
bionic-to-focal	python-jinja2	2.10.1-2ubuntu0.6	all	jinja2	python-jinja2_2.10.1-2ubuntu0.6_all.deb	ap-northeast-2.ec2.archive.ubuntu.com		universe	95672	f22a63084a8ddc0646377d4ead9b4d46f8340abd2f8900a809d53c46c68a9d76	http://ap-northeast-2.ec2.archive.ubuntu.com/ubuntu/pool/universe/j/jinja2/python-jinja2_2.10.1-2ubuntu0.6_all.deb	http://ap-northeast-2.ec2.archive.ubuntu.com/ubuntu/pool/universe/j/jinja2/python-jinja2_2.10.1-2ubuntu0.6_all.deb	true	true	true	proxy_access_log
bionic-to-focal	python-keyring	18.0.1-2ubuntu1	all	python-keyring	python-keyring_18.0.1-2ubuntu1_all.deb	ap-northeast-2.ec2.archive.ubuntu.com		universe	32896	2aa0fb134495c992325e2989a96125220fb59b611827cf5f33e4bacfefe1bf16	http://ap-northeast-2.ec2.archive.ubuntu.com/ubuntu/pool/universe/p/python-keyring/python-keyring_18.0.1-2ubuntu1_all.deb	http://ap-northeast-2.ec2.archive.ubuntu.com/ubuntu/pool/universe/p/python-keyring/python-keyring_18.0.1-2ubuntu1_all.deb	true	true	true	proxy_access_log
bionic-to-focal	python-netaddr	0.7.19-3ubuntu1	all	python-netaddr	python-netaddr_0.7.19-3ubuntu1_all.deb	ap-northeast-2.ec2.archive.ubuntu.com		universe	236732	4944187edc0bbfc9b6dc83f5bb2793acd484a24fcb6e8da5c1eaf0efc19491e0	http://ap-northeast-2.ec2.archive.ubuntu.com/ubuntu/pool/universe/p/python-netaddr/python-netaddr_0.7.19-3ubuntu1_all.deb	http://ap-northeast-2.ec2.archive.ubuntu.com/ubuntu/pool/universe/p/python-netaddr/python-netaddr_0.7.19-3ubuntu1_all.deb	true	true	true	proxy_access_log
bionic-to-focal	python-openssl	19.0.0-1build1	all	pyopenssl	python-openssl_19.0.0-1build1_all.deb	ap-northeast-2.ec2.archive.ubuntu.com		universe	43148	d6dc14cea6a2a3b9fa8561a205340807ed651f439d86af055fd9095447dfda94	http://ap-northeast-2.ec2.archive.ubuntu.com/ubuntu/pool/universe/p/pyopenssl/python-openssl_19.0.0-1build1_all.deb	http://ap-northeast-2.ec2.archive.ubuntu.com/ubuntu/pool/universe/p/pyopenssl/python-openssl_19.0.0-1build1_all.deb	true	true	true	proxy_access_log
bionic-to-focal	python-pip-whl	20.0.2-5ubuntu1.11	all	python-pip	python-pip-whl_20.0.2-5ubuntu1.11_all.deb	ap-northeast-2.ec2.archive.ubuntu.com		universe	1808412	13c1dbfc0cb17da06ab38946242f2cf52c28083b688330d30fd0590ea72e3784	http://ap-northeast-2.ec2.archive.ubuntu.com/ubuntu/pool/universe/p/python-pip/python-pip-whl_20.0.2-5ubuntu1.11_all.deb	http://ap-northeast-2.ec2.archive.ubuntu.com/ubuntu/pool/universe/p/python-pip/python-pip-whl_20.0.2-5ubuntu1.11_all.deb	true	true	true	proxy_access_log
bionic-to-focal	python-psutil	5.5.1-1ubuntu4	amd64	python-psutil	python-psutil_5.5.1-1ubuntu4_amd64.deb	ap-northeast-2.ec2.archive.ubuntu.com		universe	141060	841772029cce312ff2c40604365b5b9d65e1cf2d49f1a5fb5c5f3e7e9db06b42	http://ap-northeast-2.ec2.archive.ubuntu.com/ubuntu/pool/universe/p/python-psutil/python-psutil_5.5.1-1ubuntu4_amd64.deb	http://ap-northeast-2.ec2.archive.ubuntu.com/ubuntu/pool/universe/p/python-psutil/python-psutil_5.5.1-1ubuntu4_amd64.deb	true	true	true	proxy_access_log
bionic-to-focal	python-pyasn1	0.4.2-3build1	all	pyasn1	python-pyasn1_0.4.2-3build1_all.deb	ap-northeast-2.ec2.archive.ubuntu.com		universe	46596	e8a9abb3546f2d25e5e6c10eccc0af78eff950c2f3d149b043f48506d3d7271c	http://ap-northeast-2.ec2.archive.ubuntu.com/ubuntu/pool/universe/p/pyasn1/python-pyasn1_0.4.2-3build1_all.deb	http://ap-northeast-2.ec2.archive.ubuntu.com/ubuntu/pool/universe/p/pyasn1/python-pyasn1_0.4.2-3build1_all.deb	true	true	true	proxy_access_log
bionic-to-focal	python-pyinotify	0.9.6-1.2ubuntu1	all	pyinotify	python-pyinotify_0.9.6-1.2ubuntu1_all.deb	ap-northeast-2.ec2.archive.ubuntu.com		universe	24744	31e00bfd6539a1bfe3c0f08c9fda782f0385d4cf8abf264f88be3b1a88a15141	http://ap-northeast-2.ec2.archive.ubuntu.com/ubuntu/pool/universe/p/pyinotify/python-pyinotify_0.9.6-1.2ubuntu1_all.deb	http://ap-northeast-2.ec2.archive.ubuntu.com/ubuntu/pool/universe/p/pyinotify/python-pyinotify_0.9.6-1.2ubuntu1_all.deb	true	true	true	proxy_access_log
bionic-to-focal	python-simplejson	3.16.0-2ubuntu2	amd64	simplejson	python-simplejson_3.16.0-2ubuntu2_amd64.deb	ap-northeast-2.ec2.archive.ubuntu.com		universe	62676	857221239570303f2eeac9a8ce4d2a6f2b2f8fa4b7055a61fa6715076e35a7b2	http://ap-northeast-2.ec2.archive.ubuntu.com/ubuntu/pool/universe/s/simplejson/python-simplejson_3.16.0-2ubuntu2_amd64.deb	http://ap-northeast-2.ec2.archive.ubuntu.com/ubuntu/pool/universe/s/simplejson/python-simplejson_3.16.0-2ubuntu2_amd64.deb	true	true	true	proxy_access_log
bionic-to-focal	python-singledispatch	3.4.0.3-2build1	all	singledispatch	python-singledispatch_3.4.0.3-2build1_all.deb	ap-northeast-2.ec2.archive.ubuntu.com		universe	9892	68864ea6a3743e2815daabf647f2a4eeb756a4d9576b496488924f7d636b5b5d	http://ap-northeast-2.ec2.archive.ubuntu.com/ubuntu/pool/universe/s/singledispatch/python-singledispatch_3.4.0.3-2build1_all.deb	http://ap-northeast-2.ec2.archive.ubuntu.com/ubuntu/pool/universe/s/singledispatch/python-singledispatch_3.4.0.3-2build1_all.deb	true	true	true	proxy_access_log
bionic-to-focal	python-xdg	0.26-1ubuntu1	all	pyxdg	python-xdg_0.26-1ubuntu1_all.deb	ap-northeast-2.ec2.archive.ubuntu.com		universe	36008	bc47e30c41d8ba89b8d3bc294efdcabd17d25c4b690c5278cbada6bf9349a6d5	http://ap-northeast-2.ec2.archive.ubuntu.com/ubuntu/pool/universe/p/pyxdg/python-xdg_0.26-1ubuntu1_all.deb	http://ap-northeast-2.ec2.archive.ubuntu.com/ubuntu/pool/universe/p/pyxdg/python-xdg_0.26-1ubuntu1_all.deb	true	true	true	proxy_access_log
bionic-to-focal	python-xmltodict	0.12.0-1	all	python-xmltodict	python-xmltodict_0.12.0-1_all.deb	ap-northeast-2.ec2.archive.ubuntu.com		universe	12468	0b7ffdc69d33cb21ee5e94ef0bc7edc7fc2b8ae64e5c054a2e4609134fe96ec1	http://ap-northeast-2.ec2.archive.ubuntu.com/ubuntu/pool/universe/p/python-xmltodict/python-xmltodict_0.12.0-1_all.deb	http://ap-northeast-2.ec2.archive.ubuntu.com/ubuntu/pool/universe/p/python-xmltodict/python-xmltodict_0.12.0-1_all.deb	true	true	true	proxy_access_log
bionic-to-focal	python-yaml	5.3.1-1ubuntu0.1	amd64	pyyaml	python-yaml_5.3.1-1ubuntu0.1_amd64.deb	ap-northeast-2.ec2.archive.ubuntu.com		universe	130324	0bf9224ec49eb4320973151f9c6d94973f5b3e83cd67e70459a7e87e60147a87	http://ap-northeast-2.ec2.archive.ubuntu.com/ubuntu/pool/universe/p/pyyaml/python-yaml_5.3.1-1ubuntu0.1_amd64.deb	http://ap-northeast-2.ec2.archive.ubuntu.com/ubuntu/pool/universe/p/pyyaml/python-yaml_5.3.1-1ubuntu0.1_amd64.deb	true	true	true	proxy_access_log
bionic-to-focal	python3-argcomplete	1.8.1-1.3ubuntu1	all	python-argcomplete	python3-argcomplete_1.8.1-1.3ubuntu1_all.deb	ap-northeast-2.ec2.archive.ubuntu.com		universe	27224	b8ad40264522f4016cd4ea973234c12e1b72784ccd279d9cb59c4d03137c5c22	http://ap-northeast-2.ec2.archive.ubuntu.com/ubuntu/pool/universe/p/python-argcomplete/python3-argcomplete_1.8.1-1.3ubuntu1_all.deb	http://ap-northeast-2.ec2.archive.ubuntu.com/ubuntu/pool/universe/p/python-argcomplete/python3-argcomplete_1.8.1-1.3ubuntu1_all.deb	true	true	true	proxy_access_log
bionic-to-focal	python3-asn1crypto	0.24.0-1build1	all	asn1crypto	python3-asn1crypto_0.24.0-1build1_all.deb	ap-northeast-2.ec2.archive.ubuntu.com		universe	72860	74ab1007f90ed1a2c72b4466fa33a01daca3f2abb62922f92464266d0bf5e6c4	http://ap-northeast-2.ec2.archive.ubuntu.com/ubuntu/pool/universe/a/asn1crypto/python3-asn1crypto_0.24.0-1build1_all.deb	http://ap-northeast-2.ec2.archive.ubuntu.com/ubuntu/pool/universe/a/asn1crypto/python3-asn1crypto_0.24.0-1build1_all.deb	true	true	true	proxy_access_log
bionic-to-focal	python3-colorama	0.4.3-1build1	all	python-colorama	python3-colorama_0.4.3-1build1_all.deb	ap-northeast-2.ec2.archive.ubuntu.com		main	23924	1e975b037ad3c22237d08eb4bd6a5e3d4d08f7b7f0e66e8e71e22247c58d6beb	http://ap-northeast-2.ec2.archive.ubuntu.com/ubuntu/pool/main/p/python-colorama/python3-colorama_0.4.3-1build1_all.deb	http://ap-northeast-2.ec2.archive.ubuntu.com/ubuntu/pool/main/p/python-colorama/python3-colorama_0.4.3-1build1_all.deb	true	true	true	proxy_access_log
bionic-to-focal	python3-click	7.0-3	all	python-click	python3-click_7.0-3_all.deb	ap-northeast-2.ec2.archive.ubuntu.com		main	64764	4872dc1691c82a13ef3604d3cc16ad53c71863570a986641d21bccef2b4ed71e	http://ap-northeast-2.ec2.archive.ubuntu.com/ubuntu/pool/main/p/python-click/python3-click_7.0-3_all.deb	http://ap-northeast-2.ec2.archive.ubuntu.com/ubuntu/pool/main/p/python-click/python3-click_7.0-3_all.deb	true	true	true	proxy_access_log
bionic-to-focal	python3-jmespath	0.9.4-2ubuntu1	all	python-jmespath	python3-jmespath_0.9.4-2ubuntu1_all.deb	ap-northeast-2.ec2.archive.ubuntu.com		main	21500	ef40ebbbc21db690f9a68177d9ab734e402f39236f2bc46ea3d75baa48d75e3a	http://ap-northeast-2.ec2.archive.ubuntu.com/ubuntu/pool/main/p/python-jmespath/python3-jmespath_0.9.4-2ubuntu1_all.deb	http://ap-northeast-2.ec2.archive.ubuntu.com/ubuntu/pool/main/p/python-jmespath/python3-jmespath_0.9.4-2ubuntu1_all.deb	true	true	true	proxy_access_log
bionic-to-focal	python3-json-pointer	2.0-0ubuntu1	all	python-json-pointer	python3-json-pointer_2.0-0ubuntu1_all.deb	ap-northeast-2.ec2.archive.ubuntu.com		main	8320	17c302b65e6d9d3406a6b119388f1bab6bfe1269e108e135225b52d8d5639150	http://ap-northeast-2.ec2.archive.ubuntu.com/ubuntu/pool/main/p/python-json-pointer/python3-json-pointer_2.0-0ubuntu1_all.deb	http://ap-northeast-2.ec2.archive.ubuntu.com/ubuntu/pool/main/p/python-json-pointer/python3-json-pointer_2.0-0ubuntu1_all.deb	true	true	true	proxy_access_log
bionic-to-focal	python3-jsonpatch	1.23-3	all	python-json-patch	python3-jsonpatch_1.23-3_all.deb	ap-northeast-2.ec2.archive.ubuntu.com		main	11964	5a001c95a16c3a2eb385557c6c8cf3f620cb998bc9f723555d8b550fdcdee91f	http://ap-northeast-2.ec2.archive.ubuntu.com/ubuntu/pool/main/p/python-json-patch/python3-jsonpatch_1.23-3_all.deb	http://ap-northeast-2.ec2.archive.ubuntu.com/ubuntu/pool/main/p/python-json-patch/python3-jsonpatch_1.23-3_all.deb	true	true	true	proxy_access_log
bionic-to-focal	python3-kerberos	1.1.14-3.1build1	amd64	pykerberos	python3-kerberos_1.1.14-3.1build1_amd64.deb	ap-northeast-2.ec2.archive.ubuntu.com		universe	22576	28a672efe0c62f1c0cb673c1b24b779b7634cea53359834c2de9466ac01e610d	http://ap-northeast-2.ec2.archive.ubuntu.com/ubuntu/pool/universe/p/pykerberos/python3-kerberos_1.1.14-3.1build1_amd64.deb	http://ap-northeast-2.ec2.archive.ubuntu.com/ubuntu/pool/universe/p/pykerberos/python3-kerberos_1.1.14-3.1build1_amd64.deb	true	true	true	proxy_access_log
bionic-to-focal	python3-lockfile	0.12.2-2ubuntu2	all	python3-lockfile	python3-lockfile_0.12.2-2ubuntu2_all.deb	ap-northeast-2.ec2.archive.ubuntu.com		main	14556	bbc2408ba33c9bc238668df073565bb10be6fbde8827ccb1559a060240df0e8e	http://ap-northeast-2.ec2.archive.ubuntu.com/ubuntu/pool/main/p/python-lockfile/python3-lockfile_0.12.2-2ubuntu2_all.deb	http://ap-northeast-2.ec2.archive.ubuntu.com/ubuntu/pool/main/p/python-lockfile/python3-lockfile_0.12.2-2ubuntu2_all.deb	true	true	true	proxy_access_log
bionic-to-focal	python3-libcloud	2.8.0-1	all	libcloud	python3-libcloud_2.8.0-1_all.deb	ap-northeast-2.ec2.archive.ubuntu.com		universe	1402528	46047c19442d3d894513993abdb886d5ae678f7c8f5e1b8a9411bc94361f7203	http://ap-northeast-2.ec2.archive.ubuntu.com/ubuntu/pool/universe/libc/libcloud/python3-libcloud_2.8.0-1_all.deb	http://ap-northeast-2.ec2.archive.ubuntu.com/ubuntu/pool/universe/libc/libcloud/python3-libcloud_2.8.0-1_all.deb	true	true	true	proxy_access_log
bionic-to-focal	python3-ntlm-auth	1.1.0-1	all	python-ntlm-auth	python3-ntlm-auth_1.1.0-1_all.deb	ap-northeast-2.ec2.archive.ubuntu.com		universe	19556	62f73b67c93ef3da3aa95f43fcde438f706d03c5d0289308bb23926ece672d1d	http://ap-northeast-2.ec2.archive.ubuntu.com/ubuntu/pool/universe/p/python-ntlm-auth/python3-ntlm-auth_1.1.0-1_all.deb	http://ap-northeast-2.ec2.archive.ubuntu.com/ubuntu/pool/universe/p/python-ntlm-auth/python3-ntlm-auth_1.1.0-1_all.deb	true	true	true	proxy_access_log
bionic-to-focal	python3-prettytable	0.7.2-5	all	prettytable	python3-prettytable_0.7.2-5_all.deb	ap-northeast-2.ec2.archive.ubuntu.com		main	20084	00701185177ba2fb325ace197dbc52d55c594fd6d395a4c9dc1b06ae76d597d4	http://ap-northeast-2.ec2.archive.ubuntu.com/ubuntu/pool/main/p/prettytable/python3-prettytable_0.7.2-5_all.deb	http://ap-northeast-2.ec2.archive.ubuntu.com/ubuntu/pool/main/p/prettytable/python3-prettytable_0.7.2-5_all.deb	true	true	true	proxy_access_log
bionic-to-focal	python3-requests-kerberos	0.12.0-2	all	python-requests-kerberos	python3-requests-kerberos_0.12.0-2_all.deb	ap-northeast-2.ec2.archive.ubuntu.com		universe	11892	f91e9c4e3668234cc7978ab8ee3e333983581ac3f3d300aa0e523b578aaef38a	http://ap-northeast-2.ec2.archive.ubuntu.com/ubuntu/pool/universe/p/python-requests-kerberos/python3-requests-kerberos_0.12.0-2_all.deb	http://ap-northeast-2.ec2.archive.ubuntu.com/ubuntu/pool/universe/p/python-requests-kerberos/python3-requests-kerberos_0.12.0-2_all.deb	true	true	true	proxy_access_log
bionic-to-focal	python3-requests-ntlm	1.1.0-1	all	python-requests-ntlm	python3-requests-ntlm_1.1.0-1_all.deb	ap-northeast-2.ec2.archive.ubuntu.com		universe	6004	575e638f0f7ae047d07ed90517278bc78bad4b29974cc624b64da7ff697761ff	http://ap-northeast-2.ec2.archive.ubuntu.com/ubuntu/pool/universe/p/python-requests-ntlm/python3-requests-ntlm_1.1.0-1_all.deb	http://ap-northeast-2.ec2.archive.ubuntu.com/ubuntu/pool/universe/p/python-requests-ntlm/python3-requests-ntlm_1.1.0-1_all.deb	true	true	true	proxy_access_log
bionic-to-focal	python3-selinux	3.0-1build2	amd64	libselinux	python3-selinux_3.0-1build2_amd64.deb	ap-northeast-2.ec2.archive.ubuntu.com		universe	138508	1fae8d1c046067356d67fa556d7129edf8dc1748ad91db0dbfd4bf64373d654d	http://ap-northeast-2.ec2.archive.ubuntu.com/ubuntu/pool/universe/libs/libselinux/python3-selinux_3.0-1build2_amd64.deb	http://ap-northeast-2.ec2.archive.ubuntu.com/ubuntu/pool/universe/libs/libselinux/python3-selinux_3.0-1build2_amd64.deb	true	true	true	proxy_access_log
bionic-to-focal	python3-serial	3.4-5.1	all	pyserial	python3-serial_3.4-5.1_all.deb	ap-northeast-2.ec2.archive.ubuntu.com		main	72432	ea655af9ab61fca7182475e3c1249ad6d80ce8087980cae2b06ceb120059631f	http://ap-northeast-2.ec2.archive.ubuntu.com/ubuntu/pool/main/p/pyserial/python3-serial_3.4-5.1_all.deb	http://ap-northeast-2.ec2.archive.ubuntu.com/ubuntu/pool/main/p/pyserial/python3-serial_3.4-5.1_all.deb	true	true	true	proxy_access_log
bionic-to-focal	python3-xmltodict	0.12.0-1	all	python-xmltodict	python3-xmltodict_0.12.0-1_all.deb	ap-northeast-2.ec2.archive.ubuntu.com		universe	12552	19546b35ab64422c6e7c255dc2ee3eb13c9d794adadac500aee1ebdec21f6fbf	http://ap-northeast-2.ec2.archive.ubuntu.com/ubuntu/pool/universe/p/python-xmltodict/python3-xmltodict_0.12.0-1_all.deb	http://ap-northeast-2.ec2.archive.ubuntu.com/ubuntu/pool/universe/p/python-xmltodict/python3-xmltodict_0.12.0-1_all.deb	true	true	true	proxy_access_log
bionic-to-focal	python3-winrm	0.3.0-2	all	pywinrm	python3-winrm_0.3.0-2_all.deb	ap-northeast-2.ec2.archive.ubuntu.com		universe	21660	2ef350e930d8e32b15ed6c554d6fa0bc32a23e25d193bec2821cecb306a40ae8	http://ap-northeast-2.ec2.archive.ubuntu.com/ubuntu/pool/universe/p/pywinrm/python3-winrm_0.3.0-2_all.deb	http://ap-northeast-2.ec2.archive.ubuntu.com/ubuntu/pool/universe/p/pywinrm/python3-winrm_0.3.0-2_all.deb	true	true	true	proxy_access_log
bionic-to-focal	sbsigntool	0.9.2-2ubuntu1.1	amd64	sbsigntool	sbsigntool_0.9.2-2ubuntu1.1_amd64.deb	ap-northeast-2.ec2.archive.ubuntu.com		main	63848	bb2b2204a92de8a92318d696b9974def8e389b77e1034582a22eb71bf6a36b90	http://ap-northeast-2.ec2.archive.ubuntu.com/ubuntu/pool/main/s/sbsigntool/sbsigntool_0.9.2-2ubuntu1.1_amd64.deb	http://ap-northeast-2.ec2.archive.ubuntu.com/ubuntu/pool/main/s/sbsigntool/sbsigntool_0.9.2-2ubuntu1.1_amd64.deb	true	true	true	proxy_access_log
bionic-to-focal	secureboot-db	1.5	amd64	secureboot-db	secureboot-db_1.5_amd64.deb	ap-northeast-2.ec2.archive.ubuntu.com		main	9080	c2e354247093bbde45b2ab476a1e9c125264c64847a099d88bcc8a28de1d6e2d	http://ap-northeast-2.ec2.archive.ubuntu.com/ubuntu/pool/main/s/secureboot-db/secureboot-db_1.5_amd64.deb	http://ap-northeast-2.ec2.archive.ubuntu.com/ubuntu/pool/main/s/secureboot-db/secureboot-db_1.5_amd64.deb	true	true	true	proxy_access_log
bionic-to-focal	thin-provisioning-tools	0.8.5-4build1	amd64	thin-provisioning-tools	thin-provisioning-tools_0.8.5-4build1_amd64.deb	ap-northeast-2.ec2.archive.ubuntu.com		main	374636	fd20c5d1eb820e79df54500ae65e6c0b7357e598963962a96418dc89c04f7341	http://ap-northeast-2.ec2.archive.ubuntu.com/ubuntu/pool/main/t/thin-provisioning-tools/thin-provisioning-tools_0.8.5-4build1_amd64.deb	http://ap-northeast-2.ec2.archive.ubuntu.com/ubuntu/pool/main/t/thin-provisioning-tools/thin-provisioning-tools_0.8.5-4build1_amd64.deb	true	true	true	proxy_access_log
bionic-to-focal	ubuntu-advantage-desktop-daemon	1.10.ubuntu0.20.04.1	amd64	ubuntu-advantage-desktop-daemon	ubuntu-advantage-desktop-daemon_1.10.ubuntu0.20.04.1_amd64.deb	ap-northeast-2.ec2.archive.ubuntu.com		main	24412	6c6220ad70e177afe9f917babe8d1dc6e91f4558c4fdb596a6686ce2c971eac5	http://ap-northeast-2.ec2.archive.ubuntu.com/ubuntu/pool/main/u/ubuntu-advantage-desktop-daemon/ubuntu-advantage-desktop-daemon_1.10.ubuntu0.20.04.1_amd64.deb	http://ap-northeast-2.ec2.archive.ubuntu.com/ubuntu/pool/main/u/ubuntu-advantage-desktop-daemon/ubuntu-advantage-desktop-daemon_1.10.ubuntu0.20.04.1_amd64.deb	true	true	true	proxy_access_log
bionic-to-focal	ubuntu-cloudimage-keyring	2020.02.11.4	all	ubuntu-keyring	ubuntu-cloudimage-keyring_2020.02.11.4_all.deb	ap-northeast-2.ec2.archive.ubuntu.com		universe	1736	3517d8a77222c1b833ad0ec97c9298fa33e38ecc688b940b9b4a16131b16bf92	http://ap-northeast-2.ec2.archive.ubuntu.com/ubuntu/pool/universe/u/ubuntu-keyring/ubuntu-cloudimage-keyring_2020.02.11.4_all.deb	http://ap-northeast-2.ec2.archive.ubuntu.com/ubuntu/pool/universe/u/ubuntu-keyring/ubuntu-cloudimage-keyring_2020.02.11.4_all.deb	true	true	true	proxy_access_log
bionic-to-focal	udisks2	2.8.4-1ubuntu2	amd64	udisks2	udisks2_2.8.4-1ubuntu2_amd64.deb	ap-northeast-2.ec2.archive.ubuntu.com		main	244664	b33c81df51c17cbf88e6b85af1f1b55db20fd1bda8164940de47af9266d3967b	http://ap-northeast-2.ec2.archive.ubuntu.com/ubuntu/pool/main/u/udisks2/udisks2_2.8.4-1ubuntu2_amd64.deb	http://ap-northeast-2.ec2.archive.ubuntu.com/ubuntu/pool/main/u/udisks2/udisks2_2.8.4-1ubuntu2_amd64.deb	true	true	true	proxy_access_log
bionic-to-focal	uidmap	4.8.1-1ubuntu5.20.04.5	amd64	uidmap	uidmap_4.8.1-1ubuntu5.20.04.5_amd64.deb	ap-northeast-2.ec2.archive.ubuntu.com		universe	26016	410dc100f814b8491f661cb8fdb68e89f0f8e9f2aeef370d79617b285fe16114	http://ap-northeast-2.ec2.archive.ubuntu.com/ubuntu/pool/universe/s/shadow/uidmap_4.8.1-1ubuntu5.20.04.5_amd64.deb	http://ap-northeast-2.ec2.archive.ubuntu.com/ubuntu/pool/universe/s/shadow/uidmap_4.8.1-1ubuntu5.20.04.5_amd64.deb	true	true	true	proxy_access_log
bionic-to-focal	unattended-upgrades	2.3ubuntu0.3	all	unattended-upgrades	unattended-upgrades_2.3ubuntu0.3_all.deb	ap-northeast-2.ec2.archive.ubuntu.com		main	48472	7fe98ee37d016a22d9d54c343c943fca2accbbda5cad1d0d6bc0fee9a3d99dad	http://ap-northeast-2.ec2.archive.ubuntu.com/ubuntu/pool/main/u/unattended-upgrades/unattended-upgrades_2.3ubuntu0.3_all.deb	http://ap-northeast-2.ec2.archive.ubuntu.com/ubuntu/pool/main/u/unattended-upgrades/unattended-upgrades_2.3ubuntu0.3_all.deb	true	true	true	proxy_access_log
bionic-to-focal	unzip	6.0-25ubuntu1.2	amd64	unzip	unzip_6.0-25ubuntu1.2_amd64.deb	ap-northeast-2.ec2.archive.ubuntu.com		main	168524	5242c148d3f482b9f1f009185e2e323b04b63b40661e3a22c8347fc069953289	http://ap-northeast-2.ec2.archive.ubuntu.com/ubuntu/pool/main/u/unzip/unzip_6.0-25ubuntu1.2_amd64.deb	http://ap-northeast-2.ec2.archive.ubuntu.com/ubuntu/pool/main/u/unzip/unzip_6.0-25ubuntu1.2_amd64.deb	true	true	true	proxy_access_log
bionic-to-focal	xml-core	0.18%2bnmu1	all	xml-core	xml-core_0.18%2bnmu1_all.deb	ap-northeast-2.ec2.archive.ubuntu.com		main	21592	ca2d6758bdd3d9bb789b9be48838930bd6be130d524fac4133d8e9e60a39f4e8	http://ap-northeast-2.ec2.archive.ubuntu.com/ubuntu/pool/main/x/xml-core/xml-core_0.18%2bnmu1_all.deb	http://ap-northeast-2.ec2.archive.ubuntu.com/ubuntu/pool/main/x/xml-core/xml-core_0.18%2bnmu1_all.deb	true	true	true	proxy_access_log
bionic-to-focal	grub-legacy-ec2	1ubuntu1	all	grub-legacy-ec2	grub-legacy-ec2_1ubuntu1_all.deb	ap-northeast-2.ec2.archive.ubuntu.com		main	19564	6a9f0ac87febc76963ca0a17f94f2e75c42581e7ab5e928bf8267bbde099d2c0	http://ap-northeast-2.ec2.archive.ubuntu.com/ubuntu/pool/main/g/grub-legacy-ec2/grub-legacy-ec2_1ubuntu1_all.deb	http://ap-northeast-2.ec2.archive.ubuntu.com/ubuntu/pool/main/g/grub-legacy-ec2/grub-legacy-ec2_1ubuntu1_all.deb	true	true	true	proxy_access_log
bionic-to-focal	python-lockfile	0.12.2-2ubuntu2	all	python-lockfile	python-lockfile_0.12.2-2ubuntu2_all.deb	ap-northeast-2.ec2.archive.ubuntu.com		universe	14436	61db5d02c5f71b96bfd5ff717d4ae6c0b94774e7c0a328699f46422aa5c20f03	http://ap-northeast-2.ec2.archive.ubuntu.com/ubuntu/pool/universe/p/python-lockfile/python-lockfile_0.12.2-2ubuntu2_all.deb	http://ap-northeast-2.ec2.archive.ubuntu.com/ubuntu/pool/universe/p/python-lockfile/python-lockfile_0.12.2-2ubuntu2_all.deb	true	true	true	proxy_access_log
bionic-to-focal	python-pycurl	7.43.0.2-1ubuntu5	amd64	pycurl	python-pycurl_7.43.0.2-1ubuntu5_amd64.deb	ap-northeast-2.ec2.archive.ubuntu.com		universe	46016	920cd93bbd0da5e72d89f60830dd552ece21c79a7005f87fedf0f4974da8f03a	http://ap-northeast-2.ec2.archive.ubuntu.com/ubuntu/pool/universe/p/pycurl/python-pycurl_7.43.0.2-1ubuntu5_amd64.deb	http://ap-northeast-2.ec2.archive.ubuntu.com/ubuntu/pool/universe/p/pycurl/python-pycurl_7.43.0.2-1ubuntu5_amd64.deb	true	true	true	proxy_access_log
bionic-to-focal	resolvconf	1.82	all	resolvconf	resolvconf_1.82_all.deb	ap-northeast-2.ec2.archive.ubuntu.com		universe	54712	533d63f2c0b9d351dae6b5f32a855e910615bab7d38c4f06974a88d3b1ae6877	http://ap-northeast-2.ec2.archive.ubuntu.com/ubuntu/pool/universe/r/resolvconf/resolvconf_1.82_all.deb	http://ap-northeast-2.ec2.archive.ubuntu.com/ubuntu/pool/universe/r/resolvconf/resolvconf_1.82_all.deb	true	true	true	proxy_access_log
bionic-to-focal	socat	1.7.3.3-2	amd64	socat	socat_1.7.3.3-2_amd64.deb	ap-northeast-2.ec2.archive.ubuntu.com		main	322680	deeaf50bf877d5474fb8654695ab745a54da20e1536a5d5a9492c0966f9c01cf	http://ap-northeast-2.ec2.archive.ubuntu.com/ubuntu/pool/main/s/socat/socat_1.7.3.3-2_amd64.deb	http://ap-northeast-2.ec2.archive.ubuntu.com/ubuntu/pool/main/s/socat/socat_1.7.3.3-2_amd64.deb	true	true	true	proxy_access_log
bionic-to-focal	ssh-import-id	5.10-0ubuntu1	all	ssh-import-id	ssh-import-id_5.10-0ubuntu1_all.deb	ap-northeast-2.ec2.archive.ubuntu.com		main	10040	4bad6e4b9adfc87b4c1efca15ae8968b7fe6ed42e6a0fb2ee749ab9ea4e0099f	http://ap-northeast-2.ec2.archive.ubuntu.com/ubuntu/pool/main/s/ssh-import-id/ssh-import-id_5.10-0ubuntu1_all.deb	http://ap-northeast-2.ec2.archive.ubuntu.com/ubuntu/pool/main/s/ssh-import-id/ssh-import-id_5.10-0ubuntu1_all.deb	true	true	true	proxy_access_log
bionic-to-focal	usb-modeswitch-data	20191128-3	all	usb-modeswitch-data	usb-modeswitch-data_20191128-3_all.deb	ap-northeast-2.ec2.archive.ubuntu.com		main	32328	96f668293247b0a754301d4983dc49b1c343a1f536a96f5854cbfd03d32e496d	http://ap-northeast-2.ec2.archive.ubuntu.com/ubuntu/pool/main/u/usb-modeswitch-data/usb-modeswitch-data_20191128-3_all.deb	http://ap-northeast-2.ec2.archive.ubuntu.com/ubuntu/pool/main/u/usb-modeswitch-data/usb-modeswitch-data_20191128-3_all.deb	true	true	true	proxy_access_log
bionic-to-focal	usb-modeswitch	2.5.2%2brepack0-2ubuntu3	amd64	usb-modeswitch	usb-modeswitch_2.5.2%2brepack0-2ubuntu3_amd64.deb	ap-northeast-2.ec2.archive.ubuntu.com		main	53128	760cc7246b8b53889cad1bc7ced7b4ebd4c7618f5474b4e018ed70201b1cd66d	http://ap-northeast-2.ec2.archive.ubuntu.com/ubuntu/pool/main/u/usb-modeswitch/usb-modeswitch_2.5.2%2brepack0-2ubuntu3_amd64.deb	http://ap-northeast-2.ec2.archive.ubuntu.com/ubuntu/pool/main/u/usb-modeswitch/usb-modeswitch_2.5.2%2brepack0-2ubuntu3_amd64.deb	true	true	true	proxy_access_log
bionic-to-focal	vlan	2.0.4ubuntu1.20.04.1	all	vlan	vlan_2.0.4ubuntu1.20.04.1_all.deb	ap-northeast-2.ec2.archive.ubuntu.com		universe	11340	a691147b02a07a7fd352850247ce7b0d9062664811557d26602f0db364b4cc16	http://ap-northeast-2.ec2.archive.ubuntu.com/ubuntu/pool/universe/v/vlan/vlan_2.0.4ubuntu1.20.04.1_all.deb	http://ap-northeast-2.ec2.archive.ubuntu.com/ubuntu/pool/universe/v/vlan/vlan_2.0.4ubuntu1.20.04.1_all.deb	true	true	true	proxy_access_log
bionic-to-focal	zerofree	1.1.1-1	amd64	zerofree	zerofree_1.1.1-1_amd64.deb	ap-northeast-2.ec2.archive.ubuntu.com		main	8520	92e5759f8a856237fda0978fae0a4ff024615126583f6eb88367ec78f82451e8	http://ap-northeast-2.ec2.archive.ubuntu.com/ubuntu/pool/main/z/zerofree/zerofree_1.1.1-1_amd64.deb	http://ap-northeast-2.ec2.archive.ubuntu.com/ubuntu/pool/main/z/zerofree/zerofree_1.1.1-1_amd64.deb	true	true	true	proxy_access_log
bionic-to-focal	libquadmath0	10.5.0-1ubuntu1~20.04	amd64	gcc-10	libquadmath0_10.5.0-1ubuntu1%7e20.04_amd64.deb				146072	f1ea3152a72eee554f71e07a2e7118898a7516eee7fd2c6b24c4b157a9271ba6			false	true	true	apt_archives
bionic-to-focal	runc	1.1.12-0ubuntu2~20.04.1	amd64	runc-app	runc_1.1.12-0ubuntu2%7e20.04.1_amd64.deb				8065736	fe65f9c686a2f775101c49e8e78267549da0a52d743edb68d7508bca75b681fc			false	true	true	apt_archives
bionic-to-focal	libattr1	1:2.4.48-5	amd64	attr	libattr1_2.4.48-5_amd64.deb				12748	d916bb73d9a160ccaa48d997c823af528cb6b4174c5234c744b40ae5aa85ce98			false	true	true	apt_archives
bionic-to-focal	libtsan0	10.5.0-1ubuntu1~20.04	amd64	gcc-10	libtsan0_10.5.0-1ubuntu1%7e20.04_amd64.deb				2016388	beb24444d608f14bb40c36c7e6c100e7fbdf5bff555d32563bd33c2779ebe91a			false	true	true	apt_archives
bionic-to-focal	file	1:5.38-4	amd64	file	file_5.38-4_amd64.deb				23332	01e192c5bf0dd2a2f9ef8065c3c32a79caf61887d5c2a329723f2d8bbbc8b5a8			false	true	true	apt_archives
bionic-to-focal	libstemmer0d	0+svn585-2	amd64	snowball	libstemmer0d_0%2bsvn585-2_amd64.deb				61696	ca98a75e3eb1d446215bfa194148a7005453b9204dfb1ad625130ee4aecd5235			false	true	true	apt_archives
bionic-to-focal	ubuntu-release-upgrader-core	1:20.04.41	all	ubuntu-release-upgrader	ubuntu-release-upgrader-core_20.04.41_all.deb				24312	a827c19e4b406f99be2c3eb02d34065b89607af5e7cacf093bac8ff100dea509			false	true	true	apt_archives
bionic-to-focal	busybox-static	1:1.30.1-4ubuntu6.5	amd64	busybox	busybox-static_1.30.1-4ubuntu6.5_amd64.deb				949524	ee8329bac8054a83ba2e43d3b0e071303dc8ca52fa45479bda93ea3d01d578fd			false	true	true	apt_archives
bionic-to-focal	libmbim-glib4	1.26.2-1~ubuntu20.04.1	amd64	libmbim	libmbim-glib4_1.26.2-1%7eubuntu20.04.1_amd64.deb				122744	e096a2d00b7b6cd3c01a87fb3dc544a306af36b9aa9d6e008976ccd9394a64be			false	true	true	apt_archives
bionic-to-focal	libsasl2-2	2.1.27+dfsg-2ubuntu0.1	amd64	cyrus-sasl2	libsasl2-2_2.1.27%2bdfsg-2ubuntu0.1_amd64.deb				49332	70ae0b6860eb585ddeddf66dcbbba7a61bf46efae456cdb42ec4fe7d10c03085			false	true	true	apt_archives
bionic-to-focal	procps	2:3.3.16-1ubuntu2.4	amd64	procps	procps_3.3.16-1ubuntu2.4_amd64.deb				232312	8d780f0aaddfd75d3a0add79767881e58af78bb5c869757d1600835284c5d969			false	true	true	apt_archives
bionic-to-focal	ntpdate	1:4.2.8p12+dfsg-3ubuntu4.20.04.1	amd64	ntp	ntpdate_4.2.8p12%2bdfsg-3ubuntu4.20.04.1_amd64.deb				48808	3a0648349d0e593b11d61864444ff23f9036539246e3ad2c94f5c2297dfd9667			false	true	true	apt_archives
bionic-to-focal	vim	2:8.1.2269-1ubuntu5.32	amd64	vim	vim_8.1.2269-1ubuntu5.32_amd64.deb				1240544	c74580e99c8880ae7d1a4d452c25bca4265f8e0acc0aff8152e0fb1c533c1ffd			false	true	true	apt_archives
bionic-to-focal	sntp	1:4.2.8p12+dfsg-3ubuntu4.20.04.1	amd64	ntp	sntp_4.2.8p12%2bdfsg-3ubuntu4.20.04.1_amd64.deb				62284	f1d971bf8a4751eadc0b7a77a8c38a67469576917848d6ca8635a9b70f355697			false	true	true	apt_archives
bionic-to-focal	libubsan1	10.5.0-1ubuntu1~20.04	amd64	gcc-10	libubsan1_10.5.0-1ubuntu1%7e20.04_amd64.deb				784916	662e52a5e25bea1e1e5ba55a9a96a37aabec554ae997eb41a893f82e1ce1f0c0			false	true	true	apt_archives
bionic-to-focal	linux-image-aws	5.15.0.1084.91~20.04.1	amd64	linux-meta-aws-5.15	linux-image-aws_5.15.0.1084.91%7e20.04.1_amd64.deb				2588	fa9f6b20764d6e6a62af16c41a9be2fa4b47aca88c6d9d84b776ad55d2b018fc			false	true	true	apt_archives
bionic-to-focal	libxdmcp6	1:1.1.3-0ubuntu1	amd64	libxdmcp	libxdmcp6_1.1.3-0ubuntu1_amd64.deb				10580	8a612b0fb60a41b92698f87258bc5ec6467da88e38d3de79411e02921c42af87			false	true	true	apt_archives
bionic-to-focal	bind9-dnsutils	1:9.18.30-0ubuntu0.20.04.2	amd64	bind9	bind9-dnsutils_9.18.30-0ubuntu0.20.04.2_amd64.deb				142192	a8a335397009373bc984040df6b4c78be3617813ba4db2f84207a0bf207266ba			false	true	true	apt_archives
bionic-to-focal	zlib1g	1:1.2.11.dfsg-2ubuntu1.5	amd64	zlib	zlib1g_1.2.11.dfsg-2ubuntu1.5_amd64.deb				54164	bf67018f5303466eb468680b637a5d3f3bb17b9d44decf3d82d40b35babcd3e0			false	true	true	apt_archives
bionic-to-focal	python3-distupgrade	1:20.04.41	all	ubuntu-release-upgrader	python3-distupgrade_20.04.41_all.deb				104956	1f71655ee445b8bf50ef395486c204a70b6825548d8e88cdc51dd54a8bfc5a5b			false	true	true	apt_archives
bionic-to-focal	cryptsetup-bin	2:2.2.2-3ubuntu2.5	amd64	cryptsetup	cryptsetup-bin_2.2.2-3ubuntu2.5_amd64.deb				118780	55d85e749e512bd141f00e5cac0663f29dbcadf1c0d01979b4134493803871ca			false	true	true	apt_archives
bionic-to-focal	ubuntu-pro-client	37.1ubuntu0~20.04.1	amd64	ubuntu-advantage-tools	ubuntu-pro-client_37.1ubuntu0%7e20.04.1_amd64.deb				237284	c5b42dc1140757573fcb32daba4a9b8271ed41c5e720c4b25be60f7dfa96a88c			false	true	true	apt_archives
bionic-to-focal	libx11-data	2:1.6.9-2ubuntu1.6	all	libx11	libx11-data_1.6.9-2ubuntu1.6_all.deb				113552	45c1fac19a8b7cc08162d1c8f63e04251bb2d0c4ff5cb3969227bd6fe8c5293b			false	true	true	apt_archives
bionic-to-focal	libaudit-common	1:2.8.5-2ubuntu6	all	audit	libaudit-common_2.8.5-2ubuntu6_all.deb				3936	9fa4a291df5682f5fee12aacdddd9ed09445c352c80d8a1af36056866e4b4906			false	true	true	apt_archives
bionic-to-focal	libcryptsetup12	2:2.2.2-3ubuntu2.5	amd64	cryptsetup	libcryptsetup12_2.2.2-3ubuntu2.5_amd64.deb				166236	77ca4cc1f9deb80f47994b1ab168b8b86d1eb61ea6e8f7dd2cf58299caf3e7aa			false	true	true	apt_archives
bionic-to-focal	libkrb5-26-heimdal	7.7.0+dfsg-1ubuntu1.4	amd64	heimdal	libkrb5-26-heimdal_7.7.0%2bdfsg-1ubuntu1.4_amd64.deb				207464	4004189e6550a92e912cbffb652d129ae40f7356e1b4211b5858ec3c0c2a2a2c			false	true	true	apt_archives
bionic-to-focal	libnss3	2:3.98-0ubuntu0.20.04.2	amd64	nss	libnss3_3.98-0ubuntu0.20.04.2_amd64.deb				1391200	1e711911ad3ae2de8a19bc6cb048fa81e2e2c2c09d0aad186b7c14d78517bb16			false	true	true	apt_archives
bionic-to-focal	gir1.2-glib-2.0	1.64.1-1~ubuntu20.04.1	amd64	gobject-introspection	gir1.2-glib-2.0_1.64.1-1%7eubuntu20.04.1_amd64.deb				134008	2308c1a5bd832ff4473682cd599ccc9e38ed514fc6578322200f5227a0029dd0			false	true	true	apt_archives
bionic-to-focal	libjs-underscore	1.9.1~dfsg-1ubuntu0.20.04.1	all	underscore	libjs-underscore_1.9.1%7edfsg-1ubuntu0.20.04.1_all.deb				99468	fc1988aeffae50691604027ec543c2b3401c7820a1f58607164b06d321a71de3			false	true	true	apt_archives
bionic-to-focal	ubuntu-pro-client-l10n	37.1ubuntu0~20.04.1	amd64	ubuntu-advantage-tools	ubuntu-pro-client-l10n_37.1ubuntu0%7e20.04.1_amd64.deb				1592	3738e25c1104bcae280b659ca264aaf77bdd149829d184f71262242083f5a78c			false	true	true	apt_archives
bionic-to-focal	microcode-initrd	2~20.04.0	amd64	microcode-initrd	microcode-initrd_2%7e20.04.0_amd64.deb				2984	0f27fe07b83f768d2432122a4e7e2a7af6d2061a6cfc17f3a87b27b426bf831c			false	true	true	apt_archives
bionic-to-focal	libcap2	1:2.32-1ubuntu0.2	amd64	libcap2	libcap2_2.32-1ubuntu0.2_amd64.deb				15716	ab20658e605b6262bada21926d5ef942b01d1d198069793f1fbfc031d3ee3a1a			false	true	true	apt_archives
bionic-to-focal	libcrypt1	1:4.4.10-10ubuntu4	amd64	libxcrypt	libcrypt1_4.4.10-10ubuntu4_amd64.deb				78204	231b4dbbe5865775f118cfa61394f1e16fa7102b6953a327e672499a20876d73			false	true	true	apt_archives
bionic-to-focal	g++-7	7.5.0-6ubuntu2	amd64	gcc-7	g%2b%2b-7_7.5.0-6ubuntu2_amd64.deb				9688884	e77ff2d5737285359a3832efc5cdfe32688e3f5ec274eebf7586d97be23b6126			false	true	true	apt_archives
bionic-to-focal	grub-legacy-ec2	1:1ubuntu1	all	grub-legacy-ec2	grub-legacy-ec2_1ubuntu1_all.deb				19564	6a9f0ac87febc76963ca0a17f94f2e75c42581e7ab5e928bf8267bbde099d2c0			false	true	true	apt_archives
bionic-to-focal	libmagic1	1:5.38-4	amd64	file	libmagic1_5.38-4_amd64.deb				75852	371fe893393973bf2d0c4cc0cf00a1edce70779f4edbc00e442303db4ddda0eb			false	true	true	apt_archives
bionic-to-focal	ca-certificates	20240203~20.04.1	all	ca-certificates	ca-certificates_20240203%7e20.04.1_all.deb				158936	70961a11b08e2025d07a559285a58f9f27650f275ffe1188fa4bd77375dd244a			false	true	true	apt_archives
bionic-to-focal	liblsan0	10.5.0-1ubuntu1~20.04	amd64	gcc-10	liblsan0_10.5.0-1ubuntu1%7e20.04_amd64.deb				834856	b37c51fc350be9b657147b87be40f9da2e019ba9c1083c4726666b941f969ccb			false	true	true	apt_archives
bionic-to-focal	linux-image-5.15.0-1084-aws	5.15.0-1084.91~20.04.1	amd64	linux-signed-aws-5.15	linux-image-5.15.0-1084-aws_5.15.0-1084.91%7e20.04.1_amd64.deb				11462040	fc5d64c9b08c3cf710625905cf562a5c10d85d1a51e64fb068ea1fc8819aa6f5			false	true	true	apt_archives
bionic-to-focal	landscape-common	23.02-0ubuntu1~20.04.4	amd64	landscape-client	landscape-common_23.02-0ubuntu1%7e20.04.4_amd64.deb				86992	711c93d2dcbf8c10319da8ab491e3e88d81e80ac3dbc3626190efceba82f80d4			false	true	true	apt_archives
bionic-to-focal	libldap-common	2.4.49+dfsg-2ubuntu1.10	all	openldap	libldap-common_2.4.49%2bdfsg-2ubuntu1.10_all.deb				16456	7bf642d7edcf569b9f9c5067377f9d346377c7bc297e131339ff967d65e911c4			false	true	true	apt_archives
bionic-to-focal	libgomp1	10.5.0-1ubuntu1~20.04	amd64	gcc-10	libgomp1_10.5.0-1ubuntu1%7e20.04_amd64.deb				101900	1748606410f62d406588ff7c84ec6e0664cca48d7ecac0b539fecd51ac2219bd			false	true	true	apt_archives
bionic-to-focal	libopts25	1:5.18.16-3	amd64	autogen	libopts25_5.18.16-3_amd64.deb				59448	a4ba925c8430fdcda6484364a2307e83743adc253ae7b1028a6f0859400f4c0a			false	true	true	apt_archives
bionic-to-focal	openssh-client	1:8.2p1-4ubuntu0.13	amd64	openssh	openssh-client_8.2p1-4ubuntu0.13_amd64.deb				670032	d3fd2fbd6d0eab56c96b128000e24664c8cd44027e7d9fb5d7dd228b50fc438b			false	true	true	apt_archives
bionic-to-focal	libcap2-bin	1:2.32-1ubuntu0.2	amd64	libcap2	libcap2-bin_2.32-1ubuntu0.2_amd64.deb				26188	50774d53a85399d21eb07515a3ba8179c2fd1b8cbaff14537dd169981af576bb			false	true	true	apt_archives
bionic-to-focal	libqmi-proxy	1.30.4-1~ubuntu20.04.1	amd64	libqmi	libqmi-proxy_1.30.4-1%7eubuntu20.04.1_amd64.deb				5908	23377adedda1943bbb0c2e20141b3c0dd4397a6835552585edf7dd09a49e7ed0			false	true	true	apt_archives
bionic-to-focal	libdrm2	2.4.107-8ubuntu1~20.04.2	amd64	libdrm	libdrm2_2.4.107-8ubuntu1%7e20.04.2_amd64.deb				34112	9b01d73313841abe8e3f24c2715edced675fbe329bbd10be912a5b135cd51fb6			false	true	true	apt_archives
bionic-to-focal	busybox-initramfs	1:1.30.1-4ubuntu6.5	amd64	busybox	busybox-initramfs_1.30.1-4ubuntu6.5_amd64.deb				168960	65d8917714b9dd16ee7527cbdcd44e3c11860746aa11d1a35e4a251891e2b005			false	true	true	apt_archives
bionic-to-focal	libhogweed5	3.5.1+really3.5.1-2ubuntu0.2	amd64	nettle	libhogweed5_3.5.1%2breally3.5.1-2ubuntu0.2_amd64.deb				137880	12d76fa6c9149af3da228e3062faaefd7d12e0c6fd3424579627672437a84f14			false	true	true	apt_archives
bionic-to-focal	openssh-sftp-server	1:8.2p1-4ubuntu0.13	amd64	openssh	openssh-sftp-server_8.2p1-4ubuntu0.13_amd64.deb				51612	dbe332d1f31398d688a3035495107a03ee64c00ba9849c2c0d6d1d92d6187932			false	true	true	apt_archives
bionic-to-focal	fwupd-signed	1.51.1~20.04.1+1.4-0ubuntu0.1	amd64	fwupd-signed (1.51.1~20.04.1)	fwupd-signed_1.51.1%7e20.04.1%2b1.4-0ubuntu0.1_amd64.deb				28668	3737cba4985a7f800566cc2a7d74a80b7b8914b30d8d84fe4b826a0c952aa9e6			false	true	true	apt_archives
bionic-to-focal	python3-lib2to3	3.8.10-0ubuntu1~20.04	all	python3-stdlib-extensions	python3-lib2to3_3.8.10-0ubuntu1%7e20.04_all.deb				76320	d25b7a114ab08e6f318d96ae8d71c3c24c3b9eaceb84cb1abf476979875521ab			false	true	true	apt_archives
bionic-to-focal	libsasl2-modules-db	2.1.27+dfsg-2ubuntu0.1	amd64	cyrus-sasl2	libsasl2-modules-db_2.1.27%2bdfsg-2ubuntu0.1_amd64.deb				14700	ce29952a8d8b941f4d5bfcdbec3a7c1758ee19a4e6eb9f04d5025c310ee6875a			false	true	true	apt_archives
bionic-to-focal	libxmlb1	0.1.15-2ubuntu1~20.04.1	amd64	libxmlb	libxmlb1_0.1.15-2ubuntu1%7e20.04.1_amd64.deb				50520	3f6cbe334bd146a26a47bb177bc3f10d4d688b160ee874eb4a58e250e21a06df			false	true	true	apt_archives
bionic-to-focal	libxext6	2:1.3.4-0ubuntu1	amd64	libxext	libxext6_1.3.4-0ubuntu1_amd64.deb				29060	a3c546490c0ae0f9247cf8f2919fc7b99b386a538ac91ae48a4ebb96a2a69834			false	true	true	apt_archives
bionic-to-focal	libglib2.0-0	2.64.6-1~ubuntu20.04.9	amd64	glib2.0	libglib2.0-0_2.64.6-1%7eubuntu20.04.9_amd64.deb				1289696	459d8f08c5e3e8c0454b1cb16660fc7a11274729c83bd41886e5a1388feeddbd			false	true	true	apt_archives
bionic-to-focal	libmbim-proxy	1.26.2-1~ubuntu20.04.1	amd64	libmbim	libmbim-proxy_1.26.2-1%7eubuntu20.04.1_amd64.deb				6012	ab1d0c469ac3ac053316156e3ba1e436fabe46f53760e3acd5c1ee8ca562001a			false	true	true	apt_archives
bionic-to-focal	python2.7-dev	2.7.18-1~20.04.7	amd64	python2.7	python2.7-dev_2.7.18-1%7e20.04.7_amd64.deb				293676	311c71cbdc568b564962230e2603d19b2f680bfa347b5fa0962de999793cf810			false	true	true	apt_archives
bionic-to-focal	g++-9	9.4.0-1ubuntu1~20.04.2	amd64	gcc-9	g%2b%2b-9_9.4.0-1ubuntu1%7e20.04.2_amd64.deb				8421356	2c617ef6d7e1809ded44e5a6d0ea2410ec4ec793765b91e892b6acc9a12ddb3c			false	true	true	apt_archives
bionic-to-focal	gcc-10-base	10.5.0-1ubuntu1~20.04	amd64	gcc-10	gcc-10-base_10.5.0-1ubuntu1%7e20.04_amd64.deb				20776	8fac06791057b1bba6178466e160bb3ec2a795297f10e88e34daf762572ed5c0			false	true	true	apt_archives
bionic-to-focal	libdevmapper-event1.02.1	2:1.02.167-1ubuntu1	amd64	lvm2 (2.03.07-1ubuntu1)	libdevmapper-event1.02.1_1.02.167-1ubuntu1_amd64.deb				11868	44cb0b85ad547f4cf4897cb5fe48e026f08b9b60b4c1ce6aa15cc6512ed5a5b8			false	true	true	apt_archives
bionic-to-focal	netplan.io	0.104-0ubuntu2~20.04.6	amd64	netplan.io	netplan.io_0.104-0ubuntu2%7e20.04.6_amd64.deb				88564	1dc3b6438b9c2a0b16735a39c670e62c72030a7f098d151ab96dc472f4451e1a			false	true	true	apt_archives
bionic-to-focal	libstdc++6	10.5.0-1ubuntu1~20.04	amd64	gcc-10	libstdc%2b%2b6_10.5.0-1ubuntu1%7e20.04_amd64.deb				501136	7f9222342d3551d063bf651319ec397c39278eeeb9ab5950ae0e8c28ef0af431			false	true	true	apt_archives
bionic-to-focal	libargon2-1	0~20171227-0.2	amd64	argon2	libargon2-1_0%7e20171227-0.2_amd64.deb				19208	dd0c2b89a58400d555df86c58465f95cf6aebec7bdc1e7c96718d25e29a38019			false	true	true	apt_archives
bionic-to-focal	squashfs-tools	1:4.4-1ubuntu0.3	amd64	squashfs-tools	squashfs-tools_4.4-1ubuntu0.3_amd64.deb				117356	478e37dfa87f40fe3ef43379913d5b662d91f023f71a2d8141c1d9f22c354c9f			false	true	true	apt_archives
bionic-to-focal	docker.io	26.1.3-0ubuntu1~20.04.1	amd64	docker.io-app	docker.io_26.1.3-0ubuntu1%7e20.04.1_amd64.deb				29452136	ff15f6b7cf8832110eb5d1595eb1d625cdd5496b45e011399333eeced5e488fc			false	true	true	apt_archives
bionic-to-focal	libgcc1	1:10.5.0-1ubuntu1~20.04	amd64	gcc-10 (10.5.0-1ubuntu1~20.04)	libgcc1_10.5.0-1ubuntu1%7e20.04_amd64.deb				41724	be48e8f4b1cb8bbdd642966bfcc08b119a7c8317b807bce6bf8da35817468d06			false	true	true	apt_archives
bionic-to-focal	libqmi-glib5	1.30.4-1~ubuntu20.04.1	amd64	libqmi	libqmi-glib5_1.30.4-1%7eubuntu20.04.1_amd64.deb				642000	03d5434663c158044d782a6ea6c2ae88618948596f584b90477625903ab9ca2d			false	true	true	apt_archives
bionic-to-focal	nodejs-doc	10.19.0~dfsg-3ubuntu1.6	all	nodejs	nodejs-doc_10.19.0%7edfsg-3ubuntu1.6_all.deb				943084	2c50dce3790e2f719bdde4fad365c8ee749a397aae7376dadb81a0bf36ad908b			false	true	true	apt_archives
bionic-to-focal	python-lockfile	1:0.12.2-2ubuntu2	all	python-lockfile	python-lockfile_0.12.2-2ubuntu2_all.deb				14436	61db5d02c5f71b96bfd5ff717d4ae6c0b94774e7c0a328699f46422aa5c20f03			false	true	true	apt_archives
bionic-to-focal	pciutils	1:3.6.4-1ubuntu0.20.04.1	amd64	pciutils	pciutils_3.6.4-1ubuntu0.20.04.1_amd64.deb				56500	efb0a35b6cd0370f0b426a558a49850b5b568fe98536368cce6b9473d54189df			false	true	true	apt_archives
bionic-to-focal	bind9-libs	1:9.18.30-0ubuntu0.20.04.2	amd64	bind9	bind9-libs_9.18.30-0ubuntu0.20.04.2_amd64.deb				1154744	6f9705ededdcd7311ce880c6b08b08dd6f5c332ae69306a43fe895aced779d64			false	true	true	apt_archives
bionic-to-focal	iputils-tracepath	3:20190709-3ubuntu1	amd64	iputils	iputils-tracepath_20190709-3ubuntu1_amd64.deb				20068	d5d3e6003afe440eae7ae042e5e8dad19a978c2de2c74984ecbb1172813d8556			false	true	true	apt_archives
bionic-to-focal	vim-tiny	2:8.1.2269-1ubuntu5.32	amd64	vim	vim-tiny_8.1.2269-1ubuntu5.32_amd64.deb				579240	5997d5440bb832a7c6337e01bae2368d0a043c024d695d1a1222d1792175f66c			false	true	true	apt_archives
bionic-to-focal	nodejs	10.19.0~dfsg-3ubuntu1.6	amd64	nodejs	nodejs_10.19.0%7edfsg-3ubuntu1.6_amd64.deb				61620	2f8f703744628cb4c1663b7ab09447c213177f4bae1cf4b2b536f8ccb6a255d1			false	true	true	apt_archives
bionic-to-focal	uidmap	1:4.8.1-1ubuntu5.20.04.5	amd64	shadow	uidmap_4.8.1-1ubuntu5.20.04.5_amd64.deb				26016	410dc100f814b8491f661cb8fdb68e89f0f8e9f2aeef370d79617b285fe16114			false	true	true	apt_archives
bionic-to-focal	fonts-ubuntu-font-family-console	1:0.83-4ubuntu1	all	fonts-ubuntu (0.83-4ubuntu1)	fonts-ubuntu-font-family-console_0.83-4ubuntu1_all.deb				10304	071af319d719f3fcdb124d97e90b92b609d7b1789b05d26b36becf82ea71b619			false	true	true	apt_archives
bionic-to-focal	fwupd	1.7.9-1~20.04.3	amd64	fwupd	fwupd_1.7.9-1%7e20.04.3_amd64.deb				2453504	88850f0fe2cddf189d5a1a0c7669df8bda3525d2c00f23568e3761b39d4c983d			false	true	true	apt_archives
bionic-to-focal	libpython3.8	3.8.10-0ubuntu1~20.04.18	amd64	python3.8	libpython3.8_3.8.10-0ubuntu1%7e20.04.18_amd64.deb				1625384	2a867022338c5838420113c20a17f22495bec31e2f200e073072571be0404a93			false	true	true	apt_archives
bionic-to-focal	libdrm-common	2.4.107-8ubuntu1~20.04.2	all	libdrm	libdrm-common_2.4.107-8ubuntu1%7e20.04.2_all.deb				5396	52bdffa2e90751b316978799650bb3e8c373c238cc71775ee596069241847e08			false	true	true	apt_archives
bionic-to-focal	libpython2.7-dev	2.7.18-1~20.04.7	amd64	python2.7	libpython2.7-dev_2.7.18-1%7e20.04.7_amd64.deb				2467528	9f98600c9603815afe8a3a4e2f6d0b78e3f60d007150682297b0e40e936438ea			false	true	true	apt_archives
bionic-to-focal	libaccountsservice0	0.6.55-0ubuntu12~20.04.7	amd64	accountsservice	libaccountsservice0_0.6.55-0ubuntu12%7e20.04.7_amd64.deb				72368	2506dff6a97be14133cbbf5bae09ec2b55ae44f80056d4e843dfb25b961025f6			false	true	true	apt_archives
bionic-to-focal	python3.8	3.8.10-0ubuntu1~20.04.18	amd64	python3.8	python3.8_3.8.10-0ubuntu1%7e20.04.18_amd64.deb				386744	d5895159a32736faf5068b14ef65b1d8d0f50f0eeee762e1ee9b7b3e2d87ac42			false	true	true	apt_archives
bionic-to-focal	libheimbase1-heimdal	7.7.0+dfsg-1ubuntu1.4	amd64	heimdal	libheimbase1-heimdal_7.7.0%2bdfsg-1ubuntu1.4_amd64.deb				30420	8e836ecde0f39591da8f672c0e0c84bee19cc7fe3b7f091fd5670f44ca686f86			false	true	true	apt_archives
bionic-to-focal	linux-modules-5.15.0-1084-aws	5.15.0-1084.91~20.04.1	amd64	linux-aws-5.15	linux-modules-5.15.0-1084-aws_5.15.0-1084.91%7e20.04.1_amd64.deb				21910204	d77edc0ac847b99fda5494537071dc4aa38df72c8eb77c82bc817f80ed2e2590			false	true	true	apt_archives
bionic-to-focal	libgmp10	2:6.2.0+dfsg-4ubuntu0.1	amd64	gmp	libgmp10_6.2.0%2bdfsg-4ubuntu0.1_amd64.deb				240684	541dc5050b0cecdecbfe155641588ba08da645b61b11fc4bcb045f2f4773da43			false	true	true	apt_archives
bionic-to-focal	xml-core	0.18+nmu1	all	xml-core	xml-core_0.18%2bnmu1_all.deb				21592	ca2d6758bdd3d9bb789b9be48838930bd6be130d524fac4133d8e9e60a39f4e8			false	true	true	apt_archives
bionic-to-focal	dnsutils	1:9.18.30-0ubuntu0.20.04.2	all	bind9	dnsutils_9.18.30-0ubuntu0.20.04.2_all.deb				4056	36dbcc4eb50adc82ef8cb22fa6e4c8dc776014c2c26a96668b396322a008da8f			false	true	true	apt_archives
bionic-to-focal	tar	1.30+dfsg-7ubuntu0.20.04.4	amd64	tar	tar_1.30%2bdfsg-7ubuntu0.20.04.4_amd64.deb				239740	7387a202f0c71a5638c9514f854f2efd9809e24fa5212d1c7227b02bd06be5ec			false	true	true	apt_archives
bionic-to-focal	libheimntlm0-heimdal	7.7.0+dfsg-1ubuntu1.4	amd64	heimdal	libheimntlm0-heimdal_7.7.0%2bdfsg-1ubuntu1.4_amd64.deb				15076	4bb09f998d0130b91e3145a09eb53a54ad087f457c47bf147c509332000dadc7			false	true	true	apt_archives
bionic-to-focal	libjson-c4	0.13.1+dfsg-7ubuntu0.3	amd64	json-c	libjson-c4_0.13.1%2bdfsg-7ubuntu0.3_amd64.deb				29264	81d4d7fa8f1a2f0e1851040119ea105a12dc4d23dd26f4ef2228d8778b981f96			false	true	true	apt_archives
bionic-to-focal	libfwupd2	1.7.9-1~20.04.3	amd64	fwupd	libfwupd2_1.7.9-1%7e20.04.3_amd64.deb				91856	2b8c1d61dcfb39e75943f68e3abb45f362df85257fa3ad1cc4fbf55d07d9f78a			false	true	true	apt_archives
bionic-to-focal	libdb5.3	5.3.28+dfsg1-0.6ubuntu2	amd64	db5.3	libdb5.3_5.3.28%2bdfsg1-0.6ubuntu2_amd64.deb				675076	330775026b5e31340387fb58e12e40e241ca34cbbb6c0c28331bd83cb47c3656			false	true	true	apt_archives
bionic-to-focal	gawk	1:5.0.1+dfsg-1ubuntu0.1	amd64	gawk	gawk_5.0.1%2bdfsg-1ubuntu0.1_amd64.deb				414540	5d48f427156f9d65f433a90af21033051102db391b1c1a7a07babd17dced5453			false	true	true	apt_archives
bionic-to-focal	libgudev-1.0-0	1:233-1	amd64	libgudev (233-1)	libgudev-1.0-0_233-1_amd64.deb				13988	857ce9ebdc4a8e4c782779acdb6450e32c65ca9f584a00dd713ee5fd9645eafe			false	true	true	apt_archives
bionic-to-focal	cryptsetup-initramfs	2:2.2.2-3ubuntu2.5	all	cryptsetup	cryptsetup-initramfs_2.2.2-3ubuntu2.5_all.deb				26112	6e2920d7ef568f28c3ae8f911d4c71fece3e01c7bae2bd9b9765e7d23f918e1a			false	true	true	apt_archives
bionic-to-focal	libglib2.0-bin	2.64.6-1~ubuntu20.04.9	amd64	glib2.0	libglib2.0-bin_2.64.6-1%7eubuntu20.04.9_amd64.deb				72852	21fdcec650da333196fa459efc9695df3b3a664720c921dbb8ecbc65ebea329e			false	true	true	apt_archives
bionic-to-focal	bolt	0.9.1-2~ubuntu20.04.2	amd64	bolt	bolt_0.9.1-2%7eubuntu20.04.2_amd64.deb				142832	2d1fa7cbc0492d6ec008b9db9204686c59546e96f32f6fbc48b2222e21cc6781			false	true	true	apt_archives
bionic-to-focal	diffutils	1:3.7-3	amd64	diffutils	diffutils_3.7-3_amd64.deb				199804	1e47f7fb82fedcd69c4b8cba65861ad23e6af108612f8f111244f2a48eb7fd02			false	true	true	apt_archives
bionic-to-focal	snapd	2.67.1+20.04	amd64	snapd	snapd_2.67.1%2b20.04_amd64.deb				26126440	5d7408f8c44598a3392dcfc1fbcb4e0f93dbe1838bf3532da03828f50de1fc81			false	true	true	apt_archives
bionic-to-focal	xauth	1:1.1-0ubuntu1	amd64	xauth	xauth_1.1-0ubuntu1_amd64.deb				24996	d35a2e55ae4ce9d74c5c83e993e3f4bee9cec8f9693398c641d633537207e9e9			false	true	true	apt_archives
bionic-to-focal	cpp	4:9.3.0-1ubuntu2	amd64	gcc-defaults (1.185.1ubuntu2)	cpp_9.3.0-1ubuntu2_amd64.deb				27588	6a29410b6f9a6f1f6b3fe93d0b994e56293126962950bb1c9bbf0a8909044b03			false	true	true	apt_archives
bionic-to-focal	passwd	1:4.8.1-1ubuntu5.20.04.5	amd64	shadow	passwd_4.8.1-1ubuntu5.20.04.5_amd64.deb				796836	839d12b834d2ec87945020482493b435ac0297eba9dcbd9ce049f1c542790de9			false	true	true	apt_archives
bionic-to-focal	linux-aws-5.15-headers-5.15.0-1084	5.15.0-1084.91~20.04.1	all	linux-aws-5.15	linux-aws-5.15-headers-5.15.0-1084_5.15.0-1084.91%7e20.04.1_all.deb				12022968	48b7227b993965183886ad9ae2fe8e7eb4f7b22ec8b3c650d68a4d1b36b90c02			false	true	true	apt_archives
bionic-to-focal	dmsetup	2:1.02.167-1ubuntu1	amd64	lvm2 (2.03.07-1ubuntu1)	dmsetup_1.02.167-1ubuntu1_amd64.deb				75576	107aec366e0ae17ffda6aa1b696e4abb8806ab308dddf4b8224974e9d2f4ae86			false	true	true	apt_archives
bionic-to-focal	lsof	4.93.2+dfsg-1ubuntu0.20.04.1	amd64	lsof	lsof_4.93.2%2bdfsg-1ubuntu0.20.04.1_amd64.deb				252296	03e498926886d3910b57607a7a0768e4c7121a726094f737c543c8632cc7c0d8			false	true	true	apt_archives
bionic-to-focal	libseccomp2	2.5.1-1ubuntu1~20.04.2	amd64	libseccomp	libseccomp2_2.5.1-1ubuntu1%7e20.04.2_amd64.deb				42540	e2fe929b69bec68e5e00eaecc2e661da0b31d8a5e9df298df43e2ba40983bdc1			false	true	true	apt_archives
bionic-to-focal	libgssapi3-heimdal	7.7.0+dfsg-1ubuntu1.4	amd64	heimdal	libgssapi3-heimdal_7.7.0%2bdfsg-1ubuntu1.4_amd64.deb				96524	424946bdeb726e5829d67a9baf5a81253254c471b9206d5d6a1b7f3d1dfcc7cc			false	true	true	apt_archives
bionic-to-focal	ntfs-3g	1:2017.3.23AR.3-3ubuntu1.3	amd64	ntfs-3g	ntfs-3g_2017.3.23AR.3-3ubuntu1.3_amd64.deb				387640	00243af3ea56e48eb265b409aa7718cd9e9313cc70e2a1687af25ad78b776401			false	true	true	apt_archives
bionic-to-focal	libargon2-0	0~20171227-0.2	amd64	argon2	libargon2-0_0%7e20171227-0.2_amd64.deb				4536	68ee7098d2a6bc88c32a860c2b79d82622a661123269fea42b8b7b866ab04f61			false	true	true	apt_archives
bionic-to-focal	libpython2.7-stdlib	2.7.18-1~20.04.7	amd64	python2.7	libpython2.7-stdlib_2.7.18-1%7e20.04.7_amd64.deb				1888768	d739e4000e6beb25ce6e0fae17ef969557e0bf44e966fddeb37981ee01b26517			false	true	true	apt_archives
bionic-to-focal	libpython2.7	2.7.18-1~20.04.7	amd64	python2.7	libpython2.7_2.7.18-1%7e20.04.7_amd64.deb				1037916	65ba4f15c94b3718e756f68bb42fa7eb7738b3168346c6814e7a637e9a2f5426			false	true	true	apt_archives
bionic-to-focal	libgirepository-1.0-1	1.64.1-1~ubuntu20.04.1	amd64	gobject-introspection	libgirepository-1.0-1_1.64.1-1%7eubuntu20.04.1_amd64.deb				85708	32d681d36ddaf6133d3c4ca83d674b1627db1a6d47016698e454158948b7879a			false	true	true	apt_archives
bionic-to-focal	net-tools	1.60+git20180626.aebd88e-1ubuntu1.3	amd64	net-tools	net-tools_1.60%2bgit20180626.aebd88e-1ubuntu1.3_amd64.deb				192252	1cb4553bcc5500fb1c60a502a03ae92e656aa51fb0f45b87655222de5f0329ca			false	true	true	apt_archives
bionic-to-focal	acpid	1:2.0.32-1ubuntu1	amd64	acpid	acpid_2.0.32-1ubuntu1_amd64.deb				37688	fef6273e8bf6f46989fc83f3cca6d0be5d11535949d47fba83cdaece3e6f4399			false	true	true	apt_archives
bionic-to-focal	libitm1	10.5.0-1ubuntu1~20.04	amd64	gcc-10	libitm1_10.5.0-1ubuntu1%7e20.04_amd64.deb				26196	e2a4eb079a4df5e29bb07943f54837e706b4c055dd2eab8fed82f51e5006b8d1			false	true	true	apt_archives
bionic-to-focal	libusb-0.1-4	2:0.1.12-32	amd64	libusb	libusb-0.1-4_0.1.12-32_amd64.deb				17400	c33b629b4a6d2e1dbffdec54a3a76605147b4df329cba8b6f2373e88664fb181			false	true	true	apt_archives
bionic-to-focal	eject	2.1.5+deb1+cvs20081104-14	amd64	eject	eject_2.1.5%2bdeb1%2bcvs20081104-14_amd64.deb				23760	affaf212c2836a9877ef1a7afc1ca1186c6441ef6c83871d84161299f061792c			false	true	true	apt_archives
bionic-to-focal	libstdc++-7-dev	7.5.0-6ubuntu2	amd64	gcc-7	libstdc%2b%2b-7-dev_7.5.0-6ubuntu2_amd64.deb				1471088	b1e9c4a6109258bece8bc6e9e13b1a7d57ffd7caf6ac686616488f122afd996b			false	true	true	apt_archives
bionic-to-focal	libsasl2-modules	2.1.27+dfsg-2ubuntu0.1	amd64	cyrus-sasl2	libsasl2-modules_2.1.27%2bdfsg-2ubuntu0.1_amd64.deb				48820	448ec354951db9969c379ee66a4b751459d2e1b239cc94e3b499216058f90ca2			false	true	true	apt_archives
bionic-to-focal	libx11-6	2:1.6.9-2ubuntu1.6	amd64	libx11	libx11-6_1.6.9-2ubuntu1.6_amd64.deb				576536	20d7c0a8ea7a138d49d777a5db8e652071a3c47c78136450ec7417b5232b84ac			false	true	true	apt_archives
bionic-to-focal	python3.8-minimal	3.8.10-0ubuntu1~20.04.18	amd64	python3.8	python3.8-minimal_3.8.10-0ubuntu1%7e20.04.18_amd64.deb				1899928	3fc6e0a03c90a9d2b3cf11bf7a64b548e07e8d20eb5f687c983c026162e5dc5e			false	true	true	apt_archives
bionic-to-focal	xxd	2:8.1.2269-1ubuntu5.32	amd64	vim	xxd_8.1.2269-1ubuntu5.32_amd64.deb				49952	e1faead1cc73f3017b4b587a4ae0b3aba48be67e0a516fc8b3925bb026f1f31c			false	true	true	apt_archives
bionic-to-focal	libatomic1	10.5.0-1ubuntu1~20.04	amd64	gcc-10	libatomic1_10.5.0-1ubuntu1%7e20.04_amd64.deb				9284	29b19adba1cb79b0cbf905ee21cc68d3a88eadcd56c39d1a0b29c5a523b60557			false	true	true	apt_archives
bionic-to-focal	python3-gdbm	3.8.10-0ubuntu1~20.04	amd64	python3-stdlib-extensions	python3-gdbm_3.8.10-0ubuntu1%7e20.04_amd64.deb				15244	46b6acf0820ada6188105a97ce026879e3a9ab133a69ea12c067e1f2968e88eb			false	true	true	apt_archives
bionic-to-focal	usb-modeswitch	2.5.2+repack0-2ubuntu3	amd64	usb-modeswitch	usb-modeswitch_2.5.2%2brepack0-2ubuntu3_amd64.deb				53128	760cc7246b8b53889cad1bc7ced7b4ebd4c7618f5474b4e018ed70201b1cd66d			false	true	true	apt_archives
bionic-to-focal	libfwupdplugin5	1.7.9-1~20.04.3	amd64	fwupd	libfwupdplugin5_1.7.9-1%7e20.04.3_amd64.deb				170072	5047bfde68826dfdee815170e2e298a269e5991ff11f98a5f720acbdca0975a9			false	true	true	apt_archives
bionic-to-focal	libpam-cap	1:2.32-1ubuntu0.2	amd64	libcap2	libpam-cap_2.32-1ubuntu0.2_amd64.deb				8376	e6ff5a88740f2e3c015c058551668688f938b5e3b64c5aee245e9ae4830996e6			false	true	true	apt_archives
bionic-to-focal	git-man	1:2.25.1-1ubuntu3.14	all	git	git-man_2.25.1-1ubuntu3.14_all.deb				886704	dd045e21b71e7c13f45f58d39478f44935c71347d58a9000489d15bb88ce04f5			false	true	true	apt_archives
bionic-to-focal	open-vm-tools	2:11.3.0-2ubuntu0~ubuntu20.04.8	amd64	open-vm-tools	open-vm-tools_11.3.0-2ubuntu0%7eubuntu20.04.8_amd64.deb				649304	05bef50339fe46841d20226632c01fa949f8e1b1edd8676e5594488d7b48c2f1			false	true	true	apt_archives
bionic-to-focal	conntrack	1:1.4.5-2	amd64	conntrack-tools	conntrack_1.4.5-2_amd64.deb				30308	e0890d826e3e77706833ec502ac3a305fc1b3718889e081ccf8af9525ef7c836			false	true	true	apt_archives
bionic-to-focal	gcc-9-base	9.4.0-1ubuntu1~20.04.2	amd64	gcc-9	gcc-9-base_9.4.0-1ubuntu1%7e20.04.2_amd64.deb				18896	7fb8300b83b99d2b65d8ccbf69119829789bc4204c450eb94cc6f666e3b4254e			false	true	true	apt_archives
bionic-to-focal	openssh-server	1:8.2p1-4ubuntu0.13	amd64	openssh	openssh-server_8.2p1-4ubuntu0.13_amd64.deb				378024	4544bc1764fe5d14578c7061f8337c0f3764a89d85dd9679f2b03301d92b534a			false	true	true	apt_archives
bionic-to-focal	libatm1	1:2.5.1-4	amd64	linux-atm	libatm1_2.5.1-4_amd64.deb				21808	667a0d6baa83371f6544d9d358312c268367bde1cc6dbaaa6e655ed993c0ff74			false	true	true	apt_archives
bionic-to-focal	pci.ids	0.0~2020.03.20-1	all	pci.ids	pci.ids_0.0%7e2020.03.20-1_all.deb				216788	a63703e56fe9d55369f6dd14d4fb110807aebf1f93a7f4e287d41174a8870f21			false	true	true	apt_archives
bionic-to-focal	bsdutils	1:2.34-0.1ubuntu9.6	amd64	util-linux (2.34-0.1ubuntu9.6)	bsdutils_2.34-0.1ubuntu9.6_amd64.deb				63280	25accdba926f2d2c6fc7dcfa7c143c2b142a41930886f40b3ba8396df3bcf0b6			false	true	true	apt_archives
bionic-to-focal	finalrd	6~ubuntu20.04.1	all	finalrd	finalrd_6%7eubuntu20.04.1_all.deb				6852	d547c516e91a91f731206abb2b052e9a2a039d4e3958d1ac9bd8599c258a4a3a			false	true	true	apt_archives
bionic-to-focal	cpio	2.13+dfsg-2ubuntu0.4	amd64	cpio	cpio_2.13%2bdfsg-2ubuntu0.4_amd64.deb				86980	81149b7e450ee4f62eb6db060ed9f2c4a08a9ad5142c63c226dc810044f73774			false	true	true	apt_archives
bionic-to-focal	vim-common	2:8.1.2269-1ubuntu5.32	all	vim	vim-common_8.1.2269-1ubuntu5.32_all.deb				84880	1c94dab6986a99100a47d071314fd1278a1d8a1f40785bcb98b2af8f01d1c739			false	true	true	apt_archives
bionic-to-focal	libusb-1.0-0	2:1.0.23-2build1	amd64	libusb-1.0	libusb-1.0-0_1.0.23-2build1_amd64.deb				46488	97333d5deba0dc34a0f1663cdae2116001faf922d56d84b964e664a305f0d648			false	true	true	apt_archives
bionic-to-focal	ubuntu-advantage-tools	37.1ubuntu0~20.04.1	all	ubuntu-advantage-tools	ubuntu-advantage-tools_37.1ubuntu0%7e20.04.1_all.deb				11012	b6b6ab14dc6d5b75fcb33da892bef996041f92d7d1cbc162175bf65ea5eadb96			false	true	true	apt_archives
bionic-to-focal	libzstd1	1.4.4+dfsg-3ubuntu0.1	amd64	libzstd	libzstd1_1.4.4%2bdfsg-3ubuntu0.1_amd64.deb				236912	7a4422dadb90510dc90765c308d65e61a3e244ceb3886394335e48cff7559e69			false	true	true	apt_archives
bionic-to-focal	dns-root-data	2024071801~ubuntu0.20.04.1	all	dns-root-data	dns-root-data_2024071801%7eubuntu0.20.04.1_all.deb				6128	4224f49df50565aee44bd299e18aa83cd09f6459c51fb2ddd1106ea1d9eda7b7			false	true	true	apt_archives
bionic-to-focal	libdevmapper1.02.1	2:1.02.167-1ubuntu1	amd64	lvm2 (2.03.07-1ubuntu1)	libdevmapper1.02.1_1.02.167-1ubuntu1_amd64.deb				127216	d06481b2f395abbf74372f64dc13b6bb473e912f3904844afb09a22b2e2f2b8c			false	true	true	apt_archives
bionic-to-focal	linux-headers-aws	5.15.0.1084.91~20.04.1	amd64	linux-meta-aws-5.15	linux-headers-aws_5.15.0.1084.91%7e20.04.1_amd64.deb				2504	acd9115aaf74a0864f165dff411e8dab8d38c39e3fb0daf521980dd75600b48f			false	true	true	apt_archives
bionic-to-focal	libpcre3	2:8.39-12ubuntu0.1	amd64	pcre3	libpcre3_8.39-12ubuntu0.1_amd64.deb				232396	98c25f98cc8df949e774a7ebaff509c37a6baea4dab83786a3c1efecb850bfae			false	true	true	apt_archives
bionic-to-focal	cpp-9	9.4.0-1ubuntu1~20.04.2	amd64	gcc-9	cpp-9_9.4.0-1ubuntu1%7e20.04.2_amd64.deb				7501620	ed10bd0ab893389c21622d01415991466e5b20a0c57732308884180ec1f0a6e8			false	true	true	apt_archives
bionic-to-focal	modemmanager	1.18.6-1~ubuntu20.04.1	amd64	modemmanager	modemmanager_1.18.6-1%7eubuntu20.04.1_amd64.deb				895044	44366bd1f50b67289ac752bd189f7f1d8e2321fbdd1e8db0caa736d0063a8e08			false	true	true	apt_archives
bionic-to-focal	libjs-jquery	3.3.1~dfsg-3ubuntu0.1	all	jquery	libjs-jquery_3.3.1%7edfsg-3ubuntu0.1_all.deb				328900	6130f91c4dc37fee191bc555cabb529d9c07f457bfe29ebb70f19d4b06b7cfd5			false	true	true	apt_archives
bionic-to-focal	libldap-2.4-2	2.4.49+dfsg-2ubuntu1.10	amd64	openldap	libldap-2.4-2_2.4.49%2bdfsg-2ubuntu1.10_amd64.deb				154540	9b4a479d3bd6d0b27226ee737e054abbb99e171af9ebabed5bde0ad4bade8705			false	true	true	apt_archives
bionic-to-focal	libreadline5	5.2+dfsg-3build3	amd64	readline5	libreadline5_5.2%2bdfsg-3build3_amd64.deb				100296	e49389b39de229ef056c507eb42c5c80b39d68142ce9221cb344c04456fbb77a			false	true	true	apt_archives
bionic-to-focal	usbutils	1:012-2	amd64	usbutils	usbutils_012-2_amd64.deb				72856	2b9977f32325f0390747cf05a903f4d43487c6a3fe37ba635806e04815225778			false	true	true	apt_archives
bionic-to-focal	linux-aws	5.15.0.1084.91~20.04.1	amd64	linux-meta-aws-5.15	linux-aws_5.15.0.1084.91%7e20.04.1_amd64.deb				1936	1ef7259cc9081ae50c8175cc4a2d47770f8ff555a42d2eccbc85f0a4ffa8a54a			false	true	true	apt_archives
bionic-to-focal	libgcc-9-dev	9.4.0-1ubuntu1~20.04.2	amd64	gcc-9	libgcc-9-dev_9.4.0-1ubuntu1%7e20.04.2_amd64.deb				2359460	f21b9daeefa0712b6c6f035face86f5ae9cef5079ae61570b84ebda0352db77e			false	true	true	apt_archives
bionic-to-focal	libisc-export1105	1:9.11.16+dfsg-3~ubuntu1	amd64	bind9-libs	libisc-export1105_9.11.16%2bdfsg-3%7eubuntu1_amd64.deb				174936	c8bb95650128ec4544a8e31dd6bef64d2506117d5797c77935c2937b027f147b			false	true	true	apt_archives
bionic-to-focal	python-blinker	1.4+dfsg1-0.3ubuntu1	all	blinker	python-blinker_1.4%2bdfsg1-0.3ubuntu1_all.deb				13172	2c78c4c2e2c45a114e03601708885d9f8efcd33a0ecaae5fb4e130f9b3d83fb8			false	true	true	apt_archives
bionic-to-focal	apparmor	2.10.95-0ubuntu2.12	amd64	apparmor	apparmor_2.10.95-0ubuntu2.12_amd64.deb				450598	fd7c236bd210b4c8e6420fbd9f800292f7dab481c8b32544489ba520bf0d188c			false	true	true	apt_archives
bionic-to-focal	apport	2.20.1-0ubuntu2.30+esm7	all	apport	apport_2.20.1-0ubuntu2.30+esm7_all.deb				122710	4980a8e434d09b17cd0876fa9837e0e9021315458ff4dea850504e6211b72fb8			false	true	true	apt_archives
bionic-to-focal	apt-transport-https	1.2.35	amd64	apt	apt-transport-https_1.2.35_amd64.deb				26626	68f4184d44dac3e5e748959b33e0d2385f18992d8bb4f6373e91a02bfd6739cc			false	true	false	apt_archives
bionic-to-focal	apt-utils	1.2.35	amd64	apt	apt-utils_1.2.35_amd64.deb				196204	b0a0f704641c8cdce837067f886d6e5d6d166364b12ce5ad437e12fcabea8c4a			false	true	true	apt_archives
bionic-to-focal	apt	1.2.35	amd64	apt	apt_1.2.35_amd64.deb				1106944	a458b534d0fda677e2c659ed25fd41fc436afd5136d50b84d7a4a3d8a1fad156			false	true	true	apt_archives
bionic-to-focal	python3-lockfile	1:0.12.2-2ubuntu2	all	python-lockfile	python3-lockfile_0.12.2-2ubuntu2_all.deb				14556	bbc2408ba33c9bc238668df073565bb10be6fbde8827ccb1559a060240df0e8e			false	true	true	apt_archives
bionic-to-focal	python2.7-minimal	2.7.18-1~20.04.7	amd64	python2.7	python2.7-minimal_2.7.18-1%7e20.04.7_amd64.deb				1278200	5124145654605232ee20dfe22ceb90320806c2c0a6bb4df0572aecfa6ade8bc5			false	true	true	apt_archives
bionic-to-focal	libxmlb2	0.3.6-2build1~20.04.1	amd64	libxmlb	libxmlb2_0.3.6-2build1%7e20.04.1_amd64.deb				61600	743962cec02c1cce6b563a781381a2c64c7b41fa3c6e82182cd9cbea02236378			false	true	true	apt_archives
bionic-to-focal	libnode64	10.19.0~dfsg-3ubuntu1.6	amd64	nodejs	libnode64_10.19.0%7edfsg-3ubuntu1.6_amd64.deb				5764228	1baeb082440e19f47f794a14bf19f62e5e096349b2382381ad37d60bea8fdaa4			false	true	true	apt_archives
bionic-to-focal	ansible	2.9.6+dfsg-1	all	ansible	ansible_2.9.6%2bdfsg-1_all.deb				5794032	aaa666e6d3c37bb6fc1d71cb4e1b3020fa02f9981bfa62ed2d38aa2d69547748			false	true	true	apt_archives
bionic-to-focal	libxau6	1:1.0.9-0ubuntu1	amd64	libxau	libxau6_1.0.9-0ubuntu1_amd64.deb				7488	58a0d78302a35e4584f96cd598af16b563ae7aae4af589e2a7cee6dc6666d979			false	true	true	apt_archives
bionic-to-focal	liblxc-common	1:4.0.12-0ubuntu1~20.04.1	amd64	lxc	liblxc-common_4.0.12-0ubuntu1%7e20.04.1_amd64.deb				728124	005c99da800e6a31d5ba9f708d66d07e7c274634b56d9d37273a7def6e20cb7f			false	true	true	apt_archives
bionic-to-focal	libpython3.8-minimal	3.8.10-0ubuntu1~20.04.18	amd64	python3.8	libpython3.8-minimal_3.8.10-0ubuntu1%7e20.04.18_amd64.deb				720576	9c6f278dbc95c17fa594ab8da3a92c9e92741474170c406c4724ee822447142e			false	true	true	apt_archives
bionic-to-focal	base-files	9.4ubuntu4.14	amd64	base-files	base-files_9.4ubuntu4.14_amd64.deb				60898	82f7ad9bc2a9a0f84b2c62d9ebbd30e2ce429fcc51538879dbf88202e3d22221			false	true	true	apt_archives
bionic-to-focal	libpci3	1:3.6.4-1ubuntu0.20.04.1	amd64	pciutils	libpci3_3.6.4-1ubuntu0.20.04.1_amd64.deb				26856	1aaf3e3c5c1e17ddebc01ceb3beb3aaeb90679a6c2ad11fbee8de0fbfdafc288			false	true	true	apt_archives
bionic-to-focal	cryptsetup	2:2.2.2-3ubuntu2.5	amd64	cryptsetup	cryptsetup_2.2.2-3ubuntu2.5_amd64.deb				159004	66aef5a69eb87c03cd176c3929d83cafec89cb3bac551987e64fb02459a2995a			false	true	true	apt_archives
bionic-to-focal	libxmuu1	2:1.1.3-0ubuntu1	amd64	libxmu	libxmuu1_1.1.3-0ubuntu1_amd64.deb				9728	f5fa33a35f3ebd2186eb0565e349aa3dc96cbecb245f77c96103758e37c67adf			false	true	true	apt_archives
bionic-to-focal	bind9-host	1:9.10.3.dfsg.P4-8ubuntu1.19	amd64	bind9	bind9-host_1%3a9.10.3.dfsg.P4-8ubuntu1.19_amd64.deb				38282	d3ab09aa296dc4b653e9d3168bc77bbb353cf344e620ca3514c7d3bd8c183f5b			false	true	true	apt_archives
bionic-to-focal	libroken18-heimdal	7.7.0+dfsg-1ubuntu1.4	amd64	heimdal	libroken18-heimdal_7.7.0%2bdfsg-1ubuntu1.4_amd64.deb				42452	c66b925a5f2f3dd068780051249bc6a7779862829cf7bf0dc035d367cf2f0720			false	true	true	apt_archives
bionic-to-focal	ucf	3.0038+nmu1	all	ucf	ucf_3.0038%2bnmu1_all.deb				51620	0fd6782ac99f3d9814960edefd5cceaa84f3a33feec6a149f7edf59431f3a3ac			false	true	true	apt_archives
bionic-to-focal	ntp	1:4.2.8p12+dfsg-3ubuntu4.20.04.1	amd64	ntp	ntp_4.2.8p12%2bdfsg-3ubuntu4.20.04.1_amd64.deb				656888	b3b6d70c4aacc55509482954311e60bf2457ff0d9edb5c3a793dcc1156c82ed9			false	true	true	apt_archives
bionic-to-focal	libpython2.7-minimal	2.7.18-1~20.04.7	amd64	python2.7	libpython2.7-minimal_2.7.18-1%7e20.04.7_amd64.deb				336364	aaa7b3cafaa4069cefb438b50aacfd1f143d3ff0c9edea8c825295958a9662f5			false	true	true	apt_archives
bionic-to-focal	ethtool	1:5.4-1	amd64	ethtool	ethtool_5.4-1_amd64.deb				133644	886ac450953213f5e557c26c35449c2781020615c545af050c13aa71a870ed55			false	true	true	apt_archives
bionic-to-focal	update-manager-core	1:20.04.10.24	all	update-manager	update-manager-core_20.04.10.24_all.deb				11588	4340e6f153f5f4d4d1ff855faf28df631da20f7a0ca73d3c0e834a5aad589b1d			false	true	true	apt_archives
bionic-to-focal	libstdc++-9-dev	9.4.0-1ubuntu1~20.04.2	amd64	gcc-9	libstdc%2b%2b-9-dev_9.4.0-1ubuntu1%7e20.04.2_amd64.deb				1722156	e8c637e8f5a87f05b3f1dad0e020cc3763c384f5bb0fc159f69277645a2444df			false	true	true	apt_archives
bionic-to-focal	hdparm	9.58+ds-4	amd64	hdparm	hdparm_9.58%2bds-4_amd64.deb				94804	4cab6d6498368f2447290fab792db29285a1b52a230ecf02e5a1d36911405db1			false	true	true	apt_archives
bionic-to-focal	containerd	1.2.6-0ubuntu1~16.04.6+esm1	amd64	containerd	containerd_1.2.6-0ubuntu1~16.04.6+esm1_amd64.deb				19754898	14f506f25a15708b6100930c369d8f9db6fbdf016950a7852c0f472af0cf1c2f			false	true	true	apt_archives
bionic-to-focal	accountsservice	0.6.55-0ubuntu12~20.04.7	amd64	accountsservice	accountsservice_0.6.55-0ubuntu12%7e20.04.7_amd64.deb				61256	b34293efd5c6861b3d82b6ddbb72bef5d15d44be12c77e1d5949d634c8699773			false	true	true	apt_archives
bionic-to-focal	gcc-9	9.4.0-1ubuntu1~20.04.2	amd64	gcc-9	gcc-9_9.4.0-1ubuntu1%7e20.04.2_amd64.deb				8275648	7b6f2e5aa58695b30a5e4d8e1c1e4f39bf5f7b28fc5db1609385e0630eac8c18			false	true	true	apt_archives
bionic-to-focal	libasn1-8-heimdal	7.7.0+dfsg-1ubuntu1.4	amd64	heimdal	libasn1-8-heimdal_7.7.0%2bdfsg-1ubuntu1.4_amd64.deb				180984	842ee340c571c45164352db09571462deaf7b3d909f8a8e7880e6919fc52a14e			false	true	true	apt_archives
bionic-to-focal	vim-runtime	2:8.1.2269-1ubuntu5.32	all	vim	vim-runtime_8.1.2269-1ubuntu5.32_all.deb				5875952	9fa45cd7654ab48afc3b21fea95042d8f9e4bec6e7e68c245f4c9ccede5292c9			false	true	true	apt_archives
bionic-to-focal	git	1:2.25.1-1ubuntu3.14	amd64	git	git_2.25.1-1ubuntu3.14_amd64.deb				4613292	3fd5cbfa9a6095a2ee2f8d222530f2f1e2bbb53376ab35bd37319562dc914329			false	true	true	apt_archives
bionic-to-focal	libfwupdplugin1	1.5.11-0ubuntu1~20.04.2	amd64	fwupd	libfwupdplugin1_1.5.11-0ubuntu1%7e20.04.2_amd64.deb				125544	95503dd6f6e99786adb75c5aa5c400e958913910eb973752cb09d5e348147f7a			false	true	true	apt_archives
bionic-to-focal	sensible-utils	0.0.12+nmu1	all	sensible-utils	sensible-utils_0.0.12%2bnmu1_all.deb				15016	9ef20f3a2c2eac2d6d80b9ee0550f315d21fc7bc9e643f2f1b1e94c93f444601			false	true	true	apt_archives
bionic-to-focal	libxml2	2.9.10+dfsg-5ubuntu0.20.04.10	amd64	libxml2	libxml2_2.9.10%2bdfsg-5ubuntu0.20.04.10_amd64.deb				639756	90145086978f8eb6253621eea93dd1fb144ff6475a17507e467557d63d427e7f			false	true	true	apt_archives
bionic-to-focal	libmagic-mgc	1:5.38-4	amd64	file	libmagic-mgc_5.38-4_amd64.deb				218104	5eedb1499739fbc4df22d5347dfac620b919e7c271716f735c78f8f3c3fbd2f0			false	true	true	apt_archives
bionic-to-focal	ubuntu-core-launcher	2.67.1+20.04	amd64	snapd	ubuntu-core-launcher_2.67.1%2b20.04_amd64.deb				1640	f71610f732bfaa3de58bc1f0f25676af121d272f7b4656e4e29dd46732821692			false	true	true	apt_archives
bionic-to-focal	libntfs-3g883	1:2017.3.23AR.3-3ubuntu1.3	amd64	ntfs-3g	libntfs-3g883_2017.3.23AR.3-3ubuntu1.3_amd64.deb				149680	1874becc4620d8a303c72dd993cec7d73d4a7a0ddbba100d78183be7aeec2956			false	true	true	apt_archives
bionic-to-focal	libprocps8	2:3.3.16-1ubuntu2.4	amd64	procps	libprocps8_3.3.16-1ubuntu2.4_amd64.deb				33084	afac6e6b1ada27d5f9690e0bb872d9514e592fe506e6411398f55f9f4b75ec37			false	true	true	apt_archives
bionic-to-focal	sosreport	4.8.2-0ubuntu0~20.04.1	amd64	sosreport	sosreport_4.8.2-0ubuntu0%7e20.04.1_amd64.deb				356664	87dc889d879b84dea11d57fd95479176c9780847cffccda49e6f28499592d55f			false	true	true	apt_archives
bionic-to-focal	librtmp1	2.4+20151223.gitfa8646d.1-2build1	amd64	rtmpdump	librtmp1_2.4%2b20151223.gitfa8646d.1-2build1_amd64.deb				54916	f7f1041501c6f643ffc4824b541bd442a47cd63bde7e1d4f76cef10758a08d80			false	true	true	apt_archives
bionic-to-focal	libaudit1	1:2.8.5-2ubuntu6	amd64	audit	libaudit1_2.8.5-2ubuntu6_amd64.deb				38856	fb539f4d848d00e9472444285831e0204b9e92e7ee65dbb72b56e144a6dbedf8			false	true	true	apt_archives
bionic-to-focal	libhx509-5-heimdal	7.7.0+dfsg-1ubuntu1.4	amd64	heimdal	libhx509-5-heimdal_7.7.0%2bdfsg-1ubuntu1.4_amd64.deb				106680	4d33ced52af97d5a5a36b90a559492edfe4c6048087afcde55c3fbd58336a6ab			false	true	true	apt_archives
bionic-to-focal	libcrypt-dev	1:4.4.10-10ubuntu4	amd64	libxcrypt	libcrypt-dev_4.4.10-10ubuntu4_amd64.deb				104104	f0a41d8e8cf379dbbdfc43169f34851ed452b3581e72c6654f2e290caf4e1b20			false	true	true	apt_archives
bionic-to-focal	libnettle7	3.5.1+really3.5.1-2ubuntu0.2	amd64	nettle	libnettle7_3.5.1%2breally3.5.1-2ubuntu0.2_amd64.deb				114900	3496aed83407fde71e0dc5988b28e8fd7f07a2f27fcf3e0f214c7cd86667eecd			false	true	true	apt_archives
bionic-to-focal	networkd-dispatcher	2.1-2~ubuntu20.04.3	all	networkd-dispatcher	networkd-dispatcher_2.1-2%7eubuntu20.04.3_all.deb				15476	9ebc149cbb2420ede9b3690687a427b95271d637a8151410f04d4c430b005f91			false	true	true	apt_archives
bionic-to-focal	python2.7	2.7.18-1~20.04.7	amd64	python2.7	python2.7_2.7.18-1%7e20.04.7_amd64.deb				248208	da7eb90fa58c920e0acd7265f16b05e713698a677de9598a447ff51bf4f24b07			false	true	true	apt_archives
bionic-to-focal	libwind0-heimdal	7.7.0+dfsg-1ubuntu1.4	amd64	heimdal	libwind0-heimdal_7.7.0%2bdfsg-1ubuntu1.4_amd64.deb				47656	b6c310db9870b95f5abafc77823cdf954735f8e3a4be094f4c548796181bce68			false	true	true	apt_archives
bionic-to-focal	distro-info-data	0.28ubuntu0.22	all	distro-info-data	distro-info-data_0.28ubuntu0.22_all.deb				5262	012d67414140cbdd25c65a7f66e8c5107e310b040776b0636771648e561173ea			false	true	true	apt_archives
bionic-to-focal	distro-info	0.14ubuntu0.3	amd64	distro-info	distro-info_0.14ubuntu0.3_amd64.deb				20188	4fa3ddadf3bc4bc7ae0b4aeda479f3f06059d908c4371cd0339fd26e14539fdc			false	true	true	apt_archives
bionic-to-focal	dnsutils	1:9.10.3.dfsg.P4-8ubuntu1.19	amd64	bind9	dnsutils_1%3a9.10.3.dfsg.P4-8ubuntu1.19_amd64.deb				88864	e2d66440568dcb73b41f8566a40ad84ded8c3e4c4dee9cebda28cdcda98e0aff			false	true	false	apt_archives
bionic-to-focal	docker.io	18.09.7-0ubuntu1~16.04.7	amd64	docker.io	docker.io_18.09.7-0ubuntu1~16.04.7_amd64.deb				30485616	c25c5edbfae3a78222e07de9a1301bfa8aa8ce0032806bc1a0125a6c87b08c8a			false	true	true	apt_archives
bionic-to-focal	bind9-host	1:9.18.30-0ubuntu0.20.04.2	amd64	bind9	bind9-host_9.18.30-0ubuntu0.20.04.2_amd64.deb				47780	68cf89efc4f9fb7a9a5c578b69e8c20b158de30d1736950a1a91c831622abb97			false	true	true	apt_archives
bionic-to-focal	containerd	1.7.24-0ubuntu1~20.04.2	amd64	containerd-app	containerd_1.7.24-0ubuntu1%7e20.04.2_amd64.deb				33586908	3f6b0077e53c1a2caf07210264f1aa4124a41b8baa97abd389a21f22e1469e9c			false	true	true	apt_archives
bionic-to-focal	liblxc1	1:4.0.12-0ubuntu1~20.04.1	amd64	lxc	liblxc1_4.0.12-0ubuntu1%7e20.04.1_amd64.deb				335412	75f6fed14652e11b67b7f8bba734aeee223fd426c9df28404e37d3450ec86f95			false	true	true	apt_archives
bionic-to-focal	cryptsetup-run	2:2.2.2-3ubuntu2.5	all	cryptsetup	cryptsetup-run_2.2.2-3ubuntu2.5_all.deb				6372	8a901cf835261f2890d3393ffedad1036753c42a0b8cf63fc5d386e135779846			false	true	true	apt_archives
bionic-to-focal	libcc1-0	10.5.0-1ubuntu1~20.04	amd64	gcc-10	libcc1-0_10.5.0-1ubuntu1%7e20.04_amd64.deb				48832	b9b31f671eb35a20235b4478f232c2939a41737d12660b3b38e340b82a25a9b3			false	true	true	apt_archives
bionic-to-focal	login	1:4.8.1-1ubuntu5.20.04.5	amd64	shadow	login_4.8.1-1ubuntu5.20.04.5_amd64.deb				220016	78ccbf6dd38c2e1d8b6da817781798cd8f2b83dfc7bf9b8b8d3e1436e2b18269			false	true	true	apt_archives
bionic-to-focal	python3-update-manager	1:20.04.10.24	all	update-manager	python3-update-manager_20.04.10.24_all.deb				38520	81241ac59c7fc26053a14abde997dde34029f0d8cbd8f62e8df77fe6623884b4			false	true	true	apt_archives
bionic-to-focal	gcc	4:9.3.0-1ubuntu2	amd64	gcc-defaults (1.185.1ubuntu2)	gcc_9.3.0-1ubuntu2_amd64.deb				5208	78ab6a8841c68300ba39992e8e33190371e133b3592c601ed3052d54e2ba59ea			false	true	true	apt_archives
bionic-to-focal	libnetplan0	0.104-0ubuntu2~20.04.6	amd64	netplan.io	libnetplan0_0.104-0ubuntu2%7e20.04.6_amd64.deb				83260	932469f4243a1505863a927bcae74ba2014f5b46b8bfc3fc823c18fdd7798cb7			false	true	true	apt_archives
bionic-to-focal	libhcrypto4-heimdal	7.7.0+dfsg-1ubuntu1.4	amd64	heimdal	libhcrypto4-heimdal_7.7.0%2bdfsg-1ubuntu1.4_amd64.deb				88088	8305ccab93c66ed613b8d9328ad2093fc2f79cc1b1db0bffc9deee92b8522a04			false	true	true	apt_archives
bionic-to-focal	linux-headers-5.15.0-1084-aws	5.15.0-1084.91~20.04.1	amd64	linux-aws-5.15	linux-headers-5.15.0-1084-aws_5.15.0-1084.91%7e20.04.1_amd64.deb				2701364	2c2ea222566e355e47f6ccc3d173654e5fdd46ce18a6e0a1718351e2340037af			false	true	true	apt_archives
bionic-to-focal	libasan5	9.4.0-1ubuntu1~20.04.2	amd64	gcc-9	libasan5_9.4.0-1ubuntu1%7e20.04.2_amd64.deb				2752248	726990d770038654113040ea5234f27042ef4d61974181b1728c02b15daf9050			false	true	true	apt_archives
bionic-to-focal	libglib2.0-data	2.64.6-1~ubuntu20.04.9	all	glib2.0	libglib2.0-data_2.64.6-1%7eubuntu20.04.9_all.deb				5836	91dc19d90da7ca21d08919e11b86d344c8d67e9c902ac92ef93337034bbf69e1			false	true	true	apt_archives
bionic-to-focal	dmeventd	2:1.02.167-1ubuntu1	amd64	lvm2 (2.03.07-1ubuntu1)	dmeventd_1.02.167-1ubuntu1_amd64.deb				35076	bd4c9c53ee56f26fb526ff12b9b168964e1a2c3e38e56dafa78a0f926aaafb94			false	true	true	apt_archives
bionic-to-focal	g++	4:9.3.0-1ubuntu2	amd64	gcc-defaults (1.185.1ubuntu2)	g%2b%2b_9.3.0-1ubuntu2_amd64.deb				1604	c613719f24d30e87ed196f27a324a6820032675759330772a1e6620c7662840e			false	true	true	apt_archives
bionic-to-focal	lxd	1:0.10	all	lxd	lxd_0.10_all.deb				5532	1b1759f4d21cbfa164635e9ec60d86c9843539adc5e5968dc563995e5fae2961			false	true	true	apt_archives
bionic-to-focal	python3-blinker	1.4+dfsg1-0.3ubuntu1	all	blinker	python3-blinker_1.4%2bdfsg1-0.3ubuntu1_all.deb				13244	af58ec7aecf13a6f51bf81276973664261d3f2a2a5fbfa51945537fe319fa08c			false	true	true	apt_archives
bionic-to-focal	libdns-export1109	1:9.11.16+dfsg-3~ubuntu1	amd64	bind9-libs	libdns-export1109_9.11.16%2bdfsg-3%7eubuntu1_amd64.deb				765124	29e79757137ca9475a1b7d7bab349817e9140aeaa4bb8ab9e5c898118dc1561a			false	true	true	apt_archives
bionic-to-focal	bash-completion	1:2.10-1ubuntu1	all	bash-completion	bash-completion_2.10-1ubuntu1_all.deb				177752	65b7b824b86e6c270b134959de41c6328caf0c4378e34a65eaaf33fe72c3bbb6			false	true	true	apt_archives
bionic-to-focal	libgcc-s1	10.5.0-1ubuntu1~20.04	amd64	gcc-10	libgcc-s1_10.5.0-1ubuntu1%7e20.04_amd64.deb				41824	4aa7b9c9f3225df65a750ae0ff5c890fc6108c82a609b3c5abd45d211838bf3c			false	true	true	apt_archives
bionic-to-focal	libnspr4	2:4.35-0ubuntu0.20.04.1	amd64	nspr	libnspr4_4.35-0ubuntu0.20.04.1_amd64.deb				107632	da98b529dfe37aedbf7d23d2edf5faae4d817c40e5a60932e791ba4cdec4dd88			false	true	true	apt_archives
bionic-to-focal	lxd-client	1:0.10	all	lxd	lxd-client_0.10_all.deb				1608	a393d388441ccc85d75db386d4818d5678b88b4f5f2a1d3ebaab26f9d3ba2b4e			false	true	true	apt_archives
bionic-to-focal	libpython3.8-stdlib	3.8.10-0ubuntu1~20.04.18	amd64	python3.8	libpython3.8-stdlib_3.8.10-0ubuntu1%7e20.04.18_amd64.deb				1676000	2e37173e0f5b8b13e6d3fded96f1b1e32792b673e6cc4e6b0a2e927091e34fd2			false	true	true	apt_archives
bionic-to-focal	python3-distutils	3.8.10-0ubuntu1~20.04	all	python3-stdlib-extensions	python3-distutils_3.8.10-0ubuntu1%7e20.04_all.deb				141344	08a0058ef8615e43ef1122907dbbc6aadbd132b2385e212f814f4ec9116efcfb			false	true	true	apt_archives
bionic-to-focal	iputils-ping	3:20190709-3ubuntu1	amd64	iputils	iputils-ping_20190709-3ubuntu1_amd64.deb				40000	ce08339e42c42bd624113b5cbf33110797e0241bdb3e3b65c5fb7bb058bf7be0			false	true	true	apt_archives
bionic-to-focal	libmm-glib0	1.18.6-1~ubuntu20.04.1	amd64	modemmanager	libmm-glib0_1.18.6-1%7eubuntu20.04.1_amd64.deb				202640	31b74b8052905d90970af3bd89fd17432c2bca2a10666d08ce2162ee89e3fb1f			false	true	true	apt_archives
bionic-to-focal	grub-common	2.02~beta2-36ubuntu3.32	amd64	grub2	grub-common_2.02~beta2-36ubuntu3.32_amd64.deb				1709082	58fef454b698ca4c512c6096a448c14888b96a6b5d514709120d9e51dd42fbd4			false	true	true	apt_archives
bionic-to-focal	grub-pc-bin	2.02~beta2-36ubuntu3.32	amd64	grub2	grub-pc-bin_2.02~beta2-36ubuntu3.32_amd64.deb				891794	058b401c41e08784b20afebe5ac45df58a9f64a1bfc3ddaefbd29d23f31a3499			false	true	true	apt_archives
bionic-to-focal	grub-pc	2.02~beta2-36ubuntu3.32	amd64	grub2	grub-pc_2.02~beta2-36ubuntu3.32_amd64.deb				197062	b7b16d9fde48e8b807e589a6b0469245484b1619e648b6c43f214466409eafb5			false	true	true	apt_archives
bionic-to-focal	grub2-common	2.02~beta2-36ubuntu3.32	amd64	grub2	grub2-common_2.02~beta2-36ubuntu3.32_amd64.deb				512838	6aa0363703c0e8f90b859943377d5eaa21666f916a27c8db5688a1a53d3f4f56			false	true	true	apt_archives
bionic-to-focal	libapparmor-perl	2.10.95-0ubuntu2.12	amd64	apparmor	libapparmor-perl_2.10.95-0ubuntu2.12_amd64.deb				31608	f11b56e175af11f6c1fc2595da72c96a2b827d98bbd7e9656b9a189913d129ab			false	true	true	apt_archives
bionic-to-focal	libapparmor1	2.10.95-0ubuntu2.12	amd64	apparmor	libapparmor1_2.10.95-0ubuntu2.12_amd64.deb				29410	d9867c05ba70390eb24ff5eebab3c1ef9b4429df797938b5291f8e9b0327fdfc			false	true	true	apt_archives
bionic-to-focal	libapt-inst2.0	1.2.35	amd64	apt	libapt-inst2.0_1.2.35_amd64.deb				54820	50a6947053ad96970c84fabbea8b045658294f29a674a8ce4708edaa78133520			false	true	false	apt_archives
bionic-to-focal	libapt-pkg5.0	1.2.35	amd64	apt	libapt-pkg5.0_1.2.35_amd64.deb				715106	7218bc48259830ebdd923a97cbca80dbe81276d51ac98bfd5df29aa2039e8025			false	true	false	apt_archives
bionic-to-focal	libbind9-140	1:9.10.3.dfsg.P4-8ubuntu1.19	amd64	bind9	libbind9-140_1%3a9.10.3.dfsg.P4-8ubuntu1.19_amd64.deb				23640	a20937c872fc468fae0ebe6a4319e5e6ae9b98aa09f3749d2727bbb8af13f0f4			false	true	true	apt_archives
bionic-to-focal	libc-bin	2.23-0ubuntu11.3	amd64	glibc	libc-bin_2.23-0ubuntu11.3_amd64.deb				628652	d981726e05393f2c8058e5efd1a15fff14fe319c380c5f43475f13b5a2dc6e38			false	true	true	apt_archives
bionic-to-focal	libdns-export162	1:9.10.3.dfsg.P4-8ubuntu1.19	amd64	bind9	libdns-export162_1%3a9.10.3.dfsg.P4-8ubuntu1.19_amd64.deb				665254	9c775983f381cebed586a648cf324fdc08612e7232325ff5dd39d8893fad2626			false	true	true	apt_archives
bionic-to-focal	libdns162	1:9.10.3.dfsg.P4-8ubuntu1.19	amd64	bind9	libdns162_1%3a9.10.3.dfsg.P4-8ubuntu1.19_amd64.deb				872176	e7b5c983ece133eda3707c42113110ff77f7afe273db39455949c427066ada2a			false	true	true	apt_archives
bionic-to-focal	libgnutls-openssl27	3.4.10-4ubuntu1.9	amd64	gnutls28	libgnutls-openssl27_3.4.10-4ubuntu1.9_amd64.deb				21884	382c3aa70c0e74d58e9b998398c5f2833ffd63bcc237cc0aa88db41346d9a31d			false	true	true	apt_archives
bionic-to-focal	libgnutls30	3.4.10-4ubuntu1.9	amd64	gnutls28	libgnutls30_3.4.10-4ubuntu1.9_amd64.deb				548382	bcb30ac02c44f6872d81fdd718375a19af12eeecccc4f18b804c5e1e38368b72			false	true	true	apt_archives
bionic-to-focal	libisc-export160	1:9.10.3.dfsg.P4-8ubuntu1.19	amd64	bind9	libisc-export160_1%3a9.10.3.dfsg.P4-8ubuntu1.19_amd64.deb				153182	afa11ce24a56e1d1d0b30acd72877b261faf83dd88d94cf6e7f418ca1a85c9fe			false	true	true	apt_archives
bionic-to-focal	libisc160	1:9.10.3.dfsg.P4-8ubuntu1.19	amd64	bind9	libisc160_1%3a9.10.3.dfsg.P4-8ubuntu1.19_amd64.deb				215184	ae21765f93d53f4ed3bbd5fc835c6a80d7a75481c6010892a0f01ae616c5549b			false	true	true	apt_archives
bionic-to-focal	libisccc140	1:9.10.3.dfsg.P4-8ubuntu1.19	amd64	bind9	libisccc140_1%3a9.10.3.dfsg.P4-8ubuntu1.19_amd64.deb				16290	ae273ac1fd07fadd94d847c113d99aec4cfcd2c71ba2893907734aad783664a4			false	true	true	apt_archives
bionic-to-focal	libisccfg140	1:9.10.3.dfsg.P4-8ubuntu1.19	amd64	bind9	libisccfg140_1%3a9.10.3.dfsg.P4-8ubuntu1.19_amd64.deb				40514	6afd8f3559b68e2bbdb5b96d1d0e9a4364d2d23bab0cb50c2030b7191ff336e7			false	true	true	apt_archives
bionic-to-focal	libjson-glib-1.0-0	1.1.2-0ubuntu1	amd64	json-glib	libjson-glib-1.0-0_1.1.2-0ubuntu1_amd64.deb				60286	2fc34ea9548cb3a63047c71a8fd7ce9eebbef0540cb7ef0ff9c6307c1800b145			false	true	true	apt_archives
bionic-to-focal	libjson-glib-1.0-common	1.1.2-0ubuntu1	all	json-glib	libjson-glib-1.0-common_1.1.2-0ubuntu1_all.deb				6172	47aa86e541daac5f9d26a8a2837de0af835e0e208b775844c57266912b156dbf			false	true	true	apt_archives
bionic-to-focal	liblwres141	1:9.10.3.dfsg.P4-8ubuntu1.19	amd64	bind9	liblwres141_1%3a9.10.3.dfsg.P4-8ubuntu1.19_amd64.deb				33874	3c984e4cc190f4a5088c35a8c872ab50f1b06c8377159ec14840fdb1678818e6			false	true	true	apt_archives
bionic-to-focal	libssl1.0.0	1.0.2g-1ubuntu4.20	amd64	openssl	libssl1.0.0_1.0.2g-1ubuntu4.20_amd64.deb				1082730	8003f9866297dd0fe77cc771470a06803d1d1b860350ad91dd212e38c36a20d2			false	true	true	apt_archives
bionic-to-focal	locales	2.23-0ubuntu11.3	all	glibc	locales_2.23-0ubuntu11.3_all.deb				3196636	a347d902b853c627a18dba36ce14edf75b047170a12ce31588e0e7f7b01b7033			false	true	true	apt_archives
bionic-to-focal	motd-news-config	9.4ubuntu4.14	all	base-files	motd-news-config_9.4ubuntu4.14_all.deb				4480	b9b0cc3b64b2e1f3b8fcf390057d3cb3d6e30148482f73d770d723f3ea943406			false	true	true	apt_archives
bionic-to-focal	multiarch-support	2.23-0ubuntu11.3	amd64	glibc	multiarch-support_2.23-0ubuntu11.3_amd64.deb				6830	eb1937472e06e892fb80a6b9e5fdc372f0224be357441f38b190502556ee69bb			false	true	true	apt_archives
bionic-to-focal	openssl	1.0.2g-1ubuntu4.20	amd64	openssl	openssl_1.0.2g-1ubuntu4.20_amd64.deb				491618	9159c5bd3767cbd85f8573e5791dda3d95875d31f5d7152ea464557175b4ee09			false	true	true	apt_archives
bionic-to-focal	python-apt-common	1.1.0~beta1ubuntu0.16.04.12	all	python-apt	python-apt-common_1.1.0~beta1ubuntu0.16.04.12_all.deb				16738	430761a0fd84c3046751b3ada6b4e0215d38643a65b7116e850e994febeaf5c9			false	true	true	apt_archives
bionic-to-focal	python-flask	0.10.1-2ubuntu0.1	all	flask	python-flask_0.10.1-2ubuntu0.1_all.deb				52112	3dd392543e8733ec73a3e333251b50ca3a4b868c9bd20eeebbe1dd03aca4bb2e			false	true	true	apt_archives
bionic-to-focal	python3-apport	2.20.1-0ubuntu2.30+esm7	all	apport	python3-apport_2.20.1-0ubuntu2.30+esm7_all.deb				81482	df9c53ef0629b73a257028a29e71b90eaf56d51b26b27f80cf3e867ebe2aec72			false	true	true	apt_archives
bionic-to-focal	python3-apt	1.1.0~beta1ubuntu0.16.04.12	amd64	python-apt	python3-apt_1.1.0~beta1ubuntu0.16.04.12_amd64.deb				144514	855f1cb63fbb341dab9043ce19246752d6878c4f8bed0986b0912328bd9abad3			false	true	true	apt_archives
bionic-to-focal	python3-distro-info	0.14ubuntu0.3	all	distro-info	python3-distro-info_0.14ubuntu0.3_all.deb				8332	3eb17b7fcbeb693a87a053ada30d27a85a0f674a7ec9fd4892bcd899b326714b			false	true	true	apt_archives
bionic-to-focal	python3-problem-report	2.20.1-0ubuntu2.30+esm7	all	apport	python3-problem-report_2.20.1-0ubuntu2.30+esm7_all.deb				10394	18f12269c6a39a3e0db3bca7e49ae4b2074776dddae5a5a23a72c5d29055db28			false	true	true	apt_archives
bionic-to-focal	python3-software-properties	0.96.20.13	all	software-properties	python3-software-properties_0.96.20.13_all.deb				20202	e990fa4f4c5f86b8fef048424678b123cb4618234d52081a5eeb8cb7745a7fc2			false	true	true	apt_archives
bionic-to-focal	python3-update-manager	1:16.04.23	all	update-manager	python3-update-manager_1%3a16.04.23_all.deb				33772	5e812ef6f70043acb43d34d54209cef1f6832ed9f5da02d2ef35ea8f799c7e3e			false	true	true	apt_archives
bionic-to-focal	runc	1.0.0~rc7+git20190403.029124da-0ubuntu1~16.04.4	amd64	runc	runc_1.0.0~rc7+git20190403.029124da-0ubuntu1~16.04.4_amd64.deb				1890216	e86f7daecdcd70e6e3b5758415792a1f146a4c4b7a325f4180b4b97d3a8a080d			false	true	true	apt_archives
bionic-to-focal	software-properties-common	0.96.20.13	all	software-properties	software-properties-common_0.96.20.13_all.deb				9522	5ba2d9d07b39bb7a9d87465dbccb7bc8e00505dd1e67aae1228fb36543edef03			false	true	true	apt_archives
bionic-to-focal	sosreport	3.9.1-1ubuntu0.16.04.2	amd64	sosreport	sosreport_3.9.1-1ubuntu0.16.04.2_amd64.deb				169896	b911f3eb3b1d97d9865f0ec6be2cc07a73c4394e78df50d0fd9638d38896a76e			false	true	true	apt_archives
bionic-to-focal	ubuntu-advantage-desktop-daemon	1.10.ubuntu0.16.04.1~esm1	amd64	ubuntu-advantage-desktop-daemon	ubuntu-advantage-desktop-daemon_1.10.ubuntu0.16.04.1~esm1_amd64.deb				23370	51e94282cfd5d2b59b08f26c47b276911bbf97a0e4e306cfe05c56188e101ca4			false	true	true	apt_archives
bionic-to-focal	ubuntu-advantage-tools	37.1ubuntu0~16.04.1	all	ubuntu-advantage-tools	ubuntu-advantage-tools_37.1ubuntu0~16.04.1_all.deb				11306	db5d796d6528041f7bc5a9650445aadb5a350526697cffb05be2065e9bfd036b			false	true	true	apt_archives
bionic-to-focal	ubuntu-pro-client-l10n	37.1ubuntu0~16.04.1	amd64	ubuntu-advantage-tools	ubuntu-pro-client-l10n_37.1ubuntu0~16.04.1_amd64.deb				1522	39b21d55549f40cd6f6011b7adce2f6658282796ce7addbca97b16a0a34aab6b			false	true	true	apt_archives
bionic-to-focal	ubuntu-pro-client	37.1ubuntu0~16.04.1	amd64	ubuntu-advantage-tools	ubuntu-pro-client_37.1ubuntu0~16.04.1_amd64.deb				236240	057afc4137b9806e9ddd02f1772f65f634c76e626d8ed21260545da31d22a792			false	true	true	apt_archives
bionic-to-focal	update-manager-core	1:16.04.23	all	update-manager	update-manager-core_1%3a16.04.23_all.deb				5540	973ab92dcb9fc874bd62943859ab35733f9049f47b87c93acfc35e40d5ef6d71			false	true	true	apt_archives
bionic-to-focal	update-notifier-common	3.168.22	all	update-notifier	update-notifier-common_3.168.22_all.deb				168894	4cb6b9ec7a16a508f07b8252e4cc06882b06d11c74cf8c2d34220bb109f917c1			false	true	true	apt_archives
