hop	file_type	filename	original_url	final_url	local_path	size_bytes	sha256	http_status	request_count	evidence_source
focal-to-jammy	inrelease	InRelease	http://ap-northeast-2.ec2.archive.ubuntu.com/ubuntu/dists/focal/InRelease	http://ap-northeast-2.ec2.archive.ubuntu.com/ubuntu/dists/focal/InRelease	/home/aella/aws-discovery-focal-jammy-retry-20260831/upgrade-discovery/focal-to-jammy/runtime/deb-cache/f1/88/f18820bda78bb6407085de7af6b006aa2abb1f22414cadb11305401c00fa2198	264892	cc9be89a0984aeca9e3ca40ae0e6decff75aa32653a5925b04956a7c12487e99	200	3	proxy_access_log
focal-to-jammy	inrelease	InRelease	http://ap-northeast-2.ec2.archive.ubuntu.com/ubuntu/dists/focal-updates/InRelease	http://ap-northeast-2.ec2.archive.ubuntu.com/ubuntu/dists/focal-updates/InRelease	/home/aella/aws-discovery-focal-jammy-retry-20260831/upgrade-discovery/focal-to-jammy/runtime/deb-cache/22/53/22536434bf109734997ac1469f750e53cafb44c4f7c6713cd080cd1f237ae6d1	127797	ec14aca3604baa9f667512defb77f8169571c7d10c83379e86adf4ae0ee4faaf	200	3	proxy_access_log
focal-to-jammy	inrelease	InRelease	http://ap-northeast-2.ec2.archive.ubuntu.com/ubuntu/dists/focal-backports/InRelease	http://ap-northeast-2.ec2.archive.ubuntu.com/ubuntu/dists/focal-backports/InRelease	/home/aella/aws-discovery-focal-jammy-retry-20260831/upgrade-discovery/focal-to-jammy/runtime/deb-cache/4e/8e/4e8e0803acfb3067ea84e3d09bf92f55aaefae12dbb28b4f96fe668136bf8690	127845	4e5222f91b733f0a6b19fc553ef4e2c5726ad5082aa5e888dd0410317fb378e3	200	3	proxy_access_log
focal-to-jammy	inrelease	InRelease	http://security.ubuntu.com/ubuntu/dists/focal-security/InRelease	http://security.ubuntu.com/ubuntu/dists/focal-security/InRelease	/home/aella/aws-discovery-focal-jammy-retry-20260831/upgrade-discovery/focal-to-jammy/runtime/deb-cache/f6/cd/f6cd3ac6afcbadb8ba18573468253b704b75cad4668db6775db39db1fe2bbc03	127799	9b40af11a6289df0690f793770d4e1e5e862e6c4d16b747952f8d4bc57821b17	200	3	proxy_access_log
focal-to-jammy	release_upgrader	jammy.tar.gz.gpg	http://ap-northeast-2.ec2.archive.ubuntu.com/ubuntu//dists/jammy-updates/main/dist-upgrader-all/current/jammy.tar.gz.gpg	http://ap-northeast-2.ec2.archive.ubuntu.com/ubuntu//dists/jammy-updates/main/dist-upgrader-all/current/jammy.tar.gz.gpg	/home/aella/aws-discovery-focal-jammy-retry-20260831/upgrade-discovery/focal-to-jammy/runtime/deb-cache/9d/0a/9d0af82453b9c44d929c09714fb0011546dc5b4e48722f32c47fd7d6342f4959	833	722ba7c8f5ae524ebd5b84482fa4f2ca41059c58013d128dc04447f009bf8f70	200	1	proxy_access_log
focal-to-jammy	release_upgrader	jammy.tar.gz	http://ap-northeast-2.ec2.archive.ubuntu.com/ubuntu//dists/jammy-updates/main/dist-upgrader-all/current/jammy.tar.gz	http://ap-northeast-2.ec2.archive.ubuntu.com/ubuntu//dists/jammy-updates/main/dist-upgrader-all/current/jammy.tar.gz	/home/aella/aws-discovery-focal-jammy-retry-20260831/upgrade-discovery/focal-to-jammy/runtime/deb-cache/0a/83/0a83b1ee2a92b73b0182c2aa30577493d0497aa89803d753740d5bcbc6b6898b	1267390	706b20fe7cbd610e744f854c25c26ef8d5fcc66ecfcfc7ceb41993907b7bee83	200	1	proxy_access_log
focal-to-jammy	inrelease	InRelease	http://ap-northeast-2.ec2.archive.ubuntu.com/ubuntu/dists/jammy/InRelease	http://ap-northeast-2.ec2.archive.ubuntu.com/ubuntu/dists/jammy/InRelease	/home/aella/aws-discovery-focal-jammy-retry-20260831/upgrade-discovery/focal-to-jammy/runtime/deb-cache/66/f3/66f3cec8214cd06cc4c11dd495e2edcb699589a844fc10145b804151c64503fd	270087	c14060cd8c6d625874dfcb9523a35a395bf4865c28b6b6a82569ef326fe92dc6	200	1	proxy_access_log
focal-to-jammy	inrelease	InRelease	http://ap-northeast-2.ec2.archive.ubuntu.com/ubuntu/dists/jammy-updates/InRelease	http://ap-northeast-2.ec2.archive.ubuntu.com/ubuntu/dists/jammy-updates/InRelease	/home/aella/aws-discovery-focal-jammy-retry-20260831/upgrade-discovery/focal-to-jammy/runtime/deb-cache/93/0b/930b26fcc2c6db8615f7dccaa324697e87ef11793d87f2adf79b21c85ef8837e	128049	ba5a5d341098367ce45f9cc04c5e809666fc86c20d795045dfc67e7a5501f49d	200	1	proxy_access_log
focal-to-jammy	inrelease	InRelease	http://ap-northeast-2.ec2.archive.ubuntu.com/ubuntu/dists/jammy-backports/InRelease	http://ap-northeast-2.ec2.archive.ubuntu.com/ubuntu/dists/jammy-backports/InRelease	/home/aella/aws-discovery-focal-jammy-retry-20260831/upgrade-discovery/focal-to-jammy/runtime/deb-cache/fc/3b/fc3bfc7cd8b442e06d8ab92179032ad5dfc48e765ab3e669ad836c9ca027d6e2	127185	164b65849bfc6783a561fee3c7ce7d7b288cd3d42a475e443ed01867548c9d7b	200	1	proxy_access_log
focal-to-jammy	by_hash	37cb57f1554cbfa71c5a29ee9ffee18a9a8c1782bb0568e0874b7ff4ce8f9c11	http://ap-northeast-2.ec2.archive.ubuntu.com/ubuntu/dists/jammy/main/binary-amd64/by-hash/SHA256/37cb57f1554cbfa71c5a29ee9ffee18a9a8c1782bb0568e0874b7ff4ce8f9c11	http://ap-northeast-2.ec2.archive.ubuntu.com/ubuntu/dists/jammy/main/binary-amd64/by-hash/SHA256/37cb57f1554cbfa71c5a29ee9ffee18a9a8c1782bb0568e0874b7ff4ce8f9c11	/home/aella/aws-discovery-focal-jammy-retry-20260831/upgrade-discovery/focal-to-jammy/runtime/deb-cache/1a/ae/1aae8627313d7629e42d8cafdebf16ce187a0cff8f43d25892424332b0883312	1394768	37cb57f1554cbfa71c5a29ee9ffee18a9a8c1782bb0568e0874b7ff4ce8f9c11	200	1	proxy_access_log
focal-to-jammy	by_hash	ab9c07d8c6e91dfc517c822e30ac5c6975cfbfcf7451aade1e26601cd5e99fcd	http://ap-northeast-2.ec2.archive.ubuntu.com/ubuntu/dists/jammy/main/i18n/by-hash/SHA256/ab9c07d8c6e91dfc517c822e30ac5c6975cfbfcf7451aade1e26601cd5e99fcd	http://ap-northeast-2.ec2.archive.ubuntu.com/ubuntu/dists/jammy/main/i18n/by-hash/SHA256/ab9c07d8c6e91dfc517c822e30ac5c6975cfbfcf7451aade1e26601cd5e99fcd	/home/aella/aws-discovery-focal-jammy-retry-20260831/upgrade-discovery/focal-to-jammy/runtime/deb-cache/e6/a6/e6a6ae218788b90929d4154b06def821d1573bfe091b63f58a552007a24382a0	510368	ab9c07d8c6e91dfc517c822e30ac5c6975cfbfcf7451aade1e26601cd5e99fcd	200	1	proxy_access_log
focal-to-jammy	by_hash	62fde3e2b9f92face05fcdf4009dbda0e13b9d1d0b3f8ba775ef0696d67699f7	http://ap-northeast-2.ec2.archive.ubuntu.com/ubuntu/dists/jammy/main/cnf/by-hash/SHA256/62fde3e2b9f92face05fcdf4009dbda0e13b9d1d0b3f8ba775ef0696d67699f7	http://ap-northeast-2.ec2.archive.ubuntu.com/ubuntu/dists/jammy/main/cnf/by-hash/SHA256/62fde3e2b9f92face05fcdf4009dbda0e13b9d1d0b3f8ba775ef0696d67699f7	/home/aella/aws-discovery-focal-jammy-retry-20260831/upgrade-discovery/focal-to-jammy/runtime/deb-cache/b7/0f/b70f2efda953cc8e1b72f9559bdf887e0cfc9a060d07da76c46f321cb3e5e3ec	30288	62fde3e2b9f92face05fcdf4009dbda0e13b9d1d0b3f8ba775ef0696d67699f7	200	1	proxy_access_log
focal-to-jammy	by_hash	92102b5d9dfb7804293891528d5e57c3d05949df71af613d4f99fcb7d6a3f488	http://ap-northeast-2.ec2.archive.ubuntu.com/ubuntu/dists/jammy/restricted/binary-amd64/by-hash/SHA256/92102b5d9dfb7804293891528d5e57c3d05949df71af613d4f99fcb7d6a3f488	http://ap-northeast-2.ec2.archive.ubuntu.com/ubuntu/dists/jammy/restricted/binary-amd64/by-hash/SHA256/92102b5d9dfb7804293891528d5e57c3d05949df71af613d4f99fcb7d6a3f488	/home/aella/aws-discovery-focal-jammy-retry-20260831/upgrade-discovery/focal-to-jammy/runtime/deb-cache/db/2b/db2b6cc1d4e02ccc2f2c4c1d1534b9f72e2518f2fe335e2d3c721734cc4f7418	129256	92102b5d9dfb7804293891528d5e57c3d05949df71af613d4f99fcb7d6a3f488	200	1	proxy_access_log
focal-to-jammy	by_hash	6258e14836b50379d67b94f3d174422848d4432ac30ddba11597a45cdc0c4485	http://ap-northeast-2.ec2.archive.ubuntu.com/ubuntu/dists/jammy/restricted/i18n/by-hash/SHA256/6258e14836b50379d67b94f3d174422848d4432ac30ddba11597a45cdc0c4485	http://ap-northeast-2.ec2.archive.ubuntu.com/ubuntu/dists/jammy/restricted/i18n/by-hash/SHA256/6258e14836b50379d67b94f3d174422848d4432ac30ddba11597a45cdc0c4485	/home/aella/aws-discovery-focal-jammy-retry-20260831/upgrade-discovery/focal-to-jammy/runtime/deb-cache/d6/8f/d68f34f2b5de43dd2e475eb33204a6237122786547c7c85448ddc4685a494541	18580	6258e14836b50379d67b94f3d174422848d4432ac30ddba11597a45cdc0c4485	200	1	proxy_access_log
focal-to-jammy	by_hash	44175a2d7e20a9a874971bab004b8e2526f4d0093b650f46c73cabab61b347bb	http://ap-northeast-2.ec2.archive.ubuntu.com/ubuntu/dists/jammy/restricted/cnf/by-hash/SHA256/44175a2d7e20a9a874971bab004b8e2526f4d0093b650f46c73cabab61b347bb	http://ap-northeast-2.ec2.archive.ubuntu.com/ubuntu/dists/jammy/restricted/cnf/by-hash/SHA256/44175a2d7e20a9a874971bab004b8e2526f4d0093b650f46c73cabab61b347bb	/home/aella/aws-discovery-focal-jammy-retry-20260831/upgrade-discovery/focal-to-jammy/runtime/deb-cache/12/6e/126ee393822981fced54fc4d47728d00457e37ee2774932543a3715fe271170b	488	44175a2d7e20a9a874971bab004b8e2526f4d0093b650f46c73cabab61b347bb	200	1	proxy_access_log
focal-to-jammy	by_hash	d29cb24c93fec5f43255706bce7eb46d4779952039d8c68ac1bb14a6f3655ce2	http://ap-northeast-2.ec2.archive.ubuntu.com/ubuntu/dists/jammy/universe/binary-amd64/by-hash/SHA256/d29cb24c93fec5f43255706bce7eb46d4779952039d8c68ac1bb14a6f3655ce2	http://ap-northeast-2.ec2.archive.ubuntu.com/ubuntu/dists/jammy/universe/binary-amd64/by-hash/SHA256/d29cb24c93fec5f43255706bce7eb46d4779952039d8c68ac1bb14a6f3655ce2	/home/aella/aws-discovery-focal-jammy-retry-20260831/upgrade-discovery/focal-to-jammy/runtime/deb-cache/29/f7/29f7fc23e7c386db23a93d7da0eb922211324233f1a068bc1eb0df31deb50e28	14090084	d29cb24c93fec5f43255706bce7eb46d4779952039d8c68ac1bb14a6f3655ce2	200	1	proxy_access_log
focal-to-jammy	by_hash	69c65ea370877691c8ac9827e89c68d134055f5c6eb569d963c9cac99e94edb8	http://ap-northeast-2.ec2.archive.ubuntu.com/ubuntu/dists/jammy/universe/i18n/by-hash/SHA256/69c65ea370877691c8ac9827e89c68d134055f5c6eb569d963c9cac99e94edb8	http://ap-northeast-2.ec2.archive.ubuntu.com/ubuntu/dists/jammy/universe/i18n/by-hash/SHA256/69c65ea370877691c8ac9827e89c68d134055f5c6eb569d963c9cac99e94edb8	/home/aella/aws-discovery-focal-jammy-retry-20260831/upgrade-discovery/focal-to-jammy/runtime/deb-cache/50/87/5087950e47c53355340bbfb498d03e0b87a561e169fc41cb94c8aedf924a4b06	5651580	69c65ea370877691c8ac9827e89c68d134055f5c6eb569d963c9cac99e94edb8	200	1	proxy_access_log
focal-to-jammy	by_hash	a3c6178f79c431561841218e5fdbdccfbeb8bf00b47dbb305f023a1b73bfa254	http://ap-northeast-2.ec2.archive.ubuntu.com/ubuntu/dists/jammy/universe/cnf/by-hash/SHA256/a3c6178f79c431561841218e5fdbdccfbeb8bf00b47dbb305f023a1b73bfa254	http://ap-northeast-2.ec2.archive.ubuntu.com/ubuntu/dists/jammy/universe/cnf/by-hash/SHA256/a3c6178f79c431561841218e5fdbdccfbeb8bf00b47dbb305f023a1b73bfa254	/home/aella/aws-discovery-focal-jammy-retry-20260831/upgrade-discovery/focal-to-jammy/runtime/deb-cache/57/6d/576dcb4a4c6eb7f1a92409b409564ad3da77a5d51f50252c597bcf456e2a5b2f	286056	a3c6178f79c431561841218e5fdbdccfbeb8bf00b47dbb305f023a1b73bfa254	200	1	proxy_access_log
focal-to-jammy	by_hash	e24bf9b5daf5387aa5311f69367b248b1d46d37d72480760f91f5a312c7eb43c	http://ap-northeast-2.ec2.archive.ubuntu.com/ubuntu/dists/jammy/multiverse/binary-amd64/by-hash/SHA256/e24bf9b5daf5387aa5311f69367b248b1d46d37d72480760f91f5a312c7eb43c	http://ap-northeast-2.ec2.archive.ubuntu.com/ubuntu/dists/jammy/multiverse/binary-amd64/by-hash/SHA256/e24bf9b5daf5387aa5311f69367b248b1d46d37d72480760f91f5a312c7eb43c	/home/aella/aws-discovery-focal-jammy-retry-20260831/upgrade-discovery/focal-to-jammy/runtime/deb-cache/f5/3c/f53c06bdd0b671944b127c7b025eb557dd34b500341e6813f9476a26ea64daaa	216948	e24bf9b5daf5387aa5311f69367b248b1d46d37d72480760f91f5a312c7eb43c	200	1	proxy_access_log
focal-to-jammy	by_hash	38cbbf5467682ada956d14168e301a383d96aaa2f1f694cbaa47cee38b47847d	http://ap-northeast-2.ec2.archive.ubuntu.com/ubuntu/dists/jammy/multiverse/i18n/by-hash/SHA256/38cbbf5467682ada956d14168e301a383d96aaa2f1f694cbaa47cee38b47847d	http://ap-northeast-2.ec2.archive.ubuntu.com/ubuntu/dists/jammy/multiverse/i18n/by-hash/SHA256/38cbbf5467682ada956d14168e301a383d96aaa2f1f694cbaa47cee38b47847d	/home/aella/aws-discovery-focal-jammy-retry-20260831/upgrade-discovery/focal-to-jammy/runtime/deb-cache/21/d3/21d36d36de8f65031a3b74519270a8bc973baa0738c77e860927c82bf36ce8be	111544	38cbbf5467682ada956d14168e301a383d96aaa2f1f694cbaa47cee38b47847d	200	1	proxy_access_log
focal-to-jammy	by_hash	15fbead82059443055bd5203493059e88cd029ee63c4a2831022607b3efd05a3	http://ap-northeast-2.ec2.archive.ubuntu.com/ubuntu/dists/jammy/multiverse/cnf/by-hash/SHA256/15fbead82059443055bd5203493059e88cd029ee63c4a2831022607b3efd05a3	http://ap-northeast-2.ec2.archive.ubuntu.com/ubuntu/dists/jammy/multiverse/cnf/by-hash/SHA256/15fbead82059443055bd5203493059e88cd029ee63c4a2831022607b3efd05a3	/home/aella/aws-discovery-focal-jammy-retry-20260831/upgrade-discovery/focal-to-jammy/runtime/deb-cache/e5/0b/e50b293ed20971c5e84a79f842b4fe7c260600bcd76a80abb2ebf6849fb6051d	8372	15fbead82059443055bd5203493059e88cd029ee63c4a2831022607b3efd05a3	200	1	proxy_access_log
focal-to-jammy	by_hash	e63a52ccf933e7b850a56cac274c1dadece22705644e3464ac3c0c741475fa66	http://ap-northeast-2.ec2.archive.ubuntu.com/ubuntu/dists/jammy-updates/main/binary-amd64/by-hash/SHA256/e63a52ccf933e7b850a56cac274c1dadece22705644e3464ac3c0c741475fa66	http://ap-northeast-2.ec2.archive.ubuntu.com/ubuntu/dists/jammy-updates/main/binary-amd64/by-hash/SHA256/e63a52ccf933e7b850a56cac274c1dadece22705644e3464ac3c0c741475fa66	/home/aella/aws-discovery-focal-jammy-retry-20260831/upgrade-discovery/focal-to-jammy/runtime/deb-cache/64/1e/641e26622aa3455d59b333cfff1823f844602c0e09f4aa1d14c419e7496085af	3772864	e63a52ccf933e7b850a56cac274c1dadece22705644e3464ac3c0c741475fa66	200	1	proxy_access_log
focal-to-jammy	by_hash	03cf2a2908efcf4290f3badc87f864d153e8173d0d8651ce861cc7a358fb49b0	http://ap-northeast-2.ec2.archive.ubuntu.com/ubuntu/dists/jammy-updates/main/i18n/by-hash/SHA256/03cf2a2908efcf4290f3badc87f864d153e8173d0d8651ce861cc7a358fb49b0	http://ap-northeast-2.ec2.archive.ubuntu.com/ubuntu/dists/jammy-updates/main/i18n/by-hash/SHA256/03cf2a2908efcf4290f3badc87f864d153e8173d0d8651ce861cc7a358fb49b0	/home/aella/aws-discovery-focal-jammy-retry-20260831/upgrade-discovery/focal-to-jammy/runtime/deb-cache/e0/f2/e0f24279659a10f7fed0b9443d094b0a99436a8c7124e530769918bfdfdcb9e9	559952	03cf2a2908efcf4290f3badc87f864d153e8173d0d8651ce861cc7a358fb49b0	200	1	proxy_access_log
focal-to-jammy	by_hash	59483cf7820d90d59ecc02c8ffc0862725297424aa9092c81ea64728635aa1c7	http://ap-northeast-2.ec2.archive.ubuntu.com/ubuntu/dists/jammy-updates/main/cnf/by-hash/SHA256/59483cf7820d90d59ecc02c8ffc0862725297424aa9092c81ea64728635aa1c7	http://ap-northeast-2.ec2.archive.ubuntu.com/ubuntu/dists/jammy-updates/main/cnf/by-hash/SHA256/59483cf7820d90d59ecc02c8ffc0862725297424aa9092c81ea64728635aa1c7	/home/aella/aws-discovery-focal-jammy-retry-20260831/upgrade-discovery/focal-to-jammy/runtime/deb-cache/3c/5b/3c5b71bb8284c6b42f9c3aa0649f0e6dfe317245c7f5272899e6bb4e2ce757dc	20104	59483cf7820d90d59ecc02c8ffc0862725297424aa9092c81ea64728635aa1c7	200	1	proxy_access_log
focal-to-jammy	by_hash	77b087b1d8fa1feb512e97e944c9c807bcaf6d84c79f976ee9dda3153eb237bc	http://ap-northeast-2.ec2.archive.ubuntu.com/ubuntu/dists/jammy-updates/restricted/binary-amd64/by-hash/SHA256/77b087b1d8fa1feb512e97e944c9c807bcaf6d84c79f976ee9dda3153eb237bc	http://ap-northeast-2.ec2.archive.ubuntu.com/ubuntu/dists/jammy-updates/restricted/binary-amd64/by-hash/SHA256/77b087b1d8fa1feb512e97e944c9c807bcaf6d84c79f976ee9dda3153eb237bc	/home/aella/aws-discovery-focal-jammy-retry-20260831/upgrade-discovery/focal-to-jammy/runtime/deb-cache/75/25/7525ff4e38ff51fea66150da2a783b561d639b04b54573dd8a771d9be0a9da6d	6510056	77b087b1d8fa1feb512e97e944c9c807bcaf6d84c79f976ee9dda3153eb237bc	200	1	proxy_access_log
focal-to-jammy	by_hash	7816755ed95b937f4c79a3f364438a02a93cb93270a08afff0f85fd0effafade	http://ap-northeast-2.ec2.archive.ubuntu.com/ubuntu/dists/jammy-updates/restricted/i18n/by-hash/SHA256/7816755ed95b937f4c79a3f364438a02a93cb93270a08afff0f85fd0effafade	http://ap-northeast-2.ec2.archive.ubuntu.com/ubuntu/dists/jammy-updates/restricted/i18n/by-hash/SHA256/7816755ed95b937f4c79a3f364438a02a93cb93270a08afff0f85fd0effafade	/home/aella/aws-discovery-focal-jammy-retry-20260831/upgrade-discovery/focal-to-jammy/runtime/deb-cache/b1/c5/b1c506f2286d4bccc06759c544e64c86abe1dde24cb1a469713b7453180a0f58	1249304	7816755ed95b937f4c79a3f364438a02a93cb93270a08afff0f85fd0effafade	200	1	proxy_access_log
focal-to-jammy	by_hash	91dfe525cf9a86351a7eeba84ae07af3d091b0679fde6334d783da1671d978d3	http://ap-northeast-2.ec2.archive.ubuntu.com/ubuntu/dists/jammy-updates/restricted/cnf/by-hash/SHA256/91dfe525cf9a86351a7eeba84ae07af3d091b0679fde6334d783da1671d978d3	http://ap-northeast-2.ec2.archive.ubuntu.com/ubuntu/dists/jammy-updates/restricted/cnf/by-hash/SHA256/91dfe525cf9a86351a7eeba84ae07af3d091b0679fde6334d783da1671d978d3	/home/aella/aws-discovery-focal-jammy-retry-20260831/upgrade-discovery/focal-to-jammy/runtime/deb-cache/7c/47/7c471848f1520fa29302748e28745de4572a00be657499c6b9feb3c7f6059c48	584	91dfe525cf9a86351a7eeba84ae07af3d091b0679fde6334d783da1671d978d3	200	1	proxy_access_log
focal-to-jammy	by_hash	97a83819dfe8699918b0a61118d14515dddaa22c5e90042abebf06719863b2e2	http://ap-northeast-2.ec2.archive.ubuntu.com/ubuntu/dists/jammy-updates/universe/binary-amd64/by-hash/SHA256/97a83819dfe8699918b0a61118d14515dddaa22c5e90042abebf06719863b2e2	http://ap-northeast-2.ec2.archive.ubuntu.com/ubuntu/dists/jammy-updates/universe/binary-amd64/by-hash/SHA256/97a83819dfe8699918b0a61118d14515dddaa22c5e90042abebf06719863b2e2	/home/aella/aws-discovery-focal-jammy-retry-20260831/upgrade-discovery/focal-to-jammy/runtime/deb-cache/7c/82/7c822f9d3cab5f926c4696b526d9d2601f61cc3b00b0d69a32f6efa8c4ac87a1	1281856	97a83819dfe8699918b0a61118d14515dddaa22c5e90042abebf06719863b2e2	200	1	proxy_access_log
focal-to-jammy	by_hash	6a04ff32cc4e51e0676f19e0df2f68098514489cc2b27bb28c962c2c12bd3cb3	http://ap-northeast-2.ec2.archive.ubuntu.com/ubuntu/dists/jammy-updates/universe/i18n/by-hash/SHA256/6a04ff32cc4e51e0676f19e0df2f68098514489cc2b27bb28c962c2c12bd3cb3	http://ap-northeast-2.ec2.archive.ubuntu.com/ubuntu/dists/jammy-updates/universe/i18n/by-hash/SHA256/6a04ff32cc4e51e0676f19e0df2f68098514489cc2b27bb28c962c2c12bd3cb3	/home/aella/aws-discovery-focal-jammy-retry-20260831/upgrade-discovery/focal-to-jammy/runtime/deb-cache/10/52/10522a896177d1f46bb88841ef6131f8114fab4c874d98db44f1a5c590af7434	323148	6a04ff32cc4e51e0676f19e0df2f68098514489cc2b27bb28c962c2c12bd3cb3	200	1	proxy_access_log
focal-to-jammy	by_hash	c5f753bc97293870defc725ff95fb36f750094890c70d975d56d008774a1b94e	http://ap-northeast-2.ec2.archive.ubuntu.com/ubuntu/dists/jammy-updates/universe/cnf/by-hash/SHA256/c5f753bc97293870defc725ff95fb36f750094890c70d975d56d008774a1b94e	http://ap-northeast-2.ec2.archive.ubuntu.com/ubuntu/dists/jammy-updates/universe/cnf/by-hash/SHA256/c5f753bc97293870defc725ff95fb36f750094890c70d975d56d008774a1b94e	/home/aella/aws-discovery-focal-jammy-retry-20260831/upgrade-discovery/focal-to-jammy/runtime/deb-cache/38/2c/382c8bbc31bc812d93032a7fa5295a8d09914d6ee83726ec97917f1897034132	30820	c5f753bc97293870defc725ff95fb36f750094890c70d975d56d008774a1b94e	200	1	proxy_access_log
focal-to-jammy	by_hash	024c1c0481b75d3f10e5f38269a651b54197b204bb107cd73ac5c87c6ddf7d78	http://ap-northeast-2.ec2.archive.ubuntu.com/ubuntu/dists/jammy-updates/multiverse/binary-amd64/by-hash/SHA256/024c1c0481b75d3f10e5f38269a651b54197b204bb107cd73ac5c87c6ddf7d78	http://ap-northeast-2.ec2.archive.ubuntu.com/ubuntu/dists/jammy-updates/multiverse/binary-amd64/by-hash/SHA256/024c1c0481b75d3f10e5f38269a651b54197b204bb107cd73ac5c87c6ddf7d78	/home/aella/aws-discovery-focal-jammy-retry-20260831/upgrade-discovery/focal-to-jammy/runtime/deb-cache/3b/96/3b96ff79f3ee882e3217e4cb21279576664ebb16c0fa1673dfd6d4ca9b314698	76544	024c1c0481b75d3f10e5f38269a651b54197b204bb107cd73ac5c87c6ddf7d78	200	1	proxy_access_log
focal-to-jammy	by_hash	9538df3330fa7dd58f52b1b2e75c1b3ec65b42f4321255740f2cba6dcf21a94f	http://ap-northeast-2.ec2.archive.ubuntu.com/ubuntu/dists/jammy-updates/multiverse/i18n/by-hash/SHA256/9538df3330fa7dd58f52b1b2e75c1b3ec65b42f4321255740f2cba6dcf21a94f	http://ap-northeast-2.ec2.archive.ubuntu.com/ubuntu/dists/jammy-updates/multiverse/i18n/by-hash/SHA256/9538df3330fa7dd58f52b1b2e75c1b3ec65b42f4321255740f2cba6dcf21a94f	/home/aella/aws-discovery-focal-jammy-retry-20260831/upgrade-discovery/focal-to-jammy/runtime/deb-cache/f0/e1/f0e10200f2d46d3145686c1fd1d74b6af0f5d8452cf542fa2f562f71d863ca56	15852	9538df3330fa7dd58f52b1b2e75c1b3ec65b42f4321255740f2cba6dcf21a94f	200	1	proxy_access_log
focal-to-jammy	by_hash	e0b54b1ea38c1cfc807500ff5b747afbc76df300ec012ae2cc97584894c8e0c2	http://ap-northeast-2.ec2.archive.ubuntu.com/ubuntu/dists/jammy-updates/multiverse/cnf/by-hash/SHA256/e0b54b1ea38c1cfc807500ff5b747afbc76df300ec012ae2cc97584894c8e0c2	http://ap-northeast-2.ec2.archive.ubuntu.com/ubuntu/dists/jammy-updates/multiverse/cnf/by-hash/SHA256/e0b54b1ea38c1cfc807500ff5b747afbc76df300ec012ae2cc97584894c8e0c2	/home/aella/aws-discovery-focal-jammy-retry-20260831/upgrade-discovery/focal-to-jammy/runtime/deb-cache/81/12/8112e94149374d3574b5cfb374705b91e1c6f2780cc395ea924aa1f32a9d9bb7	756	e0b54b1ea38c1cfc807500ff5b747afbc76df300ec012ae2cc97584894c8e0c2	200	1	proxy_access_log
focal-to-jammy	by_hash	231e22d27eb39f634e22d02c6c5ffa004b68345a4c5fc2dd11b30bd5af5d861b	http://ap-northeast-2.ec2.archive.ubuntu.com/ubuntu/dists/jammy-backports/main/binary-amd64/by-hash/SHA256/231e22d27eb39f634e22d02c6c5ffa004b68345a4c5fc2dd11b30bd5af5d861b	http://ap-northeast-2.ec2.archive.ubuntu.com/ubuntu/dists/jammy-backports/main/binary-amd64/by-hash/SHA256/231e22d27eb39f634e22d02c6c5ffa004b68345a4c5fc2dd11b30bd5af5d861b	/home/aella/aws-discovery-focal-jammy-retry-20260831/upgrade-discovery/focal-to-jammy/runtime/deb-cache/54/be/54be0d5e5e26c93d2cf7887be6454ab75fc9cb3069ba134958295a072d40e311	70172	231e22d27eb39f634e22d02c6c5ffa004b68345a4c5fc2dd11b30bd5af5d861b	200	1	proxy_access_log
focal-to-jammy	by_hash	978bc026ab7356174c40bfeaaef5d899db974d7ec877335c7b5b53d73ed712f7	http://ap-northeast-2.ec2.archive.ubuntu.com/ubuntu/dists/jammy-backports/main/i18n/by-hash/SHA256/978bc026ab7356174c40bfeaaef5d899db974d7ec877335c7b5b53d73ed712f7	http://ap-northeast-2.ec2.archive.ubuntu.com/ubuntu/dists/jammy-backports/main/i18n/by-hash/SHA256/978bc026ab7356174c40bfeaaef5d899db974d7ec877335c7b5b53d73ed712f7	/home/aella/aws-discovery-focal-jammy-retry-20260831/upgrade-discovery/focal-to-jammy/runtime/deb-cache/cf/12/cf123c85efe023db188e9f91f15df6c868aa92bdf5106ba8d2c171a8f5ebb293	11432	978bc026ab7356174c40bfeaaef5d899db974d7ec877335c7b5b53d73ed712f7	200	1	proxy_access_log
focal-to-jammy	by_hash	bcaa8b06eb01d15a1de16fc17dcf9fe94cb4d25cf4a507076d915c0fd45c59ee	http://ap-northeast-2.ec2.archive.ubuntu.com/ubuntu/dists/jammy-backports/main/cnf/by-hash/SHA256/bcaa8b06eb01d15a1de16fc17dcf9fe94cb4d25cf4a507076d915c0fd45c59ee	http://ap-northeast-2.ec2.archive.ubuntu.com/ubuntu/dists/jammy-backports/main/cnf/by-hash/SHA256/bcaa8b06eb01d15a1de16fc17dcf9fe94cb4d25cf4a507076d915c0fd45c59ee	/home/aella/aws-discovery-focal-jammy-retry-20260831/upgrade-discovery/focal-to-jammy/runtime/deb-cache/5f/9b/5f9b4366fe4da0c776086c766a0078c08e25a1886543c10b2dac1c61d4412383	412	bcaa8b06eb01d15a1de16fc17dcf9fe94cb4d25cf4a507076d915c0fd45c59ee	200	1	proxy_access_log
focal-to-jammy	by_hash	bc86850962634d62d09198807c4d2470f8aac9e2a74f73da1a83329513319718	http://ap-northeast-2.ec2.archive.ubuntu.com/ubuntu/dists/jammy-backports/restricted/cnf/by-hash/SHA256/bc86850962634d62d09198807c4d2470f8aac9e2a74f73da1a83329513319718	http://ap-northeast-2.ec2.archive.ubuntu.com/ubuntu/dists/jammy-backports/restricted/cnf/by-hash/SHA256/bc86850962634d62d09198807c4d2470f8aac9e2a74f73da1a83329513319718	/home/aella/aws-discovery-focal-jammy-retry-20260831/upgrade-discovery/focal-to-jammy/runtime/deb-cache/8b/53/8b536a86ed197485bdfac10eea8edd9eed51f82eaa5fc9f4fc26434b7d68c51d	116	bc86850962634d62d09198807c4d2470f8aac9e2a74f73da1a83329513319718	200	1	proxy_access_log
focal-to-jammy	by_hash	feadb5d1924adede1c6e2707877c01dabd64580edc6d70b52630ea2adc304347	http://ap-northeast-2.ec2.archive.ubuntu.com/ubuntu/dists/jammy-backports/universe/binary-amd64/by-hash/SHA256/feadb5d1924adede1c6e2707877c01dabd64580edc6d70b52630ea2adc304347	http://ap-northeast-2.ec2.archive.ubuntu.com/ubuntu/dists/jammy-backports/universe/binary-amd64/by-hash/SHA256/feadb5d1924adede1c6e2707877c01dabd64580edc6d70b52630ea2adc304347	/home/aella/aws-discovery-focal-jammy-retry-20260831/upgrade-discovery/focal-to-jammy/runtime/deb-cache/57/c3/57c3efab0d38d41938a5402b71de38678831f1b1dc0a1621b01d2bea16eb83c7	30832	feadb5d1924adede1c6e2707877c01dabd64580edc6d70b52630ea2adc304347	200	1	proxy_access_log
focal-to-jammy	by_hash	84d03db5f225fa06306f32d667c24907cb4d5b6ca731b4d69357f49bcce54765	http://ap-northeast-2.ec2.archive.ubuntu.com/ubuntu/dists/jammy-backports/universe/i18n/by-hash/SHA256/84d03db5f225fa06306f32d667c24907cb4d5b6ca731b4d69357f49bcce54765	http://ap-northeast-2.ec2.archive.ubuntu.com/ubuntu/dists/jammy-backports/universe/i18n/by-hash/SHA256/84d03db5f225fa06306f32d667c24907cb4d5b6ca731b4d69357f49bcce54765	/home/aella/aws-discovery-focal-jammy-retry-20260831/upgrade-discovery/focal-to-jammy/runtime/deb-cache/98/32/98325d21cd89e5254d016c1e55f3a9d8dc4bbc4a8d2d069c7ebb7267735a29db	16864	84d03db5f225fa06306f32d667c24907cb4d5b6ca731b4d69357f49bcce54765	200	1	proxy_access_log
focal-to-jammy	by_hash	2afe39426e31cbb5f4b60a4bc6d3861cc7c6de156d35c0f34438115077a1a201	http://ap-northeast-2.ec2.archive.ubuntu.com/ubuntu/dists/jammy-backports/universe/cnf/by-hash/SHA256/2afe39426e31cbb5f4b60a4bc6d3861cc7c6de156d35c0f34438115077a1a201	http://ap-northeast-2.ec2.archive.ubuntu.com/ubuntu/dists/jammy-backports/universe/cnf/by-hash/SHA256/2afe39426e31cbb5f4b60a4bc6d3861cc7c6de156d35c0f34438115077a1a201	/home/aella/aws-discovery-focal-jammy-retry-20260831/upgrade-discovery/focal-to-jammy/runtime/deb-cache/67/c5/67c5ba51c1cb05c9dfd8933dd02a074d51eb68ee6aa5bd2a6ac13a103c8b3a52	676	2afe39426e31cbb5f4b60a4bc6d3861cc7c6de156d35c0f34438115077a1a201	200	1	proxy_access_log
focal-to-jammy	by_hash	e91d634bb12d52bfd21dcffaf1fbecee9add9e5bef63aaaf72157968982a8b0d	http://ap-northeast-2.ec2.archive.ubuntu.com/ubuntu/dists/jammy-backports/multiverse/cnf/by-hash/SHA256/e91d634bb12d52bfd21dcffaf1fbecee9add9e5bef63aaaf72157968982a8b0d	http://ap-northeast-2.ec2.archive.ubuntu.com/ubuntu/dists/jammy-backports/multiverse/cnf/by-hash/SHA256/e91d634bb12d52bfd21dcffaf1fbecee9add9e5bef63aaaf72157968982a8b0d	/home/aella/aws-discovery-focal-jammy-retry-20260831/upgrade-discovery/focal-to-jammy/runtime/deb-cache/b8/ed/b8ed7968bdf96af3787a75a8a65c063743dac3e532f1c8607c48c7350b6a30e8	116	e91d634bb12d52bfd21dcffaf1fbecee9add9e5bef63aaaf72157968982a8b0d	200	1	proxy_access_log
focal-to-jammy	inrelease	InRelease	http://security.ubuntu.com/ubuntu/dists/jammy-security/InRelease	http://security.ubuntu.com/ubuntu/dists/jammy-security/InRelease	/home/aella/aws-discovery-focal-jammy-retry-20260831/upgrade-discovery/focal-to-jammy/runtime/deb-cache/fd/f7/fdf7616b3d8410e6873ee8d8ac9d4e6b7d2aa88c4a4dd44ec9d69fde00038d03	128927	559a65b46417c92d7388c3c3d12f82f186a1a706737a1391b3d058cdf194d200	200	1	proxy_access_log
focal-to-jammy	by_hash	e84cdd0d57d6d4d38aab2ce54780ef3abce45f76c66e9be1037e68731364fdcf	http://security.ubuntu.com/ubuntu/dists/jammy-security/main/binary-amd64/by-hash/SHA256/e84cdd0d57d6d4d38aab2ce54780ef3abce45f76c66e9be1037e68731364fdcf	http://security.ubuntu.com/ubuntu/dists/jammy-security/main/binary-amd64/by-hash/SHA256/e84cdd0d57d6d4d38aab2ce54780ef3abce45f76c66e9be1037e68731364fdcf	/home/aella/aws-discovery-focal-jammy-retry-20260831/upgrade-discovery/focal-to-jammy/runtime/deb-cache/5a/72/5a7223c924136253a9cd897ecb79a21264f9f2883fcc70f3518e4e586e0bdd54	3503740	e84cdd0d57d6d4d38aab2ce54780ef3abce45f76c66e9be1037e68731364fdcf	200	1	proxy_access_log
focal-to-jammy	by_hash	667ef141dec28f3ac3edcabc65fc38b9e5ce43ff4f3a20b3fd70816eda0dda9c	http://security.ubuntu.com/ubuntu/dists/jammy-security/main/i18n/by-hash/SHA256/667ef141dec28f3ac3edcabc65fc38b9e5ce43ff4f3a20b3fd70816eda0dda9c	http://security.ubuntu.com/ubuntu/dists/jammy-security/main/i18n/by-hash/SHA256/667ef141dec28f3ac3edcabc65fc38b9e5ce43ff4f3a20b3fd70816eda0dda9c	/home/aella/aws-discovery-focal-jammy-retry-20260831/upgrade-discovery/focal-to-jammy/runtime/deb-cache/3e/c6/3ec6e7cbd2f3830b35df4c6444103ba93547ae237a1107b83b0c9e4bb15e69ec	491472	667ef141dec28f3ac3edcabc65fc38b9e5ce43ff4f3a20b3fd70816eda0dda9c	200	1	proxy_access_log
focal-to-jammy	by_hash	57f4c2e1d7f852ee8a2499fa168f780fa0df28449fd365e827a9b27ec05c03d1	http://security.ubuntu.com/ubuntu/dists/jammy-security/main/cnf/by-hash/SHA256/57f4c2e1d7f852ee8a2499fa168f780fa0df28449fd365e827a9b27ec05c03d1	http://security.ubuntu.com/ubuntu/dists/jammy-security/main/cnf/by-hash/SHA256/57f4c2e1d7f852ee8a2499fa168f780fa0df28449fd365e827a9b27ec05c03d1	/home/aella/aws-discovery-focal-jammy-retry-20260831/upgrade-discovery/focal-to-jammy/runtime/deb-cache/ac/7c/ac7ced3a813fb13bef175d841562b223f9abaff091375070297c3130b7900b81	14696	57f4c2e1d7f852ee8a2499fa168f780fa0df28449fd365e827a9b27ec05c03d1	200	1	proxy_access_log
focal-to-jammy	by_hash	bba91819e09adaa98c542e7fa731bf07add7f47f008a29043bdf2e3c0a8ebb08	http://security.ubuntu.com/ubuntu/dists/jammy-security/restricted/binary-amd64/by-hash/SHA256/bba91819e09adaa98c542e7fa731bf07add7f47f008a29043bdf2e3c0a8ebb08	http://security.ubuntu.com/ubuntu/dists/jammy-security/restricted/binary-amd64/by-hash/SHA256/bba91819e09adaa98c542e7fa731bf07add7f47f008a29043bdf2e3c0a8ebb08	/home/aella/aws-discovery-focal-jammy-retry-20260831/upgrade-discovery/focal-to-jammy/runtime/deb-cache/76/9f/769f5101aad9bc8374f34a7c36234866768d8b826fd84d57c144633a822e6676	6273064	bba91819e09adaa98c542e7fa731bf07add7f47f008a29043bdf2e3c0a8ebb08	200	1	proxy_access_log
focal-to-jammy	by_hash	7f4b2ff8386761afadac28ef5770cdf678d86026b243635c06d00f784af1355a	http://security.ubuntu.com/ubuntu/dists/jammy-security/restricted/i18n/by-hash/SHA256/7f4b2ff8386761afadac28ef5770cdf678d86026b243635c06d00f784af1355a	http://security.ubuntu.com/ubuntu/dists/jammy-security/restricted/i18n/by-hash/SHA256/7f4b2ff8386761afadac28ef5770cdf678d86026b243635c06d00f784af1355a	/home/aella/aws-discovery-focal-jammy-retry-20260831/upgrade-discovery/focal-to-jammy/runtime/deb-cache/3e/f4/3ef442ddf517d8ee73e33554f59181991354666188851d68844017c7c41003a4	1206124	7f4b2ff8386761afadac28ef5770cdf678d86026b243635c06d00f784af1355a	200	1	proxy_access_log
focal-to-jammy	by_hash	4739c04553a94f761ca24cfa5261434eb867f99c8b36044d7b123e996529da56	http://security.ubuntu.com/ubuntu/dists/jammy-security/restricted/cnf/by-hash/SHA256/4739c04553a94f761ca24cfa5261434eb867f99c8b36044d7b123e996529da56	http://security.ubuntu.com/ubuntu/dists/jammy-security/restricted/cnf/by-hash/SHA256/4739c04553a94f761ca24cfa5261434eb867f99c8b36044d7b123e996529da56	/home/aella/aws-discovery-focal-jammy-retry-20260831/upgrade-discovery/focal-to-jammy/runtime/deb-cache/2c/60/2c60b3984d305cac8adaff56ad3e69b5f75264af1df138d579112a3d1a412185	600	4739c04553a94f761ca24cfa5261434eb867f99c8b36044d7b123e996529da56	200	1	proxy_access_log
focal-to-jammy	by_hash	976a349f89568dff18530bd4a2f6905ad2cfe6bed2d42a7e461e1cedc0a93e47	http://security.ubuntu.com/ubuntu/dists/jammy-security/universe/binary-amd64/by-hash/SHA256/976a349f89568dff18530bd4a2f6905ad2cfe6bed2d42a7e461e1cedc0a93e47	http://security.ubuntu.com/ubuntu/dists/jammy-security/universe/binary-amd64/by-hash/SHA256/976a349f89568dff18530bd4a2f6905ad2cfe6bed2d42a7e461e1cedc0a93e47	/home/aella/aws-discovery-focal-jammy-retry-20260831/upgrade-discovery/focal-to-jammy/runtime/deb-cache/fb/9a/fb9a5f939edc9be5653bd8de468429cb48de4398c6221a3fad464420cfc3ab0f	1047464	976a349f89568dff18530bd4a2f6905ad2cfe6bed2d42a7e461e1cedc0a93e47	200	1	proxy_access_log
focal-to-jammy	by_hash	9c37b8ac9b8cc9faffb47d4f66889f6cd08f280a07a47e23f6e1b8e79f85df8b	http://security.ubuntu.com/ubuntu/dists/jammy-security/universe/i18n/by-hash/SHA256/9c37b8ac9b8cc9faffb47d4f66889f6cd08f280a07a47e23f6e1b8e79f85df8b	http://security.ubuntu.com/ubuntu/dists/jammy-security/universe/i18n/by-hash/SHA256/9c37b8ac9b8cc9faffb47d4f66889f6cd08f280a07a47e23f6e1b8e79f85df8b	/home/aella/aws-discovery-focal-jammy-retry-20260831/upgrade-discovery/focal-to-jammy/runtime/deb-cache/3b/d5/3bd5254b571356eedc42085d75801661e72e7180bf651280e227fe114965d9b3	234732	9c37b8ac9b8cc9faffb47d4f66889f6cd08f280a07a47e23f6e1b8e79f85df8b	200	1	proxy_access_log
focal-to-jammy	by_hash	0259a3b612fcb18d3e20eb87ef12bb69b3025194d6cb72ab7984498eed384dec	http://security.ubuntu.com/ubuntu/dists/jammy-security/universe/cnf/by-hash/SHA256/0259a3b612fcb18d3e20eb87ef12bb69b3025194d6cb72ab7984498eed384dec	http://security.ubuntu.com/ubuntu/dists/jammy-security/universe/cnf/by-hash/SHA256/0259a3b612fcb18d3e20eb87ef12bb69b3025194d6cb72ab7984498eed384dec	/home/aella/aws-discovery-focal-jammy-retry-20260831/upgrade-discovery/focal-to-jammy/runtime/deb-cache/53/c8/53c89200ddb791e4564554d15249b0495c58022af921d0bd17d7a8a6a5506a3e	23220	0259a3b612fcb18d3e20eb87ef12bb69b3025194d6cb72ab7984498eed384dec	200	1	proxy_access_log
focal-to-jammy	by_hash	8b79f9054d123125a830170dbaea7c7053572dba1a0f9187313c5229245ae384	http://security.ubuntu.com/ubuntu/dists/jammy-security/multiverse/binary-amd64/by-hash/SHA256/8b79f9054d123125a830170dbaea7c7053572dba1a0f9187313c5229245ae384	http://security.ubuntu.com/ubuntu/dists/jammy-security/multiverse/binary-amd64/by-hash/SHA256/8b79f9054d123125a830170dbaea7c7053572dba1a0f9187313c5229245ae384	/home/aella/aws-discovery-focal-jammy-retry-20260831/upgrade-discovery/focal-to-jammy/runtime/deb-cache/ad/aa/adaafd4f935455f4d646ebc81bcf59e38a1d534d7e72239a9b7ef491ecbc9ca8	69092	8b79f9054d123125a830170dbaea7c7053572dba1a0f9187313c5229245ae384	200	1	proxy_access_log
focal-to-jammy	by_hash	a182a8d3602c9511021471472cfa87a3fc026213f80469085fc98178fd122e03	http://security.ubuntu.com/ubuntu/dists/jammy-security/multiverse/i18n/by-hash/SHA256/a182a8d3602c9511021471472cfa87a3fc026213f80469085fc98178fd122e03	http://security.ubuntu.com/ubuntu/dists/jammy-security/multiverse/i18n/by-hash/SHA256/a182a8d3602c9511021471472cfa87a3fc026213f80469085fc98178fd122e03	/home/aella/aws-discovery-focal-jammy-retry-20260831/upgrade-discovery/focal-to-jammy/runtime/deb-cache/a9/a8/a9a8237a68ba0c1a468ee881047b242cde77df044939c7250fe6e25db1119e92	12920	a182a8d3602c9511021471472cfa87a3fc026213f80469085fc98178fd122e03	200	1	proxy_access_log
focal-to-jammy	by_hash	b296e4869f1fe560f9e7613541034a35be28029371d2d8128619ba1db83b836d	http://security.ubuntu.com/ubuntu/dists/jammy-security/multiverse/cnf/by-hash/SHA256/b296e4869f1fe560f9e7613541034a35be28029371d2d8128619ba1db83b836d	http://security.ubuntu.com/ubuntu/dists/jammy-security/multiverse/cnf/by-hash/SHA256/b296e4869f1fe560f9e7613541034a35be28029371d2d8128619ba1db83b836d	/home/aella/aws-discovery-focal-jammy-retry-20260831/upgrade-discovery/focal-to-jammy/runtime/deb-cache/02/ca/02ca5a4aa9631a88cfe70d863bce58aff5d452a4977220ebf3952401d94bbe37	544	b296e4869f1fe560f9e7613541034a35be28029371d2d8128619ba1db83b836d	200	1	proxy_access_log
focal-to-jammy	deb	procps_3.3.17-6ubuntu2.1_amd64.deb			/home/aella/aws-discovery-focal-jammy-retry-20260831/upgrade-discovery/focal-to-jammy/runtime/deb-cache/00/26/0026e98bb316d49a43deb698a2f53c45e01c3c22e300cb0f68cb56f900673a9f	377732	e204381ea55b600a1fb3556d6aec9cfb1eef1c4a2247dee641f00211311b9922		0	apt_archives
focal-to-jammy	deb	libprocps8_3.3.17-6ubuntu2.1_amd64.deb			/home/aella/aws-discovery-focal-jammy-retry-20260831/upgrade-discovery/focal-to-jammy/runtime/deb-cache/00/2a/002a6d02866b3560c179058949ef3762563cb96ba474b2ad8650f6982b747a5f	36160	a7d32ba1d7d4516b77354d3b2d34d218098b321933f792785029f313b918d163		0	apt_archives
focal-to-jammy	deb	python3-minimal_3.10.6-1%7e22.04.1_amd64.deb			/home/aella/aws-discovery-focal-jammy-retry-20260831/upgrade-discovery/focal-to-jammy/runtime/deb-cache/00/a4/00a4c2c2e8c645fe36503d147b8718effcb35245c049cd1f6dba63b6e5449818	24304	c2f9ebfa720344485d192f9b493065bee4a29d5021b093f9300c8101483de9dd		0	apt_archives
focal-to-jammy	deb	libcrypt-dev_4.4.27-1_amd64.deb			/home/aella/aws-discovery-focal-jammy-retry-20260831/upgrade-discovery/focal-to-jammy/runtime/deb-cache/00/d0/00d00b271b23c3408aed180c5918647042cef4dcdea7e8e623268c07f67cb92e	111682	a79be2f6e45823dcc09e04d5e98c88ec88d07d5b8895d05b875a8ade8b345efa		0	apt_archives
focal-to-jammy	deb	libisc-export1105_9.11.19%2bdfsg-2.1ubuntu3_amd64.deb			/home/aella/aws-discovery-focal-jammy-retry-20260831/upgrade-discovery/focal-to-jammy/runtime/deb-cache/00/f7/00f774f33f1f883bfba71da7a4aa8ddcaacfacc0fa7a5fa576d8ec561b6f18ba	191844	96ec022694dac276e7215db80b9ff1f39191b92e89f14fe474c675a149104327		0	apt_archives
focal-to-jammy	deb	libnss3_3.98-0ubuntu0.22.04.4_amd64.deb			/home/aella/aws-discovery-focal-jammy-retry-20260831/upgrade-discovery/focal-to-jammy/runtime/deb-cache/00/f7/00f7aa109d0ab894c0d43ce627d6e67fe0e46181cabcb9cda7be6fe4ca4726c1	1347044	caf60f375adbbdafef74930c5dd91411de0ac5c9499bf699185110dc77d82611		0	apt_archives
focal-to-jammy	deb	mailcap_3.70%2bnmu1ubuntu1.22.04.1_all.deb			/home/aella/aws-discovery-focal-jammy-retry-20260831/upgrade-discovery/focal-to-jammy/runtime/deb-cache/01/20/0120f3380ae9df60a9b1da95af265d0e32871d65c227b84c3ffd5636ffc7a109	23912	19b0a7da4ca318bf2d9bd348f62cfe764fa05e8b3c26326d16a110ed02f63c8f		0	apt_archives
focal-to-jammy	deb	libmbim-proxy_1.28.0-1%7eubuntu20.04.2_amd64.deb			/home/aella/aws-discovery-focal-jammy-retry-20260831/upgrade-discovery/focal-to-jammy/runtime/deb-cache/05/6a/056af04695901bec75fcde21b351b8bd71ad4b575c9753f9c062d739939b22bf	6160	772cd8efaa454035bfee5ad2e6e5a5d2db1a8b87ba62c575136a2fafbbbdeeba		0	apt_archives
focal-to-jammy	deb	libstdc%2b%2b6_12.3.0-1ubuntu1%7e22.04.3_amd64.deb			/home/aella/aws-discovery-focal-jammy-retry-20260831/upgrade-discovery/focal-to-jammy/runtime/deb-cache/06/f7/06f7d37c4af726c8eadad1f55cd5e2f66037c1f5c4b286237faa8ec912c438e0	698608	29ef3d289b272704b75141906c8f683db0f2bdb0942061366691333bfb289bdc		0	apt_archives
focal-to-jammy	deb	libbpf0_0.5.0-1ubuntu22.04.1_amd64.deb			/home/aella/aws-discovery-focal-jammy-retry-20260831/upgrade-discovery/focal-to-jammy/runtime/deb-cache/08/0b/080b122129fd341b13180084562931d3ea7036364d9108ff4fcacb8a056775b5	140058	d5883b9906b3bdac371ccc12d618547f0fd680c1967b3081419ce2791eba1271		0	apt_archives
focal-to-jammy	deb	tcl8.6_8.6.12%2bdfsg-1build1_amd64.deb			/home/aella/aws-discovery-focal-jammy-retry-20260831/upgrade-discovery/focal-to-jammy/runtime/deb-cache/08/19/08197f639d23c8748600ae043dbf1490b4447405c567f933c598185fef6daf84	15028	c67d4a690cdc3bbca57c254cb1d60cb80d84e5ad3f77c4d4eca21582ff2a7743		0	apt_archives
focal-to-jammy	deb	cryptsetup_2.4.3-1ubuntu1.3_amd64.deb			/home/aella/aws-discovery-focal-jammy-retry-20260831/upgrade-discovery/focal-to-jammy/runtime/deb-cache/08/48/0848fde45b18dac4be6147677f949e83697eb552852feb2ec5fb2bd1c8fdf987	193742	c0d09b0104df521a8949d4ae3e26e0e65917eb76f596d3372f58120fb80f6d9a		0	apt_archives
focal-to-jammy	deb	ubuntu-pro-client_37.2ubuntu%7e22.04.1_amd64.deb			/home/aella/aws-discovery-focal-jammy-retry-20260831/upgrade-discovery/focal-to-jammy/runtime/deb-cache/08/4e/084e2c10c66dd94e8a202b586166db48864f21e9d760b092292e468e4eb94caa	237924	dc826898dbf506f7d8b2e447ab3dfdc2018a988e93cc7f90b93548dcb963ad0e		0	apt_archives
focal-to-jammy	deb	libtcl8.6_8.6.12%2bdfsg-1build1_amd64.deb			/home/aella/aws-discovery-focal-jammy-retry-20260831/upgrade-discovery/focal-to-jammy/runtime/deb-cache/08/4f/084f4434b350fa33a41e7d9271286af8db6de337f39646ea50b8276cbad4e42a	989614	5232b051f9dcd567648ab3061848329ef15cc3a8cb1e66732be80f102dad293c		0	apt_archives
focal-to-jammy	deb	acpid_2.0.33-1ubuntu1_amd64.deb			/home/aella/aws-discovery-focal-jammy-retry-20260831/upgrade-discovery/focal-to-jammy/runtime/deb-cache/0b/5d/0b5de6f064fb0f5f5e211c5452d2ecbea3689e107c6cba6364de5c7a91fe2a88	35846	a36f1d65a89d4c2a75500ff1c0134d9ec629226942afad705a3e4c905875196f		0	apt_archives
focal-to-jammy	deb	zstd_1.4.8%2bdfsg-3build1_amd64.deb			/home/aella/aws-discovery-focal-jammy-retry-20260831/upgrade-discovery/focal-to-jammy/runtime/deb-cache/0b/f3/0bf374b8c573856b33924f7552d2aaf6ca8d463f726998a38050e700c6ebedf0	602632	ed24d3ce81f08cce91010b65202301c3193ae22b0e08f50b8829929ff56b0b2a		0	apt_archives
focal-to-jammy	deb	bind9-host_9.18.39-0ubuntu0.22.04.6_amd64.deb			/home/aella/aws-discovery-focal-jammy-retry-20260831/upgrade-discovery/focal-to-jammy/runtime/deb-cache/0d/ad/0dad60e2699cc59adeba925a8c59a5d5e67145890aa262a73b7c4ac15a5dbd52	52516	97863ade0ad9f88b7a1925333197931b60f59bd40450fb0d9ac488243ce8f134		0	apt_archives
focal-to-jammy	deb	fwupd_2.0.20-1ubuntu2%7e22.04.2_amd64.deb			/home/aella/aws-discovery-focal-jammy-retry-20260831/upgrade-discovery/focal-to-jammy/runtime/deb-cache/0d/e3/0de325e94ebe66dfd07151f198fb07293eb2bfe7f9a29c27281ca235c831f0dc	4330468	ccf2d533e302072f30bea1f26fa9f80c017585ee93bd5e04af5d0375b2d5d188		0	apt_archives
focal-to-jammy	deb	dnsutils_9.18.39-0ubuntu0.22.04.6_all.deb			/home/aella/aws-discovery-focal-jammy-retry-20260831/upgrade-discovery/focal-to-jammy/runtime/deb-cache/10/89/1089ba0a531963a71d80db1077e52d9148084719db812153b5e4cd44844042e3	3926	151d20944bf5b909fa60f50ec8552aae48e89ce105315231e0b243ac73da85c2		0	apt_archives
focal-to-jammy	deb	libxmlb2_0.3.24-1%7eubuntu0.22.04.1_amd64.deb			/home/aella/aws-discovery-focal-jammy-retry-20260831/upgrade-discovery/focal-to-jammy/runtime/deb-cache/11/f6/11f65e0c651773a04fedbe3e5e5bbe1c3d6040261ef74f8753e03d81a9436fc0	67940	67d7060d6bfeb1674165badd257192127364e9209bd747f1dfa2d6f6186f633d		0	apt_archives
focal-to-jammy	deb	dash_0.5.11%2bgit20210903%2b057cd650a4ed-3build1_amd64.deb			/home/aella/aws-discovery-focal-jammy-retry-20260831/upgrade-discovery/focal-to-jammy/runtime/deb-cache/13/53/1353979a12c0df74151ffefeb03c808559e0a007757bc4701911615e0e156517	92010	a539a1fc715f9f52cf9159e1f2c8d254a611d1f2c176a25ca7d99372fa76f4b8		0	apt_archives
focal-to-jammy	deb	libusb-1.0-0_1.0.25-1ubuntu2_amd64.deb			/home/aella/aws-discovery-focal-jammy-retry-20260831/upgrade-discovery/focal-to-jammy/runtime/deb-cache/17/08/17085d445dc56e063b34e586fea86e095ed3f0f2d4e62387f44f8678e9211492	52688	99b98c9cc9c88c4d7f50e106e9f0cbff868c5d14809f516b1947d3d2c4638aae		0	apt_archives
focal-to-jammy	deb	tar_1.34%2bdfsg-1ubuntu0.1.22.04.6_amd64.deb			/home/aella/aws-discovery-focal-jammy-retry-20260831/upgrade-discovery/focal-to-jammy/runtime/deb-cache/18/b4/18b49a072e340a41e946d082ebca9d717b5315dc44178f0ccab2224ff002ba69	298302	9e7a93d96b2c3ed82aa5959933bec3e5082c264b0ae45e86ab450f83886faace		0	apt_archives
focal-to-jammy	deb	fwupd-signed_1.51.1%7e22.04.1%2b1.4-0ubuntu0.1_amd64.deb			/home/aella/aws-discovery-focal-jammy-retry-20260831/upgrade-discovery/focal-to-jammy/runtime/deb-cache/18/d5/18d5579307761d32a332ff299352325e67e95013c67ba989dcaf81f5d07b59e0	30346	83611d51be8a30b71859aa29438962b34b75097d00a49754c5fb6ad1a08bfc73		0	apt_archives
focal-to-jammy	deb	xxd_8.2.3995-1ubuntu2.36_amd64.deb			/home/aella/aws-discovery-focal-jammy-retry-20260831/upgrade-discovery/focal-to-jammy/runtime/deb-cache/1a/82/1a821598541912d75e4f570032743dedfeb17408d632a4b4f2cca48b441652d4	51454	604b5215094112909cebbab13ccfa34500d46b19afa2f2e885342e5f576b7597		0	apt_archives
focal-to-jammy	deb	bash-completion_2.11-5ubuntu1_all.deb			/home/aella/aws-discovery-focal-jammy-retry-20260831/upgrade-discovery/focal-to-jammy/runtime/deb-cache/1b/05/1b05b9cf67645c9d32448de7d7ab7d6585ebe991a604086835fe487ecee32699	179828	9a0fe8c431450e085b27e527fc539c5e99550e1fa12b6e5a406ca1c0d319207c		0	apt_archives
focal-to-jammy	deb	libtsan0_11.4.0-1ubuntu1%7e22.04.3_amd64.deb			/home/aella/aws-discovery-focal-jammy-retry-20260831/upgrade-discovery/focal-to-jammy/runtime/deb-cache/1b/3b/1b3b986323aa23db23af71cc73f12c47e18365c4d92f3f03676bebeb45e20955	2259536	2fc0cb78e86d4635c8ed17f4a2816762050c48cb928df739bbe145dfb472957a		0	apt_archives
focal-to-jammy	deb	libcap2_2.44-1ubuntu0.22.04.3_amd64.deb			/home/aella/aws-discovery-focal-jammy-retry-20260831/upgrade-discovery/focal-to-jammy/runtime/deb-cache/1b/76/1b76f685fd7638b1b61b19878c468e06c98fcf9a1ab93f0c2ec97198f439f57a	18548	c497efb7fa3cd19a7ff297d95c7c5d678063c80c9fc230c9d034a8ee02ca8446		0	apt_archives
focal-to-jammy	deb	libnspr4_4.35-0ubuntu0.22.04.1_amd64.deb			/home/aella/aws-discovery-focal-jammy-retry-20260831/upgrade-discovery/focal-to-jammy/runtime/deb-cache/1b/76/1b76fe9f836fafdc323dfbc7b8d915dad5fdafafefc1f6bbaa57255690aeda20	119208	b3c96e4a61675c87f8d9655109346748847d859abc95f20493159d06b5aa30ef		0	apt_archives
focal-to-jammy	deb	libxml2_2.9.13%2bdfsg-1ubuntu0.12_amd64.deb			/home/aella/aws-discovery-focal-jammy-retry-20260831/upgrade-discovery/focal-to-jammy/runtime/deb-cache/1e/d3/1ed33fef3a0801109443a7065bcd23cec5a0501ddedf776b24e452726a0504ee	764660	b3678e6e4b166bc0e4226fb118d489ab51802c772914421397c9dcb2dd0e0d2b		0	apt_archives
focal-to-jammy	deb	libsasl2-2_2.1.27%2bdfsg2-3ubuntu1.2_amd64.deb			/home/aella/aws-discovery-focal-jammy-retry-20260831/upgrade-discovery/focal-to-jammy/runtime/deb-cache/20/4a/204aa4a64f30f378d372cf1ba9b9d822b5bc034e7fb5d86eae274791ffb60b10	53832	391cb48d7e601d5bb590da8d426750acf6c987241ba280a36227873b94f20cee		0	apt_archives
focal-to-jammy	deb	libasan6_11.4.0-1ubuntu1%7e22.04.3_amd64.deb			/home/aella/aws-discovery-focal-jammy-retry-20260831/upgrade-discovery/focal-to-jammy/runtime/deb-cache/21/62/21624d1dc8af29de6b9c65e50a8c7a995f83b736c9cf9bf5ab6ef5a86b8ced95	2283168	eb98f62bf6c7234132beab59113c249db40acfbd1c9965308ee612de1a6e819e		0	apt_archives
focal-to-jammy	deb	python-babel-localedata_2.8.0%2bdfsg.1-7_all.deb			/home/aella/aws-discovery-focal-jammy-retry-20260831/upgrade-discovery/focal-to-jammy/runtime/deb-cache/23/35/2335942cc33570e616c86999697a6984aeb0b6ef3f13671c09c54edaf84501ad	4982220	f441154253d9ab255ce1541b37ec8cf191311d87dba3b36abe9574c8e6c8fd61		0	apt_archives
focal-to-jammy	deb	libdrm2_2.4.113-2%7eubuntu0.22.04.1_amd64.deb			/home/aella/aws-discovery-focal-jammy-retry-20260831/upgrade-discovery/focal-to-jammy/runtime/deb-cache/23/da/23da0dcdb08c9d6f293b3bd702322f17a5b370a058405f7428505fce48547b6b	38106	555925f1caedfd98d89bae3bc11b4fe3401c2c4817dbbafcab25e1144582e946		0	apt_archives
focal-to-jammy	deb	liblxc1_5.0.0%7egit2209-g5a7b9ce67-0ubuntu1.1_amd64.deb			/home/aella/aws-discovery-focal-jammy-retry-20260831/upgrade-discovery/focal-to-jammy/runtime/deb-cache/25/ce/25ce019a47646a349d038e7a14f5cace6bda163fe3470583b282945205296ef8	356176	01cbec6c948e68698b5484bc2ab32142c069ad82538db90642674ed08fcdb59b		0	apt_archives
focal-to-jammy	deb	cpp_11.2.0-1ubuntu1_amd64.deb			/home/aella/aws-discovery-focal-jammy-retry-20260831/upgrade-discovery/focal-to-jammy/runtime/deb-cache/26/98/2698f2c7a5c6ddfa306df0a77b943ab767a2e5d88d601fa0ff006c72c96b1e20	27700	44f881cf66bfaac163a6c45b4bfb5e79a40780b96af78bec6e9c58f973b8d7bd		0	apt_archives
focal-to-jammy	deb	docker.io_29.1.3-0ubuntu3%7e22.04.2_amd64.deb			/home/aella/aws-discovery-focal-jammy-retry-20260831/upgrade-discovery/focal-to-jammy/runtime/deb-cache/27/d8/27d843dbce00c111b9bf9ade0971e5615496639460f692654fd96d538f656d15	35693690	e2336d2596d18d6e1ae0cb80ae569a86019674b1b995c40a0c734be8081f275e		0	apt_archives
focal-to-jammy	deb	libsasl2-modules_2.1.27%2bdfsg2-3ubuntu1.2_amd64.deb			/home/aella/aws-discovery-focal-jammy-retry-20260831/upgrade-discovery/focal-to-jammy/runtime/deb-cache/28/4f/284fb4b3480b620ecaeb4aa9bce6b16fb21d6fc60c0dce2850efb1db6900906e	68804	b96ed7a31d8c1092d031e654a9f4b39705e96979589c4ebb84be2dd19e1a3194		0	apt_archives
focal-to-jammy	deb	libopts25_5.18.16-4_amd64.deb			/home/aella/aws-discovery-focal-jammy-retry-20260831/upgrade-discovery/focal-to-jammy/runtime/deb-cache/29/90/29905d0a5a7f62e5f4e1ad2e5035bc2c092ea1d88921e5c39e93d530c349c435	59516	33044c5666b0bcec6996b38e8b23ff9b40cc2b5b0164b3cfbf5a554bb96ae1a4		0	apt_archives
focal-to-jammy	deb	libldap-common_2.5.20%2bdfsg-0ubuntu0.22.04.1_all.deb			/home/aella/aws-discovery-focal-jammy-retry-20260831/upgrade-discovery/focal-to-jammy/runtime/deb-cache/2c/30/2c30988b3136a0e9737985da9d55350953693bd3a1086e6619a0b7761ed45038	16434	1586f9319660dd82b3aa653b0a2dcdc3b4dd061d4bdef70f1bf6889c680665c0		0	apt_archives
focal-to-jammy	deb	bsdmainutils_12.1.7%2bnmu3ubuntu2_all.deb			/home/aella/aws-discovery-focal-jammy-retry-20260831/upgrade-discovery/focal-to-jammy/runtime/deb-cache/2c/e8/2ce8a2d724810f0d7aa16f992c3ffe0bfe7e44b37e0cbfeaedcfdb78d35a7516	3170	379c80264fb08afc99a20c33a28ac50284be9e1c0882d060921dcc9c887a6ca2		0	apt_archives
focal-to-jammy	deb	g%2b%2b_11.2.0-1ubuntu1_amd64.deb			/home/aella/aws-discovery-focal-jammy-retry-20260831/upgrade-discovery/focal-to-jammy/runtime/deb-cache/2e/c5/2ec53209256b13cc42d530555329c514f0ed048c233b67baa0b49a5f4b28c06d	1412	693080e6d1648f521183c1fa5fcfdd2d357a87f5872511ec12792d9dfe1effdb		0	apt_archives
focal-to-jammy	deb	ntfs-3g_2021.8.22-3ubuntu1.4_amd64.deb			/home/aella/aws-discovery-focal-jammy-retry-20260831/upgrade-discovery/focal-to-jammy/runtime/deb-cache/2e/d6/2ed64daac0c91588eb1d34d2297513c7b1eb7779ce4194401a3bac92b5efb159	408404	470ff0bcee389c861743a8aa0aafe6ea1dd4ec813810db6a8a2e0ceecc37c0b3		0	apt_archives
focal-to-jammy	deb	uidmap_4.8.1-2ubuntu2.2_amd64.deb			/home/aella/aws-discovery-focal-jammy-retry-20260831/upgrade-discovery/focal-to-jammy/runtime/deb-cache/2f/7d/2f7d300a362523957803b1c7bb8bb29987f04dfeba9bec978cb65e645c593052	22416	763f1774a1ce771bfa53685c4cde4381d4bff4e240707c5887f2f5a2fe8fc8de		0	apt_archives
focal-to-jammy	deb	libtraceevent1_1.3.3-1_amd64.deb			/home/aella/aws-discovery-focal-jammy-retry-20260831/upgrade-discovery/focal-to-jammy/runtime/deb-cache/2f/c2/2fc2c0b36ea45fe10e8b60ab98ce7fd1ad07ee66120cc8602b27942f4a86c099	50808	ca68e0466e05bd7570d253302f4e68cb7a585dbf7b8b251e6f2afb3ad3c2e359		0	apt_archives
focal-to-jammy	deb	libdevmapper-event1.02.1_1.02.175-2.1ubuntu5_amd64.deb			/home/aella/aws-discovery-focal-jammy-retry-20260831/upgrade-discovery/focal-to-jammy/runtime/deb-cache/30/f4/30f40a7f5bb8c10db1e6eef2737a0ca3d1e096f7292d05ee9c85b746616df7ad	12692	0ff7a3994ef519df149808cfb9202fc07cd3e626022fe5c8fe2e22da12ed5dce		0	apt_archives
focal-to-jammy	deb	libitm1_12.3.0-1ubuntu1%7e22.04.3_amd64.deb			/home/aella/aws-discovery-focal-jammy-retry-20260831/upgrade-discovery/focal-to-jammy/runtime/deb-cache/33/35/3335bc97b0fc784bdd3d37c6012bb4b057f9c49de29c832b7b68276b695e7618	30160	80f42953fa98d3ef9d49c2fd8c580bea40e1ace953eb8850bc961eef59f211c2		0	apt_archives
focal-to-jammy	deb	libfwupd3_2.0.20-1ubuntu2%7e22.04.2_amd64.deb			/home/aella/aws-discovery-focal-jammy-retry-20260831/upgrade-discovery/focal-to-jammy/runtime/deb-cache/33/6b/336b7c2791923579be8375d4530a085cb02695a64f460040dcb01a138c1b01c4	156098	3bd63f6969fecebccaaf37a1c058013202b61d5352712278f9f3cb59507e71f8		0	apt_archives
focal-to-jammy	deb	libhx509-5-heimdal_7.7.0%2bdfsg-3ubuntu1_amd64.deb			/home/aella/aws-discovery-focal-jammy-retry-20260831/upgrade-discovery/focal-to-jammy/runtime/deb-cache/34/12/3412d070f8a8feb5ed33ac2ae1c0202ad531571f41de90863b833f1895d524cb	118650	d01c79229cff0295cf643107ba565255f82600b316a282201215ef83d16e2495		0	apt_archives
focal-to-jammy	deb	python3-blinker_1.4%2bdfsg1-0.4_all.deb			/home/aella/aws-discovery-focal-jammy-retry-20260831/upgrade-discovery/focal-to-jammy/runtime/deb-cache/34/9e/349e7bbc8f902f3b3cbd72b5c7f9ae299372b990e473d3faf829e3a1a14b6801	14048	c0964a1414b9d4f8bf6d51895e08eba1d6df57f59ba2f571be1cf07ceb378a99		0	apt_archives
focal-to-jammy	deb	libcc1-0_12.3.0-1ubuntu1%7e22.04.3_amd64.deb			/home/aella/aws-discovery-focal-jammy-retry-20260831/upgrade-discovery/focal-to-jammy/runtime/deb-cache/37/54/375421371983bd1e8e432e0e74585033e47356b9c532a3c69defd6b929da85bf	48290	749e0fd1732df5d79af17c472dfa8f91a36fcc8d6dd5baff3f999192f7aa4357		0	apt_archives
focal-to-jammy	deb	libjs-underscore_1.13.2%7edfsg-2_all.deb			/home/aella/aws-discovery-focal-jammy-retry-20260831/upgrade-discovery/focal-to-jammy/runtime/deb-cache/37/c7/37c778f76a8dd97a8e55d8b8fb4fb4cdd23904c2de08342daae4d14f719dca30	117782	a34e8c9203de5aa70ce36921483eb40bac56b26141d10d500dfd499cd4e6f74e		0	apt_archives
focal-to-jammy	deb	libcryptsetup12_2.4.3-1ubuntu1.3_amd64.deb			/home/aella/aws-discovery-focal-jammy-retry-20260831/upgrade-discovery/focal-to-jammy/runtime/deb-cache/38/ef/38efa6cd6ed0c026384e08a8b8718275c9627b24590bac3beebbd7184ddf2924	210770	8a3d64bf2d98ef0fd0f73ca8bd9a2122e536cff4703884020dd9f2a57b20bc32		0	apt_archives
focal-to-jammy	deb	libheimntlm0-heimdal_7.7.0%2bdfsg-3ubuntu1_amd64.deb			/home/aella/aws-discovery-focal-jammy-retry-20260831/upgrade-discovery/focal-to-jammy/runtime/deb-cache/39/bd/39bdb31b502740c19843ccdcd73c6683dc344a6ff91d3e1fc04b6210dcfdab0f	16962	0782767a975938909af867e0428b5237f5f6b64b4d05ff527bc05b22c004cecf		0	apt_archives
focal-to-jammy	deb	python3-babel_2.8.0%2bdfsg.1-7_all.deb			/home/aella/aws-discovery-focal-jammy-retry-20260831/upgrade-discovery/focal-to-jammy/runtime/deb-cache/3a/35/3a3535a1a7e2202edbf520ebe34aabc267c672187d8cb0302f3cd183b357ec1c	85064	cdb35fba639616a23090ff90d903992a6c4ba109abfed3dd42c9095ead1ef9ae		0	apt_archives
focal-to-jammy	deb	git_2.34.1-1ubuntu1.17_amd64.deb			/home/aella/aws-discovery-focal-jammy-retry-20260831/upgrade-discovery/focal-to-jammy/runtime/deb-cache/3b/fe/3bfe854c0c5c3134d3de8376c2fbf661f94f03d87f5a9eea241d2994f4d46752	3173622	8794fcf2c4606c445df0db3dc963c8fb852772208bfb12727a12717c03767af7		0	apt_archives
focal-to-jammy	deb	libx11-data_1.7.5-1ubuntu0.3_all.deb			/home/aella/aws-discovery-focal-jammy-retry-20260831/upgrade-discovery/focal-to-jammy/runtime/deb-cache/3d/0a/3d0adedc407518917a695a6ae5935a5c9284273b4cba4973298399ff93f0dcbc	119766	d2510de2e1aee7c2bcb149c1d8fac53f73efcf33f08664f563612fc16d16d4d9		0	apt_archives
focal-to-jammy	deb	conntrack_1.4.6-2build2_amd64.deb			/home/aella/aws-discovery-focal-jammy-retry-20260831/upgrade-discovery/focal-to-jammy/runtime/deb-cache/3d/2c/3d2c3c65b1051b5b7d1c08dc3f5f3de5a9bffc3cd5116b701455529c4331070c	33512	5a1cde0f56b3e5ccbf10b54cfec180abde8221a64eb703e2338241655d6cfe4a		0	apt_archives
focal-to-jammy	deb	libaudit1_3.0.7-1build1_amd64.deb			/home/aella/aws-discovery-focal-jammy-retry-20260831/upgrade-discovery/focal-to-jammy/runtime/deb-cache/3d/74/3d74148208e9ffbb0dbdb9971a62d0e142489a0dbc79616d89103e611d71143e	46920	36710fbc49150a13f14f1f9c2c8288ee840cf9425f8a609c22fefa6b64eb51c1		0	apt_archives
focal-to-jammy	deb	linux-aws-6.8-headers-6.8.0-1063_6.8.0-1063.66%7e22.04.1_all.deb			/home/aella/aws-discovery-focal-jammy-retry-20260831/upgrade-discovery/focal-to-jammy/runtime/deb-cache/3e/f5/3ef5a8e4d4c5bd55002d1081a532fb6b815eb74c051fd3015cffb0fd61be91e5	13591334	15106324f3687d431e894ead60d21b28e6f82ac535e15b693217f8b251650428		0	apt_archives
focal-to-jammy	deb	python3-lib2to3_3.10.8-1%7e22.04_all.deb			/home/aella/aws-discovery-focal-jammy-retry-20260831/upgrade-discovery/focal-to-jammy/runtime/deb-cache/3f/8a/3f8a17f02bedef75eaf046a938da0c0a24b35de7fc869ad33b14c9a1a1ceb355	77598	7bd212e61e8bb7fabf4768629e5dc97e6f8a7f98cc9335b5a3ce8c11cb633248		0	apt_archives
focal-to-jammy	deb	file_5.41-3ubuntu0.1_amd64.deb			/home/aella/aws-discovery-focal-jammy-retry-20260831/upgrade-discovery/focal-to-jammy/runtime/deb-cache/40/0b/400bba28f65e296b75fe61236f3673b5e71a6b21d7447d3bc054a7e02d774e94	21524	b63b48e8b32c6f0fce5ad37d5ec3269cbbdc8feed13170aae1f416a43ebe898b		0	apt_archives
focal-to-jammy	deb	python3-update-manager_22.04.22_all.deb			/home/aella/aws-discovery-focal-jammy-retry-20260831/upgrade-discovery/focal-to-jammy/runtime/deb-cache/40/c2/40c26a7ed2a9b266b2a1a813d36bed9404d68361daa94f42ac5c543547e6e962	39224	a0e02c0cd647a4a2d8a2989f5eeb0067f72e4277abdff84a22e5aaeccd8863cf		0	apt_archives
focal-to-jammy	deb	python3-requests_2.25.1%2bdfsg-2ubuntu0.3_all.deb			/home/aella/aws-discovery-focal-jammy-retry-20260831/upgrade-discovery/focal-to-jammy/runtime/deb-cache/41/85/41854c61e640d5d788d12660641b10398e78a4420ba2b1afa789f476c731f40a	48756	a3ac4965c7ae4f2efbd15d3852273f19fc8923594b15ea117fcfe02f344d3a44		0	apt_archives
focal-to-jammy	deb	ubuntu-pro-client-l10n_37.2ubuntu%7e22.04.1_amd64.deb			/home/aella/aws-discovery-focal-jammy-retry-20260831/upgrade-discovery/focal-to-jammy/runtime/deb-cache/44/5b/445b41d364671a0eaca3aa14a6b1e1a288b797cd5887ec6e76b56dec7c2d2ae2	1384	4115c715ca921af95a450000975ce9fe460918b266ab7007ac230e9c0da7c49f		0	apt_archives
focal-to-jammy	deb	net-tools_1.60%2bgit20181103.0eebece-1ubuntu5.4_amd64.deb			/home/aella/aws-discovery-focal-jammy-retry-20260831/upgrade-discovery/focal-to-jammy/runtime/deb-cache/44/ca/44ca6852333775664e085a73e963dd24ad59df76a21f3c825dd4e4680a520992	204402	c91b28875fad3ee9345cc2f3d6f9b24e19208571f34fae19b4097b92af9aef0c		0	apt_archives
focal-to-jammy	deb	libatomic1_12.3.0-1ubuntu1%7e22.04.3_amd64.deb			/home/aella/aws-discovery-focal-jammy-retry-20260831/upgrade-discovery/focal-to-jammy/runtime/deb-cache/45/38/4538e7a1b12d3aaca27acd178efe4468a3146fd1881df398aa3893986955132e	10470	56573c81b5dd84817882400cfea49fe671f5e6cfdd0f88b5d3a894c08b150462		0	apt_archives
focal-to-jammy	deb	busybox-static_1.30.1-7ubuntu3.1_amd64.deb			/home/aella/aws-discovery-focal-jammy-retry-20260831/upgrade-discovery/focal-to-jammy/runtime/deb-cache/45/eb/45eb391ab6188713fbe20a20a5e4d6c32438f7cb2b6aa2372a0fe24065999e58	1019206	833b81ad44c4e201059e1bbb1dab285d5d0488736db169adfaa677fd953baae6		0	apt_archives
focal-to-jammy	deb	libplymouth5_0.9.5%2bgit20211018-1ubuntu3_amd64.deb			/home/aella/aws-discovery-focal-jammy-retry-20260831/upgrade-discovery/focal-to-jammy/runtime/deb-cache/46/59/4659cf3447b8ef4a9753e655e1ddbf27b9c560b650a34a1b04fdee842788dabb	107978	3fe4f9b2a07c7a88ac93f7a4fc9bbd5892d8c331bf264e9ce9e5ef68849d3738		0	apt_archives
focal-to-jammy	deb	libxau6_1.0.9-1build5_amd64.deb			/home/aella/aws-discovery-focal-jammy-retry-20260831/upgrade-discovery/focal-to-jammy/runtime/deb-cache/47/7f/477fe259d89934d99bec90e692c2539397db27324b90bb6323154ae83b33024f	7634	551fa4101394af894f5f401285eeca9756da94bb31ecb08ed36a549ec580cd10		0	apt_archives
focal-to-jammy	deb	snapd_2.76.3%2bubuntu22.04_amd64.deb			/home/aella/aws-discovery-focal-jammy-retry-20260831/upgrade-discovery/focal-to-jammy/runtime/deb-cache/48/12/48126cdf6610d4298bda0543f0d2969d3fe1bf1662acd0a7f410ca8ce0317122	33867008	4242a2942e5683590917e2ffe17402d6bf67da820af2b5db0e63a3311a56a65f		0	apt_archives
focal-to-jammy	deb	bsdutils_2.37.2-4ubuntu3.5_amd64.deb			/home/aella/aws-discovery-focal-jammy-retry-20260831/upgrade-discovery/focal-to-jammy/runtime/deb-cache/48/2a/482a02c6318aec0db9fa0080a2919e86c51375d1da4db35d11a28eea05ced14a	80736	7344c43e78d7e6a37c0b41b37a9645c3a99a19c13c0be76395ab3828accf62f9		0	apt_archives
focal-to-jammy	deb	libasan5_9.5.0-1ubuntu1%7e22.04.1_amd64.deb			/home/aella/aws-discovery-focal-jammy-retry-20260831/upgrade-discovery/focal-to-jammy/runtime/deb-cache/49/05/49056bc87dfe99596550201cc2190cf02430e5516f730cbfc2208d8adca4c3a8	3140718	7f8c1d5ac87170e79cbaf628afd6962566a9050c4bcf29d6a358a519ff4b68f4		0	apt_archives
focal-to-jammy	deb	dns-root-data_2024071801%7eubuntu0.22.04.1_all.deb			/home/aella/aws-discovery-focal-jammy-retry-20260831/upgrade-discovery/focal-to-jammy/runtime/deb-cache/4a/43/4a4300931c6444f609b3a66e0b65767ddc5e7dc3d285875b9af8af3657995149	6132	4a83aa1be26a82c5160f1edcda6f2f4df74f5e3ea6b1165dc960b3bd16f3a68d		0	apt_archives
focal-to-jammy	deb	modemmanager_1.20.0-1%7eubuntu22.04.4_amd64.deb			/home/aella/aws-discovery-focal-jammy-retry-20260831/upgrade-discovery/focal-to-jammy/runtime/deb-cache/4a/ae/4aaec8db8d7a5d82dd0b099faff8e168fe3452f35e1a4113d14f2eb19be8dd91	1093930	94e7016de7dc8c9d40b96ca4398c2c353ec52af10a8db23b89193bb820bba362		0	apt_archives
focal-to-jammy	deb	grub-legacy-ec2_1ubuntu2_all.deb			/home/aella/aws-discovery-focal-jammy-retry-20260831/upgrade-discovery/focal-to-jammy/runtime/deb-cache/4a/b2/4ab27d1805526680fd4cddd95d6b895e45c5c1100e2d9b65f1537561231fe6e6	20126	fd7c5eead2e00529412762534cb15dcc8d311260ef019800371663763f869d5c		0	apt_archives
focal-to-jammy	deb	cpp-11_11.4.0-1ubuntu1%7e22.04.3_amd64.deb			/home/aella/aws-discovery-focal-jammy-retry-20260831/upgrade-discovery/focal-to-jammy/runtime/deb-cache/4c/26/4c2644dbd9ba2e3918d5939a874e20fd8c7e6b52da814910292919ff42b392fb	10000304	5243177370b810cc40341801a3b8def6cdd7477ac765862f7727a868629947a3		0	apt_archives
focal-to-jammy	deb	python3_3.10.6-1%7e22.04.1_amd64.deb			/home/aella/aws-discovery-focal-jammy-retry-20260831/upgrade-discovery/focal-to-jammy/runtime/deb-cache/4c/b3/4cb36695776480e186e2946e475e78b1bd03f824b16be52ef7e5128062fb534a	22766	43dbcc12d790ed9360be4a1dc690ac0a7464a5e7c3170785886df84811a3f5a5		0	apt_archives
focal-to-jammy	deb	python3-magic_0.4.24-2_all.deb			/home/aella/aws-discovery-focal-jammy-retry-20260831/upgrade-discovery/focal-to-jammy/runtime/deb-cache/4f/61/4f6156167b2af0f12935d289959ed4aa945c6ace8bee30a27535f724bd79f224	12584	c3cfa9c86191b30f3822b781b8e2b45ba7dce1d6f27e6010f3bba6c32ee014f9		0	apt_archives
focal-to-jammy	deb	libdb5.3_5.3.28%2bdfsg1-0.8ubuntu3_amd64.deb			/home/aella/aws-discovery-focal-jammy-retry-20260831/upgrade-discovery/focal-to-jammy/runtime/deb-cache/50/28/5028e1428480c6456761d66d1b4db58b0789cff748bbc5e24f268362e08a5ddb	721906	ce60e446c9cb0e94bb4b4d0fe4f969e772edec250deb186bacf955e4d196548b		0	apt_archives
focal-to-jammy	deb	hdparm_9.60%2bds-1build3_amd64.deb			/home/aella/aws-discovery-focal-jammy-retry-20260831/upgrade-discovery/focal-to-jammy/runtime/deb-cache/51/3d/513d921e363438f3bcad04394ac8f66346de743474d78515d45c3557c1a55de9	98674	97046b06dcf255a2e27e3c4baff217a4c4e48de1b1c234fbf6aabfaa39206489		0	apt_archives
focal-to-jammy	deb	g%2b%2b-11_11.4.0-1ubuntu1%7e22.04.3_amd64.deb			/home/aella/aws-discovery-focal-jammy-retry-20260831/upgrade-discovery/focal-to-jammy/runtime/deb-cache/52/00/5200f2b99ddf60c41158f6d328c43daec7569179b53cd1261448f66be414d5e1	11424396	ddbaa04f056637caa11798750638bf4586c8b273719fd1bee70d0ecb3d872b94		0	apt_archives
focal-to-jammy	deb	libjson-c5_0.15-3%7eubuntu1.22.04.2_amd64.deb			/home/aella/aws-discovery-focal-jammy-retry-20260831/upgrade-discovery/focal-to-jammy/runtime/deb-cache/53/92/53920593c06d81953b4f93f656e9eaffcf0e234e1f21e733e134c8ded01c8e72	33454	5c2e5b01a03b8f185058db3946a8e01ac3750887c0a7f22dc32e49573a0c7529		0	apt_archives
focal-to-jammy	deb	libx11-6_1.7.5-1ubuntu0.3_amd64.deb			/home/aella/aws-discovery-focal-jammy-retry-20260831/upgrade-discovery/focal-to-jammy/runtime/deb-cache/53/fd/53fd3e6082a121942f1759f492e3f787d9156d6224573687e5c9e61c7cffe868	666946	d382a3064ecd7576f24661a6d234adc737b854a9a0ec1d9f42cb4d007e77d547		0	apt_archives
focal-to-jammy	deb	libxmuu1_1.1.3-3_amd64.deb			/home/aella/aws-discovery-focal-jammy-retry-20260831/upgrade-discovery/focal-to-jammy/runtime/deb-cache/54/8f/548f38ea4df32bda1ef63f63d084762785489c607be027931d4b5cfe9e96a2a0	10180	793d194ccbc65c4a11ef9de83aae10e1a381581309f5c9aafd33bdc9f0654dfa		0	apt_archives
focal-to-jammy	deb	dmeventd_1.02.175-2.1ubuntu5_amd64.deb			/home/aella/aws-discovery-focal-jammy-retry-20260831/upgrade-discovery/focal-to-jammy/runtime/deb-cache/55/a6/55a6c9e8951b2addbfb921372306b421f31fa05b49deb5e2331e206c1a998e09	38154	49fe0b73ed07b88522631985f271ee8c22ab8d3d273ea70cfd65d794f0dff73c		0	apt_archives
focal-to-jammy	deb	gawk_5.1.0-1ubuntu0.2_amd64.deb			/home/aella/aws-discovery-focal-jammy-retry-20260831/upgrade-discovery/focal-to-jammy/runtime/deb-cache/5a/1d/5a1dc8cfdd18e8c5650f9cbabb4b13d3d1995442c2d769fd1a3b4136694ab48a	447160	d73a5621d0395f95ef595aba9983d56396165db89ab65997c1a55bf4957798f8		0	apt_archives
focal-to-jammy	deb	pciutils_3.7.0-6_amd64.deb			/home/aella/aws-discovery-focal-jammy-retry-20260831/upgrade-discovery/focal-to-jammy/runtime/deb-cache/5d/76/5d762bb67c0f26fa011f19cba90b9131c38f75521655fa4d1333d5099722f642	63640	830f2957662723860d3ebac949b22867df00d9a4c5ab1c2bf98e10674dc1c756		0	apt_archives
focal-to-jammy	deb	libgudev-1.0-0_237-2build1_amd64.deb			/home/aella/aws-discovery-focal-jammy-retry-20260831/upgrade-discovery/focal-to-jammy/runtime/deb-cache/5f/aa/5faa6111fd31e9261df4949314debaf07c54634fb677c18caf63994687fe65d0	16266	a6683b34922bbf31c93e4903eb796d357ea0909b212a453f2c361c2919f108d8		0	apt_archives
focal-to-jammy	deb	python3-distupgrade_22.04.21_all.deb			/home/aella/aws-discovery-focal-jammy-retry-20260831/upgrade-discovery/focal-to-jammy/runtime/deb-cache/62/5a/625ad713c60f4588f3e6065ca37e27242a7eeedc8db35b6a64720bb279660d5b	106660	9961fc3df671ed95f7d23271f37338f4536f4b50adf3c0bd489bd828dc86fdbe		0	apt_archives
focal-to-jammy	deb	iputils-tracepath_20211215-1ubuntu0.1_amd64.deb			/home/aella/aws-discovery-focal-jammy-retry-20260831/upgrade-discovery/focal-to-jammy/runtime/deb-cache/66/63/6663d9ab5a00d1bb8e29a9c586dbfbf4efd8c1dab7677ea444f74345fc82b628	14172	468f59c881d5cc0714fba5019a12b8e3788e53e9baba21c7b9af4d336c79adbf		0	apt_archives
focal-to-jammy	deb	libstdc%2b%2b-11-dev_11.4.0-1ubuntu1%7e22.04.3_amd64.deb			/home/aella/aws-discovery-focal-jammy-retry-20260831/upgrade-discovery/focal-to-jammy/runtime/deb-cache/67/2c/672c401b09d38c3dba2f5481b9771c45980d4f24c25840c56e979ed0124ade30	2100928	58e0cd2d1f758e75426eaa47a5e7228d1c86180500ed68d162bcbf7b0a1c5dd0		0	apt_archives
focal-to-jammy	deb	libargon2-1_0%7e20171227-0.3_amd64.deb			/home/aella/aws-discovery-focal-jammy-retry-20260831/upgrade-discovery/focal-to-jammy/runtime/deb-cache/69/2a/692a30c855f2f83ffff3b7a707aad6164c20d5104fb02139ec111b9ea9fa4e79	19478	68c42fd9c302eb567622e882c7f6b2aa3fbfdc3aa279993d38d732c71b12509d		0	apt_archives
focal-to-jammy	deb	libpython3.10_3.10.12-1%7e22.04.17_amd64.deb			/home/aella/aws-discovery-focal-jammy-retry-20260831/upgrade-discovery/focal-to-jammy/runtime/deb-cache/6a/3c/6a3ca9a91ae27369e4f6d3a129f28acc457dd911348623a1413fe3e0131c4c6c	1949796	246c2ed853ba8b6afc6a61d78680e579b6a60b70dd0fe160467d48290aed455f		0	apt_archives
focal-to-jammy	deb	ubuntu-release-upgrader-core_22.04.21_all.deb			/home/aella/aws-discovery-focal-jammy-retry-20260831/upgrade-discovery/focal-to-jammy/runtime/deb-cache/6a/5b/6a5bda7be7123dd72b0a881dacbf795052c7aa60c6048808973ff09396ca2b5b	26312	205d6734543ffc56a7ae912ddab125ba758584d510baab22f78ff3e5fcf15e95		0	apt_archives
focal-to-jammy	deb	cryptsetup-run_2.4.3-1ubuntu1.3_all.deb			/home/aella/aws-discovery-focal-jammy-retry-20260831/upgrade-discovery/focal-to-jammy/runtime/deb-cache/6c/c9/6cc9e2381db092ff764064a32725ce45a57ccea04bd9d8de376fd6f241e300f3	6646	fd263a2dc54ac42fde157e8297732c293ff838265ffd1647695594595b98b7c8		0	apt_archives
focal-to-jammy	deb	git-man_2.34.1-1ubuntu1.17_all.deb			/home/aella/aws-discovery-focal-jammy-retry-20260831/upgrade-discovery/focal-to-jammy/runtime/deb-cache/6d/ea/6dea9b59e0068dd9d9c99061efaeb9a770bad2381a5cca133ec4d36ea43d4267	953934	8129d7b87facd50e32f806ad9905dd99435e7b0bb2566d6a33e5b5371c5c36e5		0	apt_archives
focal-to-jammy	deb	libpam-cap_2.44-1ubuntu0.22.04.3_amd64.deb			/home/aella/aws-discovery-focal-jammy-retry-20260831/upgrade-discovery/focal-to-jammy/runtime/deb-cache/6f/ca/6fcac53704d3df1b97db4d02658419134a662f23f326faee76ade98a4c0ec92f	7928	3e8cdd69d1ccfd87c2178444d7a5ca38f473039a06e7754e2c9aeecbe7939549		0	apt_archives
focal-to-jammy	deb	sosreport_4.10.2-0ubuntu0%7e22.04.1_amd64.deb			/home/aella/aws-discovery-focal-jammy-retry-20260831/upgrade-discovery/focal-to-jammy/runtime/deb-cache/70/18/7018845f94a31f16bbe37cff8156d698df9073baed230bed0b9f5ea3c14b2ad9	376820	ae43799f84fb6d9b5ac5c850713e3e2a1f181fe5a2a571f32c53fbc5ed61fea9		0	apt_archives
focal-to-jammy	deb	openssh-sftp-server_8.9p1-3ubuntu0.16_amd64.deb			/home/aella/aws-discovery-focal-jammy-retry-20260831/upgrade-discovery/focal-to-jammy/runtime/deb-cache/72/df/72dfa0387da64aa2f04d2f9b2d435e7810439b525a82e1148d410078e0c96533	38850	0bf1b90f250754c8d7309898b7d9e84b8f7ffb90a581a43a3f8f66fcb158bfb6		0	apt_archives
focal-to-jammy	deb	libpci3_3.7.0-6_amd64.deb			/home/aella/aws-discovery-focal-jammy-retry-20260831/upgrade-discovery/focal-to-jammy/runtime/deb-cache/77/cd/77cde447a21c1aa37aaf94c49036412b0e6cff8d178f17d9bbb7c3dd261b1316	28896	624bea7b5a9073a5bc2dfa5d956571d6127c20400fcfcfca1e47b7448ba5d351		0	apt_archives
focal-to-jammy	deb	libatm1_2.5.1-4build2_amd64.deb			/home/aella/aws-discovery-focal-jammy-retry-20260831/upgrade-discovery/focal-to-jammy/runtime/deb-cache/78/0e/780ea69831d9a270904faaf2eae28d1ff811be436545fba388cbfa967241def4	22768	fdb86dc05a231b7f65864251c0f2f569e2701020ff70217ce7fac6adf70ae840		0	apt_archives
focal-to-jammy	deb	libgcc-11-dev_11.4.0-1ubuntu1%7e22.04.3_amd64.deb			/home/aella/aws-discovery-focal-jammy-retry-20260831/upgrade-discovery/focal-to-jammy/runtime/deb-cache/78/7f/787fd49ae4add43aafbb55eaf96d2e0e77a60df55420d37de19f9944bfdac6e6	2517422	35ed68622daf796ac010f63c73abd8aff851fc6d862038461b053b55dbec93a6		0	apt_archives
focal-to-jammy	deb	login_4.8.1-2ubuntu2.2_amd64.deb			/home/aella/aws-discovery-focal-jammy-retry-20260831/upgrade-discovery/focal-to-jammy/runtime/deb-cache/79/c9/79c99f144decd860ccb8bba15b63916a9fe2af954b30367b9ceae50ff2736fac	187722	dc47f0669e4b701ce1be5f696dda6509e86b253bc9ea0b3035c69fbf7870a4e2		0	apt_archives
focal-to-jammy	deb	libgssapi3-heimdal_7.7.0%2bdfsg-3ubuntu1_amd64.deb			/home/aella/aws-discovery-focal-jammy-retry-20260831/upgrade-discovery/focal-to-jammy/runtime/deb-cache/7a/02/7a0246094f37c871b78c281ee91e7e41feb81fa5eb1c6d24b4f285ac628fc821	106240	25dc1842ab12dea91564261815b1cf8d96585cbc9b2621a3a85f1290a6b7370d		0	apt_archives
focal-to-jammy	deb	libgcc-s1_12.3.0-1ubuntu1%7e22.04.3_amd64.deb			/home/aella/aws-discovery-focal-jammy-retry-20260831/upgrade-discovery/focal-to-jammy/runtime/deb-cache/7b/c8/7bc8b44a965b434e5f189e7c87e6fd3db40fbea920aff8cbfdf58eeea24a2b1c	53896	d383e642d83263147f7b4b69fb92cf1036e5246c6be3accf10b77f986684589a		0	apt_archives
focal-to-jammy	deb	open-vm-tools_12.3.5-3%7eubuntu0.22.04.3_amd64.deb			/home/aella/aws-discovery-focal-jammy-retry-20260831/upgrade-discovery/focal-to-jammy/runtime/deb-cache/80/08/80081c35e3c710e5ac0f9af635b0b5c806d0d12f26d19585c3cbe3e99fc64170	746550	ecc36ae8ccb2024f95cd9002fa9046f75dbd2509594726d9969f5f10e33c5811		0	apt_archives
focal-to-jammy	deb	cpp-9_9.5.0-1ubuntu1%7e22.04.1_amd64.deb			/home/aella/aws-discovery-focal-jammy-retry-20260831/upgrade-discovery/focal-to-jammy/runtime/deb-cache/81/29/81292dd916d078bcb7aa80f5c4db19857bbc06807737c87dfa1c54fe2958c3c4	10562132	c57abb2ee7d1803700c7a4c4c00c07a9edfb1b92150a4e442bd424e9be8a9ebd		0	apt_archives
focal-to-jammy	deb	ca-certificates_20260601%7e22.04.1_all.deb			/home/aella/aws-discovery-focal-jammy-retry-20260831/upgrade-discovery/focal-to-jammy/runtime/deb-cache/82/68/82689427385f893622f8e8bde79d8e2388541e09206df1ebac4f227c363f8ef3	140666	6e8cdcc8c86103acd4fc14649eac62ff2037108389074a7b167567af33c32245		0	apt_archives
focal-to-jammy	deb	ubuntu-core-launcher_2.76.3%2bubuntu22.04_amd64.deb			/home/aella/aws-discovery-focal-jammy-retry-20260831/upgrade-discovery/focal-to-jammy/runtime/deb-cache/84/30/8430931158da1c38ab4bb787015c6a9efd4c7ce10505c194cd535908df0b7cdc	1424	f88240ac6f88514594b83b5c33cbffaffcd8f6c27a2b1b232a8827a80460deba		0	apt_archives
focal-to-jammy	deb	liblxc-common_5.0.0%7egit2209-g5a7b9ce67-0ubuntu1.1_amd64.deb			/home/aella/aws-discovery-focal-jammy-retry-20260831/upgrade-discovery/focal-to-jammy/runtime/deb-cache/84/3a/843a3d4a9153700067256f484fe472ca5b2d3dce8002936c92b36bfca35ef48f	459922	d13a16bc3bc29065acdcbd9d2b5b377d99459000496fba6b4c1a795e47653741		0	apt_archives
focal-to-jammy	deb	libfreetype6_2.11.1%2bdfsg-1ubuntu0.3_amd64.deb			/home/aella/aws-discovery-focal-jammy-retry-20260831/upgrade-discovery/focal-to-jammy/runtime/deb-cache/86/fc/86fcaa5d75299221ca97383d6996d39a75de6e31f607933e570014d76b218880	388176	729f5a3a72069ddcef6a54f6825178667477625574925504594769665897afbc		0	apt_archives
focal-to-jammy	deb	libhcrypto4-heimdal_7.7.0%2bdfsg-3ubuntu1_amd64.deb			/home/aella/aws-discovery-focal-jammy-retry-20260831/upgrade-discovery/focal-to-jammy/runtime/deb-cache/88/13/88135ec131e52fe16fb2dfa9a14baf61ec676c10dbb3195130eae276be790329	98762	b065cfa93230a9814d30de88c4a3ce2abf64aa1dd6a63b70fa0b082e84ccdb33		0	apt_archives
focal-to-jammy	deb	sntp_4.2.8p15%2bdfsg-1ubuntu2_amd64.deb			/home/aella/aws-discovery-focal-jammy-retry-20260831/upgrade-discovery/focal-to-jammy/runtime/deb-cache/8a/55/8a5544929d8bd4e708abded9f3ffd503ab69c9ebbdde5edab4909f36dd0c51a4	67140	39b1ef462730a9b8b734a3e1a2eb3115af206104b43f3f9ee383674729e93e2c		0	apt_archives
focal-to-jammy	deb	libldap-2.5-0_2.5.20%2bdfsg-0ubuntu0.22.04.1_amd64.deb			/home/aella/aws-discovery-focal-jammy-retry-20260831/upgrade-discovery/focal-to-jammy/runtime/deb-cache/8a/58/8a584c23a43266edcfe68c22372a3d2b4482faed52de9aae444fd19337562465	183948	a3ee4ac116a2c50c9ddfe9de91c0781a50704244771474334340cdce02f5cd4f		0	apt_archives
focal-to-jammy	deb	libdrm-common_2.4.113-2%7eubuntu0.22.04.1_all.deb			/home/aella/aws-discovery-focal-jammy-retry-20260831/upgrade-discovery/focal-to-jammy/runtime/deb-cache/8a/9a/8a9abc997b5175358e9063aab705614910ccd867c2d739f550c3142a55687bc6	5450	35a306712d8b15b30c42ecd73ec087813eb01c0b3125dc8f7ca2b5134e133522		0	apt_archives
focal-to-jammy	deb	libseccomp2_2.5.3-2ubuntu3%7e22.04.1_amd64.deb			/home/aella/aws-discovery-focal-jammy-retry-20260831/upgrade-discovery/focal-to-jammy/runtime/deb-cache/8b/e2/8be28472a84ea810fb575a4a7be04b588fe853948438c0493744e43f19c6f18d	47378	25c63fd46d24f518f362c47c429b6918182875b0c58f7e2742aaa2d1e545bbac		0	apt_archives
focal-to-jammy	deb	vim-common_8.2.3995-1ubuntu2.36_all.deb			/home/aella/aws-discovery-focal-jammy-retry-20260831/upgrade-discovery/focal-to-jammy/runtime/deb-cache/8c/30/8c30a78918fa64164487c0e3cbefce7335374d99531fe98b3d24a74af31d814b	81488	fff81fb2030c1fba344e38e4bc1869e02aa7c722f643f1c81306ce735adac473		0	apt_archives
focal-to-jammy	deb	python3.10-minimal_3.10.12-1%7e22.04.17_amd64.deb			/home/aella/aws-discovery-focal-jammy-retry-20260831/upgrade-discovery/focal-to-jammy/runtime/deb-cache/8e/67/8e67ffd06009113e824b524d9677b52b5b6834e948020c284622c2c890ba288d	2278912	2051df9dfbcfcac24e62a181dadc7339c85de51600781ca72e306ad2d2fbfcd1		0	apt_archives
focal-to-jammy	deb	gcc-10-base_10.5.0-1ubuntu1%7e22.04.3_amd64.deb			/home/aella/aws-discovery-focal-jammy-retry-20260831/upgrade-discovery/focal-to-jammy/runtime/deb-cache/8f/0f/8f0f1b6ae98271e11a8ca332bcacb78fd9a76e8a4a63e133bba7f3a81efb678c	212984	b0958b61982af7fd2913dd225efec982efb4512ae1691398d70c38d1fc0c8642		0	apt_archives
focal-to-jammy	deb	libubsan1_12.3.0-1ubuntu1%7e22.04.3_amd64.deb			/home/aella/aws-discovery-focal-jammy-retry-20260831/upgrade-discovery/focal-to-jammy/runtime/deb-cache/8f/3c/8f3cf2e8ecd9909328dd187c807d28e945d0325a4bbb14677392cd8621ebdde2	976076	9e2669c014d5df3c486bf29cd18a6ec3cbed68355c366e32757fdc98d290f593		0	apt_archives
focal-to-jammy	deb	libasn1-8-heimdal_7.7.0%2bdfsg-3ubuntu1_amd64.deb			/home/aella/aws-discovery-focal-jammy-retry-20260831/upgrade-discovery/focal-to-jammy/runtime/deb-cache/90/21/9021c30fa573a7f4badca3e55fcda76ec68bedbf51b3856c22bce3b7c40a5961	200638	e7191a136aa71a7223663620f96a0d721850b6fea6e510cd9e8d91ca324716c8		0	apt_archives
focal-to-jammy	deb	linux-image-aws_6.8.0-1063.66%7e22.04.1_amd64.deb			/home/aella/aws-discovery-focal-jammy-retry-20260831/upgrade-discovery/focal-to-jammy/runtime/deb-cache/90/42/90429523ab9eafe88e2f734507a7ccdb08193f06b7cc3d9f617716c3be2e2827	2532	46dbf9d2ddf2aff0787afecaa83cd1f5d71a780c0000edc980fa0f6438ec5e81		0	apt_archives
focal-to-jammy	deb	bind9-libs_9.18.39-0ubuntu0.22.04.6_amd64.deb			/home/aella/aws-discovery-focal-jammy-retry-20260831/upgrade-discovery/focal-to-jammy/runtime/deb-cache/90/f0/90f0e5d0eabd90da6ef36bd6c342b1acdeed8f74b3f882826785befd209e2c7c	1264134	93f3cbc91d35d6ae217fb95c7e96da5969a3a3282844bf6df493edc16ba64651		0	apt_archives
focal-to-jammy	deb	dmsetup_1.02.175-2.1ubuntu5_amd64.deb			/home/aella/aws-discovery-focal-jammy-retry-20260831/upgrade-discovery/focal-to-jammy/runtime/deb-cache/91/16/9116287412d06bd668be2a6a204877ed337214f0314c594002476da9ffa3bb0e	81690	b9b57ee0fab65f52cedf18fb5da41e61948549814a97defd1a893029d7aef1c3		0	apt_archives
focal-to-jammy	deb	libargon2-0_0%7e20171227-0.3_amd64.deb			/home/aella/aws-discovery-focal-jammy-retry-20260831/upgrade-discovery/focal-to-jammy/runtime/deb-cache/91/30/91301bcb8261c0a7f05f12953382ca3a9efc5db2957d1ef06e2a566b743e2ac9	4330	3626008d7bd614322c6b17cc54b6e93de0582d75fc295e04d5d1330ff82a1e1b		0	apt_archives
focal-to-jammy	deb	linux-headers-6.8.0-1063-aws_6.8.0-1063.66%7e22.04.1_amd64.deb			/home/aella/aws-discovery-focal-jammy-retry-20260831/upgrade-discovery/focal-to-jammy/runtime/deb-cache/92/22/92220c19e7a3f3605755aee6d1940f755ad9e94bf96469bc7d75a77d901ee966	3584572	f30407862c58cde27d642ee102079f84298dafe8ddacfdb44ed7b5529f237577		0	apt_archives
focal-to-jammy	deb	libmagic-mgc_5.41-3ubuntu0.1_amd64.deb			/home/aella/aws-discovery-focal-jammy-retry-20260831/upgrade-discovery/focal-to-jammy/runtime/deb-cache/92/d1/92d19481a21580f84995dcc0282e014853c96688afa845401e80aebed09dc74e	257310	23fcefb8b9ee73eb74e127fc230330918a8f81e127fa54015f191cfd34726b3c		0	apt_archives
focal-to-jammy	deb	libquadmath0_12.3.0-1ubuntu1%7e22.04.3_amd64.deb			/home/aella/aws-discovery-focal-jammy-retry-20260831/upgrade-discovery/focal-to-jammy/runtime/deb-cache/92/e6/92e65ee8ef021e631d71977fca55cb22a783cd68c26e36e2ce962752728ad954	153976	c4c59e67e76674c8c494ce5e0415b71d770a759b48893c0d3cbabddceeb690b2		0	apt_archives
focal-to-jammy	deb	libntfs-3g89_2021.8.22-3ubuntu1.4_amd64.deb			/home/aella/aws-discovery-focal-jammy-retry-20260831/upgrade-discovery/focal-to-jammy/runtime/deb-cache/96/f9/96f93bbcc98e71ea6bdc03c8c332014b10313569591534c30ca47c3304b82e58	162532	cbb3debf3a9c1aad0c18b476b6f88c6eac949bd9662cdcddf74c0948141834a7		0	apt_archives
focal-to-jammy	deb	libfwupd2_1.7.9-1%7e22.04.3_amd64.deb			/home/aella/aws-discovery-focal-jammy-retry-20260831/upgrade-discovery/focal-to-jammy/runtime/deb-cache/99/4f/994f6392e48abd645c1555eea8ec418f8916afeb12fb8503960df0ed79dbfdaa	105530	0d26a502e4914026d2da6e727f83a978ca73ae030cfc17b1c6834493178ae59d		0	apt_archives
focal-to-jammy	deb	python3.10_3.10.12-1%7e22.04.17_amd64.deb			/home/aella/aws-discovery-focal-jammy-retry-20260831/upgrade-discovery/focal-to-jammy/runtime/deb-cache/9c/21/9c21a9668c7b7c5af34dd868e46e28ca8fc6c9f18954ac078713ea8f1f09af1f	508482	a36b32edcc066333b79d9c71bff79bd11712da6823ab469ff3af0197d9a29bf6		0	apt_archives
focal-to-jammy	deb	libwind0-heimdal_7.7.0%2bdfsg-3ubuntu1_amd64.deb			/home/aella/aws-discovery-focal-jammy-retry-20260831/upgrade-discovery/focal-to-jammy/runtime/deb-cache/9d/59/9d59955e156bbff52f2a400683628052584f30f81db443cb3ca2c5c3fae846af	69074	555a1886aae38c018e6168824a875b7b9b273db6d808682cd178acb4e6fa63c6		0	apt_archives
focal-to-jammy	deb	libfwupdplugin5_1.7.9-1%7e22.04.3_amd64.deb			/home/aella/aws-discovery-focal-jammy-retry-20260831/upgrade-discovery/focal-to-jammy/runtime/deb-cache/a3/ec/a3ec9f8d671a6b00d6ac9b2fb5a4899c55e6b70adcf7e753523069e1cd4011b2	191370	4d9d065389d87fc00f7af09bd09167e5549b9a9428020f796098fbd26ad4353c		0	apt_archives
focal-to-jammy	deb	linux-headers-aws_6.8.0-1063.66%7e22.04.1_amd64.deb			/home/aella/aws-discovery-focal-jammy-retry-20260831/upgrade-discovery/focal-to-jammy/runtime/deb-cache/a5/1f/a51f32fc6e5f41cef1cef7ac495b81a7ddb3a964428053896ffa12babef4f00e	2450	c283b7ad726e6203e998f6f013f5c130777289d0a004b9e545b3584ebbbf6a7f		0	apt_archives
focal-to-jammy	deb	nodejs-doc_12.22.9%7edfsg-1ubuntu3.6_all.deb			/home/aella/aws-discovery-focal-jammy-retry-20260831/upgrade-discovery/focal-to-jammy/runtime/deb-cache/a5/6b/a56b59b87e5eaef104758c53e021ce086b8e5dd279f0d4b37e40c8105c87536c	2411158	c7b32814e006233ce2ab61cbdd8071c97e598ff76d4165a0184ede01c00f7c67		0	apt_archives
focal-to-jammy	deb	libpython3.10-minimal_3.10.12-1%7e22.04.17_amd64.deb			/home/aella/aws-discovery-focal-jammy-retry-20260831/upgrade-discovery/focal-to-jammy/runtime/deb-cache/a5/72/a572acb3d7453ad32e00438bb6c7dc06c00eee0b4f240c420fe6ed2de62930a6	816596	f716baa39c9effa2e5ae40e6385509322e48c6eebc95209f40d5224ed54ee2de		0	apt_archives
focal-to-jammy	deb	javascript-common_11%2bnmu1_all.deb			/home/aella/aws-discovery-focal-jammy-retry-20260831/upgrade-discovery/focal-to-jammy/runtime/deb-cache/a5/7b/a57b0c1be427304d9a5498a8828402feba54582d57334a5077db95026f885188	5936	5e0e49d84d2e6ef1204b0925576305c011d7c70f8d2e2122a1187bced33b36ef		0	apt_archives
focal-to-jammy	deb	openssh-server_8.9p1-3ubuntu0.16_amd64.deb			/home/aella/aws-discovery-focal-jammy-retry-20260831/upgrade-discovery/focal-to-jammy/runtime/deb-cache/a6/e2/a6e229a48bad377397c66f4f1368ad3d17ec7a386ce355d73bb5607331de4f2b	435750	72ae9540fd81b44dbdf70dd7a3b0b8d4859f80f25555074c035b0e058779f7f0		0	apt_archives
focal-to-jammy	deb	squashfs-tools_4.5-3build1_amd64.deb			/home/aella/aws-discovery-focal-jammy-retry-20260831/upgrade-discovery/focal-to-jammy/runtime/deb-cache/a7/3d/a73d69ff06f3591c85657aa243825aee07d10c6478b8b29c4a203e96e918e3f9	158782	96a92cd6f2784d87007b0d057b162df85941a2b42351bbb964ea4d94c72b841e		0	apt_archives
focal-to-jammy	deb	libmm-glib0_1.20.0-1%7eubuntu22.04.4_amd64.deb			/home/aella/aws-discovery-focal-jammy-retry-20260831/upgrade-discovery/focal-to-jammy/runtime/deb-cache/a7/82/a7821770e7cbf965e8edcf4ab549f9e656836bcc90d4f21e947cc7349551ae92	262380	5998341a5eb0e79d00a67d3e931eb4e6633b0f00f79d80a18d6fe39863a8c2ca		0	apt_archives
focal-to-jammy	deb	gcc-9_9.5.0-1ubuntu1%7e22.04.1_amd64.deb			/home/aella/aws-discovery-focal-jammy-retry-20260831/upgrade-discovery/focal-to-jammy/runtime/deb-cache/a8/38/a8386488ec941b26093ba7f7ffd3b9674378fc1b3339ea3f4c4f6d7cce50d206	11256890	0e72c5da58295ea927d555be30a2a381cdc9957a2f3308de02aec38b37710d8f		0	apt_archives
focal-to-jammy	deb	libgmp10_6.2.1%2bdfsg-3ubuntu1_amd64.deb			/home/aella/aws-discovery-focal-jammy-retry-20260831/upgrade-discovery/focal-to-jammy/runtime/deb-cache/a9/6d/a96d1ef1996b67e9a16e42701d914845a2a72206bd6eb0f0a1dcb85bbfc8a256	250148	d199a77e11701d4d620dd4f62e05740e3072dce893856ea3bbaa6ae9fa19fef1		0	apt_archives
focal-to-jammy	deb	vim-tiny_8.2.3995-1ubuntu2.36_amd64.deb			/home/aella/aws-discovery-focal-jammy-retry-20260831/upgrade-discovery/focal-to-jammy/runtime/deb-cache/ab/da/abda1412b8777a376a606a8476af7989bffdcf161e85f8bf1175d8d6eeed5189	706836	6221242092d144b8dd0ce46a6bb4b5c4425bcb37c16b555a2c4a698ef208bbca		0	apt_archives
focal-to-jammy	deb	lsof_4.93.2%2bdfsg-1.1build2_amd64.deb			/home/aella/aws-discovery-focal-jammy-retry-20260831/upgrade-discovery/focal-to-jammy/runtime/deb-cache/ac/10/ac10e32a1379c3938bf86a9399701f2d773e775636a79702c90b4c526a11346e	253466	632d3dc415c75a63002e50a4e07a8bfbe83086b4288f21fe9ee43cb39b3d0f42		0	apt_archives
focal-to-jammy	deb	ubuntu-advantage-tools_37.2ubuntu%7e22.04.1_all.deb			/home/aella/aws-discovery-focal-jammy-retry-20260831/upgrade-discovery/focal-to-jammy/runtime/deb-cache/ad/22/ad229e4d2aaf615ba533346e21f942200b3defeb5f206b2553cf24e8658d67a0	10912	7bfdd8d9c71bf829cb1ba4d8a598d63e1045313df7031dbd537c52a916e2466e		0	apt_archives
focal-to-jammy	deb	gcc-11-base_11.4.0-1ubuntu1%7e22.04.3_amd64.deb			/home/aella/aws-discovery-focal-jammy-retry-20260831/upgrade-discovery/focal-to-jammy/runtime/deb-cache/ad/c1/adc1e7b82abc03feb6e2328418e24365b7b3f66b636183d90f6dbd8d55d59923	215826	a0445a3889fd4441cc3b3a125d6d1589de3d2628ca4e92a352170ed0fea4d18b		0	apt_archives
focal-to-jammy	deb	bind9-dnsutils_9.18.39-0ubuntu0.22.04.6_amd64.deb			/home/aella/aws-discovery-focal-jammy-retry-20260831/upgrade-discovery/focal-to-jammy/runtime/deb-cache/af/be/afbeed8263362710d5dda046e31a089ee07e3bb56ec668781cf603c16a7ed0a8	157982	a9c6f49e1947c88c4dc63c946680bdfd3f3c8f441c311ae0b1778dbfcb78e224		0	apt_archives
focal-to-jammy	deb	apparmor_2.10.95-0ubuntu2.12_amd64.deb			/home/aella/aws-discovery-focal-jammy-retry-20260831/upgrade-discovery/focal-to-jammy/runtime/deb-cache/apparmor_2.10.95-0ubuntu2.12_amd64.deb	450598	fd7c236bd210b4c8e6420fbd9f800292f7dab481c8b32544489ba520bf0d188c		0	apt_archives
focal-to-jammy	deb	apport_2.20.1-0ubuntu2.30+esm7_all.deb			/home/aella/aws-discovery-focal-jammy-retry-20260831/upgrade-discovery/focal-to-jammy/runtime/deb-cache/apport_2.20.1-0ubuntu2.30+esm7_all.deb	122710	4980a8e434d09b17cd0876fa9837e0e9021315458ff4dea850504e6211b72fb8		0	apt_archives
focal-to-jammy	deb	apt-transport-https_1.2.35_amd64.deb			/home/aella/aws-discovery-focal-jammy-retry-20260831/upgrade-discovery/focal-to-jammy/runtime/deb-cache/apt-transport-https_1.2.35_amd64.deb	26626	68f4184d44dac3e5e748959b33e0d2385f18992d8bb4f6373e91a02bfd6739cc		0	apt_archives
focal-to-jammy	deb	apt-utils_1.2.35_amd64.deb			/home/aella/aws-discovery-focal-jammy-retry-20260831/upgrade-discovery/focal-to-jammy/runtime/deb-cache/apt-utils_1.2.35_amd64.deb	196204	b0a0f704641c8cdce837067f886d6e5d6d166364b12ce5ad437e12fcabea8c4a		0	apt_archives
focal-to-jammy	deb	apt_1.2.35_amd64.deb			/home/aella/aws-discovery-focal-jammy-retry-20260831/upgrade-discovery/focal-to-jammy/runtime/deb-cache/apt_1.2.35_amd64.deb	1106944	a458b534d0fda677e2c659ed25fd41fc436afd5136d50b84d7a4a3d8a1fad156		0	apt_archives
focal-to-jammy	deb	python3-gdbm_3.10.8-1%7e22.04_amd64.deb			/home/aella/aws-discovery-focal-jammy-retry-20260831/upgrade-discovery/focal-to-jammy/runtime/deb-cache/b0/9b/b09b903fd759f96a2f3124a2f04cbb315055fbe9580c12cbb678a4bb263127ed	16712	a40b791da0ab7ad2e52ad4d4636f8986879f375425428992bf7acd5eb16f49dd		0	apt_archives
focal-to-jammy	deb	openssh-client_8.9p1-3ubuntu0.16_amd64.deb			/home/aella/aws-discovery-focal-jammy-retry-20260831/upgrade-discovery/focal-to-jammy/runtime/deb-cache/b1/e3/b1e35d6c206f52181b16168eab52f85b03ead6c2eeb7f3ab271072f974135e21	903878	4bbb878ae5b99f7f82c0f52e7d68d6fa9c7427a5a1707efc53e65ff939fea391		0	apt_archives
focal-to-jammy	deb	libzstd1_1.4.8%2bdfsg-3build1_amd64.deb			/home/aella/aws-discovery-focal-jammy-retry-20260831/upgrade-discovery/focal-to-jammy/runtime/deb-cache/b2/2d/b22dd79ec4458d343b29c5bc4b7064d321ff56e54ee057decc659c2457ee32cf	324024	ae7db00ce8b093e50c994518b90203544e063b4bc574836a048bb142b950b2c9		0	apt_archives
focal-to-jammy	deb	cryptsetup-bin_2.4.3-1ubuntu1.3_amd64.deb			/home/aella/aws-discovery-focal-jammy-retry-20260831/upgrade-discovery/focal-to-jammy/runtime/deb-cache/b2/4f/b24f5a560f53e162edb5e8a2358d599ebc35f776118f81d44474d65e19982e39	145296	4bf609a565b7d1b2bc6ca4f8d4349b629f5218111062803e0206654a9e3eb2e3		0	apt_archives
focal-to-jammy	deb	libdevmapper1.02.1_1.02.175-2.1ubuntu5_amd64.deb			/home/aella/aws-discovery-focal-jammy-retry-20260831/upgrade-discovery/focal-to-jammy/runtime/deb-cache/b3/65/b365a0924344f2efe134d37f1e0ba44bfd772eb73e5020ee0807eec00ec832a6	139036	711ff30d90c2a00244eb2fc3d25fc2886b217184dcc8dae44130f44316fe3462		0	apt_archives
focal-to-jammy	deb	vim-runtime_8.2.3995-1ubuntu2.36_all.deb			/home/aella/aws-discovery-focal-jammy-retry-20260831/upgrade-discovery/focal-to-jammy/runtime/deb-cache/b4/88/b488e64f36327fc595bee5d1298384d37c314f3d0e1b2ef324dc028b3ae5cf9a	6823882	1d0ec2c6627ee5ecca6c25ff08d305ea687af8165ec4f46e0247be1ca6e13a98		0	apt_archives
focal-to-jammy	deb	landscape-common_23.02-0ubuntu1%7e22.04.7_amd64.deb			/home/aella/aws-discovery-focal-jammy-retry-20260831/upgrade-discovery/focal-to-jammy/runtime/deb-cache/b5/2c/b52cc83da4d5de9dbe9e19dcb9af4da5e36af44cc0b85a330ff695fc62763d61	88874	7d525fd0ced79111198bc5632193d1c05edafd967329c7224b81137b9fa94e6a		0	apt_archives
focal-to-jammy	deb	liblsan0_12.3.0-1ubuntu1%7e22.04.3_amd64.deb			/home/aella/aws-discovery-focal-jammy-retry-20260831/upgrade-discovery/focal-to-jammy/runtime/deb-cache/b5/99/b5999c0505939b99dc97e6c1f4af396d2cb2ff109d0c924084657a3374b57de9	1068998	c308b0e39678a00b3ad3a9653119af4a29156e2c385111bdbd4890c96d376fa4		0	apt_archives
focal-to-jammy	deb	libpython3.10-stdlib_3.10.12-1%7e22.04.17_amd64.deb			/home/aella/aws-discovery-focal-jammy-retry-20260831/upgrade-discovery/focal-to-jammy/runtime/deb-cache/b5/c2/b5c25532f51be2fdd50617ec42cb043526e5324879e8fcb19d1a8908a9be000c	1850048	34c0a8f1db783c268c3a8d977799794504eb3ea6850d3b5d3f0cb3fc7eb56a41		0	apt_archives
focal-to-jammy	deb	libxdmcp6_1.1.3-0ubuntu5_amd64.deb			/home/aella/aws-discovery-focal-jammy-retry-20260831/upgrade-discovery/focal-to-jammy/runtime/deb-cache/b7/01/b7012d57b9848ed326f835f61d5dc3506fb78f6ee744a37b9c6f8111e0ea0e66	10904	6f6c869dcfc072fa77d24b72ba127bdf15d606bdffbeba4314fb39f4f324363d		0	apt_archives
focal-to-jammy	deb	libheimbase1-heimdal_7.7.0%2bdfsg-3ubuntu1_amd64.deb			/home/aella/aws-discovery-focal-jammy-retry-20260831/upgrade-discovery/focal-to-jammy/runtime/deb-cache/b7/15/b7150fca5a6511a866217d7d297458dc2703587082e85afb5394486f6b5ccb71	31534	2602fd6dcd0421aacc4a52eb79da16cc47b45db806bc4981fe455ca9f1fd751b		0	apt_archives
focal-to-jammy	deb	librtmp1_2.4%2b20151223.gitfa8646d.1-2build4_amd64.deb			/home/aella/aws-discovery-focal-jammy-retry-20260831/upgrade-discovery/focal-to-jammy/runtime/deb-cache/b7/1d/b71dbcca8ab2e243bb422951692609f64affa7858286f2e10c895ba62812241e	58190	c8bdaa1e777d08888914e922f8f76441c26ee36438d3aa59161ecccc2421f77e		0	apt_archives
focal-to-jammy	deb	libsasl2-modules-db_2.1.27%2bdfsg2-3ubuntu1.2_amd64.deb			/home/aella/aws-discovery-focal-jammy-retry-20260831/upgrade-discovery/focal-to-jammy/runtime/deb-cache/b7/46/b746e82337d8ad44e3de68f880c74da23c29b123a8767d4883b9455562c7f989	20476	0e222c26d70c2cfd132c8de035bcf9673067b6cbfea0a7421dced7b6256ae774		0	apt_archives
focal-to-jammy	deb	python3-wcwidth_0.2.5%2bdfsg1-1_all.deb			/home/aella/aws-discovery-focal-jammy-retry-20260831/upgrade-discovery/focal-to-jammy/runtime/deb-cache/b9/55/b95500dd6f883af4e9cb699ed22b9c207ba9668559dfd08b80b13e1b8a9c51b9	21924	d79ecc231e1a1769691c0551ba6efc69dba78ee6f8055cb671d6e913bcda2505		0	apt_archives
focal-to-jammy	deb	base-files_9.4ubuntu4.14_amd64.deb			/home/aella/aws-discovery-focal-jammy-retry-20260831/upgrade-discovery/focal-to-jammy/runtime/deb-cache/base-files_9.4ubuntu4.14_amd64.deb	60898	82f7ad9bc2a9a0f84b2c62d9ebbd30e2ce429fcc51538879dbf88202e3d22221		0	apt_archives
focal-to-jammy	deb	libxpm4_3.5.12-1ubuntu0.22.04.3_amd64.deb			/home/aella/aws-discovery-focal-jammy-retry-20260831/upgrade-discovery/focal-to-jammy/runtime/deb-cache/bd/c7/bdc7114eb2664e9b6c5e36bcc59f0ee8076bf8c68cd06dfcd475184ae7d9b8f5	36526	b264cdad5050a50cdd5c6ff3ba86fb17896ba4dd8e6b8a8b6e7b3978387881a6		0	apt_archives
focal-to-jammy	deb	libroken18-heimdal_7.7.0%2bdfsg-3ubuntu1_amd64.deb			/home/aella/aws-discovery-focal-jammy-retry-20260831/upgrade-discovery/focal-to-jammy/runtime/deb-cache/be/66/be661fcba0f2a863c26f72884885afebdcfb9cdc5059fc98211f029bdfff5773	44676	10dd13274281ae5517b388884f6d187efcce0eb33f9f9a6d0f7269a8cd3ac8ea		0	apt_archives
focal-to-jammy	deb	libkrb5-26-heimdal_7.7.0%2bdfsg-3ubuntu1_amd64.deb			/home/aella/aws-discovery-focal-jammy-retry-20260831/upgrade-discovery/focal-to-jammy/runtime/deb-cache/bf/e8/bfe8f50a4a42cc74206ec17b94213267c331eab6b7ceafc76be565aa91d2d779	229934	d62f831e2078df517cd2955f350448928a73428883a697082035e90a7c6a30d7		0	apt_archives
focal-to-jammy	deb	bind9-host_1%3a9.10.3.dfsg.P4-8ubuntu1.19_amd64.deb			/home/aella/aws-discovery-focal-jammy-retry-20260831/upgrade-discovery/focal-to-jammy/runtime/deb-cache/bind9-host_1%3a9.10.3.dfsg.P4-8ubuntu1.19_amd64.deb	38282	d3ab09aa296dc4b653e9d3168bc77bbb353cf344e620ca3514c7d3bd8c183f5b		0	apt_archives
focal-to-jammy	deb	libnode72_12.22.9%7edfsg-1ubuntu3.6_amd64.deb			/home/aella/aws-discovery-focal-jammy-retry-20260831/upgrade-discovery/focal-to-jammy/runtime/deb-cache/c0/6c/c06c7ae317d372fb33a2528f266546ea28242a55457c5577f9b8b1aad55f4510	10793262	7603e9223a988c7f7e7da64cde3a02cdacf65a9a48097f84d1a93b19e7def215		0	apt_archives
focal-to-jammy	deb	libattr1_2.5.1-1ubuntu0.1_amd64.deb			/home/aella/aws-discovery-focal-jammy-retry-20260831/upgrade-discovery/focal-to-jammy/runtime/deb-cache/c1/af/c1afe6dcd2d8b7aec4c4328981c9a316da2933f4b4b7be2ce269d86b9f4928b4	13024	f2b5a86842c411dde933ac2315570ce529ea930cd848258cfd909ef221f8feb1		0	apt_archives
focal-to-jammy	deb	libgcc-9-dev_9.5.0-1ubuntu1%7e22.04.1_amd64.deb			/home/aella/aws-discovery-focal-jammy-retry-20260831/upgrade-discovery/focal-to-jammy/runtime/deb-cache/c1/d7/c1d7ce4cb5735816c0af6a360e59f8b0e53a84f96a59e3d0f9841378a8134f17	2519924	38cc47385613128a906c6c36249d7253db997f818314f4f61aeb3253191ceccd		0	apt_archives
focal-to-jammy	deb	linux-image-6.8.0-1063-aws_6.8.0-1063.66%7e22.04.1_amd64.deb			/home/aella/aws-discovery-focal-jammy-retry-20260831/upgrade-discovery/focal-to-jammy/runtime/deb-cache/c3/6f/c36fea819fd72d25e09a13bf597d95469c79b9f3108315ac66b91a9ac9498a1b	14795120	7b0391132b69c495ce7593107dc4422fbc70a42b23afc5964a2041e68098ae1c		0	apt_archives
focal-to-jammy	deb	libxext6_1.3.4-1build1_amd64.deb			/home/aella/aws-discovery-focal-jammy-retry-20260831/upgrade-discovery/focal-to-jammy/runtime/deb-cache/c4/75/c475d34be73be2bd847aab971882d9fbf6eae0627a843c4428d3194bcef214c9	31808	875ec849749511dff61c8cc5a775f6f93427b9c3f392fdcec6925f14428e89cd		0	apt_archives
focal-to-jammy	deb	libmagic1_5.41-3ubuntu0.1_amd64.deb			/home/aella/aws-discovery-focal-jammy-retry-20260831/upgrade-discovery/focal-to-jammy/runtime/deb-cache/c5/ac/c5acc7b290edfd2dbfb81e9dad1db184b58cf4ead7f69b02b6e10f797355896b	87242	344d0cc65fea4175ca1ab222c20b5b95fb1357acafea6b016add9988760829d0		0	apt_archives
focal-to-jammy	deb	gcc_11.2.0-1ubuntu1_amd64.deb			/home/aella/aws-discovery-focal-jammy-retry-20260831/upgrade-discovery/focal-to-jammy/runtime/deb-cache/c7/01/c701f0bcdd827683cc35ef05e467a1ef6d59259d512a3fa1d272858076ee8632	5112	be895c1a9611905254f818c41092f147f5f2a566f87f1817b5c36d977020bea7		0	apt_archives
focal-to-jammy	deb	libjcat1_0.2.3-1%7eubuntu0.22.04.1_amd64.deb			/home/aella/aws-discovery-focal-jammy-retry-20260831/upgrade-discovery/focal-to-jammy/runtime/deb-cache/c8/46/c846ecfaaa0c2a0cddc7c6e6ee2d5a00efee9c4ee76486af9e0b4d75b62e6391	35922	c2f6a9af1073ebd3eb061ec25d70fc0e7446c3b4dbe715ed3327ca16580f3878		0	apt_archives
focal-to-jammy	deb	plymouth-theme-ubuntu-text_0.9.5%2bgit20211018-1ubuntu3_amd64.deb			/home/aella/aws-discovery-focal-jammy-retry-20260831/upgrade-discovery/focal-to-jammy/runtime/deb-cache/ca/67/ca678719278737a29804f66c87298d163ef62f2279680b5127f2b06ddb570fb7	10152	b2a47333d5470833e0dcb8e8afaa9bfd1a7ce9b89a2517ed05a1b9ff6140e257		0	apt_archives
focal-to-jammy	deb	gcc-9-base_9.5.0-1ubuntu1%7e22.04.1_amd64.deb			/home/aella/aws-discovery-focal-jammy-retry-20260831/upgrade-discovery/focal-to-jammy/runtime/deb-cache/ca/a6/caa6b168bf2c96df74214aed3c48af9950f431b4728642821864a9ea4ed2eb45	203790	b19cfa77f112c8be0267115b4d7044b119b396aa75f97a0aa376868e1a7031bc		0	apt_archives
focal-to-jammy	deb	libjs-jquery_3.6.0%2bdfsg%2b%7e3.5.13-1_all.deb			/home/aella/aws-discovery-focal-jammy-retry-20260831/upgrade-discovery/focal-to-jammy/runtime/deb-cache/ca/df/cadf994d9da43322bf0c0f01c9cace50ce9c19c2763524526e757d115a8c8362	320998	9b8e6deb6db82bf067badb640e56f5a672e89280dab5525feedc8d11323393ef		0	apt_archives
focal-to-jammy	deb	libjs-highlight.js_9.18.5%2bdfsg1-1_all.deb			/home/aella/aws-discovery-focal-jammy-retry-20260831/upgrade-discovery/focal-to-jammy/runtime/deb-cache/cc/61/cc61711af1556af9458470dfb8614dcdd102436289973864bd92aadee9d5e7a5	367140	74031e755ab8f794f20766335f1a63ac5131c2840db61ebf62afad5274c801e4		0	apt_archives
focal-to-jammy	deb	busybox-initramfs_1.30.1-7ubuntu3.1_amd64.deb			/home/aella/aws-discovery-focal-jammy-retry-20260831/upgrade-discovery/focal-to-jammy/runtime/deb-cache/ce/1e/ce1ea674e07a5e047fce606765e7ac7b8e6cb0d944a6cd7a0766e5a6086835c9	176898	2b891e68e9150b8376af874d12fbd997d07ea30158706dbc0086bd6487ef0d7b		0	apt_archives
focal-to-jammy	deb	containerd_1.2.6-0ubuntu1~16.04.6+esm1_amd64.deb			/home/aella/aws-discovery-focal-jammy-retry-20260831/upgrade-discovery/focal-to-jammy/runtime/deb-cache/containerd_1.2.6-0ubuntu1~16.04.6+esm1_amd64.deb	19754898	14f506f25a15708b6100930c369d8f9db6fbdf016950a7852c0f472af0cf1c2f		0	apt_archives
focal-to-jammy	deb	libpcre3_8.39-13ubuntu0.22.04.1_amd64.deb			/home/aella/aws-discovery-focal-jammy-retry-20260831/upgrade-discovery/focal-to-jammy/runtime/deb-cache/d1/0e/d10e2ee3642f3017313dc188859898546755622832890fb0486ee39bb8945a60	245530	0d1eb051047eb0c637c893f618f45e1d419863bfa3bc821897ee05ad418ba22e		0	apt_archives
focal-to-jammy	deb	ncal_12.1.7%2bnmu3ubuntu2_amd64.deb			/home/aella/aws-discovery-focal-jammy-retry-20260831/upgrade-discovery/focal-to-jammy/runtime/deb-cache/d1/ef/d1ef54a64839e363e98100f6acb7a7d788660810ef9ea45f6d804584ddc58a2a	20220	c61b4b67fc38cd2e7a7127535a378638efc046b7fb3441ba0dcbc4562572b851		0	apt_archives
focal-to-jammy	deb	vim_8.2.3995-1ubuntu2.36_amd64.deb			/home/aella/aws-discovery-focal-jammy-retry-20260831/upgrade-discovery/focal-to-jammy/runtime/deb-cache/d2/04/d204393dd2524fb92fe6e6e5d9b7f5e1f07a8d1e4e0655e81ab35e61365549fc	1732620	967e244e5bbcc0a2064254992354fff7e46c047d6358ca932a4a799658a10612		0	apt_archives
focal-to-jammy	deb	libpython3-stdlib_3.10.6-1%7e22.04.1_amd64.deb			/home/aella/aws-discovery-focal-jammy-retry-20260831/upgrade-discovery/focal-to-jammy/runtime/deb-cache/d4/47/d44792b5c203af1213635ca9c97e5de6a1cfbadff6416e848a0aa2ad0a420655	6812	41b8f285f0a1661ece778a63592dcb556710cce3c559d83114fad245bfdf56ea		0	apt_archives
focal-to-jammy	deb	gcc-12-base_12.3.0-1ubuntu1%7e22.04.3_amd64.deb			/home/aella/aws-discovery-focal-jammy-retry-20260831/upgrade-discovery/focal-to-jammy/runtime/deb-cache/d4/b9/d4b9a2dc6de11b9af113f4554f625c113a769720f4bac0360db768cc1bea51d8	215782	7f9253b7e0976f0526fc21346c73ee006e185a7b2f2f865048ea78a2af55bc8d		0	apt_archives
focal-to-jammy	deb	libstdc%2b%2b-9-dev_9.5.0-1ubuntu1%7e22.04.1_amd64.deb			/home/aella/aws-discovery-focal-jammy-retry-20260831/upgrade-discovery/focal-to-jammy/runtime/deb-cache/d6/59/d6595c00c96a7518b057a4003afe076faf70dd6db69a4dc4fd192631fa758052	1823712	571bad9eb7a33df2e5c96595b6c86242369fa4579963f08297000e98689d1314		0	apt_archives
focal-to-jammy	deb	usbutils_014-1build1_amd64.deb			/home/aella/aws-discovery-focal-jammy-retry-20260831/upgrade-discovery/focal-to-jammy/runtime/deb-cache/d7/e6/d7e62a1fa14708f1643b6d1391f095d37eb754847a771b0850233aa09ca695db	85558	6b8809fb7d070a2d5ada653bff8a812d26b84364c46188e21ffe15f743f3d054		0	apt_archives
focal-to-jammy	deb	ntpdate_4.2.8p15%2bdfsg-1ubuntu2_amd64.deb			/home/aella/aws-discovery-focal-jammy-retry-20260831/upgrade-discovery/focal-to-jammy/runtime/deb-cache/d9/37/d93756997bdbe72efbbe88b604c906ff28164d34a2136a36d5f0b2b5849db8a7	51490	b8efaabbbc9a5c4efe3cd8de5666b5691a5d782aca8f4bbb33c92b3002fca708		0	apt_archives
focal-to-jammy	deb	passwd_4.8.1-2ubuntu2.2_amd64.deb			/home/aella/aws-discovery-focal-jammy-retry-20260831/upgrade-discovery/focal-to-jammy/runtime/deb-cache/d9/5f/d95f03f7b39f0c18aef82692506edd281078afb20af72b18842b33b99248d1a8	767620	825a5756013fbb2217b244b2fd6bef7ed10d037f1d8abd6b25fc9ea1c42a7576		0	apt_archives
focal-to-jammy	deb	libcrypt1_4.4.27-1_amd64.deb			/home/aella/aws-discovery-focal-jammy-retry-20260831/upgrade-discovery/focal-to-jammy/runtime/deb-cache/d9/80/d980fab621e973d8dd933ca7f65c3563d3a570f5acb01096fe3bfdcb7670cf36	82004	3fa566e9f861a08736cbc5a97562d9d6e4f0c00450fbeafcb6d7583423b04a98		0	apt_archives
focal-to-jammy	deb	linux-aws_6.8.0-1063.66%7e22.04.1_amd64.deb			/home/aella/aws-discovery-focal-jammy-retry-20260831/upgrade-discovery/focal-to-jammy/runtime/deb-cache/d9/81/d98158a6db156af0d23f0cc340b95ce878a223ebbae282fda88f97164f34253d	1726	6865857784d5f70d43bd94d66e46da540cbf714fd29add7fe471e9b6a588d0ac		0	apt_archives
focal-to-jammy	deb	zlib1g_1.2.11.dfsg-2ubuntu9.2_amd64.deb			/home/aella/aws-discovery-focal-jammy-retry-20260831/upgrade-discovery/focal-to-jammy/runtime/deb-cache/d9/82/d98245d291ba09731f4d281e28b82982cf260a8d430457ca6c89d4a56becf5c7	58406	9dc17e51a1be2d9ed63b7b84ef0e4e29c5abe6f1bc62cb03e7181483cce8a2f2		0	apt_archives
focal-to-jammy	deb	python3-distutils_3.10.8-1%7e22.04_all.deb			/home/aella/aws-discovery-focal-jammy-retry-20260831/upgrade-discovery/focal-to-jammy/runtime/deb-cache/d9/e5/d9e5071256451da91e845427a33d97c788f1b5e593f9e09d8ec2833268b3237a	138862	b2bada10bef81fa7dc4bde61a1a462f37ca5027805e7c96e58685e9034c6094f		0	apt_archives
focal-to-jammy	deb	ntp_4.2.8p15%2bdfsg-1ubuntu2_amd64.deb			/home/aella/aws-discovery-focal-jammy-retry-20260831/upgrade-discovery/focal-to-jammy/runtime/deb-cache/db/df/dbdfd10ed492aa72dc6eea0a5c43e0f9e81f3e49e1542ff28ec0568f96c67891	720770	ff9cd9c7e5a19bb4412f8be53d5171f00919fa0ea17733762e4e8e26c080f51a		0	apt_archives
focal-to-jammy	deb	iputils-ping_20211215-1ubuntu0.1_amd64.deb			/home/aella/aws-discovery-focal-jammy-retry-20260831/upgrade-discovery/focal-to-jammy/runtime/deb-cache/db/fe/dbfe6667fc23aa50e32574d865803ca5597649dab23f162e1e264d38e8f4a503	43020	5883d183de4fbe0c9021468c6b1922c4bef1a258e60e7da16340e8d1f14d828b		0	apt_archives
focal-to-jammy	deb	diffutils_3.8-0ubuntu2.1_amd64.deb			/home/aella/aws-discovery-focal-jammy-retry-20260831/upgrade-discovery/focal-to-jammy/runtime/deb-cache/df/c8/dfc828af626b2ecb26b65bf49deb2c94da86ad001e41e0bdb9276e12999bb922	172510	6c001ebf928f061051741cf2910dd07c4ff679b730636e2c6541c449a4ea25da		0	apt_archives
focal-to-jammy	deb	distro-info-data_0.28ubuntu0.22_all.deb			/home/aella/aws-discovery-focal-jammy-retry-20260831/upgrade-discovery/focal-to-jammy/runtime/deb-cache/distro-info-data_0.28ubuntu0.22_all.deb	5262	012d67414140cbdd25c65a7f66e8c5107e310b040776b0636771648e561173ea		0	apt_archives
focal-to-jammy	deb	distro-info_0.14ubuntu0.3_amd64.deb			/home/aella/aws-discovery-focal-jammy-retry-20260831/upgrade-discovery/focal-to-jammy/runtime/deb-cache/distro-info_0.14ubuntu0.3_amd64.deb	20188	4fa3ddadf3bc4bc7ae0b4aeda479f3f06059d908c4371cd0339fd26e14539fdc		0	apt_archives
focal-to-jammy	deb	dnsutils_1%3a9.10.3.dfsg.P4-8ubuntu1.19_amd64.deb			/home/aella/aws-discovery-focal-jammy-retry-20260831/upgrade-discovery/focal-to-jammy/runtime/deb-cache/dnsutils_1%3a9.10.3.dfsg.P4-8ubuntu1.19_amd64.deb	88864	e2d66440568dcb73b41f8566a40ad84ded8c3e4c4dee9cebda28cdcda98e0aff		0	apt_archives
focal-to-jammy	deb	docker.io_18.09.7-0ubuntu1~16.04.7_amd64.deb			/home/aella/aws-discovery-focal-jammy-retry-20260831/upgrade-discovery/focal-to-jammy/runtime/deb-cache/docker.io_18.09.7-0ubuntu1~16.04.7_amd64.deb	30485616	c25c5edbfae3a78222e07de9a1301bfa8aa8ce0032806bc1a0125a6c87b08c8a		0	apt_archives
focal-to-jammy	deb	linux-base_4.5ubuntu9%2b22.04.1_all.deb			/home/aella/aws-discovery-focal-jammy-retry-20260831/upgrade-discovery/focal-to-jammy/runtime/deb-cache/e4/6b/e46b0bb0e92fb18c3415093d76161c4d661c9788a00680091d471b5c45d0fd54	19122	f6fc82cd084641bea5b2284ce02175cc359c55640d2e68586abeb541bc601469		0	apt_archives
focal-to-jammy	deb	containerd_2.2.1-0ubuntu1%7e22.04.2_amd64.deb			/home/aella/aws-discovery-focal-jammy-retry-20260831/upgrade-discovery/focal-to-jammy/runtime/deb-cache/e4/c8/e4c85690966dc557fbf4feed338230e89bca2c9eeaa7691bc436196cd2bc70f7	28260218	08e309f0fb8ae6f798dc80e54f10e152c8dad6ee16ca6627805382fbb56cb5f1		0	apt_archives
focal-to-jammy	deb	pci.ids_0.0%7e2022.01.22-1ubuntu0.1_all.deb			/home/aella/aws-discovery-focal-jammy-retry-20260831/upgrade-discovery/focal-to-jammy/runtime/deb-cache/e8/20/e820c5eac307acb51363c5793bfb3fccdca7b69d242ebc28f28c78016365887c	250790	026609ed71363cd6ed13ace2dac0c9813d94be3874c778539a8a64d6d2cc5566		0	apt_archives
focal-to-jammy	deb	runc_1.3.4-0ubuntu1%7e22.04.1_amd64.deb			/home/aella/aws-discovery-focal-jammy-retry-20260831/upgrade-discovery/focal-to-jammy/runtime/deb-cache/e8/d0/e8d0ea362ab52fd41547682288e0fa54a6e2fdcb6dedf7414c5e29ee2f806db9	9568750	1551d41d027969e141805f9687adcba746c332fa64e3c7ceb9261f842a33ff31		0	apt_archives
focal-to-jammy	deb	g%2b%2b-9_9.5.0-1ubuntu1%7e22.04.1_amd64.deb			/home/aella/aws-discovery-focal-jammy-retry-20260831/upgrade-discovery/focal-to-jammy/runtime/deb-cache/ea/2a/ea2a2b7ad2351846e533adb572be0e8aa5cc77b23df7684ebd2fd13b0138cbac	11889038	4b6f0634a2ba234c02d1442cbf8ef515bc6ef97bc40da48bbe43557f270bb270		0	apt_archives
focal-to-jammy	deb	libgomp1_12.3.0-1ubuntu1%7e22.04.3_amd64.deb			/home/aella/aws-discovery-focal-jammy-retry-20260831/upgrade-discovery/focal-to-jammy/runtime/deb-cache/eb/bc/ebbc45930a6632a37c4f451151e7633c978e24c7743f590a770bf71c5d5b56e3	126570	870c27299185a5dd4accad3b15bf82a7409fd7073cccaa8025875307da4d0ce2		0	apt_archives
focal-to-jammy	deb	python3-urllib3_1.26.5-1%7eexp1ubuntu0.7_all.deb			/home/aella/aws-discovery-focal-jammy-retry-20260831/upgrade-discovery/focal-to-jammy/runtime/deb-cache/ec/5e/ec5eab50153af4b59074386577f15e494a9f21db0e41ea1620bbc48544d42d7f	98624	df40cb730d6edc6f91e572cd2da8e6a598d9179310cb5af8100677467fb7b169		0	apt_archives
focal-to-jammy	deb	plymouth_0.9.5%2bgit20211018-1ubuntu3_amd64.deb			/home/aella/aws-discovery-focal-jammy-retry-20260831/upgrade-discovery/focal-to-jammy/runtime/deb-cache/ec/c8/ecc83ac0f18aba235ceeee21347d6e8eace0086d4c9a6209a281d3c57194abe5	133046	8cf74463f6ed1e9321d78eafca7632039da147de7581fa1bcd3e079548be02e5		0	apt_archives
focal-to-jammy	deb	libaudit-common_3.0.7-1build1_all.deb			/home/aella/aws-discovery-focal-jammy-retry-20260831/upgrade-discovery/focal-to-jammy/runtime/deb-cache/ed/8a/ed8a8c359334daf8d180c44a9c1cf032b5da9b7695c981d1d38cff73323201ab	4726	86697036d05c956b5b42339bf61ecf3743f7c6fd4d59a67ab16add9a2cd7802a		0	apt_archives
focal-to-jammy	deb	libcap2-bin_2.44-1ubuntu0.22.04.3_amd64.deb			/home/aella/aws-discovery-focal-jammy-retry-20260831/upgrade-discovery/focal-to-jammy/runtime/deb-cache/ee/7c/ee7c595ab5438d012eeaa295899ffb788492c2d81cafebd6f1e65d651e23860d	26018	206f2bb13e84966c0c2cafb49019889a67056feb467d6deace26ce6eba70bc8c		0	apt_archives
focal-to-jammy	deb	cpio_2.13%2bdfsg-7ubuntu0.1_amd64.deb			/home/aella/aws-discovery-focal-jammy-retry-20260831/upgrade-discovery/focal-to-jammy/runtime/deb-cache/ee/cc/eecc1cf82175cb052d45e9c7c17f162d68598660b44b8332227acf8eedb45928	84528	55913ec0c4a2dbdbedda5a098b95541b712437306a8a04dae5c9aadb20d33e55		0	apt_archives
focal-to-jammy	deb	gcc-11_11.4.0-1ubuntu1%7e22.04.3_amd64.deb			/home/aella/aws-discovery-focal-jammy-retry-20260831/upgrade-discovery/focal-to-jammy/runtime/deb-cache/ee/e6/eee6952ed430c801b88e8b676ee7de578cf4cb09c2808d05dfbff7301b7d997f	20143406	5422307110e695d62a2574c8b765bf38d48b2ed520206e5b7d2b9081a68008f3		0	apt_archives
focal-to-jammy	deb	libusb-0.1-4_0.1.12-32build3_amd64.deb			/home/aella/aws-discovery-focal-jammy-retry-20260831/upgrade-discovery/focal-to-jammy/runtime/deb-cache/f0/02/f002559484f1ce6c3484899fcc14b2d67c1707a587ce879eed95703c1110b165	17724	6fa5afe7de36a3e32bdfbfd0d0ceee0d283d0e5c653ede24d402a2d91c3fb1f0		0	apt_archives
focal-to-jammy	deb	ethtool_5.16-1ubuntu0.2_amd64.deb			/home/aella/aws-discovery-focal-jammy-retry-20260831/upgrade-discovery/focal-to-jammy/runtime/deb-cache/f1/0c/f10c76b8b196ce09e3056a52ac620a70680e6256e69709ce052a5a8be12f2df6	208180	62e2f73f33b1d6271cf8c72f5657be6748d74e454b41848fa8b15173b3df8454		0	apt_archives
focal-to-jammy	deb	update-manager-core_22.04.22_all.deb			/home/aella/aws-discovery-focal-jammy-retry-20260831/upgrade-discovery/focal-to-jammy/runtime/deb-cache/f1/ab/f1ab168ab64231323921edb2984d9535e46c0c5eed04c70d0c159092657333f8	11552	cd90553436902812d6d7a72347f6a49d8c42ebcfc619b1c5e53fde7e5c78b3e9		0	apt_archives
focal-to-jammy	deb	linux-aws-6.8-tools-6.8.0-1063_6.8.0-1063.66%7e22.04.1_amd64.deb			/home/aella/aws-discovery-focal-jammy-retry-20260831/upgrade-discovery/focal-to-jammy/runtime/deb-cache/f1/be/f1bedd4e5f6c831210161b673c32509dd47af7e711b4094af1e52b2f6742b822	3847926	d0571d653bff0e26f5f3cefb5da356dc9263d02bb5a3a9953bdee1422cbef48d		0	apt_archives
focal-to-jammy	deb	linux-modules-6.8.0-1063-aws_6.8.0-1063.66%7e22.04.1_amd64.deb			/home/aella/aws-discovery-focal-jammy-retry-20260831/upgrade-discovery/focal-to-jammy/runtime/deb-cache/f2/ed/f2edbccc8dc8a429c8a6c45b94ba2da14fe9b230d5219337ae0e9c2644d49f72	25427800	4170a8e9b946b6ece34f5fa1dbf9dd1710740a5006260c3786bc8656285babc2		0	apt_archives
focal-to-jammy	deb	ifupdown_0.8.36%2bnmu1ubuntu3.1_amd64.deb			/home/aella/aws-discovery-focal-jammy-retry-20260831/upgrade-discovery/focal-to-jammy/runtime/deb-cache/f5/1a/f51a8936ef21db4a914cd67de6144149c7ca391490ce3ff2d5904c03c8be9e8e	65052	09c156e9dfc76e51780432f3745d27d049aee0e74224f3bcf9b5abb9d93f594d		0	apt_archives
focal-to-jammy	deb	libdns-export1110_9.11.19%2bdfsg-2.1ubuntu3_amd64.deb			/home/aella/aws-discovery-focal-jammy-retry-20260831/upgrade-discovery/focal-to-jammy/runtime/deb-cache/f6/12/f612fbfef4642915e97d21e16360a93a3534838cd957a402a72b34da7b5e826c	827112	3b36c37641f51b909ca5b4efd7fd8d6a709d085b65739e5e32d07249b428e58b		0	apt_archives
focal-to-jammy	deb	libmbim-glib4_1.28.0-1%7eubuntu20.04.2_amd64.deb			/home/aella/aws-discovery-focal-jammy-retry-20260831/upgrade-discovery/focal-to-jammy/runtime/deb-cache/f6/23/f6237d72e3c57a32da068e7e5087cdab76a47838394d72698a3230e6c8e4c91e	191812	79af9cb49160aaa25cef9e5ae3b14d8b3ede56ae8b1dc5875fe6a47c9e4c975c		0	apt_archives
focal-to-jammy	deb	ansible_2.10.7%2bmerged%2bbase%2b2.10.8%2bdfsg-1_all.deb			/home/aella/aws-discovery-focal-jammy-retry-20260831/upgrade-discovery/focal-to-jammy/runtime/deb-cache/f6/58/f65869ec7153d169ba4fbf8d11ab4dcb91c7282d5e48d157b89bb81dce09bfb6	17530700	94b5304e1156d5f76f25cced779b5c9b0a8716c568a8e19ed72570fa22749a84		0	apt_archives
focal-to-jammy	deb	python3-lockfile_0.12.2-2.2_all.deb			/home/aella/aws-discovery-focal-jammy-retry-20260831/upgrade-discovery/focal-to-jammy/runtime/deb-cache/f6/d3/f6d3967927160e3e48f449aa2042ad734f2ba9355b92da026a5fd4b1767c6640	14576	3c858ecd31235d29431d154a98204d22c1b4bc04d7bc7dd48c46f246f59f2896		0	apt_archives
focal-to-jammy	deb	python3-pycryptodome_3.11.0%2bdfsg1-3ubuntu0.1_amd64.deb			/home/aella/aws-discovery-focal-jammy-retry-20260831/upgrade-discovery/focal-to-jammy/runtime/deb-cache/f7/03/f703c5db814db7d1cfec1ce82ab2f124ce48233e16fc50e76143d120fd917e44	1029366	e10ed01e70272d3b02d3209d7b423bfc10ea76f4358f6aed52acc051de4fa348		0	apt_archives
focal-to-jammy	deb	linux-tools-6.8.0-1063-aws_6.8.0-1063.66%7e22.04.1_amd64.deb			/home/aella/aws-discovery-focal-jammy-retry-20260831/upgrade-discovery/focal-to-jammy/runtime/deb-cache/f9/79/f979e8759fa4d748952e484fed9a3e9f03e91450c7b93597bf40e6eb874e2f8f	1798	a38a8d510a452a0a8cbfc6c972f8fb1f24cfba505ecb2d1fafe6b94e3d7a2f21		0	apt_archives
focal-to-jammy	deb	tcl_8.6.11%2b1build2_amd64.deb			/home/aella/aws-discovery-focal-jammy-retry-20260831/upgrade-discovery/focal-to-jammy/runtime/deb-cache/f9/90/f9902bc7ad0a917246452d47045ff31069bda0b15ec5aa7aeac3884da1c86b3e	4678	cd3f0b39d0030021a264867f9b58a12aba9555c8760d904143630790f56634de		0	apt_archives
focal-to-jammy	deb	xauth_1.1-1build2_amd64.deb			/home/aella/aws-discovery-focal-jammy-retry-20260831/upgrade-discovery/focal-to-jammy/runtime/deb-cache/fa/17/fa17b4b9d07d2763ece8e0b8c49ed800584aaa6b04e3a5a6312df515189a8705	27480	c07b2db452dd76a19978c0819dddb167efa8b666249173a884196f71bab2fdd4		0	apt_archives
focal-to-jammy	deb	cryptsetup-initramfs_2.4.3-1ubuntu1.3_all.deb			/home/aella/aws-discovery-focal-jammy-retry-20260831/upgrade-discovery/focal-to-jammy/runtime/deb-cache/fe/16/fe16ddef9dbacae21dcd3b18ae621dee4b364bfa1038e6e53c4635a6f1307df6	25560	cf6c16f6acfd0d3dafccb74e6df154e93a08f45498c9bd2bd8c4117be40512dc		0	apt_archives
focal-to-jammy	deb	nodejs_12.22.9%7edfsg-1ubuntu3.6_amd64.deb			/home/aella/aws-discovery-focal-jammy-retry-20260831/upgrade-discovery/focal-to-jammy/runtime/deb-cache/fe/ea/feea3b3a1dc0b74f252552d892332c6b1613618c6caa1e9b991694d23b2cb642	121784	3c1eb5fb0cf4bd03bdf5bc92b9a5188f0a793de02fe01f78214e66946aca4ff1		0	apt_archives
focal-to-jammy	deb	grub-common_2.02~beta2-36ubuntu3.32_amd64.deb			/home/aella/aws-discovery-focal-jammy-retry-20260831/upgrade-discovery/focal-to-jammy/runtime/deb-cache/grub-common_2.02~beta2-36ubuntu3.32_amd64.deb	1709082	58fef454b698ca4c512c6096a448c14888b96a6b5d514709120d9e51dd42fbd4		0	apt_archives
focal-to-jammy	deb	grub-pc-bin_2.02~beta2-36ubuntu3.32_amd64.deb			/home/aella/aws-discovery-focal-jammy-retry-20260831/upgrade-discovery/focal-to-jammy/runtime/deb-cache/grub-pc-bin_2.02~beta2-36ubuntu3.32_amd64.deb	891794	058b401c41e08784b20afebe5ac45df58a9f64a1bfc3ddaefbd29d23f31a3499		0	apt_archives
focal-to-jammy	deb	grub-pc_2.02~beta2-36ubuntu3.32_amd64.deb			/home/aella/aws-discovery-focal-jammy-retry-20260831/upgrade-discovery/focal-to-jammy/runtime/deb-cache/grub-pc_2.02~beta2-36ubuntu3.32_amd64.deb	197062	b7b16d9fde48e8b807e589a6b0469245484b1619e648b6c43f214466409eafb5		0	apt_archives
focal-to-jammy	deb	grub2-common_2.02~beta2-36ubuntu3.32_amd64.deb			/home/aella/aws-discovery-focal-jammy-retry-20260831/upgrade-discovery/focal-to-jammy/runtime/deb-cache/grub2-common_2.02~beta2-36ubuntu3.32_amd64.deb	512838	6aa0363703c0e8f90b859943377d5eaa21666f916a27c8db5688a1a53d3f4f56		0	apt_archives
focal-to-jammy	deb	libapparmor-perl_2.10.95-0ubuntu2.12_amd64.deb			/home/aella/aws-discovery-focal-jammy-retry-20260831/upgrade-discovery/focal-to-jammy/runtime/deb-cache/libapparmor-perl_2.10.95-0ubuntu2.12_amd64.deb	31608	f11b56e175af11f6c1fc2595da72c96a2b827d98bbd7e9656b9a189913d129ab		0	apt_archives
focal-to-jammy	deb	libapparmor1_2.10.95-0ubuntu2.12_amd64.deb			/home/aella/aws-discovery-focal-jammy-retry-20260831/upgrade-discovery/focal-to-jammy/runtime/deb-cache/libapparmor1_2.10.95-0ubuntu2.12_amd64.deb	29410	d9867c05ba70390eb24ff5eebab3c1ef9b4429df797938b5291f8e9b0327fdfc		0	apt_archives
focal-to-jammy	deb	libapt-inst2.0_1.2.35_amd64.deb			/home/aella/aws-discovery-focal-jammy-retry-20260831/upgrade-discovery/focal-to-jammy/runtime/deb-cache/libapt-inst2.0_1.2.35_amd64.deb	54820	50a6947053ad96970c84fabbea8b045658294f29a674a8ce4708edaa78133520		0	apt_archives
focal-to-jammy	deb	libapt-pkg5.0_1.2.35_amd64.deb			/home/aella/aws-discovery-focal-jammy-retry-20260831/upgrade-discovery/focal-to-jammy/runtime/deb-cache/libapt-pkg5.0_1.2.35_amd64.deb	715106	7218bc48259830ebdd923a97cbca80dbe81276d51ac98bfd5df29aa2039e8025		0	apt_archives
focal-to-jammy	deb	libbind9-140_1%3a9.10.3.dfsg.P4-8ubuntu1.19_amd64.deb			/home/aella/aws-discovery-focal-jammy-retry-20260831/upgrade-discovery/focal-to-jammy/runtime/deb-cache/libbind9-140_1%3a9.10.3.dfsg.P4-8ubuntu1.19_amd64.deb	23640	a20937c872fc468fae0ebe6a4319e5e6ae9b98aa09f3749d2727bbb8af13f0f4		0	apt_archives
focal-to-jammy	deb	libc-bin_2.23-0ubuntu11.3_amd64.deb			/home/aella/aws-discovery-focal-jammy-retry-20260831/upgrade-discovery/focal-to-jammy/runtime/deb-cache/libc-bin_2.23-0ubuntu11.3_amd64.deb	628652	d981726e05393f2c8058e5efd1a15fff14fe319c380c5f43475f13b5a2dc6e38		0	apt_archives
focal-to-jammy	deb	libdns-export162_1%3a9.10.3.dfsg.P4-8ubuntu1.19_amd64.deb			/home/aella/aws-discovery-focal-jammy-retry-20260831/upgrade-discovery/focal-to-jammy/runtime/deb-cache/libdns-export162_1%3a9.10.3.dfsg.P4-8ubuntu1.19_amd64.deb	665254	9c775983f381cebed586a648cf324fdc08612e7232325ff5dd39d8893fad2626		0	apt_archives
focal-to-jammy	deb	libdns162_1%3a9.10.3.dfsg.P4-8ubuntu1.19_amd64.deb			/home/aella/aws-discovery-focal-jammy-retry-20260831/upgrade-discovery/focal-to-jammy/runtime/deb-cache/libdns162_1%3a9.10.3.dfsg.P4-8ubuntu1.19_amd64.deb	872176	e7b5c983ece133eda3707c42113110ff77f7afe273db39455949c427066ada2a		0	apt_archives
focal-to-jammy	deb	libgnutls-openssl27_3.4.10-4ubuntu1.9_amd64.deb			/home/aella/aws-discovery-focal-jammy-retry-20260831/upgrade-discovery/focal-to-jammy/runtime/deb-cache/libgnutls-openssl27_3.4.10-4ubuntu1.9_amd64.deb	21884	382c3aa70c0e74d58e9b998398c5f2833ffd63bcc237cc0aa88db41346d9a31d		0	apt_archives
focal-to-jammy	deb	libgnutls30_3.4.10-4ubuntu1.9_amd64.deb			/home/aella/aws-discovery-focal-jammy-retry-20260831/upgrade-discovery/focal-to-jammy/runtime/deb-cache/libgnutls30_3.4.10-4ubuntu1.9_amd64.deb	548382	bcb30ac02c44f6872d81fdd718375a19af12eeecccc4f18b804c5e1e38368b72		0	apt_archives
focal-to-jammy	deb	libisc-export160_1%3a9.10.3.dfsg.P4-8ubuntu1.19_amd64.deb			/home/aella/aws-discovery-focal-jammy-retry-20260831/upgrade-discovery/focal-to-jammy/runtime/deb-cache/libisc-export160_1%3a9.10.3.dfsg.P4-8ubuntu1.19_amd64.deb	153182	afa11ce24a56e1d1d0b30acd72877b261faf83dd88d94cf6e7f418ca1a85c9fe		0	apt_archives
focal-to-jammy	deb	libisc160_1%3a9.10.3.dfsg.P4-8ubuntu1.19_amd64.deb			/home/aella/aws-discovery-focal-jammy-retry-20260831/upgrade-discovery/focal-to-jammy/runtime/deb-cache/libisc160_1%3a9.10.3.dfsg.P4-8ubuntu1.19_amd64.deb	215184	ae21765f93d53f4ed3bbd5fc835c6a80d7a75481c6010892a0f01ae616c5549b		0	apt_archives
focal-to-jammy	deb	libisccc140_1%3a9.10.3.dfsg.P4-8ubuntu1.19_amd64.deb			/home/aella/aws-discovery-focal-jammy-retry-20260831/upgrade-discovery/focal-to-jammy/runtime/deb-cache/libisccc140_1%3a9.10.3.dfsg.P4-8ubuntu1.19_amd64.deb	16290	ae273ac1fd07fadd94d847c113d99aec4cfcd2c71ba2893907734aad783664a4		0	apt_archives
focal-to-jammy	deb	libisccfg140_1%3a9.10.3.dfsg.P4-8ubuntu1.19_amd64.deb			/home/aella/aws-discovery-focal-jammy-retry-20260831/upgrade-discovery/focal-to-jammy/runtime/deb-cache/libisccfg140_1%3a9.10.3.dfsg.P4-8ubuntu1.19_amd64.deb	40514	6afd8f3559b68e2bbdb5b96d1d0e9a4364d2d23bab0cb50c2030b7191ff336e7		0	apt_archives
focal-to-jammy	deb	libjson-glib-1.0-0_1.1.2-0ubuntu1_amd64.deb			/home/aella/aws-discovery-focal-jammy-retry-20260831/upgrade-discovery/focal-to-jammy/runtime/deb-cache/libjson-glib-1.0-0_1.1.2-0ubuntu1_amd64.deb	60286	2fc34ea9548cb3a63047c71a8fd7ce9eebbef0540cb7ef0ff9c6307c1800b145		0	apt_archives
focal-to-jammy	deb	libjson-glib-1.0-common_1.1.2-0ubuntu1_all.deb			/home/aella/aws-discovery-focal-jammy-retry-20260831/upgrade-discovery/focal-to-jammy/runtime/deb-cache/libjson-glib-1.0-common_1.1.2-0ubuntu1_all.deb	6172	47aa86e541daac5f9d26a8a2837de0af835e0e208b775844c57266912b156dbf		0	apt_archives
focal-to-jammy	deb	liblwres141_1%3a9.10.3.dfsg.P4-8ubuntu1.19_amd64.deb			/home/aella/aws-discovery-focal-jammy-retry-20260831/upgrade-discovery/focal-to-jammy/runtime/deb-cache/liblwres141_1%3a9.10.3.dfsg.P4-8ubuntu1.19_amd64.deb	33874	3c984e4cc190f4a5088c35a8c872ab50f1b06c8377159ec14840fdb1678818e6		0	apt_archives
focal-to-jammy	deb	libssl1.0.0_1.0.2g-1ubuntu4.20_amd64.deb			/home/aella/aws-discovery-focal-jammy-retry-20260831/upgrade-discovery/focal-to-jammy/runtime/deb-cache/libssl1.0.0_1.0.2g-1ubuntu4.20_amd64.deb	1082730	8003f9866297dd0fe77cc771470a06803d1d1b860350ad91dd212e38c36a20d2		0	apt_archives
focal-to-jammy	deb	locales_2.23-0ubuntu11.3_all.deb			/home/aella/aws-discovery-focal-jammy-retry-20260831/upgrade-discovery/focal-to-jammy/runtime/deb-cache/locales_2.23-0ubuntu11.3_all.deb	3196636	a347d902b853c627a18dba36ce14edf75b047170a12ce31588e0e7f7b01b7033		0	apt_archives
focal-to-jammy	deb	motd-news-config_9.4ubuntu4.14_all.deb			/home/aella/aws-discovery-focal-jammy-retry-20260831/upgrade-discovery/focal-to-jammy/runtime/deb-cache/motd-news-config_9.4ubuntu4.14_all.deb	4480	b9b0cc3b64b2e1f3b8fcf390057d3cb3d6e30148482f73d770d723f3ea943406		0	apt_archives
focal-to-jammy	deb	multiarch-support_2.23-0ubuntu11.3_amd64.deb			/home/aella/aws-discovery-focal-jammy-retry-20260831/upgrade-discovery/focal-to-jammy/runtime/deb-cache/multiarch-support_2.23-0ubuntu11.3_amd64.deb	6830	eb1937472e06e892fb80a6b9e5fdc372f0224be357441f38b190502556ee69bb		0	apt_archives
focal-to-jammy	deb	openssl_1.0.2g-1ubuntu4.20_amd64.deb			/home/aella/aws-discovery-focal-jammy-retry-20260831/upgrade-discovery/focal-to-jammy/runtime/deb-cache/openssl_1.0.2g-1ubuntu4.20_amd64.deb	491618	9159c5bd3767cbd85f8573e5791dda3d95875d31f5d7152ea464557175b4ee09		0	apt_archives
focal-to-jammy	deb	python-apt-common_1.1.0~beta1ubuntu0.16.04.12_all.deb			/home/aella/aws-discovery-focal-jammy-retry-20260831/upgrade-discovery/focal-to-jammy/runtime/deb-cache/python-apt-common_1.1.0~beta1ubuntu0.16.04.12_all.deb	16738	430761a0fd84c3046751b3ada6b4e0215d38643a65b7116e850e994febeaf5c9		0	apt_archives
focal-to-jammy	deb	python-flask_0.10.1-2ubuntu0.1_all.deb			/home/aella/aws-discovery-focal-jammy-retry-20260831/upgrade-discovery/focal-to-jammy/runtime/deb-cache/python-flask_0.10.1-2ubuntu0.1_all.deb	52112	3dd392543e8733ec73a3e333251b50ca3a4b868c9bd20eeebbe1dd03aca4bb2e		0	apt_archives
focal-to-jammy	deb	python3-apport_2.20.1-0ubuntu2.30+esm7_all.deb			/home/aella/aws-discovery-focal-jammy-retry-20260831/upgrade-discovery/focal-to-jammy/runtime/deb-cache/python3-apport_2.20.1-0ubuntu2.30+esm7_all.deb	81482	df9c53ef0629b73a257028a29e71b90eaf56d51b26b27f80cf3e867ebe2aec72		0	apt_archives
focal-to-jammy	deb	python3-apt_1.1.0~beta1ubuntu0.16.04.12_amd64.deb			/home/aella/aws-discovery-focal-jammy-retry-20260831/upgrade-discovery/focal-to-jammy/runtime/deb-cache/python3-apt_1.1.0~beta1ubuntu0.16.04.12_amd64.deb	144514	855f1cb63fbb341dab9043ce19246752d6878c4f8bed0986b0912328bd9abad3		0	apt_archives
focal-to-jammy	deb	python3-distro-info_0.14ubuntu0.3_all.deb			/home/aella/aws-discovery-focal-jammy-retry-20260831/upgrade-discovery/focal-to-jammy/runtime/deb-cache/python3-distro-info_0.14ubuntu0.3_all.deb	8332	3eb17b7fcbeb693a87a053ada30d27a85a0f674a7ec9fd4892bcd899b326714b		0	apt_archives
focal-to-jammy	deb	python3-problem-report_2.20.1-0ubuntu2.30+esm7_all.deb			/home/aella/aws-discovery-focal-jammy-retry-20260831/upgrade-discovery/focal-to-jammy/runtime/deb-cache/python3-problem-report_2.20.1-0ubuntu2.30+esm7_all.deb	10394	18f12269c6a39a3e0db3bca7e49ae4b2074776dddae5a5a23a72c5d29055db28		0	apt_archives
focal-to-jammy	deb	python3-software-properties_0.96.20.13_all.deb			/home/aella/aws-discovery-focal-jammy-retry-20260831/upgrade-discovery/focal-to-jammy/runtime/deb-cache/python3-software-properties_0.96.20.13_all.deb	20202	e990fa4f4c5f86b8fef048424678b123cb4618234d52081a5eeb8cb7745a7fc2		0	apt_archives
focal-to-jammy	deb	python3-update-manager_1%3a16.04.23_all.deb			/home/aella/aws-discovery-focal-jammy-retry-20260831/upgrade-discovery/focal-to-jammy/runtime/deb-cache/python3-update-manager_1%3a16.04.23_all.deb	33772	5e812ef6f70043acb43d34d54209cef1f6832ed9f5da02d2ef35ea8f799c7e3e		0	apt_archives
focal-to-jammy	deb	runc_1.0.0~rc7+git20190403.029124da-0ubuntu1~16.04.4_amd64.deb			/home/aella/aws-discovery-focal-jammy-retry-20260831/upgrade-discovery/focal-to-jammy/runtime/deb-cache/runc_1.0.0~rc7+git20190403.029124da-0ubuntu1~16.04.4_amd64.deb	1890216	e86f7daecdcd70e6e3b5758415792a1f146a4c4b7a325f4180b4b97d3a8a080d		0	apt_archives
focal-to-jammy	deb	software-properties-common_0.96.20.13_all.deb			/home/aella/aws-discovery-focal-jammy-retry-20260831/upgrade-discovery/focal-to-jammy/runtime/deb-cache/software-properties-common_0.96.20.13_all.deb	9522	5ba2d9d07b39bb7a9d87465dbccb7bc8e00505dd1e67aae1228fb36543edef03		0	apt_archives
focal-to-jammy	deb	sosreport_3.9.1-1ubuntu0.16.04.2_amd64.deb			/home/aella/aws-discovery-focal-jammy-retry-20260831/upgrade-discovery/focal-to-jammy/runtime/deb-cache/sosreport_3.9.1-1ubuntu0.16.04.2_amd64.deb	169896	b911f3eb3b1d97d9865f0ec6be2cc07a73c4394e78df50d0fd9638d38896a76e		0	apt_archives
focal-to-jammy	deb	ubuntu-advantage-desktop-daemon_1.10.ubuntu0.16.04.1~esm1_amd64.deb			/home/aella/aws-discovery-focal-jammy-retry-20260831/upgrade-discovery/focal-to-jammy/runtime/deb-cache/ubuntu-advantage-desktop-daemon_1.10.ubuntu0.16.04.1~esm1_amd64.deb	23370	51e94282cfd5d2b59b08f26c47b276911bbf97a0e4e306cfe05c56188e101ca4		0	apt_archives
focal-to-jammy	deb	ubuntu-advantage-tools_37.1ubuntu0~16.04.1_all.deb			/home/aella/aws-discovery-focal-jammy-retry-20260831/upgrade-discovery/focal-to-jammy/runtime/deb-cache/ubuntu-advantage-tools_37.1ubuntu0~16.04.1_all.deb	11306	db5d796d6528041f7bc5a9650445aadb5a350526697cffb05be2065e9bfd036b		0	apt_archives
focal-to-jammy	deb	ubuntu-pro-client-l10n_37.1ubuntu0~16.04.1_amd64.deb			/home/aella/aws-discovery-focal-jammy-retry-20260831/upgrade-discovery/focal-to-jammy/runtime/deb-cache/ubuntu-pro-client-l10n_37.1ubuntu0~16.04.1_amd64.deb	1522	39b21d55549f40cd6f6011b7adce2f6658282796ce7addbca97b16a0a34aab6b		0	apt_archives
focal-to-jammy	deb	ubuntu-pro-client_37.1ubuntu0~16.04.1_amd64.deb			/home/aella/aws-discovery-focal-jammy-retry-20260831/upgrade-discovery/focal-to-jammy/runtime/deb-cache/ubuntu-pro-client_37.1ubuntu0~16.04.1_amd64.deb	236240	057afc4137b9806e9ddd02f1772f65f634c76e626d8ed21260545da31d22a792		0	apt_archives
focal-to-jammy	deb	update-manager-core_1%3a16.04.23_all.deb			/home/aella/aws-discovery-focal-jammy-retry-20260831/upgrade-discovery/focal-to-jammy/runtime/deb-cache/update-manager-core_1%3a16.04.23_all.deb	5540	973ab92dcb9fc874bd62943859ab35733f9049f47b87c93acfc35e40d5ef6d71		0	apt_archives
focal-to-jammy	deb	update-notifier-common_3.168.22_all.deb			/home/aella/aws-discovery-focal-jammy-retry-20260831/upgrade-discovery/focal-to-jammy/runtime/deb-cache/update-notifier-common_3.168.22_all.deb	168894	4cb6b9ec7a16a508f07b8252e4cc06882b06d11c74cf8c2d34220bb109f917c1		0	apt_archives
focal-to-jammy	deb	libfakeroot_1.28-1ubuntu1_amd64.deb	http://ap-northeast-2.ec2.archive.ubuntu.com/ubuntu/pool/main/f/fakeroot/libfakeroot_1.28-1ubuntu1_amd64.deb	http://ap-northeast-2.ec2.archive.ubuntu.com/ubuntu/pool/main/f/fakeroot/libfakeroot_1.28-1ubuntu1_amd64.deb	/home/aella/aws-discovery-focal-jammy-retry-20260831/upgrade-discovery/focal-to-jammy/runtime/deb-cache/42/7c/427c25211f560b96f6c8acb11596be7172edff23fee09841b5c5ccd584770c13	31506	54083b86b4f74853cb5c0881e1c4273fd2071af507e90f794a56956109067b12		1	proxy_access_log
focal-to-jammy	deb	fakeroot_1.28-1ubuntu1_amd64.deb	http://ap-northeast-2.ec2.archive.ubuntu.com/ubuntu/pool/main/f/fakeroot/fakeroot_1.28-1ubuntu1_amd64.deb	http://ap-northeast-2.ec2.archive.ubuntu.com/ubuntu/pool/main/f/fakeroot/fakeroot_1.28-1ubuntu1_amd64.deb	/home/aella/aws-discovery-focal-jammy-retry-20260831/upgrade-discovery/focal-to-jammy/runtime/deb-cache/49/80/4980d4803af8578aeda9721100b28e7333a3b761fff5bbc667c34cde851fbd26	60358	6a08de63f375566d3d91b181ff01a5fb797a5ecd6720b2c28f11d8e32071933b		1	proxy_access_log
focal-to-jammy	deb	locales_2.35-0ubuntu3.14_all.deb	http://ap-northeast-2.ec2.archive.ubuntu.com/ubuntu/pool/main/g/glibc/locales_2.35-0ubuntu3.14_all.deb	http://ap-northeast-2.ec2.archive.ubuntu.com/ubuntu/pool/main/g/glibc/locales_2.35-0ubuntu3.14_all.deb	/home/aella/aws-discovery-focal-jammy-retry-20260831/upgrade-discovery/focal-to-jammy/runtime/deb-cache/3b/34/3b345385e81cdf9640045c47996c4987c9c0dee5d7655e601455489d202bf0d8	4244882	32ee19615ca91a706a207023a6ca9e8bdf02c6738632d6b5f096f14f2e35a726		1	proxy_access_log
focal-to-jammy	deb	libc-dev-bin_2.35-0ubuntu3.14_amd64.deb	http://ap-northeast-2.ec2.archive.ubuntu.com/ubuntu/pool/main/g/glibc/libc-dev-bin_2.35-0ubuntu3.14_amd64.deb	http://ap-northeast-2.ec2.archive.ubuntu.com/ubuntu/pool/main/g/glibc/libc-dev-bin_2.35-0ubuntu3.14_amd64.deb	/home/aella/aws-discovery-focal-jammy-retry-20260831/upgrade-discovery/focal-to-jammy/runtime/deb-cache/67/44/67443c09e3937bca79e3d41263fd7d6ef336f41a5d86ef053d5019e0283d9da8	20296	5dca393511447d0e26f6a08354612fb24b46df8af04ffdc1148e405a1752470c		1	proxy_access_log
focal-to-jammy	deb	libc6-dev_2.35-0ubuntu3.14_amd64.deb	http://ap-northeast-2.ec2.archive.ubuntu.com/ubuntu/pool/main/g/glibc/libc6-dev_2.35-0ubuntu3.14_amd64.deb	http://ap-northeast-2.ec2.archive.ubuntu.com/ubuntu/pool/main/g/glibc/libc6-dev_2.35-0ubuntu3.14_amd64.deb	/home/aella/aws-discovery-focal-jammy-retry-20260831/upgrade-discovery/focal-to-jammy/runtime/deb-cache/df/dd/dfddbbdf1062a9fb57a05379fbeda3c0e7a13bf44b7531436e846580a4236e4c	2100016	49583c0ebf761a2ade6d024949e8b1d70746653cce781e3a4eb68b4dd7ced540		1	proxy_access_log
focal-to-jammy	deb	rpcsvc-proto_1.4.2-0ubuntu6_amd64.deb	http://ap-northeast-2.ec2.archive.ubuntu.com/ubuntu/pool/main/r/rpcsvc-proto/rpcsvc-proto_1.4.2-0ubuntu6_amd64.deb	http://ap-northeast-2.ec2.archive.ubuntu.com/ubuntu/pool/main/r/rpcsvc-proto/rpcsvc-proto_1.4.2-0ubuntu6_amd64.deb	/home/aella/aws-discovery-focal-jammy-retry-20260831/upgrade-discovery/focal-to-jammy/runtime/deb-cache/de/43/de43c9332c9be71c70516a639a365d1eb45b79735d536e4fb2874728a4251309	68494	447c6d8f7624a3d728a12232440d3f10e6e53bbf60cc202b7beb8a3bc9f7acc9		1	proxy_access_log
focal-to-jammy	deb	libtirpc-common_1.3.2-2ubuntu0.1_all.deb	http://ap-northeast-2.ec2.archive.ubuntu.com/ubuntu/pool/main/libt/libtirpc/libtirpc-common_1.3.2-2ubuntu0.1_all.deb	http://ap-northeast-2.ec2.archive.ubuntu.com/ubuntu/pool/main/libt/libtirpc/libtirpc-common_1.3.2-2ubuntu0.1_all.deb	/home/aella/aws-discovery-focal-jammy-retry-20260831/upgrade-discovery/focal-to-jammy/runtime/deb-cache/d9/2a/d92aa269e064694d673435fa27b04ada13650c0f6cc75edcebcd680e8e221510	7766	cd7b220447999402e87d75f7cedcfad159a2e5d4236927a414d77f2932219bee		1	proxy_access_log
focal-to-jammy	deb	libtirpc3_1.3.2-2ubuntu0.1_amd64.deb	http://ap-northeast-2.ec2.archive.ubuntu.com/ubuntu/pool/main/libt/libtirpc/libtirpc3_1.3.2-2ubuntu0.1_amd64.deb	http://ap-northeast-2.ec2.archive.ubuntu.com/ubuntu/pool/main/libt/libtirpc/libtirpc3_1.3.2-2ubuntu0.1_amd64.deb	/home/aella/aws-discovery-focal-jammy-retry-20260831/upgrade-discovery/focal-to-jammy/runtime/deb-cache/2e/54/2e54723a1c8b33629d2ffe12170e32e36a220606b01bfa30c313aaf721542b61	82288	f2f07d1ab8ae8a8a6e893975df0bca8683caec516e7a30e8dadbb87d33aa52c4		1	proxy_access_log
focal-to-jammy	deb	libtirpc-dev_1.3.2-2ubuntu0.1_amd64.deb	http://ap-northeast-2.ec2.archive.ubuntu.com/ubuntu/pool/main/libt/libtirpc/libtirpc-dev_1.3.2-2ubuntu0.1_amd64.deb	http://ap-northeast-2.ec2.archive.ubuntu.com/ubuntu/pool/main/libt/libtirpc/libtirpc-dev_1.3.2-2ubuntu0.1_amd64.deb	/home/aella/aws-discovery-focal-jammy-retry-20260831/upgrade-discovery/focal-to-jammy/runtime/deb-cache/9f/55/9f552c923d756920b931c8e565da7cbf5ed2084c3d3445005cc1ff7c5d0c80e6	192156	f4254aff5a32ef3c9fca06d3f4f2eff71c93b9393cc1ecc718f7478a5d6a83da		1	proxy_access_log
focal-to-jammy	deb	diffutils_3.8-0ubuntu2.1_amd64.deb	http://security.ubuntu.com/ubuntu/pool/main/d/diffutils/diffutils_3.8-0ubuntu2.1_amd64.deb	http://security.ubuntu.com/ubuntu/pool/main/d/diffutils/diffutils_3.8-0ubuntu2.1_amd64.deb	/home/aella/aws-discovery-focal-jammy-retry-20260831/upgrade-discovery/focal-to-jammy/runtime/deb-cache/df/c8/dfc828af626b2ecb26b65bf49deb2c94da86ad001e41e0bdb9276e12999bb922	172510	6c001ebf928f061051741cf2910dd07c4ff679b730636e2c6541c449a4ea25da		1	proxy_access_log
focal-to-jammy	deb	libnsl2_1.3.0-2build2_amd64.deb	http://ap-northeast-2.ec2.archive.ubuntu.com/ubuntu/pool/main/libn/libnsl/libnsl2_1.3.0-2build2_amd64.deb	http://ap-northeast-2.ec2.archive.ubuntu.com/ubuntu/pool/main/libn/libnsl/libnsl2_1.3.0-2build2_amd64.deb	/home/aella/aws-discovery-focal-jammy-retry-20260831/upgrade-discovery/focal-to-jammy/runtime/deb-cache/4e/46/4e466dee3312fda93feb71aa18343195ef42237e5e61bfb1e67b9cbde24aea46	42340	cfeef478f96ace59617f4f93c2497776b98a33c99bf3602af46844ccf9cba9d3		1	proxy_access_log
focal-to-jammy	deb	libnsl-dev_1.3.0-2build2_amd64.deb	http://ap-northeast-2.ec2.archive.ubuntu.com/ubuntu/pool/main/libn/libnsl/libnsl-dev_1.3.0-2build2_amd64.deb	http://ap-northeast-2.ec2.archive.ubuntu.com/ubuntu/pool/main/libn/libnsl/libnsl-dev_1.3.0-2build2_amd64.deb	/home/aella/aws-discovery-focal-jammy-retry-20260831/upgrade-discovery/focal-to-jammy/runtime/deb-cache/e5/27/e5277a6a72aa768ee75fc678d85e8c30f4e2cdeb34953b00ca8d24c97b812947	71286	e93aa448fe708a4bbfcc40b2a8cab6f5f88896174a301caab2719f734e08a621		1	proxy_access_log
focal-to-jammy	deb	libc6_2.35-0ubuntu3.14_amd64.deb	http://ap-northeast-2.ec2.archive.ubuntu.com/ubuntu/pool/main/g/glibc/libc6_2.35-0ubuntu3.14_amd64.deb	http://ap-northeast-2.ec2.archive.ubuntu.com/ubuntu/pool/main/g/glibc/libc6_2.35-0ubuntu3.14_amd64.deb	/home/aella/aws-discovery-focal-jammy-retry-20260831/upgrade-discovery/focal-to-jammy/runtime/deb-cache/da/01/da0197626b0e4cfd279dc3e9bda0a9d896947f2a3fe80a05297d395a510ec5d9	3233908	4aa2feae34cb6296e133af5c7429756ab5606549cd16a9d26a0060e010214523		1	proxy_access_log
focal-to-jammy	deb	libpam0g_1.4.0-11ubuntu2.8_amd64.deb	http://ap-northeast-2.ec2.archive.ubuntu.com/ubuntu/pool/main/p/pam/libpam0g_1.4.0-11ubuntu2.8_amd64.deb	http://ap-northeast-2.ec2.archive.ubuntu.com/ubuntu/pool/main/p/pam/libpam0g_1.4.0-11ubuntu2.8_amd64.deb	/home/aella/aws-discovery-focal-jammy-retry-20260831/upgrade-discovery/focal-to-jammy/runtime/deb-cache/e2/61/e2616192ec0044825d2757ffeb71f7180be27f01f5cf3688541b23843027ccb3	59840	faaf4b6d1bfb33a7fc4e195448439c202869d67c8de17c4ecd29b7719e0ac4d6		1	proxy_access_log
focal-to-jammy	deb	libattr1_2.5.1-1ubuntu0.1_amd64.deb	http://security.ubuntu.com/ubuntu/pool/main/a/attr/libattr1_2.5.1-1ubuntu0.1_amd64.deb	http://security.ubuntu.com/ubuntu/pool/main/a/attr/libattr1_2.5.1-1ubuntu0.1_amd64.deb	/home/aella/aws-discovery-focal-jammy-retry-20260831/upgrade-discovery/focal-to-jammy/runtime/deb-cache/c1/af/c1afe6dcd2d8b7aec4c4328981c9a316da2933f4b4b7be2ce269d86b9f4928b4	13024	f2b5a86842c411dde933ac2315570ce529ea930cd848258cfd909ef221f8feb1		1	proxy_access_log
focal-to-jammy	deb	libcrypt1_4.4.27-1_amd64.deb	http://ap-northeast-2.ec2.archive.ubuntu.com/ubuntu/pool/main/libx/libxcrypt/libcrypt1_4.4.27-1_amd64.deb	http://ap-northeast-2.ec2.archive.ubuntu.com/ubuntu/pool/main/libx/libxcrypt/libcrypt1_4.4.27-1_amd64.deb	/home/aella/aws-discovery-focal-jammy-retry-20260831/upgrade-discovery/focal-to-jammy/runtime/deb-cache/d9/80/d980fab621e973d8dd933ca7f65c3563d3a570f5acb01096fe3bfdcb7670cf36	82004	3fa566e9f861a08736cbc5a97562d9d6e4f0c00450fbeafcb6d7583423b04a98		1	proxy_access_log
focal-to-jammy	deb	libcrypt-dev_4.4.27-1_amd64.deb	http://ap-northeast-2.ec2.archive.ubuntu.com/ubuntu/pool/main/libx/libxcrypt/libcrypt-dev_4.4.27-1_amd64.deb	http://ap-northeast-2.ec2.archive.ubuntu.com/ubuntu/pool/main/libx/libxcrypt/libcrypt-dev_4.4.27-1_amd64.deb	/home/aella/aws-discovery-focal-jammy-retry-20260831/upgrade-discovery/focal-to-jammy/runtime/deb-cache/00/d0/00d00b271b23c3408aed180c5918647042cef4dcdea7e8e623268c07f67cb92e	111682	a79be2f6e45823dcc09e04d5e98c88ec88d07d5b8895d05b875a8ade8b345efa		1	proxy_access_log
focal-to-jammy	deb	libc-bin_2.35-0ubuntu3.14_amd64.deb	http://ap-northeast-2.ec2.archive.ubuntu.com/ubuntu/pool/main/g/glibc/libc-bin_2.35-0ubuntu3.14_amd64.deb	http://ap-northeast-2.ec2.archive.ubuntu.com/ubuntu/pool/main/g/glibc/libc-bin_2.35-0ubuntu3.14_amd64.deb	/home/aella/aws-discovery-focal-jammy-retry-20260831/upgrade-discovery/focal-to-jammy/runtime/deb-cache/8f/a4/8fa40153f718ff011339ed3bf4413611994bb8870dce3e1cf50e221d5aac70ab	705774	8adb53e5240dc4c3e6f0d703d75368996b60c0ed5cdcddace83c954978334afd		1	proxy_access_log
focal-to-jammy	deb	rename_1.30-1_all.deb	http://ap-northeast-2.ec2.archive.ubuntu.com/ubuntu/pool/universe/r/rename/rename_1.30-1_all.deb	http://ap-northeast-2.ec2.archive.ubuntu.com/ubuntu/pool/universe/r/rename/rename_1.30-1_all.deb	/home/aella/aws-discovery-focal-jammy-retry-20260831/upgrade-discovery/focal-to-jammy/runtime/deb-cache/a4/f9/a4f9057a01f0dfd804c3d5edf41fe82d3fadc0491723cdd8a0a27c77e1350f02	20218	0ad7b99e5587a691e946052e01c99ab39b8f7aadf3fc49ea759da32cf8c1a7dd		1	proxy_access_log
focal-to-jammy	deb	libalgorithm-diff-xs-perl_0.04-6build3_amd64.deb	http://ap-northeast-2.ec2.archive.ubuntu.com/ubuntu/pool/main/liba/libalgorithm-diff-xs-perl/libalgorithm-diff-xs-perl_0.04-6build3_amd64.deb	http://ap-northeast-2.ec2.archive.ubuntu.com/ubuntu/pool/main/liba/libalgorithm-diff-xs-perl/libalgorithm-diff-xs-perl_0.04-6build3_amd64.deb	/home/aella/aws-discovery-focal-jammy-retry-20260831/upgrade-discovery/focal-to-jammy/runtime/deb-cache/8b/37/8b374fa44f58906a7eba163b5c0d22fa8d52868f5ad37b0feca6fb708619c638	11924	930596903cf7222052ede24c676e728719e0828c1c05cadf6ac31c39d97afd86		1	proxy_access_log
focal-to-jammy	deb	libtext-iconv-perl_1.7-7build3_amd64.deb	http://ap-northeast-2.ec2.archive.ubuntu.com/ubuntu/pool/main/libt/libtext-iconv-perl/libtext-iconv-perl_1.7-7build3_amd64.deb	http://ap-northeast-2.ec2.archive.ubuntu.com/ubuntu/pool/main/libt/libtext-iconv-perl/libtext-iconv-perl_1.7-7build3_amd64.deb	/home/aella/aws-discovery-focal-jammy-retry-20260831/upgrade-discovery/focal-to-jammy/runtime/deb-cache/57/d3/57d33fbc50169b6434f6224c7e0869438994189b9b707836ab5e173daa869fcf	14278	225479fa35c5798fcc438162d4ea08de04e61bca2f351126737c550d220749a9		1	proxy_access_log
focal-to-jammy	deb	libtext-charwidth-perl_0.04-10build3_amd64.deb	http://ap-northeast-2.ec2.archive.ubuntu.com/ubuntu/pool/main/libt/libtext-charwidth-perl/libtext-charwidth-perl_0.04-10build3_amd64.deb	http://ap-northeast-2.ec2.archive.ubuntu.com/ubuntu/pool/main/libt/libtext-charwidth-perl/libtext-charwidth-perl_0.04-10build3_amd64.deb	/home/aella/aws-discovery-focal-jammy-retry-20260831/upgrade-discovery/focal-to-jammy/runtime/deb-cache/a9/74/a9745853dcf614525b1b503f38def3460efa334e2718548bf0153c517336a53e	10158	70ac17323cab837fd563358cf88f2035e0de3adf316299b28a59b43c545abe9e		1	proxy_access_log
focal-to-jammy	deb	perl-modules-5.34_5.34.0-3ubuntu1.8_all.deb	http://ap-northeast-2.ec2.archive.ubuntu.com/ubuntu/pool/main/p/perl/perl-modules-5.34_5.34.0-3ubuntu1.8_all.deb	http://ap-northeast-2.ec2.archive.ubuntu.com/ubuntu/pool/main/p/perl/perl-modules-5.34_5.34.0-3ubuntu1.8_all.deb	/home/aella/aws-discovery-focal-jammy-retry-20260831/upgrade-discovery/focal-to-jammy/runtime/deb-cache/5f/86/5f86713e69ad4edf485cc6aa44e6ce19c78baaba6ced2ffced8812688cce56c5	2976758	3ddd00ec803f25f0d2523001bf4830c0e3f42f6b7e42d51bd5b9896e30c01d59		1	proxy_access_log
focal-to-jammy	deb	libperl5.34_5.34.0-3ubuntu1.8_amd64.deb	http://ap-northeast-2.ec2.archive.ubuntu.com/ubuntu/pool/main/p/perl/libperl5.34_5.34.0-3ubuntu1.8_amd64.deb	http://ap-northeast-2.ec2.archive.ubuntu.com/ubuntu/pool/main/p/perl/libperl5.34_5.34.0-3ubuntu1.8_amd64.deb	/home/aella/aws-discovery-focal-jammy-retry-20260831/upgrade-discovery/focal-to-jammy/runtime/deb-cache/e2/3f/e23fe933d8837d5bd3b1df53d30c9a2c2f3f3918c0d25e8a68c132d59e64b7a8	4797554	a44737b2173026b71e00d799e16c3112b40129e77dff94e9c2a5883c2f5b5fce		1	proxy_access_log
focal-to-jammy	deb	perl_5.34.0-3ubuntu1.8_amd64.deb	http://ap-northeast-2.ec2.archive.ubuntu.com/ubuntu/pool/main/p/perl/perl_5.34.0-3ubuntu1.8_amd64.deb	http://ap-northeast-2.ec2.archive.ubuntu.com/ubuntu/pool/main/p/perl/perl_5.34.0-3ubuntu1.8_amd64.deb	/home/aella/aws-discovery-focal-jammy-retry-20260831/upgrade-discovery/focal-to-jammy/runtime/deb-cache/b4/6b/b46b4e0572c2b72fb6b6759d5bb08d46ca9cda3a6de31a99c982c0058c1c1117	231698	61e46875e0855d6f6be6fae563d2377b8e0ee813bc70cf1131f92da9729c8f43		1	proxy_access_log
focal-to-jammy	deb	perl-base_5.34.0-3ubuntu1.8_amd64.deb	http://ap-northeast-2.ec2.archive.ubuntu.com/ubuntu/pool/main/p/perl/perl-base_5.34.0-3ubuntu1.8_amd64.deb	http://ap-northeast-2.ec2.archive.ubuntu.com/ubuntu/pool/main/p/perl/perl-base_5.34.0-3ubuntu1.8_amd64.deb	/home/aella/aws-discovery-focal-jammy-retry-20260831/upgrade-discovery/focal-to-jammy/runtime/deb-cache/e9/b7/e9b70c32cbdc6c84087177a6131cf15ea508e2d9ddad8c12b3e39968f9007c63	1762282	a01811f5099d39db055fb16218d1630ad70e36b6dfb11e6770d0fd406016d68c		1	proxy_access_log
focal-to-jammy	deb	liblocale-gettext-perl_1.07-4build3_amd64.deb	http://ap-northeast-2.ec2.archive.ubuntu.com/ubuntu/pool/main/libl/liblocale-gettext-perl/liblocale-gettext-perl_1.07-4build3_amd64.deb	http://ap-northeast-2.ec2.archive.ubuntu.com/ubuntu/pool/main/libl/liblocale-gettext-perl/liblocale-gettext-perl_1.07-4build3_amd64.deb	/home/aella/aws-discovery-focal-jammy-retry-20260831/upgrade-discovery/focal-to-jammy/runtime/deb-cache/3d/e9/3de9cc6eaeff70af3392c10b128b78ae7eb8090a093389076a842c208e53a8c9	17100	facee06c79d57f85c39bb26ccf4993746ff63acc4d8dbff14ac07331bb7a79d8		1	proxy_access_log
focal-to-jammy	deb	libfile-fcntllock-perl_0.22-3build7_amd64.deb	http://ap-northeast-2.ec2.archive.ubuntu.com/ubuntu/pool/main/libf/libfile-fcntllock-perl/libfile-fcntllock-perl_0.22-3build7_amd64.deb	http://ap-northeast-2.ec2.archive.ubuntu.com/ubuntu/pool/main/libf/libfile-fcntllock-perl/libfile-fcntllock-perl_0.22-3build7_amd64.deb	/home/aella/aws-discovery-focal-jammy-retry-20260831/upgrade-discovery/focal-to-jammy/runtime/deb-cache/f3/f5/f3f582296ec16bee44ee36806d1ddabd032f790e6b4cc47420b8acf5001cbb19	33860	73fb9965828a227432ee9b34c790085b112a9066955c8e62359b4df1037a3166		1	proxy_access_log
focal-to-jammy	deb	bzip2_1.0.8-5ubuntu0.1_amd64.deb	http://ap-northeast-2.ec2.archive.ubuntu.com/ubuntu/pool/main/b/bzip2/bzip2_1.0.8-5ubuntu0.1_amd64.deb	http://ap-northeast-2.ec2.archive.ubuntu.com/ubuntu/pool/main/b/bzip2/bzip2_1.0.8-5ubuntu0.1_amd64.deb	/home/aella/aws-discovery-focal-jammy-retry-20260831/upgrade-discovery/focal-to-jammy/runtime/deb-cache/ad/06/ad06eaa45029680c13d8233dddd7d1b1aaf189ef8a06031ea36799595e8816cf	34844	de495ecb37e8c64fc28548c81cffb4b79597b4f8ecf50c8511d8eb5a53527e65		1	proxy_access_log
focal-to-jammy	deb	libbz2-1.0_1.0.8-5ubuntu0.1_amd64.deb	http://ap-northeast-2.ec2.archive.ubuntu.com/ubuntu/pool/main/b/bzip2/libbz2-1.0_1.0.8-5ubuntu0.1_amd64.deb	http://ap-northeast-2.ec2.archive.ubuntu.com/ubuntu/pool/main/b/bzip2/libbz2-1.0_1.0.8-5ubuntu0.1_amd64.deb	/home/aella/aws-discovery-focal-jammy-retry-20260831/upgrade-discovery/focal-to-jammy/runtime/deb-cache/d3/bf/d3bf146f9b323faf7e16a25c7b2b20c02c78fe03ea6831c76abc66c296274705	34524	2fd35bb1ac601fa1bf35da2fa08dba3541766ca791927342b5efcb18ef17aecb		1	proxy_access_log
focal-to-jammy	deb	libaudit-common_3.0.7-1build1_all.deb	http://ap-northeast-2.ec2.archive.ubuntu.com/ubuntu/pool/main/a/audit/libaudit-common_3.0.7-1build1_all.deb	http://ap-northeast-2.ec2.archive.ubuntu.com/ubuntu/pool/main/a/audit/libaudit-common_3.0.7-1build1_all.deb	/home/aella/aws-discovery-focal-jammy-retry-20260831/upgrade-discovery/focal-to-jammy/runtime/deb-cache/ed/8a/ed8a8c359334daf8d180c44a9c1cf032b5da9b7695c981d1d38cff73323201ab	4726	86697036d05c956b5b42339bf61ecf3743f7c6fd4d59a67ab16add9a2cd7802a		1	proxy_access_log
focal-to-jammy	deb	libcap-ng0_0.7.9-2.2build3_amd64.deb	http://ap-northeast-2.ec2.archive.ubuntu.com/ubuntu/pool/main/libc/libcap-ng/libcap-ng0_0.7.9-2.2build3_amd64.deb	http://ap-northeast-2.ec2.archive.ubuntu.com/ubuntu/pool/main/libc/libcap-ng/libcap-ng0_0.7.9-2.2build3_amd64.deb	/home/aella/aws-discovery-focal-jammy-retry-20260831/upgrade-discovery/focal-to-jammy/runtime/deb-cache/3b/67/3b670ab3b5cf0a5a047c823d14ad4b7631c6de1ae037f5165685a1800bda9699	11588	124d0c8748a841f279e996298ef8aac69a249e294792f4b5e16dc00496f1d3ac		1	proxy_access_log
focal-to-jammy	deb	libaudit1_3.0.7-1build1_amd64.deb	http://ap-northeast-2.ec2.archive.ubuntu.com/ubuntu/pool/main/a/audit/libaudit1_3.0.7-1build1_amd64.deb	http://ap-northeast-2.ec2.archive.ubuntu.com/ubuntu/pool/main/a/audit/libaudit1_3.0.7-1build1_amd64.deb	/home/aella/aws-discovery-focal-jammy-retry-20260831/upgrade-discovery/focal-to-jammy/runtime/deb-cache/3d/74/3d74148208e9ffbb0dbdb9971a62d0e142489a0dbc79616d89103e611d71143e	46920	36710fbc49150a13f14f1f9c2c8288ee840cf9425f8a609c22fefa6b64eb51c1		1	proxy_access_log
focal-to-jammy	deb	bind9-dnsutils_9.18.39-0ubuntu0.22.04.6_amd64.deb	http://security.ubuntu.com/ubuntu/pool/main/b/bind9/bind9-dnsutils_9.18.39-0ubuntu0.22.04.6_amd64.deb	http://security.ubuntu.com/ubuntu/pool/main/b/bind9/bind9-dnsutils_9.18.39-0ubuntu0.22.04.6_amd64.deb	/home/aella/aws-discovery-focal-jammy-retry-20260831/upgrade-discovery/focal-to-jammy/runtime/deb-cache/af/be/afbeed8263362710d5dda046e31a089ee07e3bb56ec668781cf603c16a7ed0a8	157982	a9c6f49e1947c88c4dc63c946680bdfd3f3c8f441c311ae0b1778dbfcb78e224		1	proxy_access_log
focal-to-jammy	deb	libdb5.3_5.3.28%2bdfsg1-0.8ubuntu3_amd64.deb	http://ap-northeast-2.ec2.archive.ubuntu.com/ubuntu/pool/main/d/db5.3/libdb5.3_5.3.28%2bdfsg1-0.8ubuntu3_amd64.deb	http://ap-northeast-2.ec2.archive.ubuntu.com/ubuntu/pool/main/d/db5.3/libdb5.3_5.3.28%2bdfsg1-0.8ubuntu3_amd64.deb	/home/aella/aws-discovery-focal-jammy-retry-20260831/upgrade-discovery/focal-to-jammy/runtime/deb-cache/50/28/5028e1428480c6456761d66d1b4db58b0789cff748bbc5e24f268362e08a5ddb	721906	ce60e446c9cb0e94bb4b4d0fe4f969e772edec250deb186bacf955e4d196548b		1	proxy_access_log
focal-to-jammy	deb	libgdbm6_1.23-1_amd64.deb	http://ap-northeast-2.ec2.archive.ubuntu.com/ubuntu/pool/main/g/gdbm/libgdbm6_1.23-1_amd64.deb	http://ap-northeast-2.ec2.archive.ubuntu.com/ubuntu/pool/main/g/gdbm/libgdbm6_1.23-1_amd64.deb	/home/aella/aws-discovery-focal-jammy-retry-20260831/upgrade-discovery/focal-to-jammy/runtime/deb-cache/cd/f1/cdf197c85765157a12e7bc92299507092905d1128e3ac03651f3bd316fa83fed	33906	acf9e905a3ecbd4d919938e1cfd4bcd9d861bc794648046a9af1fbbefd0cc495		1	proxy_access_log
focal-to-jammy	deb	libgdbm-compat4_1.23-1_amd64.deb	http://ap-northeast-2.ec2.archive.ubuntu.com/ubuntu/pool/main/g/gdbm/libgdbm-compat4_1.23-1_amd64.deb	http://ap-northeast-2.ec2.archive.ubuntu.com/ubuntu/pool/main/g/gdbm/libgdbm-compat4_1.23-1_amd64.deb	/home/aella/aws-discovery-focal-jammy-retry-20260831/upgrade-discovery/focal-to-jammy/runtime/deb-cache/2d/86/2d8632f2b7105410dbae566f6770a3daaf9acf4af24842163b6977f7e341fd00	6606	58636e2ad6bab216b70f83a114f4e37d1f733fd6eb69e220cb9a4d53c2b5868d		1	proxy_access_log
focal-to-jammy	deb	zlib1g_1.2.11.dfsg-2ubuntu9.2_amd64.deb	http://ap-northeast-2.ec2.archive.ubuntu.com/ubuntu/pool/main/z/zlib/zlib1g_1.2.11.dfsg-2ubuntu9.2_amd64.deb	http://ap-northeast-2.ec2.archive.ubuntu.com/ubuntu/pool/main/z/zlib/zlib1g_1.2.11.dfsg-2ubuntu9.2_amd64.deb	/home/aella/aws-discovery-focal-jammy-retry-20260831/upgrade-discovery/focal-to-jammy/runtime/deb-cache/d9/82/d98245d291ba09731f4d281e28b82982cf260a8d430457ca6c89d4a56becf5c7	58406	9dc17e51a1be2d9ed63b7b84ef0e4e29c5abe6f1bc62cb03e7181483cce8a2f2		1	proxy_access_log
focal-to-jammy	deb	libalgorithm-diff-perl_1.201-1_all.deb	http://ap-northeast-2.ec2.archive.ubuntu.com/ubuntu/pool/main/liba/libalgorithm-diff-perl/libalgorithm-diff-perl_1.201-1_all.deb	http://ap-northeast-2.ec2.archive.ubuntu.com/ubuntu/pool/main/liba/libalgorithm-diff-perl/libalgorithm-diff-perl_1.201-1_all.deb	/home/aella/aws-discovery-focal-jammy-retry-20260831/upgrade-discovery/focal-to-jammy/runtime/deb-cache/1d/79/1d7932d245ff5336959741f4a97c8f8755358550a05c2383bb301aa8a97b6963	41804	2920d81cf0ac368b2fc52b892bb731ce7ce624a2cf51badbd55f801ba75d076f		1	proxy_access_log
focal-to-jammy	deb	debconf-i18n_1.5.79ubuntu1_all.deb	http://ap-northeast-2.ec2.archive.ubuntu.com/ubuntu/pool/main/d/debconf/debconf-i18n_1.5.79ubuntu1_all.deb	http://ap-northeast-2.ec2.archive.ubuntu.com/ubuntu/pool/main/d/debconf/debconf-i18n_1.5.79ubuntu1_all.deb	/home/aella/aws-discovery-focal-jammy-retry-20260831/upgrade-discovery/focal-to-jammy/runtime/deb-cache/04/7e/047e023c805f3af2292ce757246b91d3794605e54d6b90c541e033fba18487aa	216498	83d73aac76f93ec19c5161c614c23b2cd871f169058e5b5d081823290d204d57		1	proxy_access_log
focal-to-jammy	deb	libssl3_3.0.2-0ubuntu1.29_amd64.deb	http://ap-northeast-2.ec2.archive.ubuntu.com/ubuntu/pool/main/o/openssl/libssl3_3.0.2-0ubuntu1.29_amd64.deb	http://ap-northeast-2.ec2.archive.ubuntu.com/ubuntu/pool/main/o/openssl/libssl3_3.0.2-0ubuntu1.29_amd64.deb	/home/aella/aws-discovery-focal-jammy-retry-20260831/upgrade-discovery/focal-to-jammy/runtime/deb-cache/a7/61/a761669dd04379868b7162a1066f56145e6b3179ec8298a304d78206b52cf647	1906444	c12bbf0074c44019bdf4b035b058c24eb904fc772c94707b1df801a4d130e146		1	proxy_access_log
focal-to-jammy	deb	libpython3.10-minimal_3.10.12-1%7e22.04.17_amd64.deb	http://ap-northeast-2.ec2.archive.ubuntu.com/ubuntu/pool/main/p/python3.10/libpython3.10-minimal_3.10.12-1%7e22.04.17_amd64.deb	http://ap-northeast-2.ec2.archive.ubuntu.com/ubuntu/pool/main/p/python3.10/libpython3.10-minimal_3.10.12-1%7e22.04.17_amd64.deb	/home/aella/aws-discovery-focal-jammy-retry-20260831/upgrade-discovery/focal-to-jammy/runtime/deb-cache/a5/72/a572acb3d7453ad32e00438bb6c7dc06c00eee0b4f240c420fe6ed2de62930a6	816596	f716baa39c9effa2e5ae40e6385509322e48c6eebc95209f40d5224ed54ee2de		1	proxy_access_log
focal-to-jammy	deb	libgssapi-krb5-2_1.19.2-2ubuntu0.8_amd64.deb	http://ap-northeast-2.ec2.archive.ubuntu.com/ubuntu/pool/main/k/krb5/libgssapi-krb5-2_1.19.2-2ubuntu0.8_amd64.deb	http://ap-northeast-2.ec2.archive.ubuntu.com/ubuntu/pool/main/k/krb5/libgssapi-krb5-2_1.19.2-2ubuntu0.8_amd64.deb	/home/aella/aws-discovery-focal-jammy-retry-20260831/upgrade-discovery/focal-to-jammy/runtime/deb-cache/6c/d5/6cd58089c8c20c34dd18c261b1443c817f54b10ad676fb59d5ce30fee3b23715	144632	eae58c03ae123a35a36ba627ad7e699407665132219da8686d092e4510189fb2		1	proxy_access_log
focal-to-jammy	deb	libkrb5-3_1.19.2-2ubuntu0.8_amd64.deb	http://ap-northeast-2.ec2.archive.ubuntu.com/ubuntu/pool/main/k/krb5/libkrb5-3_1.19.2-2ubuntu0.8_amd64.deb	http://ap-northeast-2.ec2.archive.ubuntu.com/ubuntu/pool/main/k/krb5/libkrb5-3_1.19.2-2ubuntu0.8_amd64.deb	/home/aella/aws-discovery-focal-jammy-retry-20260831/upgrade-discovery/focal-to-jammy/runtime/deb-cache/9c/ec/9cec5907d4817a18f58e12d3c59e61a938521bc80f055eb0867fa9cbabcecde9	355664	66b4243655dd82e2ca25a76a9b587986b42589e4d39943a44c733b7a6902010c		1	proxy_access_log
focal-to-jammy	deb	libk5crypto3_1.19.2-2ubuntu0.8_amd64.deb	http://ap-northeast-2.ec2.archive.ubuntu.com/ubuntu/pool/main/k/krb5/libk5crypto3_1.19.2-2ubuntu0.8_amd64.deb	http://ap-northeast-2.ec2.archive.ubuntu.com/ubuntu/pool/main/k/krb5/libk5crypto3_1.19.2-2ubuntu0.8_amd64.deb	/home/aella/aws-discovery-focal-jammy-retry-20260831/upgrade-discovery/focal-to-jammy/runtime/deb-cache/a7/17/a71731dd87beebafc3cb7da8b266cdfd20bc236115434760452bd37b55c73fde	86506	b3bc3cfae9aa0627696bc7ab7e14f5fbfb7a7bdb663eb31b5ea8b36d224c64a0		1	proxy_access_log
focal-to-jammy	deb	libkrb5support0_1.19.2-2ubuntu0.8_amd64.deb	http://ap-northeast-2.ec2.archive.ubuntu.com/ubuntu/pool/main/k/krb5/libkrb5support0_1.19.2-2ubuntu0.8_amd64.deb	http://ap-northeast-2.ec2.archive.ubuntu.com/ubuntu/pool/main/k/krb5/libkrb5support0_1.19.2-2ubuntu0.8_amd64.deb	/home/aella/aws-discovery-focal-jammy-retry-20260831/upgrade-discovery/focal-to-jammy/runtime/deb-cache/92/98/9298511cdcd086a558b3d760f57cbdd081cd8ddde41b7f7abfc81811f72f312f	32666	e678de61ab524644aeea7b42499f8143d5ed7019c698070ca84283da70eb3f57		1	proxy_access_log
focal-to-jammy	deb	libcom-err2_1.46.5-2ubuntu1.2_amd64.deb	http://ap-northeast-2.ec2.archive.ubuntu.com/ubuntu/pool/main/e/e2fsprogs/libcom-err2_1.46.5-2ubuntu1.2_amd64.deb	http://ap-northeast-2.ec2.archive.ubuntu.com/ubuntu/pool/main/e/e2fsprogs/libcom-err2_1.46.5-2ubuntu1.2_amd64.deb	/home/aella/aws-discovery-focal-jammy-retry-20260831/upgrade-discovery/focal-to-jammy/runtime/deb-cache/a5/c1/a5c19cb80a85c0ddce61521e4a9f6094813a07abe6db97280f27af4fc47760d1	9304	552bc8169451cfdcf174a8da845b13ced0a55777149af5cf47491193161ed791		1	proxy_access_log
focal-to-jammy	deb	libkeyutils1_1.6.1-2ubuntu3_amd64.deb	http://ap-northeast-2.ec2.archive.ubuntu.com/ubuntu/pool/main/k/keyutils/libkeyutils1_1.6.1-2ubuntu3_amd64.deb	http://ap-northeast-2.ec2.archive.ubuntu.com/ubuntu/pool/main/k/keyutils/libkeyutils1_1.6.1-2ubuntu3_amd64.deb	/home/aella/aws-discovery-focal-jammy-retry-20260831/upgrade-discovery/focal-to-jammy/runtime/deb-cache/95/6f/956fd084e0270bdc6a6ffe6f7b237aee6f576174885387759ef5c40fe1a315df	10376	940daf78ee0229549b4eabc92ffd79dd038ed96a44e2e912305a23540cf22a0a		1	proxy_access_log
focal-to-jammy	deb	linux-libc-dev_5.15.0-190.200_amd64.deb	http://ap-northeast-2.ec2.archive.ubuntu.com/ubuntu/pool/main/l/linux/linux-libc-dev_5.15.0-190.200_amd64.deb	http://ap-northeast-2.ec2.archive.ubuntu.com/ubuntu/pool/main/l/linux/linux-libc-dev_5.15.0-190.200_amd64.deb	/home/aella/aws-discovery-focal-jammy-retry-20260831/upgrade-discovery/focal-to-jammy/runtime/deb-cache/69/a8/69a83199f43f412ca3a5d06f806be09351eb7565efd26c7bb11dd753955ccc71	1342832	59061d467580b3b7fb10efc8a42338cfff1ec9fef853a509ab5dac146df58777		1	proxy_access_log
focal-to-jammy	deb	libexpat1-dev_2.4.7-1ubuntu0.7_amd64.deb	http://ap-northeast-2.ec2.archive.ubuntu.com/ubuntu/pool/main/e/expat/libexpat1-dev_2.4.7-1ubuntu0.7_amd64.deb	http://ap-northeast-2.ec2.archive.ubuntu.com/ubuntu/pool/main/e/expat/libexpat1-dev_2.4.7-1ubuntu0.7_amd64.deb	/home/aella/aws-discovery-focal-jammy-retry-20260831/upgrade-discovery/focal-to-jammy/runtime/deb-cache/9f/12/9f129ca81c3efacfba060bcf0e932f9659b62a66586e89041b0a0151334a7fc1	147506	66367b059692c40b3b24453af5383eb1c6753c35d27be71ccc4ab57d9962a0bb		1	proxy_access_log
focal-to-jammy	deb	libexpat1_2.4.7-1ubuntu0.7_amd64.deb	http://ap-northeast-2.ec2.archive.ubuntu.com/ubuntu/pool/main/e/expat/libexpat1_2.4.7-1ubuntu0.7_amd64.deb	http://ap-northeast-2.ec2.archive.ubuntu.com/ubuntu/pool/main/e/expat/libexpat1_2.4.7-1ubuntu0.7_amd64.deb	/home/aella/aws-discovery-focal-jammy-retry-20260831/upgrade-discovery/focal-to-jammy/runtime/deb-cache/7e/ba/7ebaa37df6a9e88b5b08bf1fa2bef65f71f07214c58aa585c1fd73687d69ffe9	92136	a538ba8ea04ac4011337e99f77a8f3387ddef2909b8a83a58d9662d8715df4cd		1	proxy_access_log
focal-to-jammy	deb	python3.10-minimal_3.10.12-1%7e22.04.17_amd64.deb	http://ap-northeast-2.ec2.archive.ubuntu.com/ubuntu/pool/main/p/python3.10/python3.10-minimal_3.10.12-1%7e22.04.17_amd64.deb	http://ap-northeast-2.ec2.archive.ubuntu.com/ubuntu/pool/main/p/python3.10/python3.10-minimal_3.10.12-1%7e22.04.17_amd64.deb	/home/aella/aws-discovery-focal-jammy-retry-20260831/upgrade-discovery/focal-to-jammy/runtime/deb-cache/8e/67/8e67ffd06009113e824b524d9677b52b5b6834e948020c284622c2c890ba288d	2278912	2051df9dfbcfcac24e62a181dadc7339c85de51600781ca72e306ad2d2fbfcd1		1	proxy_access_log
focal-to-jammy	deb	bind9-libs_9.18.39-0ubuntu0.22.04.6_amd64.deb	http://security.ubuntu.com/ubuntu/pool/main/b/bind9/bind9-libs_9.18.39-0ubuntu0.22.04.6_amd64.deb	http://security.ubuntu.com/ubuntu/pool/main/b/bind9/bind9-libs_9.18.39-0ubuntu0.22.04.6_amd64.deb	/home/aella/aws-discovery-focal-jammy-retry-20260831/upgrade-discovery/focal-to-jammy/runtime/deb-cache/90/f0/90f0e5d0eabd90da6ef36bd6c342b1acdeed8f74b3f882826785befd209e2c7c	1264134	93f3cbc91d35d6ae217fb95c7e96da5969a3a3282844bf6df493edc16ba64651		1	proxy_access_log
focal-to-jammy	deb	libpcre2-8-0_10.39-3ubuntu0.1_amd64.deb	http://ap-northeast-2.ec2.archive.ubuntu.com/ubuntu/pool/main/p/pcre2/libpcre2-8-0_10.39-3ubuntu0.1_amd64.deb	http://ap-northeast-2.ec2.archive.ubuntu.com/ubuntu/pool/main/p/pcre2/libpcre2-8-0_10.39-3ubuntu0.1_amd64.deb	/home/aella/aws-discovery-focal-jammy-retry-20260831/upgrade-discovery/focal-to-jammy/runtime/deb-cache/94/64/9464b03d37e728073dbdca735a4c596429b85436ea89fccdcd0c6e5c56fa05f6	220512	01a5a74f3d305cad32fffffdc200c2a92fd8e5a01bff97de76ac598fb444d53e		1	proxy_access_log
focal-to-jammy	deb	libselinux1_3.3-1build2_amd64.deb	http://ap-northeast-2.ec2.archive.ubuntu.com/ubuntu/pool/main/libs/libselinux/libselinux1_3.3-1build2_amd64.deb	http://ap-northeast-2.ec2.archive.ubuntu.com/ubuntu/pool/main/libs/libselinux/libselinux1_3.3-1build2_amd64.deb	/home/aella/aws-discovery-focal-jammy-retry-20260831/upgrade-discovery/focal-to-jammy/runtime/deb-cache/c9/64/c9649bf0449392db914da984339c7528146fb3167c0f54007f803bea3b7d8ae0	74578	b96c6b40ee2388bd51341cb11c0f1d5bcca29b9180b6e3a77a06b881f2913f7e		1	proxy_access_log
focal-to-jammy	deb	tar_1.34%2bdfsg-1ubuntu0.1.22.04.6_amd64.deb	http://ap-northeast-2.ec2.archive.ubuntu.com/ubuntu/pool/main/t/tar/tar_1.34%2bdfsg-1ubuntu0.1.22.04.6_amd64.deb	http://ap-northeast-2.ec2.archive.ubuntu.com/ubuntu/pool/main/t/tar/tar_1.34%2bdfsg-1ubuntu0.1.22.04.6_amd64.deb	/home/aella/aws-discovery-focal-jammy-retry-20260831/upgrade-discovery/focal-to-jammy/runtime/deb-cache/18/b4/18b49a072e340a41e946d082ebca9d717b5315dc44178f0ccab2224ff002ba69	298302	9e7a93d96b2c3ed82aa5959933bec3e5082c264b0ae45e86ab450f83886faace		1	proxy_access_log
focal-to-jammy	deb	dpkg_1.21.1ubuntu2.6_amd64.deb	http://ap-northeast-2.ec2.archive.ubuntu.com/ubuntu/pool/main/d/dpkg/dpkg_1.21.1ubuntu2.6_amd64.deb	http://ap-northeast-2.ec2.archive.ubuntu.com/ubuntu/pool/main/d/dpkg/dpkg_1.21.1ubuntu2.6_amd64.deb	/home/aella/aws-discovery-focal-jammy-retry-20260831/upgrade-discovery/focal-to-jammy/runtime/deb-cache/ba/2f/ba2f064fdaa8398595deb36ef750c2a8536f9a64ac447434bc0fca1dabc1bef6	1238552	8759f60fc173cb4ab85599dd66a633dce9473b9c7655128863a214325f52a7bd		1	proxy_access_log
focal-to-jammy	deb	bind9-host_9.18.39-0ubuntu0.22.04.6_amd64.deb	http://security.ubuntu.com/ubuntu/pool/main/b/bind9/bind9-host_9.18.39-0ubuntu0.22.04.6_amd64.deb	http://security.ubuntu.com/ubuntu/pool/main/b/bind9/bind9-host_9.18.39-0ubuntu0.22.04.6_amd64.deb	/home/aella/aws-discovery-focal-jammy-retry-20260831/upgrade-discovery/focal-to-jammy/runtime/deb-cache/0d/ad/0dad60e2699cc59adeba925a8c59a5d5e67145890aa262a73b7c4ac15a5dbd52	52516	97863ade0ad9f88b7a1925333197931b60f59bd40450fb0d9ac488243ce8f134		1	proxy_access_log
focal-to-jammy	deb	python3-zope.interface_5.4.0-1build1_amd64.deb	http://ap-northeast-2.ec2.archive.ubuntu.com/ubuntu/pool/main/z/zope.interface/python3-zope.interface_5.4.0-1build1_amd64.deb	http://ap-northeast-2.ec2.archive.ubuntu.com/ubuntu/pool/main/z/zope.interface/python3-zope.interface_5.4.0-1build1_amd64.deb	/home/aella/aws-discovery-focal-jammy-retry-20260831/upgrade-discovery/focal-to-jammy/runtime/deb-cache/cc/b0/ccb0afe1a1dee7b018a0c773e76e325882c6d1f2ba038d93bb2c6bff2ba8c3e9	141928	bc84dddc6c9c30d14e193d251ca8b572683d196c85aebe562618018243f91b09		1	proxy_access_log
focal-to-jammy	deb	dnsutils_9.18.39-0ubuntu0.22.04.6_all.deb	http://security.ubuntu.com/ubuntu/pool/universe/b/bind9/dnsutils_9.18.39-0ubuntu0.22.04.6_all.deb	http://security.ubuntu.com/ubuntu/pool/universe/b/bind9/dnsutils_9.18.39-0ubuntu0.22.04.6_all.deb	/home/aella/aws-discovery-focal-jammy-retry-20260831/upgrade-discovery/focal-to-jammy/runtime/deb-cache/10/89/1089ba0a531963a71d80db1077e52d9148084719db812153b5e4cd44844042e3	3926	151d20944bf5b909fa60f50ec8552aae48e89ce105315231e0b243ac73da85c2		1	proxy_access_log
focal-to-jammy	deb	python3-yaml_5.4.1-1ubuntu1_amd64.deb	http://ap-northeast-2.ec2.archive.ubuntu.com/ubuntu/pool/main/p/pyyaml/python3-yaml_5.4.1-1ubuntu1_amd64.deb	http://ap-northeast-2.ec2.archive.ubuntu.com/ubuntu/pool/main/p/pyyaml/python3-yaml_5.4.1-1ubuntu1_amd64.deb	/home/aella/aws-discovery-focal-jammy-retry-20260831/upgrade-discovery/focal-to-jammy/runtime/deb-cache/d4/4d/d44d2137fe365c06d277d8116cb73161405fe750ebf6075e7ab8dbe667bae8f3	129332	7ef9b534046bb838f7357091bafb368f6d1f32fb7ad2887d7c377ff4c0081b32		1	proxy_access_log
focal-to-jammy	deb	python3-twisted_22.1.0-2ubuntu2.7_all.deb	http://ap-northeast-2.ec2.archive.ubuntu.com/ubuntu/pool/main/t/twisted/python3-twisted_22.1.0-2ubuntu2.7_all.deb	http://ap-northeast-2.ec2.archive.ubuntu.com/ubuntu/pool/main/t/twisted/python3-twisted_22.1.0-2ubuntu2.7_all.deb	/home/aella/aws-discovery-focal-jammy-retry-20260831/upgrade-discovery/focal-to-jammy/runtime/deb-cache/c3/b5/c3b5d32f1a07418aa702b114bf443d41413454c09c69f24eabfe4d4862d5a7e5	2008398	e6f2c89d82b7f7ab3bfa4ca8d8ebb5d3105586bfba40af7958a2486baf5dd3b2		1	proxy_access_log
focal-to-jammy	deb	python3-systemd_234-3ubuntu2_amd64.deb	http://ap-northeast-2.ec2.archive.ubuntu.com/ubuntu/pool/main/p/python-systemd/python3-systemd_234-3ubuntu2_amd64.deb	http://ap-northeast-2.ec2.archive.ubuntu.com/ubuntu/pool/main/p/python-systemd/python3-systemd_234-3ubuntu2_amd64.deb	/home/aella/aws-discovery-focal-jammy-retry-20260831/upgrade-discovery/focal-to-jammy/runtime/deb-cache/60/16/6016fd89258720a44b6d0cc2144fa68049e34a929aa19d7c55b4143fb6be1bd7	39570	22efa44127c8fb6e14ca5d90f17a071689400446676d4002a460222f049970c1		1	proxy_access_log
focal-to-jammy	deb	python3-simplejson_3.17.6-1build1_amd64.deb	http://ap-northeast-2.ec2.archive.ubuntu.com/ubuntu/pool/main/s/simplejson/python3-simplejson_3.17.6-1build1_amd64.deb	http://ap-northeast-2.ec2.archive.ubuntu.com/ubuntu/pool/main/s/simplejson/python3-simplejson_3.17.6-1build1_amd64.deb	/home/aella/aws-discovery-focal-jammy-retry-20260831/upgrade-discovery/focal-to-jammy/runtime/deb-cache/00/ac/00ac31e2b555e45d43203ad63db3b30d6a389c3ee601df3e8481394256be88d2	54722	c990ebc4a99a03b51fb7b7f7bbbabb681df547d09e9b4aae76c8aa3879a8cbbb		1	proxy_access_log
focal-to-jammy	deb	python3-selinux_3.3-1build2_amd64.deb	http://ap-northeast-2.ec2.archive.ubuntu.com/ubuntu/pool/universe/libs/libselinux/python3-selinux_3.3-1build2_amd64.deb	http://ap-northeast-2.ec2.archive.ubuntu.com/ubuntu/pool/universe/libs/libselinux/python3-selinux_3.3-1build2_amd64.deb	/home/aella/aws-discovery-focal-jammy-retry-20260831/upgrade-discovery/focal-to-jammy/runtime/deb-cache/9f/68/9f684852d1ec78416262b731f464572a9cc991e8a8058fc025855c092634ab9a	158910	b82a9be7e04c5226b092ae766c28fcff25014f6499080aa0e92016995ca89590		1	proxy_access_log
focal-to-jammy	deb	python3-pycurl_7.44.1-4build1_amd64.deb	http://ap-northeast-2.ec2.archive.ubuntu.com/ubuntu/pool/main/p/pycurl/python3-pycurl_7.44.1-4build1_amd64.deb	http://ap-northeast-2.ec2.archive.ubuntu.com/ubuntu/pool/main/p/pycurl/python3-pycurl_7.44.1-4build1_amd64.deb	/home/aella/aws-discovery-focal-jammy-retry-20260831/upgrade-discovery/focal-to-jammy/runtime/deb-cache/e7/1f/e71fc6237a079c67466cdeac00a912854fc1a6d771b78300514802ab2f0a1b3e	52896	466da92e53b371491f5df198063acb65d273c40e034ac43ec43cfbb0c58a5280		1	proxy_access_log
focal-to-jammy	deb	python3-pam_0.4.2-13.4build4_amd64.deb	http://ap-northeast-2.ec2.archive.ubuntu.com/ubuntu/pool/main/p/python-pam/python3-pam_0.4.2-13.4build4_amd64.deb	http://ap-northeast-2.ec2.archive.ubuntu.com/ubuntu/pool/main/p/python-pam/python3-pam_0.4.2-13.4build4_amd64.deb	/home/aella/aws-discovery-focal-jammy-retry-20260831/upgrade-discovery/focal-to-jammy/runtime/deb-cache/08/7d/087da813131a262cf359e088be32c6e2ccc4c1cd2714fc1a2b13682490828653	10810	c8067bf967c66b0e72a61165d28f7493ffaed219001af276e8dca25bd8b1201b		1	proxy_access_log
focal-to-jammy	deb	python3-newt_0.52.21-5ubuntu2_amd64.deb	http://ap-northeast-2.ec2.archive.ubuntu.com/ubuntu/pool/main/n/newt/python3-newt_0.52.21-5ubuntu2_amd64.deb	http://ap-northeast-2.ec2.archive.ubuntu.com/ubuntu/pool/main/n/newt/python3-newt_0.52.21-5ubuntu2_amd64.deb	/home/aella/aws-discovery-focal-jammy-retry-20260831/upgrade-discovery/focal-to-jammy/runtime/deb-cache/a7/13/a7134c67d2fe7512b8395d434a81fcf4c2d8d231f4d806f7a63abb417cfcc310	21460	be2542f0f3a30e9277c6a6d1eadecadcffc2a0039949575b212c66a6667ecd8b		1	proxy_access_log
focal-to-jammy	deb	python3-netifaces_0.11.0-1build2_amd64.deb	http://ap-northeast-2.ec2.archive.ubuntu.com/ubuntu/pool/main/n/netifaces/python3-netifaces_0.11.0-1build2_amd64.deb	http://ap-northeast-2.ec2.archive.ubuntu.com/ubuntu/pool/main/n/netifaces/python3-netifaces_0.11.0-1build2_amd64.deb	/home/aella/aws-discovery-focal-jammy-retry-20260831/upgrade-discovery/focal-to-jammy/runtime/deb-cache/be/ae/beaeebc26060de2f60119b4f10fe920f01eaff0fa56e808f2fd623183a457ea7	18276	16b1b3c4bd161843fe4c823a4f3064f5e8b11d58227f2a033790bccdb5752335		1	proxy_access_log
focal-to-jammy	deb	python3-markupsafe_2.0.1-2build1_amd64.deb	http://ap-northeast-2.ec2.archive.ubuntu.com/ubuntu/pool/main/m/markupsafe/python3-markupsafe_2.0.1-2build1_amd64.deb	http://ap-northeast-2.ec2.archive.ubuntu.com/ubuntu/pool/main/m/markupsafe/python3-markupsafe_2.0.1-2build1_amd64.deb	/home/aella/aws-discovery-focal-jammy-retry-20260831/upgrade-discovery/focal-to-jammy/runtime/deb-cache/e9/0e/e90e6442ca4a9143e1f3a38cda61690fec33a314ce5917e4c5d9621594d8a3bf	12698	4339fa24f58e4bb5cab0c6ed917b25d17adc67f41955df62d9dce0ccfbd8d2f9		1	proxy_access_log
focal-to-jammy	deb	python3-kerberos_1.1.14-3.1build5_amd64.deb	http://ap-northeast-2.ec2.archive.ubuntu.com/ubuntu/pool/universe/p/pykerberos/python3-kerberos_1.1.14-3.1build5_amd64.deb	http://ap-northeast-2.ec2.archive.ubuntu.com/ubuntu/pool/universe/p/pykerberos/python3-kerberos_1.1.14-3.1build5_amd64.deb	/home/aella/aws-discovery-focal-jammy-retry-20260831/upgrade-discovery/focal-to-jammy/runtime/deb-cache/3f/96/3f96a30f7680732a91bea92c63c3f1185c85477761f640c6982d5e139b114ad6	23012	bb4466b10a8a5ac6881ea93df0e05e64af7985c3b38d47a02f77c4cbd49538e3		1	proxy_access_log
focal-to-jammy	deb	libglib2.0-bin_2.72.4-0ubuntu2.9_amd64.deb	http://ap-northeast-2.ec2.archive.ubuntu.com/ubuntu/pool/main/g/glib2.0/libglib2.0-bin_2.72.4-0ubuntu2.9_amd64.deb	http://ap-northeast-2.ec2.archive.ubuntu.com/ubuntu/pool/main/g/glib2.0/libglib2.0-bin_2.72.4-0ubuntu2.9_amd64.deb	/home/aella/aws-discovery-focal-jammy-retry-20260831/upgrade-discovery/focal-to-jammy/runtime/deb-cache/23/4f/234f3de0ed19a7c7e3fcd9178d268ac3a7484e0c6bab2e9f48b9ecb33daca5be	80888	63283ada8e6c5b20f745f38958b23a43abbac50e526aebb614d573f443cf4928		1	proxy_access_log
focal-to-jammy	deb	libglib2.0-0_2.72.4-0ubuntu2.9_amd64.deb	http://ap-northeast-2.ec2.archive.ubuntu.com/ubuntu/pool/main/g/glib2.0/libglib2.0-0_2.72.4-0ubuntu2.9_amd64.deb	http://ap-northeast-2.ec2.archive.ubuntu.com/ubuntu/pool/main/g/glib2.0/libglib2.0-0_2.72.4-0ubuntu2.9_amd64.deb	/home/aella/aws-discovery-focal-jammy-retry-20260831/upgrade-discovery/focal-to-jammy/runtime/deb-cache/d2/0c/d20cd63f19044024460c7954049c0d15ef33334ab269e0dd479b602683de1c00	1467084	aeae7e349026617aa2a5109257631589646c8890996da1778115ac57c840f6fc		1	proxy_access_log
focal-to-jammy	deb	python3-gi_3.42.1-0ubuntu1_amd64.deb	http://ap-northeast-2.ec2.archive.ubuntu.com/ubuntu/pool/main/p/pygobject/python3-gi_3.42.1-0ubuntu1_amd64.deb	http://ap-northeast-2.ec2.archive.ubuntu.com/ubuntu/pool/main/p/pygobject/python3-gi_3.42.1-0ubuntu1_amd64.deb	/home/aella/aws-discovery-focal-jammy-retry-20260831/upgrade-discovery/focal-to-jammy/runtime/deb-cache/df/35/df356808fce9c369a544cb2bc52df6d4e42dc3176463bd6eaafcd58d72673ead	228516	718c601d9df7bfc23d9daf9aad5dd2473115e0e5bf69c6bcfa88f41815ec9b7e		1	proxy_access_log
focal-to-jammy	deb	libgirepository-1.0-1_1.72.0-1_amd64.deb	http://ap-northeast-2.ec2.archive.ubuntu.com/ubuntu/pool/main/g/gobject-introspection/libgirepository-1.0-1_1.72.0-1_amd64.deb	http://ap-northeast-2.ec2.archive.ubuntu.com/ubuntu/pool/main/g/gobject-introspection/libgirepository-1.0-1_1.72.0-1_amd64.deb	/home/aella/aws-discovery-focal-jammy-retry-20260831/upgrade-discovery/focal-to-jammy/runtime/deb-cache/60/4d/604db6468d02d8a28cd648faa499cd33950fadd0226ec0cae951d607870ae461	55644	2564342ced21cd09786ab7af1bb66c384fc183c05e1dce1b1bbcf0313f1998c6		1	proxy_access_log
focal-to-jammy	deb	python3-gdbm_3.10.8-1%7e22.04_amd64.deb	http://ap-northeast-2.ec2.archive.ubuntu.com/ubuntu/pool/main/p/python3-stdlib-extensions/python3-gdbm_3.10.8-1%7e22.04_amd64.deb	http://ap-northeast-2.ec2.archive.ubuntu.com/ubuntu/pool/main/p/python3-stdlib-extensions/python3-gdbm_3.10.8-1%7e22.04_amd64.deb	/home/aella/aws-discovery-focal-jammy-retry-20260831/upgrade-discovery/focal-to-jammy/runtime/deb-cache/b0/9b/b09b903fd759f96a2f3124a2f04cbb315055fbe9580c12cbb678a4bb263127ed	16712	a40b791da0ab7ad2e52ad4d4636f8986879f375425428992bf7acd5eb16f49dd		1	proxy_access_log
focal-to-jammy	deb	python3-dbus_1.2.18-3build1_amd64.deb	http://ap-northeast-2.ec2.archive.ubuntu.com/ubuntu/pool/main/d/dbus-python/python3-dbus_1.2.18-3build1_amd64.deb	http://ap-northeast-2.ec2.archive.ubuntu.com/ubuntu/pool/main/d/dbus-python/python3-dbus_1.2.18-3build1_amd64.deb	/home/aella/aws-discovery-focal-jammy-retry-20260831/upgrade-discovery/focal-to-jammy/runtime/deb-cache/ec/3d/ec3d77325dd34ce5df65251b6bc7501e5b288169ab06dabc33c0c835daa2b737	99518	c6f4ca7fba69485cf5e4f3272a21d5836a79f6c77b87eff983983faacff497ea		1	proxy_access_log
focal-to-jammy	deb	python3-libcloud_3.2.0-2_all.deb	http://ap-northeast-2.ec2.archive.ubuntu.com/ubuntu/pool/universe/libc/libcloud/python3-libcloud_3.2.0-2_all.deb	http://ap-northeast-2.ec2.archive.ubuntu.com/ubuntu/pool/universe/libc/libcloud/python3-libcloud_3.2.0-2_all.deb	/home/aella/aws-discovery-focal-jammy-retry-20260831/upgrade-discovery/focal-to-jammy/runtime/deb-cache/0b/63/0b639b2d9be280973b7dae8d59b14cfdd7c0d48811125857b7198eec66ef7ac4	1554184	ecbfbdaa6f76fa80ee0f28fd3687154934c6a24d6928ca2d118521717ace29fe		1	proxy_access_log
focal-to-jammy	deb	ansible_2.10.7%2bmerged%2bbase%2b2.10.8%2bdfsg-1_all.deb	http://ap-northeast-2.ec2.archive.ubuntu.com/ubuntu/pool/universe/a/ansible/ansible_2.10.7%2bmerged%2bbase%2b2.10.8%2bdfsg-1_all.deb	http://ap-northeast-2.ec2.archive.ubuntu.com/ubuntu/pool/universe/a/ansible/ansible_2.10.7%2bmerged%2bbase%2b2.10.8%2bdfsg-1_all.deb	/home/aella/aws-discovery-focal-jammy-retry-20260831/upgrade-discovery/focal-to-jammy/runtime/deb-cache/f6/58/f65869ec7153d169ba4fbf8d11ab4dcb91c7282d5e48d157b89bb81dce09bfb6	17530700	94b5304e1156d5f76f25cced779b5c9b0a8716c568a8e19ed72570fa22749a84		1	proxy_access_log
focal-to-jammy	deb	python3-cffi-backend_1.15.0-1build2_amd64.deb	http://ap-northeast-2.ec2.archive.ubuntu.com/ubuntu/pool/main/p/python-cffi/python3-cffi-backend_1.15.0-1build2_amd64.deb	http://ap-northeast-2.ec2.archive.ubuntu.com/ubuntu/pool/main/p/python-cffi/python3-cffi-backend_1.15.0-1build2_amd64.deb	/home/aella/aws-discovery-focal-jammy-retry-20260831/upgrade-discovery/focal-to-jammy/runtime/deb-cache/63/dd/63dda219071a88b64e2ce15abd22a5d1d5b4cfff8a250542c73d9c6420b0ed15	77390	4d0a7b495f2b8f649af944359983e608ef1fe6789dfd8369c09e3d407b0c7a1e		1	proxy_access_log
focal-to-jammy	deb	gpg-wks-client_2.2.27-3ubuntu2.5_amd64.deb	http://ap-northeast-2.ec2.archive.ubuntu.com/ubuntu/pool/main/g/gnupg2/gpg-wks-client_2.2.27-3ubuntu2.5_amd64.deb	http://ap-northeast-2.ec2.archive.ubuntu.com/ubuntu/pool/main/g/gnupg2/gpg-wks-client_2.2.27-3ubuntu2.5_amd64.deb	/home/aella/aws-discovery-focal-jammy-retry-20260831/upgrade-discovery/focal-to-jammy/runtime/deb-cache/0c/a8/0ca868b867a241f2c26b94cc6944466295ff5bc36ecc73f522e3718197df1c64	62672	8ef71ac6974bb2e52f3e08b11c3ddf34804d9fc0525fd64f40395a62c18de283		1	proxy_access_log
focal-to-jammy	deb	dirmngr_2.2.27-3ubuntu2.5_amd64.deb	http://ap-northeast-2.ec2.archive.ubuntu.com/ubuntu/pool/main/g/gnupg2/dirmngr_2.2.27-3ubuntu2.5_amd64.deb	http://ap-northeast-2.ec2.archive.ubuntu.com/ubuntu/pool/main/g/gnupg2/dirmngr_2.2.27-3ubuntu2.5_amd64.deb	/home/aella/aws-discovery-focal-jammy-retry-20260831/upgrade-discovery/focal-to-jammy/runtime/deb-cache/a4/94/a49473fbfa193047e5d5572af1d58e669a71558da45e5b9876894d335a05bfc8	292808	38038823c30018e33e6eae279b3069a77ed5fc1f004417de89931ed5b9d72a2e		1	proxy_access_log
focal-to-jammy	deb	gpgsm_2.2.27-3ubuntu2.5_amd64.deb	http://ap-northeast-2.ec2.archive.ubuntu.com/ubuntu/pool/main/g/gnupg2/gpgsm_2.2.27-3ubuntu2.5_amd64.deb	http://ap-northeast-2.ec2.archive.ubuntu.com/ubuntu/pool/main/g/gnupg2/gpgsm_2.2.27-3ubuntu2.5_amd64.deb	/home/aella/aws-discovery-focal-jammy-retry-20260831/upgrade-discovery/focal-to-jammy/runtime/deb-cache/36/87/368774d9adf1b8f2cc31d46fd9459c83193d42b788d854abb7c8642f1042d6dd	197452	3e2e2b2b2f647112d2c80cb71afc6cea85c14c5d8d830ef3413602247633937a		1	proxy_access_log
focal-to-jammy	deb	gpg-wks-server_2.2.27-3ubuntu2.5_amd64.deb	http://ap-northeast-2.ec2.archive.ubuntu.com/ubuntu/pool/main/g/gnupg2/gpg-wks-server_2.2.27-3ubuntu2.5_amd64.deb	http://ap-northeast-2.ec2.archive.ubuntu.com/ubuntu/pool/main/g/gnupg2/gpg-wks-server_2.2.27-3ubuntu2.5_amd64.deb	/home/aella/aws-discovery-focal-jammy-retry-20260831/upgrade-discovery/focal-to-jammy/runtime/deb-cache/c3/8f/c38ff7e506a4ad2cce8d578ef4e6a706c98244abf867a3619f05d99fc1214508	57552	335de9d9fa9378ba500cfbf4a5c777a050c7521598f038213dc3c4be62d0927f		1	proxy_access_log
focal-to-jammy	deb	gnupg-utils_2.2.27-3ubuntu2.5_amd64.deb	http://ap-northeast-2.ec2.archive.ubuntu.com/ubuntu/pool/main/g/gnupg2/gnupg-utils_2.2.27-3ubuntu2.5_amd64.deb	http://ap-northeast-2.ec2.archive.ubuntu.com/ubuntu/pool/main/g/gnupg2/gnupg-utils_2.2.27-3ubuntu2.5_amd64.deb	/home/aella/aws-discovery-focal-jammy-retry-20260831/upgrade-discovery/focal-to-jammy/runtime/deb-cache/ec/4d/ec4d24481ea6779250236dcb2124680a4b6dd17cf07a7658abc26a8e4b519850	308542	b89cce131748e0ca38b54f5884b8d56bde945934479ce645f9fa1fd95d4323d2		1	proxy_access_log
focal-to-jammy	deb	gpg-agent_2.2.27-3ubuntu2.5_amd64.deb	http://ap-northeast-2.ec2.archive.ubuntu.com/ubuntu/pool/main/g/gnupg2/gpg-agent_2.2.27-3ubuntu2.5_amd64.deb	http://ap-northeast-2.ec2.archive.ubuntu.com/ubuntu/pool/main/g/gnupg2/gpg-agent_2.2.27-3ubuntu2.5_amd64.deb	/home/aella/aws-discovery-focal-jammy-retry-20260831/upgrade-discovery/focal-to-jammy/runtime/deb-cache/9e/cd/9ecd20ba45a813605577bc00fec8ec986fc522054f465aa0fad0805e2d2da575	208614	8c21b5ba57babdecb67116918ac55097897bc883f011dbc1591743a036e6c88a		1	proxy_access_log
focal-to-jammy	deb	gpg_2.2.27-3ubuntu2.5_amd64.deb	http://ap-northeast-2.ec2.archive.ubuntu.com/ubuntu/pool/main/g/gnupg2/gpg_2.2.27-3ubuntu2.5_amd64.deb	http://ap-northeast-2.ec2.archive.ubuntu.com/ubuntu/pool/main/g/gnupg2/gpg_2.2.27-3ubuntu2.5_amd64.deb	/home/aella/aws-discovery-focal-jammy-retry-20260831/upgrade-discovery/focal-to-jammy/runtime/deb-cache/e9/12/e91289b72bf322bd6d538993397cfb971d15b6c110ced5e725099d84b8d62d8a	518982	b8c127ebed1e901eaf2a53ec6591d074ddb6d04f62966a7bc430888b51621e1b		1	proxy_access_log
focal-to-jammy	deb	gpgconf_2.2.27-3ubuntu2.5_amd64.deb	http://ap-northeast-2.ec2.archive.ubuntu.com/ubuntu/pool/main/g/gnupg2/gpgconf_2.2.27-3ubuntu2.5_amd64.deb	http://ap-northeast-2.ec2.archive.ubuntu.com/ubuntu/pool/main/g/gnupg2/gpgconf_2.2.27-3ubuntu2.5_amd64.deb	/home/aella/aws-discovery-focal-jammy-retry-20260831/upgrade-discovery/focal-to-jammy/runtime/deb-cache/2f/9e/2f9ed7188c384ca6eba5d735f980cfa94df3c21388bf471a71e17437567fda2c	94304	4a0f63a8b8492babea7d448c1c12f27a597b10db83d063d3b8d7f73601e7d2af		1	proxy_access_log
focal-to-jammy	deb	gnupg-l10n_2.2.27-3ubuntu2.5_all.deb	http://ap-northeast-2.ec2.archive.ubuntu.com/ubuntu/pool/main/g/gnupg2/gnupg-l10n_2.2.27-3ubuntu2.5_all.deb	http://ap-northeast-2.ec2.archive.ubuntu.com/ubuntu/pool/main/g/gnupg2/gnupg-l10n_2.2.27-3ubuntu2.5_all.deb	/home/aella/aws-discovery-focal-jammy-retry-20260831/upgrade-discovery/focal-to-jammy/runtime/deb-cache/38/84/388417d8360655f4f0edd6e2b320c56fd9d4284b57961753c72b3d1060b96bb1	54528	9090a5878dea3b8c0172d6ee5dce2b05942686d5752d52fc43b9c85c0b87dcd1		1	proxy_access_log
focal-to-jammy	deb	gnupg_2.2.27-3ubuntu2.5_all.deb	http://ap-northeast-2.ec2.archive.ubuntu.com/ubuntu/pool/main/g/gnupg2/gnupg_2.2.27-3ubuntu2.5_all.deb	http://ap-northeast-2.ec2.archive.ubuntu.com/ubuntu/pool/main/g/gnupg2/gnupg_2.2.27-3ubuntu2.5_all.deb	/home/aella/aws-discovery-focal-jammy-retry-20260831/upgrade-discovery/focal-to-jammy/runtime/deb-cache/0f/33/0f33359654faccd89530d27ff1477ed6ff803c6043dd6c001a3a7840e09dc4c8	314928	f308480e602d54b92d81f6d66f12e23be24a831885e72c25e7da503e24ec5667		1	proxy_access_log
focal-to-jammy	deb	python3-apt_2.4.0ubuntu4.1_amd64.deb	http://ap-northeast-2.ec2.archive.ubuntu.com/ubuntu/pool/main/p/python-apt/python3-apt_2.4.0ubuntu4.1_amd64.deb	http://ap-northeast-2.ec2.archive.ubuntu.com/ubuntu/pool/main/p/python-apt/python3-apt_2.4.0ubuntu4.1_amd64.deb	/home/aella/aws-discovery-focal-jammy-retry-20260831/upgrade-discovery/focal-to-jammy/runtime/deb-cache/81/93/8193937ec5edd9276f70bdab86e7a2ee42e3a983ad8427b8a81ed85da4d54240	163898	bfe0dd80531613cfeff111d7b4f60255b4819149c906b21d93deb501e4e19230		1	proxy_access_log
focal-to-jammy	deb	python2-minimal_2.7.18-3_amd64.deb	http://ap-northeast-2.ec2.archive.ubuntu.com/ubuntu/pool/universe/p/python-defaults/python2-minimal_2.7.18-3_amd64.deb	http://ap-northeast-2.ec2.archive.ubuntu.com/ubuntu/pool/universe/p/python-defaults/python2-minimal_2.7.18-3_amd64.deb	/home/aella/aws-discovery-focal-jammy-retry-20260831/upgrade-discovery/focal-to-jammy/runtime/deb-cache/f0/ee/f0ee24bff66d4886b05b3cd65c658919a9e8590ba56330a2d895ae8080d65aa3	20836	12aa893edec1ba3173b96e20571839997b3d1c909b5aeae8e09c0493d37f728f		1	proxy_access_log
focal-to-jammy	deb	python-all-dev_2.7.18-3_amd64.deb	http://ap-northeast-2.ec2.archive.ubuntu.com/ubuntu/pool/universe/p/python-defaults/python-all-dev_2.7.18-3_amd64.deb	http://ap-northeast-2.ec2.archive.ubuntu.com/ubuntu/pool/universe/p/python-defaults/python-all-dev_2.7.18-3_amd64.deb	/home/aella/aws-discovery-focal-jammy-retry-20260831/upgrade-discovery/focal-to-jammy/runtime/deb-cache/d9/34/d934c091d427b12a8cc2f27d7aaa943e16a8ed2b5477241a9d3f17d9bba7d323	922	176317cabe4ca6fcacec764dda9a4c688914690d897fcfcf822c3e43778ac839		1	proxy_access_log
focal-to-jammy	deb	python-all_2.7.18-3_amd64.deb	http://ap-northeast-2.ec2.archive.ubuntu.com/ubuntu/pool/universe/p/python-defaults/python-all_2.7.18-3_amd64.deb	http://ap-northeast-2.ec2.archive.ubuntu.com/ubuntu/pool/universe/p/python-defaults/python-all_2.7.18-3_amd64.deb	/home/aella/aws-discovery-focal-jammy-retry-20260831/upgrade-discovery/focal-to-jammy/runtime/deb-cache/53/4a/534a4ce80b3fa9938cc6c8f2d52c63a9a281088abaefd33661c638ae70256aea	902	9aab0e118aad5d4ef5b56dc752f252eb987179d969700e68d5da2bf9a9e7f4ba		1	proxy_access_log
focal-to-jammy	deb	python2-dev_2.7.18-3_amd64.deb	http://ap-northeast-2.ec2.archive.ubuntu.com/ubuntu/pool/universe/p/python-defaults/python2-dev_2.7.18-3_amd64.deb	http://ap-northeast-2.ec2.archive.ubuntu.com/ubuntu/pool/universe/p/python-defaults/python2-dev_2.7.18-3_amd64.deb	/home/aella/aws-discovery-focal-jammy-retry-20260831/upgrade-discovery/focal-to-jammy/runtime/deb-cache/38/35/38350a9f2bc6d418fe6cca595f12e6c92fcdf18b1a38b4013ac9e53aa43b1121	1064	407adc566a67cad11faf51096efabcd92f58b6995fd453becbc8270f3eb2b63a		1	proxy_access_log
focal-to-jammy	deb	python2_2.7.18-3_amd64.deb	http://ap-northeast-2.ec2.archive.ubuntu.com/ubuntu/pool/universe/p/python-defaults/python2_2.7.18-3_amd64.deb	http://ap-northeast-2.ec2.archive.ubuntu.com/ubuntu/pool/universe/p/python-defaults/python2_2.7.18-3_amd64.deb	/home/aella/aws-discovery-focal-jammy-retry-20260831/upgrade-discovery/focal-to-jammy/runtime/deb-cache/d0/f8/d0f8fb1c8931aac6b288bf1a300b69124d6d023e2f003e83f39131de930dd9ae	9098	f7edbf5601d60f8771f95e15192199f1f6ae9a6d2ed2803b25f20d511d7fcf6a		1	proxy_access_log
focal-to-jammy	deb	dh-python_5.20220403_all.deb	http://ap-northeast-2.ec2.archive.ubuntu.com/ubuntu/pool/universe/d/dh-python/dh-python_5.20220403_all.deb	http://ap-northeast-2.ec2.archive.ubuntu.com/ubuntu/pool/universe/d/dh-python/dh-python_5.20220403_all.deb	/home/aella/aws-discovery-focal-jammy-retry-20260831/upgrade-discovery/focal-to-jammy/runtime/deb-cache/83/45/8345980ddc8df682ca9ce757911e49a9e5e8fe7a3cd9c28e04549efb40765475	105680	53ada881bb4dfa05cb6151f1a35c8d2a338603df479b13ff2942aa846cc2e912		1	proxy_access_log
focal-to-jammy	deb	python3-distutils_3.10.8-1%7e22.04_all.deb	http://ap-northeast-2.ec2.archive.ubuntu.com/ubuntu/pool/main/p/python3-stdlib-extensions/python3-distutils_3.10.8-1%7e22.04_all.deb	http://ap-northeast-2.ec2.archive.ubuntu.com/ubuntu/pool/main/p/python3-stdlib-extensions/python3-distutils_3.10.8-1%7e22.04_all.deb	/home/aella/aws-discovery-focal-jammy-retry-20260831/upgrade-discovery/focal-to-jammy/runtime/deb-cache/d9/e5/d9e5071256451da91e845427a33d97c788f1b5e593f9e09d8ec2833268b3237a	138862	b2bada10bef81fa7dc4bde61a1a462f37ca5027805e7c96e58685e9034c6094f		1	proxy_access_log
focal-to-jammy	deb	python3-lib2to3_3.10.8-1%7e22.04_all.deb	http://ap-northeast-2.ec2.archive.ubuntu.com/ubuntu/pool/main/p/python3-stdlib-extensions/python3-lib2to3_3.10.8-1%7e22.04_all.deb	http://ap-northeast-2.ec2.archive.ubuntu.com/ubuntu/pool/main/p/python3-stdlib-extensions/python3-lib2to3_3.10.8-1%7e22.04_all.deb	/home/aella/aws-discovery-focal-jammy-retry-20260831/upgrade-discovery/focal-to-jammy/runtime/deb-cache/3f/8a/3f8a17f02bedef75eaf046a938da0c0a24b35de7fc869ad33b14c9a1a1ceb355	77598	7bd212e61e8bb7fabf4768629e5dc97e6f8a7f98cc9335b5a3ce8c11cb633248		1	proxy_access_log
focal-to-jammy	deb	python3-minimal_3.10.6-1%7e22.04.1_amd64.deb	http://ap-northeast-2.ec2.archive.ubuntu.com/ubuntu/pool/main/p/python3-defaults/python3-minimal_3.10.6-1%7e22.04.1_amd64.deb	http://ap-northeast-2.ec2.archive.ubuntu.com/ubuntu/pool/main/p/python3-defaults/python3-minimal_3.10.6-1%7e22.04.1_amd64.deb	/home/aella/aws-discovery-focal-jammy-retry-20260831/upgrade-discovery/focal-to-jammy/runtime/deb-cache/00/a4/00a4c2c2e8c645fe36503d147b8718effcb35245c049cd1f6dba63b6e5449818	24304	c2f9ebfa720344485d192f9b493065bee4a29d5021b093f9300c8101483de9dd		1	proxy_access_log
focal-to-jammy	deb	python3_3.10.6-1%7e22.04.1_amd64.deb	http://ap-northeast-2.ec2.archive.ubuntu.com/ubuntu/pool/main/p/python3-defaults/python3_3.10.6-1%7e22.04.1_amd64.deb	http://ap-northeast-2.ec2.archive.ubuntu.com/ubuntu/pool/main/p/python3-defaults/python3_3.10.6-1%7e22.04.1_amd64.deb	/home/aella/aws-discovery-focal-jammy-retry-20260831/upgrade-discovery/focal-to-jammy/runtime/deb-cache/4c/b3/4cb36695776480e186e2946e475e78b1bd03f824b16be52ef7e5128062fb534a	22766	43dbcc12d790ed9360be4a1dc690ac0a7464a5e7c3170785886df84811a3f5a5		1	proxy_access_log
focal-to-jammy	deb	mime-support_3.66_all.deb	http://ap-northeast-2.ec2.archive.ubuntu.com/ubuntu/pool/main/m/mime-support/mime-support_3.66_all.deb	http://ap-northeast-2.ec2.archive.ubuntu.com/ubuntu/pool/main/m/mime-support/mime-support_3.66_all.deb	/home/aella/aws-discovery-focal-jammy-retry-20260831/upgrade-discovery/focal-to-jammy/runtime/deb-cache/65/7a/657a71abe8e23480e125ae6ab4071e8c0b29261c2eba3c16fc30c54063781a6b	3696	70bdf961f080ce5d8f19ad0d2729e88f86923982fa4c9ae7ed8e6499bad6af31		1	proxy_access_log
focal-to-jammy	deb	mailcap_3.70%2bnmu1ubuntu1.22.04.1_all.deb	http://ap-northeast-2.ec2.archive.ubuntu.com/ubuntu/pool/main/m/mailcap/mailcap_3.70%2bnmu1ubuntu1.22.04.1_all.deb	http://ap-northeast-2.ec2.archive.ubuntu.com/ubuntu/pool/main/m/mailcap/mailcap_3.70%2bnmu1ubuntu1.22.04.1_all.deb	/home/aella/aws-discovery-focal-jammy-retry-20260831/upgrade-discovery/focal-to-jammy/runtime/deb-cache/01/20/0120f3380ae9df60a9b1da95af265d0e32871d65c227b84c3ffd5636ffc7a109	23912	19b0a7da4ca318bf2d9bd348f62cfe764fa05e8b3c26326d16a110ed02f63c8f		1	proxy_access_log
focal-to-jammy	deb	media-types_7.0.0_all.deb	http://ap-northeast-2.ec2.archive.ubuntu.com/ubuntu/pool/main/m/media-types/media-types_7.0.0_all.deb	http://ap-northeast-2.ec2.archive.ubuntu.com/ubuntu/pool/main/m/media-types/media-types_7.0.0_all.deb	/home/aella/aws-discovery-focal-jammy-retry-20260831/upgrade-discovery/focal-to-jammy/runtime/deb-cache/48/3b/483bf75472d366d8efbdafd40bacdcc02701cd26c8887db4446c070e5779bb5e	25510	a993af16a8ccdcefaf75eef360f295f8a3a91a78fd5e5ea1e3fd4f2376df6615		1	proxy_access_log
focal-to-jammy	deb	libffi8_3.4.2-4_amd64.deb	http://ap-northeast-2.ec2.archive.ubuntu.com/ubuntu/pool/main/libf/libffi/libffi8_3.4.2-4_amd64.deb	http://ap-northeast-2.ec2.archive.ubuntu.com/ubuntu/pool/main/libf/libffi/libffi8_3.4.2-4_amd64.deb	/home/aella/aws-discovery-focal-jammy-retry-20260831/upgrade-discovery/focal-to-jammy/runtime/deb-cache/05/28/0528983d3177a0d359212e44b197bab017b80cbd001ff8bf3d49295aff855b94	22326	b4f88c91fa6f4c942097be6abfc365fb133c5e147640168cbb7704fd855eac10		1	proxy_access_log
focal-to-jammy	deb	gcc-12-base_12.3.0-1ubuntu1%7e22.04.3_amd64.deb	http://ap-northeast-2.ec2.archive.ubuntu.com/ubuntu/pool/main/g/gcc-12/gcc-12-base_12.3.0-1ubuntu1%7e22.04.3_amd64.deb	http://ap-northeast-2.ec2.archive.ubuntu.com/ubuntu/pool/main/g/gcc-12/gcc-12-base_12.3.0-1ubuntu1%7e22.04.3_amd64.deb	/home/aella/aws-discovery-focal-jammy-retry-20260831/upgrade-discovery/focal-to-jammy/runtime/deb-cache/d4/b9/d4b9a2dc6de11b9af113f4554f625c113a769720f4bac0360db768cc1bea51d8	215782	7f9253b7e0976f0526fc21346c73ee006e185a7b2f2f865048ea78a2af55bc8d		1	proxy_access_log
focal-to-jammy	deb	libblkid1_2.37.2-4ubuntu3.5_amd64.deb	http://ap-northeast-2.ec2.archive.ubuntu.com/ubuntu/pool/main/u/util-linux/libblkid1_2.37.2-4ubuntu3.5_amd64.deb	http://ap-northeast-2.ec2.archive.ubuntu.com/ubuntu/pool/main/u/util-linux/libblkid1_2.37.2-4ubuntu3.5_amd64.deb	/home/aella/aws-discovery-focal-jammy-retry-20260831/upgrade-discovery/focal-to-jammy/runtime/deb-cache/95/f0/95f0c8e1751d2fd2692b0e7892f04abfeac8421da12d2b0eda5af2028bf5c870	103068	f86de1c4bfb2a4f0df82dbd915b4c7f5e8ee2314311e8411b4cbb7f177bb648d		1	proxy_access_log
focal-to-jammy	deb	libgpg-error-l10n_1.43-3_all.deb	http://ap-northeast-2.ec2.archive.ubuntu.com/ubuntu/pool/main/libg/libgpg-error/libgpg-error-l10n_1.43-3_all.deb	http://ap-northeast-2.ec2.archive.ubuntu.com/ubuntu/pool/main/libg/libgpg-error/libgpg-error-l10n_1.43-3_all.deb	/home/aella/aws-discovery-focal-jammy-retry-20260831/upgrade-discovery/focal-to-jammy/runtime/deb-cache/6a/94/6a94e72204f90e2f284755594fda66a29e87ec617be9133263c3805294492e9f	7134	c5347f2319c8c1c9477b24c342fa53378976afcc71314e63c51b4ba73b0eab5c		1	proxy_access_log
focal-to-jammy	deb	libgpg-error0_1.43-3_amd64.deb	http://ap-northeast-2.ec2.archive.ubuntu.com/ubuntu/pool/main/libg/libgpg-error/libgpg-error0_1.43-3_amd64.deb	http://ap-northeast-2.ec2.archive.ubuntu.com/ubuntu/pool/main/libg/libgpg-error/libgpg-error0_1.43-3_amd64.deb	/home/aella/aws-discovery-focal-jammy-retry-20260831/upgrade-discovery/focal-to-jammy/runtime/deb-cache/f7/9b/f79b1d0ebf62ef427ac748806e74ecfce47c214952cc6a22386c82c08c04776f	69684	1fbacdf9bd1e431cee874a697b339f6f925182bc79bba5a112b53669b33265c5		1	proxy_access_log
focal-to-jammy	deb	libgcrypt20_1.9.4-3ubuntu3.2_amd64.deb	http://ap-northeast-2.ec2.archive.ubuntu.com/ubuntu/pool/main/libg/libgcrypt20/libgcrypt20_1.9.4-3ubuntu3.2_amd64.deb	http://ap-northeast-2.ec2.archive.ubuntu.com/ubuntu/pool/main/libg/libgcrypt20/libgcrypt20_1.9.4-3ubuntu3.2_amd64.deb	/home/aella/aws-discovery-focal-jammy-retry-20260831/upgrade-discovery/focal-to-jammy/runtime/deb-cache/ff/b3/ffb30093b1597ff8f630fea15a99537fd58647bcaaba8b527ef7470d76032770	515710	6911ff5ca27d03485749691c3380c4a529e1e13e3167b5f5a01e9a81943c64bd		1	proxy_access_log
focal-to-jammy	deb	libjson-c5_0.15-3%7eubuntu1.22.04.2_amd64.deb	http://ap-northeast-2.ec2.archive.ubuntu.com/ubuntu/pool/main/j/json-c/libjson-c5_0.15-3%7eubuntu1.22.04.2_amd64.deb	http://ap-northeast-2.ec2.archive.ubuntu.com/ubuntu/pool/main/j/json-c/libjson-c5_0.15-3%7eubuntu1.22.04.2_amd64.deb	/home/aella/aws-discovery-focal-jammy-retry-20260831/upgrade-discovery/focal-to-jammy/runtime/deb-cache/53/92/53920593c06d81953b4f93f656e9eaffcf0e234e1f21e733e134c8ded01c8e72	33454	5c2e5b01a03b8f185058db3946a8e01ac3750887c0a7f22dc32e49573a0c7529		1	proxy_access_log
focal-to-jammy	deb	libargon2-0_0%7e20171227-0.3_amd64.deb	http://ap-northeast-2.ec2.archive.ubuntu.com/ubuntu/pool/universe/a/argon2/libargon2-0_0%7e20171227-0.3_amd64.deb	http://ap-northeast-2.ec2.archive.ubuntu.com/ubuntu/pool/universe/a/argon2/libargon2-0_0%7e20171227-0.3_amd64.deb	/home/aella/aws-discovery-focal-jammy-retry-20260831/upgrade-discovery/focal-to-jammy/runtime/deb-cache/91/30/91301bcb8261c0a7f05f12953382ca3a9efc5db2957d1ef06e2a566b743e2ac9	4330	3626008d7bd614322c6b17cc54b6e93de0582d75fc295e04d5d1330ff82a1e1b		1	proxy_access_log
focal-to-jammy	deb	libargon2-1_0%7e20171227-0.3_amd64.deb	http://ap-northeast-2.ec2.archive.ubuntu.com/ubuntu/pool/main/a/argon2/libargon2-1_0%7e20171227-0.3_amd64.deb	http://ap-northeast-2.ec2.archive.ubuntu.com/ubuntu/pool/main/a/argon2/libargon2-1_0%7e20171227-0.3_amd64.deb	/home/aella/aws-discovery-focal-jammy-retry-20260831/upgrade-discovery/focal-to-jammy/runtime/deb-cache/69/2a/692a30c855f2f83ffff3b7a707aad6164c20d5104fb02139ec111b9ea9fa4e79	19478	68c42fd9c302eb567622e882c7f6b2aa3fbfdc3aa279993d38d732c71b12509d		1	proxy_access_log
focal-to-jammy	deb	libdevmapper1.02.1_1.02.175-2.1ubuntu5_amd64.deb	http://ap-northeast-2.ec2.archive.ubuntu.com/ubuntu/pool/main/l/lvm2/libdevmapper1.02.1_1.02.175-2.1ubuntu5_amd64.deb	http://ap-northeast-2.ec2.archive.ubuntu.com/ubuntu/pool/main/l/lvm2/libdevmapper1.02.1_1.02.175-2.1ubuntu5_amd64.deb	/home/aella/aws-discovery-focal-jammy-retry-20260831/upgrade-discovery/focal-to-jammy/runtime/deb-cache/b3/65/b365a0924344f2efe134d37f1e0ba44bfd772eb73e5020ee0807eec00ec832a6	139036	711ff30d90c2a00244eb2fc3d25fc2886b217184dcc8dae44130f44316fe3462		1	proxy_access_log
focal-to-jammy	deb	libuuid1_2.37.2-4ubuntu3.5_amd64.deb	http://ap-northeast-2.ec2.archive.ubuntu.com/ubuntu/pool/main/u/util-linux/libuuid1_2.37.2-4ubuntu3.5_amd64.deb	http://ap-northeast-2.ec2.archive.ubuntu.com/ubuntu/pool/main/u/util-linux/libuuid1_2.37.2-4ubuntu3.5_amd64.deb	/home/aella/aws-discovery-focal-jammy-retry-20260831/upgrade-discovery/focal-to-jammy/runtime/deb-cache/83/aa/83aaa2f0f0e0ba4e6272ac897c635e6639c5d2ce9c800eef52e5718c1423fb6e	23634	66c520b7f26075906f62ca7aa662d6c5f986a85b50539935eec88574f5117df6		1	proxy_access_log
focal-to-jammy	deb	libcryptsetup12_2.4.3-1ubuntu1.3_amd64.deb	http://ap-northeast-2.ec2.archive.ubuntu.com/ubuntu/pool/main/c/cryptsetup/libcryptsetup12_2.4.3-1ubuntu1.3_amd64.deb	http://ap-northeast-2.ec2.archive.ubuntu.com/ubuntu/pool/main/c/cryptsetup/libcryptsetup12_2.4.3-1ubuntu1.3_amd64.deb	/home/aella/aws-discovery-focal-jammy-retry-20260831/upgrade-discovery/focal-to-jammy/runtime/deb-cache/38/ef/38efa6cd6ed0c026384e08a8b8718275c9627b24590bac3beebbd7184ddf2924	210770	8a3d64bf2d98ef0fd0f73ca8bd9a2122e536cff4703884020dd9f2a57b20bc32		1	proxy_access_log
focal-to-jammy	deb	libgmp10_6.2.1%2bdfsg-3ubuntu1_amd64.deb	http://ap-northeast-2.ec2.archive.ubuntu.com/ubuntu/pool/main/g/gmp/libgmp10_6.2.1%2bdfsg-3ubuntu1_amd64.deb	http://ap-northeast-2.ec2.archive.ubuntu.com/ubuntu/pool/main/g/gmp/libgmp10_6.2.1%2bdfsg-3ubuntu1_amd64.deb	/home/aella/aws-discovery-focal-jammy-retry-20260831/upgrade-discovery/focal-to-jammy/runtime/deb-cache/a9/6d/a96d1ef1996b67e9a16e42701d914845a2a72206bd6eb0f0a1dcb85bbfc8a256	250148	d199a77e11701d4d620dd4f62e05740e3072dce893856ea3bbaa6ae9fa19fef1		1	proxy_access_log
focal-to-jammy	deb	libnettle8_3.7.3-1build2_amd64.deb	http://ap-northeast-2.ec2.archive.ubuntu.com/ubuntu/pool/main/n/nettle/libnettle8_3.7.3-1build2_amd64.deb	http://ap-northeast-2.ec2.archive.ubuntu.com/ubuntu/pool/main/n/nettle/libnettle8_3.7.3-1build2_amd64.deb	/home/aella/aws-discovery-focal-jammy-retry-20260831/upgrade-discovery/focal-to-jammy/runtime/deb-cache/5b/cb/5bcb56d9ff905b6c1b517d3db1423b28b6835bdbabfa0c28de045bf9a6fdf393	158864	6da09e685e5587f8873f662b007de45f75424fb33d2c4a51837380e683d33c7e		1	proxy_access_log
focal-to-jammy	deb	libhogweed6_3.7.3-1build2_amd64.deb	http://ap-northeast-2.ec2.archive.ubuntu.com/ubuntu/pool/main/n/nettle/libhogweed6_3.7.3-1build2_amd64.deb	http://ap-northeast-2.ec2.archive.ubuntu.com/ubuntu/pool/main/n/nettle/libhogweed6_3.7.3-1build2_amd64.deb	/home/aella/aws-discovery-focal-jammy-retry-20260831/upgrade-discovery/focal-to-jammy/runtime/deb-cache/36/0d/360d4fe01d00abfdd2539a354deb9d703a77fa7d89747a84efca1567aea54510	199324	2402ac51ebc760799b01f3fd4933126c5eb446e5b043832601fb589f5e50c363		1	proxy_access_log
focal-to-jammy	deb	libgnutls-openssl27_3.7.3-4ubuntu1.9_amd64.deb	http://ap-northeast-2.ec2.archive.ubuntu.com/ubuntu/pool/main/g/gnutls28/libgnutls-openssl27_3.7.3-4ubuntu1.9_amd64.deb	http://ap-northeast-2.ec2.archive.ubuntu.com/ubuntu/pool/main/g/gnutls28/libgnutls-openssl27_3.7.3-4ubuntu1.9_amd64.deb	/home/aella/aws-discovery-focal-jammy-retry-20260831/upgrade-discovery/focal-to-jammy/runtime/deb-cache/e0/77/e07759a9d5a651643a68e915a9ee90802154503161423e09ad06f9791d6b7e6e	22840	2f740927e8529102d84050b53561a6e44f2ebb94e0ca019fe41feb6bb0a7dbbb		1	proxy_access_log
focal-to-jammy	deb	libunistring2_1.0-1_amd64.deb	http://ap-northeast-2.ec2.archive.ubuntu.com/ubuntu/pool/main/libu/libunistring/libunistring2_1.0-1_amd64.deb	http://ap-northeast-2.ec2.archive.ubuntu.com/ubuntu/pool/main/libu/libunistring/libunistring2_1.0-1_amd64.deb	/home/aella/aws-discovery-focal-jammy-retry-20260831/upgrade-discovery/focal-to-jammy/runtime/deb-cache/bf/93/bf93a94b96a1a74fca940f6eef18f5245e1a0aa9a4d2a4f17f2168ab396cf793	553602	988fb59de6a0a313844277e8a6e45d3dc16f5ea75a603a46b16b936426f0ac65		1	proxy_access_log
focal-to-jammy	deb	libidn2-0_2.3.2-2build1_amd64.deb	http://ap-northeast-2.ec2.archive.ubuntu.com/ubuntu/pool/main/libi/libidn2/libidn2-0_2.3.2-2build1_amd64.deb	http://ap-northeast-2.ec2.archive.ubuntu.com/ubuntu/pool/main/libi/libidn2/libidn2-0_2.3.2-2build1_amd64.deb	/home/aella/aws-discovery-focal-jammy-retry-20260831/upgrade-discovery/focal-to-jammy/runtime/deb-cache/93/38/9338c9b9bd21bb256f0ef4a5f341e7b43421b1be863f64dcda2a2b99031bea15	66396	bc935e1871aa4a75d3f4ff549af32b7316aecfbea2200d85055878767b8398c8		1	proxy_access_log
focal-to-jammy	deb	libp11-kit0_0.24.0-6ubuntu0.1_amd64.deb	http://ap-northeast-2.ec2.archive.ubuntu.com/ubuntu/pool/main/p/p11-kit/libp11-kit0_0.24.0-6ubuntu0.1_amd64.deb	http://ap-northeast-2.ec2.archive.ubuntu.com/ubuntu/pool/main/p/p11-kit/libp11-kit0_0.24.0-6ubuntu0.1_amd64.deb	/home/aella/aws-discovery-focal-jammy-retry-20260831/upgrade-discovery/focal-to-jammy/runtime/deb-cache/f1/3a/f13aed9ebc3d84fa61c064c2da5e905e5ad583329ce722b5bd835b3f61b1ace8	252086	9d949950970a062a81051a78ec4075b8dba608f063afaa5c8752a612d139a9b5		1	proxy_access_log
focal-to-jammy	deb	libtasn1-6_4.18.0-4ubuntu0.2_amd64.deb	http://ap-northeast-2.ec2.archive.ubuntu.com/ubuntu/pool/main/libt/libtasn1-6/libtasn1-6_4.18.0-4ubuntu0.2_amd64.deb	http://ap-northeast-2.ec2.archive.ubuntu.com/ubuntu/pool/main/libt/libtasn1-6/libtasn1-6_4.18.0-4ubuntu0.2_amd64.deb	/home/aella/aws-discovery-focal-jammy-retry-20260831/upgrade-discovery/focal-to-jammy/runtime/deb-cache/d3/7a/d37ad60766f0124a1aa9e93bae57bf5f6a35ccd4b5f0f58d0848a29111bf25d7	43618	a0903b4fae3ac2548a22d8822382e6d23586e42196d83ff67e82df36cd39fc6c		1	proxy_access_log
focal-to-jammy	deb	libgnutls30_3.7.3-4ubuntu1.9_amd64.deb	http://ap-northeast-2.ec2.archive.ubuntu.com/ubuntu/pool/main/g/gnutls28/libgnutls30_3.7.3-4ubuntu1.9_amd64.deb	http://ap-northeast-2.ec2.archive.ubuntu.com/ubuntu/pool/main/g/gnutls28/libgnutls30_3.7.3-4ubuntu1.9_amd64.deb	/home/aella/aws-discovery-focal-jammy-retry-20260831/upgrade-discovery/focal-to-jammy/runtime/deb-cache/e1/df/e1df3826a2b2246d83b5cf8d94d47d2981ad148d7d5f67c5c623bb63aea15382	971454	65e08f0b5d1e620cc5cc9478cd1035f83ea752a6fae23141afd2d111a8f6c555		1	proxy_access_log
focal-to-jammy	deb	resolvconf_1.84ubuntu1_all.deb	http://ap-northeast-2.ec2.archive.ubuntu.com/ubuntu/pool/universe/r/resolvconf/resolvconf_1.84ubuntu1_all.deb	http://ap-northeast-2.ec2.archive.ubuntu.com/ubuntu/pool/universe/r/resolvconf/resolvconf_1.84ubuntu1_all.deb	/home/aella/aws-discovery-focal-jammy-retry-20260831/upgrade-discovery/focal-to-jammy/runtime/deb-cache/6b/dd/6bdd0b76fd23cd1075c2bc1d5e47dcdae597766c320554d4701862d35a78982f	54688	1af240a548e4e0f4fef89dc75362234cad0668cc2678e2b4a08d8256f6242807		1	proxy_access_log
focal-to-jammy	deb	libudev1_249.11-0ubuntu3.22_amd64.deb	http://ap-northeast-2.ec2.archive.ubuntu.com/ubuntu/pool/main/s/systemd/libudev1_249.11-0ubuntu3.22_amd64.deb	http://ap-northeast-2.ec2.archive.ubuntu.com/ubuntu/pool/main/s/systemd/libudev1_249.11-0ubuntu3.22_amd64.deb	/home/aella/aws-discovery-focal-jammy-retry-20260831/upgrade-discovery/focal-to-jammy/runtime/deb-cache/d2/36/d23603fe94b699d731859f1fe80cf38f097261ca5d08ccec529dc69d793b9931	75888	48e47354d8d421b59bc2aac1437bc6b22ba04526963e4a73f9313b0dd518556b		1	proxy_access_log
focal-to-jammy	deb	systemd_249.11-0ubuntu3.22_amd64.deb	http://ap-northeast-2.ec2.archive.ubuntu.com/ubuntu/pool/main/s/systemd/systemd_249.11-0ubuntu3.22_amd64.deb	http://ap-northeast-2.ec2.archive.ubuntu.com/ubuntu/pool/main/s/systemd/systemd_249.11-0ubuntu3.22_amd64.deb	/home/aella/aws-discovery-focal-jammy-retry-20260831/upgrade-discovery/focal-to-jammy/runtime/deb-cache/b2/29/b2293d83b00e1724fd2f97dcaa9ea04924ad0ed5e517c43d4f6e1b5126dd0a0b	4586716	7c7f94c8baf06ae99221537fc556edf302c597b2d7c93ea4b09986aaae71c253		1	proxy_access_log
focal-to-jammy	deb	udev_249.11-0ubuntu3.22_amd64.deb	http://ap-northeast-2.ec2.archive.ubuntu.com/ubuntu/pool/main/s/systemd/udev_249.11-0ubuntu3.22_amd64.deb	http://ap-northeast-2.ec2.archive.ubuntu.com/ubuntu/pool/main/s/systemd/udev_249.11-0ubuntu3.22_amd64.deb	/home/aella/aws-discovery-focal-jammy-retry-20260831/upgrade-discovery/focal-to-jammy/runtime/deb-cache/04/a5/04a54d8f97776c25518a502ba227448b5697a477d02ab011d1200e35b9bc2fa7	1558752	72015689bb3c64f13267262a15aee95c03a0d79f0bbb3bb9c8811fc8ea802c4a		1	proxy_access_log
focal-to-jammy	deb	libmount1_2.37.2-4ubuntu3.5_amd64.deb	http://ap-northeast-2.ec2.archive.ubuntu.com/ubuntu/pool/main/u/util-linux/libmount1_2.37.2-4ubuntu3.5_amd64.deb	http://ap-northeast-2.ec2.archive.ubuntu.com/ubuntu/pool/main/u/util-linux/libmount1_2.37.2-4ubuntu3.5_amd64.deb	/home/aella/aws-discovery-focal-jammy-retry-20260831/upgrade-discovery/focal-to-jammy/runtime/deb-cache/43/a9/43a971dabe43590f9fc0b1fc1ae848437f660262eaa47d0ab03fb44ec9c3c08a	121986	e5167d2921ee0644c0a1e16b959df7ea54a937ff63911abf098203a161575d57		1	proxy_access_log
focal-to-jammy	deb	login_4.8.1-2ubuntu2.2_amd64.deb	http://ap-northeast-2.ec2.archive.ubuntu.com/ubuntu/pool/main/s/shadow/login_4.8.1-2ubuntu2.2_amd64.deb	http://ap-northeast-2.ec2.archive.ubuntu.com/ubuntu/pool/main/s/shadow/login_4.8.1-2ubuntu2.2_amd64.deb	/home/aella/aws-discovery-focal-jammy-retry-20260831/upgrade-discovery/focal-to-jammy/runtime/deb-cache/79/c9/79c99f144decd860ccb8bba15b63916a9fe2af954b30367b9ceae50ff2736fac	187722	dc47f0669e4b701ce1be5f696dda6509e86b253bc9ea0b3035c69fbf7870a4e2		1	proxy_access_log
focal-to-jammy	deb	libblockdev-part2_2.26-1ubuntu0.1_amd64.deb	http://ap-northeast-2.ec2.archive.ubuntu.com/ubuntu/pool/main/libb/libblockdev/libblockdev-part2_2.26-1ubuntu0.1_amd64.deb	http://ap-northeast-2.ec2.archive.ubuntu.com/ubuntu/pool/main/libb/libblockdev/libblockdev-part2_2.26-1ubuntu0.1_amd64.deb	/home/aella/aws-discovery-focal-jammy-retry-20260831/upgrade-discovery/focal-to-jammy/runtime/deb-cache/86/f5/86f5c7a78e6fdaa5d7efcf5ac1c70dcb34046ba0355f4ed531ccdc72c5d8b543	15666	ac239fa6cdd692f59cd53b586e300fb1bd2c428f3005d6b4c3aab2c842a5a5ef		1	proxy_access_log
focal-to-jammy	deb	libfdisk1_2.37.2-4ubuntu3.5_amd64.deb	http://ap-northeast-2.ec2.archive.ubuntu.com/ubuntu/pool/main/u/util-linux/libfdisk1_2.37.2-4ubuntu3.5_amd64.deb	http://ap-northeast-2.ec2.archive.ubuntu.com/ubuntu/pool/main/u/util-linux/libfdisk1_2.37.2-4ubuntu3.5_amd64.deb	/home/aella/aws-discovery-focal-jammy-retry-20260831/upgrade-discovery/focal-to-jammy/runtime/deb-cache/65/69/6569bb48288c1c4133efc986488488ac50e09dd18ddee61b74c39f30cffb1e6a	140468	e35e3a2d752fd2c3128a5cd79316e184fc1009e5bfff995d43c53060d5f696d6		1	proxy_access_log
focal-to-jammy	deb	fdisk_2.37.2-4ubuntu3.5_amd64.deb	http://ap-northeast-2.ec2.archive.ubuntu.com/ubuntu/pool/main/u/util-linux/fdisk_2.37.2-4ubuntu3.5_amd64.deb	http://ap-northeast-2.ec2.archive.ubuntu.com/ubuntu/pool/main/u/util-linux/fdisk_2.37.2-4ubuntu3.5_amd64.deb	/home/aella/aws-discovery-focal-jammy-retry-20260831/upgrade-discovery/focal-to-jammy/runtime/deb-cache/aa/94/aa947fa8e0159c0ca2a1f226d6c0ed90866904cededf2bd92f2a32ac3c7fdbae	122290	2db5aeaf6e5d10a1d20e0a020b8a718f758998fa92a609583a588936c3582115		1	proxy_access_log
focal-to-jammy	deb	util-linux_2.37.2-4ubuntu3.5_amd64.deb	http://ap-northeast-2.ec2.archive.ubuntu.com/ubuntu/pool/main/u/util-linux/util-linux_2.37.2-4ubuntu3.5_amd64.deb	http://ap-northeast-2.ec2.archive.ubuntu.com/ubuntu/pool/main/u/util-linux/util-linux_2.37.2-4ubuntu3.5_amd64.deb	/home/aella/aws-discovery-focal-jammy-retry-20260831/upgrade-discovery/focal-to-jammy/runtime/deb-cache/1d/45/1d45c1f812134b7c55dac38485ed1a73bd3c54dc41b306526bd51a9a36f906af	1066768	ab9fcd38b50c6e57d40e0aab0a059672192ad847be1888dfa00ba7a0d2682eba		1	proxy_access_log
focal-to-jammy	deb	init-system-helpers_1.62_all.deb	http://ap-northeast-2.ec2.archive.ubuntu.com/ubuntu/pool/main/i/init-system-helpers/init-system-helpers_1.62_all.deb	http://ap-northeast-2.ec2.archive.ubuntu.com/ubuntu/pool/main/i/init-system-helpers/init-system-helpers_1.62_all.deb	/home/aella/aws-discovery-focal-jammy-retry-20260831/upgrade-discovery/focal-to-jammy/runtime/deb-cache/47/ef/47efbfb70f95509c9dd4085cbc9c1268ed9a48034c5e4f74136797a74f282d44	38498	810bc27b9b3cecab056d80d726de535ca68f00fcd955683bf46674d779f4e710		1	proxy_access_log
focal-to-jammy	deb	sysvinit-utils_3.01-1ubuntu1_amd64.deb	http://ap-northeast-2.ec2.archive.ubuntu.com/ubuntu/pool/main/s/sysvinit/sysvinit-utils_3.01-1ubuntu1_amd64.deb	http://ap-northeast-2.ec2.archive.ubuntu.com/ubuntu/pool/main/s/sysvinit/sysvinit-utils_3.01-1ubuntu1_amd64.deb	/home/aella/aws-discovery-focal-jammy-retry-20260831/upgrade-discovery/focal-to-jammy/runtime/deb-cache/7d/15/7d154995b043edb6d37072298088d57a86be7e000d7f5b0f7e813fad8ee3bff6	20574	54c24d33f48253b1460a32208d3f91f30f97fb5094ffa03afb2d687ab4319a04		1	proxy_access_log
focal-to-jammy	deb	systemd-sysv_249.11-0ubuntu3.22_amd64.deb	http://ap-northeast-2.ec2.archive.ubuntu.com/ubuntu/pool/main/s/systemd/systemd-sysv_249.11-0ubuntu3.22_amd64.deb	http://ap-northeast-2.ec2.archive.ubuntu.com/ubuntu/pool/main/s/systemd/systemd-sysv_249.11-0ubuntu3.22_amd64.deb	/home/aella/aws-discovery-focal-jammy-retry-20260831/upgrade-discovery/focal-to-jammy/runtime/deb-cache/0a/29/0a295074de876ed2fc19660821444f24abb2d135547b542f507e99d6dd4364d7	10460	fe8e3b0fc1f5c9580c08898a515d19098c633a92ce70688b9f391cbe986a473f		1	proxy_access_log
focal-to-jammy	deb	libnss-systemd_249.11-0ubuntu3.22_amd64.deb	http://ap-northeast-2.ec2.archive.ubuntu.com/ubuntu/pool/main/s/systemd/libnss-systemd_249.11-0ubuntu3.22_amd64.deb	http://ap-northeast-2.ec2.archive.ubuntu.com/ubuntu/pool/main/s/systemd/libnss-systemd_249.11-0ubuntu3.22_amd64.deb	/home/aella/aws-discovery-focal-jammy-retry-20260831/upgrade-discovery/focal-to-jammy/runtime/deb-cache/02/7c/027c8f6804fbe96c8d1408f97861ddaeaf99773138a8cb3da7cb8b9fb994fa17	133088	0169663ff740119ba840028e6d6345b0da9e3e21950231f2a28aec3810ea78fe		1	proxy_access_log
focal-to-jammy	deb	libdbus-1-3_1.12.20-2ubuntu4.1_amd64.deb	http://ap-northeast-2.ec2.archive.ubuntu.com/ubuntu/pool/main/d/dbus/libdbus-1-3_1.12.20-2ubuntu4.1_amd64.deb	http://ap-northeast-2.ec2.archive.ubuntu.com/ubuntu/pool/main/d/dbus/libdbus-1-3_1.12.20-2ubuntu4.1_amd64.deb	/home/aella/aws-discovery-focal-jammy-retry-20260831/upgrade-discovery/focal-to-jammy/runtime/deb-cache/5d/54/5d54c51c19014bd57e28e2c16b08dfc9c7adc1e84a7c58718271ba9f89c48083	188562	6a5171696c3b05aca273d637d9c0501c8033fda64a971e09fd545bc1ab72ca1e		1	proxy_access_log
focal-to-jammy	deb	dbus_1.12.20-2ubuntu4.1_amd64.deb	http://ap-northeast-2.ec2.archive.ubuntu.com/ubuntu/pool/main/d/dbus/dbus_1.12.20-2ubuntu4.1_amd64.deb	http://ap-northeast-2.ec2.archive.ubuntu.com/ubuntu/pool/main/d/dbus/dbus_1.12.20-2ubuntu4.1_amd64.deb	/home/aella/aws-discovery-focal-jammy-retry-20260831/upgrade-discovery/focal-to-jammy/runtime/deb-cache/f4/ff/f4ff90c40a04b1dfe644d4f451d5cc7af6d39db58cbb08858cc633107e83cb06	158098	e75f70b0104cdee8fc03d5f7d4bf1ca433de3abba6c40b44a8f34e1c981a56fb		1	proxy_access_log
focal-to-jammy	deb	libpam-systemd_249.11-0ubuntu3.22_amd64.deb	http://ap-northeast-2.ec2.archive.ubuntu.com/ubuntu/pool/main/s/systemd/libpam-systemd_249.11-0ubuntu3.22_amd64.deb	http://ap-northeast-2.ec2.archive.ubuntu.com/ubuntu/pool/main/s/systemd/libpam-systemd_249.11-0ubuntu3.22_amd64.deb	/home/aella/aws-discovery-focal-jammy-retry-20260831/upgrade-discovery/focal-to-jammy/runtime/deb-cache/79/04/7904fcc63cf5e7fdedfa7c5393d143484ecda4163e73ba48b7a91a550e7ec89a	202750	575cdf2f38e50e3937c348519397cab388268c54df759bd27f445116bc8c3435		1	proxy_access_log
focal-to-jammy	deb	ifupdown_0.8.36%2bnmu1ubuntu3.1_amd64.deb	http://ap-northeast-2.ec2.archive.ubuntu.com/ubuntu/pool/universe/i/ifupdown/ifupdown_0.8.36%2bnmu1ubuntu3.1_amd64.deb	http://ap-northeast-2.ec2.archive.ubuntu.com/ubuntu/pool/universe/i/ifupdown/ifupdown_0.8.36%2bnmu1ubuntu3.1_amd64.deb	/home/aella/aws-discovery-focal-jammy-retry-20260831/upgrade-discovery/focal-to-jammy/runtime/deb-cache/f5/1a/f51a8936ef21db4a914cd67de6144149c7ca391490ce3ff2d5904c03c8be9e8e	65052	09c156e9dfc76e51780432f3745d27d049aee0e74224f3bcf9b5abb9d93f594d		1	proxy_access_log
focal-to-jammy	deb	libsystemd0_249.11-0ubuntu3.22_amd64.deb	http://ap-northeast-2.ec2.archive.ubuntu.com/ubuntu/pool/main/s/systemd/libsystemd0_249.11-0ubuntu3.22_amd64.deb	http://ap-northeast-2.ec2.archive.ubuntu.com/ubuntu/pool/main/s/systemd/libsystemd0_249.11-0ubuntu3.22_amd64.deb	/home/aella/aws-discovery-focal-jammy-retry-20260831/upgrade-discovery/focal-to-jammy/runtime/deb-cache/87/fe/87feb55bf73e0ebb8f7e939a27db05c2fa74d343259f3f8a29e1e5e95032012b	316392	4fae4644bcfd86f891faae12cedbf30aca280cf76a034768aec3a03fe42ddc25		1	proxy_access_log
focal-to-jammy	deb	kbd_2.3.0-3ubuntu4.22.04_amd64.deb	http://ap-northeast-2.ec2.archive.ubuntu.com/ubuntu/pool/main/k/kbd/kbd_2.3.0-3ubuntu4.22.04_amd64.deb	http://ap-northeast-2.ec2.archive.ubuntu.com/ubuntu/pool/main/k/kbd/kbd_2.3.0-3ubuntu4.22.04_amd64.deb	/home/aella/aws-discovery-focal-jammy-retry-20260831/upgrade-discovery/focal-to-jammy/runtime/deb-cache/36/d3/36d314c1b909498fa22bc8ca99fefa361592241ab51b19ae2a07df8fdcda9753	245314	cb72c183582891404321c7f3401167ffa9f8c0afef58070f26714bb7939aa1f3		1	proxy_access_log
focal-to-jammy	deb	console-setup-linux_1.205ubuntu3_all.deb	http://ap-northeast-2.ec2.archive.ubuntu.com/ubuntu/pool/main/c/console-setup/console-setup-linux_1.205ubuntu3_all.deb	http://ap-northeast-2.ec2.archive.ubuntu.com/ubuntu/pool/main/c/console-setup/console-setup-linux_1.205ubuntu3_all.deb	/home/aella/aws-discovery-focal-jammy-retry-20260831/upgrade-discovery/focal-to-jammy/runtime/deb-cache/f2/c3/f2c399ae74ba4fbcd374ed97344c490a416ac5a80099dcfbdbf56f4283829ff3	1870586	29b6ab7bd5ea57cb54e5d1d53807c805d378f7ec181910a06be4fb86f6b92138		1	proxy_access_log
focal-to-jammy	deb	console-setup_1.205ubuntu3_all.deb	http://ap-northeast-2.ec2.archive.ubuntu.com/ubuntu/pool/main/c/console-setup/console-setup_1.205ubuntu3_all.deb	http://ap-northeast-2.ec2.archive.ubuntu.com/ubuntu/pool/main/c/console-setup/console-setup_1.205ubuntu3_all.deb	/home/aella/aws-discovery-focal-jammy-retry-20260831/upgrade-discovery/focal-to-jammy/runtime/deb-cache/7d/6a/7d6af2579c1343a3ca071820e1e56f53f3061109865a795a76db20be2016b911	110278	2fa536119ef952980eebf8be302162e6a08ca42719b2a8f4217b7fafab10a004		1	proxy_access_log
focal-to-jammy	deb	keyboard-configuration_1.205ubuntu3_all.deb	http://ap-northeast-2.ec2.archive.ubuntu.com/ubuntu/pool/main/c/console-setup/keyboard-configuration_1.205ubuntu3_all.deb	http://ap-northeast-2.ec2.archive.ubuntu.com/ubuntu/pool/main/c/console-setup/keyboard-configuration_1.205ubuntu3_all.deb	/home/aella/aws-discovery-focal-jammy-retry-20260831/upgrade-discovery/focal-to-jammy/runtime/deb-cache/9c/8f/9c8f074b0ab9737da7d7d94c7825858760910d21cf08ab127fbe6e48421b96f2	205996	f94001a223cbd9a6ef57cd3929f567470759ba5f8ccd4ef300dc45bfc3a9ed28		1	proxy_access_log
focal-to-jammy	deb	xkb-data_2.33-1_all.deb	http://ap-northeast-2.ec2.archive.ubuntu.com/ubuntu/pool/main/x/xkeyboard-config/xkb-data_2.33-1_all.deb	http://ap-northeast-2.ec2.archive.ubuntu.com/ubuntu/pool/main/x/xkeyboard-config/xkb-data_2.33-1_all.deb	/home/aella/aws-discovery-focal-jammy-retry-20260831/upgrade-discovery/focal-to-jammy/runtime/deb-cache/79/fc/79fc96bd63254570f96c61ae22c3696d1b3a7e776a9f3757e88a098daa97987b	394460	26f74d6ac0caf3f7b2926d9c1fca85bc868531c8159f943fb78fbb4b6c5a8c80		1	proxy_access_log
focal-to-jammy	deb	lsb-base_11.1.0ubuntu4_all.deb	http://ap-northeast-2.ec2.archive.ubuntu.com/ubuntu/pool/main/l/lsb/lsb-base_11.1.0ubuntu4_all.deb	http://ap-northeast-2.ec2.archive.ubuntu.com/ubuntu/pool/main/l/lsb/lsb-base_11.1.0ubuntu4_all.deb	/home/aella/aws-discovery-focal-jammy-retry-20260831/upgrade-discovery/focal-to-jammy/runtime/deb-cache/33/eb/33ebce1cc5a002475c1faad51c16dd26254e85a8b33cdf99bcac4f226d0bc9ca	12350	23ac3e99b0c2cd0179a7f40fa5a24248345e16c515f222164dad2a638b4f04cf		1	proxy_access_log
focal-to-jammy	deb	libglib2.0-data_2.72.4-0ubuntu2.9_all.deb	http://ap-northeast-2.ec2.archive.ubuntu.com/ubuntu/pool/main/g/glib2.0/libglib2.0-data_2.72.4-0ubuntu2.9_all.deb	http://ap-northeast-2.ec2.archive.ubuntu.com/ubuntu/pool/main/g/glib2.0/libglib2.0-data_2.72.4-0ubuntu2.9_all.deb	/home/aella/aws-discovery-focal-jammy-retry-20260831/upgrade-discovery/focal-to-jammy/runtime/deb-cache/e8/55/e855fca3fa8d440bc49e584becfc0031e1ad1b9d5f3d45ab51c9a0c72bd918dc	5088	109d9629aa198ac481bcdf34ba885e5937060b1159e6b1297906fcbaede9cc54		1	proxy_access_log
focal-to-jammy	deb	libelf1_0.186-1ubuntu0.1_amd64.deb	http://ap-northeast-2.ec2.archive.ubuntu.com/ubuntu/pool/main/e/elfutils/libelf1_0.186-1ubuntu0.1_amd64.deb	http://ap-northeast-2.ec2.archive.ubuntu.com/ubuntu/pool/main/e/elfutils/libelf1_0.186-1ubuntu0.1_amd64.deb	/home/aella/aws-discovery-focal-jammy-retry-20260831/upgrade-discovery/focal-to-jammy/runtime/deb-cache/ed/92/ed92817d75dbf13fb8e460072c1c4b8970387f45257596f17172c663c1d0035b	51140	2cc781614b045b450a1e073ee3b0902f393ee58ede1d2ea4526ad805fcccf538		1	proxy_access_log
focal-to-jammy	deb	libpcre3_8.39-13ubuntu0.22.04.1_amd64.deb	http://ap-northeast-2.ec2.archive.ubuntu.com/ubuntu/pool/main/p/pcre3/libpcre3_8.39-13ubuntu0.22.04.1_amd64.deb	http://ap-northeast-2.ec2.archive.ubuntu.com/ubuntu/pool/main/p/pcre3/libpcre3_8.39-13ubuntu0.22.04.1_amd64.deb	/home/aella/aws-discovery-focal-jammy-retry-20260831/upgrade-discovery/focal-to-jammy/runtime/deb-cache/d1/0e/d10e2ee3642f3017313dc188859898546755622832890fb0486ee39bb8945a60	245530	0d1eb051047eb0c637c893f618f45e1d419863bfa3bc821897ee05ad418ba22e		1	proxy_access_log
focal-to-jammy	deb	libblockdev-part-err2_2.26-1ubuntu0.1_amd64.deb	http://ap-northeast-2.ec2.archive.ubuntu.com/ubuntu/pool/main/libb/libblockdev/libblockdev-part-err2_2.26-1ubuntu0.1_amd64.deb	http://ap-northeast-2.ec2.archive.ubuntu.com/ubuntu/pool/main/libb/libblockdev/libblockdev-part-err2_2.26-1ubuntu0.1_amd64.deb	/home/aella/aws-discovery-focal-jammy-retry-20260831/upgrade-discovery/focal-to-jammy/runtime/deb-cache/f2/39/f239d9689ee02fa9226a1d603c5577dae98892668fea8399d76bdd677a90f46e	5828	51abc3612276097f0ce19c1e112d369b4674fb5914f2229ffbe1947c21150ee9		1	proxy_access_log
focal-to-jammy	deb	liblzma5_5.2.5-2ubuntu1.1_amd64.deb	http://ap-northeast-2.ec2.archive.ubuntu.com/ubuntu/pool/main/x/xz-utils/liblzma5_5.2.5-2ubuntu1.1_amd64.deb	http://ap-northeast-2.ec2.archive.ubuntu.com/ubuntu/pool/main/x/xz-utils/liblzma5_5.2.5-2ubuntu1.1_amd64.deb	/home/aella/aws-discovery-focal-jammy-retry-20260831/upgrade-discovery/focal-to-jammy/runtime/deb-cache/51/13/5113218870b1e2fb17df82a88a7a1be0824c043bd7da40f218ad15225abba1cd	99630	af77f099e7fa95a31267023535832804382fa66572a6b38002187be6e15116cb		1	proxy_access_log
focal-to-jammy	deb	libzstd1_1.4.8%2bdfsg-3build1_amd64.deb	http://ap-northeast-2.ec2.archive.ubuntu.com/ubuntu/pool/main/libz/libzstd/libzstd1_1.4.8%2bdfsg-3build1_amd64.deb	http://ap-northeast-2.ec2.archive.ubuntu.com/ubuntu/pool/main/libz/libzstd/libzstd1_1.4.8%2bdfsg-3build1_amd64.deb	/home/aella/aws-discovery-focal-jammy-retry-20260831/upgrade-discovery/focal-to-jammy/runtime/deb-cache/b2/2d/b22dd79ec4458d343b29c5bc4b7064d321ff56e54ee057decc659c2457ee32cf	324024	ae7db00ce8b093e50c994518b90203544e063b4bc574836a048bb142b950b2c9		1	proxy_access_log
focal-to-jammy	deb	kmod_29-1ubuntu1.1_amd64.deb	http://ap-northeast-2.ec2.archive.ubuntu.com/ubuntu/pool/main/k/kmod/kmod_29-1ubuntu1.1_amd64.deb	http://ap-northeast-2.ec2.archive.ubuntu.com/ubuntu/pool/main/k/kmod/kmod_29-1ubuntu1.1_amd64.deb	/home/aella/aws-discovery-focal-jammy-retry-20260831/upgrade-discovery/focal-to-jammy/runtime/deb-cache/c0/0d/c00dc7e2f45531c83347a559bb4824a639c7b998b11980a8fe91272547c120a2	101722	242f8b1c109b282ebee016d7afb2461fa846106bbfc2fb4296a0be3c8f646cfd		1	proxy_access_log
focal-to-jammy	deb	libkmod2_29-1ubuntu1.1_amd64.deb	http://ap-northeast-2.ec2.archive.ubuntu.com/ubuntu/pool/main/k/kmod/libkmod2_29-1ubuntu1.1_amd64.deb	http://ap-northeast-2.ec2.archive.ubuntu.com/ubuntu/pool/main/k/kmod/libkmod2_29-1ubuntu1.1_amd64.deb	/home/aella/aws-discovery-focal-jammy-retry-20260831/upgrade-discovery/focal-to-jammy/runtime/deb-cache/6f/46/6f46a758ec67c6bc4ef3abd8accb2d283a0ac47a01b7d77b46f4773355b74c9d	48094	29f9e84907601e604d16fc892829d50ac32415da04f9b1ce6b1f8c4ed9b93d1f		1	proxy_access_log
focal-to-jammy	deb	libblockdev-utils2_2.26-1ubuntu0.1_amd64.deb	http://ap-northeast-2.ec2.archive.ubuntu.com/ubuntu/pool/main/libb/libblockdev/libblockdev-utils2_2.26-1ubuntu0.1_amd64.deb	http://ap-northeast-2.ec2.archive.ubuntu.com/ubuntu/pool/main/libb/libblockdev/libblockdev-utils2_2.26-1ubuntu0.1_amd64.deb	/home/aella/aws-discovery-focal-jammy-retry-20260831/upgrade-discovery/focal-to-jammy/runtime/deb-cache/87/5e/875e34bc5027ff96e0e035ac3777c2cb048a4ec50eeb42a4f57944cd5a7c5ff2	16586	b293efeddf23d6dfd47cd62dbb693258dc34fbc2da6769dba5d84ad82d273ad1		1	proxy_access_log
focal-to-jammy	deb	libparted-fs-resize0_3.4-2build1_amd64.deb	http://ap-northeast-2.ec2.archive.ubuntu.com/ubuntu/pool/main/p/parted/libparted-fs-resize0_3.4-2build1_amd64.deb	http://ap-northeast-2.ec2.archive.ubuntu.com/ubuntu/pool/main/p/parted/libparted-fs-resize0_3.4-2build1_amd64.deb	/home/aella/aws-discovery-focal-jammy-retry-20260831/upgrade-discovery/focal-to-jammy/runtime/deb-cache/2d/65/2d6546c48485ada634f4e790e4d9e6ee159df02b99a21fb4f152b3dbff87d87e	46622	18800ffd0d66ea7ac43fe7bd4a1ab8f6fd8a6eafb55af23050e1f3d46a841a5c		1	proxy_access_log
focal-to-jammy	deb	install-info_6.8-4build1_amd64.deb	http://ap-northeast-2.ec2.archive.ubuntu.com/ubuntu/pool/main/t/texinfo/install-info_6.8-4build1_amd64.deb	http://ap-northeast-2.ec2.archive.ubuntu.com/ubuntu/pool/main/t/texinfo/install-info_6.8-4build1_amd64.deb	/home/aella/aws-discovery-focal-jammy-retry-20260831/upgrade-discovery/focal-to-jammy/runtime/deb-cache/d2/3c/d23cd10f751c7eb01809b8f4c46bf29fdcaec20e83c5991c41d75c20e8c8a356	88074	c2045412f14ea6f83bdfd808e9127fe314f3b45b4f14a797d0b3cc9db210d52d		1	proxy_access_log
focal-to-jammy	deb	readline-common_8.1.2-1_all.deb	http://ap-northeast-2.ec2.archive.ubuntu.com/ubuntu/pool/main/r/readline/readline-common_8.1.2-1_all.deb	http://ap-northeast-2.ec2.archive.ubuntu.com/ubuntu/pool/main/r/readline/readline-common_8.1.2-1_all.deb	/home/aella/aws-discovery-focal-jammy-retry-20260831/upgrade-discovery/focal-to-jammy/runtime/deb-cache/b9/63/b96331236802509fd6f2ac9575beed5ae32237fd1a1ac1ee45470107b8a01b5e	53544	a78d02935f6107a12d3d349c25ce4f92fcdcbf6b65e37f1f5a13a9054b5b9e94		1	proxy_access_log
focal-to-jammy	deb	libncurses6_6.3-2ubuntu0.2_amd64.deb	http://ap-northeast-2.ec2.archive.ubuntu.com/ubuntu/pool/main/n/ncurses/libncurses6_6.3-2ubuntu0.2_amd64.deb	http://ap-northeast-2.ec2.archive.ubuntu.com/ubuntu/pool/main/n/ncurses/libncurses6_6.3-2ubuntu0.2_amd64.deb	/home/aella/aws-discovery-focal-jammy-retry-20260831/upgrade-discovery/focal-to-jammy/runtime/deb-cache/31/71/3171908d13087d2e4c53427c2f9a4d3100ae65953ddc2588e0362a74f304f9cc	111272	0ab876ebf9b8a9118cd45afe435a95e3ec2e6e0302f44c18e3fdc28f26be75ee		1	proxy_access_log
focal-to-jammy	deb	libncursesw6_6.3-2ubuntu0.2_amd64.deb	http://ap-northeast-2.ec2.archive.ubuntu.com/ubuntu/pool/main/n/ncurses/libncursesw6_6.3-2ubuntu0.2_amd64.deb	http://ap-northeast-2.ec2.archive.ubuntu.com/ubuntu/pool/main/n/ncurses/libncursesw6_6.3-2ubuntu0.2_amd64.deb	/home/aella/aws-discovery-focal-jammy-retry-20260831/upgrade-discovery/focal-to-jammy/runtime/deb-cache/1f/86/1f8670756cc3725db0d973b23b4e08fd8ba72b5b84b7685f950344e5c16ddf14	147456	eda6edfd869fa0240dda3eb7ae5d25c2c16363a2dc18a0a216407a4c1ee30804		1	proxy_access_log
focal-to-jammy	deb	libtinfo6_6.3-2ubuntu0.2_amd64.deb	http://ap-northeast-2.ec2.archive.ubuntu.com/ubuntu/pool/main/n/ncurses/libtinfo6_6.3-2ubuntu0.2_amd64.deb	http://ap-northeast-2.ec2.archive.ubuntu.com/ubuntu/pool/main/n/ncurses/libtinfo6_6.3-2ubuntu0.2_amd64.deb	/home/aella/aws-discovery-focal-jammy-retry-20260831/upgrade-discovery/focal-to-jammy/runtime/deb-cache/e3/11/e311cf2eae67763ab29cdfe22362638ba9ed5f5c4cd337176cc570bb9e428a3e	104560	47ee28ef9c424ce2010e91101f0c2c98009a432071bc654c4379e2f62b6335d8		1	proxy_access_log
focal-to-jammy	deb	libreadline8_8.1.2-1_amd64.deb	http://ap-northeast-2.ec2.archive.ubuntu.com/ubuntu/pool/main/r/readline/libreadline8_8.1.2-1_amd64.deb	http://ap-northeast-2.ec2.archive.ubuntu.com/ubuntu/pool/main/r/readline/libreadline8_8.1.2-1_amd64.deb	/home/aella/aws-discovery-focal-jammy-retry-20260831/upgrade-discovery/focal-to-jammy/runtime/deb-cache/6a/9d/6a9dd7446e8153c7ac49ef51ec653b6ac7f1b01f8294ef78601e6d8199973c5b	153210	51fd16f608efa710c987e4b071ffba0bec63a9ac8e55eddd5770f5e5252edc09		1	proxy_access_log
focal-to-jammy	deb	parted_3.4-2build1_amd64.deb	http://ap-northeast-2.ec2.archive.ubuntu.com/ubuntu/pool/main/p/parted/parted_3.4-2build1_amd64.deb	http://ap-northeast-2.ec2.archive.ubuntu.com/ubuntu/pool/main/p/parted/parted_3.4-2build1_amd64.deb	/home/aella/aws-discovery-focal-jammy-retry-20260831/upgrade-discovery/focal-to-jammy/runtime/deb-cache/eb/e6/ebe68c7551de663fa2c6c17a6c94d67d3e399fe070bbbe6c3842d4805156d043	47480	e67aeb40f3b71c0f4696a998618e7c5f340b36b96a0294374b1fa6ec4ccd0d77		1	proxy_access_log
focal-to-jammy	deb	dmidecode_3.3-3ubuntu0.2_amd64.deb	http://ap-northeast-2.ec2.archive.ubuntu.com/ubuntu/pool/main/d/dmidecode/dmidecode_3.3-3ubuntu0.2_amd64.deb	http://ap-northeast-2.ec2.archive.ubuntu.com/ubuntu/pool/main/d/dmidecode/dmidecode_3.3-3ubuntu0.2_amd64.deb	/home/aella/aws-discovery-focal-jammy-retry-20260831/upgrade-discovery/focal-to-jammy/runtime/deb-cache/ad/67/ad67b1dab76f2c920cac563ec1c51c24a98500441eab566f32c08fc4d583e654	68534	336814f369929efd6a80897ddd9af0aa02a00e1edb5c7ff4e9bd312b42d67741		1	proxy_access_log
focal-to-jammy	deb	libparted2_3.4-2build1_amd64.deb	http://ap-northeast-2.ec2.archive.ubuntu.com/ubuntu/pool/main/p/parted/libparted2_3.4-2build1_amd64.deb	http://ap-northeast-2.ec2.archive.ubuntu.com/ubuntu/pool/main/p/parted/libparted2_3.4-2build1_amd64.deb	/home/aella/aws-discovery-focal-jammy-retry-20260831/upgrade-discovery/focal-to-jammy/runtime/deb-cache/53/8d/538dd81744f21a633eefdc31d33875fd254b6abd4fe516b389a62e2035d93ad6	174456	aa1304963d353d34a14d8c8cb8a4ea085bdaa447ae504d971806f61b680c583d		1	proxy_access_log
focal-to-jammy	deb	libpopt0_1.18-3build1_amd64.deb	http://ap-northeast-2.ec2.archive.ubuntu.com/ubuntu/pool/main/p/popt/libpopt0_1.18-3build1_amd64.deb	http://ap-northeast-2.ec2.archive.ubuntu.com/ubuntu/pool/main/p/popt/libpopt0_1.18-3build1_amd64.deb	/home/aella/aws-discovery-focal-jammy-retry-20260831/upgrade-discovery/focal-to-jammy/runtime/deb-cache/4b/d7/4bd77856df652e6be9208189ec2e3c884905b1f2040a094f5519ff8aacbe2873	28160	253dfe5a676d48eb1020ca3580e77b3683ccdc3a712747e834aa59edf50d0ced		1	proxy_access_log
focal-to-jammy	deb	libstdc%2b%2b6_12.3.0-1ubuntu1%7e22.04.3_amd64.deb	http://ap-northeast-2.ec2.archive.ubuntu.com/ubuntu/pool/main/g/gcc-12/libstdc%2b%2b6_12.3.0-1ubuntu1%7e22.04.3_amd64.deb	http://ap-northeast-2.ec2.archive.ubuntu.com/ubuntu/pool/main/g/gcc-12/libstdc%2b%2b6_12.3.0-1ubuntu1%7e22.04.3_amd64.deb	/home/aella/aws-discovery-focal-jammy-retry-20260831/upgrade-discovery/focal-to-jammy/runtime/deb-cache/06/f7/06f7d37c4af726c8eadad1f55cd5e2f66037c1f5c4b286237faa8ec912c438e0	698608	29ef3d289b272704b75141906c8f683db0f2bdb0942061366691333bfb289bdc		1	proxy_access_log
focal-to-jammy	deb	gdisk_1.0.8-4build1_amd64.deb	http://ap-northeast-2.ec2.archive.ubuntu.com/ubuntu/pool/main/g/gdisk/gdisk_1.0.8-4build1_amd64.deb	http://ap-northeast-2.ec2.archive.ubuntu.com/ubuntu/pool/main/g/gdisk/gdisk_1.0.8-4build1_amd64.deb	/home/aella/aws-discovery-focal-jammy-retry-20260831/upgrade-discovery/focal-to-jammy/runtime/deb-cache/0b/cc/0bcc108c6ff83dc6e3492b2f5502a4716531e886247c0264fd753522d42ae4fb	240374	f87ec658cab250fea9d925304935e82025f6a7c88130e0560a2983d8e32b403a		1	proxy_access_log
focal-to-jammy	deb	libsmartcols1_2.37.2-4ubuntu3.5_amd64.deb	http://ap-northeast-2.ec2.archive.ubuntu.com/ubuntu/pool/main/u/util-linux/libsmartcols1_2.37.2-4ubuntu3.5_amd64.deb	http://ap-northeast-2.ec2.archive.ubuntu.com/ubuntu/pool/main/u/util-linux/libsmartcols1_2.37.2-4ubuntu3.5_amd64.deb	/home/aella/aws-discovery-focal-jammy-retry-20260831/upgrade-discovery/focal-to-jammy/runtime/deb-cache/b3/f0/b3f0ce171c4f288ae555e55648062136de7d2042a4f9e18d3cd97d3a2ba078da	50690	c9f350b9cc8d9c5c1312cdbfd3fa3aadf54861db3f1f17a04332dd4796ba715f		1	proxy_access_log
focal-to-jammy	deb	libsemanage-common_3.3-1build2_all.deb	http://ap-northeast-2.ec2.archive.ubuntu.com/ubuntu/pool/main/libs/libsemanage/libsemanage-common_3.3-1build2_all.deb	http://ap-northeast-2.ec2.archive.ubuntu.com/ubuntu/pool/main/libs/libsemanage/libsemanage-common_3.3-1build2_all.deb	/home/aella/aws-discovery-focal-jammy-retry-20260831/upgrade-discovery/focal-to-jammy/runtime/deb-cache/5e/15/5e151df1ccfc6bc70040493ea6b9b8eb51c8debf6ea1f8ca4160c2f987b929c4	9874	bb60d1049ed3d7838b395785cab09f2210c04878fcae9391ea3499f62d04ec2d		1	proxy_access_log
focal-to-jammy	deb	libsepol2_3.3-1build1_amd64.deb	http://ap-northeast-2.ec2.archive.ubuntu.com/ubuntu/pool/main/libs/libsepol/libsepol2_3.3-1build1_amd64.deb	http://ap-northeast-2.ec2.archive.ubuntu.com/ubuntu/pool/main/libs/libsepol/libsepol2_3.3-1build1_amd64.deb	/home/aella/aws-discovery-focal-jammy-retry-20260831/upgrade-discovery/focal-to-jammy/runtime/deb-cache/61/d4/61d49e00218dbeb8b3ff7455840091992e43bad5a4b9397e59d5a353d658be71	281694	d47b019f21865a9692e361d260e96a3234fd934cee37026dad8f41228d9363d8		1	proxy_access_log
focal-to-jammy	deb	libsemanage2_3.3-1build2_amd64.deb	http://ap-northeast-2.ec2.archive.ubuntu.com/ubuntu/pool/main/libs/libsemanage/libsemanage2_3.3-1build2_amd64.deb	http://ap-northeast-2.ec2.archive.ubuntu.com/ubuntu/pool/main/libs/libsemanage/libsemanage2_3.3-1build2_amd64.deb	/home/aella/aws-discovery-focal-jammy-retry-20260831/upgrade-discovery/focal-to-jammy/runtime/deb-cache/e4/5d/e45de8fb5c159393ceb9682dc40205351641f2f04705c12492c9999d2dfba357	92630	0ab2748fce09293ca2c4c1214460409f834be1736ec1b1841927302efd8fa9da		1	proxy_access_log
focal-to-jammy	deb	passwd_4.8.1-2ubuntu2.2_amd64.deb	http://ap-northeast-2.ec2.archive.ubuntu.com/ubuntu/pool/main/s/shadow/passwd_4.8.1-2ubuntu2.2_amd64.deb	http://ap-northeast-2.ec2.archive.ubuntu.com/ubuntu/pool/main/s/shadow/passwd_4.8.1-2ubuntu2.2_amd64.deb	/home/aella/aws-discovery-focal-jammy-retry-20260831/upgrade-discovery/focal-to-jammy/runtime/deb-cache/d9/5f/d95f03f7b39f0c18aef82692506edd281078afb20af72b18842b33b99248d1a8	767620	825a5756013fbb2217b244b2fd6bef7ed10d037f1d8abd6b25fc9ea1c42a7576		1	proxy_access_log
focal-to-jammy	deb	libpam-modules-bin_1.4.0-11ubuntu2.8_amd64.deb	http://ap-northeast-2.ec2.archive.ubuntu.com/ubuntu/pool/main/p/pam/libpam-modules-bin_1.4.0-11ubuntu2.8_amd64.deb	http://ap-northeast-2.ec2.archive.ubuntu.com/ubuntu/pool/main/p/pam/libpam-modules-bin_1.4.0-11ubuntu2.8_amd64.deb	/home/aella/aws-discovery-focal-jammy-retry-20260831/upgrade-discovery/focal-to-jammy/runtime/deb-cache/57/00/5700cb436142a1c8cc2f6c14b3abd316d023fe92077abf7838e3a1d196d7aa28	37588	a69963ed0bfce4f23bc613663dbff1c23f95b67c0ae439d330895621ac60a5d0		1	proxy_access_log
focal-to-jammy	deb	libpam-modules_1.4.0-11ubuntu2.8_amd64.deb	http://ap-northeast-2.ec2.archive.ubuntu.com/ubuntu/pool/main/p/pam/libpam-modules_1.4.0-11ubuntu2.8_amd64.deb	http://ap-northeast-2.ec2.archive.ubuntu.com/ubuntu/pool/main/p/pam/libpam-modules_1.4.0-11ubuntu2.8_amd64.deb	/home/aella/aws-discovery-focal-jammy-retry-20260831/upgrade-discovery/focal-to-jammy/runtime/deb-cache/8f/e2/8fe2c37640b9b8aff9b429e4631ab1ef15d2ff59f1766bdeae1fe82c6e0a6e5e	282100	5dea19867b356853b5d47d75ddf5e1ee240da12d6e897fadcdaec618a5737b2b		1	proxy_access_log
focal-to-jammy	deb	adduser_3.118ubuntu5_all.deb	http://ap-northeast-2.ec2.archive.ubuntu.com/ubuntu/pool/main/a/adduser/adduser_3.118ubuntu5_all.deb	http://ap-northeast-2.ec2.archive.ubuntu.com/ubuntu/pool/main/a/adduser/adduser_3.118ubuntu5_all.deb	/home/aella/aws-discovery-focal-jammy-retry-20260831/upgrade-discovery/focal-to-jammy/runtime/deb-cache/78/fb/78fbc92085540cb0141ae9f3c70dcab0cb80dd35e7bab763f2cae93ad6a503a5	155528	53c30389227d4d16f1108a1df7ae1540c890378318335d1dc7ee95b7257f1f17		1	proxy_access_log
focal-to-jammy	deb	libapparmor1_3.0.4-2ubuntu2.5_amd64.deb	http://ap-northeast-2.ec2.archive.ubuntu.com/ubuntu/pool/main/a/apparmor/libapparmor1_3.0.4-2ubuntu2.5_amd64.deb	http://ap-northeast-2.ec2.archive.ubuntu.com/ubuntu/pool/main/a/apparmor/libapparmor1_3.0.4-2ubuntu2.5_amd64.deb	/home/aella/aws-discovery-focal-jammy-retry-20260831/upgrade-discovery/focal-to-jammy/runtime/deb-cache/69/c3/69c395c860226c86f1d8cc45f0d70ce43fea0b53c6eca4cfc5bf2d2fe3b84815	39626	800828c6b8597e8798e97d41aa13042b95da6172aa6813a51930266017c19c1e		1	proxy_access_log
focal-to-jammy	deb	libcap2_2.44-1ubuntu0.22.04.3_amd64.deb	http://ap-northeast-2.ec2.archive.ubuntu.com/ubuntu/pool/main/libc/libcap2/libcap2_2.44-1ubuntu0.22.04.3_amd64.deb	http://ap-northeast-2.ec2.archive.ubuntu.com/ubuntu/pool/main/libc/libcap2/libcap2_2.44-1ubuntu0.22.04.3_amd64.deb	/home/aella/aws-discovery-focal-jammy-retry-20260831/upgrade-discovery/focal-to-jammy/runtime/deb-cache/1b/76/1b76f685fd7638b1b61b19878c468e06c98fcf9a1ab93f0c2ec97198f439f57a	18548	c497efb7fa3cd19a7ff297d95c7c5d678063c80c9fc230c9d034a8ee02ca8446		1	proxy_access_log
focal-to-jammy	deb	libpam-runtime_1.4.0-11ubuntu2.8_all.deb	http://ap-northeast-2.ec2.archive.ubuntu.com/ubuntu/pool/main/p/pam/libpam-runtime_1.4.0-11ubuntu2.8_all.deb	http://ap-northeast-2.ec2.archive.ubuntu.com/ubuntu/pool/main/p/pam/libpam-runtime_1.4.0-11ubuntu2.8_all.deb	/home/aella/aws-discovery-focal-jammy-retry-20260831/upgrade-discovery/focal-to-jammy/runtime/deb-cache/0b/79/0b792f02e27a355043b1aaac295843d417160bc1796712c32de830a30c21f9e4	40226	e260c1c94c92a1b14ae231a02794efeb019e9acc1df03e37d1d4badd063e4fff		1	proxy_access_log
focal-to-jammy	deb	libbpf0_0.5.0-1ubuntu22.04.1_amd64.deb	http://ap-northeast-2.ec2.archive.ubuntu.com/ubuntu/pool/main/libb/libbpf/libbpf0_0.5.0-1ubuntu22.04.1_amd64.deb	http://ap-northeast-2.ec2.archive.ubuntu.com/ubuntu/pool/main/libb/libbpf/libbpf0_0.5.0-1ubuntu22.04.1_amd64.deb	/home/aella/aws-discovery-focal-jammy-retry-20260831/upgrade-discovery/focal-to-jammy/runtime/deb-cache/08/0b/080b122129fd341b13180084562931d3ea7036364d9108ff4fcacb8a056775b5	140058	d5883b9906b3bdac371ccc12d618547f0fd680c1967b3081419ce2791eba1271		1	proxy_access_log
focal-to-jammy	deb	libmd0_1.0.4-1build1_amd64.deb	http://ap-northeast-2.ec2.archive.ubuntu.com/ubuntu/pool/main/libm/libmd/libmd0_1.0.4-1build1_amd64.deb	http://ap-northeast-2.ec2.archive.ubuntu.com/ubuntu/pool/main/libm/libmd/libmd0_1.0.4-1build1_amd64.deb	/home/aella/aws-discovery-focal-jammy-retry-20260831/upgrade-discovery/focal-to-jammy/runtime/deb-cache/e1/41/e141fdc9039b7538ba0b1623241ad2e54fbbefc3dea2d48624afda80d409cfe1	22964	bcdad5e400aeb660f0337a1c5c1a77e3effa91d0803e64ce2d000e9006f67cdb		1	proxy_access_log
focal-to-jammy	deb	libbsd0_0.11.5-1_amd64.deb	http://ap-northeast-2.ec2.archive.ubuntu.com/ubuntu/pool/main/libb/libbsd/libbsd0_0.11.5-1_amd64.deb	http://ap-northeast-2.ec2.archive.ubuntu.com/ubuntu/pool/main/libb/libbsd/libbsd0_0.11.5-1_amd64.deb	/home/aella/aws-discovery-focal-jammy-retry-20260831/upgrade-discovery/focal-to-jammy/runtime/deb-cache/83/e8/83e8660ba43a3649b1ad47ca2b5a191884c08b1b3fcac28df453628c48484296	44760	09367acdf59f28ffb71ba7bc36c516cff03b2765930cf9be7bb7ea7273e4c312		1	proxy_access_log
focal-to-jammy	deb	libmnl0_1.0.4-3build2_amd64.deb	http://ap-northeast-2.ec2.archive.ubuntu.com/ubuntu/pool/main/libm/libmnl/libmnl0_1.0.4-3build2_amd64.deb	http://ap-northeast-2.ec2.archive.ubuntu.com/ubuntu/pool/main/libm/libmnl/libmnl0_1.0.4-3build2_amd64.deb	/home/aella/aws-discovery-focal-jammy-retry-20260831/upgrade-discovery/focal-to-jammy/runtime/deb-cache/85/6c/856c878653fac3f43bddbd8f4acee6d0c432402721dc6c3b25dacb602412a885	13216	e0ed2e88526830896a9efcef75a3d019b40cdac5a56d6605c426296979708f4a		1	proxy_access_log
focal-to-jammy	deb	libiptc0_1.8.7-1ubuntu5.2_amd64.deb	http://ap-northeast-2.ec2.archive.ubuntu.com/ubuntu/pool/universe/i/iptables/libiptc0_1.8.7-1ubuntu5.2_amd64.deb	http://ap-northeast-2.ec2.archive.ubuntu.com/ubuntu/pool/universe/i/iptables/libiptc0_1.8.7-1ubuntu5.2_amd64.deb	/home/aella/aws-discovery-focal-jammy-retry-20260831/upgrade-discovery/focal-to-jammy/runtime/deb-cache/01/3a/013aacbd86eaa1cf652842c85d2cec179c90ce903e5ccb0d37df05e9d29580a9	4018	3bf95ba0ace8f681baeb0ac668e80cf499c8bb131f5b33b609898094f666ef0e		1	proxy_access_log
focal-to-jammy	deb	libxtables12_1.8.7-1ubuntu5.2_amd64.deb	http://ap-northeast-2.ec2.archive.ubuntu.com/ubuntu/pool/main/i/iptables/libxtables12_1.8.7-1ubuntu5.2_amd64.deb	http://ap-northeast-2.ec2.archive.ubuntu.com/ubuntu/pool/main/i/iptables/libxtables12_1.8.7-1ubuntu5.2_amd64.deb	/home/aella/aws-discovery-focal-jammy-retry-20260831/upgrade-discovery/focal-to-jammy/runtime/deb-cache/d2/e5/d2e5a76baf34d130cf87dad2df3f26560597aad2eb6a5c8873720a7eb5d3d4d9	31300	c2e99be5d2f06ce776883c3d11dbe58f1c735e2ad9acd9ea2faa584829eddb16		1	proxy_access_log
focal-to-jammy	deb	iptables_1.8.7-1ubuntu5.2_amd64.deb	http://ap-northeast-2.ec2.archive.ubuntu.com/ubuntu/pool/main/i/iptables/iptables_1.8.7-1ubuntu5.2_amd64.deb	http://ap-northeast-2.ec2.archive.ubuntu.com/ubuntu/pool/main/i/iptables/iptables_1.8.7-1ubuntu5.2_amd64.deb	/home/aella/aws-discovery-focal-jammy-retry-20260831/upgrade-discovery/focal-to-jammy/runtime/deb-cache/40/c4/40c4710994f12623073a3d733dd1f4a8a1beaf6c0b2930fe34d3fe83fa3e18fb	455364	a14fe8043d9032bc134626e64a9d008ab77d63ebb17d4a37f1f1f7c64c76792d		1	proxy_access_log
focal-to-jammy	deb	libip4tc2_1.8.7-1ubuntu5.2_amd64.deb	http://ap-northeast-2.ec2.archive.ubuntu.com/ubuntu/pool/main/i/iptables/libip4tc2_1.8.7-1ubuntu5.2_amd64.deb	http://ap-northeast-2.ec2.archive.ubuntu.com/ubuntu/pool/main/i/iptables/libip4tc2_1.8.7-1ubuntu5.2_amd64.deb	/home/aella/aws-discovery-focal-jammy-retry-20260831/upgrade-discovery/focal-to-jammy/runtime/deb-cache/91/9b/919b84f81c0dfeb467f0b81aad5a60adac6ffabcb9f322f7554b2f7d436c5672	19872	4553f8a7089312da5e8ffcae9db70c0ff54858d23e6892db7bfcaac2449d235d		1	proxy_access_log
focal-to-jammy	deb	libip6tc2_1.8.7-1ubuntu5.2_amd64.deb	http://ap-northeast-2.ec2.archive.ubuntu.com/ubuntu/pool/main/i/iptables/libip6tc2_1.8.7-1ubuntu5.2_amd64.deb	http://ap-northeast-2.ec2.archive.ubuntu.com/ubuntu/pool/main/i/iptables/libip6tc2_1.8.7-1ubuntu5.2_amd64.deb	/home/aella/aws-discovery-focal-jammy-retry-20260831/upgrade-discovery/focal-to-jammy/runtime/deb-cache/b7/a7/b7a7af493788a50560f59c09cd5ac3b9a9c477898104856058856fe7d4f7bf07	20326	76cdfc9065400fa58b233957691ee31e278ae20ed555f8f9e0329d4123b62153		1	proxy_access_log
focal-to-jammy	deb	netbase_6.3_all.deb	http://ap-northeast-2.ec2.archive.ubuntu.com/ubuntu/pool/main/n/netbase/netbase_6.3_all.deb	http://ap-northeast-2.ec2.archive.ubuntu.com/ubuntu/pool/main/n/netbase/netbase_6.3_all.deb	/home/aella/aws-discovery-focal-jammy-retry-20260831/upgrade-discovery/focal-to-jammy/runtime/deb-cache/6b/00/6b00a02fc3753310dfee80b199f1df3864f9c97d93c129e77ee397d2443aee59	12924	480bbd894069e5da7a25f070ea0ebaded7f64bdd34a119558cc2fe7137762a79		1	proxy_access_log
focal-to-jammy	deb	libnfnetlink0_1.0.1-3build3_amd64.deb	http://ap-northeast-2.ec2.archive.ubuntu.com/ubuntu/pool/main/libn/libnfnetlink/libnfnetlink0_1.0.1-3build3_amd64.deb	http://ap-northeast-2.ec2.archive.ubuntu.com/ubuntu/pool/main/libn/libnfnetlink/libnfnetlink0_1.0.1-3build3_amd64.deb	/home/aella/aws-discovery-focal-jammy-retry-20260831/upgrade-discovery/focal-to-jammy/runtime/deb-cache/10/17/101703945ea281d31a26dd68da09136d477cbba483b297f6fdb63b7fd72b0f24	14562	9c7b2e9fa8f60bd1d0a85d5082cdec10ec1aa7be3ad8c0e4265c28cc8e72ec9a		1	proxy_access_log
focal-to-jammy	deb	libnetfilter-conntrack3_1.0.9-1_amd64.deb	http://ap-northeast-2.ec2.archive.ubuntu.com/ubuntu/pool/main/libn/libnetfilter-conntrack/libnetfilter-conntrack3_1.0.9-1_amd64.deb	http://ap-northeast-2.ec2.archive.ubuntu.com/ubuntu/pool/main/libn/libnetfilter-conntrack/libnetfilter-conntrack3_1.0.9-1_amd64.deb	/home/aella/aws-discovery-focal-jammy-retry-20260831/upgrade-discovery/focal-to-jammy/runtime/deb-cache/b2/3c/b23cb36621d2a16ab66e339e796c38649c6e1937b28e402b9375c3ef70dcc235	45344	49a31bd83385cfcb630194b9bcf119af681f08a65c86a437423e344e6b4bc806		1	proxy_access_log
focal-to-jammy	deb	libnftnl11_1.2.1-1build1_amd64.deb	http://ap-northeast-2.ec2.archive.ubuntu.com/ubuntu/pool/main/libn/libnftnl/libnftnl11_1.2.1-1build1_amd64.deb	http://ap-northeast-2.ec2.archive.ubuntu.com/ubuntu/pool/main/libn/libnftnl/libnftnl11_1.2.1-1build1_amd64.deb	/home/aella/aws-discovery-focal-jammy-retry-20260831/upgrade-discovery/focal-to-jammy/runtime/deb-cache/31/3b/313b95578f11fa03a04e16badcc262a060ac62d6fa66b475fd940e89d65f12e7	65544	a2c19952be8ca65e3464773009490701a0a49e1ef984d9140158371f909f2606		1	proxy_access_log
focal-to-jammy	deb	libpam-cap_2.44-1ubuntu0.22.04.3_amd64.deb	http://ap-northeast-2.ec2.archive.ubuntu.com/ubuntu/pool/main/libc/libcap2/libpam-cap_2.44-1ubuntu0.22.04.3_amd64.deb	http://ap-northeast-2.ec2.archive.ubuntu.com/ubuntu/pool/main/libc/libcap2/libpam-cap_2.44-1ubuntu0.22.04.3_amd64.deb	/home/aella/aws-discovery-focal-jammy-retry-20260831/upgrade-discovery/focal-to-jammy/runtime/deb-cache/6f/ca/6fcac53704d3df1b97db4d02658419134a662f23f326faee76ade98a4c0ec92f	7928	3e8cdd69d1ccfd87c2178444d7a5ca38f473039a06e7754e2c9aeecbe7939549		1	proxy_access_log
focal-to-jammy	deb	libcap2-bin_2.44-1ubuntu0.22.04.3_amd64.deb	http://ap-northeast-2.ec2.archive.ubuntu.com/ubuntu/pool/main/libc/libcap2/libcap2-bin_2.44-1ubuntu0.22.04.3_amd64.deb	http://ap-northeast-2.ec2.archive.ubuntu.com/ubuntu/pool/main/libc/libcap2/libcap2-bin_2.44-1ubuntu0.22.04.3_amd64.deb	/home/aella/aws-discovery-focal-jammy-retry-20260831/upgrade-discovery/focal-to-jammy/runtime/deb-cache/ee/7c/ee7c595ab5438d012eeaa295899ffb788492c2d81cafebd6f1e65d651e23860d	26018	206f2bb13e84966c0c2cafb49019889a67056feb467d6deace26ce6eba70bc8c		1	proxy_access_log
focal-to-jammy	deb	iproute2_5.15.0-1ubuntu2.2_amd64.deb	http://ap-northeast-2.ec2.archive.ubuntu.com/ubuntu/pool/main/i/iproute2/iproute2_5.15.0-1ubuntu2.2_amd64.deb	http://ap-northeast-2.ec2.archive.ubuntu.com/ubuntu/pool/main/i/iproute2/iproute2_5.15.0-1ubuntu2.2_amd64.deb	/home/aella/aws-discovery-focal-jammy-retry-20260831/upgrade-discovery/focal-to-jammy/runtime/deb-cache/a4/7f/a47feccd032679e8391bac0852243fef5efcecd29b76beaa4810995ba602c8a1	1072048	9e9d6354e9d32683e56191ef6638e37e73698daa9b7765e2563b38eff34b0890		1	proxy_access_log
focal-to-jammy	deb	acl_2.3.1-1_amd64.deb	http://ap-northeast-2.ec2.archive.ubuntu.com/ubuntu/pool/main/a/acl/acl_2.3.1-1_amd64.deb	http://ap-northeast-2.ec2.archive.ubuntu.com/ubuntu/pool/main/a/acl/acl_2.3.1-1_amd64.deb	/home/aella/aws-discovery-focal-jammy-retry-20260831/upgrade-discovery/focal-to-jammy/runtime/deb-cache/ac/7b/ac7bb0b2a4c992b483d9e3a0f1f7c1d73496b15c0bd58d134df0b18fe3b83ddc	38456	42d0071e8c1898fb2910ce7b8f7e8fbe353fdada4416148530fd22bddab7e0b1		1	proxy_access_log
focal-to-jammy	deb	libacl1_2.3.1-1_amd64.deb	http://ap-northeast-2.ec2.archive.ubuntu.com/ubuntu/pool/main/a/acl/libacl1_2.3.1-1_amd64.deb	http://ap-northeast-2.ec2.archive.ubuntu.com/ubuntu/pool/main/a/acl/libacl1_2.3.1-1_amd64.deb	/home/aella/aws-discovery-focal-jammy-retry-20260831/upgrade-discovery/focal-to-jammy/runtime/deb-cache/71/71/71718f5446e0efe9e30e7f1bb5aa2a80fae545cfaa915801042ed1d0d642d78a	16218	4db2c64ec74f673ed022e92cce7b83d0cbe0b779e02ca60a56ba59ae07754e05		1	proxy_access_log
focal-to-jammy	deb	lz4_1.9.3-2build2_amd64.deb	http://ap-northeast-2.ec2.archive.ubuntu.com/ubuntu/pool/main/l/lz4/lz4_1.9.3-2build2_amd64.deb	http://ap-northeast-2.ec2.archive.ubuntu.com/ubuntu/pool/main/l/lz4/lz4_1.9.3-2build2_amd64.deb	/home/aella/aws-discovery-focal-jammy-retry-20260831/upgrade-discovery/focal-to-jammy/runtime/deb-cache/09/b7/09b7d15cb84efe4d689c064e72ce7106bf232ad74607576379ddd2a29a1f5e5d	90030	4d1ead8ba32f4bb6583f1e006cccbbf7c98f76aba37f61b5d5bcc13b4426be29		1	proxy_access_log
focal-to-jammy	deb	liblz4-1_1.9.3-2build2_amd64.deb	http://ap-northeast-2.ec2.archive.ubuntu.com/ubuntu/pool/main/l/lz4/liblz4-1_1.9.3-2build2_amd64.deb	http://ap-northeast-2.ec2.archive.ubuntu.com/ubuntu/pool/main/l/lz4/liblz4-1_1.9.3-2build2_amd64.deb	/home/aella/aws-discovery-focal-jammy-retry-20260831/upgrade-discovery/focal-to-jammy/runtime/deb-cache/1a/19/1a1932d5bd92df20e644a708d50d63c0f4a82cc98aa704b2822b560c36d65629	56930	ac9b54d0feb840345060c74fb687675c5e1eb2b195effafae38c5f9991041e98		1	proxy_access_log
focal-to-jammy	deb	libseccomp2_2.5.3-2ubuntu3%7e22.04.1_amd64.deb	http://ap-northeast-2.ec2.archive.ubuntu.com/ubuntu/pool/main/libs/libseccomp/libseccomp2_2.5.3-2ubuntu3%7e22.04.1_amd64.deb	http://ap-northeast-2.ec2.archive.ubuntu.com/ubuntu/pool/main/libs/libseccomp/libseccomp2_2.5.3-2ubuntu3%7e22.04.1_amd64.deb	/home/aella/aws-discovery-focal-jammy-retry-20260831/upgrade-discovery/focal-to-jammy/runtime/deb-cache/8b/e2/8be28472a84ea810fb575a4a7be04b588fe853948438c0493744e43f19c6f18d	47378	25c63fd46d24f518f362c47c429b6918182875b0c58f7e2742aaa2d1e545bbac		1	proxy_access_log
focal-to-jammy	deb	mount_2.37.2-4ubuntu3.5_amd64.deb	http://ap-northeast-2.ec2.archive.ubuntu.com/ubuntu/pool/main/u/util-linux/mount_2.37.2-4ubuntu3.5_amd64.deb	http://ap-northeast-2.ec2.archive.ubuntu.com/ubuntu/pool/main/u/util-linux/mount_2.37.2-4ubuntu3.5_amd64.deb	/home/aella/aws-discovery-focal-jammy-retry-20260831/upgrade-discovery/focal-to-jammy/runtime/deb-cache/56/6f/566f1de068aed1a18b7294cdce5730ea67638de8509ea7c7e19431c74a36f5bd	114094	6ba3053e40c27bbdc8c632928e164fe49add90f407a0dca28a5a218c6618c92a		1	proxy_access_log
focal-to-jammy	deb	klibc-utils_2.0.10-4ubuntu0.2_amd64.deb	http://ap-northeast-2.ec2.archive.ubuntu.com/ubuntu/pool/main/k/klibc/klibc-utils_2.0.10-4ubuntu0.2_amd64.deb	http://ap-northeast-2.ec2.archive.ubuntu.com/ubuntu/pool/main/k/klibc/klibc-utils_2.0.10-4ubuntu0.2_amd64.deb	/home/aella/aws-discovery-focal-jammy-retry-20260831/upgrade-discovery/focal-to-jammy/runtime/deb-cache/6a/43/6a43063eebd17191598b54595645913b523599aac9e4febd627242fd20b3db8b	99954	b5e9e780761ffade433ae67906fcc6950de96b7012361f1221971be843a4b523		1	proxy_access_log
focal-to-jammy	deb	grub2-common_2.06-2ubuntu7.2_amd64.deb	http://ap-northeast-2.ec2.archive.ubuntu.com/ubuntu/pool/main/g/grub2/grub2-common_2.06-2ubuntu7.2_amd64.deb	http://ap-northeast-2.ec2.archive.ubuntu.com/ubuntu/pool/main/g/grub2/grub2-common_2.06-2ubuntu7.2_amd64.deb	/home/aella/aws-discovery-focal-jammy-retry-20260831/upgrade-discovery/focal-to-jammy/runtime/deb-cache/95/d5/95d545042eb4b985d4e91c3f78a6fd67cf0f8f484ce98be2443e08bd63d90319	652094	95d6ffc53fdf39ae0e38de34cd9aea3fd9f23029a8787158e5fa6dd964426548		1	proxy_access_log
focal-to-jammy	deb	grub-pc_2.06-2ubuntu7.2_amd64.deb	http://ap-northeast-2.ec2.archive.ubuntu.com/ubuntu/pool/main/g/grub2/grub-pc_2.06-2ubuntu7.2_amd64.deb	http://ap-northeast-2.ec2.archive.ubuntu.com/ubuntu/pool/main/g/grub2/grub-pc_2.06-2ubuntu7.2_amd64.deb	/home/aella/aws-discovery-focal-jammy-retry-20260831/upgrade-discovery/focal-to-jammy/runtime/deb-cache/3f/fa/3ffa6c62fe55c0624dd4be2602fb336bda3d22e9e101a4d9665352ee278a45e1	131820	c845f804dc91882823b3c6d7c3d3a38bc0183680f4e25741bf1538cd406a52be		1	proxy_access_log
focal-to-jammy	deb	grub-pc-bin_2.06-2ubuntu7.2_amd64.deb	http://ap-northeast-2.ec2.archive.ubuntu.com/ubuntu/pool/main/g/grub2/grub-pc-bin_2.06-2ubuntu7.2_amd64.deb	http://ap-northeast-2.ec2.archive.ubuntu.com/ubuntu/pool/main/g/grub2/grub-pc-bin_2.06-2ubuntu7.2_amd64.deb	/home/aella/aws-discovery-focal-jammy-retry-20260831/upgrade-discovery/focal-to-jammy/runtime/deb-cache/7c/19/7c1949bdb2c1b0654e42c7caf2ee49f9837b084be1962f08a075640561d7461b	1082996	51e3fc7d1758f9d72f09e12bfe51295d3f8a8da49b018a81e45c6d2f127d60c2		1	proxy_access_log
focal-to-jammy	deb	grub-common_2.06-2ubuntu7.2_amd64.deb	http://ap-northeast-2.ec2.archive.ubuntu.com/ubuntu/pool/main/g/grub2/grub-common_2.06-2ubuntu7.2_amd64.deb	http://ap-northeast-2.ec2.archive.ubuntu.com/ubuntu/pool/main/g/grub2/grub-common_2.06-2ubuntu7.2_amd64.deb	/home/aella/aws-discovery-focal-jammy-retry-20260831/upgrade-discovery/focal-to-jammy/runtime/deb-cache/5a/a6/5aa6dce61139276e9afffb9da38d3b525bd5c94de64c888bc1cca498b3bf8c7a	2214076	5fd12ab56ec05a396095089778c5cef1885f59d87df4bc4a64aea4c0f13a3ea0		1	proxy_access_log
focal-to-jammy	deb	friendly-recovery_0.2.42_all.deb	http://ap-northeast-2.ec2.archive.ubuntu.com/ubuntu/pool/main/f/friendly-recovery/friendly-recovery_0.2.42_all.deb	http://ap-northeast-2.ec2.archive.ubuntu.com/ubuntu/pool/main/f/friendly-recovery/friendly-recovery_0.2.42_all.deb	/home/aella/aws-discovery-focal-jammy-retry-20260831/upgrade-discovery/focal-to-jammy/runtime/deb-cache/bb/88/bb8848a66012a00e8ca1de207fcf5d7a2b3ab829bcac03310a6b72bdb6b97a35	8888	85a8e26e452ce140ae1e65f9731ef8af3d12fb5c620084db833de52afd9efeb7		1	proxy_access_log
focal-to-jammy	deb	initramfs-tools_0.140ubuntu13.5_all.deb	http://ap-northeast-2.ec2.archive.ubuntu.com/ubuntu/pool/main/i/initramfs-tools/initramfs-tools_0.140ubuntu13.5_all.deb	http://ap-northeast-2.ec2.archive.ubuntu.com/ubuntu/pool/main/i/initramfs-tools/initramfs-tools_0.140ubuntu13.5_all.deb	/home/aella/aws-discovery-focal-jammy-retry-20260831/upgrade-discovery/focal-to-jammy/runtime/deb-cache/d4/b5/d4b5694fbbedfaa6eb80321315f8c6e81b212ca0d6ad40a18b8c3ba49258f81e	9060	305b8a40c288cd25da57798de4f348c0c436f24665df77d5a2d951e680b3855c		1	proxy_access_log
focal-to-jammy	deb	initramfs-tools-core_0.140ubuntu13.5_all.deb	http://ap-northeast-2.ec2.archive.ubuntu.com/ubuntu/pool/main/i/initramfs-tools/initramfs-tools-core_0.140ubuntu13.5_all.deb	http://ap-northeast-2.ec2.archive.ubuntu.com/ubuntu/pool/main/i/initramfs-tools/initramfs-tools-core_0.140ubuntu13.5_all.deb	/home/aella/aws-discovery-focal-jammy-retry-20260831/upgrade-discovery/focal-to-jammy/runtime/deb-cache/2a/c5/2ac5f6599a79360a773ac36159dd8f2b0efe71e4c37a73b276a22010ec62511c	47814	e49dbd6bd1a7934a8f38e46998a65b1c17aee23b2f3b1509b66aeb242c1860c0		1	proxy_access_log
focal-to-jammy	deb	initramfs-tools-bin_0.140ubuntu13.5_amd64.deb	http://ap-northeast-2.ec2.archive.ubuntu.com/ubuntu/pool/main/i/initramfs-tools/initramfs-tools-bin_0.140ubuntu13.5_amd64.deb	http://ap-northeast-2.ec2.archive.ubuntu.com/ubuntu/pool/main/i/initramfs-tools/initramfs-tools-bin_0.140ubuntu13.5_amd64.deb	/home/aella/aws-discovery-focal-jammy-retry-20260831/upgrade-discovery/focal-to-jammy/runtime/deb-cache/d5/a3/d5a3db0cf1a02b1a3c011e7595b9beff8ea66aa4315ed8a5cbbb26d4e641a0e6	9330	d144aa3a5d96954b6ff23ccc2cce2925ee8d14bf50df54da48f82c035bdfd539		1	proxy_access_log
focal-to-jammy	deb	zstd_1.4.8%2bdfsg-3build1_amd64.deb	http://ap-northeast-2.ec2.archive.ubuntu.com/ubuntu/pool/main/libz/libzstd/zstd_1.4.8%2bdfsg-3build1_amd64.deb	http://ap-northeast-2.ec2.archive.ubuntu.com/ubuntu/pool/main/libz/libzstd/zstd_1.4.8%2bdfsg-3build1_amd64.deb	/home/aella/aws-discovery-focal-jammy-retry-20260831/upgrade-discovery/focal-to-jammy/runtime/deb-cache/0b/f3/0bf374b8c573856b33924f7552d2aaf6ca8d463f726998a38050e700c6ebedf0	602632	ed24d3ce81f08cce91010b65202301c3193ae22b0e08f50b8829929ff56b0b2a		1	proxy_access_log
focal-to-jammy	deb	busybox-initramfs_1.30.1-7ubuntu3.1_amd64.deb	http://ap-northeast-2.ec2.archive.ubuntu.com/ubuntu/pool/main/b/busybox/busybox-initramfs_1.30.1-7ubuntu3.1_amd64.deb	http://ap-northeast-2.ec2.archive.ubuntu.com/ubuntu/pool/main/b/busybox/busybox-initramfs_1.30.1-7ubuntu3.1_amd64.deb	/home/aella/aws-discovery-focal-jammy-retry-20260831/upgrade-discovery/focal-to-jammy/runtime/deb-cache/ce/1e/ce1ea674e07a5e047fce606765e7ac7b8e6cb0d944a6cd7a0766e5a6086835c9	176898	2b891e68e9150b8376af874d12fbd997d07ea30158706dbc0086bd6487ef0d7b		1	proxy_access_log
focal-to-jammy	deb	libklibc_2.0.10-4ubuntu0.2_amd64.deb	http://ap-northeast-2.ec2.archive.ubuntu.com/ubuntu/pool/main/k/klibc/libklibc_2.0.10-4ubuntu0.2_amd64.deb	http://ap-northeast-2.ec2.archive.ubuntu.com/ubuntu/pool/main/k/klibc/libklibc_2.0.10-4ubuntu0.2_amd64.deb	/home/aella/aws-discovery-focal-jammy-retry-20260831/upgrade-discovery/focal-to-jammy/runtime/deb-cache/22/51/2251476d99d2f3a5a78858830ba17615b45980ac012ee382fee90fb4345bcb6d	45996	460d82de86cfcb3583a4223094e61ccf489e92c19d7c1f061ce2c47814a7160f		1	proxy_access_log
focal-to-jammy	deb	cpio_2.13%2bdfsg-7ubuntu0.1_amd64.deb	http://ap-northeast-2.ec2.archive.ubuntu.com/ubuntu/pool/main/c/cpio/cpio_2.13%2bdfsg-7ubuntu0.1_amd64.deb	http://ap-northeast-2.ec2.archive.ubuntu.com/ubuntu/pool/main/c/cpio/cpio_2.13%2bdfsg-7ubuntu0.1_amd64.deb	/home/aella/aws-discovery-focal-jammy-retry-20260831/upgrade-discovery/focal-to-jammy/runtime/deb-cache/ee/cc/eecc1cf82175cb052d45e9c7c17f162d68598660b44b8332227acf8eedb45928	84528	55913ec0c4a2dbdbedda5a098b95541b712437306a8a04dae5c9aadb20d33e55		1	proxy_access_log
focal-to-jammy	deb	coreutils_8.32-4.1ubuntu1.3_amd64.deb	http://ap-northeast-2.ec2.archive.ubuntu.com/ubuntu/pool/main/c/coreutils/coreutils_8.32-4.1ubuntu1.3_amd64.deb	http://ap-northeast-2.ec2.archive.ubuntu.com/ubuntu/pool/main/c/coreutils/coreutils_8.32-4.1ubuntu1.3_amd64.deb	/home/aella/aws-discovery-focal-jammy-retry-20260831/upgrade-discovery/focal-to-jammy/runtime/deb-cache/7c/80/7c807ab9d5af3a985c265ff660180a87ac902bb3fbae4bd808349138512aec73	1437200	f45af8868fe17bacb2edc46c65fd4c790de72b0f9809d81e2f20b1113f68d5d3		1	proxy_access_log
focal-to-jammy	deb	logsave_1.46.5-2ubuntu1.2_amd64.deb	http://ap-northeast-2.ec2.archive.ubuntu.com/ubuntu/pool/main/e/e2fsprogs/logsave_1.46.5-2ubuntu1.2_amd64.deb	http://ap-northeast-2.ec2.archive.ubuntu.com/ubuntu/pool/main/e/e2fsprogs/logsave_1.46.5-2ubuntu1.2_amd64.deb	/home/aella/aws-discovery-focal-jammy-retry-20260831/upgrade-discovery/focal-to-jammy/runtime/deb-cache/f3/15/f3150f866e1aead353c7f52e8bd40e069877760c70f9bf209c6f45a5f6b8aef3	10084	a8acc62eb35c2620557373958ce0f2f814ca9e55259eb68a5a3a629f160c4a72		1	proxy_access_log
focal-to-jammy	deb	libfuse3-3_3.10.5-1build1_amd64.deb	http://ap-northeast-2.ec2.archive.ubuntu.com/ubuntu/pool/main/f/fuse3/libfuse3-3_3.10.5-1build1_amd64.deb	http://ap-northeast-2.ec2.archive.ubuntu.com/ubuntu/pool/main/f/fuse3/libfuse3-3_3.10.5-1build1_amd64.deb	/home/aella/aws-discovery-focal-jammy-retry-20260831/upgrade-discovery/focal-to-jammy/runtime/deb-cache/b8/31/b831105cdf20a1b4dc3b0c44a7b546db98fce6da2c9acee6a19ceddc01f1cbfb	81246	724634f1bd214e6fd8c7df7daaf1f1eb3bf88c887ecc2690c98de78e468d7957		1	proxy_access_log
focal-to-jammy	deb	libefivar1_37-6ubuntu2_amd64.deb	http://ap-northeast-2.ec2.archive.ubuntu.com/ubuntu/pool/main/e/efivar/libefivar1_37-6ubuntu2_amd64.deb	http://ap-northeast-2.ec2.archive.ubuntu.com/ubuntu/pool/main/e/efivar/libefivar1_37-6ubuntu2_amd64.deb	/home/aella/aws-discovery-focal-jammy-retry-20260831/upgrade-discovery/focal-to-jammy/runtime/deb-cache/24/e2/24e224e60e9f5669b8ff981bd82f64ae5a7e6c3d6a8313864c2b872fc1373700	50978	8fb4f81db1ea086b8c0942cb99725ca4066fe9aff91994aa147cd9bf85075ea0		1	proxy_access_log
focal-to-jammy	deb	libefiboot1_37-6ubuntu2_amd64.deb	http://ap-northeast-2.ec2.archive.ubuntu.com/ubuntu/pool/main/e/efivar/libefiboot1_37-6ubuntu2_amd64.deb	http://ap-northeast-2.ec2.archive.ubuntu.com/ubuntu/pool/main/e/efivar/libefiboot1_37-6ubuntu2_amd64.deb	/home/aella/aws-discovery-focal-jammy-retry-20260831/upgrade-discovery/focal-to-jammy/runtime/deb-cache/07/3e/073ebdec254e865dae9abe7d7b9cee346e19415a087c1334419d205474a4c17e	42764	2ee2e13fd27aec67ef1c3de894de52aeaf6741ec4a3b1d4951218a0e85fc6c2f		1	proxy_access_log
focal-to-jammy	deb	sensible-utils_0.0.17_all.deb	http://ap-northeast-2.ec2.archive.ubuntu.com/ubuntu/pool/main/s/sensible-utils/sensible-utils_0.0.17_all.deb	http://ap-northeast-2.ec2.archive.ubuntu.com/ubuntu/pool/main/s/sensible-utils/sensible-utils_0.0.17_all.deb	/home/aella/aws-discovery-focal-jammy-retry-20260831/upgrade-discovery/focal-to-jammy/runtime/deb-cache/5a/59/5a59aa8ef8c8c6881fd9e2ad8ce6e5f1fe5a44600c6c05e5ac89770b0c1bd4de	20076	68fa82f5a319ffe48f51ea874117be3d6781c5f6b2ac4f172485fa690ebde4a3		1	proxy_access_log
focal-to-jammy	deb	ucf_3.0043_all.deb	http://ap-northeast-2.ec2.archive.ubuntu.com/ubuntu/pool/main/u/ucf/ucf_3.0043_all.deb	http://ap-northeast-2.ec2.archive.ubuntu.com/ubuntu/pool/main/u/ucf/ucf_3.0043_all.deb	/home/aella/aws-discovery-focal-jammy-retry-20260831/upgrade-discovery/focal-to-jammy/runtime/deb-cache/07/e4/07e4a85f75bc2ce336d0a806af3d9e4f01974157a4cd033580d71e84f3046112	56080	a3fad168a58304fa4c9838158440660419a584855e2b2b881f980287c31a4819		1	proxy_access_log
focal-to-jammy	deb	libbrotli1_1.0.9-2build6_amd64.deb	http://ap-northeast-2.ec2.archive.ubuntu.com/ubuntu/pool/main/b/brotli/libbrotli1_1.0.9-2build6_amd64.deb	http://ap-northeast-2.ec2.archive.ubuntu.com/ubuntu/pool/main/b/brotli/libbrotli1_1.0.9-2build6_amd64.deb	/home/aella/aws-discovery-focal-jammy-retry-20260831/upgrade-discovery/focal-to-jammy/runtime/deb-cache/0c/a4/0ca4e998119e47d6b4f64053366f4b4a66ddf16d054db701b0e2aef9cbc68526	315164	8e6aa2dfd44df287b9fb227862f3b6062ec074dd39a247874edfe12e1dcc3841		1	proxy_access_log
focal-to-jammy	deb	libpng16-16_1.6.37-3ubuntu0.6_amd64.deb	http://ap-northeast-2.ec2.archive.ubuntu.com/ubuntu/pool/main/libp/libpng1.6/libpng16-16_1.6.37-3ubuntu0.6_amd64.deb	http://ap-northeast-2.ec2.archive.ubuntu.com/ubuntu/pool/main/libp/libpng1.6/libpng16-16_1.6.37-3ubuntu0.6_amd64.deb	/home/aella/aws-discovery-focal-jammy-retry-20260831/upgrade-discovery/focal-to-jammy/runtime/deb-cache/5c/06/5c0638ad45abe7295131411cb3bb118ff3acd147b09136ade7fbe715cfdc6c60	192320	c50e4291d15bbe3489245f773ad1d2cdb63b1753a1382a393ad34ce1b8d70358		1	proxy_access_log
focal-to-jammy	deb	libfreetype6_2.11.1%2bdfsg-1ubuntu0.3_amd64.deb	http://ap-northeast-2.ec2.archive.ubuntu.com/ubuntu/pool/main/f/freetype/libfreetype6_2.11.1%2bdfsg-1ubuntu0.3_amd64.deb	http://ap-northeast-2.ec2.archive.ubuntu.com/ubuntu/pool/main/f/freetype/libfreetype6_2.11.1%2bdfsg-1ubuntu0.3_amd64.deb	/home/aella/aws-discovery-focal-jammy-retry-20260831/upgrade-discovery/focal-to-jammy/runtime/deb-cache/86/fc/86fcaa5d75299221ca97383d6996d39a75de6e31f607933e570014d76b218880	388176	729f5a3a72069ddcef6a54f6825178667477625574925504594769665897afbc		1	proxy_access_log
focal-to-jammy	deb	libasprintf0v5_0.21-4ubuntu4_amd64.deb	http://ap-northeast-2.ec2.archive.ubuntu.com/ubuntu/pool/main/g/gettext/libasprintf0v5_0.21-4ubuntu4_amd64.deb	http://ap-northeast-2.ec2.archive.ubuntu.com/ubuntu/pool/main/g/gettext/libasprintf0v5_0.21-4ubuntu4_amd64.deb	/home/aella/aws-discovery-focal-jammy-retry-20260831/upgrade-discovery/focal-to-jammy/runtime/deb-cache/b3/a2/b3a2f59d14e1516f055bfc4efd4d2b6d8d8656f4b0d7eb57908353069703297c	7864	69394f2bec8e842a01b3f822935b24782895b5bf30efa6ba201ec98ebf64c4bd		1	proxy_access_log
focal-to-jammy	deb	gettext-base_0.21-4ubuntu4_amd64.deb	http://ap-northeast-2.ec2.archive.ubuntu.com/ubuntu/pool/main/g/gettext/gettext-base_0.21-4ubuntu4_amd64.deb	http://ap-northeast-2.ec2.archive.ubuntu.com/ubuntu/pool/main/g/gettext/gettext-base_0.21-4ubuntu4_amd64.deb	/home/aella/aws-discovery-focal-jammy-retry-20260831/upgrade-discovery/focal-to-jammy/runtime/deb-cache/0e/3c/0e3c8152f8a0dbd0ce36831e4d89de9519d1d25faaee22d4ac276e228909805d	37842	9a4971de9bd0ab746cfa7c018d88854da45bcc32dfb654ef9280b90b4445b3f3		1	proxy_access_log
focal-to-jammy	deb	ncurses-base_6.3-2ubuntu0.2_all.deb	http://ap-northeast-2.ec2.archive.ubuntu.com/ubuntu/pool/main/n/ncurses/ncurses-base_6.3-2ubuntu0.2_all.deb	http://ap-northeast-2.ec2.archive.ubuntu.com/ubuntu/pool/main/n/ncurses/ncurses-base_6.3-2ubuntu0.2_all.deb	/home/aella/aws-discovery-focal-jammy-retry-20260831/upgrade-discovery/focal-to-jammy/runtime/deb-cache/cb/10/cb10bab1a63e8005d32d6291dd64c189ba9f9c75ec113a38d7f595c0ba2f4d53	20122	f4c442f58c284ddcb465e4f0a9c44679ede3f5acdd031a6d6b683b19fcf4215b		1	proxy_access_log
focal-to-jammy	deb	ncurses-term_6.3-2ubuntu0.2_all.deb	http://ap-northeast-2.ec2.archive.ubuntu.com/ubuntu/pool/main/n/ncurses/ncurses-term_6.3-2ubuntu0.2_all.deb	http://ap-northeast-2.ec2.archive.ubuntu.com/ubuntu/pool/main/n/ncurses/ncurses-term_6.3-2ubuntu0.2_all.deb	/home/aella/aws-discovery-focal-jammy-retry-20260831/upgrade-discovery/focal-to-jammy/runtime/deb-cache/3d/b1/3db10cb532f21304172d0eb746480ed3ab7c047abccc2dc34f9331fd04c616cf	267494	7eca3b97f3562b10ab755afbc22b87e43e6dd3560583b8278c7078ff41d2d17c		1	proxy_access_log
focal-to-jammy	deb	libslang2_2.3.2-5build4_amd64.deb	http://ap-northeast-2.ec2.archive.ubuntu.com/ubuntu/pool/main/s/slang2/libslang2_2.3.2-5build4_amd64.deb	http://ap-northeast-2.ec2.archive.ubuntu.com/ubuntu/pool/main/s/slang2/libslang2_2.3.2-5build4_amd64.deb	/home/aella/aws-discovery-focal-jammy-retry-20260831/upgrade-discovery/focal-to-jammy/runtime/deb-cache/70/23/70238eaf509ddf90d29bcadf21eac6cee3497dd4bf672bd27b15757f1edbdabb	467748	94efcae66831cb9a3ac776ec9e9a95d1049e9a76c9a46b9d218f0d4de9553aed		1	proxy_access_log
focal-to-jammy	deb	libnewt0.52_0.52.21-5ubuntu2_amd64.deb	http://ap-northeast-2.ec2.archive.ubuntu.com/ubuntu/pool/main/n/newt/libnewt0.52_0.52.21-5ubuntu2_amd64.deb	http://ap-northeast-2.ec2.archive.ubuntu.com/ubuntu/pool/main/n/newt/libnewt0.52_0.52.21-5ubuntu2_amd64.deb	/home/aella/aws-discovery-focal-jammy-retry-20260831/upgrade-discovery/focal-to-jammy/runtime/deb-cache/19/c6/19c6c7c5e1a2d14a77ecd7f8734db8d020d3e3ea2f61e2c78f4aaeb871b4e7a0	45920	ea51380400a74ddbb60bac8796bedf71f150fa3b2662b85fb3ebf61b41a09fdf		1	proxy_access_log
focal-to-jammy	deb	whiptail_0.52.21-5ubuntu2_amd64.deb	http://ap-northeast-2.ec2.archive.ubuntu.com/ubuntu/pool/main/n/newt/whiptail_0.52.21-5ubuntu2_amd64.deb	http://ap-northeast-2.ec2.archive.ubuntu.com/ubuntu/pool/main/n/newt/whiptail_0.52.21-5ubuntu2_amd64.deb	/home/aella/aws-discovery-focal-jammy-retry-20260831/upgrade-discovery/focal-to-jammy/runtime/deb-cache/9a/db/9adbba829be246f67d4d2b274907dcf0f58a8764df7900cb32e0b53d0ea9b2e5	17304	04950b23286a1f943cda43d5eaf88993d7ad5994f2e07d102703356b1ec9b699		1	proxy_access_log
focal-to-jammy	deb	linux-base_4.5ubuntu9%2b22.04.1_all.deb	http://ap-northeast-2.ec2.archive.ubuntu.com/ubuntu/pool/main/l/linux-base/linux-base_4.5ubuntu9%2b22.04.1_all.deb	http://ap-northeast-2.ec2.archive.ubuntu.com/ubuntu/pool/main/l/linux-base/linux-base_4.5ubuntu9%2b22.04.1_all.deb	/home/aella/aws-discovery-focal-jammy-retry-20260831/upgrade-discovery/focal-to-jammy/runtime/deb-cache/e4/6b/e46b0bb0e92fb18c3415093d76161c4d661c9788a00680091d471b5c45d0fd54	19122	f6fc82cd084641bea5b2284ce02175cc359c55640d2e68586abeb541bc601469		1	proxy_access_log
focal-to-jammy	deb	e2fsprogs-l10n_1.46.5-2ubuntu1.2_all.deb	http://ap-northeast-2.ec2.archive.ubuntu.com/ubuntu/pool/main/e/e2fsprogs/e2fsprogs-l10n_1.46.5-2ubuntu1.2_all.deb	http://ap-northeast-2.ec2.archive.ubuntu.com/ubuntu/pool/main/e/e2fsprogs/e2fsprogs-l10n_1.46.5-2ubuntu1.2_all.deb	/home/aella/aws-discovery-focal-jammy-retry-20260831/upgrade-discovery/focal-to-jammy/runtime/deb-cache/b4/4e/b44e8493fad2b94ce6fa809b7be2da106a25e907f4082543d36d7251b10f499b	1548	891c75718500fa285a13fb7a978a8a1f63af098a936d10985bd33c6eb5bf0877		1	proxy_access_log
focal-to-jammy	deb	libext2fs2_1.46.5-2ubuntu1.2_amd64.deb	http://ap-northeast-2.ec2.archive.ubuntu.com/ubuntu/pool/main/e/e2fsprogs/libext2fs2_1.46.5-2ubuntu1.2_amd64.deb	http://ap-northeast-2.ec2.archive.ubuntu.com/ubuntu/pool/main/e/e2fsprogs/libext2fs2_1.46.5-2ubuntu1.2_amd64.deb	/home/aella/aws-discovery-focal-jammy-retry-20260831/upgrade-discovery/focal-to-jammy/runtime/deb-cache/52/92/5292fdae5896b5ffd5e9ade77bae9bca93a46c2830d67038ded9208b26cde324	208420	4883114ed51508d27e06030d78ac8348e01c92d50fcf1069bb5582786ff82633		1	proxy_access_log
focal-to-jammy	deb	e2fsprogs_1.46.5-2ubuntu1.2_amd64.deb	http://ap-northeast-2.ec2.archive.ubuntu.com/ubuntu/pool/main/e/e2fsprogs/e2fsprogs_1.46.5-2ubuntu1.2_amd64.deb	http://ap-northeast-2.ec2.archive.ubuntu.com/ubuntu/pool/main/e/e2fsprogs/e2fsprogs_1.46.5-2ubuntu1.2_amd64.deb	/home/aella/aws-discovery-focal-jammy-retry-20260831/upgrade-discovery/focal-to-jammy/runtime/deb-cache/29/cc/29cc9af76ee7213f2d24f4db746f8f67ba1a9ce6c55b0470231ffd2db7f4efdc	590486	d6623121853e5efa0418b76b39f994a1c48d869ed1e0e5c2da10d3cd08e5a33d		1	proxy_access_log
focal-to-jammy	deb	liblzo2-2_2.10-2build3_amd64.deb	http://ap-northeast-2.ec2.archive.ubuntu.com/ubuntu/pool/main/l/lzo2/liblzo2-2_2.10-2build3_amd64.deb	http://ap-northeast-2.ec2.archive.ubuntu.com/ubuntu/pool/main/l/lzo2/liblzo2-2_2.10-2build3_amd64.deb	/home/aella/aws-discovery-focal-jammy-retry-20260831/upgrade-discovery/focal-to-jammy/runtime/deb-cache/85/32/85325ad33df62a3a6b144ecef1a409ed148ca94e2fd73876265a057fe71ec55b	53658	98f621d5eb3052a2468473dc3f00ac3ee451a62b85d85480575f694a5205117d		1	proxy_access_log
focal-to-jammy	deb	btrfs-progs_5.16.2-1_amd64.deb	http://ap-northeast-2.ec2.archive.ubuntu.com/ubuntu/pool/main/b/btrfs-progs/btrfs-progs_5.16.2-1_amd64.deb	http://ap-northeast-2.ec2.archive.ubuntu.com/ubuntu/pool/main/b/btrfs-progs/btrfs-progs_5.16.2-1_amd64.deb	/home/aella/aws-discovery-focal-jammy-retry-20260831/upgrade-discovery/focal-to-jammy/runtime/deb-cache/ef/f3/eff3d6b3f3fdd1db5f7d2480284d6ac509cb6b098652e855ccdf7380a860e360	824242	6e1a831ad8e7e1cdf5ada9d6404c529ef288a262f3ec0f2910a85089eb235758		1	proxy_access_log
focal-to-jammy	deb	libgcc-s1_12.3.0-1ubuntu1%7e22.04.3_amd64.deb	http://ap-northeast-2.ec2.archive.ubuntu.com/ubuntu/pool/main/g/gcc-12/libgcc-s1_12.3.0-1ubuntu1%7e22.04.3_amd64.deb	http://ap-northeast-2.ec2.archive.ubuntu.com/ubuntu/pool/main/g/gcc-12/libgcc-s1_12.3.0-1ubuntu1%7e22.04.3_amd64.deb	/home/aella/aws-discovery-focal-jammy-retry-20260831/upgrade-discovery/focal-to-jammy/runtime/deb-cache/7b/c8/7bc8b44a965b434e5f189e7c87e6fd3db40fbea920aff8cbfdf58eeea24a2b1c	53896	d383e642d83263147f7b4b69fb92cf1036e5246c6be3accf10b77f986684589a		1	proxy_access_log
focal-to-jammy	deb	libmpdec3_2.5.1-2build2_amd64.deb	http://ap-northeast-2.ec2.archive.ubuntu.com/ubuntu/pool/main/m/mpdecimal/libmpdec3_2.5.1-2build2_amd64.deb	http://ap-northeast-2.ec2.archive.ubuntu.com/ubuntu/pool/main/m/mpdecimal/libmpdec3_2.5.1-2build2_amd64.deb	/home/aella/aws-discovery-focal-jammy-retry-20260831/upgrade-discovery/focal-to-jammy/runtime/deb-cache/77/06/7706e8c6ad7da78b61bc60018c79776fb33e25db28a60c871aaa013649d53c28	86788	941ca0b2e73d26522f75a801b1bf529afa5ceb2ac9b00cbf324b59f474cae813		1	proxy_access_log
focal-to-jammy	deb	libsqlite3-0_3.37.2-2ubuntu0.7_amd64.deb	http://ap-northeast-2.ec2.archive.ubuntu.com/ubuntu/pool/main/s/sqlite3/libsqlite3-0_3.37.2-2ubuntu0.7_amd64.deb	http://ap-northeast-2.ec2.archive.ubuntu.com/ubuntu/pool/main/s/sqlite3/libsqlite3-0_3.37.2-2ubuntu0.7_amd64.deb	/home/aella/aws-discovery-focal-jammy-retry-20260831/upgrade-discovery/focal-to-jammy/runtime/deb-cache/76/53/7653b2d302e393deb506b373edce834a7a9a9289eeb63f247a6f0e53935c72fe	643416	690a71c074523f9716d02f13ff6faa51aacc070bb98ff198e9ad9d3b95f5378a		1	proxy_access_log
focal-to-jammy	deb	libpython3.10-stdlib_3.10.12-1%7e22.04.17_amd64.deb	http://ap-northeast-2.ec2.archive.ubuntu.com/ubuntu/pool/main/p/python3.10/libpython3.10-stdlib_3.10.12-1%7e22.04.17_amd64.deb	http://ap-northeast-2.ec2.archive.ubuntu.com/ubuntu/pool/main/p/python3.10/libpython3.10-stdlib_3.10.12-1%7e22.04.17_amd64.deb	/home/aella/aws-discovery-focal-jammy-retry-20260831/upgrade-discovery/focal-to-jammy/runtime/deb-cache/b5/c2/b5c25532f51be2fdd50617ec42cb043526e5324879e8fcb19d1a8908a9be000c	1850048	34c0a8f1db783c268c3a8d977799794504eb3ea6850d3b5d3f0cb3fc7eb56a41		1	proxy_access_log
focal-to-jammy	deb	python3.10_3.10.12-1%7e22.04.17_amd64.deb	http://ap-northeast-2.ec2.archive.ubuntu.com/ubuntu/pool/main/p/python3.10/python3.10_3.10.12-1%7e22.04.17_amd64.deb	http://ap-northeast-2.ec2.archive.ubuntu.com/ubuntu/pool/main/p/python3.10/python3.10_3.10.12-1%7e22.04.17_amd64.deb	/home/aella/aws-discovery-focal-jammy-retry-20260831/upgrade-discovery/focal-to-jammy/runtime/deb-cache/9c/21/9c21a9668c7b7c5af34dd868e46e28ca8fc6c9f18954ac078713ea8f1f09af1f	508482	a36b32edcc066333b79d9c71bff79bd11712da6823ab469ff3af0197d9a29bf6		1	proxy_access_log
focal-to-jammy	deb	libpython3-stdlib_3.10.6-1%7e22.04.1_amd64.deb	http://ap-northeast-2.ec2.archive.ubuntu.com/ubuntu/pool/main/p/python3-defaults/libpython3-stdlib_3.10.6-1%7e22.04.1_amd64.deb	http://ap-northeast-2.ec2.archive.ubuntu.com/ubuntu/pool/main/p/python3-defaults/libpython3-stdlib_3.10.6-1%7e22.04.1_amd64.deb	/home/aella/aws-discovery-focal-jammy-retry-20260831/upgrade-discovery/focal-to-jammy/runtime/deb-cache/d4/47/d44792b5c203af1213635ca9c97e5de6a1cfbadff6416e848a0aa2ad0a420655	6812	41b8f285f0a1661ece778a63592dcb556710cce3c559d83114fad245bfdf56ea		1	proxy_access_log
focal-to-jammy	deb	python3-pkg-resources_59.6.0-1.2ubuntu0.22.04.3_all.deb	http://ap-northeast-2.ec2.archive.ubuntu.com/ubuntu/pool/main/s/setuptools/python3-pkg-resources_59.6.0-1.2ubuntu0.22.04.3_all.deb	http://ap-northeast-2.ec2.archive.ubuntu.com/ubuntu/pool/main/s/setuptools/python3-pkg-resources_59.6.0-1.2ubuntu0.22.04.3_all.deb	/home/aella/aws-discovery-focal-jammy-retry-20260831/upgrade-discovery/focal-to-jammy/runtime/deb-cache/3a/88/3a88db09732fe6d173bf1a1bc0d22357e8ad68ab946459d0fc0ee00d447e3a47	132734	e838b1d16912f11c8c955d99ba5b7f378025ebb29b3ea72096cc7e9ec4d5e8f8		1	proxy_access_log
focal-to-jammy	deb	libyaml-0-2_0.2.2-1build2_amd64.deb	http://ap-northeast-2.ec2.archive.ubuntu.com/ubuntu/pool/main/liby/libyaml/libyaml-0-2_0.2.2-1build2_amd64.deb	http://ap-northeast-2.ec2.archive.ubuntu.com/ubuntu/pool/main/liby/libyaml/libyaml-0-2_0.2.2-1build2_amd64.deb	/home/aella/aws-discovery-focal-jammy-retry-20260831/upgrade-discovery/focal-to-jammy/runtime/deb-cache/a8/05/a8055b841055044f3d597e5746c120ce0727863c916c593df9541f765b81b2cd	51622	b137d89a463b671383b6eaec404a494c8bd630a4adb79fc059c3aa48af170dcb		1	proxy_access_log
focal-to-jammy	deb	python3-six_1.16.0-3ubuntu1_all.deb	http://ap-northeast-2.ec2.archive.ubuntu.com/ubuntu/pool/main/s/six/python3-six_1.16.0-3ubuntu1_all.deb	http://ap-northeast-2.ec2.archive.ubuntu.com/ubuntu/pool/main/s/six/python3-six_1.16.0-3ubuntu1_all.deb	/home/aella/aws-discovery-focal-jammy-retry-20260831/upgrade-discovery/focal-to-jammy/runtime/deb-cache/04/a4/04a44b916202707b4f5efcaaa875ba8630d35a6b28c92112477035d6535ce868	12624	561db46fbee989a595ef4be588cd4ecbe76ca19bdbfe93d7d006b07acb53e4ea		1	proxy_access_log
focal-to-jammy	deb	python3-bcrypt_3.2.0-1build1_amd64.deb	http://ap-northeast-2.ec2.archive.ubuntu.com/ubuntu/pool/main/p/python-bcrypt/python3-bcrypt_3.2.0-1build1_amd64.deb	http://ap-northeast-2.ec2.archive.ubuntu.com/ubuntu/pool/main/p/python-bcrypt/python3-bcrypt_3.2.0-1build1_amd64.deb	/home/aella/aws-discovery-focal-jammy-retry-20260831/upgrade-discovery/focal-to-jammy/runtime/deb-cache/dd/86/dd860824f6bbc722c8b02c713923455b27e7172ad42147eec3cbf7602484ff96	32748	43592cd6d90570cf8e0bf6c99d8fc7a24dc95059b73795d8b4599592ddf39706		1	proxy_access_log
focal-to-jammy	deb	python3-incremental_21.3.0-1_all.deb	http://ap-northeast-2.ec2.archive.ubuntu.com/ubuntu/pool/main/i/incremental/python3-incremental_21.3.0-1_all.deb	http://ap-northeast-2.ec2.archive.ubuntu.com/ubuntu/pool/main/i/incremental/python3-incremental_21.3.0-1_all.deb	/home/aella/aws-discovery-focal-jammy-retry-20260831/upgrade-discovery/focal-to-jammy/runtime/deb-cache/9e/ea/9eea0021f3cd79006fe32a97237cf614242681fc9b496e6b6a4abae7e71b51ac	14434	05ae5596f4ead963f86286a8e59e96cf211ab8823412c3b7d06f3e6021b62cf4		1	proxy_access_log
focal-to-jammy	deb	python3-cryptography_3.4.8-1ubuntu2.4_amd64.deb	http://ap-northeast-2.ec2.archive.ubuntu.com/ubuntu/pool/main/p/python-cryptography/python3-cryptography_3.4.8-1ubuntu2.4_amd64.deb	http://ap-northeast-2.ec2.archive.ubuntu.com/ubuntu/pool/main/p/python-cryptography/python3-cryptography_3.4.8-1ubuntu2.4_amd64.deb	/home/aella/aws-discovery-focal-jammy-retry-20260831/upgrade-discovery/focal-to-jammy/runtime/deb-cache/ac/f0/acf09ce7a2b66ff252887d337bf41e8101cadfeb34057a039cbe5ceae9163717	236328	0d5acb4c167f9b8784c49672fd939f9417ad24f673f32bdf77b29a955b26ee34		1	proxy_access_log
focal-to-jammy	deb	python3-hamcrest_2.0.2-2_all.deb	http://ap-northeast-2.ec2.archive.ubuntu.com/ubuntu/pool/main/p/pyhamcrest/python3-hamcrest_2.0.2-2_all.deb	http://ap-northeast-2.ec2.archive.ubuntu.com/ubuntu/pool/main/p/pyhamcrest/python3-hamcrest_2.0.2-2_all.deb	/home/aella/aws-discovery-focal-jammy-retry-20260831/upgrade-discovery/focal-to-jammy/runtime/deb-cache/25/6f/256f575a46965ce7963b97a1da113fb60f5bb59038d47559705189abe33c7e5a	26806	90a482241979ede449399665f5f246f825ed82b0eeba5474c9d98e7afdefa004		1	proxy_access_log
focal-to-jammy	deb	python3-idna_3.3-1ubuntu0.2_all.deb	http://ap-northeast-2.ec2.archive.ubuntu.com/ubuntu/pool/main/p/python-idna/python3-idna_3.3-1ubuntu0.2_all.deb	http://ap-northeast-2.ec2.archive.ubuntu.com/ubuntu/pool/main/p/python-idna/python3-idna_3.3-1ubuntu0.2_all.deb	/home/aella/aws-discovery-focal-jammy-retry-20260831/upgrade-discovery/focal-to-jammy/runtime/deb-cache/9f/61/9f611e293799069042c7fb3d57635cfc3dfdf7d33ee2131b1e21ae4ae4c53cff	52664	ad07d6fdf94b582c6c25a39137be8dd7ceaf5c841051c2a40da71a80e63ac7d4		1	proxy_access_log
focal-to-jammy	deb	python3-openssl_21.0.0-1ubuntu0.1_all.deb	http://ap-northeast-2.ec2.archive.ubuntu.com/ubuntu/pool/main/p/pyopenssl/python3-openssl_21.0.0-1ubuntu0.1_all.deb	http://ap-northeast-2.ec2.archive.ubuntu.com/ubuntu/pool/main/p/pyopenssl/python3-openssl_21.0.0-1ubuntu0.1_all.deb	/home/aella/aws-discovery-focal-jammy-retry-20260831/upgrade-discovery/focal-to-jammy/runtime/deb-cache/b2/51/b2517ada566d6b4c39a3148461b143facd6e429210d45c7c2c33303652897440	45436	38c67e27cde063aee86eaa1a4f0bb5a1424f572ee07e641f7685655d41049d66		1	proxy_access_log
focal-to-jammy	deb	python3-attr_21.2.0-1ubuntu1_all.deb	http://ap-northeast-2.ec2.archive.ubuntu.com/ubuntu/pool/main/p/python-attrs/python3-attr_21.2.0-1ubuntu1_all.deb	http://ap-northeast-2.ec2.archive.ubuntu.com/ubuntu/pool/main/p/python-attrs/python3-attr_21.2.0-1ubuntu1_all.deb	/home/aella/aws-discovery-focal-jammy-retry-20260831/upgrade-discovery/focal-to-jammy/runtime/deb-cache/1f/8f/1f8fbad2e988a24953581f846a23d7583def1f5d2235242c05a7e9aa54adf46f	43892	f37fec4e0a401904aa996b68af7820637dc0fc4609b146b5a64f0a6c347d5c9a		1	proxy_access_log
focal-to-jammy	deb	python3-pyasn1_0.4.8-1ubuntu0.2_all.deb	http://ap-northeast-2.ec2.archive.ubuntu.com/ubuntu/pool/main/p/pyasn1/python3-pyasn1_0.4.8-1ubuntu0.2_all.deb	http://ap-northeast-2.ec2.archive.ubuntu.com/ubuntu/pool/main/p/pyasn1/python3-pyasn1_0.4.8-1ubuntu0.2_all.deb	/home/aella/aws-discovery-focal-jammy-retry-20260831/upgrade-discovery/focal-to-jammy/runtime/deb-cache/9d/ce/9dce0cd2f484412e4a1b218cc5e253b0aa8e36bddde9607dbd6481741dd17138	51996	ae6c7198c75a54213ac3f070653a8bd49c4aa64c32e0ed4c6805a458d1f9e658		1	proxy_access_log
focal-to-jammy	deb	python3-pyasn1-modules_0.2.1-1_all.deb	http://ap-northeast-2.ec2.archive.ubuntu.com/ubuntu/pool/main/p/python-pyasn1-modules/python3-pyasn1-modules_0.2.1-1_all.deb	http://ap-northeast-2.ec2.archive.ubuntu.com/ubuntu/pool/main/p/python-pyasn1-modules/python3-pyasn1-modules_0.2.1-1_all.deb	/home/aella/aws-discovery-focal-jammy-retry-20260831/upgrade-discovery/focal-to-jammy/runtime/deb-cache/fa/60/fa600df69e5adad0d5b4d796fef127f0e9e8906dd20602323b71d0d512965392	32952	30d070cd69876f5d07b979dc4d02df339a193ca802ac9ba53d8c17ac1aef3a57		1	proxy_access_log
focal-to-jammy	deb	python3-service-identity_18.1.0-6_all.deb	http://ap-northeast-2.ec2.archive.ubuntu.com/ubuntu/pool/main/p/python-service-identity/python3-service-identity_18.1.0-6_all.deb	http://ap-northeast-2.ec2.archive.ubuntu.com/ubuntu/pool/main/p/python-service-identity/python3-service-identity_18.1.0-6_all.deb	/home/aella/aws-discovery-focal-jammy-retry-20260831/upgrade-discovery/focal-to-jammy/runtime/deb-cache/68/35/683594a1c8a66baae6375411b64018b7727e051fa96c3630624055a9c5957472	10668	f466fc1cbee5d96a9593519b08e528913d8ae54980420be7e69428ae894e1cec		1	proxy_access_log
focal-to-jammy	deb	python3-automat_20.2.0-1_all.deb	http://ap-northeast-2.ec2.archive.ubuntu.com/ubuntu/pool/main/a/automat/python3-automat_20.2.0-1_all.deb	http://ap-northeast-2.ec2.archive.ubuntu.com/ubuntu/pool/main/a/automat/python3-automat_20.2.0-1_all.deb	/home/aella/aws-discovery-focal-jammy-retry-20260831/upgrade-discovery/focal-to-jammy/runtime/deb-cache/b4/de/b4de50e12f42d87f6df0ad290368a6400bc7a545041ce5b3c5549d00a55bd8c8	27584	259643d5f581da310ebcac196869a68110138783feec9ac432961256aa75a32a		1	proxy_access_log
focal-to-jammy	deb	python3-constantly_15.1.0-2_all.deb	http://ap-northeast-2.ec2.archive.ubuntu.com/ubuntu/pool/main/c/constantly/python3-constantly_15.1.0-2_all.deb	http://ap-northeast-2.ec2.archive.ubuntu.com/ubuntu/pool/main/c/constantly/python3-constantly_15.1.0-2_all.deb	/home/aella/aws-discovery-focal-jammy-retry-20260831/upgrade-discovery/focal-to-jammy/runtime/deb-cache/c6/dd/c6ddd25b9dffbaf20abc995a2290cf11aa8a878a8fc90e580753a1bb60e69b1e	8396	db0ae9dc54476595a6e780bbea4d43d04ba4b468e76f15394cfb9171fc4fc6e4		1	proxy_access_log
focal-to-jammy	deb	python3-hyperlink_21.0.0-3_all.deb	http://ap-northeast-2.ec2.archive.ubuntu.com/ubuntu/pool/main/h/hyperlink/python3-hyperlink_21.0.0-3_all.deb	http://ap-northeast-2.ec2.archive.ubuntu.com/ubuntu/pool/main/h/hyperlink/python3-hyperlink_21.0.0-3_all.deb	/home/aella/aws-discovery-focal-jammy-retry-20260831/upgrade-discovery/focal-to-jammy/runtime/deb-cache/58/dc/58dc5a31e20e98aac73601592458a3de1874b51de4805ea4c103881e9d0939a1	68750	52a9f82ae098adae9b8e0516f8ffe739e24ac59adee7584ae949247653521afe		1	proxy_access_log
focal-to-jammy	deb	libsasl2-modules-db_2.1.27%2bdfsg2-3ubuntu1.2_amd64.deb	http://ap-northeast-2.ec2.archive.ubuntu.com/ubuntu/pool/main/c/cyrus-sasl2/libsasl2-modules-db_2.1.27%2bdfsg2-3ubuntu1.2_amd64.deb	http://ap-northeast-2.ec2.archive.ubuntu.com/ubuntu/pool/main/c/cyrus-sasl2/libsasl2-modules-db_2.1.27%2bdfsg2-3ubuntu1.2_amd64.deb	/home/aella/aws-discovery-focal-jammy-retry-20260831/upgrade-discovery/focal-to-jammy/runtime/deb-cache/b7/46/b746e82337d8ad44e3de68f880c74da23c29b123a8767d4883b9455562c7f989	20476	0e222c26d70c2cfd132c8de035bcf9673067b6cbfea0a7421dced7b6256ae774		1	proxy_access_log
focal-to-jammy	deb	libsasl2-2_2.1.27%2bdfsg2-3ubuntu1.2_amd64.deb	http://ap-northeast-2.ec2.archive.ubuntu.com/ubuntu/pool/main/c/cyrus-sasl2/libsasl2-2_2.1.27%2bdfsg2-3ubuntu1.2_amd64.deb	http://ap-northeast-2.ec2.archive.ubuntu.com/ubuntu/pool/main/c/cyrus-sasl2/libsasl2-2_2.1.27%2bdfsg2-3ubuntu1.2_amd64.deb	/home/aella/aws-discovery-focal-jammy-retry-20260831/upgrade-discovery/focal-to-jammy/runtime/deb-cache/20/4a/204aa4a64f30f378d372cf1ba9b9d822b5bc034e7fb5d86eae274791ffb60b10	53832	391cb48d7e601d5bb590da8d426750acf6c987241ba280a36227873b94f20cee		1	proxy_access_log
focal-to-jammy	deb	libldap-2.5-0_2.5.20%2bdfsg-0ubuntu0.22.04.1_amd64.deb	http://ap-northeast-2.ec2.archive.ubuntu.com/ubuntu/pool/main/o/openldap/libldap-2.5-0_2.5.20%2bdfsg-0ubuntu0.22.04.1_amd64.deb	http://ap-northeast-2.ec2.archive.ubuntu.com/ubuntu/pool/main/o/openldap/libldap-2.5-0_2.5.20%2bdfsg-0ubuntu0.22.04.1_amd64.deb	/home/aella/aws-discovery-focal-jammy-retry-20260831/upgrade-discovery/focal-to-jammy/runtime/deb-cache/8a/58/8a584c23a43266edcfe68c22372a3d2b4482faed52de9aae444fd19337562465	183948	a3ee4ac116a2c50c9ddfe9de91c0781a50704244771474334340cdce02f5cd4f		1	proxy_access_log
focal-to-jammy	deb	libnghttp2-14_1.43.0-1ubuntu0.4_amd64.deb	http://ap-northeast-2.ec2.archive.ubuntu.com/ubuntu/pool/main/n/nghttp2/libnghttp2-14_1.43.0-1ubuntu0.4_amd64.deb	http://ap-northeast-2.ec2.archive.ubuntu.com/ubuntu/pool/main/n/nghttp2/libnghttp2-14_1.43.0-1ubuntu0.4_amd64.deb	/home/aella/aws-discovery-focal-jammy-retry-20260831/upgrade-discovery/focal-to-jammy/runtime/deb-cache/41/38/413828a219f952b07de3cabb05bc882eb22dd1ed48b60a649b53ad911d80e32a	76932	6e968d1ed7abb3635a3b0707ebfa20cd368ce784f83cc567b11c0723217a6de4		1	proxy_access_log
focal-to-jammy	deb	libpsl5_0.21.0-1.2build2_amd64.deb	http://ap-northeast-2.ec2.archive.ubuntu.com/ubuntu/pool/main/libp/libpsl/libpsl5_0.21.0-1.2build2_amd64.deb	http://ap-northeast-2.ec2.archive.ubuntu.com/ubuntu/pool/main/libp/libpsl/libpsl5_0.21.0-1.2build2_amd64.deb	/home/aella/aws-discovery-focal-jammy-retry-20260831/upgrade-discovery/focal-to-jammy/runtime/deb-cache/d0/b5/d0b5258a9ab74982e062084730c05541b7cccdf6466d15a31a910e65fb7fb7dc	58388	cd29dee0eac2bdf3f944f47b3926993827dc6b3710251df76006fab2fd09f7e1		1	proxy_access_log
focal-to-jammy	deb	librtmp1_2.4%2b20151223.gitfa8646d.1-2build4_amd64.deb	http://ap-northeast-2.ec2.archive.ubuntu.com/ubuntu/pool/main/r/rtmpdump/librtmp1_2.4%2b20151223.gitfa8646d.1-2build4_amd64.deb	http://ap-northeast-2.ec2.archive.ubuntu.com/ubuntu/pool/main/r/rtmpdump/librtmp1_2.4%2b20151223.gitfa8646d.1-2build4_amd64.deb	/home/aella/aws-discovery-focal-jammy-retry-20260831/upgrade-discovery/focal-to-jammy/runtime/deb-cache/b7/1d/b71dbcca8ab2e243bb422951692609f64affa7858286f2e10c895ba62812241e	58190	c8bdaa1e777d08888914e922f8f76441c26ee36438d3aa59161ecccc2421f77e		1	proxy_access_log
focal-to-jammy	deb	libssh-4_0.9.6-2ubuntu0.22.04.7_amd64.deb	http://ap-northeast-2.ec2.archive.ubuntu.com/ubuntu/pool/main/libs/libssh/libssh-4_0.9.6-2ubuntu0.22.04.7_amd64.deb	http://ap-northeast-2.ec2.archive.ubuntu.com/ubuntu/pool/main/libs/libssh/libssh-4_0.9.6-2ubuntu0.22.04.7_amd64.deb	/home/aella/aws-discovery-focal-jammy-retry-20260831/upgrade-discovery/focal-to-jammy/runtime/deb-cache/42/81/42811370f86e3a3b210d5ae6f599f398b1023bf4f7ef71d1300f4d9c9c60ef3d	187036	b2b6e27c57f374365619f4061058780e078721d87f2ad67838a11833f0197e1d		1	proxy_access_log
focal-to-jammy	deb	libcurl3-gnutls_7.81.0-1ubuntu1.27_amd64.deb	http://ap-northeast-2.ec2.archive.ubuntu.com/ubuntu/pool/main/c/curl/libcurl3-gnutls_7.81.0-1ubuntu1.27_amd64.deb	http://ap-northeast-2.ec2.archive.ubuntu.com/ubuntu/pool/main/c/curl/libcurl3-gnutls_7.81.0-1ubuntu1.27_amd64.deb	/home/aella/aws-discovery-focal-jammy-retry-20260831/upgrade-discovery/focal-to-jammy/runtime/deb-cache/d8/98/d898b370a788b4722c55a1cd1cc258529c90580d82351e5da24010ba396ec9f0	285802	905a0cc21cb47f93e2d96de4eec80799a67b5bb6032362940f97cd353168058e		1	proxy_access_log
focal-to-jammy	deb	distro-info_1.1ubuntu0.2_amd64.deb	http://ap-northeast-2.ec2.archive.ubuntu.com/ubuntu/pool/main/d/distro-info/distro-info_1.1ubuntu0.2_amd64.deb	http://ap-northeast-2.ec2.archive.ubuntu.com/ubuntu/pool/main/d/distro-info/distro-info_1.1ubuntu0.2_amd64.deb	/home/aella/aws-discovery-focal-jammy-retry-20260831/upgrade-discovery/focal-to-jammy/runtime/deb-cache/c0/0a/c00a58cce1364fc76c503a6763ade85c5c25da84495349e5f541709dac2592cb	18660	663e6ded8dc3f3e694c18804319949369360555b0ebabdac7a2a07abcd0ecc5d		1	proxy_access_log
focal-to-jammy	deb	distro-info-data_0.72-0ubuntu0.22.04.1_all.deb	http://ap-northeast-2.ec2.archive.ubuntu.com/ubuntu/pool/main/d/distro-info-data/distro-info-data_0.72-0ubuntu0.22.04.1_all.deb	http://ap-northeast-2.ec2.archive.ubuntu.com/ubuntu/pool/main/d/distro-info-data/distro-info-data_0.72-0ubuntu0.22.04.1_all.deb	/home/aella/aws-discovery-focal-jammy-retry-20260831/upgrade-discovery/focal-to-jammy/runtime/deb-cache/2d/2b/2d2b57e4c4557788ceda0081b789e8f9c27c9dd0496348595c3fd59ab81e23e5	5948	e8f6281a29e36759579132425b3ae559c2c1249524943988d5b88daf2b198847		1	proxy_access_log
focal-to-jammy	deb	lsb-release_11.1.0ubuntu4_all.deb	http://ap-northeast-2.ec2.archive.ubuntu.com/ubuntu/pool/main/l/lsb/lsb-release_11.1.0ubuntu4_all.deb	http://ap-northeast-2.ec2.archive.ubuntu.com/ubuntu/pool/main/l/lsb/lsb-release_11.1.0ubuntu4_all.deb	/home/aella/aws-discovery-focal-jammy-retry-20260831/upgrade-discovery/focal-to-jammy/runtime/deb-cache/87/fa/87fa78d3aa0ac4ff3941816f5a75cbd7f02606cc519e68d985902a6887118abc	10772	184a61e14c3008a250aa639df938331e38d94778ddf5e8f8bb9182c76fee846c		1	proxy_access_log
focal-to-jammy	deb	gir1.2-glib-2.0_1.72.0-1_amd64.deb	http://ap-northeast-2.ec2.archive.ubuntu.com/ubuntu/pool/main/g/gobject-introspection/gir1.2-glib-2.0_1.72.0-1_amd64.deb	http://ap-northeast-2.ec2.archive.ubuntu.com/ubuntu/pool/main/g/gobject-introspection/gir1.2-glib-2.0_1.72.0-1_amd64.deb	/home/aella/aws-discovery-focal-jammy-retry-20260831/upgrade-discovery/focal-to-jammy/runtime/deb-cache/ed/55/ed5537f32efce88e821f5705fae59ff6f2b5c8b636c4e2568b43eac3f2358ddc	163890	7d4f3aa077ff0358ab34cea1298f2b99990ebc6a4ed81fadd73bd4a846f6976c		1	proxy_access_log
focal-to-jammy	deb	python3-lockfile_0.12.2-2.2_all.deb	http://ap-northeast-2.ec2.archive.ubuntu.com/ubuntu/pool/main/p/python-lockfile/python3-lockfile_0.12.2-2.2_all.deb	http://ap-northeast-2.ec2.archive.ubuntu.com/ubuntu/pool/main/p/python-lockfile/python3-lockfile_0.12.2-2.2_all.deb	/home/aella/aws-discovery-focal-jammy-retry-20260831/upgrade-discovery/focal-to-jammy/runtime/deb-cache/f6/d3/f6d3967927160e3e48f449aa2042ad734f2ba9355b92da026a5fd4b1767c6640	14576	3c858ecd31235d29431d154a98204d22c1b4bc04d7bc7dd48c46f246f59f2896		1	proxy_access_log
focal-to-jammy	deb	openssl_3.0.2-0ubuntu1.29_amd64.deb	http://ap-northeast-2.ec2.archive.ubuntu.com/ubuntu/pool/main/o/openssl/openssl_3.0.2-0ubuntu1.29_amd64.deb	http://ap-northeast-2.ec2.archive.ubuntu.com/ubuntu/pool/main/o/openssl/openssl_3.0.2-0ubuntu1.29_amd64.deb	/home/aella/aws-discovery-focal-jammy-retry-20260831/upgrade-discovery/focal-to-jammy/runtime/deb-cache/50/1d/501d3be3fa6670e16136903a7d5106a16cda740cd430775dd2a08d0f0475ee0d	1184520	bf5e804a0533d55ea9aa90320bcbce42981996dd41e8d4bcd5d15e41f91c2817		1	proxy_access_log
focal-to-jammy	deb	ca-certificates_20260601%7e22.04.1_all.deb	http://ap-northeast-2.ec2.archive.ubuntu.com/ubuntu/pool/main/c/ca-certificates/ca-certificates_20260601%7e22.04.1_all.deb	http://ap-northeast-2.ec2.archive.ubuntu.com/ubuntu/pool/main/c/ca-certificates/ca-certificates_20260601%7e22.04.1_all.deb	/home/aella/aws-discovery-focal-jammy-retry-20260831/upgrade-discovery/focal-to-jammy/runtime/deb-cache/82/68/82689427385f893622f8e8bde79d8e2388541e09206df1ebac4f227c363f8ef3	140666	6e8cdcc8c86103acd4fc14649eac62ff2037108389074a7b167567af33c32245		1	proxy_access_log
focal-to-jammy	deb	python3-certifi_2020.6.20-1_all.deb	http://ap-northeast-2.ec2.archive.ubuntu.com/ubuntu/pool/main/p/python-certifi/python3-certifi_2020.6.20-1_all.deb	http://ap-northeast-2.ec2.archive.ubuntu.com/ubuntu/pool/main/p/python-certifi/python3-certifi_2020.6.20-1_all.deb	/home/aella/aws-discovery-focal-jammy-retry-20260831/upgrade-discovery/focal-to-jammy/runtime/deb-cache/99/5d/995df85afa7a7b8ed3398b089b58ef078e1897ad6e9c958539a041b16a94ad55	150260	9086a3c5f3a5fc7befae2a39e35fa4ba50d5f61a42d3143d244c0ad08774db87		1	proxy_access_log
focal-to-jammy	deb	python3-requests_2.25.1%2bdfsg-2ubuntu0.3_all.deb	http://ap-northeast-2.ec2.archive.ubuntu.com/ubuntu/pool/main/r/requests/python3-requests_2.25.1%2bdfsg-2ubuntu0.3_all.deb	http://ap-northeast-2.ec2.archive.ubuntu.com/ubuntu/pool/main/r/requests/python3-requests_2.25.1%2bdfsg-2ubuntu0.3_all.deb	/home/aella/aws-discovery-focal-jammy-retry-20260831/upgrade-discovery/focal-to-jammy/runtime/deb-cache/41/85/41854c61e640d5d788d12660641b10398e78a4420ba2b1afa789f476c731f40a	48756	a3ac4965c7ae4f2efbd15d3852273f19fc8923594b15ea117fcfe02f344d3a44		1	proxy_access_log
focal-to-jammy	deb	python3-chardet_4.0.0-1_all.deb	http://ap-northeast-2.ec2.archive.ubuntu.com/ubuntu/pool/main/c/chardet/python3-chardet_4.0.0-1_all.deb	http://ap-northeast-2.ec2.archive.ubuntu.com/ubuntu/pool/main/c/chardet/python3-chardet_4.0.0-1_all.deb	/home/aella/aws-discovery-focal-jammy-retry-20260831/upgrade-discovery/focal-to-jammy/runtime/deb-cache/54/04/5404cd7b44916d02c1816eb6651bbd8dc2dd347667db54f37848caf3d845d244	97952	596fecba0854b9da7ca001c2ace2eb43b9f0d6edb217ccb8bebf9939c87e0c90		1	proxy_access_log
focal-to-jammy	deb	python3-urllib3_1.26.5-1%7eexp1ubuntu0.7_all.deb	http://ap-northeast-2.ec2.archive.ubuntu.com/ubuntu/pool/main/p/python-urllib3/python3-urllib3_1.26.5-1%7eexp1ubuntu0.7_all.deb	http://ap-northeast-2.ec2.archive.ubuntu.com/ubuntu/pool/main/p/python-urllib3/python3-urllib3_1.26.5-1%7eexp1ubuntu0.7_all.deb	/home/aella/aws-discovery-focal-jammy-retry-20260831/upgrade-discovery/focal-to-jammy/runtime/deb-cache/ec/5e/ec5eab50153af4b59074386577f15e494a9f21db0e41ea1620bbc48544d42d7f	98624	df40cb730d6edc6f91e572cd2da8e6a598d9179310cb5af8100677467fb7b169		1	proxy_access_log
focal-to-jammy	deb	python3-pycryptodome_3.11.0%2bdfsg1-3ubuntu0.1_amd64.deb	http://ap-northeast-2.ec2.archive.ubuntu.com/ubuntu/pool/main/p/pycryptodome/python3-pycryptodome_3.11.0%2bdfsg1-3ubuntu0.1_amd64.deb	http://ap-northeast-2.ec2.archive.ubuntu.com/ubuntu/pool/main/p/pycryptodome/python3-pycryptodome_3.11.0%2bdfsg1-3ubuntu0.1_amd64.deb	/home/aella/aws-discovery-focal-jammy-retry-20260831/upgrade-discovery/focal-to-jammy/runtime/deb-cache/f7/03/f703c5db814db7d1cfec1ce82ab2f124ce48233e16fc50e76143d120fd917e44	1029366	e10ed01e70272d3b02d3209d7b423bfc10ea76f4358f6aed52acc051de4fa348		1	proxy_access_log
focal-to-jammy	deb	python-babel-localedata_2.8.0%2bdfsg.1-7_all.deb	http://ap-northeast-2.ec2.archive.ubuntu.com/ubuntu/pool/main/p/python-babel/python-babel-localedata_2.8.0%2bdfsg.1-7_all.deb	http://ap-northeast-2.ec2.archive.ubuntu.com/ubuntu/pool/main/p/python-babel/python-babel-localedata_2.8.0%2bdfsg.1-7_all.deb	/home/aella/aws-discovery-focal-jammy-retry-20260831/upgrade-discovery/focal-to-jammy/runtime/deb-cache/23/35/2335942cc33570e616c86999697a6984aeb0b6ef3f13671c09c54edaf84501ad	4982220	f441154253d9ab255ce1541b37ec8cf191311d87dba3b36abe9574c8e6c8fd61		1	proxy_access_log
focal-to-jammy	deb	tzdata_2026c-0ubuntu0.22.04.1_all.deb	http://ap-northeast-2.ec2.archive.ubuntu.com/ubuntu/pool/main/t/tzdata/tzdata_2026c-0ubuntu0.22.04.1_all.deb	http://ap-northeast-2.ec2.archive.ubuntu.com/ubuntu/pool/main/t/tzdata/tzdata_2026c-0ubuntu0.22.04.1_all.deb	/home/aella/aws-discovery-focal-jammy-retry-20260831/upgrade-discovery/focal-to-jammy/runtime/deb-cache/04/eb/04eb2ac4e36a5dc7290dc58fabb270df110070a8467623b63b4564556744a68a	345726	f5272f2a2356726dd648d518cdab1e0f878effdb2b9d5187791f94e5dbade181		1	proxy_access_log
focal-to-jammy	deb	python3-tz_2022.1-1ubuntu0.22.04.1_all.deb	http://ap-northeast-2.ec2.archive.ubuntu.com/ubuntu/pool/main/p/python-tz/python3-tz_2022.1-1ubuntu0.22.04.1_all.deb	http://ap-northeast-2.ec2.archive.ubuntu.com/ubuntu/pool/main/p/python-tz/python3-tz_2022.1-1ubuntu0.22.04.1_all.deb	/home/aella/aws-discovery-focal-jammy-retry-20260831/upgrade-discovery/focal-to-jammy/runtime/deb-cache/0f/cf/0fcf51a860334fe10733e85a7d871f34d68d67883e4853ac1046cfed6463c2fe	30712	013c9d246cabfdc56b3876af07da8701087e239866f59b086b7ec0467c133f77		1	proxy_access_log
focal-to-jammy	deb	python3-babel_2.8.0%2bdfsg.1-7_all.deb	http://ap-northeast-2.ec2.archive.ubuntu.com/ubuntu/pool/main/p/python-babel/python3-babel_2.8.0%2bdfsg.1-7_all.deb	http://ap-northeast-2.ec2.archive.ubuntu.com/ubuntu/pool/main/p/python-babel/python3-babel_2.8.0%2bdfsg.1-7_all.deb	/home/aella/aws-discovery-focal-jammy-retry-20260831/upgrade-discovery/focal-to-jammy/runtime/deb-cache/3a/35/3a3535a1a7e2202edbf520ebe34aabc267c672187d8cb0302f3cd183b357ec1c	85064	cdb35fba639616a23090ff90d903992a6c4ba109abfed3dd42c9095ead1ef9ae		1	proxy_access_log
focal-to-jammy	deb	python3-jinja2_3.0.3-1ubuntu0.4_all.deb	http://ap-northeast-2.ec2.archive.ubuntu.com/ubuntu/pool/main/j/jinja2/python3-jinja2_3.0.3-1ubuntu0.4_all.deb	http://ap-northeast-2.ec2.archive.ubuntu.com/ubuntu/pool/main/j/jinja2/python3-jinja2_3.0.3-1ubuntu0.4_all.deb	/home/aella/aws-discovery-focal-jammy-retry-20260831/upgrade-discovery/focal-to-jammy/runtime/deb-cache/84/04/84044fffa9e937f9351eecd20a176e08edca55dc3ada04538a327532ed2f5597	108500	b2a7e3b60c849dda14631b9b302640beea762dbfd953c828eec0db64ad755c0c		1	proxy_access_log
focal-to-jammy	deb	python3-pyparsing_2.4.7-1_all.deb	http://ap-northeast-2.ec2.archive.ubuntu.com/ubuntu/pool/main/p/pyparsing/python3-pyparsing_2.4.7-1_all.deb	http://ap-northeast-2.ec2.archive.ubuntu.com/ubuntu/pool/main/p/pyparsing/python3-pyparsing_2.4.7-1_all.deb	/home/aella/aws-discovery-focal-jammy-retry-20260831/upgrade-discovery/focal-to-jammy/runtime/deb-cache/92/7b/927b690aa6f162e713c553d433f25e6689eee01e82ed74cb71baa9bb19346d89	61404	b28bcfb1cf7992e1802c41b659535646cd86dd20cc62adcf941bb095005a45a4		1	proxy_access_log
focal-to-jammy	deb	python3-packaging_21.3-1_all.deb	http://ap-northeast-2.ec2.archive.ubuntu.com/ubuntu/pool/main/p/python-packaging/python3-packaging_21.3-1_all.deb	http://ap-northeast-2.ec2.archive.ubuntu.com/ubuntu/pool/main/p/python-packaging/python3-packaging_21.3-1_all.deb	/home/aella/aws-discovery-focal-jammy-retry-20260831/upgrade-discovery/focal-to-jammy/runtime/deb-cache/48/44/4844f9355984a803e5bec0924e6ff4748d33265c1c5c24c811439d4ab9a51363	30672	95982dc1ffb5b7eb03f385d685887aadd98d086e0795755795df3904cf8e3ecf		1	proxy_access_log
focal-to-jammy	deb	libcbor0.8_0.8.0-2ubuntu1_amd64.deb	http://ap-northeast-2.ec2.archive.ubuntu.com/ubuntu/pool/main/libc/libcbor/libcbor0.8_0.8.0-2ubuntu1_amd64.deb	http://ap-northeast-2.ec2.archive.ubuntu.com/ubuntu/pool/main/libc/libcbor/libcbor0.8_0.8.0-2ubuntu1_amd64.deb	/home/aella/aws-discovery-focal-jammy-retry-20260831/upgrade-discovery/focal-to-jammy/runtime/deb-cache/5e/15/5e158c425be8314edd139f16cc8d8e1230750861ce2926af946c81addaabb53f	24646	89924d89bccd18bcd7a9513781ab7e9b7370c74f4e82c6131db657cf555215ae		1	proxy_access_log
focal-to-jammy	deb	libfido2-1_1.10.0-1_amd64.deb	http://ap-northeast-2.ec2.archive.ubuntu.com/ubuntu/pool/main/libf/libfido2/libfido2-1_1.10.0-1_amd64.deb	http://ap-northeast-2.ec2.archive.ubuntu.com/ubuntu/pool/main/libf/libfido2/libfido2-1_1.10.0-1_amd64.deb	/home/aella/aws-discovery-focal-jammy-retry-20260831/upgrade-discovery/focal-to-jammy/runtime/deb-cache/13/58/135827303a84a660bed082f80198f93e2659df0c911722afe5b89f2e6b2117db	82772	b4209996a74343859a70ed403c601e098702112877c372c7cc7c6b3c0ebce019		1	proxy_access_log
focal-to-jammy	deb	openssh-sftp-server_8.9p1-3ubuntu0.16_amd64.deb	http://ap-northeast-2.ec2.archive.ubuntu.com/ubuntu/pool/main/o/openssh/openssh-sftp-server_8.9p1-3ubuntu0.16_amd64.deb	http://ap-northeast-2.ec2.archive.ubuntu.com/ubuntu/pool/main/o/openssh/openssh-sftp-server_8.9p1-3ubuntu0.16_amd64.deb	/home/aella/aws-discovery-focal-jammy-retry-20260831/upgrade-discovery/focal-to-jammy/runtime/deb-cache/72/df/72dfa0387da64aa2f04d2f9b2d435e7810439b525a82e1148d410078e0c96533	38850	0bf1b90f250754c8d7309898b7d9e84b8f7ffb90a581a43a3f8f66fcb158bfb6		1	proxy_access_log
focal-to-jammy	deb	libprocps8_3.3.17-6ubuntu2.1_amd64.deb	http://ap-northeast-2.ec2.archive.ubuntu.com/ubuntu/pool/main/p/procps/libprocps8_3.3.17-6ubuntu2.1_amd64.deb	http://ap-northeast-2.ec2.archive.ubuntu.com/ubuntu/pool/main/p/procps/libprocps8_3.3.17-6ubuntu2.1_amd64.deb	/home/aella/aws-discovery-focal-jammy-retry-20260831/upgrade-discovery/focal-to-jammy/runtime/deb-cache/00/2a/002a6d02866b3560c179058949ef3762563cb96ba474b2ad8650f6982b747a5f	36160	a7d32ba1d7d4516b77354d3b2d34d218098b321933f792785029f313b918d163		1	proxy_access_log
focal-to-jammy	deb	procps_3.3.17-6ubuntu2.1_amd64.deb	http://ap-northeast-2.ec2.archive.ubuntu.com/ubuntu/pool/main/p/procps/procps_3.3.17-6ubuntu2.1_amd64.deb	http://ap-northeast-2.ec2.archive.ubuntu.com/ubuntu/pool/main/p/procps/procps_3.3.17-6ubuntu2.1_amd64.deb	/home/aella/aws-discovery-focal-jammy-retry-20260831/upgrade-discovery/focal-to-jammy/runtime/deb-cache/00/26/0026e98bb316d49a43deb698a2f53c45e01c3c22e300cb0f68cb56f900673a9f	377732	e204381ea55b600a1fb3556d6aec9cfb1eef1c4a2247dee641f00211311b9922		1	proxy_access_log
focal-to-jammy	deb	tcpd_7.6.q-31build2_amd64.deb	http://ap-northeast-2.ec2.archive.ubuntu.com/ubuntu/pool/universe/t/tcp-wrappers/tcpd_7.6.q-31build2_amd64.deb	http://ap-northeast-2.ec2.archive.ubuntu.com/ubuntu/pool/universe/t/tcp-wrappers/tcpd_7.6.q-31build2_amd64.deb	/home/aella/aws-discovery-focal-jammy-retry-20260831/upgrade-discovery/focal-to-jammy/runtime/deb-cache/0d/c0/0dc0d82f8f681396ec32735fb7596a5d3712ec27a44c0e1128ba0f2a6e132f5a	25248	9c9b05cd92f9851731ae828950a7c79a35e92c44b41513014eb769f019b6ff8d		1	proxy_access_log
focal-to-jammy	deb	libwrap0_7.6.q-31build2_amd64.deb	http://ap-northeast-2.ec2.archive.ubuntu.com/ubuntu/pool/main/t/tcp-wrappers/libwrap0_7.6.q-31build2_amd64.deb	http://ap-northeast-2.ec2.archive.ubuntu.com/ubuntu/pool/main/t/tcp-wrappers/libwrap0_7.6.q-31build2_amd64.deb	/home/aella/aws-discovery-focal-jammy-retry-20260831/upgrade-discovery/focal-to-jammy/runtime/deb-cache/39/40/394017af5dd8f2c56fedd65e38cfd5de4591c340b03bc696a2aeeddd6b2e6d13	47944	27eb87c90108a2e53f86efe78f00fcb701248a1b8609c26e52a9c431a41fa006		1	proxy_access_log
focal-to-jammy	deb	openssh-server_8.9p1-3ubuntu0.16_amd64.deb	http://ap-northeast-2.ec2.archive.ubuntu.com/ubuntu/pool/main/o/openssh/openssh-server_8.9p1-3ubuntu0.16_amd64.deb	http://ap-northeast-2.ec2.archive.ubuntu.com/ubuntu/pool/main/o/openssh/openssh-server_8.9p1-3ubuntu0.16_amd64.deb	/home/aella/aws-discovery-focal-jammy-retry-20260831/upgrade-discovery/focal-to-jammy/runtime/deb-cache/a6/e2/a6e229a48bad377397c66f4f1368ad3d17ec7a386ce355d73bb5607331de4f2b	435750	72ae9540fd81b44dbdf70dd7a3b0b8d4859f80f25555074c035b0e058779f7f0		1	proxy_access_log
focal-to-jammy	deb	git_2.34.1-1ubuntu1.17_amd64.deb	http://ap-northeast-2.ec2.archive.ubuntu.com/ubuntu/pool/main/g/git/git_2.34.1-1ubuntu1.17_amd64.deb	http://ap-northeast-2.ec2.archive.ubuntu.com/ubuntu/pool/main/g/git/git_2.34.1-1ubuntu1.17_amd64.deb	/home/aella/aws-discovery-focal-jammy-retry-20260831/upgrade-discovery/focal-to-jammy/runtime/deb-cache/3b/fe/3bfe854c0c5c3134d3de8376c2fbf661f94f03d87f5a9eea241d2994f4d46752	3173622	8794fcf2c4606c445df0db3dc963c8fb852772208bfb12727a12717c03767af7		1	proxy_access_log
focal-to-jammy	deb	git-man_2.34.1-1ubuntu1.17_all.deb	http://ap-northeast-2.ec2.archive.ubuntu.com/ubuntu/pool/main/g/git/git-man_2.34.1-1ubuntu1.17_all.deb	http://ap-northeast-2.ec2.archive.ubuntu.com/ubuntu/pool/main/g/git/git-man_2.34.1-1ubuntu1.17_all.deb	/home/aella/aws-discovery-focal-jammy-retry-20260831/upgrade-discovery/focal-to-jammy/runtime/deb-cache/6d/ea/6dea9b59e0068dd9d9c99061efaeb9a770bad2381a5cca133ec4d36ea43d4267	953934	8129d7b87facd50e32f806ad9905dd99435e7b0bb2566d6a33e5b5371c5c36e5		1	proxy_access_log
focal-to-jammy	deb	libedit2_3.1-20210910-1build1_amd64.deb	http://ap-northeast-2.ec2.archive.ubuntu.com/ubuntu/pool/main/libe/libedit/libedit2_3.1-20210910-1build1_amd64.deb	http://ap-northeast-2.ec2.archive.ubuntu.com/ubuntu/pool/main/libe/libedit/libedit2_3.1-20210910-1build1_amd64.deb	/home/aella/aws-discovery-focal-jammy-retry-20260831/upgrade-discovery/focal-to-jammy/runtime/deb-cache/06/fe/06fea3915d4061c86deae8f38bb8b896d721411c5d6f803d58ca23028e224489	96766	fb8783bdf0a59aaabf4e9b29192170f6cc17aa2eb94bc672c15add37ff39525b		1	proxy_access_log
focal-to-jammy	deb	openssh-client_8.9p1-3ubuntu0.16_amd64.deb	http://ap-northeast-2.ec2.archive.ubuntu.com/ubuntu/pool/main/o/openssh/openssh-client_8.9p1-3ubuntu0.16_amd64.deb	http://ap-northeast-2.ec2.archive.ubuntu.com/ubuntu/pool/main/o/openssh/openssh-client_8.9p1-3ubuntu0.16_amd64.deb	/home/aella/aws-discovery-focal-jammy-retry-20260831/upgrade-discovery/focal-to-jammy/runtime/deb-cache/b1/e3/b1e35d6c206f52181b16168eab52f85b03ead6c2eeb7f3ab271072f974135e21	903878	4bbb878ae5b99f7f82c0f52e7d68d6fa9c7427a5a1707efc53e65ff939fea391		1	proxy_access_log
focal-to-jammy	deb	python3-dnspython_2.1.0-1ubuntu1_all.deb	http://ap-northeast-2.ec2.archive.ubuntu.com/ubuntu/pool/main/d/dnspython/python3-dnspython_2.1.0-1ubuntu1_all.deb	http://ap-northeast-2.ec2.archive.ubuntu.com/ubuntu/pool/main/d/dnspython/python3-dnspython_2.1.0-1ubuntu1_all.deb	/home/aella/aws-discovery-focal-jammy-retry-20260831/upgrade-discovery/focal-to-jammy/runtime/deb-cache/2c/a3/2ca3cb9a09db233d1743af99d4648c9de1153d6e21b3204905d9f20253127af5	123058	b7477da8b47e3601baf98755f31a13859ad855393fea22b49b5d9613df43bf2d		1	proxy_access_log
focal-to-jammy	deb	python3-httplib2_0.20.2-2ubuntu0.1_all.deb	http://ap-northeast-2.ec2.archive.ubuntu.com/ubuntu/pool/main/p/python-httplib2/python3-httplib2_0.20.2-2ubuntu0.1_all.deb	http://ap-northeast-2.ec2.archive.ubuntu.com/ubuntu/pool/main/p/python-httplib2/python3-httplib2_0.20.2-2ubuntu0.1_all.deb	/home/aella/aws-discovery-focal-jammy-retry-20260831/upgrade-discovery/focal-to-jammy/runtime/deb-cache/f7/b4/f7b468d7cae7eaad73b6764fe01fca2f3bac878401c1c98f8ba4f100d7337a37	33428	e8d475d592c978f4ed9ca4102170842d6a4c16fe331211c2610c33e7ac3651ca		1	proxy_access_log
focal-to-jammy	deb	wget_1.21.2-2ubuntu1.5_amd64.deb	http://ap-northeast-2.ec2.archive.ubuntu.com/ubuntu/pool/main/w/wget/wget_1.21.2-2ubuntu1.5_amd64.deb	http://ap-northeast-2.ec2.archive.ubuntu.com/ubuntu/pool/main/w/wget/wget_1.21.2-2ubuntu1.5_amd64.deb	/home/aella/aws-discovery-focal-jammy-retry-20260831/upgrade-discovery/focal-to-jammy/runtime/deb-cache/9b/a2/9ba21b0628aa7917feeeb917f543d7628ff8c53e425c6dd351bd34842b305bf8	338814	03530cc4b711b262700695a545a3494671e563ced8063c6f3f5f1d4595894f2c		1	proxy_access_log
focal-to-jammy	deb	curl_7.81.0-1ubuntu1.27_amd64.deb	http://ap-northeast-2.ec2.archive.ubuntu.com/ubuntu/pool/main/c/curl/curl_7.81.0-1ubuntu1.27_amd64.deb	http://ap-northeast-2.ec2.archive.ubuntu.com/ubuntu/pool/main/c/curl/curl_7.81.0-1ubuntu1.27_amd64.deb	/home/aella/aws-discovery-focal-jammy-retry-20260831/upgrade-discovery/focal-to-jammy/runtime/deb-cache/fa/d7/fad720a47fd13fa02fd3d211f7e809becdb3e178813f6d0adc30944bf4a941fb	194114	24510ec9bfcb28d2297964ddd79233dd7c0a1e41aaec59004753bf07a483255a		1	proxy_access_log
focal-to-jammy	deb	libcurl4_7.81.0-1ubuntu1.27_amd64.deb	http://ap-northeast-2.ec2.archive.ubuntu.com/ubuntu/pool/main/c/curl/libcurl4_7.81.0-1ubuntu1.27_amd64.deb	http://ap-northeast-2.ec2.archive.ubuntu.com/ubuntu/pool/main/c/curl/libcurl4_7.81.0-1ubuntu1.27_amd64.deb	/home/aella/aws-discovery-focal-jammy-retry-20260831/upgrade-discovery/focal-to-jammy/runtime/deb-cache/aa/77/aa775b6441daa3a4f155d0d756c9e28b67f3433c47592719e2e82642fffe3e51	291746	da283ae12304da05c2b90b51ec6e1715554dc54d9d4f46318103ff0f14beba5d		1	proxy_access_log
focal-to-jammy	deb	ieee-data_20210605.1_all.deb	http://ap-northeast-2.ec2.archive.ubuntu.com/ubuntu/pool/main/i/ieee-data/ieee-data_20210605.1_all.deb	http://ap-northeast-2.ec2.archive.ubuntu.com/ubuntu/pool/main/i/ieee-data/ieee-data_20210605.1_all.deb	/home/aella/aws-discovery-focal-jammy-retry-20260831/upgrade-discovery/focal-to-jammy/runtime/deb-cache/52/bd/52bdaf5d82932db567bbd4f8b375b7b588bf29a42f560a8ee5ca0c47ffdfd92c	1887104	ebf93503ede1b5da9ea6171011685ac7800cef982340cc7b6e32412035727425		1	proxy_access_log
focal-to-jammy	deb	python3-netaddr_0.8.0-2_all.deb	http://ap-northeast-2.ec2.archive.ubuntu.com/ubuntu/pool/main/p/python-netaddr/python3-netaddr_0.8.0-2_all.deb	http://ap-northeast-2.ec2.archive.ubuntu.com/ubuntu/pool/main/p/python-netaddr/python3-netaddr_0.8.0-2_all.deb	/home/aella/aws-discovery-focal-jammy-retry-20260831/upgrade-discovery/focal-to-jammy/runtime/deb-cache/54/e6/54e646773d8f7e19bdae4a2a19c0a83dd175ef1a508990dc5c2aba652f5fac06	308658	64c152007d9f1c424a50895f632a815faf5aa3bd477c91a6c759cc8ee8f42a94		1	proxy_access_log
focal-to-jammy	deb	libksba8_1.6.0-2ubuntu0.2_amd64.deb	http://ap-northeast-2.ec2.archive.ubuntu.com/ubuntu/pool/main/libk/libksba/libksba8_1.6.0-2ubuntu0.2_amd64.deb	http://ap-northeast-2.ec2.archive.ubuntu.com/ubuntu/pool/main/libk/libksba/libksba8_1.6.0-2ubuntu0.2_amd64.deb	/home/aella/aws-discovery-focal-jammy-retry-20260831/upgrade-discovery/focal-to-jammy/runtime/deb-cache/b4/ad/b4ad232f9848fff738728926dee7de18ff12aa140a6e9a2e081a5820128631d1	118888	e0ade9d2a2610082c975d47ac3a2c6cc0b5c9f4bb1af3973e4cdd28aa9696524		1	proxy_access_log
focal-to-jammy	deb	libassuan0_2.5.5-1build1_amd64.deb	http://ap-northeast-2.ec2.archive.ubuntu.com/ubuntu/pool/main/liba/libassuan/libassuan0_2.5.5-1build1_amd64.deb	http://ap-northeast-2.ec2.archive.ubuntu.com/ubuntu/pool/main/liba/libassuan/libassuan0_2.5.5-1build1_amd64.deb	/home/aella/aws-discovery-focal-jammy-retry-20260831/upgrade-discovery/focal-to-jammy/runtime/deb-cache/5a/b6/5ab638d6e3f5043b971468e23f4196cf46cf441e89e3a7fbd21395313deb2d69	38238	5a7533e3e6d9ba4f0bee94c76de4e7947da87e3cc573cbf31d7e8e0a5640d024		1	proxy_access_log
focal-to-jammy	deb	pinentry-curses_1.1.1-1build2_amd64.deb	http://ap-northeast-2.ec2.archive.ubuntu.com/ubuntu/pool/main/p/pinentry/pinentry-curses_1.1.1-1build2_amd64.deb	http://ap-northeast-2.ec2.archive.ubuntu.com/ubuntu/pool/main/p/pinentry/pinentry-curses_1.1.1-1build2_amd64.deb	/home/aella/aws-discovery-focal-jammy-retry-20260831/upgrade-discovery/focal-to-jammy/runtime/deb-cache/a2/8b/a28be36916ec784d0867f6e38cff16abf9171ffffd205d5c6fd7113cd069ad1f	34418	d748bd33bee1f689d9fa98eb1896cdf358cf6758aee985c4609263406383cbfb		1	proxy_access_log
focal-to-jammy	deb	libnpth0_1.6-3build2_amd64.deb	http://ap-northeast-2.ec2.archive.ubuntu.com/ubuntu/pool/main/n/npth/libnpth0_1.6-3build2_amd64.deb	http://ap-northeast-2.ec2.archive.ubuntu.com/ubuntu/pool/main/n/npth/libnpth0_1.6-3build2_amd64.deb	/home/aella/aws-discovery-focal-jammy-retry-20260831/upgrade-discovery/focal-to-jammy/runtime/deb-cache/42/91/42911cc3de6d5debccc3116befd66b9f2198353404457bd3bbf4d49ba905a8bc	8664	e6e05ed1c4ccfbdc4ca3af2696dadbd0313b5287221ecafa306911da6fbbf89a		1	proxy_access_log
focal-to-jammy	deb	gpgv_2.2.27-3ubuntu2.5_amd64.deb	http://ap-northeast-2.ec2.archive.ubuntu.com/ubuntu/pool/main/g/gnupg2/gpgv_2.2.27-3ubuntu2.5_amd64.deb	http://ap-northeast-2.ec2.archive.ubuntu.com/ubuntu/pool/main/g/gnupg2/gpgv_2.2.27-3ubuntu2.5_amd64.deb	/home/aella/aws-discovery-focal-jammy-retry-20260831/upgrade-discovery/focal-to-jammy/runtime/deb-cache/0c/1d/0c1d51cc60f4af02d107a55b6e7a0eadc7ddd7e39b7242fb44ce10bca3058eec	137170	9eae9cfdadad7a40d654f81e39102c401fcd4845b9ccd2af1d111c770025d566		1	proxy_access_log
focal-to-jammy	deb	libxxhash0_0.8.1-1_amd64.deb	http://ap-northeast-2.ec2.archive.ubuntu.com/ubuntu/pool/main/x/xxhash/libxxhash0_0.8.1-1_amd64.deb	http://ap-northeast-2.ec2.archive.ubuntu.com/ubuntu/pool/main/x/xxhash/libxxhash0_0.8.1-1_amd64.deb	/home/aella/aws-discovery-focal-jammy-retry-20260831/upgrade-discovery/focal-to-jammy/runtime/deb-cache/28/82/288245872842ecdec4342bccf7242131ba96baa1823f2b65d1f6897b2561a583	27258	71cf4300213c7ce65deadf37a21dc250d8162cdf1e41d7fda1e279a390051169		1	proxy_access_log
focal-to-jammy	deb	libapt-pkg6.0_2.4.14_amd64.deb	http://ap-northeast-2.ec2.archive.ubuntu.com/ubuntu/pool/main/a/apt/libapt-pkg6.0_2.4.14_amd64.deb	http://ap-northeast-2.ec2.archive.ubuntu.com/ubuntu/pool/main/a/apt/libapt-pkg6.0_2.4.14_amd64.deb	/home/aella/aws-discovery-focal-jammy-retry-20260831/upgrade-discovery/focal-to-jammy/runtime/deb-cache/5a/ea/5aea503cadcc8ed8db496f0ab15975c9fd5bb4c5b70a925aed0826b7625a8f79	912066	0cc17a8dce1d3a9247a17f653476637f0898cea897875b726157418b16fe6b6e		1	proxy_access_log
focal-to-jammy	deb	python-apt-common_2.4.0ubuntu4.1_all.deb	http://ap-northeast-2.ec2.archive.ubuntu.com/ubuntu/pool/main/p/python-apt/python-apt-common_2.4.0ubuntu4.1_all.deb	http://ap-northeast-2.ec2.archive.ubuntu.com/ubuntu/pool/main/p/python-apt/python-apt-common_2.4.0ubuntu4.1_all.deb	/home/aella/aws-discovery-focal-jammy-retry-20260831/upgrade-discovery/focal-to-jammy/runtime/deb-cache/be/a3/bea3d7704cdc9ba73305eb7324354e05bf3ec1458340e12282ebfd3f2adecaba	14678	ef8e97c20259acf5ab962b6d37a0532f64d8f6730b24be66011478407f5ec93e		1	proxy_access_log
focal-to-jammy	deb	python2.7-dev_2.7.18-13ubuntu1.5_amd64.deb	http://ap-northeast-2.ec2.archive.ubuntu.com/ubuntu/pool/universe/p/python2.7/python2.7-dev_2.7.18-13ubuntu1.5_amd64.deb	http://ap-northeast-2.ec2.archive.ubuntu.com/ubuntu/pool/universe/p/python2.7/python2.7-dev_2.7.18-13ubuntu1.5_amd64.deb	/home/aella/aws-discovery-focal-jammy-retry-20260831/upgrade-discovery/focal-to-jammy/runtime/deb-cache/05/b2/05b28a496d5239e91a07d8c1b3539bab4092b234380f2c681b2f8129de57c22f	286712	404af6e7d5c5c99e4185e0aa101fa37e339226c64b36ae325bbdd352f9708bf6		1	proxy_access_log
focal-to-jammy	deb	python2.7_2.7.18-13ubuntu1.5_amd64.deb	http://ap-northeast-2.ec2.archive.ubuntu.com/ubuntu/pool/universe/p/python2.7/python2.7_2.7.18-13ubuntu1.5_amd64.deb	http://ap-northeast-2.ec2.archive.ubuntu.com/ubuntu/pool/universe/p/python2.7/python2.7_2.7.18-13ubuntu1.5_amd64.deb	/home/aella/aws-discovery-focal-jammy-retry-20260831/upgrade-discovery/focal-to-jammy/runtime/deb-cache/0c/75/0c75a890915b3e3fa7b0075a685d254c302ee2bdf56f3e8aba4b4de4d016f119	249634	0c12835681e579433219742851204ab9a304d47e3980024f7701eaff7897fa4b		1	proxy_access_log
focal-to-jammy	deb	libpython2.7-dev_2.7.18-13ubuntu1.5_amd64.deb	http://ap-northeast-2.ec2.archive.ubuntu.com/ubuntu/pool/universe/p/python2.7/libpython2.7-dev_2.7.18-13ubuntu1.5_amd64.deb	http://ap-northeast-2.ec2.archive.ubuntu.com/ubuntu/pool/universe/p/python2.7/libpython2.7-dev_2.7.18-13ubuntu1.5_amd64.deb	/home/aella/aws-discovery-focal-jammy-retry-20260831/upgrade-discovery/focal-to-jammy/runtime/deb-cache/bd/62/bd62ee48594c2bf6b29bcfe8f4d9aea440e36f04292dfd3fc653a545f85030a2	2514454	cf1f862c7fafda4a7dfe081b4094f7c2bbc3b64697917d3a4c3f4fda3f3b9dfb		1	proxy_access_log
focal-to-jammy	deb	libpython2.7_2.7.18-13ubuntu1.5_amd64.deb	http://ap-northeast-2.ec2.archive.ubuntu.com/ubuntu/pool/universe/p/python2.7/libpython2.7_2.7.18-13ubuntu1.5_amd64.deb	http://ap-northeast-2.ec2.archive.ubuntu.com/ubuntu/pool/universe/p/python2.7/libpython2.7_2.7.18-13ubuntu1.5_amd64.deb	/home/aella/aws-discovery-focal-jammy-retry-20260831/upgrade-discovery/focal-to-jammy/runtime/deb-cache/cf/02/cf021b0556bf589fe249e8c278c71baf4653286b1deada6fc96623cb3135a112	1163522	32a3fd531225bf812e3d441d5c10afb0ccbd9f42f34baf321eacc5cd0b22728c		1	proxy_access_log
focal-to-jammy	deb	libpython2.7-stdlib_2.7.18-13ubuntu1.5_amd64.deb	http://ap-northeast-2.ec2.archive.ubuntu.com/ubuntu/pool/universe/p/python2.7/libpython2.7-stdlib_2.7.18-13ubuntu1.5_amd64.deb	http://ap-northeast-2.ec2.archive.ubuntu.com/ubuntu/pool/universe/p/python2.7/libpython2.7-stdlib_2.7.18-13ubuntu1.5_amd64.deb	/home/aella/aws-discovery-focal-jammy-retry-20260831/upgrade-discovery/focal-to-jammy/runtime/deb-cache/6c/7b/6c7bd8cf471eb9d8e63f315a952efb7d7c7db81dd9eabe206f44e1c5e2389160	1977332	1098942dda0aabbc0391dff376ae1db98afce223ccb86da0cebdddcb10aa6f69		1	proxy_access_log
focal-to-jammy	deb	python2.7-minimal_2.7.18-13ubuntu1.5_amd64.deb	http://ap-northeast-2.ec2.archive.ubuntu.com/ubuntu/pool/universe/p/python2.7/python2.7-minimal_2.7.18-13ubuntu1.5_amd64.deb	http://ap-northeast-2.ec2.archive.ubuntu.com/ubuntu/pool/universe/p/python2.7/python2.7-minimal_2.7.18-13ubuntu1.5_amd64.deb	/home/aella/aws-discovery-focal-jammy-retry-20260831/upgrade-discovery/focal-to-jammy/runtime/deb-cache/7d/61/7d618cd7b092693ff09ff5a9d2bd6d0c9de3fa053af267dd716f10bc3419b0cc	1400042	5a8cc3e4ad31e2f5ada7c8be8131a577044a779d4b0c81ba31ae46b76ce758de		1	proxy_access_log
focal-to-jammy	deb	libpython2.7-minimal_2.7.18-13ubuntu1.5_amd64.deb	http://ap-northeast-2.ec2.archive.ubuntu.com/ubuntu/pool/universe/p/python2.7/libpython2.7-minimal_2.7.18-13ubuntu1.5_amd64.deb	http://ap-northeast-2.ec2.archive.ubuntu.com/ubuntu/pool/universe/p/python2.7/libpython2.7-minimal_2.7.18-13ubuntu1.5_amd64.deb	/home/aella/aws-discovery-focal-jammy-retry-20260831/upgrade-discovery/focal-to-jammy/runtime/deb-cache/8e/f3/8ef37320d7d928c423b5e1a6a94ec7c9cc9edf19fb6f8091beaac5a14b839f30	347366	350c720e95475850b1838e11320de5461c58f8aeafb923b935e9ae54b7731aae		1	proxy_access_log
focal-to-jammy	deb	libpython2-stdlib_2.7.18-3_amd64.deb	http://ap-northeast-2.ec2.archive.ubuntu.com/ubuntu/pool/universe/p/python-defaults/libpython2-stdlib_2.7.18-3_amd64.deb	http://ap-northeast-2.ec2.archive.ubuntu.com/ubuntu/pool/universe/p/python-defaults/libpython2-stdlib_2.7.18-3_amd64.deb	/home/aella/aws-discovery-focal-jammy-retry-20260831/upgrade-discovery/focal-to-jammy/runtime/deb-cache/89/b4/89b4e1fd6ee55e82670b9f13ce2d82ba08d77d8ef059db8daab023d92c32db86	7432	19ad2a122a866ee893f6b7d2d41c1c33c7669c15f71bcc4e10844ff17718563f		1	proxy_access_log
focal-to-jammy	deb	libpython-all-dev_2.7.18-3_amd64.deb	http://ap-northeast-2.ec2.archive.ubuntu.com/ubuntu/pool/universe/p/python-defaults/libpython-all-dev_2.7.18-3_amd64.deb	http://ap-northeast-2.ec2.archive.ubuntu.com/ubuntu/pool/universe/p/python-defaults/libpython-all-dev_2.7.18-3_amd64.deb	/home/aella/aws-discovery-focal-jammy-retry-20260831/upgrade-discovery/focal-to-jammy/runtime/deb-cache/a3/02/a302ddf047ff9c2368dcf4f8e04d8c747499f15627f29753ae31014b5511a0bf	922	e1fa0056811913fbd774626b3735890b327d78b8186fdeb1173c7965e35952b1		1	proxy_access_log
focal-to-jammy	deb	libpython2-dev_2.7.18-3_amd64.deb	http://ap-northeast-2.ec2.archive.ubuntu.com/ubuntu/pool/universe/p/python-defaults/libpython2-dev_2.7.18-3_amd64.deb	http://ap-northeast-2.ec2.archive.ubuntu.com/ubuntu/pool/universe/p/python-defaults/libpython2-dev_2.7.18-3_amd64.deb	/home/aella/aws-discovery-focal-jammy-retry-20260831/upgrade-discovery/focal-to-jammy/runtime/deb-cache/4b/c1/4bc18ff64f9264360ffc1716ba510d9e39a278b87059cbc9515be8a21c5defcb	7512	93064e3c855ff1b8fd703c08528ec6327c843b3db5e14772bc35201de53240ce		1	proxy_access_log
focal-to-jammy	deb	python3-debian_0.1.43ubuntu1.1_all.deb	http://ap-northeast-2.ec2.archive.ubuntu.com/ubuntu/pool/main/p/python-debian/python3-debian_0.1.43ubuntu1.1_all.deb	http://ap-northeast-2.ec2.archive.ubuntu.com/ubuntu/pool/main/p/python-debian/python3-debian_0.1.43ubuntu1.1_all.deb	/home/aella/aws-discovery-focal-jammy-retry-20260831/upgrade-discovery/focal-to-jammy/runtime/deb-cache/0b/3e/0b3e74fdab19d83ffe24f15635042f40bb5abc7d54e06d6db15bcbda5e833980	107064	280b92375d856f72cfe616bcbebc8965d7cd729c2753d045a695d1a7a36a6ba8		1	proxy_access_log
focal-to-jammy	deb	python3-debconf_1.5.79ubuntu1_all.deb	http://ap-northeast-2.ec2.archive.ubuntu.com/ubuntu/pool/main/d/debconf/python3-debconf_1.5.79ubuntu1_all.deb	http://ap-northeast-2.ec2.archive.ubuntu.com/ubuntu/pool/main/d/debconf/python3-debconf_1.5.79ubuntu1_all.deb	/home/aella/aws-discovery-focal-jammy-retry-20260831/upgrade-discovery/focal-to-jammy/runtime/deb-cache/8a/7c/8a7cbee5c26d214fd2904d77c6e41a2cac0e684450e8dbbbc2eb16c0650742ea	3914	44f1bd20aea263af1215f1bfbdcb3791a0ab0c884ac6f9d0fcc8ed16a542dc3c		1	proxy_access_log
focal-to-jammy	deb	python3-distro-info_1.1ubuntu0.2_all.deb	http://ap-northeast-2.ec2.archive.ubuntu.com/ubuntu/pool/main/d/distro-info/python3-distro-info_1.1ubuntu0.2_all.deb	http://ap-northeast-2.ec2.archive.ubuntu.com/ubuntu/pool/main/d/distro-info/python3-distro-info_1.1ubuntu0.2_all.deb	/home/aella/aws-discovery-focal-jammy-retry-20260831/upgrade-discovery/focal-to-jammy/runtime/deb-cache/0f/b7/0fb7a1a5fae948b98ca86ce1cf2d325bd7f2143f3cd5823d4dbf5be1996a6451	6554	6c6fcda041980cae6dfb92fb154d6910fda191457c5df7325e45dcb86c5429f8		1	proxy_access_log
focal-to-jammy	deb	lto-disabled-list_24_all.deb	http://ap-northeast-2.ec2.archive.ubuntu.com/ubuntu/pool/main/l/lto-disabled-list/lto-disabled-list_24_all.deb	http://ap-northeast-2.ec2.archive.ubuntu.com/ubuntu/pool/main/l/lto-disabled-list/lto-disabled-list_24_all.deb	/home/aella/aws-discovery-focal-jammy-retry-20260831/upgrade-discovery/focal-to-jammy/runtime/deb-cache/9a/86/9a86669e2d83ba10bdbe4f4ad96e6fcb39339a969e2afe09eeff80fe32be7112	12504	c7fed2763b58cec1bc2749e696629ea57aac1d2aa2e231f90ccb16a8a61b16a6		1	proxy_access_log
focal-to-jammy	deb	xz-utils_5.2.5-2ubuntu1.1_amd64.deb	http://ap-northeast-2.ec2.archive.ubuntu.com/ubuntu/pool/main/x/xz-utils/xz-utils_5.2.5-2ubuntu1.1_amd64.deb	http://ap-northeast-2.ec2.archive.ubuntu.com/ubuntu/pool/main/x/xz-utils/xz-utils_5.2.5-2ubuntu1.1_amd64.deb	/home/aella/aws-discovery-focal-jammy-retry-20260831/upgrade-discovery/focal-to-jammy/runtime/deb-cache/9e/58/9e587029f9785cf80a3e4f7548f265b870df382e3dea7801fb0f39f9eb51d2c6	84826	012652d4f76a08bfc6badf6a37c6da4c4e4a9f78b8c1560951750a74d700405c		1	proxy_access_log
focal-to-jammy	deb	make_4.3-4.1build1_amd64.deb	http://ap-northeast-2.ec2.archive.ubuntu.com/ubuntu/pool/main/m/make-dfsg/make_4.3-4.1build1_amd64.deb	http://ap-northeast-2.ec2.archive.ubuntu.com/ubuntu/pool/main/m/make-dfsg/make_4.3-4.1build1_amd64.deb	/home/aella/aws-discovery-focal-jammy-retry-20260831/upgrade-discovery/focal-to-jammy/runtime/deb-cache/27/2f/272fb7a6f227c6ff0299350e8351989fa453f81cbed178f09dc600fb78ba2f0a	179742	080b79a1a1623a2e6c6eead37d62b15fdf2c3dbfeafe8ecf5e31c54eb09eadcc		1	proxy_access_log
focal-to-jammy	deb	libctf0_2.38-4ubuntu2.12_amd64.deb	http://ap-northeast-2.ec2.archive.ubuntu.com/ubuntu/pool/main/b/binutils/libctf0_2.38-4ubuntu2.12_amd64.deb	http://ap-northeast-2.ec2.archive.ubuntu.com/ubuntu/pool/main/b/binutils/libctf0_2.38-4ubuntu2.12_amd64.deb	/home/aella/aws-discovery-focal-jammy-retry-20260831/upgrade-discovery/focal-to-jammy/runtime/deb-cache/41/2d/412d241018871f9d50a12eb748aeb129da2046e4da058714d31ae4683dd8b539	102954	fc893da8cdbbb5770eb382a0e63fde1e7aafdc948addefe80f285fb213307c5c		1	proxy_access_log
focal-to-jammy	deb	libctf-nobfd0_2.38-4ubuntu2.12_amd64.deb	http://ap-northeast-2.ec2.archive.ubuntu.com/ubuntu/pool/main/b/binutils/libctf-nobfd0_2.38-4ubuntu2.12_amd64.deb	http://ap-northeast-2.ec2.archive.ubuntu.com/ubuntu/pool/main/b/binutils/libctf-nobfd0_2.38-4ubuntu2.12_amd64.deb	/home/aella/aws-discovery-focal-jammy-retry-20260831/upgrade-discovery/focal-to-jammy/runtime/deb-cache/0b/6b/0b6b65f2b49fa8fd97c8f61f65a9ba7d7127dc28639cd2cf20798fa0da51ead4	108424	3e4ce8f782bb8dc6f53f7fb6100d1278d5f68949a47cd62455399e576e35dae8		1	proxy_access_log
focal-to-jammy	deb	libbinutils_2.38-4ubuntu2.12_amd64.deb	http://ap-northeast-2.ec2.archive.ubuntu.com/ubuntu/pool/main/b/binutils/libbinutils_2.38-4ubuntu2.12_amd64.deb	http://ap-northeast-2.ec2.archive.ubuntu.com/ubuntu/pool/main/b/binutils/libbinutils_2.38-4ubuntu2.12_amd64.deb	/home/aella/aws-discovery-focal-jammy-retry-20260831/upgrade-discovery/focal-to-jammy/runtime/deb-cache/65/66/6566cc1d4aba8b5732ff249084b933bd5b811804debf15f20f4e9b766f35b929	662922	c5a7c354cf986126edc80ec615c0041c19e5b554433857cc66858803d4552296		1	proxy_access_log
focal-to-jammy	deb	binutils-common_2.38-4ubuntu2.12_amd64.deb	http://ap-northeast-2.ec2.archive.ubuntu.com/ubuntu/pool/main/b/binutils/binutils-common_2.38-4ubuntu2.12_amd64.deb	http://ap-northeast-2.ec2.archive.ubuntu.com/ubuntu/pool/main/b/binutils/binutils-common_2.38-4ubuntu2.12_amd64.deb	/home/aella/aws-discovery-focal-jammy-retry-20260831/upgrade-discovery/focal-to-jammy/runtime/deb-cache/de/04/de040de58f89b1cec7f050dcf16c84913323bc092fdca3f9148820f3b8ec418e	222756	53df914b289b688a0f75cbb6c26c5982f31f7ed951785fff2010ad8450249175		1	proxy_access_log
focal-to-jammy	deb	binutils_2.38-4ubuntu2.12_amd64.deb	http://ap-northeast-2.ec2.archive.ubuntu.com/ubuntu/pool/main/b/binutils/binutils_2.38-4ubuntu2.12_amd64.deb	http://ap-northeast-2.ec2.archive.ubuntu.com/ubuntu/pool/main/b/binutils/binutils_2.38-4ubuntu2.12_amd64.deb	/home/aella/aws-discovery-focal-jammy-retry-20260831/upgrade-discovery/focal-to-jammy/runtime/deb-cache/a1/ee/a1ee1d7c613afdd3684329ff390ee91def2f7722e27041157ae5a999e0e35607	3184	7da8d527d9a4ba9b6fea5fe6126a98f81f538db3a4aaa4ced32d2a26761a4707		1	proxy_access_log
focal-to-jammy	deb	binutils-x86-64-linux-gnu_2.38-4ubuntu2.12_amd64.deb	http://ap-northeast-2.ec2.archive.ubuntu.com/ubuntu/pool/main/b/binutils/binutils-x86-64-linux-gnu_2.38-4ubuntu2.12_amd64.deb	http://ap-northeast-2.ec2.archive.ubuntu.com/ubuntu/pool/main/b/binutils/binutils-x86-64-linux-gnu_2.38-4ubuntu2.12_amd64.deb	/home/aella/aws-discovery-focal-jammy-retry-20260831/upgrade-discovery/focal-to-jammy/runtime/deb-cache/97/0c/970cf1bf3bb9fcbc93be553c8d3b94c633988ba1e090ebea7d71df8fb144acdb	2323634	6752566855c79448f8173e61eacde2ef582299480f1abcf4c2ba7ce84718ef32		1	proxy_access_log
focal-to-jammy	deb	dpkg-dev_1.21.1ubuntu2.6_all.deb	http://ap-northeast-2.ec2.archive.ubuntu.com/ubuntu/pool/main/d/dpkg/dpkg-dev_1.21.1ubuntu2.6_all.deb	http://ap-northeast-2.ec2.archive.ubuntu.com/ubuntu/pool/main/d/dpkg/dpkg-dev_1.21.1ubuntu2.6_all.deb	/home/aella/aws-discovery-focal-jammy-retry-20260831/upgrade-discovery/focal-to-jammy/runtime/deb-cache/19/8c/198cb210284d9e5117c9073df18e238dd2fa8d88ab025ac413aaa8a81bc6b3a1	921736	02d16cdbb018aad5d829f65ff2d6faac90ea1d9dece91ce0b435bd8510481c75		1	proxy_access_log
focal-to-jammy	deb	libdpkg-perl_1.21.1ubuntu2.6_all.deb	http://ap-northeast-2.ec2.archive.ubuntu.com/ubuntu/pool/main/d/dpkg/libdpkg-perl_1.21.1ubuntu2.6_all.deb	http://ap-northeast-2.ec2.archive.ubuntu.com/ubuntu/pool/main/d/dpkg/libdpkg-perl_1.21.1ubuntu2.6_all.deb	/home/aella/aws-discovery-focal-jammy-retry-20260831/upgrade-discovery/focal-to-jammy/runtime/deb-cache/f8/c9/f8c94e8a8ef1eda826de77fa2f3d11f7ce1c74af3377a87ac21b449022d87a77	236718	5cea0fc1b24772bbda3cdcf9acfd6caefb2d03d1136616f3d5b4cd8caf71eb19		1	proxy_access_log
focal-to-jammy	deb	patch_2.7.6-7build2_amd64.deb	http://ap-northeast-2.ec2.archive.ubuntu.com/ubuntu/pool/main/p/patch/patch_2.7.6-7build2_amd64.deb	http://ap-northeast-2.ec2.archive.ubuntu.com/ubuntu/pool/main/p/patch/patch_2.7.6-7build2_amd64.deb	/home/aella/aws-discovery-focal-jammy-retry-20260831/upgrade-discovery/focal-to-jammy/runtime/deb-cache/d2/57/d257df5776ad5b5aaaf0326e9a20b34320e161ebeee0c9c86096a0fb62c1d9eb	108562	e39822d3f8633220093c0353e9aa92caba541e282aef9214fa85e2f107a4b397		1	proxy_access_log
focal-to-jammy	deb	ubuntu-release-upgrader-core_22.04.21_all.deb	http://ap-northeast-2.ec2.archive.ubuntu.com/ubuntu/pool/main/u/ubuntu-release-upgrader/ubuntu-release-upgrader-core_22.04.21_all.deb	http://ap-northeast-2.ec2.archive.ubuntu.com/ubuntu/pool/main/u/ubuntu-release-upgrader/ubuntu-release-upgrader-core_22.04.21_all.deb	/home/aella/aws-discovery-focal-jammy-retry-20260831/upgrade-discovery/focal-to-jammy/runtime/deb-cache/6a/5b/6a5bda7be7123dd72b0a881dacbf795052c7aa60c6048808973ff09396ca2b5b	26312	205d6734543ffc56a7ae912ddab125ba758584d510baab22f78ff3e5fcf15e95		1	proxy_access_log
focal-to-jammy	deb	update-manager-core_22.04.22_all.deb	http://ap-northeast-2.ec2.archive.ubuntu.com/ubuntu/pool/main/u/update-manager/update-manager-core_22.04.22_all.deb	http://ap-northeast-2.ec2.archive.ubuntu.com/ubuntu/pool/main/u/update-manager/update-manager-core_22.04.22_all.deb	/home/aella/aws-discovery-focal-jammy-retry-20260831/upgrade-discovery/focal-to-jammy/runtime/deb-cache/f1/ab/f1ab168ab64231323921edb2984d9535e46c0c5eed04c70d0c159092657333f8	11552	cd90553436902812d6d7a72347f6a49d8c42ebcfc619b1c5e53fde7e5c78b3e9		1	proxy_access_log
focal-to-jammy	deb	python3-update-manager_22.04.22_all.deb	http://ap-northeast-2.ec2.archive.ubuntu.com/ubuntu/pool/main/u/update-manager/python3-update-manager_22.04.22_all.deb	http://ap-northeast-2.ec2.archive.ubuntu.com/ubuntu/pool/main/u/update-manager/python3-update-manager_22.04.22_all.deb	/home/aella/aws-discovery-focal-jammy-retry-20260831/upgrade-discovery/focal-to-jammy/runtime/deb-cache/40/c2/40c26a7ed2a9b266b2a1a813d36bed9404d68361daa94f42ac5c543547e6e962	39224	a0e02c0cd647a4a2d8a2989f5eeb0067f72e4277abdff84a22e5aaeccd8863cf		1	proxy_access_log
focal-to-jammy	deb	python3-distupgrade_22.04.21_all.deb	http://ap-northeast-2.ec2.archive.ubuntu.com/ubuntu/pool/main/u/ubuntu-release-upgrader/python3-distupgrade_22.04.21_all.deb	http://ap-northeast-2.ec2.archive.ubuntu.com/ubuntu/pool/main/u/ubuntu-release-upgrader/python3-distupgrade_22.04.21_all.deb	/home/aella/aws-discovery-focal-jammy-retry-20260831/upgrade-discovery/focal-to-jammy/runtime/deb-cache/62/5a/625ad713c60f4588f3e6065ca37e27242a7eeedc8db35b6a64720bb279660d5b	106660	9961fc3df671ed95f7d23271f37338f4536f4b50adf3c0bd489bd828dc86fdbe		1	proxy_access_log
focal-to-jammy	deb	ubuntu-pro-client-l10n_37.2ubuntu%7e22.04.1_amd64.deb	http://ap-northeast-2.ec2.archive.ubuntu.com/ubuntu/pool/main/u/ubuntu-advantage-tools/ubuntu-pro-client-l10n_37.2ubuntu%7e22.04.1_amd64.deb	http://ap-northeast-2.ec2.archive.ubuntu.com/ubuntu/pool/main/u/ubuntu-advantage-tools/ubuntu-pro-client-l10n_37.2ubuntu%7e22.04.1_amd64.deb	/home/aella/aws-discovery-focal-jammy-retry-20260831/upgrade-discovery/focal-to-jammy/runtime/deb-cache/44/5b/445b41d364671a0eaca3aa14a6b1e1a288b797cd5887ec6e76b56dec7c2d2ae2	1384	4115c715ca921af95a450000975ce9fe460918b266ab7007ac230e9c0da7c49f		1	proxy_access_log
focal-to-jammy	deb	ubuntu-pro-client_37.2ubuntu%7e22.04.1_amd64.deb	http://ap-northeast-2.ec2.archive.ubuntu.com/ubuntu/pool/main/u/ubuntu-advantage-tools/ubuntu-pro-client_37.2ubuntu%7e22.04.1_amd64.deb	http://ap-northeast-2.ec2.archive.ubuntu.com/ubuntu/pool/main/u/ubuntu-advantage-tools/ubuntu-pro-client_37.2ubuntu%7e22.04.1_amd64.deb	/home/aella/aws-discovery-focal-jammy-retry-20260831/upgrade-discovery/focal-to-jammy/runtime/deb-cache/08/4e/084e2c10c66dd94e8a202b586166db48864f21e9d760b092292e468e4eb94caa	237924	dc826898dbf506f7d8b2e447ab3dfdc2018a988e93cc7f90b93548dcb963ad0e		1	proxy_access_log
focal-to-jammy	deb	ubuntu-advantage-tools_37.2ubuntu%7e22.04.1_all.deb	http://ap-northeast-2.ec2.archive.ubuntu.com/ubuntu/pool/main/u/ubuntu-advantage-tools/ubuntu-advantage-tools_37.2ubuntu%7e22.04.1_all.deb	http://ap-northeast-2.ec2.archive.ubuntu.com/ubuntu/pool/main/u/ubuntu-advantage-tools/ubuntu-advantage-tools_37.2ubuntu%7e22.04.1_all.deb	/home/aella/aws-discovery-focal-jammy-retry-20260831/upgrade-discovery/focal-to-jammy/runtime/deb-cache/ad/22/ad229e4d2aaf615ba533346e21f942200b3defeb5f206b2553cf24e8658d67a0	10912	7bfdd8d9c71bf829cb1ba4d8a598d63e1045313df7031dbd537c52a916e2466e		1	proxy_access_log
focal-to-jammy	deb	debconf_1.5.79ubuntu1_all.deb	http://ap-northeast-2.ec2.archive.ubuntu.com/ubuntu/pool/main/d/debconf/debconf_1.5.79ubuntu1_all.deb	http://ap-northeast-2.ec2.archive.ubuntu.com/ubuntu/pool/main/d/debconf/debconf_1.5.79ubuntu1_all.deb	/home/aella/aws-discovery-focal-jammy-retry-20260831/upgrade-discovery/focal-to-jammy/runtime/deb-cache/c3/20/c320f9d4ed396eea7ee5c24fa37f741a1ed44fcd4d4d08453e7e8594d4a11f2f	126202	395a65b3a9539304391456d4d0e5531f4249f297b6e67eb0fcaf2ff77ddc3dc3		1	proxy_access_log
focal-to-jammy	deb	update-notifier-common_3.192.54.8_all.deb	http://ap-northeast-2.ec2.archive.ubuntu.com/ubuntu/pool/main/u/update-notifier/update-notifier-common_3.192.54.8_all.deb	http://ap-northeast-2.ec2.archive.ubuntu.com/ubuntu/pool/main/u/update-notifier/update-notifier-common_3.192.54.8_all.deb	/home/aella/aws-discovery-focal-jammy-retry-20260831/upgrade-discovery/focal-to-jammy/runtime/deb-cache/6d/a3/6da3c0dee1b034274df85ce0db90c8743a494ffb166e36c21da4e245b7aab715	185124	b032fbf5a0d59e4656db2bb8362e334e31f99a85eb20c2e4d31e13b80bfa9dc4		1	proxy_access_log
focal-to-jammy	deb	python3-problem-report_2.20.11-0ubuntu82.10_all.deb	http://ap-northeast-2.ec2.archive.ubuntu.com/ubuntu/pool/main/a/apport/python3-problem-report_2.20.11-0ubuntu82.10_all.deb	http://ap-northeast-2.ec2.archive.ubuntu.com/ubuntu/pool/main/a/apport/python3-problem-report_2.20.11-0ubuntu82.10_all.deb	/home/aella/aws-discovery-focal-jammy-retry-20260831/upgrade-discovery/focal-to-jammy/runtime/deb-cache/fe/cd/fecd22be75103ca7a4474b4cbb868109915de0489868943ffe3252437bb8bc83	11396	f7cc6a2f5ebf2ed2593840d3e4267056acd7e3e337ca3535012722c42b641328		1	proxy_access_log
focal-to-jammy	deb	python3-more-itertools_8.10.0-2_all.deb	http://ap-northeast-2.ec2.archive.ubuntu.com/ubuntu/pool/main/m/more-itertools/python3-more-itertools_8.10.0-2_all.deb	http://ap-northeast-2.ec2.archive.ubuntu.com/ubuntu/pool/main/m/more-itertools/python3-more-itertools_8.10.0-2_all.deb	/home/aella/aws-discovery-focal-jammy-retry-20260831/upgrade-discovery/focal-to-jammy/runtime/deb-cache/bc/ed/bced09d0ede7f169fea4f88715bed2830c9887c9404cd17f84f227db2ae04cee	47908	acf021afdac9553e0b1d45ea8d3012be3830cf80df7907d78d17e90dee904b3e		1	proxy_access_log
focal-to-jammy	deb	python3-zipp_1.0.0-3ubuntu0.1_all.deb	http://ap-northeast-2.ec2.archive.ubuntu.com/ubuntu/pool/main/p/python-zipp/python3-zipp_1.0.0-3ubuntu0.1_all.deb	http://ap-northeast-2.ec2.archive.ubuntu.com/ubuntu/pool/main/p/python-zipp/python3-zipp_1.0.0-3ubuntu0.1_all.deb	/home/aella/aws-discovery-focal-jammy-retry-20260831/upgrade-discovery/focal-to-jammy/runtime/deb-cache/e2/cc/e2cc85e64d814d0315fdbeac12c80f0c0447e37271ba87ef3344ed9664c4c243	6288	65baee4eaa0ff256c3d63644833fc83812bd669e8fd7a093bb4936c802a31429		1	proxy_access_log
focal-to-jammy	deb	python3-importlib-metadata_4.6.4-1_all.deb	http://ap-northeast-2.ec2.archive.ubuntu.com/ubuntu/pool/main/p/python-importlib-metadata/python3-importlib-metadata_4.6.4-1_all.deb	http://ap-northeast-2.ec2.archive.ubuntu.com/ubuntu/pool/main/p/python-importlib-metadata/python3-importlib-metadata_4.6.4-1_all.deb	/home/aella/aws-discovery-focal-jammy-retry-20260831/upgrade-discovery/focal-to-jammy/runtime/deb-cache/f8/07/f807dbcd650334b623a1e6e2d35cddd0a86d636876385117bfcb6f50a51fcde6	16230	36091862c20f959e68da02b0d923613fbd2af3eccc3165c2d3b52cb339440237		1	proxy_access_log
focal-to-jammy	deb	python3-jeepney_0.7.1-3_all.deb	http://ap-northeast-2.ec2.archive.ubuntu.com/ubuntu/pool/main/j/jeepney/python3-jeepney_0.7.1-3_all.deb	http://ap-northeast-2.ec2.archive.ubuntu.com/ubuntu/pool/main/j/jeepney/python3-jeepney_0.7.1-3_all.deb	/home/aella/aws-discovery-focal-jammy-retry-20260831/upgrade-discovery/focal-to-jammy/runtime/deb-cache/1f/2e/1f2e11d0e686744a4a8114ab8f8897c79900d984288b8d89c348bbf30f5538d4	36774	bc608c8bf37b7d40b3b3ee7018efbcf2fa8ccfe64be303b2144e5ce9560dbc70		1	proxy_access_log
focal-to-jammy	deb	python3-secretstorage_3.3.1-1_all.deb	http://ap-northeast-2.ec2.archive.ubuntu.com/ubuntu/pool/main/p/python-secretstorage/python3-secretstorage_3.3.1-1_all.deb	http://ap-northeast-2.ec2.archive.ubuntu.com/ubuntu/pool/main/p/python-secretstorage/python3-secretstorage_3.3.1-1_all.deb	/home/aella/aws-discovery-focal-jammy-retry-20260831/upgrade-discovery/focal-to-jammy/runtime/deb-cache/97/e9/97e9127ab474c1423ce0c375b2505cbc9c0fb26be27d69dc069c20eceaa4dd94	13200	32e9dd98817bab04ac752623ab9ffd53733d320042ed32561fa57b9e7e855031		1	proxy_access_log
focal-to-jammy	deb	python3-keyring_23.5.0-1_all.deb	http://ap-northeast-2.ec2.archive.ubuntu.com/ubuntu/pool/main/p/python-keyring/python3-keyring_23.5.0-1_all.deb	http://ap-northeast-2.ec2.archive.ubuntu.com/ubuntu/pool/main/p/python-keyring/python3-keyring_23.5.0-1_all.deb	/home/aella/aws-discovery-focal-jammy-retry-20260831/upgrade-discovery/focal-to-jammy/runtime/deb-cache/65/45/654535b2341cc8d2db599f5ddc47b7ff5ba86fa9a9077302ecfd812aa093f717	35706	b76dd36c171348a67053dc1e1e54ff8ecf50d6060d4dffb0f740e21e6a16a1f5		1	proxy_access_log
focal-to-jammy	deb	python3-lazr.uri_1.0.6-2_all.deb	http://ap-northeast-2.ec2.archive.ubuntu.com/ubuntu/pool/main/l/lazr.uri/python3-lazr.uri_1.0.6-2_all.deb	http://ap-northeast-2.ec2.archive.ubuntu.com/ubuntu/pool/main/l/lazr.uri/python3-lazr.uri_1.0.6-2_all.deb	/home/aella/aws-discovery-focal-jammy-retry-20260831/upgrade-discovery/focal-to-jammy/runtime/deb-cache/e3/f8/e3f8e7180276e00388e8e4f240a54e888d6926e81318d67550880d7da762dcdd	14392	afff7995e8bde81c4747cc074a87506ceb403ea145abdd8cec006d3b2430c02f		1	proxy_access_log
focal-to-jammy	deb	python3-wadllib_1.3.6-1_all.deb	http://ap-northeast-2.ec2.archive.ubuntu.com/ubuntu/pool/main/p/python-wadllib/python3-wadllib_1.3.6-1_all.deb	http://ap-northeast-2.ec2.archive.ubuntu.com/ubuntu/pool/main/p/python-wadllib/python3-wadllib_1.3.6-1_all.deb	/home/aella/aws-discovery-focal-jammy-retry-20260831/upgrade-discovery/focal-to-jammy/runtime/deb-cache/da/ef/daeff1b73b2c073f590210678363a2556dace324ffe8434f8ede1c3d7aab7adb	36380	e6185d1d91d173ab10f0287e0d93688235c20b4534c6b3bbdc3a76dc95f569e2		1	proxy_access_log
focal-to-jammy	deb	python3-distro_1.7.0-1_all.deb	http://ap-northeast-2.ec2.archive.ubuntu.com/ubuntu/pool/main/p/python-distro/python3-distro_1.7.0-1_all.deb	http://ap-northeast-2.ec2.archive.ubuntu.com/ubuntu/pool/main/p/python-distro/python3-distro_1.7.0-1_all.deb	/home/aella/aws-discovery-focal-jammy-retry-20260831/upgrade-discovery/focal-to-jammy/runtime/deb-cache/74/71/7471bc88bcce15e0178fbe9fc2349f381c1c2747c2281bdc7c361963eafe826b	17008	6a5e72cf879d9e795cd4f4760fbb597d55def7e545344ba6f8876eec0c4c92c6		1	proxy_access_log
focal-to-jammy	deb	python3-blinker_1.4%2bdfsg1-0.4_all.deb	http://ap-northeast-2.ec2.archive.ubuntu.com/ubuntu/pool/main/b/blinker/python3-blinker_1.4%2bdfsg1-0.4_all.deb	http://ap-northeast-2.ec2.archive.ubuntu.com/ubuntu/pool/main/b/blinker/python3-blinker_1.4%2bdfsg1-0.4_all.deb	/home/aella/aws-discovery-focal-jammy-retry-20260831/upgrade-discovery/focal-to-jammy/runtime/deb-cache/34/9e/349e7bbc8f902f3b3cbd72b5c7f9ae299372b990e473d3faf829e3a1a14b6801	14048	c0964a1414b9d4f8bf6d51895e08eba1d6df57f59ba2f571be1cf07ceb378a99		1	proxy_access_log
focal-to-jammy	deb	python3-jwt_2.3.0-1ubuntu0.3_all.deb	http://ap-northeast-2.ec2.archive.ubuntu.com/ubuntu/pool/main/p/pyjwt/python3-jwt_2.3.0-1ubuntu0.3_all.deb	http://ap-northeast-2.ec2.archive.ubuntu.com/ubuntu/pool/main/p/pyjwt/python3-jwt_2.3.0-1ubuntu0.3_all.deb	/home/aella/aws-discovery-focal-jammy-retry-20260831/upgrade-discovery/focal-to-jammy/runtime/deb-cache/6d/34/6d34a42252c14dac61611fa494210abbc6ec4b41a338e9c50d9f4fa873122381	17260	456a4ee9e1ba141642af7cb33d7d9673f7807d9fbad9cdaf6ffa2294b5b42563		1	proxy_access_log
focal-to-jammy	deb	python3-oauthlib_3.2.0-1ubuntu0.1_all.deb	http://ap-northeast-2.ec2.archive.ubuntu.com/ubuntu/pool/main/p/python-oauthlib/python3-oauthlib_3.2.0-1ubuntu0.1_all.deb	http://ap-northeast-2.ec2.archive.ubuntu.com/ubuntu/pool/main/p/python-oauthlib/python3-oauthlib_3.2.0-1ubuntu0.1_all.deb	/home/aella/aws-discovery-focal-jammy-retry-20260831/upgrade-discovery/focal-to-jammy/runtime/deb-cache/56/92/5692174d018ebccfda8de1758dd34242f10f626c8c154202f70e944eaecce8ff	89942	db7e2ac9eae6f66583cd10bb2a890233a22bbef432d70433080076eacc901fa4		1	proxy_access_log
focal-to-jammy	deb	python3-lazr.restfulclient_0.14.4-1_all.deb	http://ap-northeast-2.ec2.archive.ubuntu.com/ubuntu/pool/main/l/lazr.restfulclient/python3-lazr.restfulclient_0.14.4-1_all.deb	http://ap-northeast-2.ec2.archive.ubuntu.com/ubuntu/pool/main/l/lazr.restfulclient/python3-lazr.restfulclient_0.14.4-1_all.deb	/home/aella/aws-discovery-focal-jammy-retry-20260831/upgrade-discovery/focal-to-jammy/runtime/deb-cache/9f/53/9f5323a05820b1e994df9548f3ba7c2b45d4c8764bb63fa1db0c5a1106423eef	51236	85eaef8f43d5850a3a53fdcbc854b7ade90a85d6f88ad5fca4550adb7c1cce4c		1	proxy_access_log
focal-to-jammy	deb	python3-launchpadlib_1.10.16-1_all.deb	http://ap-northeast-2.ec2.archive.ubuntu.com/ubuntu/pool/main/p/python-launchpadlib/python3-launchpadlib_1.10.16-1_all.deb	http://ap-northeast-2.ec2.archive.ubuntu.com/ubuntu/pool/main/p/python-launchpadlib/python3-launchpadlib_1.10.16-1_all.deb	/home/aella/aws-discovery-focal-jammy-retry-20260831/upgrade-discovery/focal-to-jammy/runtime/deb-cache/0e/38/0e38fb4da0daa6dee437369ffef945451a31977406cc57136cb58d378bf10de3	124818	9e1903fc74a0315be4994b27e6544d0c28492c0391dd794b59ec250c6cb60e1c		1	proxy_access_log
focal-to-jammy	deb	python3-apport_2.20.11-0ubuntu82.10_all.deb	http://ap-northeast-2.ec2.archive.ubuntu.com/ubuntu/pool/main/a/apport/python3-apport_2.20.11-0ubuntu82.10_all.deb	http://ap-northeast-2.ec2.archive.ubuntu.com/ubuntu/pool/main/a/apport/python3-apport_2.20.11-0ubuntu82.10_all.deb	/home/aella/aws-discovery-focal-jammy-retry-20260831/upgrade-discovery/focal-to-jammy/runtime/deb-cache/d7/41/d741c15b51e05303e615f458f36a5179cc855d3135b371e05eb4fabda34732da	89010	c7b83c7451e62c6eb3862f9c1f2164ee53445e079c2cf4ddbb971cbc16f4e2f6		1	proxy_access_log
focal-to-jammy	deb	apport_2.20.11-0ubuntu82.10_all.deb	http://ap-northeast-2.ec2.archive.ubuntu.com/ubuntu/pool/main/a/apport/apport_2.20.11-0ubuntu82.10_all.deb	http://ap-northeast-2.ec2.archive.ubuntu.com/ubuntu/pool/main/a/apport/apport_2.20.11-0ubuntu82.10_all.deb	/home/aella/aws-discovery-focal-jammy-retry-20260831/upgrade-discovery/focal-to-jammy/runtime/deb-cache/98/e7/98e7098ffe6b81f4fa75c510d8e8d0e1e7ff3d2c0945f3d5be4dd91285db2d0a	134666	08be5c47ffb95b7f819bb62161f0c14ab6506971ba6a6fffaf1441a488473f02		1	proxy_access_log
focal-to-jammy	deb	gawk_5.1.0-1ubuntu0.2_amd64.deb	http://ap-northeast-2.ec2.archive.ubuntu.com/ubuntu/pool/main/g/gawk/gawk_5.1.0-1ubuntu0.2_amd64.deb	http://ap-northeast-2.ec2.archive.ubuntu.com/ubuntu/pool/main/g/gawk/gawk_5.1.0-1ubuntu0.2_amd64.deb	/home/aella/aws-discovery-focal-jammy-retry-20260831/upgrade-discovery/focal-to-jammy/runtime/deb-cache/5a/1d/5a1dc8cfdd18e8c5650f9cbabb4b13d3d1995442c2d769fd1a3b4136694ab48a	447160	d73a5621d0395f95ef595aba9983d56396165db89ab65997c1a55bf4957798f8		1	proxy_access_log
focal-to-jammy	deb	bcache-tools_1.0.8-4ubuntu3_amd64.deb	http://ap-northeast-2.ec2.archive.ubuntu.com/ubuntu/pool/main/b/bcache-tools/bcache-tools_1.0.8-4ubuntu3_amd64.deb	http://ap-northeast-2.ec2.archive.ubuntu.com/ubuntu/pool/main/b/bcache-tools/bcache-tools_1.0.8-4ubuntu3_amd64.deb	/home/aella/aws-discovery-focal-jammy-retry-20260831/upgrade-discovery/focal-to-jammy/runtime/deb-cache/99/7f/997fdb99e1c1b307aef1d97456b1ce3383e6804a256958463e8122a6bd4152dc	20332	741502d68233c8cc98f4475d92d94ad5fbca1cd969768b8a252be3c5027cbf3a		1	proxy_access_log
focal-to-jammy	deb	libevent-pthreads-2.1-7_2.1.12-stable-1build3_amd64.deb	http://ap-northeast-2.ec2.archive.ubuntu.com/ubuntu/pool/main/libe/libevent/libevent-pthreads-2.1-7_2.1.12-stable-1build3_amd64.deb	http://ap-northeast-2.ec2.archive.ubuntu.com/ubuntu/pool/main/libe/libevent/libevent-pthreads-2.1-7_2.1.12-stable-1build3_amd64.deb	/home/aella/aws-discovery-focal-jammy-retry-20260831/upgrade-discovery/focal-to-jammy/runtime/deb-cache/31/47/31477feef97a54e2c8fe4c37d42f2d2593f65090cac65a09dd9278288fedce97	7642	078211a125a9ef5a9c7d24eb441761cefde8812b69889f7cee96824b0dc66831		1	proxy_access_log
focal-to-jammy	deb	libevent-core-2.1-7_2.1.12-stable-1build3_amd64.deb	http://ap-northeast-2.ec2.archive.ubuntu.com/ubuntu/pool/main/libe/libevent/libevent-core-2.1-7_2.1.12-stable-1build3_amd64.deb	http://ap-northeast-2.ec2.archive.ubuntu.com/ubuntu/pool/main/libe/libevent/libevent-core-2.1-7_2.1.12-stable-1build3_amd64.deb	/home/aella/aws-discovery-focal-jammy-retry-20260831/upgrade-discovery/focal-to-jammy/runtime/deb-cache/20/98/2098e0c5cab654165a10a97b38de4b48fdc9d0d17eef1d7a93e7b660b71c8f2d	93926	9317ae74915b9e4372f7506fbd16ae2a021e0ead79a8d88f96dad49b87d94508		1	proxy_access_log
focal-to-jammy	deb	libutempter0_1.2.1-2build2_amd64.deb	http://ap-northeast-2.ec2.archive.ubuntu.com/ubuntu/pool/main/libu/libutempter/libutempter0_1.2.1-2build2_amd64.deb	http://ap-northeast-2.ec2.archive.ubuntu.com/ubuntu/pool/main/libu/libutempter/libutempter0_1.2.1-2build2_amd64.deb	/home/aella/aws-discovery-focal-jammy-retry-20260831/upgrade-discovery/focal-to-jammy/runtime/deb-cache/da/3a/da3a89c325285395ec12eb642b584f90374d1a3e6d0f9b30c59f5bdf05c9f4b5	8848	2c723c398879c7502cac4bdba4b2369e99c0bd822fc57158ffd07b1346f1ba91		1	proxy_access_log
focal-to-jammy	deb	tmux_3.2a-4ubuntu0.2_amd64.deb	http://ap-northeast-2.ec2.archive.ubuntu.com/ubuntu/pool/main/t/tmux/tmux_3.2a-4ubuntu0.2_amd64.deb	http://ap-northeast-2.ec2.archive.ubuntu.com/ubuntu/pool/main/t/tmux/tmux_3.2a-4ubuntu0.2_amd64.deb	/home/aella/aws-discovery-focal-jammy-retry-20260831/upgrade-discovery/focal-to-jammy/runtime/deb-cache/20/52/2052e8b0d7f98a25c421dcae2c0e49d75321e4169d38d34f85c82912a6c88b25	428388	b51865a24b78d68459421ee68e1e35d53112d9c08c4e823b241141342efb21dd		1	proxy_access_log
focal-to-jammy	deb	byobu_5.133-1_all.deb	http://ap-northeast-2.ec2.archive.ubuntu.com/ubuntu/pool/main/b/byobu/byobu_5.133-1_all.deb	http://ap-northeast-2.ec2.archive.ubuntu.com/ubuntu/pool/main/b/byobu/byobu_5.133-1_all.deb	/home/aella/aws-discovery-focal-jammy-retry-20260831/upgrade-discovery/focal-to-jammy/runtime/deb-cache/8f/b6/8fb6e6c04afbdebaa17e868feecc2df2d8641564630fa19f5c5b9db76960e75a	104164	a10450f0099f47f22df0c29102f67ffdfdc972608dcc27a3b31b3045b9ae619c		1	proxy_access_log
focal-to-jammy	deb	cloud-guest-utils_0.32-22-g45fe84a5-0ubuntu1_all.deb	http://ap-northeast-2.ec2.archive.ubuntu.com/ubuntu/pool/main/c/cloud-utils/cloud-guest-utils_0.32-22-g45fe84a5-0ubuntu1_all.deb	http://ap-northeast-2.ec2.archive.ubuntu.com/ubuntu/pool/main/c/cloud-utils/cloud-guest-utils_0.32-22-g45fe84a5-0ubuntu1_all.deb	/home/aella/aws-discovery-focal-jammy-retry-20260831/upgrade-discovery/focal-to-jammy/runtime/deb-cache/d6/2c/d62c5c97eefac2565b48a3f4e828d2caf5ee46c3830a13c9cc52dfc9ca9e8ac5	18496	b1069b47639cbc9642802385ddeee31a7b5ae003ae66fd3390712603d0034f23		1	proxy_access_log
focal-to-jammy	deb	cloud-initramfs-copymods_0.47ubuntu1_all.deb	http://ap-northeast-2.ec2.archive.ubuntu.com/ubuntu/pool/main/c/cloud-initramfs-tools/cloud-initramfs-copymods_0.47ubuntu1_all.deb	http://ap-northeast-2.ec2.archive.ubuntu.com/ubuntu/pool/main/c/cloud-initramfs-tools/cloud-initramfs-copymods_0.47ubuntu1_all.deb	/home/aella/aws-discovery-focal-jammy-retry-20260831/upgrade-discovery/focal-to-jammy/runtime/deb-cache/33/81/3381e46712e04e100106f240f35bfd72667b19e95b39b3256b3f412d6e62a994	4028	07a927ebba88c221f390653ace1a845eb3672681530d724b6f07ecf44d60cffb		1	proxy_access_log
focal-to-jammy	deb	cloud-initramfs-dyn-netconf_0.47ubuntu1_all.deb	http://ap-northeast-2.ec2.archive.ubuntu.com/ubuntu/pool/main/c/cloud-initramfs-tools/cloud-initramfs-dyn-netconf_0.47ubuntu1_all.deb	http://ap-northeast-2.ec2.archive.ubuntu.com/ubuntu/pool/main/c/cloud-initramfs-tools/cloud-initramfs-dyn-netconf_0.47ubuntu1_all.deb	/home/aella/aws-discovery-focal-jammy-retry-20260831/upgrade-discovery/focal-to-jammy/runtime/deb-cache/2e/dd/2edd9f7d01b26ff16cbf34dce5f0a7f0872f92b6f4b85a6a9a383827f4ad525e	6540	fb6049d817503b172f917d7f22b20f71900717903411b42729149a6ea4577896		1	proxy_access_log
focal-to-jammy	deb	ethtool_5.16-1ubuntu0.2_amd64.deb	http://ap-northeast-2.ec2.archive.ubuntu.com/ubuntu/pool/main/e/ethtool/ethtool_5.16-1ubuntu0.2_amd64.deb	http://ap-northeast-2.ec2.archive.ubuntu.com/ubuntu/pool/main/e/ethtool/ethtool_5.16-1ubuntu0.2_amd64.deb	/home/aella/aws-discovery-focal-jammy-retry-20260831/upgrade-discovery/focal-to-jammy/runtime/deb-cache/f1/0c/f10c76b8b196ce09e3056a52ac620a70680e6256e69709ce052a5a8be12f2df6	208180	62e2f73f33b1d6271cf8c72f5657be6748d74e454b41848fa8b15173b3df8454		1	proxy_access_log
focal-to-jammy	deb	fonts-ubuntu-console_0.83-6ubuntu1_all.deb	http://ap-northeast-2.ec2.archive.ubuntu.com/ubuntu/pool/main/f/fonts-ubuntu/fonts-ubuntu-console_0.83-6ubuntu1_all.deb	http://ap-northeast-2.ec2.archive.ubuntu.com/ubuntu/pool/main/f/fonts-ubuntu/fonts-ubuntu-console_0.83-6ubuntu1_all.deb	/home/aella/aws-discovery-focal-jammy-retry-20260831/upgrade-discovery/focal-to-jammy/runtime/deb-cache/b1/b2/b1b28f5f039d9ffbbd1a3fe89b582150e6762a243521ea7542ec2783535f4954	19770	a05272029af6c31306f157e3e01aa08f2794217677ca51d2a0c2e1b46bd1afc4		1	proxy_access_log
focal-to-jammy	deb	libnl-3-200_3.5.0-0.1_amd64.deb	http://ap-northeast-2.ec2.archive.ubuntu.com/ubuntu/pool/main/libn/libnl3/libnl-3-200_3.5.0-0.1_amd64.deb	http://ap-northeast-2.ec2.archive.ubuntu.com/ubuntu/pool/main/libn/libnl3/libnl-3-200_3.5.0-0.1_amd64.deb	/home/aella/aws-discovery-focal-jammy-retry-20260831/upgrade-discovery/focal-to-jammy/runtime/deb-cache/57/d2/57d28c8152107fed7dca58ada4a7fac5747a9e7117b5bcf98e06366f5f0574f6	59070	4cd689b817d3e6453aa8f6d91d77d35db36dfc4507ab11e780adaabdc4e0bc35		1	proxy_access_log
focal-to-jammy	deb	libnl-genl-3-200_3.5.0-0.1_amd64.deb	http://ap-northeast-2.ec2.archive.ubuntu.com/ubuntu/pool/main/libn/libnl3/libnl-genl-3-200_3.5.0-0.1_amd64.deb	http://ap-northeast-2.ec2.archive.ubuntu.com/ubuntu/pool/main/libn/libnl3/libnl-genl-3-200_3.5.0-0.1_amd64.deb	/home/aella/aws-discovery-focal-jammy-retry-20260831/upgrade-discovery/focal-to-jammy/runtime/deb-cache/18/d6/18d682a07b435bb22778c2bd4124d5860c786e644f1fe568c0a9b3e133303b17	12412	3f73295eee7b9ef208f7272fdb604415778156e4597a25d600563967c15958ea		1	proxy_access_log
focal-to-jammy	deb	htop_3.0.5-7build2_amd64.deb	http://ap-northeast-2.ec2.archive.ubuntu.com/ubuntu/pool/main/h/htop/htop_3.0.5-7build2_amd64.deb	http://ap-northeast-2.ec2.archive.ubuntu.com/ubuntu/pool/main/h/htop/htop_3.0.5-7build2_amd64.deb	/home/aella/aws-discovery-focal-jammy-retry-20260831/upgrade-discovery/focal-to-jammy/runtime/deb-cache/11/22/1122e98a88edb1a971c96fe64d87cb2f51eb4e9a2a7b272ffd6d2cd1c6b9d272	128078	ce8362bb923d011c5ed8ed22022e31b73bc66ce02cb69281218ae96af80cf4df		1	proxy_access_log
focal-to-jammy	deb	dmsetup_1.02.175-2.1ubuntu5_amd64.deb	http://ap-northeast-2.ec2.archive.ubuntu.com/ubuntu/pool/main/l/lvm2/dmsetup_1.02.175-2.1ubuntu5_amd64.deb	http://ap-northeast-2.ec2.archive.ubuntu.com/ubuntu/pool/main/l/lvm2/dmsetup_1.02.175-2.1ubuntu5_amd64.deb	/home/aella/aws-discovery-focal-jammy-retry-20260831/upgrade-discovery/focal-to-jammy/runtime/deb-cache/91/16/9116287412d06bd668be2a6a204877ed337214f0314c594002476da9ffa3bb0e	81690	b9b57ee0fab65f52cedf18fb5da41e61948549814a97defd1a893029d7aef1c3		1	proxy_access_log
focal-to-jammy	deb	libaio1_0.3.112-13build1_amd64.deb	http://ap-northeast-2.ec2.archive.ubuntu.com/ubuntu/pool/main/liba/libaio/libaio1_0.3.112-13build1_amd64.deb	http://ap-northeast-2.ec2.archive.ubuntu.com/ubuntu/pool/main/liba/libaio/libaio1_0.3.112-13build1_amd64.deb	/home/aella/aws-discovery-focal-jammy-retry-20260831/upgrade-discovery/focal-to-jammy/runtime/deb-cache/16/7e/167e8e4516247af1055ad86087d66705b29f657c436f087f4815072ff4463703	7176	2dcfe0b49d7cccfbf1bd6a3f627cf44bea9f51fb32f7e0e552a0df75698e0d27		1	proxy_access_log
focal-to-jammy	deb	liblvm2cmd2.03_2.03.11-2.1ubuntu5_amd64.deb	http://ap-northeast-2.ec2.archive.ubuntu.com/ubuntu/pool/main/l/lvm2/liblvm2cmd2.03_2.03.11-2.1ubuntu5_amd64.deb	http://ap-northeast-2.ec2.archive.ubuntu.com/ubuntu/pool/main/l/lvm2/liblvm2cmd2.03_2.03.11-2.1ubuntu5_amd64.deb	/home/aella/aws-discovery-focal-jammy-retry-20260831/upgrade-discovery/focal-to-jammy/runtime/deb-cache/69/d4/69d4e02a12ff65b17f2cc91bfb8c4e951f01894f973277776d2256b6e4b01556	757144	1e1763da6675d0a46a8d47595b3723298015ede8f07e5eb3c1c71e25a2da27a6		1	proxy_access_log
focal-to-jammy	deb	libdevmapper-event1.02.1_1.02.175-2.1ubuntu5_amd64.deb	http://ap-northeast-2.ec2.archive.ubuntu.com/ubuntu/pool/main/l/lvm2/libdevmapper-event1.02.1_1.02.175-2.1ubuntu5_amd64.deb	http://ap-northeast-2.ec2.archive.ubuntu.com/ubuntu/pool/main/l/lvm2/libdevmapper-event1.02.1_1.02.175-2.1ubuntu5_amd64.deb	/home/aella/aws-discovery-focal-jammy-retry-20260831/upgrade-discovery/focal-to-jammy/runtime/deb-cache/30/f4/30f40a7f5bb8c10db1e6eef2737a0ca3d1e096f7292d05ee9c85b746616df7ad	12692	0ff7a3994ef519df149808cfb9202fc07cd3e626022fe5c8fe2e22da12ed5dce		1	proxy_access_log
focal-to-jammy	deb	dmeventd_1.02.175-2.1ubuntu5_amd64.deb	http://ap-northeast-2.ec2.archive.ubuntu.com/ubuntu/pool/main/l/lvm2/dmeventd_1.02.175-2.1ubuntu5_amd64.deb	http://ap-northeast-2.ec2.archive.ubuntu.com/ubuntu/pool/main/l/lvm2/dmeventd_1.02.175-2.1ubuntu5_amd64.deb	/home/aella/aws-discovery-focal-jammy-retry-20260831/upgrade-discovery/focal-to-jammy/runtime/deb-cache/55/a6/55a6c9e8951b2addbfb921372306b421f31fa05b49deb5e2331e206c1a998e09	38154	49fe0b73ed07b88522631985f271ee8c22ab8d3d273ea70cfd65d794f0dff73c		1	proxy_access_log
focal-to-jammy	deb	lvm2_2.03.11-2.1ubuntu5_amd64.deb	http://ap-northeast-2.ec2.archive.ubuntu.com/ubuntu/pool/main/l/lvm2/lvm2_2.03.11-2.1ubuntu5_amd64.deb	http://ap-northeast-2.ec2.archive.ubuntu.com/ubuntu/pool/main/l/lvm2/lvm2_2.03.11-2.1ubuntu5_amd64.deb	/home/aella/aws-discovery-focal-jammy-retry-20260831/upgrade-discovery/focal-to-jammy/runtime/deb-cache/28/52/2852961c13d6857bf3854c007941337504fcbb4e65e134711b20bd22fd4c54f0	1153956	425127a4eee2e9b4336e73dd78810168e0437c1d8962367a0fb81df16e01a25a		1	proxy_access_log
focal-to-jammy	deb	mdadm_4.2-0ubuntu2_amd64.deb	http://ap-northeast-2.ec2.archive.ubuntu.com/ubuntu/pool/main/m/mdadm/mdadm_4.2-0ubuntu2_amd64.deb	http://ap-northeast-2.ec2.archive.ubuntu.com/ubuntu/pool/main/m/mdadm/mdadm_4.2-0ubuntu2_amd64.deb	/home/aella/aws-discovery-focal-jammy-retry-20260831/upgrade-discovery/focal-to-jammy/runtime/deb-cache/b8/95/b8959dd26ea9f69937abb98b13951c329f2acf0dbc9c3ee31b426a21549316d1	463876	9703afdb50de2a17bc2629ed66ca855f818681e729264ea2d6d6c12edf5e9efc		1	proxy_access_log
focal-to-jammy	deb	ubuntu-server_1.481.5_amd64.deb	http://ap-northeast-2.ec2.archive.ubuntu.com/ubuntu/pool/main/u/ubuntu-meta/ubuntu-server_1.481.5_amd64.deb	http://ap-northeast-2.ec2.archive.ubuntu.com/ubuntu/pool/main/u/ubuntu-meta/ubuntu-server_1.481.5_amd64.deb	/home/aella/aws-discovery-focal-jammy-retry-20260831/upgrade-discovery/focal-to-jammy/runtime/deb-cache/7a/52/7a525063eb102e5fb067186911e3fb72bf7946b4d7f99da6b5171f481b6f4365	2844	166608c609e83cf8fd464acb06f1a15c73f9cfe7d8a2a9851f037c994e8947b4		1	proxy_access_log
focal-to-jammy	deb	base-files_12ubuntu4.7_amd64.deb	http://ap-northeast-2.ec2.archive.ubuntu.com/ubuntu/pool/main/b/base-files/base-files_12ubuntu4.7_amd64.deb	http://ap-northeast-2.ec2.archive.ubuntu.com/ubuntu/pool/main/b/base-files/base-files_12ubuntu4.7_amd64.deb	/home/aella/aws-discovery-focal-jammy-retry-20260831/upgrade-discovery/focal-to-jammy/runtime/deb-cache/55/24/5524fa675fa4a8c1be8cc26103a72a45f43d258d56ea851006a30cfedc84e20f	61894	543f50e12da693710e1d606af61029fa599cde7eb0eaee2c0e34fa47848f4533		1	proxy_access_log
focal-to-jammy	deb	motd-news-config_12ubuntu4.7_all.deb	http://ap-northeast-2.ec2.archive.ubuntu.com/ubuntu/pool/main/b/base-files/motd-news-config_12ubuntu4.7_all.deb	http://ap-northeast-2.ec2.archive.ubuntu.com/ubuntu/pool/main/b/base-files/motd-news-config_12ubuntu4.7_all.deb	/home/aella/aws-discovery-focal-jammy-retry-20260831/upgrade-discovery/focal-to-jammy/runtime/deb-cache/19/2d/192d0ccf6c447cdb16c0ca478ed04a23f3b90c81abf35dda76f38a5b91bfdbf0	3822	9940fc9b46be5141363e2aa4672bce4a64d143fe50c9e9aa052ee53d8d0e041a		1	proxy_access_log
focal-to-jammy	deb	liburcu8_0.13.1-1_amd64.deb	http://ap-northeast-2.ec2.archive.ubuntu.com/ubuntu/pool/main/libu/liburcu/liburcu8_0.13.1-1_amd64.deb	http://ap-northeast-2.ec2.archive.ubuntu.com/ubuntu/pool/main/libu/liburcu/liburcu8_0.13.1-1_amd64.deb	/home/aella/aws-discovery-focal-jammy-retry-20260831/upgrade-discovery/focal-to-jammy/runtime/deb-cache/df/7b/df7b7a8781a26661240d27276b495d21f53031e3dbf06c7c690673a42a76f6f8	56170	9a1b9c42513aa3b98fba048c97038ac29716a1bff0c3565ad8f56113683d2e81		1	proxy_access_log
focal-to-jammy	deb	kpartx_0.8.8-1ubuntu1.22.04.4_amd64.deb	http://ap-northeast-2.ec2.archive.ubuntu.com/ubuntu/pool/main/m/multipath-tools/kpartx_0.8.8-1ubuntu1.22.04.4_amd64.deb	http://ap-northeast-2.ec2.archive.ubuntu.com/ubuntu/pool/main/m/multipath-tools/kpartx_0.8.8-1ubuntu1.22.04.4_amd64.deb	/home/aella/aws-discovery-focal-jammy-retry-20260831/upgrade-discovery/focal-to-jammy/runtime/deb-cache/c8/d1/c8d15cec932a945e503bf81beeb2f46c4381aee29ac8b19ba48502dede7db4c2	28774	465bd46104f7c64e973c627f3aba650bf6814d7fceeedafa56a3e3922fdc6fa6		1	proxy_access_log
focal-to-jammy	deb	libsgutils2-2_1.46-1ubuntu0.22.04.1_amd64.deb	http://ap-northeast-2.ec2.archive.ubuntu.com/ubuntu/pool/main/s/sg3-utils/libsgutils2-2_1.46-1ubuntu0.22.04.1_amd64.deb	http://ap-northeast-2.ec2.archive.ubuntu.com/ubuntu/pool/main/s/sg3-utils/libsgutils2-2_1.46-1ubuntu0.22.04.1_amd64.deb	/home/aella/aws-discovery-focal-jammy-retry-20260831/upgrade-discovery/focal-to-jammy/runtime/deb-cache/4f/91/4f917ebd899999cb9579c9bcf68fe1bf45a47e13936e0ae2c7ec08fa41570984	99004	df2118b1f7216c57f380e1eba46ffda10a51da3836092ed589d131738def6907		1	proxy_access_log
focal-to-jammy	deb	sg3-utils_1.46-1ubuntu0.22.04.1_amd64.deb	http://ap-northeast-2.ec2.archive.ubuntu.com/ubuntu/pool/main/s/sg3-utils/sg3-utils_1.46-1ubuntu0.22.04.1_amd64.deb	http://ap-northeast-2.ec2.archive.ubuntu.com/ubuntu/pool/main/s/sg3-utils/sg3-utils_1.46-1ubuntu0.22.04.1_amd64.deb	/home/aella/aws-discovery-focal-jammy-retry-20260831/upgrade-discovery/focal-to-jammy/runtime/deb-cache/25/71/2571f83202c52b768b937fd8e9f9b58d7452d0e1e9ece192c54b9cbf7cec6116	840830	ba77b5459ffcda02029573a4d2f9c80b923d392c8968a3346cbc671a2ddeb59f		1	proxy_access_log
focal-to-jammy	deb	sg3-utils-udev_1.46-1ubuntu0.22.04.1_all.deb	http://ap-northeast-2.ec2.archive.ubuntu.com/ubuntu/pool/main/s/sg3-utils/sg3-utils-udev_1.46-1ubuntu0.22.04.1_all.deb	http://ap-northeast-2.ec2.archive.ubuntu.com/ubuntu/pool/main/s/sg3-utils/sg3-utils-udev_1.46-1ubuntu0.22.04.1_all.deb	/home/aella/aws-discovery-focal-jammy-retry-20260831/upgrade-discovery/focal-to-jammy/runtime/deb-cache/ab/39/ab391e21478defdafbeeb0d8a607492537da8b99da2b08c086491c3bf50d9111	5904	0866587bb5803439c03694b565fe0bbdd9564d592cbe29e84a7c75f1a4afcce2		1	proxy_access_log
focal-to-jammy	deb	multipath-tools_0.8.8-1ubuntu1.22.04.4_amd64.deb	http://ap-northeast-2.ec2.archive.ubuntu.com/ubuntu/pool/main/m/multipath-tools/multipath-tools_0.8.8-1ubuntu1.22.04.4_amd64.deb	http://ap-northeast-2.ec2.archive.ubuntu.com/ubuntu/pool/main/m/multipath-tools/multipath-tools_0.8.8-1ubuntu1.22.04.4_amd64.deb	/home/aella/aws-discovery-focal-jammy-retry-20260831/upgrade-discovery/focal-to-jammy/runtime/deb-cache/03/99/03993fd1450501de77c53bdd4a3742e5829efc01440443b0655bc690b35f2e96	331150	a445b52a3301a21e7c1217ac6d862f87aceda00c6a2787b289c6cfbf1b883c23		1	proxy_access_log
focal-to-jammy	deb	cryptsetup-initramfs_2.4.3-1ubuntu1.3_all.deb	http://ap-northeast-2.ec2.archive.ubuntu.com/ubuntu/pool/main/c/cryptsetup/cryptsetup-initramfs_2.4.3-1ubuntu1.3_all.deb	http://ap-northeast-2.ec2.archive.ubuntu.com/ubuntu/pool/main/c/cryptsetup/cryptsetup-initramfs_2.4.3-1ubuntu1.3_all.deb	/home/aella/aws-discovery-focal-jammy-retry-20260831/upgrade-discovery/focal-to-jammy/runtime/deb-cache/fe/16/fe16ddef9dbacae21dcd3b18ae621dee4b364bfa1038e6e53c4635a6f1307df6	25560	cf6c16f6acfd0d3dafccb74e6df154e93a08f45498c9bd2bd8c4117be40512dc		1	proxy_access_log
focal-to-jammy	deb	cryptsetup-bin_2.4.3-1ubuntu1.3_amd64.deb	http://ap-northeast-2.ec2.archive.ubuntu.com/ubuntu/pool/main/c/cryptsetup/cryptsetup-bin_2.4.3-1ubuntu1.3_amd64.deb	http://ap-northeast-2.ec2.archive.ubuntu.com/ubuntu/pool/main/c/cryptsetup/cryptsetup-bin_2.4.3-1ubuntu1.3_amd64.deb	/home/aella/aws-discovery-focal-jammy-retry-20260831/upgrade-discovery/focal-to-jammy/runtime/deb-cache/b2/4f/b24f5a560f53e162edb5e8a2358d599ebc35f776118f81d44474d65e19982e39	145296	4bf609a565b7d1b2bc6ca4f8d4349b629f5218111062803e0206654a9e3eb2e3		1	proxy_access_log
focal-to-jammy	deb	cryptsetup_2.4.3-1ubuntu1.3_amd64.deb	http://ap-northeast-2.ec2.archive.ubuntu.com/ubuntu/pool/main/c/cryptsetup/cryptsetup_2.4.3-1ubuntu1.3_amd64.deb	http://ap-northeast-2.ec2.archive.ubuntu.com/ubuntu/pool/main/c/cryptsetup/cryptsetup_2.4.3-1ubuntu1.3_amd64.deb	/home/aella/aws-discovery-focal-jammy-retry-20260831/upgrade-discovery/focal-to-jammy/runtime/deb-cache/08/48/0848fde45b18dac4be6147677f949e83697eb552852feb2ec5fb2bd1c8fdf987	193742	c0d09b0104df521a8949d4ae3e26e0e65917eb76f596d3372f58120fb80f6d9a		1	proxy_access_log
focal-to-jammy	deb	overlayroot_0.47ubuntu1_all.deb	http://ap-northeast-2.ec2.archive.ubuntu.com/ubuntu/pool/main/c/cloud-initramfs-tools/overlayroot_0.47ubuntu1_all.deb	http://ap-northeast-2.ec2.archive.ubuntu.com/ubuntu/pool/main/c/cloud-initramfs-tools/overlayroot_0.47ubuntu1_all.deb	/home/aella/aws-discovery-focal-jammy-retry-20260831/upgrade-discovery/focal-to-jammy/runtime/deb-cache/6f/87/6f873db3c0b1f9c38f9c176d8051b906ed8c5c249bd0fb2d3898378443ac44a0	15696	6272c665dcf2b1523eb0248e5824957aaf7dc9cb5b9f7ef4c5c7a97e14829d21		1	proxy_access_log
focal-to-jammy	deb	xxd_8.2.3995-1ubuntu2.36_amd64.deb	http://ap-northeast-2.ec2.archive.ubuntu.com/ubuntu/pool/main/v/vim/xxd_8.2.3995-1ubuntu2.36_amd64.deb	http://ap-northeast-2.ec2.archive.ubuntu.com/ubuntu/pool/main/v/vim/xxd_8.2.3995-1ubuntu2.36_amd64.deb	/home/aella/aws-discovery-focal-jammy-retry-20260831/upgrade-discovery/focal-to-jammy/runtime/deb-cache/1a/82/1a821598541912d75e4f570032743dedfeb17408d632a4b4f2cca48b441652d4	51454	604b5215094112909cebbab13ccfa34500d46b19afa2f2e885342e5f576b7597		1	proxy_access_log
focal-to-jammy	deb	vim_8.2.3995-1ubuntu2.36_amd64.deb	http://ap-northeast-2.ec2.archive.ubuntu.com/ubuntu/pool/main/v/vim/vim_8.2.3995-1ubuntu2.36_amd64.deb	http://ap-northeast-2.ec2.archive.ubuntu.com/ubuntu/pool/main/v/vim/vim_8.2.3995-1ubuntu2.36_amd64.deb	/home/aella/aws-discovery-focal-jammy-retry-20260831/upgrade-discovery/focal-to-jammy/runtime/deb-cache/d2/04/d204393dd2524fb92fe6e6e5d9b7f5e1f07a8d1e4e0655e81ab35e61365549fc	1732620	967e244e5bbcc0a2064254992354fff7e46c047d6358ca932a4a799658a10612		1	proxy_access_log
focal-to-jammy	deb	vim-tiny_8.2.3995-1ubuntu2.36_amd64.deb	http://ap-northeast-2.ec2.archive.ubuntu.com/ubuntu/pool/main/v/vim/vim-tiny_8.2.3995-1ubuntu2.36_amd64.deb	http://ap-northeast-2.ec2.archive.ubuntu.com/ubuntu/pool/main/v/vim/vim-tiny_8.2.3995-1ubuntu2.36_amd64.deb	/home/aella/aws-discovery-focal-jammy-retry-20260831/upgrade-discovery/focal-to-jammy/runtime/deb-cache/ab/da/abda1412b8777a376a606a8476af7989bffdcf161e85f8bf1175d8d6eeed5189	706836	6221242092d144b8dd0ce46a6bb4b5c4425bcb37c16b555a2c4a698ef208bbca		1	proxy_access_log
focal-to-jammy	deb	vim-runtime_8.2.3995-1ubuntu2.36_all.deb	http://ap-northeast-2.ec2.archive.ubuntu.com/ubuntu/pool/main/v/vim/vim-runtime_8.2.3995-1ubuntu2.36_all.deb	http://ap-northeast-2.ec2.archive.ubuntu.com/ubuntu/pool/main/v/vim/vim-runtime_8.2.3995-1ubuntu2.36_all.deb	/home/aella/aws-discovery-focal-jammy-retry-20260831/upgrade-discovery/focal-to-jammy/runtime/deb-cache/b4/88/b488e64f36327fc595bee5d1298384d37c314f3d0e1b2ef324dc028b3ae5cf9a	6823882	1d0ec2c6627ee5ecca6c25ff08d305ea687af8165ec4f46e0247be1ca6e13a98		1	proxy_access_log
focal-to-jammy	deb	libpython3.10_3.10.12-1%7e22.04.17_amd64.deb	http://ap-northeast-2.ec2.archive.ubuntu.com/ubuntu/pool/main/p/python3.10/libpython3.10_3.10.12-1%7e22.04.17_amd64.deb	http://ap-northeast-2.ec2.archive.ubuntu.com/ubuntu/pool/main/p/python3.10/libpython3.10_3.10.12-1%7e22.04.17_amd64.deb	/home/aella/aws-discovery-focal-jammy-retry-20260831/upgrade-discovery/focal-to-jammy/runtime/deb-cache/6a/3c/6a3ca9a91ae27369e4f6d3a129f28acc457dd911348623a1413fe3e0131c4c6c	1949796	246c2ed853ba8b6afc6a61d78680e579b6a60b70dd0fe160467d48290aed455f		1	proxy_access_log
focal-to-jammy	deb	libsodium23_1.0.18-1ubuntu0.22.04.1_amd64.deb	http://ap-northeast-2.ec2.archive.ubuntu.com/ubuntu/pool/main/libs/libsodium/libsodium23_1.0.18-1ubuntu0.22.04.1_amd64.deb	http://ap-northeast-2.ec2.archive.ubuntu.com/ubuntu/pool/main/libs/libsodium/libsodium23_1.0.18-1ubuntu0.22.04.1_amd64.deb	/home/aella/aws-discovery-focal-jammy-retry-20260831/upgrade-discovery/focal-to-jammy/runtime/deb-cache/aa/5f/aa5fdcb19f7c43e0239e6ab1281e723b18178391409e8f2f28c3eeb51f85b949	164192	64bc0959a8ef3dd6d5ad8b347f8aa9a2a0e585e1f696340f9daa2c643ebefd11		1	proxy_access_log
focal-to-jammy	deb	libgpm2_1.20.7-10build1_amd64.deb	http://ap-northeast-2.ec2.archive.ubuntu.com/ubuntu/pool/main/g/gpm/libgpm2_1.20.7-10build1_amd64.deb	http://ap-northeast-2.ec2.archive.ubuntu.com/ubuntu/pool/main/g/gpm/libgpm2_1.20.7-10build1_amd64.deb	/home/aella/aws-discovery-focal-jammy-retry-20260831/upgrade-discovery/focal-to-jammy/runtime/deb-cache/0a/f2/0af23e40cb0d3f345069c967ec583a40aa29a7592462884add21e61d397280b9	15262	84f9a6ff091e295d4b92d8c71a8a78050ed7c407350123224e21bf94e293cbab		1	proxy_access_log
focal-to-jammy	deb	vim-common_8.2.3995-1ubuntu2.36_all.deb	http://ap-northeast-2.ec2.archive.ubuntu.com/ubuntu/pool/main/v/vim/vim-common_8.2.3995-1ubuntu2.36_all.deb	http://ap-northeast-2.ec2.archive.ubuntu.com/ubuntu/pool/main/v/vim/vim-common_8.2.3995-1ubuntu2.36_all.deb	/home/aella/aws-discovery-focal-jammy-retry-20260831/upgrade-discovery/focal-to-jammy/runtime/deb-cache/8c/30/8c30a78918fa64164487c0e3cbefce7335374d99531fe98b3d24a74af31d814b	81488	fff81fb2030c1fba344e38e4bc1869e02aa7c722f643f1c81306ce735adac473		1	proxy_access_log
focal-to-jammy	deb	pollinate_4.33-3ubuntu2.3_all.deb	http://ap-northeast-2.ec2.archive.ubuntu.com/ubuntu/pool/main/p/pollinate/pollinate_4.33-3ubuntu2.3_all.deb	http://ap-northeast-2.ec2.archive.ubuntu.com/ubuntu/pool/main/p/pollinate/pollinate_4.33-3ubuntu2.3_all.deb	/home/aella/aws-discovery-focal-jammy-retry-20260831/upgrade-discovery/focal-to-jammy/runtime/deb-cache/98/12/9812974d2ec95e721b9f8a4ea91ee59ce4fd0d255711607949a71ac3477ac022	10528	817790631d9ef9289e11a5fd4ea02a933b587c0fbe8c65c1467a3672014d9ff0		1	proxy_access_log
focal-to-jammy	deb	screen_4.9.0-1ubuntu0.1_amd64.deb	http://ap-northeast-2.ec2.archive.ubuntu.com/ubuntu/pool/main/s/screen/screen_4.9.0-1ubuntu0.1_amd64.deb	http://ap-northeast-2.ec2.archive.ubuntu.com/ubuntu/pool/main/s/screen/screen_4.9.0-1ubuntu0.1_amd64.deb	/home/aella/aws-discovery-focal-jammy-retry-20260831/upgrade-discovery/focal-to-jammy/runtime/deb-cache/05/dd/05dd15ae36a9a9dca8457ee199b6ea3a69bce4d66e385e8413f60c710ec07bbb	671750	9f882988c7df0c748fa97b87bf4512dcf42f6e0a88569ed6d968780e15efe08a		1	proxy_access_log
focal-to-jammy	deb	iso-codes_4.9.0-1_all.deb	http://ap-northeast-2.ec2.archive.ubuntu.com/ubuntu/pool/main/i/iso-codes/iso-codes_4.9.0-1_all.deb	http://ap-northeast-2.ec2.archive.ubuntu.com/ubuntu/pool/main/i/iso-codes/iso-codes_4.9.0-1_all.deb	/home/aella/aws-discovery-focal-jammy-retry-20260831/upgrade-discovery/focal-to-jammy/runtime/deb-cache/11/2a/112a5e8ffcd539f99bd5ff81716de5f8ed76ed4e34f6248d20ae0b682cb7cfcf	3459400	16ac9fefc100991bfc3f6d576ac3646c5a3c9651cfc6d849c3b676be0f4ea0a2		1	proxy_access_log
focal-to-jammy	deb	software-properties-common_0.99.22.9_all.deb	http://ap-northeast-2.ec2.archive.ubuntu.com/ubuntu/pool/main/s/software-properties/software-properties-common_0.99.22.9_all.deb	http://ap-northeast-2.ec2.archive.ubuntu.com/ubuntu/pool/main/s/software-properties/software-properties-common_0.99.22.9_all.deb	/home/aella/aws-discovery-focal-jammy-retry-20260831/upgrade-discovery/focal-to-jammy/runtime/deb-cache/ff/41/ff4101f5720d64dbe38ed1e8c7f5a18bbde31115f197f1506121e65c12a1ee84	14088	bc173c0e9a2e98477b711730757c15da89de9e0ba10178aedf5180c0a2ca84ed		1	proxy_access_log
focal-to-jammy	deb	python3-software-properties_0.99.22.9_all.deb	http://ap-northeast-2.ec2.archive.ubuntu.com/ubuntu/pool/main/s/software-properties/python3-software-properties_0.99.22.9_all.deb	http://ap-northeast-2.ec2.archive.ubuntu.com/ubuntu/pool/main/s/software-properties/python3-software-properties_0.99.22.9_all.deb	/home/aella/aws-discovery-focal-jammy-retry-20260831/upgrade-discovery/focal-to-jammy/runtime/deb-cache/25/47/254774b29682c25dd099d55beaf301079de85030bd0c99a1c04adab2d94d220f	28784	ec5a4415ebf6c6fd00fed4b0a937e45f78ba3b7ded4ceceee5224f4d25d3967d		1	proxy_access_log
focal-to-jammy	deb	libpackagekit-glib2-18_1.2.5-2ubuntu3.1_amd64.deb	http://ap-northeast-2.ec2.archive.ubuntu.com/ubuntu/pool/main/p/packagekit/libpackagekit-glib2-18_1.2.5-2ubuntu3.1_amd64.deb	http://ap-northeast-2.ec2.archive.ubuntu.com/ubuntu/pool/main/p/packagekit/libpackagekit-glib2-18_1.2.5-2ubuntu3.1_amd64.deb	/home/aella/aws-discovery-focal-jammy-retry-20260831/upgrade-discovery/focal-to-jammy/runtime/deb-cache/1f/d3/1fd354e7675b83227a24f12b02b31caa2241e7216876cfa808314a75e567c262	124004	9127bf6b46b6e42840e1f1821b3db5cffdd5639080cf2c457e55678fb0a48406		1	proxy_access_log
focal-to-jammy	deb	gir1.2-packagekitglib-1.0_1.2.5-2ubuntu3.1_amd64.deb	http://ap-northeast-2.ec2.archive.ubuntu.com/ubuntu/pool/main/p/packagekit/gir1.2-packagekitglib-1.0_1.2.5-2ubuntu3.1_amd64.deb	http://ap-northeast-2.ec2.archive.ubuntu.com/ubuntu/pool/main/p/packagekit/gir1.2-packagekitglib-1.0_1.2.5-2ubuntu3.1_amd64.deb	/home/aella/aws-discovery-focal-jammy-retry-20260831/upgrade-discovery/focal-to-jammy/runtime/deb-cache/52/b3/52b3ca4004e60727e707fe79433d8bfe9be853dac1f92384e13b8fb5bee592af	25272	ce0ea6219fbc2dcf2d8f7117eb0b7ee877e400a9b1efb77c0602a0154071cdf8		1	proxy_access_log
focal-to-jammy	deb	libplymouth5_0.9.5%2bgit20211018-1ubuntu3_amd64.deb	http://ap-northeast-2.ec2.archive.ubuntu.com/ubuntu/pool/main/p/plymouth/libplymouth5_0.9.5%2bgit20211018-1ubuntu3_amd64.deb	http://ap-northeast-2.ec2.archive.ubuntu.com/ubuntu/pool/main/p/plymouth/libplymouth5_0.9.5%2bgit20211018-1ubuntu3_amd64.deb	/home/aella/aws-discovery-focal-jammy-retry-20260831/upgrade-discovery/focal-to-jammy/runtime/deb-cache/46/59/4659cf3447b8ef4a9753e655e1ddbf27b9c560b650a34a1b04fdee842788dabb	107978	3fe4f9b2a07c7a88ac93f7a4fc9bbd5892d8c331bf264e9ce9e5ef68849d3738		1	proxy_access_log
focal-to-jammy	deb	plymouth-theme-ubuntu-text_0.9.5%2bgit20211018-1ubuntu3_amd64.deb	http://ap-northeast-2.ec2.archive.ubuntu.com/ubuntu/pool/main/p/plymouth/plymouth-theme-ubuntu-text_0.9.5%2bgit20211018-1ubuntu3_amd64.deb	http://ap-northeast-2.ec2.archive.ubuntu.com/ubuntu/pool/main/p/plymouth/plymouth-theme-ubuntu-text_0.9.5%2bgit20211018-1ubuntu3_amd64.deb	/home/aella/aws-discovery-focal-jammy-retry-20260831/upgrade-discovery/focal-to-jammy/runtime/deb-cache/ca/67/ca678719278737a29804f66c87298d163ef62f2279680b5127f2b06ddb570fb7	10152	b2a47333d5470833e0dcb8e8afaa9bfd1a7ce9b89a2517ed05a1b9ff6140e257		1	proxy_access_log
focal-to-jammy	deb	libdrm-common_2.4.113-2%7eubuntu0.22.04.1_all.deb	http://ap-northeast-2.ec2.archive.ubuntu.com/ubuntu/pool/main/libd/libdrm/libdrm-common_2.4.113-2%7eubuntu0.22.04.1_all.deb	http://ap-northeast-2.ec2.archive.ubuntu.com/ubuntu/pool/main/libd/libdrm/libdrm-common_2.4.113-2%7eubuntu0.22.04.1_all.deb	/home/aella/aws-discovery-focal-jammy-retry-20260831/upgrade-discovery/focal-to-jammy/runtime/deb-cache/8a/9a/8a9abc997b5175358e9063aab705614910ccd867c2d739f550c3142a55687bc6	5450	35a306712d8b15b30c42ecd73ec087813eb01c0b3125dc8f7ca2b5134e133522		1	proxy_access_log
focal-to-jammy	deb	libdrm2_2.4.113-2%7eubuntu0.22.04.1_amd64.deb	http://ap-northeast-2.ec2.archive.ubuntu.com/ubuntu/pool/main/libd/libdrm/libdrm2_2.4.113-2%7eubuntu0.22.04.1_amd64.deb	http://ap-northeast-2.ec2.archive.ubuntu.com/ubuntu/pool/main/libd/libdrm/libdrm2_2.4.113-2%7eubuntu0.22.04.1_amd64.deb	/home/aella/aws-discovery-focal-jammy-retry-20260831/upgrade-discovery/focal-to-jammy/runtime/deb-cache/23/da/23da0dcdb08c9d6f293b3bd702322f17a5b370a058405f7428505fce48547b6b	38106	555925f1caedfd98d89bae3bc11b4fe3401c2c4817dbbafcab25e1144582e946		1	proxy_access_log
focal-to-jammy	deb	plymouth_0.9.5%2bgit20211018-1ubuntu3_amd64.deb	http://ap-northeast-2.ec2.archive.ubuntu.com/ubuntu/pool/main/p/plymouth/plymouth_0.9.5%2bgit20211018-1ubuntu3_amd64.deb	http://ap-northeast-2.ec2.archive.ubuntu.com/ubuntu/pool/main/p/plymouth/plymouth_0.9.5%2bgit20211018-1ubuntu3_amd64.deb	/home/aella/aws-discovery-focal-jammy-retry-20260831/upgrade-discovery/focal-to-jammy/runtime/deb-cache/ec/c8/ecc83ac0f18aba235ceeee21347d6e8eace0086d4c9a6209a281d3c57194abe5	133046	8cf74463f6ed1e9321d78eafca7632039da147de7581fa1bcd3e079548be02e5		1	proxy_access_log
focal-to-jammy	deb	packagekit-tools_1.2.5-2ubuntu3.1_amd64.deb	http://ap-northeast-2.ec2.archive.ubuntu.com/ubuntu/pool/main/p/packagekit/packagekit-tools_1.2.5-2ubuntu3.1_amd64.deb	http://ap-northeast-2.ec2.archive.ubuntu.com/ubuntu/pool/main/p/packagekit/packagekit-tools_1.2.5-2ubuntu3.1_amd64.deb	/home/aella/aws-discovery-focal-jammy-retry-20260831/upgrade-discovery/focal-to-jammy/runtime/deb-cache/32/6e/326e0d679eb36e00503c05de408d44c6ac499b1dad2b60cdcf756c7dd4c10eb5	28778	d2a4ce314ed041a9dc76c8a988cba5e145d5e553c1c587a6d38177b67011e4ca		1	proxy_access_log
focal-to-jammy	deb	dbus-user-session_1.12.20-2ubuntu4.1_amd64.deb	http://ap-northeast-2.ec2.archive.ubuntu.com/ubuntu/pool/main/d/dbus/dbus-user-session_1.12.20-2ubuntu4.1_amd64.deb	http://ap-northeast-2.ec2.archive.ubuntu.com/ubuntu/pool/main/d/dbus/dbus-user-session_1.12.20-2ubuntu4.1_amd64.deb	/home/aella/aws-discovery-focal-jammy-retry-20260831/upgrade-discovery/focal-to-jammy/runtime/deb-cache/d6/c8/d6c8e3370261a4ca7983680cae969b2dfa73f4e7d57c834bfbb69a084a7081f8	9442	fcd6b45ba6577f4ffb395a08fc73aedc0e530f8d72d7b24575e44e4b7fd55d3b		1	proxy_access_log
focal-to-jammy	deb	policykit-1_0.105-33ubuntu0.1_amd64.deb	http://ap-northeast-2.ec2.archive.ubuntu.com/ubuntu/pool/main/p/policykit-1/policykit-1_0.105-33ubuntu0.1_amd64.deb	http://ap-northeast-2.ec2.archive.ubuntu.com/ubuntu/pool/main/p/policykit-1/policykit-1_0.105-33ubuntu0.1_amd64.deb	/home/aella/aws-discovery-focal-jammy-retry-20260831/upgrade-discovery/focal-to-jammy/runtime/deb-cache/52/46/52469da217e151d362ac7acd5c7c873efe289bbd1a56418fe6a8ecade5cc85bd	2438	4cfb8bdabd1e2b867e28314b7744ead9a6bd6ba57e937e9406aba4f6f09b990e		1	proxy_access_log
focal-to-jammy	deb	libpolkit-agent-1-0_0.105-33ubuntu0.1_amd64.deb	http://ap-northeast-2.ec2.archive.ubuntu.com/ubuntu/pool/main/p/policykit-1/libpolkit-agent-1-0_0.105-33ubuntu0.1_amd64.deb	http://ap-northeast-2.ec2.archive.ubuntu.com/ubuntu/pool/main/p/policykit-1/libpolkit-agent-1-0_0.105-33ubuntu0.1_amd64.deb	/home/aella/aws-discovery-focal-jammy-retry-20260831/upgrade-discovery/focal-to-jammy/runtime/deb-cache/c5/dc/c5dcfe7b44a2c2d226aabe10d00199352df83a4f4804bd1711fb88cc7940b034	16874	bf78fbd0e46b0faf3e942dd88260ce216f310520ebb137c2354338622a14da41		1	proxy_access_log
focal-to-jammy	deb	libpolkit-gobject-1-0_0.105-33ubuntu0.1_amd64.deb	http://ap-northeast-2.ec2.archive.ubuntu.com/ubuntu/pool/main/p/policykit-1/libpolkit-gobject-1-0_0.105-33ubuntu0.1_amd64.deb	http://ap-northeast-2.ec2.archive.ubuntu.com/ubuntu/pool/main/p/policykit-1/libpolkit-gobject-1-0_0.105-33ubuntu0.1_amd64.deb	/home/aella/aws-discovery-focal-jammy-retry-20260831/upgrade-discovery/focal-to-jammy/runtime/deb-cache/81/cc/81cc40849f772502c8ef04de6edd500a689372cecb6d9fc190723294a8d50a13	43316	e91137381c4645d4c7cc4fd5ec69722ce9cd7d43dd61753f753010a50646fe78		1	proxy_access_log
focal-to-jammy	deb	polkitd_0.105-33ubuntu0.1_amd64.deb	http://ap-northeast-2.ec2.archive.ubuntu.com/ubuntu/pool/main/p/policykit-1/polkitd_0.105-33ubuntu0.1_amd64.deb	http://ap-northeast-2.ec2.archive.ubuntu.com/ubuntu/pool/main/p/policykit-1/polkitd_0.105-33ubuntu0.1_amd64.deb	/home/aella/aws-discovery-focal-jammy-retry-20260831/upgrade-discovery/focal-to-jammy/runtime/deb-cache/15/9f/159f3bb380a756baaec23afe9168c54ed47bd507846ffc4957a9787221994e6c	80136	e91fd86913c9bd4455acc9ba3d0d20d84b6bc8d6c233633fc24c9b94b9431cc2		1	proxy_access_log
focal-to-jammy	deb	pkexec_0.105-33ubuntu0.1_amd64.deb	http://ap-northeast-2.ec2.archive.ubuntu.com/ubuntu/pool/main/p/policykit-1/pkexec_0.105-33ubuntu0.1_amd64.deb	http://ap-northeast-2.ec2.archive.ubuntu.com/ubuntu/pool/main/p/policykit-1/pkexec_0.105-33ubuntu0.1_amd64.deb	/home/aella/aws-discovery-focal-jammy-retry-20260831/upgrade-discovery/focal-to-jammy/runtime/deb-cache/84/07/8407770333052ec79e52c48d8a7a81ef4074c4c3d3dcdfe57908104ad802f10a	15194	b0e7819892754245fc143f33f9001bba7c7a3e23e863bea193be18a135461971		1	proxy_access_log
focal-to-jammy	deb	libstemmer0d_2.2.0-1build1_amd64.deb	http://ap-northeast-2.ec2.archive.ubuntu.com/ubuntu/pool/main/s/snowball/libstemmer0d_2.2.0-1build1_amd64.deb	http://ap-northeast-2.ec2.archive.ubuntu.com/ubuntu/pool/main/s/snowball/libstemmer0d_2.2.0-1build1_amd64.deb	/home/aella/aws-discovery-focal-jammy-retry-20260831/upgrade-discovery/focal-to-jammy/runtime/deb-cache/c0/d2/c0d2c877b3448456c6a3086b0fce55de7934424f067e98ade43fd47b570e290c	165048	a3aeda8dfd0fbee2322dce344f0128585c60455cef926d9ed53dbadde5c3111a		1	proxy_access_log
focal-to-jammy	deb	libicu70_70.1-2_amd64.deb	http://ap-northeast-2.ec2.archive.ubuntu.com/ubuntu/pool/main/i/icu/libicu70_70.1-2_amd64.deb	http://ap-northeast-2.ec2.archive.ubuntu.com/ubuntu/pool/main/i/icu/libicu70_70.1-2_amd64.deb	/home/aella/aws-discovery-focal-jammy-retry-20260831/upgrade-discovery/focal-to-jammy/runtime/deb-cache/75/18/7518d07d7eaf51990b4c80f5746069e8a526c4f78f04ed90fe22f66e94949b37	10581942	58a154f6307289813da2276f900498ef536ae7c0522d2cf31a3c3c5cf62dfd9a		1	proxy_access_log
focal-to-jammy	deb	libxml2_2.9.13%2bdfsg-1ubuntu0.12_amd64.deb	http://ap-northeast-2.ec2.archive.ubuntu.com/ubuntu/pool/main/libx/libxml2/libxml2_2.9.13%2bdfsg-1ubuntu0.12_amd64.deb	http://ap-northeast-2.ec2.archive.ubuntu.com/ubuntu/pool/main/libx/libxml2/libxml2_2.9.13%2bdfsg-1ubuntu0.12_amd64.deb	/home/aella/aws-discovery-focal-jammy-retry-20260831/upgrade-discovery/focal-to-jammy/runtime/deb-cache/1e/d3/1ed33fef3a0801109443a7065bcd23cec5a0501ddedf776b24e452726a0504ee	764660	b3678e6e4b166bc0e4226fb118d489ab51802c772914421397c9dcb2dd0e0d2b		1	proxy_access_log
focal-to-jammy	deb	libxmlb2_0.3.24-1%7eubuntu0.22.04.1_amd64.deb	http://ap-northeast-2.ec2.archive.ubuntu.com/ubuntu/pool/main/libx/libxmlb/libxmlb2_0.3.24-1%7eubuntu0.22.04.1_amd64.deb	http://ap-northeast-2.ec2.archive.ubuntu.com/ubuntu/pool/main/libx/libxmlb/libxmlb2_0.3.24-1%7eubuntu0.22.04.1_amd64.deb	/home/aella/aws-discovery-focal-jammy-retry-20260831/upgrade-discovery/focal-to-jammy/runtime/deb-cache/11/f6/11f65e0c651773a04fedbe3e5e5bbe1c3d6040261ef74f8753e03d81a9436fc0	67940	67d7060d6bfeb1674165badd257192127364e9209bd747f1dfa2d6f6186f633d		1	proxy_access_log
focal-to-jammy	deb	libappstream4_0.15.2-2_amd64.deb	http://ap-northeast-2.ec2.archive.ubuntu.com/ubuntu/pool/main/a/appstream/libappstream4_0.15.2-2_amd64.deb	http://ap-northeast-2.ec2.archive.ubuntu.com/ubuntu/pool/main/a/appstream/libappstream4_0.15.2-2_amd64.deb	/home/aella/aws-discovery-focal-jammy-retry-20260831/upgrade-discovery/focal-to-jammy/runtime/deb-cache/2c/2c/2c2c9c74b6889713f7020d76b981ed2050dccedbd6dd3ad791a131e839d3692f	192148	06b6ff67f5899849ff5d04745e7c855aee5cc6d3e868fe270e7428f176aeddf4		1	proxy_access_log
focal-to-jammy	deb	libdw1_0.186-1ubuntu0.1_amd64.deb	http://ap-northeast-2.ec2.archive.ubuntu.com/ubuntu/pool/main/e/elfutils/libdw1_0.186-1ubuntu0.1_amd64.deb	http://ap-northeast-2.ec2.archive.ubuntu.com/ubuntu/pool/main/e/elfutils/libdw1_0.186-1ubuntu0.1_amd64.deb	/home/aella/aws-discovery-focal-jammy-retry-20260831/upgrade-discovery/focal-to-jammy/runtime/deb-cache/a1/e3/a1e3d871ae8fa34cf62bbcbd6aff7fbf50e0f9275cdfeafc8bbbcf03dbfc3cd5	250724	487120e8e4468844a1bd024c3684e97dbe831fbaa04b975a337e8482370c4e17		1	proxy_access_log
focal-to-jammy	deb	libunwind8_1.3.2-2build2.1_amd64.deb	http://ap-northeast-2.ec2.archive.ubuntu.com/ubuntu/pool/main/libu/libunwind/libunwind8_1.3.2-2build2.1_amd64.deb	http://ap-northeast-2.ec2.archive.ubuntu.com/ubuntu/pool/main/libu/libunwind/libunwind8_1.3.2-2build2.1_amd64.deb	/home/aella/aws-discovery-focal-jammy-retry-20260831/upgrade-discovery/focal-to-jammy/runtime/deb-cache/b9/e6/b9e6a4db93bbabac97182a52ea74c5d9ece0d185865648a0eb35338ea2ada5e7	54518	781e3eb86986ab93e8b4866fc571fdec780c3d9a8b56b490e9c2f10fb90978ce		1	proxy_access_log
focal-to-jammy	deb	libgstreamer1.0-0_1.20.3-0ubuntu1.1_amd64.deb	http://ap-northeast-2.ec2.archive.ubuntu.com/ubuntu/pool/main/g/gstreamer1.0/libgstreamer1.0-0_1.20.3-0ubuntu1.1_amd64.deb	http://ap-northeast-2.ec2.archive.ubuntu.com/ubuntu/pool/main/g/gstreamer1.0/libgstreamer1.0-0_1.20.3-0ubuntu1.1_amd64.deb	/home/aella/aws-discovery-focal-jammy-retry-20260831/upgrade-discovery/focal-to-jammy/runtime/deb-cache/29/6a/296ac08d42a23ee4b101c9d6fb0ab2252666f4ea07de446dfd4d2eaabb860a8f	983820	472d2575f9e6b894361023995b0dcd1ae28fe3d4005ded81231d4efc7833446d		1	proxy_access_log
focal-to-jammy	deb	packagekit_1.2.5-2ubuntu3.1_amd64.deb	http://ap-northeast-2.ec2.archive.ubuntu.com/ubuntu/pool/main/p/packagekit/packagekit_1.2.5-2ubuntu3.1_amd64.deb	http://ap-northeast-2.ec2.archive.ubuntu.com/ubuntu/pool/main/p/packagekit/packagekit_1.2.5-2ubuntu3.1_amd64.deb	/home/aella/aws-discovery-focal-jammy-retry-20260831/upgrade-discovery/focal-to-jammy/runtime/deb-cache/38/dd/38dd53c66e3daede21a4eb1f4f283728b3eefad1c08a773e8a073e9165be142c	441668	805d0178fe444b4cbb00551b74e18b67868cd99bed34706ce9b92333235cf4ef		1	proxy_access_log
focal-to-jammy	deb	file_5.41-3ubuntu0.1_amd64.deb	http://ap-northeast-2.ec2.archive.ubuntu.com/ubuntu/pool/main/f/file/file_5.41-3ubuntu0.1_amd64.deb	http://ap-northeast-2.ec2.archive.ubuntu.com/ubuntu/pool/main/f/file/file_5.41-3ubuntu0.1_amd64.deb	/home/aella/aws-discovery-focal-jammy-retry-20260831/upgrade-discovery/focal-to-jammy/runtime/deb-cache/40/0b/400bba28f65e296b75fe61236f3673b5e71a6b21d7447d3bc054a7e02d774e94	21524	b63b48e8b32c6f0fce5ad37d5ec3269cbbdc8feed13170aae1f416a43ebe898b		1	proxy_access_log
focal-to-jammy	deb	libmagic1_5.41-3ubuntu0.1_amd64.deb	http://ap-northeast-2.ec2.archive.ubuntu.com/ubuntu/pool/main/f/file/libmagic1_5.41-3ubuntu0.1_amd64.deb	http://ap-northeast-2.ec2.archive.ubuntu.com/ubuntu/pool/main/f/file/libmagic1_5.41-3ubuntu0.1_amd64.deb	/home/aella/aws-discovery-focal-jammy-retry-20260831/upgrade-discovery/focal-to-jammy/runtime/deb-cache/c5/ac/c5acc7b290edfd2dbfb81e9dad1db184b58cf4ead7f69b02b6e10f797355896b	87242	344d0cc65fea4175ca1ab222c20b5b95fb1357acafea6b016add9988760829d0		1	proxy_access_log
focal-to-jammy	deb	libmagic-mgc_5.41-3ubuntu0.1_amd64.deb	http://ap-northeast-2.ec2.archive.ubuntu.com/ubuntu/pool/main/f/file/libmagic-mgc_5.41-3ubuntu0.1_amd64.deb	http://ap-northeast-2.ec2.archive.ubuntu.com/ubuntu/pool/main/f/file/libmagic-mgc_5.41-3ubuntu0.1_amd64.deb	/home/aella/aws-discovery-focal-jammy-retry-20260831/upgrade-discovery/focal-to-jammy/runtime/deb-cache/92/d1/92d19481a21580f84995dcc0282e014853c96688afa845401e80aebed09dc74e	257310	23fcefb8b9ee73eb74e127fc230330918a8f81e127fa54015f191cfd34726b3c		1	proxy_access_log
focal-to-jammy	deb	python3-magic_0.4.24-2_all.deb	http://ap-northeast-2.ec2.archive.ubuntu.com/ubuntu/pool/main/p/python-magic/python3-magic_0.4.24-2_all.deb	http://ap-northeast-2.ec2.archive.ubuntu.com/ubuntu/pool/main/p/python-magic/python3-magic_0.4.24-2_all.deb	/home/aella/aws-discovery-focal-jammy-retry-20260831/upgrade-discovery/focal-to-jammy/runtime/deb-cache/4f/61/4f6156167b2af0f12935d289959ed4aa945c6ace8bee30a27535f724bd79f224	12584	c3cfa9c86191b30f3822b781b8e2b45ba7dce1d6f27e6010f3bba6c32ee014f9		1	proxy_access_log
focal-to-jammy	deb	python3-ptyprocess_0.7.0-3_all.deb	http://ap-northeast-2.ec2.archive.ubuntu.com/ubuntu/pool/main/p/ptyprocess/python3-ptyprocess_0.7.0-3_all.deb	http://ap-northeast-2.ec2.archive.ubuntu.com/ubuntu/pool/main/p/ptyprocess/python3-ptyprocess_0.7.0-3_all.deb	/home/aella/aws-discovery-focal-jammy-retry-20260831/upgrade-discovery/focal-to-jammy/runtime/deb-cache/cd/14/cd14bc545bf20064a713a227141481316c734778ac9ffa4da70ad0569eefd5b4	15356	915c2f1672f4b62dc9c3cb8eefc3a2a8de46565e876551f488682133d372e052		1	proxy_access_log
focal-to-jammy	deb	python3-pexpect_4.8.0-2ubuntu1_all.deb	http://ap-northeast-2.ec2.archive.ubuntu.com/ubuntu/pool/main/p/pexpect/python3-pexpect_4.8.0-2ubuntu1_all.deb	http://ap-northeast-2.ec2.archive.ubuntu.com/ubuntu/pool/main/p/pexpect/python3-pexpect_4.8.0-2ubuntu1_all.deb	/home/aella/aws-discovery-focal-jammy-retry-20260831/upgrade-discovery/focal-to-jammy/runtime/deb-cache/50/66/50667eab6e7afc705835c22b0a90a2ff7f6c40cc10725c04511411eb9323e1e6	46682	dd0634499b38be2bbabb75597f2600ee9852f02852dff75e529b5ce04a23ea89		1	proxy_access_log
focal-to-jammy	deb	sosreport_4.10.2-0ubuntu0%7e22.04.1_amd64.deb	http://ap-northeast-2.ec2.archive.ubuntu.com/ubuntu/pool/main/s/sosreport/sosreport_4.10.2-0ubuntu0%7e22.04.1_amd64.deb	http://ap-northeast-2.ec2.archive.ubuntu.com/ubuntu/pool/main/s/sosreport/sosreport_4.10.2-0ubuntu0%7e22.04.1_amd64.deb	/home/aella/aws-discovery-focal-jammy-retry-20260831/upgrade-discovery/focal-to-jammy/runtime/deb-cache/70/18/7018845f94a31f16bbe37cff8156d698df9073baed230bed0b9f5ea3c14b2ad9	376820	ae43799f84fb6d9b5ac5c850713e3e2a1f181fe5a2a571f32c53fbc5ed61fea9		1	proxy_access_log
focal-to-jammy	deb	libinih1_53-1ubuntu3_amd64.deb	http://ap-northeast-2.ec2.archive.ubuntu.com/ubuntu/pool/main/libi/libinih/libinih1_53-1ubuntu3_amd64.deb	http://ap-northeast-2.ec2.archive.ubuntu.com/ubuntu/pool/main/libi/libinih/libinih1_53-1ubuntu3_amd64.deb	/home/aella/aws-discovery-focal-jammy-retry-20260831/upgrade-discovery/focal-to-jammy/runtime/deb-cache/b9/91/b991b87376a57d6cd4756dc3574f70680ab718ecea81295b1b62d5eb35ed453d	7250	a5ed7567c711468256c66d5b8927ecb54761093a681aad1ce9c14f93ccafe034		1	proxy_access_log
focal-to-jammy	deb	xfsprogs_5.13.0-1ubuntu2.1_amd64.deb	http://ap-northeast-2.ec2.archive.ubuntu.com/ubuntu/pool/main/x/xfsprogs/xfsprogs_5.13.0-1ubuntu2.1_amd64.deb	http://ap-northeast-2.ec2.archive.ubuntu.com/ubuntu/pool/main/x/xfsprogs/xfsprogs_5.13.0-1ubuntu2.1_amd64.deb	/home/aella/aws-discovery-focal-jammy-retry-20260831/upgrade-discovery/focal-to-jammy/runtime/deb-cache/25/96/2596980130e51e1c7dc191ec337c28cd208db05209a8a4649c97e839942c59fa	870292	efe2119fec8c0cc7010afbf036b3b6aa60fa2d546e3adb5abe881ff3dac63634		1	proxy_access_log
focal-to-jammy	deb	debianutils_5.5-1ubuntu2_amd64.deb	http://ap-northeast-2.ec2.archive.ubuntu.com/ubuntu/pool/main/d/debianutils/debianutils_5.5-1ubuntu2_amd64.deb	http://ap-northeast-2.ec2.archive.ubuntu.com/ubuntu/pool/main/d/debianutils/debianutils_5.5-1ubuntu2_amd64.deb	/home/aella/aws-discovery-focal-jammy-retry-20260831/upgrade-discovery/focal-to-jammy/runtime/deb-cache/1d/bf/1dbf2f6e8157df8b2fe007d4896f317a350b2ac4a3efd5329a0526f0f6b7dd95	106608	a285df5a72f6eadd75a042c148f4a26c6bead543e73077f12d8d0069b315082d		1	proxy_access_log
focal-to-jammy	deb	bash_5.1-6ubuntu1.1_amd64.deb	http://ap-northeast-2.ec2.archive.ubuntu.com/ubuntu/pool/main/b/bash/bash_5.1-6ubuntu1.1_amd64.deb	http://ap-northeast-2.ec2.archive.ubuntu.com/ubuntu/pool/main/b/bash/bash_5.1-6ubuntu1.1_amd64.deb	/home/aella/aws-discovery-focal-jammy-retry-20260831/upgrade-discovery/focal-to-jammy/runtime/deb-cache/a6/f5/a6f5b0a2706b17d31371baaa47a2060bb06ae6305e975074bafeb8344ebf3c99	768646	ada09ec56baa774af85b01ab8aad32f10ce82aeccbd2889110db318d46e26914		1	proxy_access_log
focal-to-jammy	deb	bsdmainutils_12.1.7%2bnmu3ubuntu2_all.deb	http://ap-northeast-2.ec2.archive.ubuntu.com/ubuntu/pool/universe/b/bsdmainutils/bsdmainutils_12.1.7%2bnmu3ubuntu2_all.deb	http://ap-northeast-2.ec2.archive.ubuntu.com/ubuntu/pool/universe/b/bsdmainutils/bsdmainutils_12.1.7%2bnmu3ubuntu2_all.deb	/home/aella/aws-discovery-focal-jammy-retry-20260831/upgrade-discovery/focal-to-jammy/runtime/deb-cache/2c/e8/2ce8a2d724810f0d7aa16f992c3ffe0bfe7e44b37e0cbfeaedcfdb78d35a7516	3170	379c80264fb08afc99a20c33a28ac50284be9e1c0882d060921dcc9c887a6ca2		1	proxy_access_log
focal-to-jammy	deb	bsdextrautils_2.37.2-4ubuntu3.5_amd64.deb	http://ap-northeast-2.ec2.archive.ubuntu.com/ubuntu/pool/main/u/util-linux/bsdextrautils_2.37.2-4ubuntu3.5_amd64.deb	http://ap-northeast-2.ec2.archive.ubuntu.com/ubuntu/pool/main/u/util-linux/bsdextrautils_2.37.2-4ubuntu3.5_amd64.deb	/home/aella/aws-discovery-focal-jammy-retry-20260831/upgrade-discovery/focal-to-jammy/runtime/deb-cache/ec/a5/eca5be813539a4a2bc76cd1618a99c3b2fd12a2e9e1a818dc2a14feda8ba4ca4	71408	e468ae82f7b7540ccb09bc964595985a51da82806271fe70b3de817356ac5be6		1	proxy_access_log
focal-to-jammy	deb	ncal_12.1.7%2bnmu3ubuntu2_amd64.deb	http://ap-northeast-2.ec2.archive.ubuntu.com/ubuntu/pool/universe/b/bsdmainutils/ncal_12.1.7%2bnmu3ubuntu2_amd64.deb	http://ap-northeast-2.ec2.archive.ubuntu.com/ubuntu/pool/universe/b/bsdmainutils/ncal_12.1.7%2bnmu3ubuntu2_amd64.deb	/home/aella/aws-discovery-focal-jammy-retry-20260831/upgrade-discovery/focal-to-jammy/runtime/deb-cache/d1/ef/d1ef54a64839e363e98100f6acb7a7d788660810ef9ea45f6d804584ddc58a2a	20220	c61b4b67fc38cd2e7a7127535a378638efc046b7fb3441ba0dcbc4562572b851		1	proxy_access_log
focal-to-jammy	deb	bsdutils_2.37.2-4ubuntu3.5_amd64.deb	http://ap-northeast-2.ec2.archive.ubuntu.com/ubuntu/pool/main/u/util-linux/bsdutils_2.37.2-4ubuntu3.5_amd64.deb	http://ap-northeast-2.ec2.archive.ubuntu.com/ubuntu/pool/main/u/util-linux/bsdutils_2.37.2-4ubuntu3.5_amd64.deb	/home/aella/aws-discovery-focal-jammy-retry-20260831/upgrade-discovery/focal-to-jammy/runtime/deb-cache/48/2a/482a02c6318aec0db9fa0080a2919e86c51375d1da4db35d11a28eea05ced14a	80736	7344c43e78d7e6a37c0b41b37a9645c3a99a19c13c0be76395ab3828accf62f9		1	proxy_access_log
focal-to-jammy	deb	dash_0.5.11%2bgit20210903%2b057cd650a4ed-3build1_amd64.deb	http://ap-northeast-2.ec2.archive.ubuntu.com/ubuntu/pool/main/d/dash/dash_0.5.11%2bgit20210903%2b057cd650a4ed-3build1_amd64.deb	http://ap-northeast-2.ec2.archive.ubuntu.com/ubuntu/pool/main/d/dash/dash_0.5.11%2bgit20210903%2b057cd650a4ed-3build1_amd64.deb	/home/aella/aws-discovery-focal-jammy-retry-20260831/upgrade-discovery/focal-to-jammy/runtime/deb-cache/13/53/1353979a12c0df74151ffefeb03c808559e0a007757bc4701911615e0e156517	92010	a539a1fc715f9f52cf9159e1f2c8d254a611d1f2c176a25ca7d99372fa76f4b8		1	proxy_access_log
focal-to-jammy	deb	findutils_4.8.0-1ubuntu3_amd64.deb	http://ap-northeast-2.ec2.archive.ubuntu.com/ubuntu/pool/main/f/findutils/findutils_4.8.0-1ubuntu3_amd64.deb	http://ap-northeast-2.ec2.archive.ubuntu.com/ubuntu/pool/main/f/findutils/findutils_4.8.0-1ubuntu3_amd64.deb	/home/aella/aws-discovery-focal-jammy-retry-20260831/upgrade-discovery/focal-to-jammy/runtime/deb-cache/40/cc/40cc05e83eadcbf1cfa4f5925edea13f6ce3ebdcf0278cb6a09913960fdf156d	331640	36b82c9455c45b4f1b88d07bdf30a1b62a4ad6164595b55254c0def2265ff4d6		1	proxy_access_log
focal-to-jammy	deb	grep_3.7-1build1_amd64.deb	http://ap-northeast-2.ec2.archive.ubuntu.com/ubuntu/pool/main/g/grep/grep_3.7-1build1_amd64.deb	http://ap-northeast-2.ec2.archive.ubuntu.com/ubuntu/pool/main/g/grep/grep_3.7-1build1_amd64.deb	/home/aella/aws-discovery-focal-jammy-retry-20260831/upgrade-discovery/focal-to-jammy/runtime/deb-cache/35/dd/35dd6a9163e597cc3a98cce734b6a9fc42ebfede735d5693787d2f83af6f9fbb	155818	26d08b9c96962528c73c13b5c11f245b91e49edab15f73bf8705bad1472a0113		1	proxy_access_log
focal-to-jammy	deb	gzip_1.10-4ubuntu4.2_amd64.deb	http://ap-northeast-2.ec2.archive.ubuntu.com/ubuntu/pool/main/g/gzip/gzip_1.10-4ubuntu4.2_amd64.deb	http://ap-northeast-2.ec2.archive.ubuntu.com/ubuntu/pool/main/g/gzip/gzip_1.10-4ubuntu4.2_amd64.deb	/home/aella/aws-discovery-focal-jammy-retry-20260831/upgrade-discovery/focal-to-jammy/runtime/deb-cache/06/96/06967b610fa62dbb968a4cfdf15f4c8f5bc94f42ae0ae2e0f9581d1e1fb82fe8	96114	018db5661b38873d1e650be8612ff7e1d882c4576c95079f94e0d6ac2320342b		1	proxy_access_log
focal-to-jammy	deb	hostname_3.23ubuntu2_amd64.deb	http://ap-northeast-2.ec2.archive.ubuntu.com/ubuntu/pool/main/h/hostname/hostname_3.23ubuntu2_amd64.deb	http://ap-northeast-2.ec2.archive.ubuntu.com/ubuntu/pool/main/h/hostname/hostname_3.23ubuntu2_amd64.deb	/home/aella/aws-discovery-focal-jammy-retry-20260831/upgrade-discovery/focal-to-jammy/runtime/deb-cache/54/c1/54c10e4d6a82a0ca3b1834c43caf72ebbddc9046107a1fed3a52662a64cd6328	11414	cec0448fef88a43a3c232fd9df555ca4c468cf5e16ddf3a1b0a5f7b7f076e413		1	proxy_access_log
focal-to-jammy	deb	ncurses-bin_6.3-2ubuntu0.2_amd64.deb	http://ap-northeast-2.ec2.archive.ubuntu.com/ubuntu/pool/main/n/ncurses/ncurses-bin_6.3-2ubuntu0.2_amd64.deb	http://ap-northeast-2.ec2.archive.ubuntu.com/ubuntu/pool/main/n/ncurses/ncurses-bin_6.3-2ubuntu0.2_amd64.deb	/home/aella/aws-discovery-focal-jammy-retry-20260831/upgrade-discovery/focal-to-jammy/runtime/deb-cache/89/57/89574f5aa3c6ab2c49f02cd41f179e004cad05cb8b878f17c1a796ca601c6ace	184012	9d6131208ad529ffd9d1c579201da9d8c223e252ee372a080690e8f8981b0ace		1	proxy_access_log
focal-to-jammy	deb	sed_4.8-1ubuntu2.1_amd64.deb	http://ap-northeast-2.ec2.archive.ubuntu.com/ubuntu/pool/main/s/sed/sed_4.8-1ubuntu2.1_amd64.deb	http://ap-northeast-2.ec2.archive.ubuntu.com/ubuntu/pool/main/s/sed/sed_4.8-1ubuntu2.1_amd64.deb	/home/aella/aws-discovery-focal-jammy-retry-20260831/upgrade-discovery/focal-to-jammy/runtime/deb-cache/e8/e4/e8e4930c802a273c0c5a5a32fbf2705e40c9dae61fd6308e0e9369fcf703400b	188268	10b8848e191fba401057bd6ea2e5055e758d6891249d33a977170c900f0a7ca0		1	proxy_access_log
focal-to-jammy	deb	libdebconfclient0_0.261ubuntu1_amd64.deb	http://ap-northeast-2.ec2.archive.ubuntu.com/ubuntu/pool/main/c/cdebconf/libdebconfclient0_0.261ubuntu1_amd64.deb	http://ap-northeast-2.ec2.archive.ubuntu.com/ubuntu/pool/main/c/cdebconf/libdebconfclient0_0.261ubuntu1_amd64.deb	/home/aella/aws-discovery-focal-jammy-retry-20260831/upgrade-discovery/focal-to-jammy/runtime/deb-cache/61/7f/617f7215cc2909c724a4a9b7d6d0760af6c3baa7869f436bfd64310191b965c3	7198	508d09720201f533ee98fa139dbf49d7d980a053693809be11609559f81eb2c0		1	proxy_access_log
focal-to-jammy	deb	base-passwd_3.5.52build1_amd64.deb	http://ap-northeast-2.ec2.archive.ubuntu.com/ubuntu/pool/main/b/base-passwd/base-passwd_3.5.52build1_amd64.deb	http://ap-northeast-2.ec2.archive.ubuntu.com/ubuntu/pool/main/b/base-passwd/base-passwd_3.5.52build1_amd64.deb	/home/aella/aws-discovery-focal-jammy-retry-20260831/upgrade-discovery/focal-to-jammy/runtime/deb-cache/7b/80/7b8098e0e85fd905c84a6c11217e1ef40b32934a682baf0425ac055675ebebe3	49100	b82ef485b59eb330ed56bc4afc54c6bd809e158da0019788ff0ba3cbab9d7bf9		1	proxy_access_log
focal-to-jammy	deb	apt_2.4.14_amd64.deb	http://ap-northeast-2.ec2.archive.ubuntu.com/ubuntu/pool/main/a/apt/apt_2.4.14_amd64.deb	http://ap-northeast-2.ec2.archive.ubuntu.com/ubuntu/pool/main/a/apt/apt_2.4.14_amd64.deb	/home/aella/aws-discovery-focal-jammy-retry-20260831/upgrade-discovery/focal-to-jammy/runtime/deb-cache/b2/70/b2701f427edf0d9565bb9abce2eec484b55aefc86fbf90ab5762f204d9547927	1363126	0d6b292142f54532817c593333480f69ec2b5449df09f45a3a45fa8be19734b8		1	proxy_access_log
focal-to-jammy	deb	apt-utils_2.4.14_amd64.deb	http://ap-northeast-2.ec2.archive.ubuntu.com/ubuntu/pool/main/a/apt/apt-utils_2.4.14_amd64.deb	http://ap-northeast-2.ec2.archive.ubuntu.com/ubuntu/pool/main/a/apt/apt-utils_2.4.14_amd64.deb	/home/aella/aws-discovery-focal-jammy-retry-20260831/upgrade-discovery/focal-to-jammy/runtime/deb-cache/b4/d0/b4d0f18f2add9718cb6e373372bc5a8b70de4fb89f1afd0e9e8d5f44512a9634	210742	f99c0d60a00447633dd550107ac90a1e6f5d156c19c05d0e262bc1f65433f340		1	proxy_access_log
focal-to-jammy	deb	ubuntu-keyring_2021.03.26_all.deb	http://ap-northeast-2.ec2.archive.ubuntu.com/ubuntu/pool/main/u/ubuntu-keyring/ubuntu-keyring_2021.03.26_all.deb	http://ap-northeast-2.ec2.archive.ubuntu.com/ubuntu/pool/main/u/ubuntu-keyring/ubuntu-keyring_2021.03.26_all.deb	/home/aella/aws-discovery-focal-jammy-retry-20260831/upgrade-discovery/focal-to-jammy/runtime/deb-cache/42/b9/42b9ec2bdc0c9f12bbc5e530ea84b19f3fb1a1adfaddd84a4735d9cdcf854a11	20856	0d0e7ed6b112f5d03eabf3c7eb01ebdacf9c57714b279e90495cfc58c8c4520f		1	proxy_access_log
focal-to-jammy	deb	ubuntu-core-launcher_2.76.3%2bubuntu22.04_amd64.deb	http://ap-northeast-2.ec2.archive.ubuntu.com/ubuntu/pool/universe/s/snapd/ubuntu-core-launcher_2.76.3%2bubuntu22.04_amd64.deb	http://ap-northeast-2.ec2.archive.ubuntu.com/ubuntu/pool/universe/s/snapd/ubuntu-core-launcher_2.76.3%2bubuntu22.04_amd64.deb	/home/aella/aws-discovery-focal-jammy-retry-20260831/upgrade-discovery/focal-to-jammy/runtime/deb-cache/84/30/8430931158da1c38ab4bb787015c6a9efd4c7ce10505c194cd535908df0b7cdc	1424	f88240ac6f88514594b83b5c33cbffaffcd8f6c27a2b1b232a8827a80460deba		1	proxy_access_log
focal-to-jammy	deb	apparmor_3.0.4-2ubuntu2.5_amd64.deb	http://ap-northeast-2.ec2.archive.ubuntu.com/ubuntu/pool/main/a/apparmor/apparmor_3.0.4-2ubuntu2.5_amd64.deb	http://ap-northeast-2.ec2.archive.ubuntu.com/ubuntu/pool/main/a/apparmor/apparmor_3.0.4-2ubuntu2.5_amd64.deb	/home/aella/aws-discovery-focal-jammy-retry-20260831/upgrade-discovery/focal-to-jammy/runtime/deb-cache/9d/d5/9dd5f61c106866cfd1d852257e44b42521f042f668f8b6ac0c4fa21e5a29a963	599052	a0fe73e32a2f13b5760ce433cbb72c276a32874d7ce6deb5257f6f4b3388f267		1	proxy_access_log
focal-to-jammy	deb	snapd_2.76.3%2bubuntu22.04_amd64.deb	http://ap-northeast-2.ec2.archive.ubuntu.com/ubuntu/pool/main/s/snapd/snapd_2.76.3%2bubuntu22.04_amd64.deb	http://ap-northeast-2.ec2.archive.ubuntu.com/ubuntu/pool/main/s/snapd/snapd_2.76.3%2bubuntu22.04_amd64.deb	/home/aella/aws-discovery-focal-jammy-retry-20260831/upgrade-discovery/focal-to-jammy/runtime/deb-cache/48/12/48126cdf6610d4298bda0543f0d2969d3fe1bf1662acd0a7f410ca8ce0317122	33867008	4242a2942e5683590917e2ffe17402d6bf67da820af2b5db0e63a3311a56a65f		1	proxy_access_log
focal-to-jammy	deb	fuse3_3.10.5-1build1_amd64.deb	http://ap-northeast-2.ec2.archive.ubuntu.com/ubuntu/pool/main/f/fuse3/fuse3_3.10.5-1build1_amd64.deb	http://ap-northeast-2.ec2.archive.ubuntu.com/ubuntu/pool/main/f/fuse3/fuse3_3.10.5-1build1_amd64.deb	/home/aella/aws-discovery-focal-jammy-retry-20260831/upgrade-discovery/focal-to-jammy/runtime/deb-cache/ab/e1/abe18e6f7e2e939fd57b7503de1d9cede405b573b33519735d607e5a8a2cb42b	24744	c2156e32a8115f57c0a26905de434a53f689cf3685e252b64e8d6bc4a3da8811		1	proxy_access_log
focal-to-jammy	deb	ntfs-3g_2021.8.22-3ubuntu1.4_amd64.deb	http://ap-northeast-2.ec2.archive.ubuntu.com/ubuntu/pool/main/n/ntfs-3g/ntfs-3g_2021.8.22-3ubuntu1.4_amd64.deb	http://ap-northeast-2.ec2.archive.ubuntu.com/ubuntu/pool/main/n/ntfs-3g/ntfs-3g_2021.8.22-3ubuntu1.4_amd64.deb	/home/aella/aws-discovery-focal-jammy-retry-20260831/upgrade-discovery/focal-to-jammy/runtime/deb-cache/2e/d6/2ed64daac0c91588eb1d34d2297513c7b1eb7779ce4194401a3bac92b5efb159	408404	470ff0bcee389c861743a8aa0aafe6ea1dd4ec813810db6a8a2e0ceecc37c0b3		1	proxy_access_log
focal-to-jammy	deb	libc-ares2_1.18.1-1ubuntu0.22.04.3_amd64.deb	http://ap-northeast-2.ec2.archive.ubuntu.com/ubuntu/pool/main/c/c-ares/libc-ares2_1.18.1-1ubuntu0.22.04.3_amd64.deb	http://ap-northeast-2.ec2.archive.ubuntu.com/ubuntu/pool/main/c/c-ares/libc-ares2_1.18.1-1ubuntu0.22.04.3_amd64.deb	/home/aella/aws-discovery-focal-jammy-retry-20260831/upgrade-discovery/focal-to-jammy/runtime/deb-cache/29/16/291687aaf3ee3b46a209f90120a696fe7a0e34559051814234c2df51f4f98a91	45110	d1c9a66669d6a4ec968efebb670a72d2188d98a1f37823c1f6cde8da23b51e0c		1	proxy_access_log
focal-to-jammy	deb	libuv1_1.43.0-1ubuntu0.1_amd64.deb	http://ap-northeast-2.ec2.archive.ubuntu.com/ubuntu/pool/main/libu/libuv1/libuv1_1.43.0-1ubuntu0.1_amd64.deb	http://ap-northeast-2.ec2.archive.ubuntu.com/ubuntu/pool/main/libu/libuv1/libuv1_1.43.0-1ubuntu0.1_amd64.deb	/home/aella/aws-discovery-focal-jammy-retry-20260831/upgrade-discovery/focal-to-jammy/runtime/deb-cache/8b/20/8b2086df64b1f563249040bc21c1370cdc003258bce34064339ff2c42cd63e91	92708	42f5ebc9d1770e2589444d326d2adadd1308cdcf2974b629f80150e4159e9c79		1	proxy_access_log
focal-to-jammy	deb	nodejs_12.22.9%7edfsg-1ubuntu3.6_amd64.deb	http://ap-northeast-2.ec2.archive.ubuntu.com/ubuntu/pool/universe/n/nodejs/nodejs_12.22.9%7edfsg-1ubuntu3.6_amd64.deb	http://ap-northeast-2.ec2.archive.ubuntu.com/ubuntu/pool/universe/n/nodejs/nodejs_12.22.9%7edfsg-1ubuntu3.6_amd64.deb	/home/aella/aws-discovery-focal-jammy-retry-20260831/upgrade-discovery/focal-to-jammy/runtime/deb-cache/fe/ea/feea3b3a1dc0b74f252552d892332c6b1613618c6caa1e9b991694d23b2cb642	121784	3c1eb5fb0cf4bd03bdf5bc92b9a5188f0a793de02fe01f78214e66946aca4ff1		1	proxy_access_log
focal-to-jammy	deb	libnode72_12.22.9%7edfsg-1ubuntu3.6_amd64.deb	http://ap-northeast-2.ec2.archive.ubuntu.com/ubuntu/pool/universe/n/nodejs/libnode72_12.22.9%7edfsg-1ubuntu3.6_amd64.deb	http://ap-northeast-2.ec2.archive.ubuntu.com/ubuntu/pool/universe/n/nodejs/libnode72_12.22.9%7edfsg-1ubuntu3.6_amd64.deb	/home/aella/aws-discovery-focal-jammy-retry-20260831/upgrade-discovery/focal-to-jammy/runtime/deb-cache/c0/6c/c06c7ae317d372fb33a2528f266546ea28242a55457c5577f9b8b1aad55f4510	10793262	7603e9223a988c7f7e7da64cde3a02cdacf65a9a48097f84d1a93b19e7def215		1	proxy_access_log
focal-to-jammy	deb	libarchive13_3.6.0-1ubuntu1.8_amd64.deb	http://ap-northeast-2.ec2.archive.ubuntu.com/ubuntu/pool/main/liba/libarchive/libarchive13_3.6.0-1ubuntu1.8_amd64.deb	http://ap-northeast-2.ec2.archive.ubuntu.com/ubuntu/pool/main/liba/libarchive/libarchive13_3.6.0-1ubuntu1.8_amd64.deb	/home/aella/aws-discovery-focal-jammy-retry-20260831/upgrade-discovery/focal-to-jammy/runtime/deb-cache/81/d8/81d8834f446393545a5ea6303d3fb17b79ae195910b428835994bdbe0c3e7ed1	367912	57c3396d076db1fd78854b9428e75f4d02e5d2b7b8a08a2b48ebe580226b47a3		1	proxy_access_log
focal-to-jammy	deb	libusb-1.0-0_1.0.25-1ubuntu2_amd64.deb	http://ap-northeast-2.ec2.archive.ubuntu.com/ubuntu/pool/main/libu/libusb-1.0/libusb-1.0-0_1.0.25-1ubuntu2_amd64.deb	http://ap-northeast-2.ec2.archive.ubuntu.com/ubuntu/pool/main/libu/libusb-1.0/libusb-1.0-0_1.0.25-1ubuntu2_amd64.deb	/home/aella/aws-discovery-focal-jammy-retry-20260831/upgrade-discovery/focal-to-jammy/runtime/deb-cache/17/08/17085d445dc56e063b34e586fea86e095ed3f0f2d4e62387f44f8678e9211492	52688	99b98c9cc9c88c4d7f50e106e9f0cbff868c5d14809f516b1947d3d2c4638aae		1	proxy_access_log
focal-to-jammy	deb	libftdi1-2_1.5-5build3_amd64.deb	http://ap-northeast-2.ec2.archive.ubuntu.com/ubuntu/pool/main/libf/libftdi1/libftdi1-2_1.5-5build3_amd64.deb	http://ap-northeast-2.ec2.archive.ubuntu.com/ubuntu/pool/main/libf/libftdi1/libftdi1-2_1.5-5build3_amd64.deb	/home/aella/aws-discovery-focal-jammy-retry-20260831/upgrade-discovery/focal-to-jammy/runtime/deb-cache/92/c1/92c163a7e7377ec6e8c4cbfcf9d0dd6b675be9c20348f6c4b58bbe5bbc648c69	27512	f3346a4d75fda07302f970709352be0bf32887b5968b6478fe8437d3dd249f27		1	proxy_access_log
focal-to-jammy	deb	pci.ids_0.0%7e2022.01.22-1ubuntu0.1_all.deb	http://ap-northeast-2.ec2.archive.ubuntu.com/ubuntu/pool/main/p/pci.ids/pci.ids_0.0%7e2022.01.22-1ubuntu0.1_all.deb	http://ap-northeast-2.ec2.archive.ubuntu.com/ubuntu/pool/main/p/pci.ids/pci.ids_0.0%7e2022.01.22-1ubuntu0.1_all.deb	/home/aella/aws-discovery-focal-jammy-retry-20260831/upgrade-discovery/focal-to-jammy/runtime/deb-cache/e8/20/e820c5eac307acb51363c5793bfb3fccdca7b69d242ebc28f28c78016365887c	250790	026609ed71363cd6ed13ace2dac0c9813d94be3874c778539a8a64d6d2cc5566		1	proxy_access_log
focal-to-jammy	deb	pciutils_3.7.0-6_amd64.deb	http://ap-northeast-2.ec2.archive.ubuntu.com/ubuntu/pool/main/p/pciutils/pciutils_3.7.0-6_amd64.deb	http://ap-northeast-2.ec2.archive.ubuntu.com/ubuntu/pool/main/p/pciutils/pciutils_3.7.0-6_amd64.deb	/home/aella/aws-discovery-focal-jammy-retry-20260831/upgrade-discovery/focal-to-jammy/runtime/deb-cache/5d/76/5d762bb67c0f26fa011f19cba90b9131c38f75521655fa4d1333d5099722f642	63640	830f2957662723860d3ebac949b22867df00d9a4c5ab1c2bf98e10674dc1c756		1	proxy_access_log
focal-to-jammy	deb	libpci3_3.7.0-6_amd64.deb	http://ap-northeast-2.ec2.archive.ubuntu.com/ubuntu/pool/main/p/pciutils/libpci3_3.7.0-6_amd64.deb	http://ap-northeast-2.ec2.archive.ubuntu.com/ubuntu/pool/main/p/pciutils/libpci3_3.7.0-6_amd64.deb	/home/aella/aws-discovery-focal-jammy-retry-20260831/upgrade-discovery/focal-to-jammy/runtime/deb-cache/77/cd/77cde447a21c1aa37aaf94c49036412b0e6cff8d178f17d9bbb7c3dd261b1316	28896	624bea7b5a9073a5bc2dfa5d956571d6127c20400fcfcfca1e47b7448ba5d351		1	proxy_access_log
focal-to-jammy	deb	libflashrom1_1.2-5build1_amd64.deb	http://ap-northeast-2.ec2.archive.ubuntu.com/ubuntu/pool/main/f/flashrom/libflashrom1_1.2-5build1_amd64.deb	http://ap-northeast-2.ec2.archive.ubuntu.com/ubuntu/pool/main/f/flashrom/libflashrom1_1.2-5build1_amd64.deb	/home/aella/aws-discovery-focal-jammy-retry-20260831/upgrade-discovery/focal-to-jammy/runtime/deb-cache/63/57/6357304984438db23103fa83765c48c1c77ee6e5fc18df513b25c99dd7d32137	183584	6cee998a20acda2017560d11c93e094bc23425dbb4f4acab05bef56a0aa27d56		1	proxy_access_log
focal-to-jammy	deb	libgpgme11_1.16.0-1.2ubuntu4.2_amd64.deb	http://ap-northeast-2.ec2.archive.ubuntu.com/ubuntu/pool/main/g/gpgme1.0/libgpgme11_1.16.0-1.2ubuntu4.2_amd64.deb	http://ap-northeast-2.ec2.archive.ubuntu.com/ubuntu/pool/main/g/gpgme1.0/libgpgme11_1.16.0-1.2ubuntu4.2_amd64.deb	/home/aella/aws-discovery-focal-jammy-retry-20260831/upgrade-discovery/focal-to-jammy/runtime/deb-cache/03/33/03333f5d1aa7074ff34743ec9f261af19725ed94182e76254a12aa647f347609	136044	1e4676f643df40edda7aad3b39cf2882004a4b5886f2c4165e9664a51f05460e		1	proxy_access_log
focal-to-jammy	deb	libjson-glib-1.0-common_1.6.6-1build1_all.deb	http://ap-northeast-2.ec2.archive.ubuntu.com/ubuntu/pool/main/j/json-glib/libjson-glib-1.0-common_1.6.6-1build1_all.deb	http://ap-northeast-2.ec2.archive.ubuntu.com/ubuntu/pool/main/j/json-glib/libjson-glib-1.0-common_1.6.6-1build1_all.deb	/home/aella/aws-discovery-focal-jammy-retry-20260831/upgrade-discovery/focal-to-jammy/runtime/deb-cache/04/d3/04d34b1ddf733a67429654a1465307bd987c7a71ddeff10f3d126bf57aaa2fbd	4432	a1c05818ea1851602e64e1c86c56c54d99f8ce03e011b01105631367aad89840		1	proxy_access_log
focal-to-jammy	deb	libjson-glib-1.0-0_1.6.6-1build1_amd64.deb	http://ap-northeast-2.ec2.archive.ubuntu.com/ubuntu/pool/main/j/json-glib/libjson-glib-1.0-0_1.6.6-1build1_amd64.deb	http://ap-northeast-2.ec2.archive.ubuntu.com/ubuntu/pool/main/j/json-glib/libjson-glib-1.0-0_1.6.6-1build1_amd64.deb	/home/aella/aws-discovery-focal-jammy-retry-20260831/upgrade-discovery/focal-to-jammy/runtime/deb-cache/a4/9d/a49d1e12cc00ecfce81a0d9794bbb3248880ec03f98a8c5b8d6d1baa88f9430c	69866	b8c0a840e8ea5aad3dbad375d7fea64cf8f734a89a12115aae3527a8514b4329		1	proxy_access_log
focal-to-jammy	deb	libjcat1_0.2.3-1%7eubuntu0.22.04.1_amd64.deb	http://ap-northeast-2.ec2.archive.ubuntu.com/ubuntu/pool/main/libj/libjcat/libjcat1_0.2.3-1%7eubuntu0.22.04.1_amd64.deb	http://ap-northeast-2.ec2.archive.ubuntu.com/ubuntu/pool/main/libj/libjcat/libjcat1_0.2.3-1%7eubuntu0.22.04.1_amd64.deb	/home/aella/aws-discovery-focal-jammy-retry-20260831/upgrade-discovery/focal-to-jammy/runtime/deb-cache/c8/46/c846ecfaaa0c2a0cddc7c6e6ee2d5a00efee9c4ee76486af9e0b4d75b62e6391	35922	c2f6a9af1073ebd3eb061ec25d70fc0e7446c3b4dbe715ed3327ca16580f3878		1	proxy_access_log
focal-to-jammy	deb	libfwupd3_2.0.20-1ubuntu2%7e22.04.2_amd64.deb	http://ap-northeast-2.ec2.archive.ubuntu.com/ubuntu/pool/main/f/fwupd/libfwupd3_2.0.20-1ubuntu2%7e22.04.2_amd64.deb	http://ap-northeast-2.ec2.archive.ubuntu.com/ubuntu/pool/main/f/fwupd/libfwupd3_2.0.20-1ubuntu2%7e22.04.2_amd64.deb	/home/aella/aws-discovery-focal-jammy-retry-20260831/upgrade-discovery/focal-to-jammy/runtime/deb-cache/33/6b/336b7c2791923579be8375d4530a085cb02695a64f460040dcb01a138c1b01c4	156098	3bd63f6969fecebccaaf37a1c058013202b61d5352712278f9f3cb59507e71f8		1	proxy_access_log
focal-to-jammy	deb	libprotobuf-c1_1.3.3-1ubuntu2.1_amd64.deb	http://ap-northeast-2.ec2.archive.ubuntu.com/ubuntu/pool/main/p/protobuf-c/libprotobuf-c1_1.3.3-1ubuntu2.1_amd64.deb	http://ap-northeast-2.ec2.archive.ubuntu.com/ubuntu/pool/main/p/protobuf-c/libprotobuf-c1_1.3.3-1ubuntu2.1_amd64.deb	/home/aella/aws-discovery-focal-jammy-retry-20260831/upgrade-discovery/focal-to-jammy/runtime/deb-cache/df/fd/dffdf1381df40f87b6e4709f7fe9cb1ba43aff83892f28dcd3750aedb3e6d2ad	20314	0bd8b807de20e7a0298b43e532493571a2a5e28f617fe253f0dd977d0d772c53		1	proxy_access_log
focal-to-jammy	deb	tpm-udev_0.6_all.deb	http://ap-northeast-2.ec2.archive.ubuntu.com/ubuntu/pool/main/t/tpm-udev/tpm-udev_0.6_all.deb	http://ap-northeast-2.ec2.archive.ubuntu.com/ubuntu/pool/main/t/tpm-udev/tpm-udev_0.6_all.deb	/home/aella/aws-discovery-focal-jammy-retry-20260831/upgrade-discovery/focal-to-jammy/runtime/deb-cache/ae/5c/ae5ce21151bade6ba97166fc6db78366cf1d87247aa2c43dff07c62a5e716aee	3080	c2b4695509e6dc726494cc273f2db222a869c1a5e85db0d5d2713d0a7397207e		1	proxy_access_log
focal-to-jammy	deb	fwupd_2.0.20-1ubuntu2%7e22.04.2_amd64.deb	http://ap-northeast-2.ec2.archive.ubuntu.com/ubuntu/pool/main/f/fwupd/fwupd_2.0.20-1ubuntu2%7e22.04.2_amd64.deb	http://ap-northeast-2.ec2.archive.ubuntu.com/ubuntu/pool/main/f/fwupd/fwupd_2.0.20-1ubuntu2%7e22.04.2_amd64.deb	/home/aella/aws-discovery-focal-jammy-retry-20260831/upgrade-discovery/focal-to-jammy/runtime/deb-cache/0d/e3/0de325e94ebe66dfd07151f198fb07293eb2bfe7f9a29c27281ca235c831f0dc	4330468	ccf2d533e302072f30bea1f26fa9f80c017585ee93bd5e04af5d0375b2d5d188		1	proxy_access_log
focal-to-jammy	deb	libtss2-mu0_3.2.0-1ubuntu1.1_amd64.deb	http://ap-northeast-2.ec2.archive.ubuntu.com/ubuntu/pool/main/t/tpm2-tss/libtss2-mu0_3.2.0-1ubuntu1.1_amd64.deb	http://ap-northeast-2.ec2.archive.ubuntu.com/ubuntu/pool/main/t/tpm2-tss/libtss2-mu0_3.2.0-1ubuntu1.1_amd64.deb	/home/aella/aws-discovery-focal-jammy-retry-20260831/upgrade-discovery/focal-to-jammy/runtime/deb-cache/c8/dc/c8dc82eae8ba6a98e6c5bbcaf9a801127a22b40583c134728c430b7ab9e8319d	65634	ae17c545e21c7ed3722aeda00696c88bd7dbf2c7f9cf4428132a288700671fe2		1	proxy_access_log
focal-to-jammy	deb	libtss2-tcti-cmd0_3.2.0-1ubuntu1.1_amd64.deb	http://ap-northeast-2.ec2.archive.ubuntu.com/ubuntu/pool/main/t/tpm2-tss/libtss2-tcti-cmd0_3.2.0-1ubuntu1.1_amd64.deb	http://ap-northeast-2.ec2.archive.ubuntu.com/ubuntu/pool/main/t/tpm2-tss/libtss2-tcti-cmd0_3.2.0-1ubuntu1.1_amd64.deb	/home/aella/aws-discovery-focal-jammy-retry-20260831/upgrade-discovery/focal-to-jammy/runtime/deb-cache/85/9c/859c1c0246ab01fd0d075aaff1e94d09dd7b22eeca208a32d9ccd66f4c6e028e	16688	e4fe082e79adac024fc3408f5c786c66d262312ce1770389185d586e4b5b3aa9		1	proxy_access_log
focal-to-jammy	deb	libtss2-tcti-device0_3.2.0-1ubuntu1.1_amd64.deb	http://ap-northeast-2.ec2.archive.ubuntu.com/ubuntu/pool/main/t/tpm2-tss/libtss2-tcti-device0_3.2.0-1ubuntu1.1_amd64.deb	http://ap-northeast-2.ec2.archive.ubuntu.com/ubuntu/pool/main/t/tpm2-tss/libtss2-tcti-device0_3.2.0-1ubuntu1.1_amd64.deb	/home/aella/aws-discovery-focal-jammy-retry-20260831/upgrade-discovery/focal-to-jammy/runtime/deb-cache/d9/61/d9612532616dadf5669eee0024fdcf76398a659a455d85aeec055fb6b4ae98a3	15274	2f025fdaa5dbe5f0ed17ce4c52e23d977dd168e1fd5a2790a8c8c37527245bc2		1	proxy_access_log
focal-to-jammy	deb	libtss2-tcti-mssim0_3.2.0-1ubuntu1.1_amd64.deb	http://ap-northeast-2.ec2.archive.ubuntu.com/ubuntu/pool/main/t/tpm2-tss/libtss2-tcti-mssim0_3.2.0-1ubuntu1.1_amd64.deb	http://ap-northeast-2.ec2.archive.ubuntu.com/ubuntu/pool/main/t/tpm2-tss/libtss2-tcti-mssim0_3.2.0-1ubuntu1.1_amd64.deb	/home/aella/aws-discovery-focal-jammy-retry-20260831/upgrade-discovery/focal-to-jammy/runtime/deb-cache/a3/5a/a35a5c2e90bd2b488e90b5c760da7e00791b5b9fe7741408a7e6270ddf978a1d	15366	4dc277e06806000645d4c99d478e262a71d042780324da0f172a92aaa8144228		1	proxy_access_log
focal-to-jammy	deb	libtss2-tcti-swtpm0_3.2.0-1ubuntu1.1_amd64.deb	http://ap-northeast-2.ec2.archive.ubuntu.com/ubuntu/pool/main/t/tpm2-tss/libtss2-tcti-swtpm0_3.2.0-1ubuntu1.1_amd64.deb	http://ap-northeast-2.ec2.archive.ubuntu.com/ubuntu/pool/main/t/tpm2-tss/libtss2-tcti-swtpm0_3.2.0-1ubuntu1.1_amd64.deb	/home/aella/aws-discovery-focal-jammy-retry-20260831/upgrade-discovery/focal-to-jammy/runtime/deb-cache/23/c8/23c8ab99f9f839e9960bce1658cd3fa977d7aa4631c34ce99d3230fb450c04f0	15404	223b86ee05a22c04caf2cf83ab3a907cd913d2363b13b6003f9d2fa2f50b28a3		1	proxy_access_log
focal-to-jammy	deb	libtss2-sys1_3.2.0-1ubuntu1.1_amd64.deb	http://ap-northeast-2.ec2.archive.ubuntu.com/ubuntu/pool/main/t/tpm2-tss/libtss2-sys1_3.2.0-1ubuntu1.1_amd64.deb	http://ap-northeast-2.ec2.archive.ubuntu.com/ubuntu/pool/main/t/tpm2-tss/libtss2-sys1_3.2.0-1ubuntu1.1_amd64.deb	/home/aella/aws-discovery-focal-jammy-retry-20260831/upgrade-discovery/focal-to-jammy/runtime/deb-cache/4b/48/4b489d0ea5b6d8f206a8f094dc4950cd4aeda37779acc8eb8b401cb462e3ec84	40956	22f072ff328d8accb2b76ada216ccc8ac9d7cabe36a27a474165c84a3f68e685		1	proxy_access_log
focal-to-jammy	deb	libtss2-esys-3.0.2-0_3.2.0-1ubuntu1.1_amd64.deb	http://ap-northeast-2.ec2.archive.ubuntu.com/ubuntu/pool/main/t/tpm2-tss/libtss2-esys-3.0.2-0_3.2.0-1ubuntu1.1_amd64.deb	http://ap-northeast-2.ec2.archive.ubuntu.com/ubuntu/pool/main/t/tpm2-tss/libtss2-esys-3.0.2-0_3.2.0-1ubuntu1.1_amd64.deb	/home/aella/aws-discovery-focal-jammy-retry-20260831/upgrade-discovery/focal-to-jammy/runtime/deb-cache/89/b7/89b720545441c3b249f1e7b0b1ea5d2228f56bc9ba5dc76d4875aa525bd89d5a	150038	5feceed992efdf162e2b87fd844fb942b19b1b60202ccb7f01f8c3ac840f51e6		1	proxy_access_log
focal-to-jammy	deb	shared-mime-info_2.1-2_amd64.deb	http://ap-northeast-2.ec2.archive.ubuntu.com/ubuntu/pool/main/s/shared-mime-info/shared-mime-info_2.1-2_amd64.deb	http://ap-northeast-2.ec2.archive.ubuntu.com/ubuntu/pool/main/s/shared-mime-info/shared-mime-info_2.1-2_amd64.deb	/home/aella/aws-discovery-focal-jammy-retry-20260831/upgrade-discovery/focal-to-jammy/runtime/deb-cache/e2/43/e24369da8b5c977858db326d0500ea564ff5cac74c29e78321fad49f555c6423	453644	0c0164e8673e2607ffa16511f595c5060658a06c0ccf784c269d4e9cd2463942		1	proxy_access_log
focal-to-jammy	deb	init_1.62_amd64.deb	http://ap-northeast-2.ec2.archive.ubuntu.com/ubuntu/pool/main/i/init-system-helpers/init_1.62_amd64.deb	http://ap-northeast-2.ec2.archive.ubuntu.com/ubuntu/pool/main/i/init-system-helpers/init_1.62_amd64.deb	/home/aella/aws-discovery-focal-jammy-retry-20260831/upgrade-discovery/focal-to-jammy/runtime/deb-cache/1b/3f/1b3fc80e74f9cfb7fe60fafd0de58dd830ebefb3c9456d8180df91c38935c45a	5412	f5bb86fc35a352e087955f7674c852dedca764b7a2ceaceec8129e54a76b6347		1	proxy_access_log
focal-to-jammy	deb	cron_3.0pl1-137ubuntu3_amd64.deb	http://ap-northeast-2.ec2.archive.ubuntu.com/ubuntu/pool/main/c/cron/cron_3.0pl1-137ubuntu3_amd64.deb	http://ap-northeast-2.ec2.archive.ubuntu.com/ubuntu/pool/main/c/cron/cron_3.0pl1-137ubuntu3_amd64.deb	/home/aella/aws-discovery-focal-jammy-retry-20260831/upgrade-discovery/focal-to-jammy/runtime/deb-cache/54/5c/545cb60832d2509abf99f22caca0e9f1c00fcb16f2055ce19bcc673708dfbbb7	73668	5dde1799e4086cf8833b82855fe755d292c2ed1855364355daff4364ce62beab		1	proxy_access_log
focal-to-jammy	deb	libnuma1_2.0.14-3ubuntu2_amd64.deb	http://ap-northeast-2.ec2.archive.ubuntu.com/ubuntu/pool/main/n/numactl/libnuma1_2.0.14-3ubuntu2_amd64.deb	http://ap-northeast-2.ec2.archive.ubuntu.com/ubuntu/pool/main/n/numactl/libnuma1_2.0.14-3ubuntu2_amd64.deb	/home/aella/aws-discovery-focal-jammy-retry-20260831/upgrade-discovery/focal-to-jammy/runtime/deb-cache/ca/4d/ca4d7e06ca68a579e0cb87bec541fb932ccc63856a1f7b79de063c8e2b99a573	22478	0721c89001fbbd1ada23e89da5d60e762763c1a7b3dc814a2e9a518480a8043d		1	proxy_access_log
focal-to-jammy	deb	irqbalance_1.8.0-1ubuntu0.2_amd64.deb	http://ap-northeast-2.ec2.archive.ubuntu.com/ubuntu/pool/main/i/irqbalance/irqbalance_1.8.0-1ubuntu0.2_amd64.deb	http://ap-northeast-2.ec2.archive.ubuntu.com/ubuntu/pool/main/i/irqbalance/irqbalance_1.8.0-1ubuntu0.2_amd64.deb	/home/aella/aws-discovery-focal-jammy-retry-20260831/upgrade-discovery/focal-to-jammy/runtime/deb-cache/15/5d/155dacc8fd8717b5048d0d75b278e37a429e8936c15e447186d01514cd9ffb6d	47182	8d6bcb392e3ca7afd47028366048cb0fb09c962a22e8c38dbccc24f3a54c728a		1	proxy_access_log
focal-to-jammy	deb	libntfs-3g89_2021.8.22-3ubuntu1.4_amd64.deb	http://ap-northeast-2.ec2.archive.ubuntu.com/ubuntu/pool/main/n/ntfs-3g/libntfs-3g89_2021.8.22-3ubuntu1.4_amd64.deb	http://ap-northeast-2.ec2.archive.ubuntu.com/ubuntu/pool/main/n/ntfs-3g/libntfs-3g89_2021.8.22-3ubuntu1.4_amd64.deb	/home/aella/aws-discovery-focal-jammy-retry-20260831/upgrade-discovery/focal-to-jammy/runtime/deb-cache/96/f9/96f93bbcc98e71ea6bdc03c8c332014b10313569591534c30ca47c3304b82e58	162532	cbb3debf3a9c1aad0c18b476b6f88c6eac949bd9662cdcddf74c0948141834a7		1	proxy_access_log
focal-to-jammy	deb	rsync_3.2.7-0ubuntu0.22.04.7_amd64.deb	http://ap-northeast-2.ec2.archive.ubuntu.com/ubuntu/pool/main/r/rsync/rsync_3.2.7-0ubuntu0.22.04.7_amd64.deb	http://ap-northeast-2.ec2.archive.ubuntu.com/ubuntu/pool/main/r/rsync/rsync_3.2.7-0ubuntu0.22.04.7_amd64.deb	/home/aella/aws-discovery-focal-jammy-retry-20260831/upgrade-discovery/focal-to-jammy/runtime/deb-cache/65/3e/653e798c802074bb8c328da979d3912e4bb2415d2d509456857c4335120a54a5	444910	0f1f6c57367d67027f735171e69c769fe4c5552e267314a31f5e92064e36c153		1	proxy_access_log
focal-to-jammy	deb	uuid-runtime_2.37.2-4ubuntu3.5_amd64.deb	http://ap-northeast-2.ec2.archive.ubuntu.com/ubuntu/pool/main/u/util-linux/uuid-runtime_2.37.2-4ubuntu3.5_amd64.deb	http://ap-northeast-2.ec2.archive.ubuntu.com/ubuntu/pool/main/u/util-linux/uuid-runtime_2.37.2-4ubuntu3.5_amd64.deb	/home/aella/aws-discovery-focal-jammy-retry-20260831/upgrade-discovery/focal-to-jammy/runtime/deb-cache/ea/b1/eab1d7f85b232847a86d4bfd5ca5bc9de3d22330442cdae80342a033ce179f52	32058	6d19ab11026fb93677d6e3e73d0431202dfd95b623a762f33c56ea33fefb809a		1	proxy_access_log
focal-to-jammy	deb	acpid_2.0.33-1ubuntu1_amd64.deb	http://ap-northeast-2.ec2.archive.ubuntu.com/ubuntu/pool/main/a/acpid/acpid_2.0.33-1ubuntu1_amd64.deb	http://ap-northeast-2.ec2.archive.ubuntu.com/ubuntu/pool/main/a/acpid/acpid_2.0.33-1ubuntu1_amd64.deb	/home/aella/aws-discovery-focal-jammy-retry-20260831/upgrade-discovery/focal-to-jammy/runtime/deb-cache/0b/5d/0b5de6f064fb0f5f5e211c5452d2ecbea3689e107c6cba6364de5c7a91fe2a88	35846	a36f1d65a89d4c2a75500ff1c0134d9ec629226942afad705a3e4c905875196f		1	proxy_access_log
focal-to-jammy	deb	accountsservice_22.07.5-2ubuntu1.6_amd64.deb	http://ap-northeast-2.ec2.archive.ubuntu.com/ubuntu/pool/main/a/accountsservice/accountsservice_22.07.5-2ubuntu1.6_amd64.deb	http://ap-northeast-2.ec2.archive.ubuntu.com/ubuntu/pool/main/a/accountsservice/accountsservice_22.07.5-2ubuntu1.6_amd64.deb	/home/aella/aws-discovery-focal-jammy-retry-20260831/upgrade-discovery/focal-to-jammy/runtime/deb-cache/01/71/01714740a901508bd8715de0ceb9ec32c426f4047aedd9644e0d3ddda9f648c7	70318	18fa1f25ec17908fa710f96a6d46f27a63d3062401b9ea3fca2ea81619715de9		1	proxy_access_log
focal-to-jammy	deb	libaccountsservice0_22.07.5-2ubuntu1.6_amd64.deb	http://ap-northeast-2.ec2.archive.ubuntu.com/ubuntu/pool/main/a/accountsservice/libaccountsservice0_22.07.5-2ubuntu1.6_amd64.deb	http://ap-northeast-2.ec2.archive.ubuntu.com/ubuntu/pool/main/a/accountsservice/libaccountsservice0_22.07.5-2ubuntu1.6_amd64.deb	/home/aella/aws-discovery-focal-jammy-retry-20260831/upgrade-discovery/focal-to-jammy/runtime/deb-cache/bd/cb/bdcb1787ed1063fd7c903847231ffeb93a93859c2563b92f00302f6abef8a7f4	62664	f54feb1ed3ec4374d8b4d0df2256717810475d007438f40790fee10a6a61bf30		1	proxy_access_log
focal-to-jammy	deb	language-selector-common_0.219.1_all.deb	http://ap-northeast-2.ec2.archive.ubuntu.com/ubuntu/pool/main/l/language-selector/language-selector-common_0.219.1_all.deb	http://ap-northeast-2.ec2.archive.ubuntu.com/ubuntu/pool/main/l/language-selector/language-selector-common_0.219.1_all.deb	/home/aella/aws-discovery-focal-jammy-retry-20260831/upgrade-discovery/focal-to-jammy/runtime/deb-cache/92/b7/92b7839d7b99009ea6f67488402cf31b1f2e11c976cb2ae5b718739e4721de0f	254608	264165eae3dfe48ae8f12539f67b01da26b44d5099cf097129ad3de8ad9328e2		1	proxy_access_log
focal-to-jammy	deb	libisns0_0.101-0ubuntu2_amd64.deb	http://ap-northeast-2.ec2.archive.ubuntu.com/ubuntu/pool/main/o/open-isns/libisns0_0.101-0ubuntu2_amd64.deb	http://ap-northeast-2.ec2.archive.ubuntu.com/ubuntu/pool/main/o/open-isns/libisns0_0.101-0ubuntu2_amd64.deb	/home/aella/aws-discovery-focal-jammy-retry-20260831/upgrade-discovery/focal-to-jammy/runtime/deb-cache/12/fe/12fe878b12304eca90f950ffd345ebe83736bfab29c51a57b00afbd2fd41b937	96316	bc08bcffa1eda9bc718c8578e739c73c95ecb9e82ce0555cd98ccf1ba996c86a		1	proxy_access_log
focal-to-jammy	deb	libopeniscsiusr_2.1.5-1ubuntu1.1_amd64.deb	http://ap-northeast-2.ec2.archive.ubuntu.com/ubuntu/pool/main/o/open-iscsi/libopeniscsiusr_2.1.5-1ubuntu1.1_amd64.deb	http://ap-northeast-2.ec2.archive.ubuntu.com/ubuntu/pool/main/o/open-iscsi/libopeniscsiusr_2.1.5-1ubuntu1.1_amd64.deb	/home/aella/aws-discovery-focal-jammy-retry-20260831/upgrade-discovery/focal-to-jammy/runtime/deb-cache/8a/29/8a29eb0a4b60ebdf84a38bd3fc8a1bfa59a4a347c66c7826729863b6133c347b	67428	8eb54eba27a1469e6b9cf5a132b7efff31cd2ade0f06aa3b2a81c55854ad8a7c		1	proxy_access_log
focal-to-jammy	deb	open-iscsi_2.1.5-1ubuntu1.1_amd64.deb	http://ap-northeast-2.ec2.archive.ubuntu.com/ubuntu/pool/main/o/open-iscsi/open-iscsi_2.1.5-1ubuntu1.1_amd64.deb	http://ap-northeast-2.ec2.archive.ubuntu.com/ubuntu/pool/main/o/open-iscsi/open-iscsi_2.1.5-1ubuntu1.1_amd64.deb	/home/aella/aws-discovery-focal-jammy-retry-20260831/upgrade-discovery/focal-to-jammy/runtime/deb-cache/0a/f6/0af60df389315fe337e3c05118aabbe0ff59c6d614e976b5aaae5891b83fbfd9	323308	59129f84ade3068b2a0e6ad86dd0dc4c1b3a8563e586722615184a5513e79075		1	proxy_access_log
focal-to-jammy	deb	popularity-contest_1.71ubuntu3_all.deb	http://ap-northeast-2.ec2.archive.ubuntu.com/ubuntu/pool/universe/p/popularity-contest/popularity-contest_1.71ubuntu3_all.deb	http://ap-northeast-2.ec2.archive.ubuntu.com/ubuntu/pool/universe/p/popularity-contest/popularity-contest_1.71ubuntu3_all.deb	/home/aella/aws-discovery-focal-jammy-retry-20260831/upgrade-discovery/focal-to-jammy/runtime/deb-cache/19/ed/19edf02a470c8de97c818cb63d4fe96ee95d4ecbde1e937ae9d815fb8b425589	56130	1ce69f4078d7f57b6fb24b8dc5686391d50d73fd647750114dbde6d81946ec3c		1	proxy_access_log
focal-to-jammy	deb	sgml-base_1.30_all.deb	http://ap-northeast-2.ec2.archive.ubuntu.com/ubuntu/pool/main/s/sgml-base/sgml-base_1.30_all.deb	http://ap-northeast-2.ec2.archive.ubuntu.com/ubuntu/pool/main/s/sgml-base/sgml-base_1.30_all.deb	/home/aella/aws-discovery-focal-jammy-retry-20260831/upgrade-discovery/focal-to-jammy/runtime/deb-cache/37/3f/373f2ed7cbeb687c7bcde6c6c86b56587fc6a3c85195b0b28cbfda7765bf7eb2	12500	2441992848986a4f19c8683971a40f12731e9e6e7ec58a67e911eacf7cd324c3		1	proxy_access_log
focal-to-jammy	deb	squashfs-tools_4.5-3build1_amd64.deb	http://ap-northeast-2.ec2.archive.ubuntu.com/ubuntu/pool/main/s/squashfs-tools/squashfs-tools_4.5-3build1_amd64.deb	http://ap-northeast-2.ec2.archive.ubuntu.com/ubuntu/pool/main/s/squashfs-tools/squashfs-tools_4.5-3build1_amd64.deb	/home/aella/aws-discovery-focal-jammy-retry-20260831/upgrade-discovery/focal-to-jammy/runtime/deb-cache/a7/3d/a73d69ff06f3591c85657aa243825aee07d10c6478b8b29c4a203e96e918e3f9	158782	96a92cd6f2784d87007b0d057b162df85941a2b42351bbb964ea4d94c72b841e		1	proxy_access_log
focal-to-jammy	deb	libmspack0_0.10.1-2build2_amd64.deb	http://ap-northeast-2.ec2.archive.ubuntu.com/ubuntu/pool/main/libm/libmspack/libmspack0_0.10.1-2build2_amd64.deb	http://ap-northeast-2.ec2.archive.ubuntu.com/ubuntu/pool/main/libm/libmspack/libmspack0_0.10.1-2build2_amd64.deb	/home/aella/aws-discovery-focal-jammy-retry-20260831/upgrade-discovery/focal-to-jammy/runtime/deb-cache/52/20/522084d61393617d40ca3be8b5e4433fcd4cdb2827ae9fa838eb7fe584da55cb	39596	b9849f8d1b6868368449e17aa74686227dde799af929840d5b6bc16827748552		1	proxy_access_log
focal-to-jammy	deb	libxslt1.1_1.1.34-4ubuntu0.22.04.5_amd64.deb	http://ap-northeast-2.ec2.archive.ubuntu.com/ubuntu/pool/main/libx/libxslt/libxslt1.1_1.1.34-4ubuntu0.22.04.5_amd64.deb	http://ap-northeast-2.ec2.archive.ubuntu.com/ubuntu/pool/main/libx/libxslt/libxslt1.1_1.1.34-4ubuntu0.22.04.5_amd64.deb	/home/aella/aws-discovery-focal-jammy-retry-20260831/upgrade-discovery/focal-to-jammy/runtime/deb-cache/8f/44/8f44dc2878992199cf9406ef9d0bd367cbd155e1d4c50af0c624e7c0fdb7c295	164590	5e50bc83e9365942cf63272d8a45ce71170aaf4a1a4e3c4b30f591f6194d77ef		1	proxy_access_log
focal-to-jammy	deb	libxmlsec1_1.2.33-1build2_amd64.deb	http://ap-northeast-2.ec2.archive.ubuntu.com/ubuntu/pool/main/x/xmlsec1/libxmlsec1_1.2.33-1build2_amd64.deb	http://ap-northeast-2.ec2.archive.ubuntu.com/ubuntu/pool/main/x/xmlsec1/libxmlsec1_1.2.33-1build2_amd64.deb	/home/aella/aws-discovery-focal-jammy-retry-20260831/upgrade-discovery/focal-to-jammy/runtime/deb-cache/6f/56/6f5697bdd267fa1bbad15575a72eee928be275ce88a12fc04ae4aa62a8dc708c	138742	82bb2c8f8ef567095b3913da91901d133853719aa6495436446aae0bac732664		1	proxy_access_log
focal-to-jammy	deb	libxmlsec1-openssl_1.2.33-1build2_amd64.deb	http://ap-northeast-2.ec2.archive.ubuntu.com/ubuntu/pool/main/x/xmlsec1/libxmlsec1-openssl_1.2.33-1build2_amd64.deb	http://ap-northeast-2.ec2.archive.ubuntu.com/ubuntu/pool/main/x/xmlsec1/libxmlsec1-openssl_1.2.33-1build2_amd64.deb	/home/aella/aws-discovery-focal-jammy-retry-20260831/upgrade-discovery/focal-to-jammy/runtime/deb-cache/23/26/2326424a43b353c86236b672ca5fe12b84dd101b7978b4b31c64a8cea176b5ca	85548	fcd84fd7d7165aa0ae87204699b31f3b3219d3d4da05c11f673c3cc80bdc0095		1	proxy_access_log
focal-to-jammy	deb	open-vm-tools_12.3.5-3%7eubuntu0.22.04.3_amd64.deb	http://ap-northeast-2.ec2.archive.ubuntu.com/ubuntu/pool/main/o/open-vm-tools/open-vm-tools_12.3.5-3%7eubuntu0.22.04.3_amd64.deb	http://ap-northeast-2.ec2.archive.ubuntu.com/ubuntu/pool/main/o/open-vm-tools/open-vm-tools_12.3.5-3%7eubuntu0.22.04.3_amd64.deb	/home/aella/aws-discovery-focal-jammy-retry-20260831/upgrade-discovery/focal-to-jammy/runtime/deb-cache/80/08/80081c35e3c710e5ac0f9af635b0b5c806d0d12f26d19585c3cbe3e99fc64170	746550	ecc36ae8ccb2024f95cd9002fa9046f75dbd2509594726d9969f5f10e33c5811		1	proxy_access_log
focal-to-jammy	deb	libss2_1.46.5-2ubuntu1.2_amd64.deb	http://ap-northeast-2.ec2.archive.ubuntu.com/ubuntu/pool/main/e/e2fsprogs/libss2_1.46.5-2ubuntu1.2_amd64.deb	http://ap-northeast-2.ec2.archive.ubuntu.com/ubuntu/pool/main/e/e2fsprogs/libss2_1.46.5-2ubuntu1.2_amd64.deb	/home/aella/aws-discovery-focal-jammy-retry-20260831/upgrade-discovery/focal-to-jammy/runtime/deb-cache/5e/f7/5ef70f0a23fe927818e104e5bd7ae42793325064d7b0608c505af6f8bec24663	12336	d66e527ac392d885bc2f8b2db602f07476e387a451bbcfe3539b1d1f9e9f9402		1	proxy_access_log
focal-to-jammy	deb	mawk_1.3.4.20200120-3_amd64.deb	http://ap-northeast-2.ec2.archive.ubuntu.com/ubuntu/pool/main/m/mawk/mawk_1.3.4.20200120-3_amd64.deb	http://ap-northeast-2.ec2.archive.ubuntu.com/ubuntu/pool/main/m/mawk/mawk_1.3.4.20200120-3_amd64.deb	/home/aella/aws-discovery-focal-jammy-retry-20260831/upgrade-discovery/focal-to-jammy/runtime/deb-cache/ac/39/ac3942fc10f7a0ceea267a4a72031b82e452aa873f8fdc6ce37852bcc1e57189	103616	73aea4eef18e9960e04ea2de58c3ee1bb552af6c1dc889ab33c6c896d3387c97		1	proxy_access_log
focal-to-jammy	deb	usrmerge_25ubuntu2_all.deb	http://ap-northeast-2.ec2.archive.ubuntu.com/ubuntu/pool/main/u/usrmerge/usrmerge_25ubuntu2_all.deb	http://ap-northeast-2.ec2.archive.ubuntu.com/ubuntu/pool/main/u/usrmerge/usrmerge_25ubuntu2_all.deb	/home/aella/aws-discovery-focal-jammy-retry-20260831/upgrade-discovery/focal-to-jammy/runtime/deb-cache/a1/46/a14630a2b8d04abc7234e26ba48439588cb0ce2f6a12da096d12885076795380	54662	43bed2d23b2005c0690017d7bf8c332d0fd73fea18be245bd838a3fe104c93ad		1	proxy_access_log
focal-to-jammy	deb	eject_2.37.2-4ubuntu3.5_amd64.deb	http://ap-northeast-2.ec2.archive.ubuntu.com/ubuntu/pool/main/u/util-linux/eject_2.37.2-4ubuntu3.5_amd64.deb	http://ap-northeast-2.ec2.archive.ubuntu.com/ubuntu/pool/main/u/util-linux/eject_2.37.2-4ubuntu3.5_amd64.deb	/home/aella/aws-discovery-focal-jammy-retry-20260831/upgrade-discovery/focal-to-jammy/runtime/deb-cache/fb/f3/fbf377bf2ef182cf87a871cbc96f22a12068b57b34b78ad93e68bd262e94dd8f	26770	e238ea02f0177950f7f69d083e866dc70bd3fdf86ac624a410d3ad2dbc08ffc8		1	proxy_access_log
focal-to-jammy	deb	iputils-ping_20211215-1ubuntu0.1_amd64.deb	http://ap-northeast-2.ec2.archive.ubuntu.com/ubuntu/pool/main/i/iputils/iputils-ping_20211215-1ubuntu0.1_amd64.deb	http://ap-northeast-2.ec2.archive.ubuntu.com/ubuntu/pool/main/i/iputils/iputils-ping_20211215-1ubuntu0.1_amd64.deb	/home/aella/aws-discovery-focal-jammy-retry-20260831/upgrade-discovery/focal-to-jammy/runtime/deb-cache/db/fe/dbfe6667fc23aa50e32574d865803ca5597649dab23f162e1e264d38e8f4a503	43020	5883d183de4fbe0c9021468c6b1922c4bef1a258e60e7da16340e8d1f14d828b		1	proxy_access_log
focal-to-jammy	deb	libisc-export1105_9.11.19%2bdfsg-2.1ubuntu3_amd64.deb	http://ap-northeast-2.ec2.archive.ubuntu.com/ubuntu/pool/main/b/bind9-libs/libisc-export1105_9.11.19%2bdfsg-2.1ubuntu3_amd64.deb	http://ap-northeast-2.ec2.archive.ubuntu.com/ubuntu/pool/main/b/bind9-libs/libisc-export1105_9.11.19%2bdfsg-2.1ubuntu3_amd64.deb	/home/aella/aws-discovery-focal-jammy-retry-20260831/upgrade-discovery/focal-to-jammy/runtime/deb-cache/00/f7/00f774f33f1f883bfba71da7a4aa8ddcaacfacc0fa7a5fa576d8ec561b6f18ba	191844	96ec022694dac276e7215db80b9ff1f39191b92e89f14fe474c675a149104327		1	proxy_access_log
focal-to-jammy	deb	libdns-export1110_9.11.19%2bdfsg-2.1ubuntu3_amd64.deb	http://ap-northeast-2.ec2.archive.ubuntu.com/ubuntu/pool/main/b/bind9-libs/libdns-export1110_9.11.19%2bdfsg-2.1ubuntu3_amd64.deb	http://ap-northeast-2.ec2.archive.ubuntu.com/ubuntu/pool/main/b/bind9-libs/libdns-export1110_9.11.19%2bdfsg-2.1ubuntu3_amd64.deb	/home/aella/aws-discovery-focal-jammy-retry-20260831/upgrade-discovery/focal-to-jammy/runtime/deb-cache/f6/12/f612fbfef4642915e97d21e16360a93a3534838cd957a402a72b34da7b5e826c	827112	3b36c37641f51b909ca5b4efd7fd8d6a709d085b65739e5e32d07249b428e58b		1	proxy_access_log
focal-to-jammy	deb	isc-dhcp-client_4.4.1-2.3ubuntu2.4_amd64.deb	http://ap-northeast-2.ec2.archive.ubuntu.com/ubuntu/pool/main/i/isc-dhcp/isc-dhcp-client_4.4.1-2.3ubuntu2.4_amd64.deb	http://ap-northeast-2.ec2.archive.ubuntu.com/ubuntu/pool/main/i/isc-dhcp/isc-dhcp-client_4.4.1-2.3ubuntu2.4_amd64.deb	/home/aella/aws-discovery-focal-jammy-retry-20260831/upgrade-discovery/focal-to-jammy/runtime/deb-cache/37/6b/376b7e30d2fe42df577f5ece09d4b1767dc602ac12f9033204cd6f6e7d6c75b0	234628	7ced656186de5041b76e28e7db208824f3ccff25ea736fca05c559b54f1e1436		1	proxy_access_log
focal-to-jammy	deb	isc-dhcp-common_4.4.1-2.3ubuntu2.4_amd64.deb	http://ap-northeast-2.ec2.archive.ubuntu.com/ubuntu/pool/main/i/isc-dhcp/isc-dhcp-common_4.4.1-2.3ubuntu2.4_amd64.deb	http://ap-northeast-2.ec2.archive.ubuntu.com/ubuntu/pool/main/i/isc-dhcp/isc-dhcp-common_4.4.1-2.3ubuntu2.4_amd64.deb	/home/aella/aws-discovery-focal-jammy-retry-20260831/upgrade-discovery/focal-to-jammy/runtime/deb-cache/ad/75/ad75453af9d4541bad58a25e1dc1804f8bae6e62467a1f1a3077aa6b38abb41d	44966	3b82c7f90dfce1ebeba2b9aff2c2f0c04eef0f31346a6aed069cacb526d67242		1	proxy_access_log
focal-to-jammy	deb	less_590-1ubuntu0.22.04.3_amd64.deb	http://ap-northeast-2.ec2.archive.ubuntu.com/ubuntu/pool/main/l/less/less_590-1ubuntu0.22.04.3_amd64.deb	http://ap-northeast-2.ec2.archive.ubuntu.com/ubuntu/pool/main/l/less/less_590-1ubuntu0.22.04.3_amd64.deb	/home/aella/aws-discovery-focal-jammy-retry-20260831/upgrade-discovery/focal-to-jammy/runtime/deb-cache/7f/21/7f21ec9474c61fc3afa13e98d756814bd06586cf31ea1dc23de05c94035b17c2	142192	62ee13bbe573a722f25dabd6e7722446f1821bc844b25a7d477531ff67a611d5		1	proxy_access_log
focal-to-jammy	deb	libatm1_2.5.1-4build2_amd64.deb	http://ap-northeast-2.ec2.archive.ubuntu.com/ubuntu/pool/main/l/linux-atm/libatm1_2.5.1-4build2_amd64.deb	http://ap-northeast-2.ec2.archive.ubuntu.com/ubuntu/pool/main/l/linux-atm/libatm1_2.5.1-4build2_amd64.deb	/home/aella/aws-discovery-focal-jammy-retry-20260831/upgrade-discovery/focal-to-jammy/runtime/deb-cache/78/0e/780ea69831d9a270904faaf2eae28d1ff811be436545fba388cbfa967241def4	22768	fdb86dc05a231b7f65864251c0f2f569e2701020ff70217ce7fac6adf70ae840		1	proxy_access_log
focal-to-jammy	deb	libestr0_0.1.10-2.1build3_amd64.deb	http://ap-northeast-2.ec2.archive.ubuntu.com/ubuntu/pool/main/libe/libestr/libestr0_0.1.10-2.1build3_amd64.deb	http://ap-northeast-2.ec2.archive.ubuntu.com/ubuntu/pool/main/libe/libestr/libestr0_0.1.10-2.1build3_amd64.deb	/home/aella/aws-discovery-focal-jammy-retry-20260831/upgrade-discovery/focal-to-jammy/runtime/deb-cache/ea/49/ea494fefcfd614d479d6cd874a2fafcef39aebb43d78a6be25b9622e7928d331	7796	25451f818990285c11d644f21fc045dcc938bce7aeaa89b2368633a84f7034c5		1	proxy_access_log
focal-to-jammy	deb	libfastjson4_0.99.9-1build2_amd64.deb	http://ap-northeast-2.ec2.archive.ubuntu.com/ubuntu/pool/main/libf/libfastjson/libfastjson4_0.99.9-1build2_amd64.deb	http://ap-northeast-2.ec2.archive.ubuntu.com/ubuntu/pool/main/libf/libfastjson/libfastjson4_0.99.9-1build2_amd64.deb	/home/aella/aws-discovery-focal-jammy-retry-20260831/upgrade-discovery/focal-to-jammy/runtime/deb-cache/b1/f5/b1f5ceeb18ab6cde6c74f1ce1b58c7aaa5fbeff23e2ae741d5731c0dcd760d14	22956	3df1bfe519d0e63ad9a82e8e3f42b0f8ced67e717f2b90f639b98febc1585061		1	proxy_access_log
focal-to-jammy	deb	libfribidi0_1.0.8-2ubuntu3.1_amd64.deb	http://ap-northeast-2.ec2.archive.ubuntu.com/ubuntu/pool/main/f/fribidi/libfribidi0_1.0.8-2ubuntu3.1_amd64.deb	http://ap-northeast-2.ec2.archive.ubuntu.com/ubuntu/pool/main/f/fribidi/libfribidi0_1.0.8-2ubuntu3.1_amd64.deb	/home/aella/aws-discovery-focal-jammy-retry-20260831/upgrade-discovery/focal-to-jammy/runtime/deb-cache/cb/2b/cb2bd723fc108c4c6e8ef5c37c377684cd975c9b2789e589a0ee46af7e5db01e	26096	75d7d833d35a0eef11501c542bd31c0b52fc937be0fcc08384674455439223a1		1	proxy_access_log
focal-to-jammy	deb	netplan.io_0.107.1-3ubuntu0.22.04.4_amd64.deb	http://ap-northeast-2.ec2.archive.ubuntu.com/ubuntu/pool/main/n/netplan.io/netplan.io_0.107.1-3ubuntu0.22.04.4_amd64.deb	http://ap-northeast-2.ec2.archive.ubuntu.com/ubuntu/pool/main/n/netplan.io/netplan.io_0.107.1-3ubuntu0.22.04.4_amd64.deb	/home/aella/aws-discovery-focal-jammy-retry-20260831/upgrade-discovery/focal-to-jammy/runtime/deb-cache/2e/56/2e56fc2d86190b4ff5b3dca07119ff004787023f06d2f506fba09ea63b95fa2d	56308	585327c3034200aa56eb59ff774e102a22e484ac75f2b6932489d40b069a92e9		1	proxy_access_log
focal-to-jammy	deb	netplan-generator_0.107.1-3ubuntu0.22.04.4_amd64.deb	http://ap-northeast-2.ec2.archive.ubuntu.com/ubuntu/pool/main/n/netplan.io/netplan-generator_0.107.1-3ubuntu0.22.04.4_amd64.deb	http://ap-northeast-2.ec2.archive.ubuntu.com/ubuntu/pool/main/n/netplan.io/netplan-generator_0.107.1-3ubuntu0.22.04.4_amd64.deb	/home/aella/aws-discovery-focal-jammy-retry-20260831/upgrade-discovery/focal-to-jammy/runtime/deb-cache/18/84/18846aabbdc28f7293f241803795fd43e45b20ce03ee486fbce65d9fbd0c8d2b	57136	a3f5fa797aa099cb802b21202e9bc2456aafc11d868e731388140738cba72efc		1	proxy_access_log
focal-to-jammy	deb	python3-netplan_0.107.1-3ubuntu0.22.04.4_amd64.deb	http://ap-northeast-2.ec2.archive.ubuntu.com/ubuntu/pool/main/n/netplan.io/python3-netplan_0.107.1-3ubuntu0.22.04.4_amd64.deb	http://ap-northeast-2.ec2.archive.ubuntu.com/ubuntu/pool/main/n/netplan.io/python3-netplan_0.107.1-3ubuntu0.22.04.4_amd64.deb	/home/aella/aws-discovery-focal-jammy-retry-20260831/upgrade-discovery/focal-to-jammy/runtime/deb-cache/16/e3/16e35186205e39ba7dec3941b0165dd625103ba69f364e431f37d28e60043c6a	23096	f596418a251d3119a647e01b68cb6ce14face872da2016cf969b96521f9f1430		1	proxy_access_log
focal-to-jammy	deb	libnetplan0_0.107.1-3ubuntu0.22.04.4_amd64.deb	http://ap-northeast-2.ec2.archive.ubuntu.com/ubuntu/pool/main/n/netplan.io/libnetplan0_0.107.1-3ubuntu0.22.04.4_amd64.deb	http://ap-northeast-2.ec2.archive.ubuntu.com/ubuntu/pool/main/n/netplan.io/libnetplan0_0.107.1-3ubuntu0.22.04.4_amd64.deb	/home/aella/aws-discovery-focal-jammy-retry-20260831/upgrade-discovery/focal-to-jammy/runtime/deb-cache/28/2f/282fd6685ee07c5eea30a1363b45055e5dc66da1140a3c343c2d076976edd7c7	116574	8d37bbc6dd998883aba0ca4f65751453a30e5af97e7763e51ab1d0fd032b1f4c		1	proxy_access_log
focal-to-jammy	deb	logrotate_3.19.0-1ubuntu1.1_amd64.deb	http://ap-northeast-2.ec2.archive.ubuntu.com/ubuntu/pool/main/l/logrotate/logrotate_3.19.0-1ubuntu1.1_amd64.deb	http://ap-northeast-2.ec2.archive.ubuntu.com/ubuntu/pool/main/l/logrotate/logrotate_3.19.0-1ubuntu1.1_amd64.deb	/home/aella/aws-discovery-focal-jammy-retry-20260831/upgrade-discovery/focal-to-jammy/runtime/deb-cache/ac/9c/ac9c86f56961b1b66a11369ccdde8b5e62998c14c42f06a7bff006de7e996769	54262	33c92f05688b9903bef82a7adcbb16098bc8744b8001706c9418c0a5e32ed0d9		1	proxy_access_log
focal-to-jammy	deb	netcat-openbsd_1.218-4ubuntu1_amd64.deb	http://ap-northeast-2.ec2.archive.ubuntu.com/ubuntu/pool/main/n/netcat-openbsd/netcat-openbsd_1.218-4ubuntu1_amd64.deb	http://ap-northeast-2.ec2.archive.ubuntu.com/ubuntu/pool/main/n/netcat-openbsd/netcat-openbsd_1.218-4ubuntu1_amd64.deb	/home/aella/aws-discovery-focal-jammy-retry-20260831/upgrade-discovery/focal-to-jammy/runtime/deb-cache/1c/2b/1c2b831e743ae0ec34b3a72291904a1c96c1cb50544df076700b75f2f086e51e	39388	135685b9a101ccb18753b7d79b5843290859d63a026d2368fa0161fbc4c5eaf9		1	proxy_access_log
focal-to-jammy	deb	networkd-dispatcher_2.1-2ubuntu0.22.04.2_all.deb	http://ap-northeast-2.ec2.archive.ubuntu.com/ubuntu/pool/main/n/networkd-dispatcher/networkd-dispatcher_2.1-2ubuntu0.22.04.2_all.deb	http://ap-northeast-2.ec2.archive.ubuntu.com/ubuntu/pool/main/n/networkd-dispatcher/networkd-dispatcher_2.1-2ubuntu0.22.04.2_all.deb	/home/aella/aws-discovery-focal-jammy-retry-20260831/upgrade-discovery/focal-to-jammy/runtime/deb-cache/80/cf/80cf5bcf5f25086610cbf43b66455961932b02eee78cdc6cbb0b05e769c32179	15836	a8b413be3dd5c11a7271005fa32f74b06b76cbed09c6fdccaef62e718718dc81		1	proxy_access_log
focal-to-jammy	deb	rsyslog_8.2112.0-2ubuntu2.4_amd64.deb	http://ap-northeast-2.ec2.archive.ubuntu.com/ubuntu/pool/main/r/rsyslog/rsyslog_8.2112.0-2ubuntu2.4_amd64.deb	http://ap-northeast-2.ec2.archive.ubuntu.com/ubuntu/pool/main/r/rsyslog/rsyslog_8.2112.0-2ubuntu2.4_amd64.deb	/home/aella/aws-discovery-focal-jammy-retry-20260831/upgrade-discovery/focal-to-jammy/runtime/deb-cache/54/b4/54b4a865e229dbfe497696bb6dbfb1850bc03ffda457d4478a7248b9e847da2d	496808	fd4d66bddb49b9ad9167967ce6c51778d926f5901da355f6a9dd90c0ce36edd0		1	proxy_access_log
focal-to-jammy	deb	sudo_1.9.9-1ubuntu2.6_amd64.deb	http://ap-northeast-2.ec2.archive.ubuntu.com/ubuntu/pool/main/s/sudo/sudo_1.9.9-1ubuntu2.6_amd64.deb	http://ap-northeast-2.ec2.archive.ubuntu.com/ubuntu/pool/main/s/sudo/sudo_1.9.9-1ubuntu2.6_amd64.deb	/home/aella/aws-discovery-focal-jammy-retry-20260831/upgrade-discovery/focal-to-jammy/runtime/deb-cache/df/7a/df7ab9c6641e445e9c6bb704bb985bdd90c06fd7b1e0e5ff188da71793942f3e	820202	a6f151b3cee2dc09afc625330a7156d4c61ebb80aad9d447abb8806d26c428f2		1	proxy_access_log
focal-to-jammy	deb	ubuntu-minimal_1.481.5_amd64.deb	http://ap-northeast-2.ec2.archive.ubuntu.com/ubuntu/pool/main/u/ubuntu-meta/ubuntu-minimal_1.481.5_amd64.deb	http://ap-northeast-2.ec2.archive.ubuntu.com/ubuntu/pool/main/u/ubuntu-meta/ubuntu-minimal_1.481.5_amd64.deb	/home/aella/aws-discovery-focal-jammy-retry-20260831/upgrade-discovery/focal-to-jammy/runtime/deb-cache/2f/71/2f715a994917543a03b4e01cc36f9f827d1681f4295d70e2b0f953e334084ee7	2900	8aa708339f8c972bc0d2491ebc7eca211d196ac87bac3094f861830ec0e22966		1	proxy_access_log
focal-to-jammy	deb	xdg-user-dirs_0.17-2ubuntu4_amd64.deb	http://ap-northeast-2.ec2.archive.ubuntu.com/ubuntu/pool/main/x/xdg-user-dirs/xdg-user-dirs_0.17-2ubuntu4_amd64.deb	http://ap-northeast-2.ec2.archive.ubuntu.com/ubuntu/pool/main/x/xdg-user-dirs/xdg-user-dirs_0.17-2ubuntu4_amd64.deb	/home/aella/aws-discovery-focal-jammy-retry-20260831/upgrade-discovery/focal-to-jammy/runtime/deb-cache/c7/21/c721efb3317d84fd83f5f05d8ed386cef4d9cd3110b56cb700542a98fa01e58e	53860	06c1cb52d3b249aa4b74da0b9fe17c6bfe9b66c3df47e7f7252af14d2a770ce6		1	proxy_access_log
focal-to-jammy	deb	bash-completion_2.11-5ubuntu1_all.deb	http://ap-northeast-2.ec2.archive.ubuntu.com/ubuntu/pool/main/b/bash-completion/bash-completion_2.11-5ubuntu1_all.deb	http://ap-northeast-2.ec2.archive.ubuntu.com/ubuntu/pool/main/b/bash-completion/bash-completion_2.11-5ubuntu1_all.deb	/home/aella/aws-discovery-focal-jammy-retry-20260831/upgrade-discovery/focal-to-jammy/runtime/deb-cache/1b/05/1b05b9cf67645c9d32448de7d7ab7d6585ebe991a604086835fe487ecee32699	179828	9a0fe8c431450e085b27e527fc539c5e99550e1fa12b6e5a406ca1c0d319207c		1	proxy_access_log
focal-to-jammy	deb	liblmdb0_0.9.24-1build2_amd64.deb	http://ap-northeast-2.ec2.archive.ubuntu.com/ubuntu/pool/main/l/lmdb/liblmdb0_0.9.24-1build2_amd64.deb	http://ap-northeast-2.ec2.archive.ubuntu.com/ubuntu/pool/main/l/lmdb/liblmdb0_0.9.24-1build2_amd64.deb	/home/aella/aws-discovery-focal-jammy-retry-20260831/upgrade-discovery/focal-to-jammy/runtime/deb-cache/d6/7e/d67eca61f670c03ba5d90d265edcca030eda3090e9640c431813617029523e4f	47574	575fb96e091fb7aafa9a25bead9f89e58a7aa09bd0d7f35ad531ccbf161bc6b1		1	proxy_access_log
focal-to-jammy	deb	libmaxminddb0_1.5.2-1build2_amd64.deb	http://ap-northeast-2.ec2.archive.ubuntu.com/ubuntu/pool/main/libm/libmaxminddb/libmaxminddb0_1.5.2-1build2_amd64.deb	http://ap-northeast-2.ec2.archive.ubuntu.com/ubuntu/pool/main/libm/libmaxminddb/libmaxminddb0_1.5.2-1build2_amd64.deb	/home/aella/aws-discovery-focal-jammy-retry-20260831/upgrade-discovery/focal-to-jammy/runtime/deb-cache/d4/1e/d41eed0f1ab9ff406c34105fda6a5c4d94a5a993b448a406c06e355bd9188931	24676	130ee6c9b2cc5d06bc74c38b61397b7e7a7d00bac58ccf2fd4d2952a1f4f9e6a		1	proxy_access_log
focal-to-jammy	deb	busybox-static_1.30.1-7ubuntu3.1_amd64.deb	http://ap-northeast-2.ec2.archive.ubuntu.com/ubuntu/pool/main/b/busybox/busybox-static_1.30.1-7ubuntu3.1_amd64.deb	http://ap-northeast-2.ec2.archive.ubuntu.com/ubuntu/pool/main/b/busybox/busybox-static_1.30.1-7ubuntu3.1_amd64.deb	/home/aella/aws-discovery-focal-jammy-retry-20260831/upgrade-discovery/focal-to-jammy/runtime/deb-cache/45/eb/45eb391ab6188713fbe20a20a5e4d6c32438f7cb2b6aa2372a0fe24065999e58	1019206	833b81ad44c4e201059e1bbb1dab285d5d0488736db169adfaa677fd953baae6		1	proxy_access_log
focal-to-jammy	deb	command-not-found_22.04.0_all.deb	http://ap-northeast-2.ec2.archive.ubuntu.com/ubuntu/pool/main/c/command-not-found/command-not-found_22.04.0_all.deb	http://ap-northeast-2.ec2.archive.ubuntu.com/ubuntu/pool/main/c/command-not-found/command-not-found_22.04.0_all.deb	/home/aella/aws-discovery-focal-jammy-retry-20260831/upgrade-discovery/focal-to-jammy/runtime/deb-cache/21/a8/21a8c519f6838d827d73809f13c4d330c7a2b5dce76f5a6e61befe2e3d022a43	5114	480a7926d979ade5bef2200c6f7274e0f337049ca83508b984fac19e5e605151		1	proxy_access_log
focal-to-jammy	deb	python3-commandnotfound_22.04.0_all.deb	http://ap-northeast-2.ec2.archive.ubuntu.com/ubuntu/pool/main/c/command-not-found/python3-commandnotfound_22.04.0_all.deb	http://ap-northeast-2.ec2.archive.ubuntu.com/ubuntu/pool/main/c/command-not-found/python3-commandnotfound_22.04.0_all.deb	/home/aella/aws-discovery-focal-jammy-retry-20260831/upgrade-discovery/focal-to-jammy/runtime/deb-cache/c9/36/c93611022f5abfb85a627c8862dc9feae12c1dce53de20cd31a7e8084ecccef2	11262	f56f68c6141abecd1f54b9acdca5f1ec4c68b82b4166534fc51d52bded65eb11		1	proxy_access_log
focal-to-jammy	deb	dosfstools_4.2-1build3_amd64.deb	http://ap-northeast-2.ec2.archive.ubuntu.com/ubuntu/pool/main/d/dosfstools/dosfstools_4.2-1build3_amd64.deb	http://ap-northeast-2.ec2.archive.ubuntu.com/ubuntu/pool/main/d/dosfstools/dosfstools_4.2-1build3_amd64.deb	/home/aella/aws-discovery-focal-jammy-retry-20260831/upgrade-discovery/focal-to-jammy/runtime/deb-cache/68/cd/68cde7e3c93aad9adf1b16e701c80342de5930f552045ede97733dcfd28fe9b3	88032	14323c693bf8578880f8d082a358412425b5d280705eb169c9bd9b3f1245110d		1	proxy_access_log
focal-to-jammy	deb	ed_1.18-1_amd64.deb	http://ap-northeast-2.ec2.archive.ubuntu.com/ubuntu/pool/main/e/ed/ed_1.18-1_amd64.deb	http://ap-northeast-2.ec2.archive.ubuntu.com/ubuntu/pool/main/e/ed/ed_1.18-1_amd64.deb	/home/aella/aws-discovery-focal-jammy-retry-20260831/upgrade-discovery/focal-to-jammy/runtime/deb-cache/06/6d/066d1b31910459bf311d6d5d13c4d762cf1a9cf5623e7611adc6ddd5506f471f	55696	ce0e2bfa74c148efdd6525eb28c677442521289568dc5f1d75dffed55eab5599		1	proxy_access_log
focal-to-jammy	deb	tnftp_20210827-4build1_amd64.deb	http://ap-northeast-2.ec2.archive.ubuntu.com/ubuntu/pool/main/t/tnftp/tnftp_20210827-4build1_amd64.deb	http://ap-northeast-2.ec2.archive.ubuntu.com/ubuntu/pool/main/t/tnftp/tnftp_20210827-4build1_amd64.deb	/home/aella/aws-discovery-focal-jammy-retry-20260831/upgrade-discovery/focal-to-jammy/runtime/deb-cache/2b/17/2b1782171fe984db37f3e9b9af19639d05a1199c902345867896314af341dc03	105112	ba06e3c8e7f5973080d72d0e992780ec69239d91261b9aeee4719358ca29efc2		1	proxy_access_log
focal-to-jammy	deb	ftp_20210827-4build1_all.deb	http://ap-northeast-2.ec2.archive.ubuntu.com/ubuntu/pool/main/t/tnftp/ftp_20210827-4build1_all.deb	http://ap-northeast-2.ec2.archive.ubuntu.com/ubuntu/pool/main/t/tnftp/ftp_20210827-4build1_all.deb	/home/aella/aws-discovery-focal-jammy-retry-20260831/upgrade-discovery/focal-to-jammy/runtime/deb-cache/7a/7f/7a7f1e497d3ea18eedaa272adf41e87806886e9b6d28f33dbacd9cac55f797ab	4812	64246656a2de841dc754a4e41789673822bcbfcaa6fa4e3ba37227618d6be141		1	proxy_access_log
focal-to-jammy	deb	libuchardet0_0.0.7-1build2_amd64.deb	http://ap-northeast-2.ec2.archive.ubuntu.com/ubuntu/pool/main/u/uchardet/libuchardet0_0.0.7-1build2_amd64.deb	http://ap-northeast-2.ec2.archive.ubuntu.com/ubuntu/pool/main/u/uchardet/libuchardet0_0.0.7-1build2_amd64.deb	/home/aella/aws-discovery-focal-jammy-retry-20260831/upgrade-discovery/focal-to-jammy/runtime/deb-cache/84/3c/843c7c539e633c6b55ddcc63d63e5b531bcd4df2803a23f9253c50ed4309f89c	76890	d7f652f2816fc6e6bb674bd87ca8fa710eff01e8e278f7c326e06058dd193c84		1	proxy_access_log
focal-to-jammy	deb	groff-base_1.22.4-8build1_amd64.deb	http://ap-northeast-2.ec2.archive.ubuntu.com/ubuntu/pool/main/g/groff/groff-base_1.22.4-8build1_amd64.deb	http://ap-northeast-2.ec2.archive.ubuntu.com/ubuntu/pool/main/g/groff/groff-base_1.22.4-8build1_amd64.deb	/home/aella/aws-discovery-focal-jammy-retry-20260831/upgrade-discovery/focal-to-jammy/runtime/deb-cache/7d/d8/7dd807751546198964ae89f32be9a15233aee9a1a934731428f183359d25cd7a	954664	3a833e51e7aa39356c5ccc223c82efc0cfb39f5457409a02a6fda7bb920af6a3		1	proxy_access_log
focal-to-jammy	deb	hdparm_9.60%2bds-1build3_amd64.deb	http://ap-northeast-2.ec2.archive.ubuntu.com/ubuntu/pool/main/h/hdparm/hdparm_9.60%2bds-1build3_amd64.deb	http://ap-northeast-2.ec2.archive.ubuntu.com/ubuntu/pool/main/h/hdparm/hdparm_9.60%2bds-1build3_amd64.deb	/home/aella/aws-discovery-focal-jammy-retry-20260831/upgrade-discovery/focal-to-jammy/runtime/deb-cache/51/3d/513d921e363438f3bcad04394ac8f66346de743474d78515d45c3557c1a55de9	98674	97046b06dcf255a2e27e3c4baff217a4c4e48de1b1c234fbf6aabfaa39206489		1	proxy_access_log
focal-to-jammy	deb	info_6.8-4build1_amd64.deb	http://ap-northeast-2.ec2.archive.ubuntu.com/ubuntu/pool/main/t/texinfo/info_6.8-4build1_amd64.deb	http://ap-northeast-2.ec2.archive.ubuntu.com/ubuntu/pool/main/t/texinfo/info_6.8-4build1_amd64.deb	/home/aella/aws-discovery-focal-jammy-retry-20260831/upgrade-discovery/focal-to-jammy/runtime/deb-cache/f6/4a/f64a326792ca63c8dc69dde2e6d733d6740af3d58b20e1cf7ad63ce080262ac9	212794	83c0fa3e9e85fd3d4b16f7c6c31f6c955337ea4be966fae8c587569c8e4fcc66		1	proxy_access_log
focal-to-jammy	deb	iputils-tracepath_20211215-1ubuntu0.1_amd64.deb	http://ap-northeast-2.ec2.archive.ubuntu.com/ubuntu/pool/main/i/iputils/iputils-tracepath_20211215-1ubuntu0.1_amd64.deb	http://ap-northeast-2.ec2.archive.ubuntu.com/ubuntu/pool/main/i/iputils/iputils-tracepath_20211215-1ubuntu0.1_amd64.deb	/home/aella/aws-discovery-focal-jammy-retry-20260831/upgrade-discovery/focal-to-jammy/runtime/deb-cache/66/63/6663d9ab5a00d1bb8e29a9c586dbfbf4efd8c1dab7677ea444f74345fc82b628	14172	468f59c881d5cc0714fba5019a12b8e3788e53e9baba21c7b9af4d336c79adbf		1	proxy_access_log
focal-to-jammy	deb	libjansson4_2.13.1-1.1build3_amd64.deb	http://ap-northeast-2.ec2.archive.ubuntu.com/ubuntu/pool/main/j/jansson/libjansson4_2.13.1-1.1build3_amd64.deb	http://ap-northeast-2.ec2.archive.ubuntu.com/ubuntu/pool/main/j/jansson/libjansson4_2.13.1-1.1build3_amd64.deb	/home/aella/aws-discovery-focal-jammy-retry-20260831/upgrade-discovery/focal-to-jammy/runtime/deb-cache/ee/51/ee51d41f30941edf0efac2ada56c0f8ddd98cb5c9c1417668cf6f55683f489e8	32358	4af5e5f18d6a5a701ecad452449494a21004307cac18b9369e26345986de5d4d		1	proxy_access_log
focal-to-jammy	deb	libnftables1_1.0.2-1ubuntu3.1_amd64.deb	http://ap-northeast-2.ec2.archive.ubuntu.com/ubuntu/pool/main/n/nftables/libnftables1_1.0.2-1ubuntu3.1_amd64.deb	http://ap-northeast-2.ec2.archive.ubuntu.com/ubuntu/pool/main/n/nftables/libnftables1_1.0.2-1ubuntu3.1_amd64.deb	/home/aella/aws-discovery-focal-jammy-retry-20260831/upgrade-discovery/focal-to-jammy/runtime/deb-cache/8f/a8/8fa86bcd3143e592c347554352f0ebc2a3d477681aee152a56d59618e5ce7ed0	332054	c23880032dcf0a6f7afd12c599230d226240ff829153cc2e5b4b09ce7f6080b3		1	proxy_access_log
focal-to-jammy	deb	libpcap0.8_1.10.1-4ubuntu1.22.04.1_amd64.deb	http://ap-northeast-2.ec2.archive.ubuntu.com/ubuntu/pool/main/libp/libpcap/libpcap0.8_1.10.1-4ubuntu1.22.04.1_amd64.deb	http://ap-northeast-2.ec2.archive.ubuntu.com/ubuntu/pool/main/libp/libpcap/libpcap0.8_1.10.1-4ubuntu1.22.04.1_amd64.deb	/home/aella/aws-discovery-focal-jammy-retry-20260831/upgrade-discovery/focal-to-jammy/runtime/deb-cache/c4/1c/c41cd378bd653fa14e63113ff253967c2cb8f1d9621621fda68e8f2a47045886	145210	ba5ae645363bdd2c892a239427f363ba698198768252270956a33824d4e83d5e		1	proxy_access_log
focal-to-jammy	deb	libpipeline1_1.5.5-1_amd64.deb	http://ap-northeast-2.ec2.archive.ubuntu.com/ubuntu/pool/main/libp/libpipeline/libpipeline1_1.5.5-1_amd64.deb	http://ap-northeast-2.ec2.archive.ubuntu.com/ubuntu/pool/main/libp/libpipeline/libpipeline1_1.5.5-1_amd64.deb	/home/aella/aws-discovery-focal-jammy-retry-20260831/upgrade-discovery/focal-to-jammy/runtime/deb-cache/d2/92/d2926223225bb91a1416ebdb8ebee94566a593bb8525d1088cf786af09444e5c	23504	92f07a6bb26c443a90bd4ecbc8fdff74b53852005415544ebbd98034922d806b		1	proxy_access_log
focal-to-jammy	deb	libx11-data_1.7.5-1ubuntu0.3_all.deb	http://ap-northeast-2.ec2.archive.ubuntu.com/ubuntu/pool/main/libx/libx11/libx11-data_1.7.5-1ubuntu0.3_all.deb	http://ap-northeast-2.ec2.archive.ubuntu.com/ubuntu/pool/main/libx/libx11/libx11-data_1.7.5-1ubuntu0.3_all.deb	/home/aella/aws-discovery-focal-jammy-retry-20260831/upgrade-discovery/focal-to-jammy/runtime/deb-cache/3d/0a/3d0adedc407518917a695a6ae5935a5c9284273b4cba4973298399ff93f0dcbc	119766	d2510de2e1aee7c2bcb149c1d8fac53f73efcf33f08664f563612fc16d16d4d9		1	proxy_access_log
focal-to-jammy	deb	libxau6_1.0.9-1build5_amd64.deb	http://ap-northeast-2.ec2.archive.ubuntu.com/ubuntu/pool/main/libx/libxau/libxau6_1.0.9-1build5_amd64.deb	http://ap-northeast-2.ec2.archive.ubuntu.com/ubuntu/pool/main/libx/libxau/libxau6_1.0.9-1build5_amd64.deb	/home/aella/aws-discovery-focal-jammy-retry-20260831/upgrade-discovery/focal-to-jammy/runtime/deb-cache/47/7f/477fe259d89934d99bec90e692c2539397db27324b90bb6323154ae83b33024f	7634	551fa4101394af894f5f401285eeca9756da94bb31ecb08ed36a549ec580cd10		1	proxy_access_log
focal-to-jammy	deb	libxdmcp6_1.1.3-0ubuntu5_amd64.deb	http://ap-northeast-2.ec2.archive.ubuntu.com/ubuntu/pool/main/libx/libxdmcp/libxdmcp6_1.1.3-0ubuntu5_amd64.deb	http://ap-northeast-2.ec2.archive.ubuntu.com/ubuntu/pool/main/libx/libxdmcp/libxdmcp6_1.1.3-0ubuntu5_amd64.deb	/home/aella/aws-discovery-focal-jammy-retry-20260831/upgrade-discovery/focal-to-jammy/runtime/deb-cache/b7/01/b7012d57b9848ed326f835f61d5dc3506fb78f6ee744a37b9c6f8111e0ea0e66	10904	6f6c869dcfc072fa77d24b72ba127bdf15d606bdffbeba4314fb39f4f324363d		1	proxy_access_log
focal-to-jammy	deb	libxcb1_1.14-3ubuntu3_amd64.deb	http://ap-northeast-2.ec2.archive.ubuntu.com/ubuntu/pool/main/libx/libxcb/libxcb1_1.14-3ubuntu3_amd64.deb	http://ap-northeast-2.ec2.archive.ubuntu.com/ubuntu/pool/main/libx/libxcb/libxcb1_1.14-3ubuntu3_amd64.deb	/home/aella/aws-discovery-focal-jammy-retry-20260831/upgrade-discovery/focal-to-jammy/runtime/deb-cache/2a/16/2a16b4520544084f770e74a185709322db7655e0eee207344a465c0db0de7c37	49030	9258f04136434e7a0ccd76041505421934284209693373cfa9c24acb3a641ec5		1	proxy_access_log
focal-to-jammy	deb	libx11-6_1.7.5-1ubuntu0.3_amd64.deb	http://ap-northeast-2.ec2.archive.ubuntu.com/ubuntu/pool/main/libx/libx11/libx11-6_1.7.5-1ubuntu0.3_amd64.deb	http://ap-northeast-2.ec2.archive.ubuntu.com/ubuntu/pool/main/libx/libx11/libx11-6_1.7.5-1ubuntu0.3_amd64.deb	/home/aella/aws-discovery-focal-jammy-retry-20260831/upgrade-discovery/focal-to-jammy/runtime/deb-cache/53/fd/53fd3e6082a121942f1759f492e3f787d9156d6224573687e5c9e61c7cffe868	666946	d382a3064ecd7576f24661a6d234adc737b854a9a0ec1d9f42cb4d007e77d547		1	proxy_access_log
focal-to-jammy	deb	libxext6_1.3.4-1build1_amd64.deb	http://ap-northeast-2.ec2.archive.ubuntu.com/ubuntu/pool/main/libx/libxext/libxext6_1.3.4-1build1_amd64.deb	http://ap-northeast-2.ec2.archive.ubuntu.com/ubuntu/pool/main/libx/libxext/libxext6_1.3.4-1build1_amd64.deb	/home/aella/aws-discovery-focal-jammy-retry-20260831/upgrade-discovery/focal-to-jammy/runtime/deb-cache/c4/75/c475d34be73be2bd847aab971882d9fbf6eae0627a843c4428d3194bcef214c9	31808	875ec849749511dff61c8cc5a775f6f93427b9c3f392fdcec6925f14428e89cd		1	proxy_access_log
focal-to-jammy	deb	libxmuu1_1.1.3-3_amd64.deb	http://ap-northeast-2.ec2.archive.ubuntu.com/ubuntu/pool/main/libx/libxmu/libxmuu1_1.1.3-3_amd64.deb	http://ap-northeast-2.ec2.archive.ubuntu.com/ubuntu/pool/main/libx/libxmu/libxmuu1_1.1.3-3_amd64.deb	/home/aella/aws-discovery-focal-jammy-retry-20260831/upgrade-discovery/focal-to-jammy/runtime/deb-cache/54/8f/548f38ea4df32bda1ef63f63d084762785489c607be027931d4b5cfe9e96a2a0	10180	793d194ccbc65c4a11ef9de83aae10e1a381581309f5c9aafd33bdc9f0654dfa		1	proxy_access_log
focal-to-jammy	deb	lshw_02.19.git.2021.06.19.996aaad9c7-2ubuntu0.22.04.1_amd64.deb	http://ap-northeast-2.ec2.archive.ubuntu.com/ubuntu/pool/main/l/lshw/lshw_02.19.git.2021.06.19.996aaad9c7-2ubuntu0.22.04.1_amd64.deb	http://ap-northeast-2.ec2.archive.ubuntu.com/ubuntu/pool/main/l/lshw/lshw_02.19.git.2021.06.19.996aaad9c7-2ubuntu0.22.04.1_amd64.deb	/home/aella/aws-discovery-focal-jammy-retry-20260831/upgrade-discovery/focal-to-jammy/runtime/deb-cache/d5/4c/d54cfe2a64294a8b9f01edbae183070badb2a703a271a2cdf3a40e6840b39d03	321520	ddc27faafede32a50ca8344a9c3609b34bc4250bb7b2f98471a189f4fb99512b		1	proxy_access_log
focal-to-jammy	deb	lsof_4.93.2%2bdfsg-1.1build2_amd64.deb	http://ap-northeast-2.ec2.archive.ubuntu.com/ubuntu/pool/main/l/lsof/lsof_4.93.2%2bdfsg-1.1build2_amd64.deb	http://ap-northeast-2.ec2.archive.ubuntu.com/ubuntu/pool/main/l/lsof/lsof_4.93.2%2bdfsg-1.1build2_amd64.deb	/home/aella/aws-discovery-focal-jammy-retry-20260831/upgrade-discovery/focal-to-jammy/runtime/deb-cache/ac/10/ac10e32a1379c3938bf86a9399701f2d773e775636a79702c90b4c526a11346e	253466	632d3dc415c75a63002e50a4e07a8bfbe83086b4288f21fe9ee43cb39b3d0f42		1	proxy_access_log
focal-to-jammy	deb	man-db_2.10.2-1_amd64.deb	http://ap-northeast-2.ec2.archive.ubuntu.com/ubuntu/pool/main/m/man-db/man-db_2.10.2-1_amd64.deb	http://ap-northeast-2.ec2.archive.ubuntu.com/ubuntu/pool/main/m/man-db/man-db_2.10.2-1_amd64.deb	/home/aella/aws-discovery-focal-jammy-retry-20260831/upgrade-discovery/focal-to-jammy/runtime/deb-cache/6d/fa/6dfac0d349057afbae8ca4ab7eb764490815107739aae3882a35e03d8062a8a2	1186876	ef75d5dcea4aea5142e8b2b51b7c025836085cc8e58a154458434d2bd73635f4		1	proxy_access_log
focal-to-jammy	deb	manpages-dev_5.10-1ubuntu1_all.deb	http://ap-northeast-2.ec2.archive.ubuntu.com/ubuntu/pool/main/m/manpages/manpages-dev_5.10-1ubuntu1_all.deb	http://ap-northeast-2.ec2.archive.ubuntu.com/ubuntu/pool/main/m/manpages/manpages-dev_5.10-1ubuntu1_all.deb	/home/aella/aws-discovery-focal-jammy-retry-20260831/upgrade-discovery/focal-to-jammy/runtime/deb-cache/c3/30/c33009b13d11662f33444e7d49327cadcac39de17b32874f0d3e9403aaadffd4	2308800	0d4955fd9ea2d79a0b39c795f48ad413190b0d1d814606bf14186355e90f6e85		1	proxy_access_log
focal-to-jammy	deb	manpages_5.10-1ubuntu1_all.deb	http://ap-northeast-2.ec2.archive.ubuntu.com/ubuntu/pool/main/m/manpages/manpages_5.10-1ubuntu1_all.deb	http://ap-northeast-2.ec2.archive.ubuntu.com/ubuntu/pool/main/m/manpages/manpages_5.10-1ubuntu1_all.deb	/home/aella/aws-discovery-focal-jammy-retry-20260831/upgrade-discovery/focal-to-jammy/runtime/deb-cache/31/65/3165c904d48848e9e87b7e160fcf69b64df351a6ae463afd5c27c500ca0226e3	1375348	361d3b1fa2c57693b30d4e9e9f49f5e253331c545288abe6c99a33e2d9bef18a		1	proxy_access_log
focal-to-jammy	deb	mtr-tiny_0.95-1_amd64.deb	http://ap-northeast-2.ec2.archive.ubuntu.com/ubuntu/pool/main/m/mtr/mtr-tiny_0.95-1_amd64.deb	http://ap-northeast-2.ec2.archive.ubuntu.com/ubuntu/pool/main/m/mtr/mtr-tiny_0.95-1_amd64.deb	/home/aella/aws-discovery-focal-jammy-retry-20260831/upgrade-discovery/focal-to-jammy/runtime/deb-cache/da/f0/daf00002d94b9ddc5fd6c95a5a2d4dd6324ca299b5c3c1cff01b82e39b7f48e6	55668	4acae692571c4379619b3ba90b2a14458d9a5bf42f246db0f79bf0aa21dc898a		1	proxy_access_log
focal-to-jammy	deb	nano_6.2-1ubuntu0.2_amd64.deb	http://ap-northeast-2.ec2.archive.ubuntu.com/ubuntu/pool/main/n/nano/nano_6.2-1ubuntu0.2_amd64.deb	http://ap-northeast-2.ec2.archive.ubuntu.com/ubuntu/pool/main/n/nano/nano_6.2-1ubuntu0.2_amd64.deb	/home/aella/aws-discovery-focal-jammy-retry-20260831/upgrade-discovery/focal-to-jammy/runtime/deb-cache/22/23/22234eeaa8a57b0d886fba546ee6a73a7962651159ff0b642d68733b2e9e81b3	279832	e4b30ff5c2e0a35c03ea84dd98f60b040e57955c557f36236474148254c4308a		1	proxy_access_log
focal-to-jammy	deb	nftables_1.0.2-1ubuntu3.1_amd64.deb	http://ap-northeast-2.ec2.archive.ubuntu.com/ubuntu/pool/main/n/nftables/nftables_1.0.2-1ubuntu3.1_amd64.deb	http://ap-northeast-2.ec2.archive.ubuntu.com/ubuntu/pool/main/n/nftables/nftables_1.0.2-1ubuntu3.1_amd64.deb	/home/aella/aws-discovery-focal-jammy-retry-20260831/upgrade-discovery/focal-to-jammy/runtime/deb-cache/a3/9e/a39edfdd9323d228a800ca188018016e2da5d4bbabf880960c31ec4f4ead6aed	67202	a18cd9b477bc0277dc6a5190ca84131e0e0ff809283049e3c8f2e4e735d83f28		1	proxy_access_log
focal-to-jammy	deb	powermgmt-base_1.36ubuntu0.22.04.1_all.deb	http://ap-northeast-2.ec2.archive.ubuntu.com/ubuntu/pool/main/p/powermgmt-base/powermgmt-base_1.36ubuntu0.22.04.1_all.deb	http://ap-northeast-2.ec2.archive.ubuntu.com/ubuntu/pool/main/p/powermgmt-base/powermgmt-base_1.36ubuntu0.22.04.1_all.deb	/home/aella/aws-discovery-focal-jammy-retry-20260831/upgrade-discovery/focal-to-jammy/runtime/deb-cache/01/bf/01bf673888c13ea16efb721c43183c686ae625054bac82ad7496c3854e4a80b6	7736	99d15fa34b91b5e0dbffa97f4fca5b90bc327112596f89b6cc76318adbe053be		1	proxy_access_log
focal-to-jammy	deb	psmisc_23.4-2build3_amd64.deb	http://ap-northeast-2.ec2.archive.ubuntu.com/ubuntu/pool/main/p/psmisc/psmisc_23.4-2build3_amd64.deb	http://ap-northeast-2.ec2.archive.ubuntu.com/ubuntu/pool/main/p/psmisc/psmisc_23.4-2build3_amd64.deb	/home/aella/aws-discovery-focal-jammy-retry-20260831/upgrade-discovery/focal-to-jammy/runtime/deb-cache/f2/22/f2224806c6f8edb738513724daf23af017118649387091186197e743cab9ece6	119104	1a80865692d657a3244b69907baa3a59051848ccd373121f183de466689a2b81		1	proxy_access_log
focal-to-jammy	deb	publicsuffix_20211207.1025-1_all.deb	http://ap-northeast-2.ec2.archive.ubuntu.com/ubuntu/pool/main/p/publicsuffix/publicsuffix_20211207.1025-1_all.deb	http://ap-northeast-2.ec2.archive.ubuntu.com/ubuntu/pool/main/p/publicsuffix/publicsuffix_20211207.1025-1_all.deb	/home/aella/aws-discovery-focal-jammy-retry-20260831/upgrade-discovery/focal-to-jammy/runtime/deb-cache/32/ca/32ca58b4bddeebbc96124a02ffcb303d502de78bcd09b69592de3d063d407366	129480	15ae8ce4cddcf43f85639a837868e5baf820ea5b7a405f50054b9e273b8b5ef5		1	proxy_access_log
focal-to-jammy	deb	strace_5.16-0ubuntu3_amd64.deb	http://ap-northeast-2.ec2.archive.ubuntu.com/ubuntu/pool/main/s/strace/strace_5.16-0ubuntu3_amd64.deb	http://ap-northeast-2.ec2.archive.ubuntu.com/ubuntu/pool/main/s/strace/strace_5.16-0ubuntu3_amd64.deb	/home/aella/aws-discovery-focal-jammy-retry-20260831/upgrade-discovery/focal-to-jammy/runtime/deb-cache/a7/f4/a7f47b961e45b84aded6e0f3b838069e2159a02a066b869577bdd9201011791b	566994	847a3535be015325f127f121d2ea5ac042b32bd20a5861a94cb7782b09857b1f		1	proxy_access_log
focal-to-jammy	deb	tcpdump_4.99.1-3ubuntu0.2_amd64.deb	http://ap-northeast-2.ec2.archive.ubuntu.com/ubuntu/pool/main/t/tcpdump/tcpdump_4.99.1-3ubuntu0.2_amd64.deb	http://ap-northeast-2.ec2.archive.ubuntu.com/ubuntu/pool/main/t/tcpdump/tcpdump_4.99.1-3ubuntu0.2_amd64.deb	/home/aella/aws-discovery-focal-jammy-retry-20260831/upgrade-discovery/focal-to-jammy/runtime/deb-cache/ea/64/ea64c4418eeb6493ba90a401916e36ac4f29dd69837c89311b00d3f5ad514012	501464	99d9b69491ed37afd3d3ce2fad50637a6659a12a2ac6c7df8ffc13c1bc9cc871		1	proxy_access_log
focal-to-jammy	deb	telnet_0.17-44build1_amd64.deb	http://ap-northeast-2.ec2.archive.ubuntu.com/ubuntu/pool/main/n/netkit-telnet/telnet_0.17-44build1_amd64.deb	http://ap-northeast-2.ec2.archive.ubuntu.com/ubuntu/pool/main/n/netkit-telnet/telnet_0.17-44build1_amd64.deb	/home/aella/aws-discovery-focal-jammy-retry-20260831/upgrade-discovery/focal-to-jammy/runtime/deb-cache/7d/6a/7d6a89b1d1b056c2698850db9bad2eca09b57941ed2735efdb11c0343c4f2cbf	66948	96daeef97f2a42d64aa8fec930340835655cd9df3f105613ca7a7405ba9b51be		1	proxy_access_log
focal-to-jammy	deb	time_1.9-0.1build2_amd64.deb	http://ap-northeast-2.ec2.archive.ubuntu.com/ubuntu/pool/main/t/time/time_1.9-0.1build2_amd64.deb	http://ap-northeast-2.ec2.archive.ubuntu.com/ubuntu/pool/main/t/time/time_1.9-0.1build2_amd64.deb	/home/aella/aws-discovery-focal-jammy-retry-20260831/upgrade-discovery/focal-to-jammy/runtime/deb-cache/ea/62/ea62f6f7d056121508167d7ec8e68ea583b9e6f8f6ee68544877bb3a39cb610a	46672	ec6009fa2e3931fb2c0046668c828e9ee87a1ccc154239ea7a2925301ff4d518		1	proxy_access_log
focal-to-jammy	deb	usb.ids_2022.04.02-1_all.deb	http://ap-northeast-2.ec2.archive.ubuntu.com/ubuntu/pool/main/u/usb.ids/usb.ids_2022.04.02-1_all.deb	http://ap-northeast-2.ec2.archive.ubuntu.com/ubuntu/pool/main/u/usb.ids/usb.ids_2022.04.02-1_all.deb	/home/aella/aws-discovery-focal-jammy-retry-20260831/upgrade-discovery/focal-to-jammy/runtime/deb-cache/1a/fe/1afe055b9bd090fbfbadf5b87da3ff0927f8eb7e29c258ef828aa8b226c01b0a	218682	52de19e9fe5b318793cc663daeb2be7b22a66922581216f2f9ed190f4389315f		1	proxy_access_log
focal-to-jammy	deb	usbutils_014-1build1_amd64.deb	http://ap-northeast-2.ec2.archive.ubuntu.com/ubuntu/pool/main/u/usbutils/usbutils_014-1build1_amd64.deb	http://ap-northeast-2.ec2.archive.ubuntu.com/ubuntu/pool/main/u/usbutils/usbutils_014-1build1_amd64.deb	/home/aella/aws-discovery-focal-jammy-retry-20260831/upgrade-discovery/focal-to-jammy/runtime/deb-cache/d7/e6/d7e62a1fa14708f1643b6d1391f095d37eb754847a771b0850233aa09ca695db	85558	6b8809fb7d070a2d5ada653bff8a812d26b84364c46188e21ffe15f743f3d054		1	proxy_access_log
focal-to-jammy	deb	ubuntu-standard_1.481.5_amd64.deb	http://ap-northeast-2.ec2.archive.ubuntu.com/ubuntu/pool/main/u/ubuntu-meta/ubuntu-standard_1.481.5_amd64.deb	http://ap-northeast-2.ec2.archive.ubuntu.com/ubuntu/pool/main/u/ubuntu-meta/ubuntu-standard_1.481.5_amd64.deb	/home/aella/aws-discovery-focal-jammy-retry-20260831/upgrade-discovery/focal-to-jammy/runtime/deb-cache/24/6b/246b321d4fdde120fa6656ab7c48670eeca6473b70966995adb94f42aafd71c1	2920	016d0a721ec9c449004ba94f81ad3a49d1c9b6d75b2a63041d180e66a29846e4		1	proxy_access_log
focal-to-jammy	deb	ufw_0.36.1-4ubuntu0.1_all.deb	http://ap-northeast-2.ec2.archive.ubuntu.com/ubuntu/pool/main/u/ufw/ufw_0.36.1-4ubuntu0.1_all.deb	http://ap-northeast-2.ec2.archive.ubuntu.com/ubuntu/pool/main/u/ufw/ufw_0.36.1-4ubuntu0.1_all.deb	/home/aella/aws-discovery-focal-jammy-retry-20260831/upgrade-discovery/focal-to-jammy/runtime/deb-cache/04/91/0491eb16a90fb94ae8a7c9774fbf51a814ef23aa9f217faadaa77fa8ae82fc8d	162368	24d8307789d20fe5220f1fccbefa37a6f3d72403229dead6a5d9e71a8e828ad4		1	proxy_access_log
focal-to-jammy	deb	xauth_1.1-1build2_amd64.deb	http://ap-northeast-2.ec2.archive.ubuntu.com/ubuntu/pool/main/x/xauth/xauth_1.1-1build2_amd64.deb	http://ap-northeast-2.ec2.archive.ubuntu.com/ubuntu/pool/main/x/xauth/xauth_1.1-1build2_amd64.deb	/home/aella/aws-discovery-focal-jammy-retry-20260831/upgrade-discovery/focal-to-jammy/runtime/deb-cache/fa/17/fa17b4b9d07d2763ece8e0b8c49ed800584aaa6b04e3a5a6312df515189a8705	27480	c07b2db452dd76a19978c0819dddb167efa8b666249173a884196f71bab2fdd4		1	proxy_access_log
focal-to-jammy	deb	alsa-topology-conf_1.2.5.1-2_all.deb	http://ap-northeast-2.ec2.archive.ubuntu.com/ubuntu/pool/main/a/alsa-topology-conf/alsa-topology-conf_1.2.5.1-2_all.deb	http://ap-northeast-2.ec2.archive.ubuntu.com/ubuntu/pool/main/a/alsa-topology-conf/alsa-topology-conf_1.2.5.1-2_all.deb	/home/aella/aws-discovery-focal-jammy-retry-20260831/upgrade-discovery/focal-to-jammy/runtime/deb-cache/87/87/8787fef726bbaed1b107c682d405c5cd3d3c46eeb2d91f55341762944752386e	15542	e5109a16bd0aa0eb08a8d0e3862d7f2f223cce0741cf4167eb56fafcc7ba8f35		1	proxy_access_log
focal-to-jammy	deb	libasound2_1.2.6.1-1ubuntu1.2_amd64.deb	http://ap-northeast-2.ec2.archive.ubuntu.com/ubuntu/pool/main/a/alsa-lib/libasound2_1.2.6.1-1ubuntu1.2_amd64.deb	http://ap-northeast-2.ec2.archive.ubuntu.com/ubuntu/pool/main/a/alsa-lib/libasound2_1.2.6.1-1ubuntu1.2_amd64.deb	/home/aella/aws-discovery-focal-jammy-retry-20260831/upgrade-discovery/focal-to-jammy/runtime/deb-cache/c1/55/c15576dccbe964ecc93a86bbfb93a994e1337140d78623bb07091f3526826f79	390788	dce4ce1043cde35f4bc375a4b1bd84badd5dec7e656ea2a8849edf9215bc8c33		1	proxy_access_log
focal-to-jammy	deb	libasound2-data_1.2.6.1-1ubuntu1.2_all.deb	http://ap-northeast-2.ec2.archive.ubuntu.com/ubuntu/pool/main/a/alsa-lib/libasound2-data_1.2.6.1-1ubuntu1.2_all.deb	http://ap-northeast-2.ec2.archive.ubuntu.com/ubuntu/pool/main/a/alsa-lib/libasound2-data_1.2.6.1-1ubuntu1.2_all.deb	/home/aella/aws-discovery-focal-jammy-retry-20260831/upgrade-discovery/focal-to-jammy/runtime/deb-cache/36/50/3650b977dffc18a225836dded09bc66809742b9eed0521b508830f0ccb5c97df	19318	e175a0617ae4a35667a9cf159ee5ee226d09ad43ed7719b721a7ea797974f65c		1	proxy_access_log
focal-to-jammy	deb	alsa-ucm-conf_1.2.6.3-1ubuntu1.12_all.deb	http://ap-northeast-2.ec2.archive.ubuntu.com/ubuntu/pool/main/a/alsa-ucm-conf/alsa-ucm-conf_1.2.6.3-1ubuntu1.12_all.deb	http://ap-northeast-2.ec2.archive.ubuntu.com/ubuntu/pool/main/a/alsa-ucm-conf/alsa-ucm-conf_1.2.6.3-1ubuntu1.12_all.deb	/home/aella/aws-discovery-focal-jammy-retry-20260831/upgrade-discovery/focal-to-jammy/runtime/deb-cache/6c/ab/6cab95676b120f9417a4394f9cbb5371e9e43adbe6498160cfe4e9379ca73b39	43498	132a90f6b6597b02d45e0ac5d16eb525f0fd10320b4ed4b32db5af97973e53f2		1	proxy_access_log
focal-to-jammy	deb	libaprutil1_1.6.1-5ubuntu4.22.04.2_amd64.deb	http://ap-northeast-2.ec2.archive.ubuntu.com/ubuntu/pool/main/a/apr-util/libaprutil1_1.6.1-5ubuntu4.22.04.2_amd64.deb	http://ap-northeast-2.ec2.archive.ubuntu.com/ubuntu/pool/main/a/apr-util/libaprutil1_1.6.1-5ubuntu4.22.04.2_amd64.deb	/home/aella/aws-discovery-focal-jammy-retry-20260831/upgrade-discovery/focal-to-jammy/runtime/deb-cache/0b/ca/0bcaf0afe5b9942ec308b9895a9531c637166865b3c2b37ac1299583d7be1164	92758	827a90798fa6270e7f0a749173359885951a8e041ea9bac5700282a23623ef6f		1	proxy_access_log
focal-to-jammy	deb	libapr1_1.7.0-8ubuntu0.22.04.2_amd64.deb	http://ap-northeast-2.ec2.archive.ubuntu.com/ubuntu/pool/main/a/apr/libapr1_1.7.0-8ubuntu0.22.04.2_amd64.deb	http://ap-northeast-2.ec2.archive.ubuntu.com/ubuntu/pool/main/a/apr/libapr1_1.7.0-8ubuntu0.22.04.2_amd64.deb	/home/aella/aws-discovery-focal-jammy-retry-20260831/upgrade-discovery/focal-to-jammy/runtime/deb-cache/13/9b/139b8f7bd1799c952eeb1aa516541454632c49ffaec9f151bf5e1c7119e131fc	107990	09bd56f5f44013754ebed4ba87b9835f7df80762389bd4996c03506507de26f1		1	proxy_access_log
focal-to-jammy	deb	apache2-utils_2.4.52-1ubuntu4.23_amd64.deb	http://ap-northeast-2.ec2.archive.ubuntu.com/ubuntu/pool/main/a/apache2/apache2-utils_2.4.52-1ubuntu4.23_amd64.deb	http://ap-northeast-2.ec2.archive.ubuntu.com/ubuntu/pool/main/a/apache2/apache2-utils_2.4.52-1ubuntu4.23_amd64.deb	/home/aella/aws-discovery-focal-jammy-retry-20260831/upgrade-discovery/focal-to-jammy/runtime/deb-cache/ac/63/ac63de7ea5e78d5d9ba2c378d5b5a51bc57a3906dd1c7e40771c3963c1f73666	90086	50c3637db69ed9e342b4f21a9c3a5f09b2826648894b4811ce21651f9bcabc32		1	proxy_access_log
focal-to-jammy	deb	apport-symptoms_0.24_all.deb	http://ap-northeast-2.ec2.archive.ubuntu.com/ubuntu/pool/main/a/apport-symptoms/apport-symptoms_0.24_all.deb	http://ap-northeast-2.ec2.archive.ubuntu.com/ubuntu/pool/main/a/apport-symptoms/apport-symptoms_0.24_all.deb	/home/aella/aws-discovery-focal-jammy-retry-20260831/upgrade-discovery/focal-to-jammy/runtime/deb-cache/24/0f/240f72aec4852a27a70deba32d388d662a3140b115837e6e7e9e9ecde66f5f88	13532	ba859cb315484a42eb27ab6461c51aef203438c59ee5c1185f08a6ee8be56256		1	proxy_access_log
focal-to-jammy	deb	apt-transport-https_2.4.14_all.deb	http://ap-northeast-2.ec2.archive.ubuntu.com/ubuntu/pool/universe/a/apt/apt-transport-https_2.4.14_all.deb	http://ap-northeast-2.ec2.archive.ubuntu.com/ubuntu/pool/universe/a/apt/apt-transport-https_2.4.14_all.deb	/home/aella/aws-discovery-focal-jammy-retry-20260831/upgrade-discovery/focal-to-jammy/runtime/deb-cache/5a/2a/5a2aa0b2656da2c173d6b319e3ea777336b7d22f7287c6836c2867c54058ead1	1510	a29547cd065f61ac6590f4a126d126d92589b190e6c990f1d0aeb207e36a92cf		1	proxy_access_log
focal-to-jammy	deb	at_3.2.5-1ubuntu1_amd64.deb	http://ap-northeast-2.ec2.archive.ubuntu.com/ubuntu/pool/universe/a/at/at_3.2.5-1ubuntu1_amd64.deb	http://ap-northeast-2.ec2.archive.ubuntu.com/ubuntu/pool/universe/a/at/at_3.2.5-1ubuntu1_amd64.deb	/home/aella/aws-discovery-focal-jammy-retry-20260831/upgrade-discovery/focal-to-jammy/runtime/deb-cache/23/37/2337b073c8f8f10d0ce12a4e50e2fcd13b458e3f0f95cf3f99543734650dc9c1	41108	80f4d4968c9af8a1b844afbfb3747465850b1dbdf4b1516436a614169e44edaa		1	proxy_access_log
focal-to-jammy	deb	bc_1.07.1-3build1_amd64.deb	http://ap-northeast-2.ec2.archive.ubuntu.com/ubuntu/pool/main/b/bc/bc_1.07.1-3build1_amd64.deb	http://ap-northeast-2.ec2.archive.ubuntu.com/ubuntu/pool/main/b/bc/bc_1.07.1-3build1_amd64.deb	/home/aella/aws-discovery-focal-jammy-retry-20260831/upgrade-discovery/focal-to-jammy/runtime/deb-cache/8f/58/8f5845c7951a9f08176955559eb66a685c9cb4d9627ac485f3cc906c615344f3	87638	928e0bd1f8b3718be0271ab25d6b95902bdc63fdba0bfc15e078e243ba74aab8		1	proxy_access_log
focal-to-jammy	deb	bolt_0.9.2-1_amd64.deb	http://ap-northeast-2.ec2.archive.ubuntu.com/ubuntu/pool/main/b/bolt/bolt_0.9.2-1_amd64.deb	http://ap-northeast-2.ec2.archive.ubuntu.com/ubuntu/pool/main/b/bolt/bolt_0.9.2-1_amd64.deb	/home/aella/aws-discovery-focal-jammy-retry-20260831/upgrade-discovery/focal-to-jammy/runtime/deb-cache/3f/53/3f5382b31b3fd8aae30ee5c09f6d4b600fb61b253dfd9dc8804424d1f620f7dc	150520	b12c6b1a09b4325b01db75f1c71d2904c2dd66804857e75188e9a5432feec61f		1	proxy_access_log
focal-to-jammy	deb	gcc-11-base_11.4.0-1ubuntu1%7e22.04.3_amd64.deb	http://ap-northeast-2.ec2.archive.ubuntu.com/ubuntu/pool/main/g/gcc-11/gcc-11-base_11.4.0-1ubuntu1%7e22.04.3_amd64.deb	http://ap-northeast-2.ec2.archive.ubuntu.com/ubuntu/pool/main/g/gcc-11/gcc-11-base_11.4.0-1ubuntu1%7e22.04.3_amd64.deb	/home/aella/aws-discovery-focal-jammy-retry-20260831/upgrade-discovery/focal-to-jammy/runtime/deb-cache/ad/c1/adc1e7b82abc03feb6e2328418e24365b7b3f66b636183d90f6dbd8d55d59923	215826	a0445a3889fd4441cc3b3a125d6d1589de3d2628ca4e92a352170ed0fea4d18b		1	proxy_access_log
focal-to-jammy	deb	libisl23_0.24-2build1_amd64.deb	http://ap-northeast-2.ec2.archive.ubuntu.com/ubuntu/pool/main/i/isl/libisl23_0.24-2build1_amd64.deb	http://ap-northeast-2.ec2.archive.ubuntu.com/ubuntu/pool/main/i/isl/libisl23_0.24-2build1_amd64.deb	/home/aella/aws-discovery-focal-jammy-retry-20260831/upgrade-discovery/focal-to-jammy/runtime/deb-cache/c4/02/c402b698594894ff2cc49896cdcfd2acca62bc270bf5b3b16fd15028628100c1	726854	4cb0faab32c896165cf4ebe3c3ebce3176bf869453636d7fe8be89dccc2ae5af		1	proxy_access_log
focal-to-jammy	deb	libmpfr6_4.1.0-3build3_amd64.deb	http://ap-northeast-2.ec2.archive.ubuntu.com/ubuntu/pool/main/m/mpfr4/libmpfr6_4.1.0-3build3_amd64.deb	http://ap-northeast-2.ec2.archive.ubuntu.com/ubuntu/pool/main/m/mpfr4/libmpfr6_4.1.0-3build3_amd64.deb	/home/aella/aws-discovery-focal-jammy-retry-20260831/upgrade-discovery/focal-to-jammy/runtime/deb-cache/b9/b9/b9b98e0fc063bb36a44dbe33469138a5b06529bd1c7c2c0786d36a42232f6d81	1424734	ffdc36247e5fc96ba3fca5a9448856c9327e93631ce5646acd9fffd286d10de3		1	proxy_access_log
focal-to-jammy	deb	libmpc3_1.2.1-2build1_amd64.deb	http://ap-northeast-2.ec2.archive.ubuntu.com/ubuntu/pool/main/m/mpclib3/libmpc3_1.2.1-2build1_amd64.deb	http://ap-northeast-2.ec2.archive.ubuntu.com/ubuntu/pool/main/m/mpclib3/libmpc3_1.2.1-2build1_amd64.deb	/home/aella/aws-discovery-focal-jammy-retry-20260831/upgrade-discovery/focal-to-jammy/runtime/deb-cache/8c/7c/8c7c8264faa742043b060f77f714fd9b179795f869dec567d70ca9a532e9fc4a	46868	6cd43b60ac14890737a3402a35350d6696bc1521de8731cdecc9e7ef10041446		1	proxy_access_log
focal-to-jammy	deb	cpp-11_11.4.0-1ubuntu1%7e22.04.3_amd64.deb	http://ap-northeast-2.ec2.archive.ubuntu.com/ubuntu/pool/main/g/gcc-11/cpp-11_11.4.0-1ubuntu1%7e22.04.3_amd64.deb	http://ap-northeast-2.ec2.archive.ubuntu.com/ubuntu/pool/main/g/gcc-11/cpp-11_11.4.0-1ubuntu1%7e22.04.3_amd64.deb	/home/aella/aws-discovery-focal-jammy-retry-20260831/upgrade-discovery/focal-to-jammy/runtime/deb-cache/4c/26/4c2644dbd9ba2e3918d5939a874e20fd8c7e6b52da814910292919ff42b392fb	10000304	5243177370b810cc40341801a3b8def6cdd7477ac765862f7727a868629947a3		1	proxy_access_log
focal-to-jammy	deb	g%2b%2b_11.2.0-1ubuntu1_amd64.deb	http://ap-northeast-2.ec2.archive.ubuntu.com/ubuntu/pool/main/g/gcc-defaults/g%2b%2b_11.2.0-1ubuntu1_amd64.deb	http://ap-northeast-2.ec2.archive.ubuntu.com/ubuntu/pool/main/g/gcc-defaults/g%2b%2b_11.2.0-1ubuntu1_amd64.deb	/home/aella/aws-discovery-focal-jammy-retry-20260831/upgrade-discovery/focal-to-jammy/runtime/deb-cache/2e/c5/2ec53209256b13cc42d530555329c514f0ed048c233b67baa0b49a5f4b28c06d	1412	693080e6d1648f521183c1fa5fcfdd2d357a87f5872511ec12792d9dfe1effdb		1	proxy_access_log
focal-to-jammy	deb	gcc_11.2.0-1ubuntu1_amd64.deb	http://ap-northeast-2.ec2.archive.ubuntu.com/ubuntu/pool/main/g/gcc-defaults/gcc_11.2.0-1ubuntu1_amd64.deb	http://ap-northeast-2.ec2.archive.ubuntu.com/ubuntu/pool/main/g/gcc-defaults/gcc_11.2.0-1ubuntu1_amd64.deb	/home/aella/aws-discovery-focal-jammy-retry-20260831/upgrade-discovery/focal-to-jammy/runtime/deb-cache/c7/01/c701f0bcdd827683cc35ef05e467a1ef6d59259d512a3fa1d272858076ee8632	5112	be895c1a9611905254f818c41092f147f5f2a566f87f1817b5c36d977020bea7		1	proxy_access_log
focal-to-jammy	deb	cpp_11.2.0-1ubuntu1_amd64.deb	http://ap-northeast-2.ec2.archive.ubuntu.com/ubuntu/pool/main/g/gcc-defaults/cpp_11.2.0-1ubuntu1_amd64.deb	http://ap-northeast-2.ec2.archive.ubuntu.com/ubuntu/pool/main/g/gcc-defaults/cpp_11.2.0-1ubuntu1_amd64.deb	/home/aella/aws-discovery-focal-jammy-retry-20260831/upgrade-discovery/focal-to-jammy/runtime/deb-cache/26/98/2698f2c7a5c6ddfa306df0a77b943ab767a2e5d88d601fa0ff006c72c96b1e20	27700	44f881cf66bfaac163a6c45b4bfb5e79a40780b96af78bec6e9c58f973b8d7bd		1	proxy_access_log
focal-to-jammy	deb	libcc1-0_12.3.0-1ubuntu1%7e22.04.3_amd64.deb	http://ap-northeast-2.ec2.archive.ubuntu.com/ubuntu/pool/main/g/gcc-12/libcc1-0_12.3.0-1ubuntu1%7e22.04.3_amd64.deb	http://ap-northeast-2.ec2.archive.ubuntu.com/ubuntu/pool/main/g/gcc-12/libcc1-0_12.3.0-1ubuntu1%7e22.04.3_amd64.deb	/home/aella/aws-discovery-focal-jammy-retry-20260831/upgrade-discovery/focal-to-jammy/runtime/deb-cache/37/54/375421371983bd1e8e432e0e74585033e47356b9c532a3c69defd6b929da85bf	48290	749e0fd1732df5d79af17c472dfa8f91a36fcc8d6dd5baff3f999192f7aa4357		1	proxy_access_log
focal-to-jammy	deb	libtsan0_11.4.0-1ubuntu1%7e22.04.3_amd64.deb	http://ap-northeast-2.ec2.archive.ubuntu.com/ubuntu/pool/main/g/gcc-11/libtsan0_11.4.0-1ubuntu1%7e22.04.3_amd64.deb	http://ap-northeast-2.ec2.archive.ubuntu.com/ubuntu/pool/main/g/gcc-11/libtsan0_11.4.0-1ubuntu1%7e22.04.3_amd64.deb	/home/aella/aws-discovery-focal-jammy-retry-20260831/upgrade-discovery/focal-to-jammy/runtime/deb-cache/1b/3b/1b3b986323aa23db23af71cc73f12c47e18365c4d92f3f03676bebeb45e20955	2259536	2fc0cb78e86d4635c8ed17f4a2816762050c48cb928df739bbe145dfb472957a		1	proxy_access_log
focal-to-jammy	deb	libgomp1_12.3.0-1ubuntu1%7e22.04.3_amd64.deb	http://ap-northeast-2.ec2.archive.ubuntu.com/ubuntu/pool/main/g/gcc-12/libgomp1_12.3.0-1ubuntu1%7e22.04.3_amd64.deb	http://ap-northeast-2.ec2.archive.ubuntu.com/ubuntu/pool/main/g/gcc-12/libgomp1_12.3.0-1ubuntu1%7e22.04.3_amd64.deb	/home/aella/aws-discovery-focal-jammy-retry-20260831/upgrade-discovery/focal-to-jammy/runtime/deb-cache/eb/bc/ebbc45930a6632a37c4f451151e7633c978e24c7743f590a770bf71c5d5b56e3	126570	870c27299185a5dd4accad3b15bf82a7409fd7073cccaa8025875307da4d0ce2		1	proxy_access_log
focal-to-jammy	deb	libitm1_12.3.0-1ubuntu1%7e22.04.3_amd64.deb	http://ap-northeast-2.ec2.archive.ubuntu.com/ubuntu/pool/main/g/gcc-12/libitm1_12.3.0-1ubuntu1%7e22.04.3_amd64.deb	http://ap-northeast-2.ec2.archive.ubuntu.com/ubuntu/pool/main/g/gcc-12/libitm1_12.3.0-1ubuntu1%7e22.04.3_amd64.deb	/home/aella/aws-discovery-focal-jammy-retry-20260831/upgrade-discovery/focal-to-jammy/runtime/deb-cache/33/35/3335bc97b0fc784bdd3d37c6012bb4b057f9c49de29c832b7b68276b695e7618	30160	80f42953fa98d3ef9d49c2fd8c580bea40e1ace953eb8850bc961eef59f211c2		1	proxy_access_log
focal-to-jammy	deb	libatomic1_12.3.0-1ubuntu1%7e22.04.3_amd64.deb	http://ap-northeast-2.ec2.archive.ubuntu.com/ubuntu/pool/main/g/gcc-12/libatomic1_12.3.0-1ubuntu1%7e22.04.3_amd64.deb	http://ap-northeast-2.ec2.archive.ubuntu.com/ubuntu/pool/main/g/gcc-12/libatomic1_12.3.0-1ubuntu1%7e22.04.3_amd64.deb	/home/aella/aws-discovery-focal-jammy-retry-20260831/upgrade-discovery/focal-to-jammy/runtime/deb-cache/45/38/4538e7a1b12d3aaca27acd178efe4468a3146fd1881df398aa3893986955132e	10470	56573c81b5dd84817882400cfea49fe671f5e6cfdd0f88b5d3a894c08b150462		1	proxy_access_log
focal-to-jammy	deb	libasan6_11.4.0-1ubuntu1%7e22.04.3_amd64.deb	http://ap-northeast-2.ec2.archive.ubuntu.com/ubuntu/pool/main/g/gcc-11/libasan6_11.4.0-1ubuntu1%7e22.04.3_amd64.deb	http://ap-northeast-2.ec2.archive.ubuntu.com/ubuntu/pool/main/g/gcc-11/libasan6_11.4.0-1ubuntu1%7e22.04.3_amd64.deb	/home/aella/aws-discovery-focal-jammy-retry-20260831/upgrade-discovery/focal-to-jammy/runtime/deb-cache/21/62/21624d1dc8af29de6b9c65e50a8c7a995f83b736c9cf9bf5ab6ef5a86b8ced95	2283168	eb98f62bf6c7234132beab59113c249db40acfbd1c9965308ee612de1a6e819e		1	proxy_access_log
focal-to-jammy	deb	liblsan0_12.3.0-1ubuntu1%7e22.04.3_amd64.deb	http://ap-northeast-2.ec2.archive.ubuntu.com/ubuntu/pool/main/g/gcc-12/liblsan0_12.3.0-1ubuntu1%7e22.04.3_amd64.deb	http://ap-northeast-2.ec2.archive.ubuntu.com/ubuntu/pool/main/g/gcc-12/liblsan0_12.3.0-1ubuntu1%7e22.04.3_amd64.deb	/home/aella/aws-discovery-focal-jammy-retry-20260831/upgrade-discovery/focal-to-jammy/runtime/deb-cache/b5/99/b5999c0505939b99dc97e6c1f4af396d2cb2ff109d0c924084657a3374b57de9	1068998	c308b0e39678a00b3ad3a9653119af4a29156e2c385111bdbd4890c96d376fa4		1	proxy_access_log
focal-to-jammy	deb	libubsan1_12.3.0-1ubuntu1%7e22.04.3_amd64.deb	http://ap-northeast-2.ec2.archive.ubuntu.com/ubuntu/pool/main/g/gcc-12/libubsan1_12.3.0-1ubuntu1%7e22.04.3_amd64.deb	http://ap-northeast-2.ec2.archive.ubuntu.com/ubuntu/pool/main/g/gcc-12/libubsan1_12.3.0-1ubuntu1%7e22.04.3_amd64.deb	/home/aella/aws-discovery-focal-jammy-retry-20260831/upgrade-discovery/focal-to-jammy/runtime/deb-cache/8f/3c/8f3cf2e8ecd9909328dd187c807d28e945d0325a4bbb14677392cd8621ebdde2	976076	9e2669c014d5df3c486bf29cd18a6ec3cbed68355c366e32757fdc98d290f593		1	proxy_access_log
focal-to-jammy	deb	libquadmath0_12.3.0-1ubuntu1%7e22.04.3_amd64.deb	http://ap-northeast-2.ec2.archive.ubuntu.com/ubuntu/pool/main/g/gcc-12/libquadmath0_12.3.0-1ubuntu1%7e22.04.3_amd64.deb	http://ap-northeast-2.ec2.archive.ubuntu.com/ubuntu/pool/main/g/gcc-12/libquadmath0_12.3.0-1ubuntu1%7e22.04.3_amd64.deb	/home/aella/aws-discovery-focal-jammy-retry-20260831/upgrade-discovery/focal-to-jammy/runtime/deb-cache/92/e6/92e65ee8ef021e631d71977fca55cb22a783cd68c26e36e2ce962752728ad954	153976	c4c59e67e76674c8c494ce5e0415b71d770a759b48893c0d3cbabddceeb690b2		1	proxy_access_log
focal-to-jammy	deb	libgcc-11-dev_11.4.0-1ubuntu1%7e22.04.3_amd64.deb	http://ap-northeast-2.ec2.archive.ubuntu.com/ubuntu/pool/main/g/gcc-11/libgcc-11-dev_11.4.0-1ubuntu1%7e22.04.3_amd64.deb	http://ap-northeast-2.ec2.archive.ubuntu.com/ubuntu/pool/main/g/gcc-11/libgcc-11-dev_11.4.0-1ubuntu1%7e22.04.3_amd64.deb	/home/aella/aws-discovery-focal-jammy-retry-20260831/upgrade-discovery/focal-to-jammy/runtime/deb-cache/78/7f/787fd49ae4add43aafbb55eaf96d2e0e77a60df55420d37de19f9944bfdac6e6	2517422	35ed68622daf796ac010f63c73abd8aff851fc6d862038461b053b55dbec93a6		1	proxy_access_log
focal-to-jammy	deb	gcc-11_11.4.0-1ubuntu1%7e22.04.3_amd64.deb	http://ap-northeast-2.ec2.archive.ubuntu.com/ubuntu/pool/main/g/gcc-11/gcc-11_11.4.0-1ubuntu1%7e22.04.3_amd64.deb	http://ap-northeast-2.ec2.archive.ubuntu.com/ubuntu/pool/main/g/gcc-11/gcc-11_11.4.0-1ubuntu1%7e22.04.3_amd64.deb	/home/aella/aws-discovery-focal-jammy-retry-20260831/upgrade-discovery/focal-to-jammy/runtime/deb-cache/ee/e6/eee6952ed430c801b88e8b676ee7de578cf4cb09c2808d05dfbff7301b7d997f	20143406	5422307110e695d62a2574c8b765bf38d48b2ed520206e5b7d2b9081a68008f3		1	proxy_access_log
focal-to-jammy	deb	libstdc%2b%2b-11-dev_11.4.0-1ubuntu1%7e22.04.3_amd64.deb	http://ap-northeast-2.ec2.archive.ubuntu.com/ubuntu/pool/main/g/gcc-11/libstdc%2b%2b-11-dev_11.4.0-1ubuntu1%7e22.04.3_amd64.deb	http://ap-northeast-2.ec2.archive.ubuntu.com/ubuntu/pool/main/g/gcc-11/libstdc%2b%2b-11-dev_11.4.0-1ubuntu1%7e22.04.3_amd64.deb	/home/aella/aws-discovery-focal-jammy-retry-20260831/upgrade-discovery/focal-to-jammy/runtime/deb-cache/67/2c/672c401b09d38c3dba2f5481b9771c45980d4f24c25840c56e979ed0124ade30	2100928	58e0cd2d1f758e75426eaa47a5e7228d1c86180500ed68d162bcbf7b0a1c5dd0		1	proxy_access_log
focal-to-jammy	deb	g%2b%2b-11_11.4.0-1ubuntu1%7e22.04.3_amd64.deb	http://ap-northeast-2.ec2.archive.ubuntu.com/ubuntu/pool/main/g/gcc-11/g%2b%2b-11_11.4.0-1ubuntu1%7e22.04.3_amd64.deb	http://ap-northeast-2.ec2.archive.ubuntu.com/ubuntu/pool/main/g/gcc-11/g%2b%2b-11_11.4.0-1ubuntu1%7e22.04.3_amd64.deb	/home/aella/aws-discovery-focal-jammy-retry-20260831/upgrade-discovery/focal-to-jammy/runtime/deb-cache/52/00/5200f2b99ddf60c41158f6d328c43daec7569179b53cd1261448f66be414d5e1	11424396	ddbaa04f056637caa11798750638bf4586c8b273719fd1bee70d0ecb3d872b94		1	proxy_access_log
focal-to-jammy	deb	build-essential_12.9ubuntu3_amd64.deb	http://ap-northeast-2.ec2.archive.ubuntu.com/ubuntu/pool/main/b/build-essential/build-essential_12.9ubuntu3_amd64.deb	http://ap-northeast-2.ec2.archive.ubuntu.com/ubuntu/pool/main/b/build-essential/build-essential_12.9ubuntu3_amd64.deb	/home/aella/aws-discovery-focal-jammy-retry-20260831/upgrade-discovery/focal-to-jammy/runtime/deb-cache/bd/70/bd701ac14d5038235052fca264f8e86a5fd64f6abce6aa5d38abc4a145b088c3	4744	1e464c41488d154b9f5ca19d2e9ac8b18913ae16e3dca713c3ba0223fae2cccc		1	proxy_access_log
focal-to-jammy	deb	conntrack_1.4.6-2build2_amd64.deb	http://ap-northeast-2.ec2.archive.ubuntu.com/ubuntu/pool/main/c/conntrack-tools/conntrack_1.4.6-2build2_amd64.deb	http://ap-northeast-2.ec2.archive.ubuntu.com/ubuntu/pool/main/c/conntrack-tools/conntrack_1.4.6-2build2_amd64.deb	/home/aella/aws-discovery-focal-jammy-retry-20260831/upgrade-discovery/focal-to-jammy/runtime/deb-cache/3d/2c/3d2c3c65b1051b5b7d1c08dc3f5f3de5a9bffc3cd5116b701455529c4331070c	33512	5a1cde0f56b3e5ccbf10b54cfec180abde8221a64eb703e2338241655d6cfe4a		1	proxy_access_log
focal-to-jammy	deb	runc_1.3.4-0ubuntu1%7e22.04.1_amd64.deb	http://ap-northeast-2.ec2.archive.ubuntu.com/ubuntu/pool/main/r/runc-app/runc_1.3.4-0ubuntu1%7e22.04.1_amd64.deb	http://ap-northeast-2.ec2.archive.ubuntu.com/ubuntu/pool/main/r/runc-app/runc_1.3.4-0ubuntu1%7e22.04.1_amd64.deb	/home/aella/aws-discovery-focal-jammy-retry-20260831/upgrade-discovery/focal-to-jammy/runtime/deb-cache/e8/d0/e8d0ea362ab52fd41547682288e0fa54a6e2fdcb6dedf7414c5e29ee2f806db9	9568750	1551d41d027969e141805f9687adcba746c332fa64e3c7ceb9261f842a33ff31		1	proxy_access_log
focal-to-jammy	deb	containerd_2.2.1-0ubuntu1%7e22.04.2_amd64.deb	http://ap-northeast-2.ec2.archive.ubuntu.com/ubuntu/pool/main/c/containerd-app/containerd_2.2.1-0ubuntu1%7e22.04.2_amd64.deb	http://ap-northeast-2.ec2.archive.ubuntu.com/ubuntu/pool/main/c/containerd-app/containerd_2.2.1-0ubuntu1%7e22.04.2_amd64.deb	/home/aella/aws-discovery-focal-jammy-retry-20260831/upgrade-discovery/focal-to-jammy/runtime/deb-cache/e4/c8/e4c85690966dc557fbf4feed338230e89bca2c9eeaa7691bc436196cd2bc70f7	28260218	08e309f0fb8ae6f798dc80e54f10e152c8dad6ee16ca6627805382fbb56cb5f1		1	proxy_access_log
focal-to-jammy	deb	libasan5_9.5.0-1ubuntu1%7e22.04.1_amd64.deb	http://ap-northeast-2.ec2.archive.ubuntu.com/ubuntu/pool/universe/g/gcc-9/libasan5_9.5.0-1ubuntu1%7e22.04.1_amd64.deb	http://ap-northeast-2.ec2.archive.ubuntu.com/ubuntu/pool/universe/g/gcc-9/libasan5_9.5.0-1ubuntu1%7e22.04.1_amd64.deb	/home/aella/aws-discovery-focal-jammy-retry-20260831/upgrade-discovery/focal-to-jammy/runtime/deb-cache/49/05/49056bc87dfe99596550201cc2190cf02430e5516f730cbfc2208d8adca4c3a8	3140718	7f8c1d5ac87170e79cbaf628afd6962566a9050c4bcf29d6a358a519ff4b68f4		1	proxy_access_log
focal-to-jammy	deb	g%2b%2b-9_9.5.0-1ubuntu1%7e22.04.1_amd64.deb	http://ap-northeast-2.ec2.archive.ubuntu.com/ubuntu/pool/universe/g/gcc-9/g%2b%2b-9_9.5.0-1ubuntu1%7e22.04.1_amd64.deb	http://ap-northeast-2.ec2.archive.ubuntu.com/ubuntu/pool/universe/g/gcc-9/g%2b%2b-9_9.5.0-1ubuntu1%7e22.04.1_amd64.deb	/home/aella/aws-discovery-focal-jammy-retry-20260831/upgrade-discovery/focal-to-jammy/runtime/deb-cache/ea/2a/ea2a2b7ad2351846e533adb572be0e8aa5cc77b23df7684ebd2fd13b0138cbac	11889038	4b6f0634a2ba234c02d1442cbf8ef515bc6ef97bc40da48bbe43557f270bb270		1	proxy_access_log
focal-to-jammy	deb	gcc-9_9.5.0-1ubuntu1%7e22.04.1_amd64.deb	http://ap-northeast-2.ec2.archive.ubuntu.com/ubuntu/pool/universe/g/gcc-9/gcc-9_9.5.0-1ubuntu1%7e22.04.1_amd64.deb	http://ap-northeast-2.ec2.archive.ubuntu.com/ubuntu/pool/universe/g/gcc-9/gcc-9_9.5.0-1ubuntu1%7e22.04.1_amd64.deb	/home/aella/aws-discovery-focal-jammy-retry-20260831/upgrade-discovery/focal-to-jammy/runtime/deb-cache/a8/38/a8386488ec941b26093ba7f7ffd3b9674378fc1b3339ea3f4c4f6d7cce50d206	11256890	0e72c5da58295ea927d555be30a2a381cdc9957a2f3308de02aec38b37710d8f		1	proxy_access_log
focal-to-jammy	deb	libstdc%2b%2b-9-dev_9.5.0-1ubuntu1%7e22.04.1_amd64.deb	http://ap-northeast-2.ec2.archive.ubuntu.com/ubuntu/pool/universe/g/gcc-9/libstdc%2b%2b-9-dev_9.5.0-1ubuntu1%7e22.04.1_amd64.deb	http://ap-northeast-2.ec2.archive.ubuntu.com/ubuntu/pool/universe/g/gcc-9/libstdc%2b%2b-9-dev_9.5.0-1ubuntu1%7e22.04.1_amd64.deb	/home/aella/aws-discovery-focal-jammy-retry-20260831/upgrade-discovery/focal-to-jammy/runtime/deb-cache/d6/59/d6595c00c96a7518b057a4003afe076faf70dd6db69a4dc4fd192631fa758052	1823712	571bad9eb7a33df2e5c96595b6c86242369fa4579963f08297000e98689d1314		1	proxy_access_log
focal-to-jammy	deb	libgcc-9-dev_9.5.0-1ubuntu1%7e22.04.1_amd64.deb	http://ap-northeast-2.ec2.archive.ubuntu.com/ubuntu/pool/universe/g/gcc-9/libgcc-9-dev_9.5.0-1ubuntu1%7e22.04.1_amd64.deb	http://ap-northeast-2.ec2.archive.ubuntu.com/ubuntu/pool/universe/g/gcc-9/libgcc-9-dev_9.5.0-1ubuntu1%7e22.04.1_amd64.deb	/home/aella/aws-discovery-focal-jammy-retry-20260831/upgrade-discovery/focal-to-jammy/runtime/deb-cache/c1/d7/c1d7ce4cb5735816c0af6a360e59f8b0e53a84f96a59e3d0f9841378a8134f17	2519924	38cc47385613128a906c6c36249d7253db997f818314f4f61aeb3253191ceccd		1	proxy_access_log
focal-to-jammy	deb	cpp-9_9.5.0-1ubuntu1%7e22.04.1_amd64.deb	http://ap-northeast-2.ec2.archive.ubuntu.com/ubuntu/pool/universe/g/gcc-9/cpp-9_9.5.0-1ubuntu1%7e22.04.1_amd64.deb	http://ap-northeast-2.ec2.archive.ubuntu.com/ubuntu/pool/universe/g/gcc-9/cpp-9_9.5.0-1ubuntu1%7e22.04.1_amd64.deb	/home/aella/aws-discovery-focal-jammy-retry-20260831/upgrade-discovery/focal-to-jammy/runtime/deb-cache/81/29/81292dd916d078bcb7aa80f5c4db19857bbc06807737c87dfa1c54fe2958c3c4	10562132	c57abb2ee7d1803700c7a4c4c00c07a9edfb1b92150a4e442bd424e9be8a9ebd		1	proxy_access_log
focal-to-jammy	deb	gcc-9-base_9.5.0-1ubuntu1%7e22.04.1_amd64.deb	http://ap-northeast-2.ec2.archive.ubuntu.com/ubuntu/pool/universe/g/gcc-9/gcc-9-base_9.5.0-1ubuntu1%7e22.04.1_amd64.deb	http://ap-northeast-2.ec2.archive.ubuntu.com/ubuntu/pool/universe/g/gcc-9/gcc-9-base_9.5.0-1ubuntu1%7e22.04.1_amd64.deb	/home/aella/aws-discovery-focal-jammy-retry-20260831/upgrade-discovery/focal-to-jammy/runtime/deb-cache/ca/a6/caa6b168bf2c96df74214aed3c48af9950f431b4728642821864a9ea4ed2eb45	203790	b19cfa77f112c8be0267115b4d7044b119b396aa75f97a0aa376868e1a7031bc		1	proxy_access_log
focal-to-jammy	deb	cryptsetup-run_2.4.3-1ubuntu1.3_all.deb	http://ap-northeast-2.ec2.archive.ubuntu.com/ubuntu/pool/universe/c/cryptsetup/cryptsetup-run_2.4.3-1ubuntu1.3_all.deb	http://ap-northeast-2.ec2.archive.ubuntu.com/ubuntu/pool/universe/c/cryptsetup/cryptsetup-run_2.4.3-1ubuntu1.3_all.deb	/home/aella/aws-discovery-focal-jammy-retry-20260831/upgrade-discovery/focal-to-jammy/runtime/deb-cache/6c/c9/6cc9e2381db092ff764064a32725ce45a57ccea04bd9d8de376fd6f241e300f3	6646	fd263a2dc54ac42fde157e8297732c293ff838265ffd1647695594595b98b7c8		1	proxy_access_log
focal-to-jammy	deb	dconf-gsettings-backend_0.40.0-3ubuntu0.1_amd64.deb	http://ap-northeast-2.ec2.archive.ubuntu.com/ubuntu/pool/main/d/dconf/dconf-gsettings-backend_0.40.0-3ubuntu0.1_amd64.deb	http://ap-northeast-2.ec2.archive.ubuntu.com/ubuntu/pool/main/d/dconf/dconf-gsettings-backend_0.40.0-3ubuntu0.1_amd64.deb	/home/aella/aws-discovery-focal-jammy-retry-20260831/upgrade-discovery/focal-to-jammy/runtime/deb-cache/7a/da/7adaf2e8eb73026b75bd5c6a0804ddb9aa0f17d2880b5d009db170422bff9c6c	22742	90632fbb3a6865d36a8ec17e4152f419efd7e94768c68a5e7fa5b60cdce47a94		1	proxy_access_log
focal-to-jammy	deb	dconf-service_0.40.0-3ubuntu0.1_amd64.deb	http://ap-northeast-2.ec2.archive.ubuntu.com/ubuntu/pool/main/d/dconf/dconf-service_0.40.0-3ubuntu0.1_amd64.deb	http://ap-northeast-2.ec2.archive.ubuntu.com/ubuntu/pool/main/d/dconf/dconf-service_0.40.0-3ubuntu0.1_amd64.deb	/home/aella/aws-discovery-focal-jammy-retry-20260831/upgrade-discovery/focal-to-jammy/runtime/deb-cache/70/7f/707fc66de26daa9bd584e85a8239988b372e072a5457e5b54424a7cc0dea7021	28092	cc9d865340084258519eb69d1e53119aa389b0b0d19f0e3f433c2adc4575de7b		1	proxy_access_log
focal-to-jammy	deb	libdconf1_0.40.0-3ubuntu0.1_amd64.deb	http://ap-northeast-2.ec2.archive.ubuntu.com/ubuntu/pool/main/d/dconf/libdconf1_0.40.0-3ubuntu0.1_amd64.deb	http://ap-northeast-2.ec2.archive.ubuntu.com/ubuntu/pool/main/d/dconf/libdconf1_0.40.0-3ubuntu0.1_amd64.deb	/home/aella/aws-discovery-focal-jammy-retry-20260831/upgrade-discovery/focal-to-jammy/runtime/deb-cache/ba/90/ba90ca2adc28efc96ca3ff6ef66f643c5b124de4ee90bab8835ab5ce01fa38af	40498	8cc719e288131b7232a22d58f4c32e96f59a9ff23378a7c6f4f401eb06f99b63		1	proxy_access_log
focal-to-jammy	deb	dns-root-data_2024071801%7eubuntu0.22.04.1_all.deb	http://ap-northeast-2.ec2.archive.ubuntu.com/ubuntu/pool/main/d/dns-root-data/dns-root-data_2024071801%7eubuntu0.22.04.1_all.deb	http://ap-northeast-2.ec2.archive.ubuntu.com/ubuntu/pool/main/d/dns-root-data/dns-root-data_2024071801%7eubuntu0.22.04.1_all.deb	/home/aella/aws-discovery-focal-jammy-retry-20260831/upgrade-discovery/focal-to-jammy/runtime/deb-cache/4a/43/4a4300931c6444f609b3a66e0b65767ddc5e7dc3d285875b9af8af3657995149	6132	4a83aa1be26a82c5160f1edcda6f2f4df74f5e3ea6b1165dc960b3bd16f3a68d		1	proxy_access_log
focal-to-jammy	deb	dnsmasq-base_2.90-0ubuntu0.22.04.4_amd64.deb	http://ap-northeast-2.ec2.archive.ubuntu.com/ubuntu/pool/main/d/dnsmasq/dnsmasq-base_2.90-0ubuntu0.22.04.4_amd64.deb	http://ap-northeast-2.ec2.archive.ubuntu.com/ubuntu/pool/main/d/dnsmasq/dnsmasq-base_2.90-0ubuntu0.22.04.4_amd64.deb	/home/aella/aws-discovery-focal-jammy-retry-20260831/upgrade-discovery/focal-to-jammy/runtime/deb-cache/4d/03/4d038306f3f58aed375aa30deefab30e32ddd7e28bf89f6c42677fc51dd481d0	375004	5296e59794aca8165cbcf5d12e470fcb28a2b1471ddbc52f2cb6532a3ae14140		1	proxy_access_log
focal-to-jammy	deb	docker.io_29.1.3-0ubuntu3%7e22.04.2_amd64.deb	http://ap-northeast-2.ec2.archive.ubuntu.com/ubuntu/pool/universe/d/docker.io-app/docker.io_29.1.3-0ubuntu3%7e22.04.2_amd64.deb	http://ap-northeast-2.ec2.archive.ubuntu.com/ubuntu/pool/universe/d/docker.io-app/docker.io_29.1.3-0ubuntu3%7e22.04.2_amd64.deb	/home/aella/aws-discovery-focal-jammy-retry-20260831/upgrade-discovery/focal-to-jammy/runtime/deb-cache/27/d8/27d843dbce00c111b9bf9ade0971e5615496639460f692654fd96d538f656d15	35693690	e2336d2596d18d6e1ae0cb80ae569a86019674b1b995c40a0c734be8081f275e		1	proxy_access_log
focal-to-jammy	deb	libeatmydata1_130-2build1_amd64.deb	http://ap-northeast-2.ec2.archive.ubuntu.com/ubuntu/pool/main/libe/libeatmydata/libeatmydata1_130-2build1_amd64.deb	http://ap-northeast-2.ec2.archive.ubuntu.com/ubuntu/pool/main/libe/libeatmydata/libeatmydata1_130-2build1_amd64.deb	/home/aella/aws-discovery-focal-jammy-retry-20260831/upgrade-discovery/focal-to-jammy/runtime/deb-cache/76/e3/76e3b7feb3db33953d88aa502d4c8fc09be343f3c7e51c60fbf106d35c68424d	7498	a0802a28f12bffbcd975315c06df03b986a9fdc4328addf677b5d2d908e01263		1	proxy_access_log
focal-to-jammy	deb	eatmydata_130-2build1_all.deb	http://ap-northeast-2.ec2.archive.ubuntu.com/ubuntu/pool/main/libe/libeatmydata/eatmydata_130-2build1_all.deb	http://ap-northeast-2.ec2.archive.ubuntu.com/ubuntu/pool/main/libe/libeatmydata/eatmydata_130-2build1_all.deb	/home/aella/aws-discovery-focal-jammy-retry-20260831/upgrade-discovery/focal-to-jammy/runtime/deb-cache/83/2e/832e9f6e2ba499ac7564e168ca3e2efe33fc2e695aa106db83604fbc5b35773f	5584	3991dc5b6d8366cc8b1e47b699caff0341e51b57713bb5394c6b7df2615db5ef		1	proxy_access_log
focal-to-jammy	deb	ebtables_2.0.11-4build2_amd64.deb	http://ap-northeast-2.ec2.archive.ubuntu.com/ubuntu/pool/main/e/ebtables/ebtables_2.0.11-4build2_amd64.deb	http://ap-northeast-2.ec2.archive.ubuntu.com/ubuntu/pool/main/e/ebtables/ebtables_2.0.11-4build2_amd64.deb	/home/aella/aws-discovery-focal-jammy-retry-20260831/upgrade-discovery/focal-to-jammy/runtime/deb-cache/2a/0a/2a0a44b760c99a72b1283f7e26e7204aa168473a562a5761d3e99f6bf6ad43bb	84856	5c41f4c1465ca0bfe5a470ffb8b0cf913d151db559097fe561b345e9f64e6181		1	proxy_access_log
focal-to-jammy	deb	efibootmgr_17-1ubuntu2_amd64.deb	http://ap-northeast-2.ec2.archive.ubuntu.com/ubuntu/pool/main/e/efibootmgr/efibootmgr_17-1ubuntu2_amd64.deb	http://ap-northeast-2.ec2.archive.ubuntu.com/ubuntu/pool/main/e/efibootmgr/efibootmgr_17-1ubuntu2_amd64.deb	/home/aella/aws-discovery-focal-jammy-retry-20260831/upgrade-discovery/focal-to-jammy/runtime/deb-cache/61/7b/617bf2bec849d867d661e1f1ca50580238edfe86d2a0e911e0e47046920192bd	29802	5d2c465cc98fd703691e701f5eef3ad5acfb67905a394f4b5685d39a44c51a37		1	proxy_access_log
focal-to-jammy	deb	finalrd_9build1_all.deb	http://ap-northeast-2.ec2.archive.ubuntu.com/ubuntu/pool/main/f/finalrd/finalrd_9build1_all.deb	http://ap-northeast-2.ec2.archive.ubuntu.com/ubuntu/pool/main/f/finalrd/finalrd_9build1_all.deb	/home/aella/aws-discovery-focal-jammy-retry-20260831/upgrade-discovery/focal-to-jammy/runtime/deb-cache/12/30/1230f443364716ddff64435a6b53475f754bcc059ed45a7bf0f1edeffb060508	7306	9838e4907680f218a672133a0775b1734607a3704773a258952bc38eed66d35b		1	proxy_access_log
focal-to-jammy	deb	fonts-dejavu-core_2.37-2build1_all.deb	http://ap-northeast-2.ec2.archive.ubuntu.com/ubuntu/pool/main/f/fonts-dejavu/fonts-dejavu-core_2.37-2build1_all.deb	http://ap-northeast-2.ec2.archive.ubuntu.com/ubuntu/pool/main/f/fonts-dejavu/fonts-dejavu-core_2.37-2build1_all.deb	/home/aella/aws-discovery-focal-jammy-retry-20260831/upgrade-discovery/focal-to-jammy/runtime/deb-cache/14/0b/140b26b85aba89a4f343917ce07962efd4fe2fc7ddf00f3cb556b254a1372d68	1041300	c33fe8bf33b50d99d6448804a090123b1bbba37d7a8703c630695676d110a47d		1	proxy_access_log
focal-to-jammy	deb	fontconfig-config_2.13.1-4.2ubuntu5_all.deb	http://ap-northeast-2.ec2.archive.ubuntu.com/ubuntu/pool/main/f/fontconfig/fontconfig-config_2.13.1-4.2ubuntu5_all.deb	http://ap-northeast-2.ec2.archive.ubuntu.com/ubuntu/pool/main/f/fontconfig/fontconfig-config_2.13.1-4.2ubuntu5_all.deb	/home/aella/aws-discovery-focal-jammy-retry-20260831/upgrade-discovery/focal-to-jammy/runtime/deb-cache/e8/e1/e8e1c84ac8df4dd34a698ca0163aeb5823deb8c54bf42c19300ce1b23fe4e415	29096	c40405fa036d1732e269fabd4c5b40076b973a226da1df6921d4b7e7a1e2ff72		1	proxy_access_log
focal-to-jammy	deb	fwupd-signed_1.51.1%7e22.04.1%2b1.4-0ubuntu0.1_amd64.deb	http://ap-northeast-2.ec2.archive.ubuntu.com/ubuntu/pool/main/f/fwupd-signed/fwupd-signed_1.51.1%7e22.04.1%2b1.4-0ubuntu0.1_amd64.deb	http://ap-northeast-2.ec2.archive.ubuntu.com/ubuntu/pool/main/f/fwupd-signed/fwupd-signed_1.51.1%7e22.04.1%2b1.4-0ubuntu0.1_amd64.deb	/home/aella/aws-discovery-focal-jammy-retry-20260831/upgrade-discovery/focal-to-jammy/runtime/deb-cache/18/d5/18d5579307761d32a332ff299352325e67e95013c67ba989dcaf81f5d07b59e0	30346	83611d51be8a30b71859aa29438962b34b75097d00a49754c5fb6ad1a08bfc73		1	proxy_access_log
focal-to-jammy	deb	gcc-10-base_10.5.0-1ubuntu1%7e22.04.3_amd64.deb	http://ap-northeast-2.ec2.archive.ubuntu.com/ubuntu/pool/universe/g/gcc-10/gcc-10-base_10.5.0-1ubuntu1%7e22.04.3_amd64.deb	http://ap-northeast-2.ec2.archive.ubuntu.com/ubuntu/pool/universe/g/gcc-10/gcc-10-base_10.5.0-1ubuntu1%7e22.04.3_amd64.deb	/home/aella/aws-discovery-focal-jammy-retry-20260831/upgrade-discovery/focal-to-jammy/runtime/deb-cache/8f/0f/8f0f1b6ae98271e11a8ca332bcacb78fd9a76e8a4a63e133bba7f3a81efb678c	212984	b0958b61982af7fd2913dd225efec982efb4512ae1691398d70c38d1fc0c8642		1	proxy_access_log
focal-to-jammy	deb	geoip-database_20191224-3_all.deb	http://ap-northeast-2.ec2.archive.ubuntu.com/ubuntu/pool/universe/g/geoip-database/geoip-database_20191224-3_all.deb	http://ap-northeast-2.ec2.archive.ubuntu.com/ubuntu/pool/universe/g/geoip-database/geoip-database_20191224-3_all.deb	/home/aella/aws-discovery-focal-jammy-retry-20260831/upgrade-discovery/focal-to-jammy/runtime/deb-cache/92/11/9211553511ab12f0a61f218402d320259a30ff1856f599e1a75f558031902e39	3030120	0319e92192a04ed084f954e0d9d0020f6914e516b531d5b8d40a9b64e932c698		1	proxy_access_log
focal-to-jammy	deb	libproxy1v5_0.4.17-2_amd64.deb	http://ap-northeast-2.ec2.archive.ubuntu.com/ubuntu/pool/main/libp/libproxy/libproxy1v5_0.4.17-2_amd64.deb	http://ap-northeast-2.ec2.archive.ubuntu.com/ubuntu/pool/main/libp/libproxy/libproxy1v5_0.4.17-2_amd64.deb	/home/aella/aws-discovery-focal-jammy-retry-20260831/upgrade-discovery/focal-to-jammy/runtime/deb-cache/d4/dd/d4dd4b3a61b61faec6981929c7f602977b30e077c10800559648fe084c4b59ee	51876	2dd5c1b8148080adae1c091c8d3757c0cef1740663d7c475e0195e75e30b524d		1	proxy_access_log
focal-to-jammy	deb	glib-networking-common_2.72.0-1_all.deb	http://ap-northeast-2.ec2.archive.ubuntu.com/ubuntu/pool/main/g/glib-networking/glib-networking-common_2.72.0-1_all.deb	http://ap-northeast-2.ec2.archive.ubuntu.com/ubuntu/pool/main/g/glib-networking/glib-networking-common_2.72.0-1_all.deb	/home/aella/aws-discovery-focal-jammy-retry-20260831/upgrade-discovery/focal-to-jammy/runtime/deb-cache/86/2f/862ff97b95c174e3829b94732255c29644ae64208b807f1a23797330d7336633	3718	811e2f9e802d2ccf12ac185079ac4f4a987e270fe6592956b17e06d744a4388b		1	proxy_access_log
focal-to-jammy	deb	glib-networking_2.72.0-1_amd64.deb	http://ap-northeast-2.ec2.archive.ubuntu.com/ubuntu/pool/main/g/glib-networking/glib-networking_2.72.0-1_amd64.deb	http://ap-northeast-2.ec2.archive.ubuntu.com/ubuntu/pool/main/g/glib-networking/glib-networking_2.72.0-1_amd64.deb	/home/aella/aws-discovery-focal-jammy-retry-20260831/upgrade-discovery/focal-to-jammy/runtime/deb-cache/e8/aa/e8aaa976cc585fc3092b720b90075b3e3b0d8b469ddc2abf0bcf1545a1b9e6b5	69804	3535a026be85284fba36f1102ebad5c39b02bd60f88479816451a177ba84617d		1	proxy_access_log
focal-to-jammy	deb	glib-networking-services_2.72.0-1_amd64.deb	http://ap-northeast-2.ec2.archive.ubuntu.com/ubuntu/pool/main/g/glib-networking/glib-networking-services_2.72.0-1_amd64.deb	http://ap-northeast-2.ec2.archive.ubuntu.com/ubuntu/pool/main/g/glib-networking/glib-networking-services_2.72.0-1_amd64.deb	/home/aella/aws-discovery-focal-jammy-retry-20260831/upgrade-discovery/focal-to-jammy/runtime/deb-cache/53/1a/531afb1ac9c04a73a61a55376af922bf8b99eed15d2e2dc858b7c23d79c2b463	9982	48647ed9caa2c09d42d75a7bca8cc6859d5c386d27f2ec3d0bc159e26ec464ff		1	proxy_access_log
focal-to-jammy	deb	session-migration_0.3.6_amd64.deb	http://ap-northeast-2.ec2.archive.ubuntu.com/ubuntu/pool/main/s/session-migration/session-migration_0.3.6_amd64.deb	http://ap-northeast-2.ec2.archive.ubuntu.com/ubuntu/pool/main/s/session-migration/session-migration_0.3.6_amd64.deb	/home/aella/aws-discovery-focal-jammy-retry-20260831/upgrade-discovery/focal-to-jammy/runtime/deb-cache/e7/97/e79789097558b2ce096e08fc82bd35afcbc7450b6a533e5dae7686e6a20b8052	9774	3cb465d5ae1b0852ca056c9b18110bffeccc673e2042d49122708540b2fcdf17		1	proxy_access_log
focal-to-jammy	deb	gsettings-desktop-schemas_42.0-1ubuntu1_all.deb	http://ap-northeast-2.ec2.archive.ubuntu.com/ubuntu/pool/main/g/gsettings-desktop-schemas/gsettings-desktop-schemas_42.0-1ubuntu1_all.deb	http://ap-northeast-2.ec2.archive.ubuntu.com/ubuntu/pool/main/g/gsettings-desktop-schemas/gsettings-desktop-schemas_42.0-1ubuntu1_all.deb	/home/aella/aws-discovery-focal-jammy-retry-20260831/upgrade-discovery/focal-to-jammy/runtime/deb-cache/77/f3/77f3b26f3140b078b71d32539ee1cf90c6adaee6f2d406a8b44cadc75cd61a0f	31068	5b420af7d77735d1bcc0494134b6810d20d168cd9407febed32d77baccd9e993		1	proxy_access_log
focal-to-jammy	deb	hibagent_1.0.1-0ubuntu2.22.04.2_all.deb	http://ap-northeast-2.ec2.archive.ubuntu.com/ubuntu/pool/main/h/hibagent/hibagent_1.0.1-0ubuntu2.22.04.2_all.deb	http://ap-northeast-2.ec2.archive.ubuntu.com/ubuntu/pool/main/h/hibagent/hibagent_1.0.1-0ubuntu2.22.04.2_all.deb	/home/aella/aws-discovery-focal-jammy-retry-20260831/upgrade-discovery/focal-to-jammy/runtime/deb-cache/77/ea/77ea422e32dc1c41310bf79bb21f81c47fde4d5c1ecb0e1f53b0fad32a16a00a	12620	0c07538731e5f0bb215e2ab0dd23fe911352b3ad2b3d59b3f2b107f306b4dfeb		1	proxy_access_log
focal-to-jammy	deb	hwdata_0.357-1_all.deb	http://ap-northeast-2.ec2.archive.ubuntu.com/ubuntu/pool/main/h/hwdata/hwdata_0.357-1_all.deb	http://ap-northeast-2.ec2.archive.ubuntu.com/ubuntu/pool/main/h/hwdata/hwdata_0.357-1_all.deb	/home/aella/aws-discovery-focal-jammy-retry-20260831/upgrade-discovery/focal-to-jammy/runtime/deb-cache/e5/3c/e53ca7b939b60e96e6aaea3135f0fad919efdb829c5273459be2fe6479a17cf9	26568	906f29b6e5a3341904a3d88ab5d2ab90af5634ccdd7e3f32d0670361cf6cc27c		1	proxy_access_log
focal-to-jammy	deb	ifenslave_2.10ubuntu3_all.deb	http://ap-northeast-2.ec2.archive.ubuntu.com/ubuntu/pool/universe/i/ifenslave/ifenslave_2.10ubuntu3_all.deb	http://ap-northeast-2.ec2.archive.ubuntu.com/ubuntu/pool/universe/i/ifenslave/ifenslave_2.10ubuntu3_all.deb	/home/aella/aws-discovery-focal-jammy-retry-20260831/upgrade-discovery/focal-to-jammy/runtime/deb-cache/0f/6e/0f6ed4cb063b8dc6d9aab90c462d34ee2a5e62d1754a2524a9f92ba635cc5838	13280	144d3f201ff0b83cc23c70a510edb7a226c8ff1ebc9bcec7e7cfda8e14cf40f7		1	proxy_access_log
focal-to-jammy	deb	iucode-tool_2.3.1-1build1_amd64.deb	http://ap-northeast-2.ec2.archive.ubuntu.com/ubuntu/pool/main/i/iucode-tool/iucode-tool_2.3.1-1build1_amd64.deb	http://ap-northeast-2.ec2.archive.ubuntu.com/ubuntu/pool/main/i/iucode-tool/iucode-tool_2.3.1-1build1_amd64.deb	/home/aella/aws-discovery-focal-jammy-retry-20260831/upgrade-discovery/focal-to-jammy/runtime/deb-cache/d3/d7/d3d7518d2513cb4731e4a2031749aaceef9e144e9334b92512001ce2693b96b5	46910	9141fc63639f19fe606f75de2bf42f1109c7e9e29abed1b8e3b6b4b95d2dd9d1		1	proxy_access_log
focal-to-jammy	deb	javascript-common_11%2bnmu1_all.deb	http://ap-northeast-2.ec2.archive.ubuntu.com/ubuntu/pool/main/j/javascript-common/javascript-common_11%2bnmu1_all.deb	http://ap-northeast-2.ec2.archive.ubuntu.com/ubuntu/pool/main/j/javascript-common/javascript-common_11%2bnmu1_all.deb	/home/aella/aws-discovery-focal-jammy-retry-20260831/upgrade-discovery/focal-to-jammy/runtime/deb-cache/a5/7b/a57b0c1be427304d9a5498a8828402feba54582d57334a5077db95026f885188	5936	5e0e49d84d2e6ef1204b0925576305c011d7c70f8d2e2122a1187bced33b36ef		1	proxy_access_log
focal-to-jammy	deb	libonig5_6.9.7.1-2build1_amd64.deb	http://ap-northeast-2.ec2.archive.ubuntu.com/ubuntu/pool/main/libo/libonig/libonig5_6.9.7.1-2build1_amd64.deb	http://ap-northeast-2.ec2.archive.ubuntu.com/ubuntu/pool/main/libo/libonig/libonig5_6.9.7.1-2build1_amd64.deb	/home/aella/aws-discovery-focal-jammy-retry-20260831/upgrade-discovery/focal-to-jammy/runtime/deb-cache/a8/23/a8238c44219fb054b7bafb9daf478adc0f5cf47b9bd4a8404d09675190f3636f	171890	b02dbaa37b4ec7ad303cc8655b03a2a158299ce56fede9849e3bda501831f413		1	proxy_access_log
focal-to-jammy	deb	libjq1_1.6-2.1ubuntu3.2_amd64.deb	http://ap-northeast-2.ec2.archive.ubuntu.com/ubuntu/pool/main/j/jq/libjq1_1.6-2.1ubuntu3.2_amd64.deb	http://ap-northeast-2.ec2.archive.ubuntu.com/ubuntu/pool/main/j/jq/libjq1_1.6-2.1ubuntu3.2_amd64.deb	/home/aella/aws-discovery-focal-jammy-retry-20260831/upgrade-discovery/focal-to-jammy/runtime/deb-cache/eb/d3/ebd3d2d55697bd9e6ecdce25de69a0a6bd7b4268a1d6977914b11da1a007998e	134574	060f21dd061c83b3803dcdb0f64f1c7bcf4bc16e3e13fa68e0ed63b202d18245		1	proxy_access_log
focal-to-jammy	deb	jq_1.6-2.1ubuntu3.2_amd64.deb	http://ap-northeast-2.ec2.archive.ubuntu.com/ubuntu/pool/main/j/jq/jq_1.6-2.1ubuntu3.2_amd64.deb	http://ap-northeast-2.ec2.archive.ubuntu.com/ubuntu/pool/main/j/jq/jq_1.6-2.1ubuntu3.2_amd64.deb	/home/aella/aws-discovery-focal-jammy-retry-20260831/upgrade-discovery/focal-to-jammy/runtime/deb-cache/fb/f4/fbf4e0057767fe4108d6413d72293c5f9682e9800cc47460186c6fc7e2b485ba	52520	4e8c6cd028729579074bd17c0d8d9f03fde2bd482244ca20c22238ae726edf1b		1	proxy_access_log
focal-to-jammy	deb	krb5-locales_1.19.2-2ubuntu0.8_all.deb	http://ap-northeast-2.ec2.archive.ubuntu.com/ubuntu/pool/main/k/krb5/krb5-locales_1.19.2-2ubuntu0.8_all.deb	http://ap-northeast-2.ec2.archive.ubuntu.com/ubuntu/pool/main/k/krb5/krb5-locales_1.19.2-2ubuntu0.8_all.deb	/home/aella/aws-discovery-focal-jammy-retry-20260831/upgrade-discovery/focal-to-jammy/runtime/deb-cache/e7/b9/e7b99a619d8cef07b0a70970a63d8a21d9c21e0a3b067d81d09fc8553a2a709e	12204	f4fb9d850090dc6c8ac5ba0d934ff291d766c7d3d21dcd5b19829f8360d7fb61		1	proxy_access_log
focal-to-jammy	deb	python3-configobj_5.0.6-5ubuntu0.1_all.deb	http://ap-northeast-2.ec2.archive.ubuntu.com/ubuntu/pool/main/c/configobj/python3-configobj_5.0.6-5ubuntu0.1_all.deb	http://ap-northeast-2.ec2.archive.ubuntu.com/ubuntu/pool/main/c/configobj/python3-configobj_5.0.6-5ubuntu0.1_all.deb	/home/aella/aws-discovery-focal-jammy-retry-20260831/upgrade-discovery/focal-to-jammy/runtime/deb-cache/c0/f9/c0f9afc016a21d922936043258a0ecbbbd4b4e70189ff85feaef71e197342cf0	34912	47248e08353d4e6ea59edde94932844ac725c1d5a3b260923715696b86659bfd		1	proxy_access_log
focal-to-jammy	deb	landscape-common_23.02-0ubuntu1%7e22.04.7_amd64.deb	http://ap-northeast-2.ec2.archive.ubuntu.com/ubuntu/pool/main/l/landscape-client/landscape-common_23.02-0ubuntu1%7e22.04.7_amd64.deb	http://ap-northeast-2.ec2.archive.ubuntu.com/ubuntu/pool/main/l/landscape-client/landscape-common_23.02-0ubuntu1%7e22.04.7_amd64.deb	/home/aella/aws-discovery-focal-jammy-retry-20260831/upgrade-discovery/focal-to-jammy/runtime/deb-cache/b5/2c/b52cc83da4d5de9dbe9e19dcb9af4da5e36af44cc0b85a330ff695fc62763d61	88874	7d525fd0ced79111198bc5632193d1c05edafd967329c7224b81137b9fa94e6a		1	proxy_access_log
focal-to-jammy	deb	libroken18-heimdal_7.7.0%2bdfsg-3ubuntu1_amd64.deb	http://ap-northeast-2.ec2.archive.ubuntu.com/ubuntu/pool/universe/h/heimdal/libroken18-heimdal_7.7.0%2bdfsg-3ubuntu1_amd64.deb	http://ap-northeast-2.ec2.archive.ubuntu.com/ubuntu/pool/universe/h/heimdal/libroken18-heimdal_7.7.0%2bdfsg-3ubuntu1_amd64.deb	/home/aella/aws-discovery-focal-jammy-retry-20260831/upgrade-discovery/focal-to-jammy/runtime/deb-cache/be/66/be661fcba0f2a863c26f72884885afebdcfb9cdc5059fc98211f029bdfff5773	44676	10dd13274281ae5517b388884f6d187efcce0eb33f9f9a6d0f7269a8cd3ac8ea		1	proxy_access_log
focal-to-jammy	deb	libasn1-8-heimdal_7.7.0%2bdfsg-3ubuntu1_amd64.deb	http://ap-northeast-2.ec2.archive.ubuntu.com/ubuntu/pool/universe/h/heimdal/libasn1-8-heimdal_7.7.0%2bdfsg-3ubuntu1_amd64.deb	http://ap-northeast-2.ec2.archive.ubuntu.com/ubuntu/pool/universe/h/heimdal/libasn1-8-heimdal_7.7.0%2bdfsg-3ubuntu1_amd64.deb	/home/aella/aws-discovery-focal-jammy-retry-20260831/upgrade-discovery/focal-to-jammy/runtime/deb-cache/90/21/9021c30fa573a7f4badca3e55fcda76ec68bedbf51b3856c22bce3b7c40a5961	200638	e7191a136aa71a7223663620f96a0d721850b6fea6e510cd9e8d91ca324716c8		1	proxy_access_log
focal-to-jammy	deb	libatasmart4_0.19-5build2_amd64.deb	http://ap-northeast-2.ec2.archive.ubuntu.com/ubuntu/pool/main/liba/libatasmart/libatasmart4_0.19-5build2_amd64.deb	http://ap-northeast-2.ec2.archive.ubuntu.com/ubuntu/pool/main/liba/libatasmart/libatasmart4_0.19-5build2_amd64.deb	/home/aella/aws-discovery-focal-jammy-retry-20260831/upgrade-discovery/focal-to-jammy/runtime/deb-cache/f9/5e/f95e4025eb49dc48235d8b731b87a10b9a176710742580ecb70aa4ce047b81f0	25160	5569417a096875ff485657c8ec84410315f9657fef73c7f8c9f6abe46b6babdc		1	proxy_access_log
focal-to-jammy	deb	libnspr4_4.35-0ubuntu0.22.04.1_amd64.deb	http://ap-northeast-2.ec2.archive.ubuntu.com/ubuntu/pool/main/n/nspr/libnspr4_4.35-0ubuntu0.22.04.1_amd64.deb	http://ap-northeast-2.ec2.archive.ubuntu.com/ubuntu/pool/main/n/nspr/libnspr4_4.35-0ubuntu0.22.04.1_amd64.deb	/home/aella/aws-discovery-focal-jammy-retry-20260831/upgrade-discovery/focal-to-jammy/runtime/deb-cache/1b/76/1b76fe9f836fafdc323dfbc7b8d915dad5fdafafefc1f6bbaa57255690aeda20	119208	b3c96e4a61675c87f8d9655109346748847d859abc95f20493159d06b5aa30ef		1	proxy_access_log
focal-to-jammy	deb	libnss3_3.98-0ubuntu0.22.04.4_amd64.deb	http://ap-northeast-2.ec2.archive.ubuntu.com/ubuntu/pool/main/n/nss/libnss3_3.98-0ubuntu0.22.04.4_amd64.deb	http://ap-northeast-2.ec2.archive.ubuntu.com/ubuntu/pool/main/n/nss/libnss3_3.98-0ubuntu0.22.04.4_amd64.deb	/home/aella/aws-discovery-focal-jammy-retry-20260831/upgrade-discovery/focal-to-jammy/runtime/deb-cache/00/f7/00f7aa109d0ab894c0d43ce627d6e67fe0e46181cabcb9cda7be6fe4ca4726c1	1347044	caf60f375adbbdafef74930c5dd91411de0ac5c9499bf699185110dc77d82611		1	proxy_access_log
focal-to-jammy	deb	libvolume-key1_0.3.12-3.1build3_amd64.deb	http://ap-northeast-2.ec2.archive.ubuntu.com/ubuntu/pool/main/v/volume-key/libvolume-key1_0.3.12-3.1build3_amd64.deb	http://ap-northeast-2.ec2.archive.ubuntu.com/ubuntu/pool/main/v/volume-key/libvolume-key1_0.3.12-3.1build3_amd64.deb	/home/aella/aws-discovery-focal-jammy-retry-20260831/upgrade-discovery/focal-to-jammy/runtime/deb-cache/91/3f/913f40062ff98911d739fcab1843234e7afaba18bfcff046d42107e11d3d8205	41570	37a4d562546cc3ea2beecfb7023910120d8da3e397925b898dd280b8d510311a		1	proxy_access_log
focal-to-jammy	deb	libblockdev-crypto2_2.26-1ubuntu0.1_amd64.deb	http://ap-northeast-2.ec2.archive.ubuntu.com/ubuntu/pool/main/libb/libblockdev/libblockdev-crypto2_2.26-1ubuntu0.1_amd64.deb	http://ap-northeast-2.ec2.archive.ubuntu.com/ubuntu/pool/main/libb/libblockdev/libblockdev-crypto2_2.26-1ubuntu0.1_amd64.deb	/home/aella/aws-discovery-focal-jammy-retry-20260831/upgrade-discovery/focal-to-jammy/runtime/deb-cache/6a/89/6a897735933c1ca89b681935f2164b5512c723d1f2a935579b39bbc19ea62817	18210	f83024f8abb56d5da7fb411565eecde374aa5c6eac1282561e9bd4f5c0df7563		1	proxy_access_log
focal-to-jammy	deb	libblockdev-fs2_2.26-1ubuntu0.1_amd64.deb	http://ap-northeast-2.ec2.archive.ubuntu.com/ubuntu/pool/main/libb/libblockdev/libblockdev-fs2_2.26-1ubuntu0.1_amd64.deb	http://ap-northeast-2.ec2.archive.ubuntu.com/ubuntu/pool/main/libb/libblockdev/libblockdev-fs2_2.26-1ubuntu0.1_amd64.deb	/home/aella/aws-discovery-focal-jammy-retry-20260831/upgrade-discovery/focal-to-jammy/runtime/deb-cache/ce/4f/ce4fbea393f8e9860871c5ee43e8c89f3d0f0321e9d370d8ab84253a2a6673fe	21834	dceb64a7fc5ecb9bfaa1ef6d2d1648aabf23d3ffc4f4aeb95d2a32aaf848dbd7		1	proxy_access_log
focal-to-jammy	deb	libblockdev-loop2_2.26-1ubuntu0.1_amd64.deb	http://ap-northeast-2.ec2.archive.ubuntu.com/ubuntu/pool/main/libb/libblockdev/libblockdev-loop2_2.26-1ubuntu0.1_amd64.deb	http://ap-northeast-2.ec2.archive.ubuntu.com/ubuntu/pool/main/libb/libblockdev/libblockdev-loop2_2.26-1ubuntu0.1_amd64.deb	/home/aella/aws-discovery-focal-jammy-retry-20260831/upgrade-discovery/focal-to-jammy/runtime/deb-cache/99/ef/99ef50da61234b7c4a104c42ca11d5f863fda81eee57dd6016d1cce8ddf4e776	6974	d74cbfc3ced8bd70450168be20ed2fbab414a2888a6dfddbb0a480e20460e695		1	proxy_access_log
focal-to-jammy	deb	libblockdev-swap2_2.26-1ubuntu0.1_amd64.deb	http://ap-northeast-2.ec2.archive.ubuntu.com/ubuntu/pool/main/libb/libblockdev/libblockdev-swap2_2.26-1ubuntu0.1_amd64.deb	http://ap-northeast-2.ec2.archive.ubuntu.com/ubuntu/pool/main/libb/libblockdev/libblockdev-swap2_2.26-1ubuntu0.1_amd64.deb	/home/aella/aws-discovery-focal-jammy-retry-20260831/upgrade-discovery/focal-to-jammy/runtime/deb-cache/06/ef/06efd8c6dca1c50b112d86de5eef47e48941f037479a4b0042b6ee7ceeeb489a	7502	30dc0e8f1eb5ad84fa65497e12428d05db0d59d5502a54395b73ac4bf96b96d4		1	proxy_access_log
focal-to-jammy	deb	libblockdev2_2.26-1ubuntu0.1_amd64.deb	http://ap-northeast-2.ec2.archive.ubuntu.com/ubuntu/pool/main/libb/libblockdev/libblockdev2_2.26-1ubuntu0.1_amd64.deb	http://ap-northeast-2.ec2.archive.ubuntu.com/ubuntu/pool/main/libb/libblockdev/libblockdev2_2.26-1ubuntu0.1_amd64.deb	/home/aella/aws-discovery-focal-jammy-retry-20260831/upgrade-discovery/focal-to-jammy/runtime/deb-cache/77/4b/774ba7bc1317d8e7ce29703718f1cbf379797065d2ad02894b1a148f0ac5de4f	42948	fb1ad1d5d6055a7c2ccb98ff2a9d3a93d4a775774f928427e40cf610f135ca66		1	proxy_access_log
focal-to-jammy	deb	libfontconfig1_2.13.1-4.2ubuntu5_amd64.deb	http://ap-northeast-2.ec2.archive.ubuntu.com/ubuntu/pool/main/f/fontconfig/libfontconfig1_2.13.1-4.2ubuntu5_amd64.deb	http://ap-northeast-2.ec2.archive.ubuntu.com/ubuntu/pool/main/f/fontconfig/libfontconfig1_2.13.1-4.2ubuntu5_amd64.deb	/home/aella/aws-discovery-focal-jammy-retry-20260831/upgrade-discovery/focal-to-jammy/runtime/deb-cache/30/a1/30a19a93c90498ef5700666fe0a1b5a6b7da628c1ea0ef810ef2b80a6b5a3bea	131434	6be0c141aed23d9eb801658d248fd667bea2b8a9ccab4db7b596a69ffe3393fd		1	proxy_access_log
focal-to-jammy	deb	libjpeg-turbo8_2.1.2-0ubuntu1_amd64.deb	http://ap-northeast-2.ec2.archive.ubuntu.com/ubuntu/pool/main/libj/libjpeg-turbo/libjpeg-turbo8_2.1.2-0ubuntu1_amd64.deb	http://ap-northeast-2.ec2.archive.ubuntu.com/ubuntu/pool/main/libj/libjpeg-turbo/libjpeg-turbo8_2.1.2-0ubuntu1_amd64.deb	/home/aella/aws-discovery-focal-jammy-retry-20260831/upgrade-discovery/focal-to-jammy/runtime/deb-cache/04/74/0474e0aad98779e155b23154ae7ffdac1023d42d1e458747cfa0ab60efac8b6e	134436	bb9538fa94f06bf6b7907105439f0a0a30e3ec27030832820a6c2cc2dc6578a8		1	proxy_access_log
focal-to-jammy	deb	libjpeg8_8c-2ubuntu10_amd64.deb	http://ap-northeast-2.ec2.archive.ubuntu.com/ubuntu/pool/main/libj/libjpeg8-empty/libjpeg8_8c-2ubuntu10_amd64.deb	http://ap-northeast-2.ec2.archive.ubuntu.com/ubuntu/pool/main/libj/libjpeg8-empty/libjpeg8_8c-2ubuntu10_amd64.deb	/home/aella/aws-discovery-focal-jammy-retry-20260831/upgrade-discovery/focal-to-jammy/runtime/deb-cache/bc/5d/bc5d4208ffa47400c542a2ab52edb06bdfff33850c4b2b6afef3264bea23f89b	2264	869e3e6fbdbe7a645dffcb86b4e285957225a89b6a76840f4aab2bedaf0e4e88		1	proxy_access_log
focal-to-jammy	deb	libdeflate0_1.10-2_amd64.deb	http://ap-northeast-2.ec2.archive.ubuntu.com/ubuntu/pool/main/libd/libdeflate/libdeflate0_1.10-2_amd64.deb	http://ap-northeast-2.ec2.archive.ubuntu.com/ubuntu/pool/main/libd/libdeflate/libdeflate0_1.10-2_amd64.deb	/home/aella/aws-discovery-focal-jammy-retry-20260831/upgrade-discovery/focal-to-jammy/runtime/deb-cache/82/02/8202c1fdf84bc7d61ac24dd67cd12e1b9ef837a9283774d02bfac4839e832866	70884	a64f7f93a487e57e1a01404d378a8ef1428b1c6b0ecf24fc484c89b681a051c9		1	proxy_access_log
focal-to-jammy	deb	libjbig0_2.1-3.1ubuntu0.22.04.1_amd64.deb	http://ap-northeast-2.ec2.archive.ubuntu.com/ubuntu/pool/main/j/jbigkit/libjbig0_2.1-3.1ubuntu0.22.04.1_amd64.deb	http://ap-northeast-2.ec2.archive.ubuntu.com/ubuntu/pool/main/j/jbigkit/libjbig0_2.1-3.1ubuntu0.22.04.1_amd64.deb	/home/aella/aws-discovery-focal-jammy-retry-20260831/upgrade-discovery/focal-to-jammy/runtime/deb-cache/6f/dd/6fdd3a3ae935fc92bbae866caaf2c21f868ecc44638bb59d86bc952d1436a07e	29166	4666c37d8620b6d17a2d4acf2cb1459f071e74881dc490a159e90244d7a98cc6		1	proxy_access_log
focal-to-jammy	deb	libwebp7_1.2.2-2ubuntu0.22.04.2_amd64.deb	http://ap-northeast-2.ec2.archive.ubuntu.com/ubuntu/pool/main/libw/libwebp/libwebp7_1.2.2-2ubuntu0.22.04.2_amd64.deb	http://ap-northeast-2.ec2.archive.ubuntu.com/ubuntu/pool/main/libw/libwebp/libwebp7_1.2.2-2ubuntu0.22.04.2_amd64.deb	/home/aella/aws-discovery-focal-jammy-retry-20260831/upgrade-discovery/focal-to-jammy/runtime/deb-cache/d4/82/d4829d7b9631621f41c327aeade977f44151a554b9a3ced6426fff2b481508b5	206268	c24f4ed7a866aef76652027f07376f00e5e83f308b1f2c4faa1ee6ae8b7f2cfc		1	proxy_access_log
focal-to-jammy	deb	libtiff5_4.3.0-6ubuntu0.13_amd64.deb	http://ap-northeast-2.ec2.archive.ubuntu.com/ubuntu/pool/main/t/tiff/libtiff5_4.3.0-6ubuntu0.13_amd64.deb	http://ap-northeast-2.ec2.archive.ubuntu.com/ubuntu/pool/main/t/tiff/libtiff5_4.3.0-6ubuntu0.13_amd64.deb	/home/aella/aws-discovery-focal-jammy-retry-20260831/upgrade-discovery/focal-to-jammy/runtime/deb-cache/5f/b1/5fb1a82d49582581dbb530a1089f0ecaf33f34bf1ce84999452b40773a0d6280	185292	298a778a6a579a556f6bb4e32512cd76e0483b57b4a379ee85397f62fe21f225		1	proxy_access_log
focal-to-jammy	deb	libxpm4_3.5.12-1ubuntu0.22.04.3_amd64.deb	http://ap-northeast-2.ec2.archive.ubuntu.com/ubuntu/pool/main/libx/libxpm/libxpm4_3.5.12-1ubuntu0.22.04.3_amd64.deb	http://ap-northeast-2.ec2.archive.ubuntu.com/ubuntu/pool/main/libx/libxpm/libxpm4_3.5.12-1ubuntu0.22.04.3_amd64.deb	/home/aella/aws-discovery-focal-jammy-retry-20260831/upgrade-discovery/focal-to-jammy/runtime/deb-cache/bd/c7/bdc7114eb2664e9b6c5e36bcc59f0ee8076bf8c68cd06dfcd475184ae7d9b8f5	36526	b264cdad5050a50cdd5c6ff3ba86fb17896ba4dd8e6b8a8b6e7b3978387881a6		1	proxy_access_log
focal-to-jammy	deb	libgd3_2.3.0-2ubuntu2.3_amd64.deb	http://ap-northeast-2.ec2.archive.ubuntu.com/ubuntu/pool/main/libg/libgd2/libgd3_2.3.0-2ubuntu2.3_amd64.deb	http://ap-northeast-2.ec2.archive.ubuntu.com/ubuntu/pool/main/libg/libgd2/libgd3_2.3.0-2ubuntu2.3_amd64.deb	/home/aella/aws-discovery-focal-jammy-retry-20260831/upgrade-discovery/focal-to-jammy/runtime/deb-cache/a4/f9/a4f9fac5408960131ef1111551bf39be7ca3759a0220e353b4f8f8199ce34714	129426	ac7b97201577e178c2c51187d011114a847a7e45e198f63a316644b5e4e5adc7		1	proxy_access_log
focal-to-jammy	deb	libc-devtools_2.35-0ubuntu3.14_amd64.deb	http://ap-northeast-2.ec2.archive.ubuntu.com/ubuntu/pool/main/g/glibc/libc-devtools_2.35-0ubuntu3.14_amd64.deb	http://ap-northeast-2.ec2.archive.ubuntu.com/ubuntu/pool/main/g/glibc/libc-devtools_2.35-0ubuntu3.14_amd64.deb	/home/aella/aws-discovery-focal-jammy-retry-20260831/upgrade-discovery/focal-to-jammy/runtime/deb-cache/bf/0a/bf0a2d9ab3e2d68dde0e4439ab298f045853aacdaac0894847d992ec1c335f77	28958	d57c033324559441887725e41e7f01fe73cff02ae23488c317c7efd75a745154		1	proxy_access_log
focal-to-jammy	deb	libltdl7_2.4.6-15build2_amd64.deb	http://ap-northeast-2.ec2.archive.ubuntu.com/ubuntu/pool/main/libt/libtool/libltdl7_2.4.6-15build2_amd64.deb	http://ap-northeast-2.ec2.archive.ubuntu.com/ubuntu/pool/main/libt/libtool/libltdl7_2.4.6-15build2_amd64.deb	/home/aella/aws-discovery-focal-jammy-retry-20260831/upgrade-discovery/focal-to-jammy/runtime/deb-cache/36/c0/36c0aac6bf548b355cd6040894f9c2031f6af0d9bef5f96eba049fa880d6eb01	39582	14f150a03085bd5469242fdb8ea2a702ab5d6d2fd3497fdb70654028a4074257		1	proxy_access_log
focal-to-jammy	deb	libtdb1_1.4.5-2build1_amd64.deb	http://ap-northeast-2.ec2.archive.ubuntu.com/ubuntu/pool/main/t/tdb/libtdb1_1.4.5-2build1_amd64.deb	http://ap-northeast-2.ec2.archive.ubuntu.com/ubuntu/pool/main/t/tdb/libtdb1_1.4.5-2build1_amd64.deb	/home/aella/aws-discovery-focal-jammy-retry-20260831/upgrade-discovery/focal-to-jammy/runtime/deb-cache/c9/cb/c9cbacebc8244820dbe5b18b3325ae0c094b1d4935385acb4a96f8301b7703e3	46376	7caa07ad7657bebb64fdc40444d19674a6d92e2495588b75a23146874c9c1656		1	proxy_access_log
focal-to-jammy	deb	libogg0_1.3.5-0ubuntu3_amd64.deb	http://ap-northeast-2.ec2.archive.ubuntu.com/ubuntu/pool/main/libo/libogg/libogg0_1.3.5-0ubuntu3_amd64.deb	http://ap-northeast-2.ec2.archive.ubuntu.com/ubuntu/pool/main/libo/libogg/libogg0_1.3.5-0ubuntu3_amd64.deb	/home/aella/aws-discovery-focal-jammy-retry-20260831/upgrade-discovery/focal-to-jammy/runtime/deb-cache/be/62/be6246e443fecec7694bc527c1c739d4ae1d9d29756b92c5689eb2573838fad3	22852	116a95c2ef71057d86f1e20c378247d34a0c8cfa257aecd0f4f36f75fc338de2		1	proxy_access_log
focal-to-jammy	deb	libvorbisfile3_1.3.7-1build2_amd64.deb	http://ap-northeast-2.ec2.archive.ubuntu.com/ubuntu/pool/main/libv/libvorbis/libvorbisfile3_1.3.7-1build2_amd64.deb	http://ap-northeast-2.ec2.archive.ubuntu.com/ubuntu/pool/main/libv/libvorbis/libvorbisfile3_1.3.7-1build2_amd64.deb	/home/aella/aws-discovery-focal-jammy-retry-20260831/upgrade-discovery/focal-to-jammy/runtime/deb-cache/e3/df/e3df8ec9cd18eac608d0a6307d85a182497b03062829cfce739db9751196928b	17072	e8ccb1bd8dec2c2b9c9a11b4b37ce58356848a6f0fb3e55070bfe563e19212de		1	proxy_access_log
focal-to-jammy	deb	libvorbis0a_1.3.7-1build2_amd64.deb	http://ap-northeast-2.ec2.archive.ubuntu.com/ubuntu/pool/main/libv/libvorbis/libvorbis0a_1.3.7-1build2_amd64.deb	http://ap-northeast-2.ec2.archive.ubuntu.com/ubuntu/pool/main/libv/libvorbis/libvorbis0a_1.3.7-1build2_amd64.deb	/home/aella/aws-discovery-focal-jammy-retry-20260831/upgrade-discovery/focal-to-jammy/runtime/deb-cache/dc/8c/dc8c83717f35bea1ae94f09336a3eb3d540a3e230dba31a3a1554ec7e53be71f	99250	1c4195ccfe75a82c0989300762124b2371d34d8e1f99a968032fde64395a23ec		1	proxy_access_log
focal-to-jammy	deb	libcanberra0_0.30-10ubuntu1.22.04.1_amd64.deb	http://ap-northeast-2.ec2.archive.ubuntu.com/ubuntu/pool/main/libc/libcanberra/libcanberra0_0.30-10ubuntu1.22.04.1_amd64.deb	http://ap-northeast-2.ec2.archive.ubuntu.com/ubuntu/pool/main/libc/libcanberra/libcanberra0_0.30-10ubuntu1.22.04.1_amd64.deb	/home/aella/aws-discovery-focal-jammy-retry-20260831/upgrade-discovery/focal-to-jammy/runtime/deb-cache/dc/56/dc56b4b4e35feb539eab875ff005b9cfb94aff2b0274f6e126e775cffd085a35	40042	5d79dfe622dc2f88f20d4a827fa840ec4b90a2695f2ffe0554c643cc3524e640		1	proxy_access_log
focal-to-jammy	deb	libdbus-glib-1-2_0.112-2build1_amd64.deb	http://ap-northeast-2.ec2.archive.ubuntu.com/ubuntu/pool/main/d/dbus-glib/libdbus-glib-1-2_0.112-2build1_amd64.deb	http://ap-northeast-2.ec2.archive.ubuntu.com/ubuntu/pool/main/d/dbus-glib/libdbus-glib-1-2_0.112-2build1_amd64.deb	/home/aella/aws-discovery-focal-jammy-retry-20260831/upgrade-discovery/focal-to-jammy/runtime/deb-cache/a9/5c/a95c75e7a418d11fb3af3f469820d07d7905e3df4c0b4dcc6e0c3b0a48f531e8	65358	eac07c361f81d846d877c606a98736137ecd04a36c33fdf53baa45693cea3f95		1	proxy_access_log
focal-to-jammy	deb	libdumbnet1_1.12-10_amd64.deb	http://ap-northeast-2.ec2.archive.ubuntu.com/ubuntu/pool/universe/libd/libdumbnet/libdumbnet1_1.12-10_amd64.deb	http://ap-northeast-2.ec2.archive.ubuntu.com/ubuntu/pool/universe/libd/libdumbnet/libdumbnet1_1.12-10_amd64.deb	/home/aella/aws-discovery-focal-jammy-retry-20260831/upgrade-discovery/focal-to-jammy/runtime/deb-cache/6f/f2/6ff2784fcc57535e13e663521f4c137af43cf770f0000594faf92182e7ec1c15	27786	3ed8743bd2bfdc51c884b27d911a63bdce93ad37b3d85dd0ee64a80649aeb1ee		1	proxy_access_log
focal-to-jammy	deb	libevent-2.1-7_2.1.12-stable-1build3_amd64.deb	http://ap-northeast-2.ec2.archive.ubuntu.com/ubuntu/pool/main/libe/libevent/libevent-2.1-7_2.1.12-stable-1build3_amd64.deb	http://ap-northeast-2.ec2.archive.ubuntu.com/ubuntu/pool/main/libe/libevent/libevent-2.1-7_2.1.12-stable-1build3_amd64.deb	/home/aella/aws-discovery-focal-jammy-retry-20260831/upgrade-discovery/focal-to-jammy/runtime/deb-cache/40/1b/401bdd44a5882869396362350ca26da52efe1b0d5a2c406dac79e410aea12c60	148238	e13aac87e4143293cf1d3cb82a2458fbeacc234d0db0667fd5567bdcd6da15fe		1	proxy_access_log
focal-to-jammy	deb	libffi7_3.3-5ubuntu1_amd64.deb	http://ap-northeast-2.ec2.archive.ubuntu.com/ubuntu/pool/universe/libf/libffi7/libffi7_3.3-5ubuntu1_amd64.deb	http://ap-northeast-2.ec2.archive.ubuntu.com/ubuntu/pool/universe/libf/libffi7/libffi7_3.3-5ubuntu1_amd64.deb	/home/aella/aws-discovery-focal-jammy-retry-20260831/upgrade-discovery/focal-to-jammy/runtime/deb-cache/a4/9c/a49cfbd42e14403afddfb50bde4ad34495f0fc6ab28916cc8b09c05cf8a2785e	19880	3c88b15b507cdc86c1b79de991128bc26d0493e77ea1905eddd156d379ccdbab		1	proxy_access_log
focal-to-jammy	deb	libfl2_2.6.4-8build2_amd64.deb	http://ap-northeast-2.ec2.archive.ubuntu.com/ubuntu/pool/main/f/flex/libfl2_2.6.4-8build2_amd64.deb	http://ap-northeast-2.ec2.archive.ubuntu.com/ubuntu/pool/main/f/flex/libfl2_2.6.4-8build2_amd64.deb	/home/aella/aws-discovery-focal-jammy-retry-20260831/upgrade-discovery/focal-to-jammy/runtime/deb-cache/1b/a8/1ba8cdf3b8d9d4146da8e20925a6cabbdd0fbe2d7b5fd1c9cf14afec0fe7696b	10684	b36df0dcc7b3c8769b51790fb37f780a7ca6148448af30ce572ab584ddf8a84a		1	proxy_access_log
focal-to-jammy	deb	libfuse2_2.9.9-5ubuntu3_amd64.deb	http://ap-northeast-2.ec2.archive.ubuntu.com/ubuntu/pool/universe/f/fuse/libfuse2_2.9.9-5ubuntu3_amd64.deb	http://ap-northeast-2.ec2.archive.ubuntu.com/ubuntu/pool/universe/f/fuse/libfuse2_2.9.9-5ubuntu3_amd64.deb	/home/aella/aws-discovery-focal-jammy-retry-20260831/upgrade-discovery/focal-to-jammy/runtime/deb-cache/38/25/382520e1626e8e1d5e3792dc2f7d77c4e6972b051d15684bb8fdcceeb0bf328c	90286	accb0569b063a9d21e2c2a4e30b299da4e87d11af3b41ac1c01f7329ba393ea2		1	proxy_access_log
focal-to-jammy	deb	libgcab-1.0-0_1.4-3build2_amd64.deb	http://ap-northeast-2.ec2.archive.ubuntu.com/ubuntu/pool/main/g/gcab/libgcab-1.0-0_1.4-3build2_amd64.deb	http://ap-northeast-2.ec2.archive.ubuntu.com/ubuntu/pool/main/g/gcab/libgcab-1.0-0_1.4-3build2_amd64.deb	/home/aella/aws-discovery-focal-jammy-retry-20260831/upgrade-discovery/focal-to-jammy/runtime/deb-cache/62/ef/62efe468df06fb5d5c8b692998f633df399c7b955a215a82c0c6aec1366d7ce2	28978	314e29376c8b0e6e0480b88bf70df544015df09fef50da19613a758795182c93		1	proxy_access_log
focal-to-jammy	deb	libgudev-1.0-0_237-2build1_amd64.deb	http://ap-northeast-2.ec2.archive.ubuntu.com/ubuntu/pool/main/libg/libgudev/libgudev-1.0-0_237-2build1_amd64.deb	http://ap-northeast-2.ec2.archive.ubuntu.com/ubuntu/pool/main/libg/libgudev/libgudev-1.0-0_237-2build1_amd64.deb	/home/aella/aws-discovery-focal-jammy-retry-20260831/upgrade-discovery/focal-to-jammy/runtime/deb-cache/5f/aa/5faa6111fd31e9261df4949314debaf07c54634fb677c18caf63994687fe65d0	16266	a6683b34922bbf31c93e4903eb796d357ea0909b212a453f2c361c2919f108d8		1	proxy_access_log
focal-to-jammy	deb	libgusb2_0.3.10-1_amd64.deb	http://ap-northeast-2.ec2.archive.ubuntu.com/ubuntu/pool/main/libg/libgusb/libgusb2_0.3.10-1_amd64.deb	http://ap-northeast-2.ec2.archive.ubuntu.com/ubuntu/pool/main/libg/libgusb/libgusb2_0.3.10-1_amd64.deb	/home/aella/aws-discovery-focal-jammy-retry-20260831/upgrade-discovery/focal-to-jammy/runtime/deb-cache/db/13/db135c1dddcb93aa8ebe8b146339c60236cbe9c337df3865ef1dd0dd7f562d25	25752	721a4762268314b0ed05b34cc57741ac94254ce7344cb8cbda6b21880e27a6f0		1	proxy_access_log
focal-to-jammy	deb	libfwupdplugin5_1.7.9-1%7e22.04.3_amd64.deb	http://ap-northeast-2.ec2.archive.ubuntu.com/ubuntu/pool/main/f/fwupd/libfwupdplugin5_1.7.9-1%7e22.04.3_amd64.deb	http://ap-northeast-2.ec2.archive.ubuntu.com/ubuntu/pool/main/f/fwupd/libfwupdplugin5_1.7.9-1%7e22.04.3_amd64.deb	/home/aella/aws-discovery-focal-jammy-retry-20260831/upgrade-discovery/focal-to-jammy/runtime/deb-cache/a3/ec/a3ec9f8d671a6b00d6ac9b2fb5a4899c55e6b70adcf7e753523069e1cd4011b2	191370	4d9d065389d87fc00f7af09bd09167e5549b9a9428020f796098fbd26ad4353c		1	proxy_access_log
focal-to-jammy	deb	libfwupd2_1.7.9-1%7e22.04.3_amd64.deb	http://ap-northeast-2.ec2.archive.ubuntu.com/ubuntu/pool/main/f/fwupd/libfwupd2_1.7.9-1%7e22.04.3_amd64.deb	http://ap-northeast-2.ec2.archive.ubuntu.com/ubuntu/pool/main/f/fwupd/libfwupd2_1.7.9-1%7e22.04.3_amd64.deb	/home/aella/aws-discovery-focal-jammy-retry-20260831/upgrade-discovery/focal-to-jammy/runtime/deb-cache/99/4f/994f6392e48abd645c1555eea8ec418f8916afeb12fb8503960df0ed79dbfdaa	105530	0d26a502e4914026d2da6e727f83a978ca73ae030cfc17b1c6834493178ae59d		1	proxy_access_log
focal-to-jammy	deb	libgeoip1_1.6.12-8_amd64.deb	http://ap-northeast-2.ec2.archive.ubuntu.com/ubuntu/pool/universe/g/geoip/libgeoip1_1.6.12-8_amd64.deb	http://ap-northeast-2.ec2.archive.ubuntu.com/ubuntu/pool/universe/g/geoip/libgeoip1_1.6.12-8_amd64.deb	/home/aella/aws-discovery-focal-jammy-retry-20260831/upgrade-discovery/focal-to-jammy/runtime/deb-cache/f1/03/f1032e610164839709088450d62584dce2090970568a99bb1a0e6413bfa0e1c1	84414	ad84246c559aa2f1f1d4a6b6183be21f22dc295f9efb777200c8c570292fed77		1	proxy_access_log
focal-to-jammy	deb	libheimbase1-heimdal_7.7.0%2bdfsg-3ubuntu1_amd64.deb	http://ap-northeast-2.ec2.archive.ubuntu.com/ubuntu/pool/universe/h/heimdal/libheimbase1-heimdal_7.7.0%2bdfsg-3ubuntu1_amd64.deb	http://ap-northeast-2.ec2.archive.ubuntu.com/ubuntu/pool/universe/h/heimdal/libheimbase1-heimdal_7.7.0%2bdfsg-3ubuntu1_amd64.deb	/home/aella/aws-discovery-focal-jammy-retry-20260831/upgrade-discovery/focal-to-jammy/runtime/deb-cache/b7/15/b7150fca5a6511a866217d7d297458dc2703587082e85afb5394486f6b5ccb71	31534	2602fd6dcd0421aacc4a52eb79da16cc47b45db806bc4981fe455ca9f1fd751b		1	proxy_access_log
focal-to-jammy	deb	libhcrypto4-heimdal_7.7.0%2bdfsg-3ubuntu1_amd64.deb	http://ap-northeast-2.ec2.archive.ubuntu.com/ubuntu/pool/universe/h/heimdal/libhcrypto4-heimdal_7.7.0%2bdfsg-3ubuntu1_amd64.deb	http://ap-northeast-2.ec2.archive.ubuntu.com/ubuntu/pool/universe/h/heimdal/libhcrypto4-heimdal_7.7.0%2bdfsg-3ubuntu1_amd64.deb	/home/aella/aws-discovery-focal-jammy-retry-20260831/upgrade-discovery/focal-to-jammy/runtime/deb-cache/88/13/88135ec131e52fe16fb2dfa9a14baf61ec676c10dbb3195130eae276be790329	98762	b065cfa93230a9814d30de88c4a3ce2abf64aa1dd6a63b70fa0b082e84ccdb33		1	proxy_access_log
focal-to-jammy	deb	libwind0-heimdal_7.7.0%2bdfsg-3ubuntu1_amd64.deb	http://ap-northeast-2.ec2.archive.ubuntu.com/ubuntu/pool/universe/h/heimdal/libwind0-heimdal_7.7.0%2bdfsg-3ubuntu1_amd64.deb	http://ap-northeast-2.ec2.archive.ubuntu.com/ubuntu/pool/universe/h/heimdal/libwind0-heimdal_7.7.0%2bdfsg-3ubuntu1_amd64.deb	/home/aella/aws-discovery-focal-jammy-retry-20260831/upgrade-discovery/focal-to-jammy/runtime/deb-cache/9d/59/9d59955e156bbff52f2a400683628052584f30f81db443cb3ca2c5c3fae846af	69074	555a1886aae38c018e6168824a875b7b9b273db6d808682cd178acb4e6fa63c6		1	proxy_access_log
focal-to-jammy	deb	libhx509-5-heimdal_7.7.0%2bdfsg-3ubuntu1_amd64.deb	http://ap-northeast-2.ec2.archive.ubuntu.com/ubuntu/pool/universe/h/heimdal/libhx509-5-heimdal_7.7.0%2bdfsg-3ubuntu1_amd64.deb	http://ap-northeast-2.ec2.archive.ubuntu.com/ubuntu/pool/universe/h/heimdal/libhx509-5-heimdal_7.7.0%2bdfsg-3ubuntu1_amd64.deb	/home/aella/aws-discovery-focal-jammy-retry-20260831/upgrade-discovery/focal-to-jammy/runtime/deb-cache/34/12/3412d070f8a8feb5ed33ac2ae1c0202ad531571f41de90863b833f1895d524cb	118650	d01c79229cff0295cf643107ba565255f82600b316a282201215ef83d16e2495		1	proxy_access_log
focal-to-jammy	deb	libkrb5-26-heimdal_7.7.0%2bdfsg-3ubuntu1_amd64.deb	http://ap-northeast-2.ec2.archive.ubuntu.com/ubuntu/pool/universe/h/heimdal/libkrb5-26-heimdal_7.7.0%2bdfsg-3ubuntu1_amd64.deb	http://ap-northeast-2.ec2.archive.ubuntu.com/ubuntu/pool/universe/h/heimdal/libkrb5-26-heimdal_7.7.0%2bdfsg-3ubuntu1_amd64.deb	/home/aella/aws-discovery-focal-jammy-retry-20260831/upgrade-discovery/focal-to-jammy/runtime/deb-cache/bf/e8/bfe8f50a4a42cc74206ec17b94213267c331eab6b7ceafc76be565aa91d2d779	229934	d62f831e2078df517cd2955f350448928a73428883a697082035e90a7c6a30d7		1	proxy_access_log
focal-to-jammy	deb	libheimntlm0-heimdal_7.7.0%2bdfsg-3ubuntu1_amd64.deb	http://ap-northeast-2.ec2.archive.ubuntu.com/ubuntu/pool/universe/h/heimdal/libheimntlm0-heimdal_7.7.0%2bdfsg-3ubuntu1_amd64.deb	http://ap-northeast-2.ec2.archive.ubuntu.com/ubuntu/pool/universe/h/heimdal/libheimntlm0-heimdal_7.7.0%2bdfsg-3ubuntu1_amd64.deb	/home/aella/aws-discovery-focal-jammy-retry-20260831/upgrade-discovery/focal-to-jammy/runtime/deb-cache/39/bd/39bdb31b502740c19843ccdcd73c6683dc344a6ff91d3e1fc04b6210dcfdab0f	16962	0782767a975938909af867e0428b5237f5f6b64b4d05ff527bc05b22c004cecf		1	proxy_access_log
focal-to-jammy	deb	libgssapi3-heimdal_7.7.0%2bdfsg-3ubuntu1_amd64.deb	http://ap-northeast-2.ec2.archive.ubuntu.com/ubuntu/pool/universe/h/heimdal/libgssapi3-heimdal_7.7.0%2bdfsg-3ubuntu1_amd64.deb	http://ap-northeast-2.ec2.archive.ubuntu.com/ubuntu/pool/universe/h/heimdal/libgssapi3-heimdal_7.7.0%2bdfsg-3ubuntu1_amd64.deb	/home/aella/aws-discovery-focal-jammy-retry-20260831/upgrade-discovery/focal-to-jammy/runtime/deb-cache/7a/02/7a0246094f37c871b78c281ee91e7e41feb81fa5eb1c6d24b4f285ac628fc821	106240	25dc1842ab12dea91564261815b1cf8d96585cbc9b2621a3a85f1290a6b7370d		1	proxy_access_log
focal-to-jammy	deb	libintl-perl_1.26-3build2_all.deb	http://ap-northeast-2.ec2.archive.ubuntu.com/ubuntu/pool/main/libi/libintl-perl/libintl-perl_1.26-3build2_all.deb	http://ap-northeast-2.ec2.archive.ubuntu.com/ubuntu/pool/main/libi/libintl-perl/libintl-perl_1.26-3build2_all.deb	/home/aella/aws-discovery-focal-jammy-retry-20260831/upgrade-discovery/focal-to-jammy/runtime/deb-cache/94/1f/941f1d998b26f8d0d7242e435f195d9746292fac8c9cb25429c99520fa290497	731258	ce1fba8ddd791985615852de978ed196ec419144d497911cebd3204f30207414		1	proxy_access_log
focal-to-jammy	deb	libintl-xs-perl_1.26-3build2_amd64.deb	http://ap-northeast-2.ec2.archive.ubuntu.com/ubuntu/pool/main/libi/libintl-perl/libintl-xs-perl_1.26-3build2_amd64.deb	http://ap-northeast-2.ec2.archive.ubuntu.com/ubuntu/pool/main/libi/libintl-perl/libintl-xs-perl_1.26-3build2_amd64.deb	/home/aella/aws-discovery-focal-jammy-retry-20260831/upgrade-discovery/focal-to-jammy/runtime/deb-cache/88/9d/889d6577c383f3d36dd84a576cff8d272cebf056590fd17ce0afccbf03b1f8f7	12738	9dfef6a7ecc48a003343da8aca4f2ddf56b95fe2715b33ed22a0c0fa4c4eb3b9		1	proxy_access_log
focal-to-jammy	deb	libjs-highlight.js_9.18.5%2bdfsg1-1_all.deb	http://ap-northeast-2.ec2.archive.ubuntu.com/ubuntu/pool/universe/h/highlight.js/libjs-highlight.js_9.18.5%2bdfsg1-1_all.deb	http://ap-northeast-2.ec2.archive.ubuntu.com/ubuntu/pool/universe/h/highlight.js/libjs-highlight.js_9.18.5%2bdfsg1-1_all.deb	/home/aella/aws-discovery-focal-jammy-retry-20260831/upgrade-discovery/focal-to-jammy/runtime/deb-cache/cc/61/cc61711af1556af9458470dfb8614dcdd102436289973864bd92aadee9d5e7a5	367140	74031e755ab8f794f20766335f1a63ac5131c2840db61ebf62afad5274c801e4		1	proxy_access_log
focal-to-jammy	deb	libjs-jquery_3.6.0%2bdfsg%2b%7e3.5.13-1_all.deb	http://ap-northeast-2.ec2.archive.ubuntu.com/ubuntu/pool/main/n/node-jquery/libjs-jquery_3.6.0%2bdfsg%2b%7e3.5.13-1_all.deb	http://ap-northeast-2.ec2.archive.ubuntu.com/ubuntu/pool/main/n/node-jquery/libjs-jquery_3.6.0%2bdfsg%2b%7e3.5.13-1_all.deb	/home/aella/aws-discovery-focal-jammy-retry-20260831/upgrade-discovery/focal-to-jammy/runtime/deb-cache/ca/df/cadf994d9da43322bf0c0f01c9cace50ce9c19c2763524526e757d115a8c8362	320998	9b8e6deb6db82bf067badb640e56f5a672e89280dab5525feedc8d11323393ef		1	proxy_access_log
focal-to-jammy	deb	libjs-underscore_1.13.2%7edfsg-2_all.deb	http://ap-northeast-2.ec2.archive.ubuntu.com/ubuntu/pool/main/u/underscore/libjs-underscore_1.13.2%7edfsg-2_all.deb	http://ap-northeast-2.ec2.archive.ubuntu.com/ubuntu/pool/main/u/underscore/libjs-underscore_1.13.2%7edfsg-2_all.deb	/home/aella/aws-discovery-focal-jammy-retry-20260831/upgrade-discovery/focal-to-jammy/runtime/deb-cache/37/c7/37c778f76a8dd97a8e55d8b8fb4fb4cdd23904c2de08342daae4d14f719dca30	117782	a34e8c9203de5aa70ce36921483eb40bac56b26141d10d500dfd499cd4e6f74e		1	proxy_access_log
focal-to-jammy	deb	libjs-sphinxdoc_4.3.2-1_all.deb	http://ap-northeast-2.ec2.archive.ubuntu.com/ubuntu/pool/main/s/sphinx/libjs-sphinxdoc_4.3.2-1_all.deb	http://ap-northeast-2.ec2.archive.ubuntu.com/ubuntu/pool/main/s/sphinx/libjs-sphinxdoc_4.3.2-1_all.deb	/home/aella/aws-discovery-focal-jammy-retry-20260831/upgrade-discovery/focal-to-jammy/runtime/deb-cache/8f/21/8f21cf864aa3f5c08b191de27c72408ae3622f8d82c4f994efcbc9668d2b3fc9	138934	2f108dcdc083b2b11904177c9e91a06ca606bcb0ed955cd1bb3e59f0bd6c4fb9		1	proxy_access_log
focal-to-jammy	deb	libldap-common_2.5.20%2bdfsg-0ubuntu0.22.04.1_all.deb	http://ap-northeast-2.ec2.archive.ubuntu.com/ubuntu/pool/main/o/openldap/libldap-common_2.5.20%2bdfsg-0ubuntu0.22.04.1_all.deb	http://ap-northeast-2.ec2.archive.ubuntu.com/ubuntu/pool/main/o/openldap/libldap-common_2.5.20%2bdfsg-0ubuntu0.22.04.1_all.deb	/home/aella/aws-discovery-focal-jammy-retry-20260831/upgrade-discovery/focal-to-jammy/runtime/deb-cache/2c/30/2c30988b3136a0e9737985da9d55350953693bd3a1086e6619a0b7761ed45038	16434	1586f9319660dd82b3aa653b0a2dcdc3b4dd061d4bdef70f1bf6889c680665c0		1	proxy_access_log
focal-to-jammy	deb	liblxc-common_5.0.0%7egit2209-g5a7b9ce67-0ubuntu1.1_amd64.deb	http://ap-northeast-2.ec2.archive.ubuntu.com/ubuntu/pool/universe/l/lxc/liblxc-common_5.0.0%7egit2209-g5a7b9ce67-0ubuntu1.1_amd64.deb	http://ap-northeast-2.ec2.archive.ubuntu.com/ubuntu/pool/universe/l/lxc/liblxc-common_5.0.0%7egit2209-g5a7b9ce67-0ubuntu1.1_amd64.deb	/home/aella/aws-discovery-focal-jammy-retry-20260831/upgrade-discovery/focal-to-jammy/runtime/deb-cache/84/3a/843a3d4a9153700067256f484fe472ca5b2d3dce8002936c92b36bfca35ef48f	459922	d13a16bc3bc29065acdcbd9d2b5b377d99459000496fba6b4c1a795e47653741		1	proxy_access_log
focal-to-jammy	deb	liblxc1_5.0.0%7egit2209-g5a7b9ce67-0ubuntu1.1_amd64.deb	http://ap-northeast-2.ec2.archive.ubuntu.com/ubuntu/pool/universe/l/lxc/liblxc1_5.0.0%7egit2209-g5a7b9ce67-0ubuntu1.1_amd64.deb	http://ap-northeast-2.ec2.archive.ubuntu.com/ubuntu/pool/universe/l/lxc/liblxc1_5.0.0%7egit2209-g5a7b9ce67-0ubuntu1.1_amd64.deb	/home/aella/aws-discovery-focal-jammy-retry-20260831/upgrade-discovery/focal-to-jammy/runtime/deb-cache/25/ce/25ce019a47646a349d038e7a14f5cace6bda163fe3470583b282945205296ef8	356176	01cbec6c948e68698b5484bc2ab32142c069ad82538db90642674ed08fcdb59b		1	proxy_access_log
focal-to-jammy	deb	libmbim-proxy_1.28.0-1%7eubuntu20.04.2_amd64.deb	http://ap-northeast-2.ec2.archive.ubuntu.com/ubuntu/pool/main/libm/libmbim/libmbim-proxy_1.28.0-1%7eubuntu20.04.2_amd64.deb	http://ap-northeast-2.ec2.archive.ubuntu.com/ubuntu/pool/main/libm/libmbim/libmbim-proxy_1.28.0-1%7eubuntu20.04.2_amd64.deb	/home/aella/aws-discovery-focal-jammy-retry-20260831/upgrade-discovery/focal-to-jammy/runtime/deb-cache/05/6a/056af04695901bec75fcde21b351b8bd71ad4b575c9753f9c062d739939b22bf	6160	772cd8efaa454035bfee5ad2e6e5a5d2db1a8b87ba62c575136a2fafbbbdeeba		1	proxy_access_log
focal-to-jammy	deb	libmbim-glib4_1.28.0-1%7eubuntu20.04.2_amd64.deb	http://ap-northeast-2.ec2.archive.ubuntu.com/ubuntu/pool/main/libm/libmbim/libmbim-glib4_1.28.0-1%7eubuntu20.04.2_amd64.deb	http://ap-northeast-2.ec2.archive.ubuntu.com/ubuntu/pool/main/libm/libmbim/libmbim-glib4_1.28.0-1%7eubuntu20.04.2_amd64.deb	/home/aella/aws-discovery-focal-jammy-retry-20260831/upgrade-discovery/focal-to-jammy/runtime/deb-cache/f6/23/f6237d72e3c57a32da068e7e5087cdab76a47838394d72698a3230e6c8e4c91e	191812	79af9cb49160aaa25cef9e5ae3b14d8b3ede56ae8b1dc5875fe6a47c9e4c975c		1	proxy_access_log
focal-to-jammy	deb	libmm-glib0_1.20.0-1%7eubuntu22.04.4_amd64.deb	http://ap-northeast-2.ec2.archive.ubuntu.com/ubuntu/pool/main/m/modemmanager/libmm-glib0_1.20.0-1%7eubuntu22.04.4_amd64.deb	http://ap-northeast-2.ec2.archive.ubuntu.com/ubuntu/pool/main/m/modemmanager/libmm-glib0_1.20.0-1%7eubuntu22.04.4_amd64.deb	/home/aella/aws-discovery-focal-jammy-retry-20260831/upgrade-discovery/focal-to-jammy/runtime/deb-cache/a7/82/a7821770e7cbf965e8edcf4ab549f9e656836bcc90d4f21e947cc7349551ae92	262380	5998341a5eb0e79d00a67d3e931eb4e6633b0f00f79d80a18d6fe39863a8c2ca		1	proxy_access_log
focal-to-jammy	deb	libmodule-find-perl_0.15-1_all.deb	http://ap-northeast-2.ec2.archive.ubuntu.com/ubuntu/pool/main/libm/libmodule-find-perl/libmodule-find-perl_0.15-1_all.deb	http://ap-northeast-2.ec2.archive.ubuntu.com/ubuntu/pool/main/libm/libmodule-find-perl/libmodule-find-perl_0.15-1_all.deb	/home/aella/aws-discovery-focal-jammy-retry-20260831/upgrade-discovery/focal-to-jammy/runtime/deb-cache/84/7a/847a32ec6986af9b38cc1f32368d9c124ee98534140a39d1d8d12cf5680e6560	10944	c32dcdd11df2a481286d604e71fc7cde0fdc115c82ff1b15b26ef4ff03dc8187		1	proxy_access_log
focal-to-jammy	deb	libmodule-scandeps-perl_1.31-1ubuntu0.1_all.deb	http://ap-northeast-2.ec2.archive.ubuntu.com/ubuntu/pool/main/libm/libmodule-scandeps-perl/libmodule-scandeps-perl_1.31-1ubuntu0.1_all.deb	http://ap-northeast-2.ec2.archive.ubuntu.com/ubuntu/pool/main/libm/libmodule-scandeps-perl/libmodule-scandeps-perl_1.31-1ubuntu0.1_all.deb	/home/aella/aws-discovery-focal-jammy-retry-20260831/upgrade-discovery/focal-to-jammy/runtime/deb-cache/2c/9c/2c9cd75e35470ef3f76c580c84d295210bd7fc024bbd76ffed5adc800ee783c9	30662	4e6e3d8d58ef3c3799ec327dd200ae0e6fd9df865ebf82e6aa45945e820b2059		1	proxy_access_log
focal-to-jammy	deb	libncursesw5_6.3-2ubuntu0.2_amd64.deb	http://ap-northeast-2.ec2.archive.ubuntu.com/ubuntu/pool/universe/n/ncurses/libncursesw5_6.3-2ubuntu0.2_amd64.deb	http://ap-northeast-2.ec2.archive.ubuntu.com/ubuntu/pool/universe/n/ncurses/libncursesw5_6.3-2ubuntu0.2_amd64.deb	/home/aella/aws-discovery-focal-jammy-retry-20260831/upgrade-discovery/focal-to-jammy/runtime/deb-cache/88/ce/88ce3414f7df0637d5104920980e60d7b38ef032d6302fc458e8988e4e90564f	133696	8e83197f01eb975dd78d7c8052d511f012e37923d16b9aed7bfa9408783d2e97		1	proxy_access_log
focal-to-jammy	deb	libncurses5_6.3-2ubuntu0.2_amd64.deb	http://ap-northeast-2.ec2.archive.ubuntu.com/ubuntu/pool/universe/n/ncurses/libncurses5_6.3-2ubuntu0.2_amd64.deb	http://ap-northeast-2.ec2.archive.ubuntu.com/ubuntu/pool/universe/n/ncurses/libncurses5_6.3-2ubuntu0.2_amd64.deb	/home/aella/aws-discovery-focal-jammy-retry-20260831/upgrade-discovery/focal-to-jammy/runtime/deb-cache/ff/57/ff57314c58a8082f29268808d403a7d92447f1e57ca8c31b667ebc3794833b5f	106526	91d18fcc4165a40d27e8181eb282bcaf89c2a5e6c6dc182b37df33827407361c		1	proxy_access_log
focal-to-jammy	deb	libtinfo5_6.3-2ubuntu0.2_amd64.deb	http://ap-northeast-2.ec2.archive.ubuntu.com/ubuntu/pool/universe/n/ncurses/libtinfo5_6.3-2ubuntu0.2_amd64.deb	http://ap-northeast-2.ec2.archive.ubuntu.com/ubuntu/pool/universe/n/ncurses/libtinfo5_6.3-2ubuntu0.2_amd64.deb	/home/aella/aws-discovery-focal-jammy-retry-20260831/upgrade-discovery/focal-to-jammy/runtime/deb-cache/cb/e5/cbe5b83d0dc0394597f0118105f2a13622d7ceda24c6155742883e24abcb8038	99990	b9bb64e716a7d9de05b1b33992763142ca81bcae3a7f8ce7e29fa3c6fd32f1e8		1	proxy_access_log
focal-to-jammy	deb	libnih1_1.0.3-12build1_amd64.deb	http://ap-northeast-2.ec2.archive.ubuntu.com/ubuntu/pool/universe/libn/libnih/libnih1_1.0.3-12build1_amd64.deb	http://ap-northeast-2.ec2.archive.ubuntu.com/ubuntu/pool/universe/libn/libnih/libnih1_1.0.3-12build1_amd64.deb	/home/aella/aws-discovery-focal-jammy-retry-20260831/upgrade-discovery/focal-to-jammy/runtime/deb-cache/31/32/3132a883b6390b96487299a998b9f34049d47659f30bfd0835f720ffda716ba0	48528	9db2c3fa8d3e1a9f437b08d3fc64af674a1a19a4a1376ae2c2f0ebce89e7d917		1	proxy_access_log
focal-to-jammy	deb	libnss-nis_3.1-0ubuntu6_amd64.deb	http://ap-northeast-2.ec2.archive.ubuntu.com/ubuntu/pool/main/libn/libnss-nis/libnss-nis_3.1-0ubuntu6_amd64.deb	http://ap-northeast-2.ec2.archive.ubuntu.com/ubuntu/pool/main/libn/libnss-nis/libnss-nis_3.1-0ubuntu6_amd64.deb	/home/aella/aws-discovery-focal-jammy-retry-20260831/upgrade-discovery/focal-to-jammy/runtime/deb-cache/c3/57/c3574aa9cdbee52fceb5b2a8615d38875d5a1cfd309da3312feb44860343d039	27332	2351c0e6e9b36ee75a32519e63662358cda683b3127502559f7209b4dd699dd0		1	proxy_access_log
focal-to-jammy	deb	libnss-nisplus_1.3-0ubuntu6_amd64.deb	http://ap-northeast-2.ec2.archive.ubuntu.com/ubuntu/pool/main/libn/libnss-nisplus/libnss-nisplus_1.3-0ubuntu6_amd64.deb	http://ap-northeast-2.ec2.archive.ubuntu.com/ubuntu/pool/main/libn/libnss-nisplus/libnss-nisplus_1.3-0ubuntu6_amd64.deb	/home/aella/aws-discovery-focal-jammy-retry-20260831/upgrade-discovery/focal-to-jammy/runtime/deb-cache/12/e0/12e0e0cfabf02db623ab21e5fcf2fcb4097761b90284bf7db5472396b4a420ad	22914	e5ae7e4d28e7cc849db6b8fa8368b89a4db5ff225b8fbaf2104f42e2fcfcae2e		1	proxy_access_log
focal-to-jammy	deb	libopts25_5.18.16-4_amd64.deb	http://ap-northeast-2.ec2.archive.ubuntu.com/ubuntu/pool/universe/a/autogen/libopts25_5.18.16-4_amd64.deb	http://ap-northeast-2.ec2.archive.ubuntu.com/ubuntu/pool/universe/a/autogen/libopts25_5.18.16-4_amd64.deb	/home/aella/aws-discovery-focal-jammy-retry-20260831/upgrade-discovery/focal-to-jammy/runtime/deb-cache/29/90/29905d0a5a7f62e5f4e1ad2e5035bc2c092ea1d88921e5c39e93d530c349c435	59516	33044c5666b0bcec6996b38e8b23ff9b40cc2b5b0164b3cfbf5a554bb96ae1a4		1	proxy_access_log
focal-to-jammy	deb	libproc-processtable-perl_0.634-1build1_amd64.deb	http://ap-northeast-2.ec2.archive.ubuntu.com/ubuntu/pool/main/libp/libproc-processtable-perl/libproc-processtable-perl_0.634-1build1_amd64.deb	http://ap-northeast-2.ec2.archive.ubuntu.com/ubuntu/pool/main/libp/libproc-processtable-perl/libproc-processtable-perl_0.634-1build1_amd64.deb	/home/aella/aws-discovery-focal-jammy-retry-20260831/upgrade-discovery/focal-to-jammy/runtime/deb-cache/7e/45/7e45d6005af0b512c0039decdd6df0365e389b70971defec94028e84346d9e09	37466	f104d3a6c90a88b6942308eec86250e63592b3f57da684f8baa3b64576a7ef8b		1	proxy_access_log
focal-to-jammy	deb	libqmi-proxy_1.32.0-1ubuntu0.22.04.1_amd64.deb	http://ap-northeast-2.ec2.archive.ubuntu.com/ubuntu/pool/main/libq/libqmi/libqmi-proxy_1.32.0-1ubuntu0.22.04.1_amd64.deb	http://ap-northeast-2.ec2.archive.ubuntu.com/ubuntu/pool/main/libq/libqmi/libqmi-proxy_1.32.0-1ubuntu0.22.04.1_amd64.deb	/home/aella/aws-discovery-focal-jammy-retry-20260831/upgrade-discovery/focal-to-jammy/runtime/deb-cache/ba/9f/ba9f69370b01cf1fda6957e7dce0fe80b1dd5a4f033a9ee2a291d936687f5858	6072	ccafbcc4738a824fb559fcc788097517bbb5a3a6201c6d6fe6b4eb10061bbd99		1	proxy_access_log
focal-to-jammy	deb	libqmi-glib5_1.32.0-1ubuntu0.22.04.1_amd64.deb	http://ap-northeast-2.ec2.archive.ubuntu.com/ubuntu/pool/main/libq/libqmi/libqmi-glib5_1.32.0-1ubuntu0.22.04.1_amd64.deb	http://ap-northeast-2.ec2.archive.ubuntu.com/ubuntu/pool/main/libq/libqmi/libqmi-glib5_1.32.0-1ubuntu0.22.04.1_amd64.deb	/home/aella/aws-discovery-focal-jammy-retry-20260831/upgrade-discovery/focal-to-jammy/runtime/deb-cache/4c/79/4c79163bf84346ef3d0390b1248cb166f2c595b475bb463ba303dc8b612568d7	772296	19fc86238086cb2c726de6cdc4c10be952968b59c789becfc94f7b066044a1b5		1	proxy_access_log
focal-to-jammy	deb	libsasl2-modules_2.1.27%2bdfsg2-3ubuntu1.2_amd64.deb	http://ap-northeast-2.ec2.archive.ubuntu.com/ubuntu/pool/main/c/cyrus-sasl2/libsasl2-modules_2.1.27%2bdfsg2-3ubuntu1.2_amd64.deb	http://ap-northeast-2.ec2.archive.ubuntu.com/ubuntu/pool/main/c/cyrus-sasl2/libsasl2-modules_2.1.27%2bdfsg2-3ubuntu1.2_amd64.deb	/home/aella/aws-discovery-focal-jammy-retry-20260831/upgrade-discovery/focal-to-jammy/runtime/deb-cache/28/4f/284fb4b3480b620ecaeb4aa9bce6b16fb21d6fc60c0dce2850efb1db6900906e	68804	b96ed7a31d8c1092d031e654a9f4b39705e96979589c4ebb84be2dd19e1a3194		1	proxy_access_log
focal-to-jammy	deb	libsigsegv2_2.13-1ubuntu3_amd64.deb	http://ap-northeast-2.ec2.archive.ubuntu.com/ubuntu/pool/main/libs/libsigsegv/libsigsegv2_2.13-1ubuntu3_amd64.deb	http://ap-northeast-2.ec2.archive.ubuntu.com/ubuntu/pool/main/libs/libsigsegv/libsigsegv2_2.13-1ubuntu3_amd64.deb	/home/aella/aws-discovery-focal-jammy-retry-20260831/upgrade-discovery/focal-to-jammy/runtime/deb-cache/47/32/4732b71e180b7103a971450b1e8e35e6193d7e03493bbc3b049a284f520d0d5a	14612	894fcb0804df54dca59edbd0860d6f3eeac25d1555aebd3fa99d80665969f891		1	proxy_access_log
focal-to-jammy	deb	libsmbios-c2_2.4.3-1build1_amd64.deb	http://ap-northeast-2.ec2.archive.ubuntu.com/ubuntu/pool/main/libs/libsmbios/libsmbios-c2_2.4.3-1build1_amd64.deb	http://ap-northeast-2.ec2.archive.ubuntu.com/ubuntu/pool/main/libs/libsmbios/libsmbios-c2_2.4.3-1build1_amd64.deb	/home/aella/aws-discovery-focal-jammy-retry-20260831/upgrade-discovery/focal-to-jammy/runtime/deb-cache/70/7e/707edd9bf2ef9a55181b27a548a11306b722be58f06594054ca1d2561faa664f	75170	d57248b7e087813fa228ecdf94b375b1ece5e6f4966d3329c0e8b6424fed6111		1	proxy_access_log
focal-to-jammy	deb	libsort-naturally-perl_1.03-2_all.deb	http://ap-northeast-2.ec2.archive.ubuntu.com/ubuntu/pool/main/libs/libsort-naturally-perl/libsort-naturally-perl_1.03-2_all.deb	http://ap-northeast-2.ec2.archive.ubuntu.com/ubuntu/pool/main/libs/libsort-naturally-perl/libsort-naturally-perl_1.03-2_all.deb	/home/aella/aws-discovery-focal-jammy-retry-20260831/upgrade-discovery/focal-to-jammy/runtime/deb-cache/77/6d/776d515b5d6a55db2eb6a46f096fa0ef820561c874711715ef1122cbab0dafd8	13252	2682074ea9b8949b59914c1c9f5b68eb10ce37ca392c6db4af8bdaa4106edb27		1	proxy_access_log
focal-to-jammy	deb	libsoup2.4-common_2.74.2-3ubuntu0.7_all.deb	http://ap-northeast-2.ec2.archive.ubuntu.com/ubuntu/pool/main/libs/libsoup2.4/libsoup2.4-common_2.74.2-3ubuntu0.7_all.deb	http://ap-northeast-2.ec2.archive.ubuntu.com/ubuntu/pool/main/libs/libsoup2.4/libsoup2.4-common_2.74.2-3ubuntu0.7_all.deb	/home/aella/aws-discovery-focal-jammy-retry-20260831/upgrade-discovery/focal-to-jammy/runtime/deb-cache/ef/e2/efe22fefd1bf1ff2d0b5bf824852a6b92943175c4ba7ea54c6a15548ced44453	4898	90920232dbd0808d0ed42b8a531b1fa0d7d87637f482893a5dc4a4a998d336bc		1	proxy_access_log
focal-to-jammy	deb	libsoup2.4-1_2.74.2-3ubuntu0.7_amd64.deb	http://ap-northeast-2.ec2.archive.ubuntu.com/ubuntu/pool/main/libs/libsoup2.4/libsoup2.4-1_2.74.2-3ubuntu0.7_amd64.deb	http://ap-northeast-2.ec2.archive.ubuntu.com/ubuntu/pool/main/libs/libsoup2.4/libsoup2.4-1_2.74.2-3ubuntu0.7_amd64.deb	/home/aella/aws-discovery-focal-jammy-retry-20260831/upgrade-discovery/focal-to-jammy/runtime/deb-cache/e7/47/e7474965c2dbed74b0d0feb0ba7aee05847496458e06fe723b98d3ab7b64311c	287810	e51a22c0558dc96f399c768ceeb65bee08d75912936d9de8ed3cd5858cab7f31		1	proxy_access_log
focal-to-jammy	deb	libtcl8.6_8.6.12%2bdfsg-1build1_amd64.deb	http://ap-northeast-2.ec2.archive.ubuntu.com/ubuntu/pool/main/t/tcl8.6/libtcl8.6_8.6.12%2bdfsg-1build1_amd64.deb	http://ap-northeast-2.ec2.archive.ubuntu.com/ubuntu/pool/main/t/tcl8.6/libtcl8.6_8.6.12%2bdfsg-1build1_amd64.deb	/home/aella/aws-discovery-focal-jammy-retry-20260831/upgrade-discovery/focal-to-jammy/runtime/deb-cache/08/4f/084f4434b350fa33a41e7d9271286af8db6de337f39646ea50b8276cbad4e42a	989614	5232b051f9dcd567648ab3061848329ef15cc3a8cb1e66732be80f102dad293c		1	proxy_access_log
focal-to-jammy	deb	libterm-readkey-perl_2.38-1build4_amd64.deb	http://ap-northeast-2.ec2.archive.ubuntu.com/ubuntu/pool/main/libt/libterm-readkey-perl/libterm-readkey-perl_2.38-1build4_amd64.deb	http://ap-northeast-2.ec2.archive.ubuntu.com/ubuntu/pool/main/libt/libterm-readkey-perl/libterm-readkey-perl_2.38-1build4_amd64.deb	/home/aella/aws-discovery-focal-jammy-retry-20260831/upgrade-discovery/focal-to-jammy/runtime/deb-cache/8a/78/8a78d7f0a6e6df2c8807325ad12160ccd4db13dc085bcd16d42f71656d8d418d	25178	319d8e8dd5c0f00e4594dcbfcb59fd47cef9f895ed495c38175d001008a2fd14		1	proxy_access_log
focal-to-jammy	deb	libtraceevent1_1.3.3-1_amd64.deb	http://ap-northeast-2.ec2.archive.ubuntu.com/ubuntu/pool/universe/libt/libtraceevent/libtraceevent1_1.3.3-1_amd64.deb	http://ap-northeast-2.ec2.archive.ubuntu.com/ubuntu/pool/universe/libt/libtraceevent/libtraceevent1_1.3.3-1_amd64.deb	/home/aella/aws-discovery-focal-jammy-retry-20260831/upgrade-discovery/focal-to-jammy/runtime/deb-cache/2f/c2/2fc2c0b36ea45fe10e8b60ab98ce7fd1ad07ee66120cc8602b27942f4a86c099	50808	ca68e0466e05bd7570d253302f4e68cb7a585dbf7b8b251e6f2afb3ad3c2e359		1	proxy_access_log
focal-to-jammy	deb	libudisks2-0_2.9.4-1ubuntu2.3_amd64.deb	http://ap-northeast-2.ec2.archive.ubuntu.com/ubuntu/pool/main/u/udisks2/libudisks2-0_2.9.4-1ubuntu2.3_amd64.deb	http://ap-northeast-2.ec2.archive.ubuntu.com/ubuntu/pool/main/u/udisks2/libudisks2-0_2.9.4-1ubuntu2.3_amd64.deb	/home/aella/aws-discovery-focal-jammy-retry-20260831/upgrade-discovery/focal-to-jammy/runtime/deb-cache/ca/03/ca03db48c4549fc76eb475782d2b27eae7fabc540ce495cf7035312e35d334be	167354	e2c8344aff7a78478321949de3339057b8ec01d2f1a452bc2e5b426eb545f1de		1	proxy_access_log
focal-to-jammy	deb	liburing2_2.1-2build1_amd64.deb	http://ap-northeast-2.ec2.archive.ubuntu.com/ubuntu/pool/main/libu/liburing/liburing2_2.1-2build1_amd64.deb	http://ap-northeast-2.ec2.archive.ubuntu.com/ubuntu/pool/main/libu/liburing/liburing2_2.1-2build1_amd64.deb	/home/aella/aws-discovery-focal-jammy-retry-20260831/upgrade-discovery/focal-to-jammy/runtime/deb-cache/58/85/58851d4b1b2d29520355cc8e7372a4b4c4816fca26629067b96b252b7bcb3ced	10348	f6e9bdf50c9683cd9a74ad92d51dde085f40baf0a5fcd8a56fc68425c1bd3c5f		1	proxy_access_log
focal-to-jammy	deb	libusb-0.1-4_0.1.12-32build3_amd64.deb	http://ap-northeast-2.ec2.archive.ubuntu.com/ubuntu/pool/main/libu/libusb/libusb-0.1-4_0.1.12-32build3_amd64.deb	http://ap-northeast-2.ec2.archive.ubuntu.com/ubuntu/pool/main/libu/libusb/libusb-0.1-4_0.1.12-32build3_amd64.deb	/home/aella/aws-discovery-focal-jammy-retry-20260831/upgrade-discovery/focal-to-jammy/runtime/deb-cache/f0/02/f002559484f1ce6c3484899fcc14b2d67c1707a587ce879eed95703c1110b165	17724	6fa5afe7de36a3e32bdfbfd0d0ceee0d283d0e5c653ede24d402a2d91c3fb1f0		1	proxy_access_log
focal-to-jammy	deb	linux-modules-6.8.0-1063-aws_6.8.0-1063.66%7e22.04.1_amd64.deb	http://ap-northeast-2.ec2.archive.ubuntu.com/ubuntu/pool/main/l/linux-aws-6.8/linux-modules-6.8.0-1063-aws_6.8.0-1063.66%7e22.04.1_amd64.deb	http://ap-northeast-2.ec2.archive.ubuntu.com/ubuntu/pool/main/l/linux-aws-6.8/linux-modules-6.8.0-1063-aws_6.8.0-1063.66%7e22.04.1_amd64.deb	/home/aella/aws-discovery-focal-jammy-retry-20260831/upgrade-discovery/focal-to-jammy/runtime/deb-cache/f2/ed/f2edbccc8dc8a429c8a6c45b94ba2da14fe9b230d5219337ae0e9c2644d49f72	25427800	4170a8e9b946b6ece34f5fa1dbf9dd1710740a5006260c3786bc8656285babc2		1	proxy_access_log
focal-to-jammy	deb	linux-image-6.8.0-1063-aws_6.8.0-1063.66%7e22.04.1_amd64.deb	http://ap-northeast-2.ec2.archive.ubuntu.com/ubuntu/pool/main/l/linux-signed-aws-6.8/linux-image-6.8.0-1063-aws_6.8.0-1063.66%7e22.04.1_amd64.deb	http://ap-northeast-2.ec2.archive.ubuntu.com/ubuntu/pool/main/l/linux-signed-aws-6.8/linux-image-6.8.0-1063-aws_6.8.0-1063.66%7e22.04.1_amd64.deb	/home/aella/aws-discovery-focal-jammy-retry-20260831/upgrade-discovery/focal-to-jammy/runtime/deb-cache/c3/6f/c36fea819fd72d25e09a13bf597d95469c79b9f3108315ac66b91a9ac9498a1b	14795120	7b0391132b69c495ce7593107dc4422fbc70a42b23afc5964a2041e68098ae1c		1	proxy_access_log
focal-to-jammy	deb	amd64-microcode_3.20191218.1ubuntu2.3_amd64.deb	http://ap-northeast-2.ec2.archive.ubuntu.com/ubuntu/pool/main/a/amd64-microcode/amd64-microcode_3.20191218.1ubuntu2.3_amd64.deb	http://ap-northeast-2.ec2.archive.ubuntu.com/ubuntu/pool/main/a/amd64-microcode/amd64-microcode_3.20191218.1ubuntu2.3_amd64.deb	/home/aella/aws-discovery-focal-jammy-retry-20260831/upgrade-discovery/focal-to-jammy/runtime/deb-cache/58/e6/58e61087bb512c51ba6de37b4d140dd65b230333e2ba56f9f5ad861124440db7	67896	f5c5c26a84fe5d54882b714031e49643976be25031452f7bec9e6f6285f0d28f		1	proxy_access_log
focal-to-jammy	deb	intel-microcode_3.20260210.0ubuntu0.22.04.1_amd64.deb	http://ap-northeast-2.ec2.archive.ubuntu.com/ubuntu/pool/main/i/intel-microcode/intel-microcode_3.20260210.0ubuntu0.22.04.1_amd64.deb	http://ap-northeast-2.ec2.archive.ubuntu.com/ubuntu/pool/main/i/intel-microcode/intel-microcode_3.20260210.0ubuntu0.22.04.1_amd64.deb	/home/aella/aws-discovery-focal-jammy-retry-20260831/upgrade-discovery/focal-to-jammy/runtime/deb-cache/68/bb/68bbd0aa041c4958ae502b52a8cef9a219e07c73eb68cf9b59b706c0baf393f0	13533650	6a3685cddc5b926cc9b6db9b6954dfa6f368324d505220bc0c6d020f98b284a6		1	proxy_access_log
focal-to-jammy	deb	microcode-initrd_2build1_amd64.deb	http://ap-northeast-2.ec2.archive.ubuntu.com/ubuntu/pool/main/m/microcode-initrd/microcode-initrd_2build1_amd64.deb	http://ap-northeast-2.ec2.archive.ubuntu.com/ubuntu/pool/main/m/microcode-initrd/microcode-initrd_2build1_amd64.deb	/home/aella/aws-discovery-focal-jammy-retry-20260831/upgrade-discovery/focal-to-jammy/runtime/deb-cache/ff/20/ff20d3db8b6da115d48202e1646401d272527240f5dab5eb217f03325fe39c01	2904	9a8a4e71221024884d08d4e76b1644c1dea5640761670a91f9bed8e90a18bf6d		1	proxy_access_log
focal-to-jammy	deb	linux-aws_6.8.0-1063.66%7e22.04.1_amd64.deb	http://ap-northeast-2.ec2.archive.ubuntu.com/ubuntu/pool/main/l/linux-meta-aws-6.8/linux-aws_6.8.0-1063.66%7e22.04.1_amd64.deb	http://ap-northeast-2.ec2.archive.ubuntu.com/ubuntu/pool/main/l/linux-meta-aws-6.8/linux-aws_6.8.0-1063.66%7e22.04.1_amd64.deb	/home/aella/aws-discovery-focal-jammy-retry-20260831/upgrade-discovery/focal-to-jammy/runtime/deb-cache/d9/81/d98158a6db156af0d23f0cc340b95ce878a223ebbae282fda88f97164f34253d	1726	6865857784d5f70d43bd94d66e46da540cbf714fd29add7fe471e9b6a588d0ac		1	proxy_access_log
focal-to-jammy	deb	linux-image-aws_6.8.0-1063.66%7e22.04.1_amd64.deb	http://ap-northeast-2.ec2.archive.ubuntu.com/ubuntu/pool/main/l/linux-meta-aws-6.8/linux-image-aws_6.8.0-1063.66%7e22.04.1_amd64.deb	http://ap-northeast-2.ec2.archive.ubuntu.com/ubuntu/pool/main/l/linux-meta-aws-6.8/linux-image-aws_6.8.0-1063.66%7e22.04.1_amd64.deb	/home/aella/aws-discovery-focal-jammy-retry-20260831/upgrade-discovery/focal-to-jammy/runtime/deb-cache/90/42/90429523ab9eafe88e2f734507a7ccdb08193f06b7cc3d9f617716c3be2e2827	2532	46dbf9d2ddf2aff0787afecaa83cd1f5d71a780c0000edc980fa0f6438ec5e81		1	proxy_access_log
focal-to-jammy	deb	linux-aws-6.8-headers-6.8.0-1063_6.8.0-1063.66%7e22.04.1_all.deb	http://ap-northeast-2.ec2.archive.ubuntu.com/ubuntu/pool/main/l/linux-aws-6.8/linux-aws-6.8-headers-6.8.0-1063_6.8.0-1063.66%7e22.04.1_all.deb	http://ap-northeast-2.ec2.archive.ubuntu.com/ubuntu/pool/main/l/linux-aws-6.8/linux-aws-6.8-headers-6.8.0-1063_6.8.0-1063.66%7e22.04.1_all.deb	/home/aella/aws-discovery-focal-jammy-retry-20260831/upgrade-discovery/focal-to-jammy/runtime/deb-cache/3e/f5/3ef5a8e4d4c5bd55002d1081a532fb6b815eb74c051fd3015cffb0fd61be91e5	13591334	15106324f3687d431e894ead60d21b28e6f82ac535e15b693217f8b251650428		1	proxy_access_log
focal-to-jammy	deb	linux-headers-6.8.0-1063-aws_6.8.0-1063.66%7e22.04.1_amd64.deb	http://ap-northeast-2.ec2.archive.ubuntu.com/ubuntu/pool/main/l/linux-aws-6.8/linux-headers-6.8.0-1063-aws_6.8.0-1063.66%7e22.04.1_amd64.deb	http://ap-northeast-2.ec2.archive.ubuntu.com/ubuntu/pool/main/l/linux-aws-6.8/linux-headers-6.8.0-1063-aws_6.8.0-1063.66%7e22.04.1_amd64.deb	/home/aella/aws-discovery-focal-jammy-retry-20260831/upgrade-discovery/focal-to-jammy/runtime/deb-cache/92/22/92220c19e7a3f3605755aee6d1940f755ad9e94bf96469bc7d75a77d901ee966	3584572	f30407862c58cde27d642ee102079f84298dafe8ddacfdb44ed7b5529f237577		1	proxy_access_log
focal-to-jammy	deb	linux-headers-aws_6.8.0-1063.66%7e22.04.1_amd64.deb	http://ap-northeast-2.ec2.archive.ubuntu.com/ubuntu/pool/main/l/linux-meta-aws-6.8/linux-headers-aws_6.8.0-1063.66%7e22.04.1_amd64.deb	http://ap-northeast-2.ec2.archive.ubuntu.com/ubuntu/pool/main/l/linux-meta-aws-6.8/linux-headers-aws_6.8.0-1063.66%7e22.04.1_amd64.deb	/home/aella/aws-discovery-focal-jammy-retry-20260831/upgrade-discovery/focal-to-jammy/runtime/deb-cache/a5/1f/a51f32fc6e5f41cef1cef7ac495b81a7ddb3a964428053896ffa12babef4f00e	2450	c283b7ad726e6203e998f6f013f5c130777289d0a004b9e545b3584ebbbf6a7f		1	proxy_access_log
focal-to-jammy	deb	linux-tools-common_5.15.0-190.200_all.deb	http://ap-northeast-2.ec2.archive.ubuntu.com/ubuntu/pool/main/l/linux/linux-tools-common_5.15.0-190.200_all.deb	http://ap-northeast-2.ec2.archive.ubuntu.com/ubuntu/pool/main/l/linux/linux-tools-common_5.15.0-190.200_all.deb	/home/aella/aws-discovery-focal-jammy-retry-20260831/upgrade-discovery/focal-to-jammy/runtime/deb-cache/a2/f6/a2f6ba8ba646fbbcf6bf51e283a4cc8afc3b59c4cbf2e4fd47f942241c97b353	313210	dca27c402acfec2e4e9cf5d0c06588e2cb4afb598cad3da48afbb57386453627		1	proxy_access_log
focal-to-jammy	deb	linux-aws-6.8-tools-6.8.0-1063_6.8.0-1063.66%7e22.04.1_amd64.deb	http://ap-northeast-2.ec2.archive.ubuntu.com/ubuntu/pool/main/l/linux-aws-6.8/linux-aws-6.8-tools-6.8.0-1063_6.8.0-1063.66%7e22.04.1_amd64.deb	http://ap-northeast-2.ec2.archive.ubuntu.com/ubuntu/pool/main/l/linux-aws-6.8/linux-aws-6.8-tools-6.8.0-1063_6.8.0-1063.66%7e22.04.1_amd64.deb	/home/aella/aws-discovery-focal-jammy-retry-20260831/upgrade-discovery/focal-to-jammy/runtime/deb-cache/f1/be/f1bedd4e5f6c831210161b673c32509dd47af7e711b4094af1e52b2f6742b822	3847926	d0571d653bff0e26f5f3cefb5da356dc9263d02bb5a3a9953bdee1422cbef48d		1	proxy_access_log
focal-to-jammy	deb	linux-aws-headers-5.15.0-1084_5.15.0-1084.91_all.deb	http://ap-northeast-2.ec2.archive.ubuntu.com/ubuntu/pool/main/l/linux-aws/linux-aws-headers-5.15.0-1084_5.15.0-1084.91_all.deb	http://ap-northeast-2.ec2.archive.ubuntu.com/ubuntu/pool/main/l/linux-aws/linux-aws-headers-5.15.0-1084_5.15.0-1084.91_all.deb	/home/aella/aws-discovery-focal-jammy-retry-20260831/upgrade-discovery/focal-to-jammy/runtime/deb-cache/a1/83/a183e8f32c40439ea17255d7a55d4d37efdc1fac7f4bc3617c748f747db9700d	12334724	35215f609220012f2e9925928317c1e56463d098c16371ef2450c64a546df7d8		1	proxy_access_log
focal-to-jammy	deb	linux-headers-5.15.0-1084-aws_5.15.0-1084.91_amd64.deb	http://ap-northeast-2.ec2.archive.ubuntu.com/ubuntu/pool/main/l/linux-aws/linux-headers-5.15.0-1084-aws_5.15.0-1084.91_amd64.deb	http://ap-northeast-2.ec2.archive.ubuntu.com/ubuntu/pool/main/l/linux-aws/linux-headers-5.15.0-1084-aws_5.15.0-1084.91_amd64.deb	/home/aella/aws-discovery-focal-jammy-retry-20260831/upgrade-discovery/focal-to-jammy/runtime/deb-cache/b3/bc/b3bc82010e715c1e8931a4a11c61e85cfda7e54bde3378f25b4ddb73aba3ce1f	2802520	7178321a9bc66ab50a8b337c7ace95f8aa62c8bee4cb4d36dde0efaab8a6b8f4		1	proxy_access_log
focal-to-jammy	deb	linux-modules-5.15.0-1084-aws_5.15.0-1084.91_amd64.deb	http://ap-northeast-2.ec2.archive.ubuntu.com/ubuntu/pool/main/l/linux-aws/linux-modules-5.15.0-1084-aws_5.15.0-1084.91_amd64.deb	http://ap-northeast-2.ec2.archive.ubuntu.com/ubuntu/pool/main/l/linux-aws/linux-modules-5.15.0-1084-aws_5.15.0-1084.91_amd64.deb	/home/aella/aws-discovery-focal-jammy-retry-20260831/upgrade-discovery/focal-to-jammy/runtime/deb-cache/f0/7c/f07cc4e7985d0f72c51e9a5f63ac254923ba7df70f7facfa1293cb95886dab46	22280834	ad54e49a73ac0d3b9e5de3cd6872ba0fdbb35107f1d26d3e9fa6e5b08cb1f043		1	proxy_access_log
focal-to-jammy	deb	linux-image-5.15.0-1084-aws_5.15.0-1084.91_amd64.deb	http://ap-northeast-2.ec2.archive.ubuntu.com/ubuntu/pool/main/l/linux-signed-aws/linux-image-5.15.0-1084-aws_5.15.0-1084.91_amd64.deb	http://ap-northeast-2.ec2.archive.ubuntu.com/ubuntu/pool/main/l/linux-signed-aws/linux-image-5.15.0-1084-aws_5.15.0-1084.91_amd64.deb	/home/aella/aws-discovery-focal-jammy-retry-20260831/upgrade-discovery/focal-to-jammy/runtime/deb-cache/70/d2/70d21cc58ec7b462ba0233eb10379c490d2ab7d2083a4919737500b21b5a5a32	11595528	67f548119ef8490004d796b549cc5b7ce60e66e52664afe6a071c2f4e981082c		1	proxy_access_log
focal-to-jammy	deb	linux-tools-6.8.0-1063-aws_6.8.0-1063.66%7e22.04.1_amd64.deb	http://ap-northeast-2.ec2.archive.ubuntu.com/ubuntu/pool/main/l/linux-aws-6.8/linux-tools-6.8.0-1063-aws_6.8.0-1063.66%7e22.04.1_amd64.deb	http://ap-northeast-2.ec2.archive.ubuntu.com/ubuntu/pool/main/l/linux-aws-6.8/linux-tools-6.8.0-1063-aws_6.8.0-1063.66%7e22.04.1_amd64.deb	/home/aella/aws-discovery-focal-jammy-retry-20260831/upgrade-discovery/focal-to-jammy/runtime/deb-cache/f9/79/f979e8759fa4d748952e484fed9a3e9f03e91450c7b93597bf40e6eb874e2f8f	1798	a38a8d510a452a0a8cbfc6c972f8fb1f24cfba505ecb2d1fafe6b94e3d7a2f21		1	proxy_access_log
focal-to-jammy	deb	ltrace_0.7.3-6.1ubuntu6.22.04.1_amd64.deb	http://ap-northeast-2.ec2.archive.ubuntu.com/ubuntu/pool/universe/l/ltrace/ltrace_0.7.3-6.1ubuntu6.22.04.1_amd64.deb	http://ap-northeast-2.ec2.archive.ubuntu.com/ubuntu/pool/universe/l/ltrace/ltrace_0.7.3-6.1ubuntu6.22.04.1_amd64.deb	/home/aella/aws-discovery-focal-jammy-retry-20260831/upgrade-discovery/focal-to-jammy/runtime/deb-cache/6d/ad/6dadccf12ea3c7c9e559ab04b96c985ae544c4d85dee8bddaf1508565649909c	132548	344cd04b08c23dcfc2aab97904d3a9b10eaf2ede83ea5d2312731faa1813caa1		1	proxy_access_log
focal-to-jammy	deb	lxcfs_5.0.0-0ubuntu2_amd64.deb	http://ap-northeast-2.ec2.archive.ubuntu.com/ubuntu/pool/universe/l/lxcfs/lxcfs_5.0.0-0ubuntu2_amd64.deb	http://ap-northeast-2.ec2.archive.ubuntu.com/ubuntu/pool/universe/l/lxcfs/lxcfs_5.0.0-0ubuntu2_amd64.deb	/home/aella/aws-discovery-focal-jammy-retry-20260831/upgrade-discovery/focal-to-jammy/runtime/deb-cache/7c/15/7c15fb6305eabf0dcd21737916b26e90ed56ce9b0adb5f5612083bdcb10db096	81124	ab9e030e1152a46e0eb9e76a4dc32acb1965ec32aa6d60e1302d68eae890c590		1	proxy_access_log
focal-to-jammy	deb	lxd-agent-loader_0.5_all.deb	http://ap-northeast-2.ec2.archive.ubuntu.com/ubuntu/pool/main/l/lxd-agent-loader/lxd-agent-loader_0.5_all.deb	http://ap-northeast-2.ec2.archive.ubuntu.com/ubuntu/pool/main/l/lxd-agent-loader/lxd-agent-loader_0.5_all.deb	/home/aella/aws-discovery-focal-jammy-retry-20260831/upgrade-discovery/focal-to-jammy/runtime/deb-cache/bc/10/bc1004c944b3e394a1ef1d43e68dbb7efb4ea1202686baec45ae6e95dc3904b1	3894	9a8c5214ac51920b51938af8125a36160425fa682da202dba22386bc72ee46ce		1	proxy_access_log
focal-to-jammy	deb	makedev_2.3.1-95_all.deb	http://ap-northeast-2.ec2.archive.ubuntu.com/ubuntu/pool/universe/m/makedev/makedev_2.3.1-95_all.deb	http://ap-northeast-2.ec2.archive.ubuntu.com/ubuntu/pool/universe/m/makedev/makedev_2.3.1-95_all.deb	/home/aella/aws-discovery-focal-jammy-retry-20260831/upgrade-discovery/focal-to-jammy/runtime/deb-cache/de/3d/de3d47aa02e1d1cee875f8e37c20cfcd3d72e6fb84ba89515bd74e23b2977c16	27038	1c184ec3adf86c8616734dac6ab0a6c3346a7b998108b11f00b1e04553496e5a		1	proxy_access_log
focal-to-jammy	deb	mlocate_1.1.15-1ubuntu2_all.deb	http://ap-northeast-2.ec2.archive.ubuntu.com/ubuntu/pool/main/p/plocate/mlocate_1.1.15-1ubuntu2_all.deb	http://ap-northeast-2.ec2.archive.ubuntu.com/ubuntu/pool/main/p/plocate/mlocate_1.1.15-1ubuntu2_all.deb	/home/aella/aws-discovery-focal-jammy-retry-20260831/upgrade-discovery/focal-to-jammy/runtime/deb-cache/f0/93/f093684e58268b9890b7a854c9ffc80dcc7aff125514d3c36d2552d1067574a9	1670	0c423ff02dbbea34282748a40525c892285f842f379fa9245a6bcdbcdca4c8f6		1	proxy_access_log
focal-to-jammy	deb	plocate_1.1.15-1ubuntu2_amd64.deb	http://ap-northeast-2.ec2.archive.ubuntu.com/ubuntu/pool/main/p/plocate/plocate_1.1.15-1ubuntu2_amd64.deb	http://ap-northeast-2.ec2.archive.ubuntu.com/ubuntu/pool/main/p/plocate/plocate_1.1.15-1ubuntu2_amd64.deb	/home/aella/aws-discovery-focal-jammy-retry-20260831/upgrade-discovery/focal-to-jammy/runtime/deb-cache/da/da/dadae55975806ae92b9b0b3aa8affed8283e5a5e366791ddbdefe211c099887e	129204	c11c1366715dd6a0ae5182e6b2b403f95d3ecfe145c0eb3f11d51caafc9b5e09		1	proxy_access_log
focal-to-jammy	deb	modemmanager_1.20.0-1%7eubuntu22.04.4_amd64.deb	http://ap-northeast-2.ec2.archive.ubuntu.com/ubuntu/pool/main/m/modemmanager/modemmanager_1.20.0-1%7eubuntu22.04.4_amd64.deb	http://ap-northeast-2.ec2.archive.ubuntu.com/ubuntu/pool/main/m/modemmanager/modemmanager_1.20.0-1%7eubuntu22.04.4_amd64.deb	/home/aella/aws-discovery-focal-jammy-retry-20260831/upgrade-discovery/focal-to-jammy/runtime/deb-cache/4a/ae/4aaec8db8d7a5d82dd0b099faff8e168fe3452f35e1a4113d14f2eb19be8dd91	1093930	94e7016de7dc8c9d40b96ca4398c2c353ec52af10a8db23b89193bb820bba362		1	proxy_access_log
focal-to-jammy	deb	needrestart_3.5-5ubuntu2.5_all.deb	http://ap-northeast-2.ec2.archive.ubuntu.com/ubuntu/pool/main/n/needrestart/needrestart_3.5-5ubuntu2.5_all.deb	http://ap-northeast-2.ec2.archive.ubuntu.com/ubuntu/pool/main/n/needrestart/needrestart_3.5-5ubuntu2.5_all.deb	/home/aella/aws-discovery-focal-jammy-retry-20260831/upgrade-discovery/focal-to-jammy/runtime/deb-cache/3a/ef/3aef656b220477bbfc95ae17f340d89cc31e41512b48caa91477aa56a27f7c8d	45456	c6d6736db24266be59bc6be51d5423fdaa95ca99c37338744c4fa6c82ed54944		1	proxy_access_log
focal-to-jammy	deb	net-tools_1.60%2bgit20181103.0eebece-1ubuntu5.4_amd64.deb	http://ap-northeast-2.ec2.archive.ubuntu.com/ubuntu/pool/main/n/net-tools/net-tools_1.60%2bgit20181103.0eebece-1ubuntu5.4_amd64.deb	http://ap-northeast-2.ec2.archive.ubuntu.com/ubuntu/pool/main/n/net-tools/net-tools_1.60%2bgit20181103.0eebece-1ubuntu5.4_amd64.deb	/home/aella/aws-discovery-focal-jammy-retry-20260831/upgrade-discovery/focal-to-jammy/runtime/deb-cache/44/ca/44ca6852333775664e085a73e963dd24ad59df76a21f3c825dd4e4680a520992	204402	c91b28875fad3ee9345cc2f3d6f9b24e19208571f34fae19b4097b92af9aef0c		1	proxy_access_log
focal-to-jammy	deb	nodejs-doc_12.22.9%7edfsg-1ubuntu3.6_all.deb	http://ap-northeast-2.ec2.archive.ubuntu.com/ubuntu/pool/universe/n/nodejs/nodejs-doc_12.22.9%7edfsg-1ubuntu3.6_all.deb	http://ap-northeast-2.ec2.archive.ubuntu.com/ubuntu/pool/universe/n/nodejs/nodejs-doc_12.22.9%7edfsg-1ubuntu3.6_all.deb	/home/aella/aws-discovery-focal-jammy-retry-20260831/upgrade-discovery/focal-to-jammy/runtime/deb-cache/a5/6b/a56b59b87e5eaef104758c53e021ce086b8e5dd279f0d4b37e40c8105c87536c	2411158	c7b32814e006233ce2ab61cbdd8071c97e598ff76d4165a0184ede01c00f7c67		1	proxy_access_log
focal-to-jammy	deb	sntp_4.2.8p15%2bdfsg-1ubuntu2_amd64.deb	http://ap-northeast-2.ec2.archive.ubuntu.com/ubuntu/pool/universe/n/ntp/sntp_4.2.8p15%2bdfsg-1ubuntu2_amd64.deb	http://ap-northeast-2.ec2.archive.ubuntu.com/ubuntu/pool/universe/n/ntp/sntp_4.2.8p15%2bdfsg-1ubuntu2_amd64.deb	/home/aella/aws-discovery-focal-jammy-retry-20260831/upgrade-discovery/focal-to-jammy/runtime/deb-cache/8a/55/8a5544929d8bd4e708abded9f3ffd503ab69c9ebbdde5edab4909f36dd0c51a4	67140	39b1ef462730a9b8b734a3e1a2eb3115af206104b43f3f9ee383674729e93e2c		1	proxy_access_log
focal-to-jammy	deb	ntp_4.2.8p15%2bdfsg-1ubuntu2_amd64.deb	http://ap-northeast-2.ec2.archive.ubuntu.com/ubuntu/pool/universe/n/ntp/ntp_4.2.8p15%2bdfsg-1ubuntu2_amd64.deb	http://ap-northeast-2.ec2.archive.ubuntu.com/ubuntu/pool/universe/n/ntp/ntp_4.2.8p15%2bdfsg-1ubuntu2_amd64.deb	/home/aella/aws-discovery-focal-jammy-retry-20260831/upgrade-discovery/focal-to-jammy/runtime/deb-cache/db/df/dbdfd10ed492aa72dc6eea0a5c43e0f9e81f3e49e1542ff28ec0568f96c67891	720770	ff9cd9c7e5a19bb4412f8be53d5171f00919fa0ea17733762e4e8e26c080f51a		1	proxy_access_log
focal-to-jammy	deb	ntpdate_4.2.8p15%2bdfsg-1ubuntu2_amd64.deb	http://ap-northeast-2.ec2.archive.ubuntu.com/ubuntu/pool/universe/n/ntp/ntpdate_4.2.8p15%2bdfsg-1ubuntu2_amd64.deb	http://ap-northeast-2.ec2.archive.ubuntu.com/ubuntu/pool/universe/n/ntp/ntpdate_4.2.8p15%2bdfsg-1ubuntu2_amd64.deb	/home/aella/aws-discovery-focal-jammy-retry-20260831/upgrade-discovery/focal-to-jammy/runtime/deb-cache/d9/37/d93756997bdbe72efbbe88b604c906ff28164d34a2136a36d5f0b2b5849db8a7	51490	b8efaabbbc9a5c4efe3cd8de5666b5691a5d782aca8f4bbb33c92b3002fca708		1	proxy_access_log
focal-to-jammy	deb	os-prober_1.79ubuntu2_amd64.deb	http://ap-northeast-2.ec2.archive.ubuntu.com/ubuntu/pool/main/o/os-prober/os-prober_1.79ubuntu2_amd64.deb	http://ap-northeast-2.ec2.archive.ubuntu.com/ubuntu/pool/main/o/os-prober/os-prober_1.79ubuntu2_amd64.deb	/home/aella/aws-discovery-focal-jammy-retry-20260831/upgrade-discovery/focal-to-jammy/runtime/deb-cache/0f/4c/0f4c42a0a5afef4c5eee91e4bf07d4992f540f8dbc93044cbcca857b9563c7f0	19332	79bd16f038de632156ad5b2abeb2d29ee80ca54fc396fd7f1dae842470be6656		1	proxy_access_log
focal-to-jammy	deb	pastebinit_1.5.1-1ubuntu1_all.deb	http://ap-northeast-2.ec2.archive.ubuntu.com/ubuntu/pool/main/p/pastebinit/pastebinit_1.5.1-1ubuntu1_all.deb	http://ap-northeast-2.ec2.archive.ubuntu.com/ubuntu/pool/main/p/pastebinit/pastebinit_1.5.1-1ubuntu1_all.deb	/home/aella/aws-discovery-focal-jammy-retry-20260831/upgrade-discovery/focal-to-jammy/runtime/deb-cache/37/5f/375f57a2ec32185762c9481f6182d851c4ee70b2154ba88e95cb1b56fee202dc	14620	158a6a0b9d014598e60a1479637a41984c76c95d99641ebdb4d9c8093126fa84		1	proxy_access_log
focal-to-jammy	deb	python-setuptools_44.1.1-1.2ubuntu0.22.04.1_all.deb	http://ap-northeast-2.ec2.archive.ubuntu.com/ubuntu/pool/universe/p/python-setuptools/python-setuptools_44.1.1-1.2ubuntu0.22.04.1_all.deb	http://ap-northeast-2.ec2.archive.ubuntu.com/ubuntu/pool/universe/p/python-setuptools/python-setuptools_44.1.1-1.2ubuntu0.22.04.1_all.deb	/home/aella/aws-discovery-focal-jammy-retry-20260831/upgrade-discovery/focal-to-jammy/runtime/deb-cache/47/e3/47e3f82abeb16ccc774319fe8c8bdf7bf533b8e44942efa5337eec321d5182b3	333954	a079a18ca9cbd49bce5d732013baa8b155cba3f383beafcd9800e621d3580bd4		1	proxy_access_log
focal-to-jammy	deb	python-pkg-resources_44.1.1-1.2ubuntu0.22.04.1_all.deb	http://ap-northeast-2.ec2.archive.ubuntu.com/ubuntu/pool/universe/p/python-setuptools/python-pkg-resources_44.1.1-1.2ubuntu0.22.04.1_all.deb	http://ap-northeast-2.ec2.archive.ubuntu.com/ubuntu/pool/universe/p/python-setuptools/python-pkg-resources_44.1.1-1.2ubuntu0.22.04.1_all.deb	/home/aella/aws-discovery-focal-jammy-retry-20260831/upgrade-discovery/focal-to-jammy/runtime/deb-cache/f4/27/f4270a0a41ebf5c7e52cc9f33f3d27cb9465d068648ac93155e12e470f731d56	128238	78eedfe58b0ad51aae6ebde81f08e498b750a1caf37ff206be289f601038db67		1	proxy_access_log
focal-to-jammy	deb	python-six_1.16.0-3ubuntu1_all.deb	http://ap-northeast-2.ec2.archive.ubuntu.com/ubuntu/pool/universe/s/six/python-six_1.16.0-3ubuntu1_all.deb	http://ap-northeast-2.ec2.archive.ubuntu.com/ubuntu/pool/universe/s/six/python-six_1.16.0-3ubuntu1_all.deb	/home/aella/aws-discovery-focal-jammy-retry-20260831/upgrade-discovery/focal-to-jammy/runtime/deb-cache/de/2d/de2d2f3785a6654ad4555cbfe756cb3a094dcf45828baad51bc381dfac4f8a47	12588	abe06c64f9ea6fe5dece0936962ce480b96919b11ff67b35f5a96e7d5e044ed7		1	proxy_access_log
focal-to-jammy	deb	python3-argcomplete_1.8.1-1.5_all.deb	http://ap-northeast-2.ec2.archive.ubuntu.com/ubuntu/pool/universe/p/python-argcomplete/python3-argcomplete_1.8.1-1.5_all.deb	http://ap-northeast-2.ec2.archive.ubuntu.com/ubuntu/pool/universe/p/python-argcomplete/python3-argcomplete_1.8.1-1.5_all.deb	/home/aella/aws-discovery-focal-jammy-retry-20260831/upgrade-discovery/focal-to-jammy/runtime/deb-cache/d1/43/d1430c24c949da7e157bd051433a250040f3a0cee48ee3863be370053cd0adc4	27236	48000c0bf8885d320772e7a3d239497f6aacc0ebf4118f4f4a20d9a1376ea77e		1	proxy_access_log
focal-to-jammy	deb	python3-asn1crypto_1.4.0-1_all.deb	http://ap-northeast-2.ec2.archive.ubuntu.com/ubuntu/pool/universe/a/asn1crypto/python3-asn1crypto_1.4.0-1_all.deb	http://ap-northeast-2.ec2.archive.ubuntu.com/ubuntu/pool/universe/a/asn1crypto/python3-asn1crypto_1.4.0-1_all.deb	/home/aella/aws-discovery-focal-jammy-retry-20260831/upgrade-discovery/focal-to-jammy/runtime/deb-cache/cf/24/cf24623d18ba5b1dc2b68138999b5940568feb7d5aa618479bac1c7eb6176095	77136	6079bc2129b6a7b891f587a466eb3ea68a57a4d6aa9ed74f0f1a8a02160737a9		1	proxy_access_log
focal-to-jammy	deb	python3-colorama_0.4.4-1_all.deb	http://ap-northeast-2.ec2.archive.ubuntu.com/ubuntu/pool/main/p/python-colorama/python3-colorama_0.4.4-1_all.deb	http://ap-northeast-2.ec2.archive.ubuntu.com/ubuntu/pool/main/p/python-colorama/python3-colorama_0.4.4-1_all.deb	/home/aella/aws-discovery-focal-jammy-retry-20260831/upgrade-discovery/focal-to-jammy/runtime/deb-cache/6f/5c/6f5ca9c60af69c98cc0ed3dc2070fdd7ea2e884a227ee51c3cf2a49eb33a6f57	24532	2170206c8a9005499c5fe8ee5bbdadb4de929452311ca4a04a90457112656c55		1	proxy_access_log
focal-to-jammy	deb	python3-click_8.0.3-1_all.deb	http://ap-northeast-2.ec2.archive.ubuntu.com/ubuntu/pool/main/p/python-click/python3-click_8.0.3-1_all.deb	http://ap-northeast-2.ec2.archive.ubuntu.com/ubuntu/pool/main/p/python-click/python3-click_8.0.3-1_all.deb	/home/aella/aws-discovery-focal-jammy-retry-20260831/upgrade-discovery/focal-to-jammy/runtime/deb-cache/6a/a6/6aa63a6808fea3e1a51680190c932b52f0922b724071402f3cbe8da6226df395	78292	b88203edb8f5f226eec97609709d7cc9984ad1a08bf5e59ee148fc60518218d7		1	proxy_access_log
focal-to-jammy	deb	python3-entrypoints_0.4-1_all.deb	http://ap-northeast-2.ec2.archive.ubuntu.com/ubuntu/pool/universe/e/entrypoints/python3-entrypoints_0.4-1_all.deb	http://ap-northeast-2.ec2.archive.ubuntu.com/ubuntu/pool/universe/e/entrypoints/python3-entrypoints_0.4-1_all.deb	/home/aella/aws-discovery-focal-jammy-retry-20260831/upgrade-discovery/focal-to-jammy/runtime/deb-cache/1d/48/1d480280ea180e35a2b6e82e8975d44ea7fbe242d5cb87be69a7ebc1d7993bf7	7112	971fbde351e47a90d28a012f763c8f87ef9eb238fb5511dfb1bb8fdb240411f0		1	proxy_access_log
focal-to-jammy	deb	python3-jmespath_0.10.0-1_all.deb	http://ap-northeast-2.ec2.archive.ubuntu.com/ubuntu/pool/main/p/python-jmespath/python3-jmespath_0.10.0-1_all.deb	http://ap-northeast-2.ec2.archive.ubuntu.com/ubuntu/pool/main/p/python-jmespath/python3-jmespath_0.10.0-1_all.deb	/home/aella/aws-discovery-focal-jammy-retry-20260831/upgrade-discovery/focal-to-jammy/runtime/deb-cache/01/e5/01e51ebece9ccd53e1a970808ca465cba3ecb5955f5171f975b218cb5095625e	21708	e2c2a699da4ac80dcdeb680b2110d4cf95766334c5f67f8868856d9b9883970f		1	proxy_access_log
focal-to-jammy	deb	python3-jsonpatch_1.32-2_all.deb	http://ap-northeast-2.ec2.archive.ubuntu.com/ubuntu/pool/main/p/python-json-patch/python3-jsonpatch_1.32-2_all.deb	http://ap-northeast-2.ec2.archive.ubuntu.com/ubuntu/pool/main/p/python-json-patch/python3-jsonpatch_1.32-2_all.deb	/home/aella/aws-discovery-focal-jammy-retry-20260831/upgrade-discovery/focal-to-jammy/runtime/deb-cache/87/32/87323bc4405525acc91d8e8af7bdf4af4793f5b383b0436368c8cc8c4486d16b	12746	3f59320cdee24bafd5d9845eccdf38360355c1286d7fdbabc83bd885f1d99c57		1	proxy_access_log
focal-to-jammy	deb	python3-ntlm-auth_1.4.0-1_all.deb	http://ap-northeast-2.ec2.archive.ubuntu.com/ubuntu/pool/universe/p/python-ntlm-auth/python3-ntlm-auth_1.4.0-1_all.deb	http://ap-northeast-2.ec2.archive.ubuntu.com/ubuntu/pool/universe/p/python-ntlm-auth/python3-ntlm-auth_1.4.0-1_all.deb	/home/aella/aws-discovery-focal-jammy-retry-20260831/upgrade-discovery/focal-to-jammy/runtime/deb-cache/61/20/61203691f77307695d4498a0e604f133f460cfcd95bd7e8a4dd39f6a88801996	20384	79463381f5ccef366c45db691b884105bcfc11d9f661877f0fad36d064e68429		1	proxy_access_log
focal-to-jammy	deb	python3-wcwidth_0.2.5%2bdfsg1-1_all.deb	http://ap-northeast-2.ec2.archive.ubuntu.com/ubuntu/pool/main/w/wcwidth/python3-wcwidth_0.2.5%2bdfsg1-1_all.deb	http://ap-northeast-2.ec2.archive.ubuntu.com/ubuntu/pool/main/w/wcwidth/python3-wcwidth_0.2.5%2bdfsg1-1_all.deb	/home/aella/aws-discovery-focal-jammy-retry-20260831/upgrade-discovery/focal-to-jammy/runtime/deb-cache/b9/55/b95500dd6f883af4e9cb699ed22b9c207ba9668559dfd08b80b13e1b8a9c51b9	21924	d79ecc231e1a1769691c0551ba6efc69dba78ee6f8055cb671d6e913bcda2505		1	proxy_access_log
focal-to-jammy	deb	python3-prettytable_2.5.0-2_all.deb	http://ap-northeast-2.ec2.archive.ubuntu.com/ubuntu/pool/main/p/prettytable/python3-prettytable_2.5.0-2_all.deb	http://ap-northeast-2.ec2.archive.ubuntu.com/ubuntu/pool/main/p/prettytable/python3-prettytable_2.5.0-2_all.deb	/home/aella/aws-discovery-focal-jammy-retry-20260831/upgrade-discovery/focal-to-jammy/runtime/deb-cache/11/97/1197740e4ea96d1b9f8b83b2894b00d1ebdbb69a26ad0914748c11da9c00ebf7	31318	fe811f599f8e5db0bec108bf051b4d6f449e98e7cf5aff424b3ba41ec62c0a1e		1	proxy_access_log
focal-to-jammy	deb	python3-requests-ntlm_1.1.0-1.1_all.deb	http://ap-northeast-2.ec2.archive.ubuntu.com/ubuntu/pool/universe/p/python-requests-ntlm/python3-requests-ntlm_1.1.0-1.1_all.deb	http://ap-northeast-2.ec2.archive.ubuntu.com/ubuntu/pool/universe/p/python-requests-ntlm/python3-requests-ntlm_1.1.0-1.1_all.deb	/home/aella/aws-discovery-focal-jammy-retry-20260831/upgrade-discovery/focal-to-jammy/runtime/deb-cache/50/e2/50e26a297d8a6997123bc31a92d127a69bf9eb06b27ecdb0fdc6cebbeef8baf6	6160	0e524ce1f739daea27fdb8eabe8d273ae480ac0a02258ccbfe236a48c9f66c66		1	proxy_access_log
focal-to-jammy	deb	python3-requests-toolbelt_0.9.1-1_all.deb	http://ap-northeast-2.ec2.archive.ubuntu.com/ubuntu/pool/main/p/python-requests-toolbelt/python3-requests-toolbelt_0.9.1-1_all.deb	http://ap-northeast-2.ec2.archive.ubuntu.com/ubuntu/pool/main/p/python-requests-toolbelt/python3-requests-toolbelt_0.9.1-1_all.deb	/home/aella/aws-discovery-focal-jammy-retry-20260831/upgrade-discovery/focal-to-jammy/runtime/deb-cache/76/06/7606413cae9ac6d4a0b1042a0e2a20d31a96cc93857491cda640904aebab148d	37984	c6e27914a756023deb91ce1b7eb7e1fba12cd6383a74a667befc3d935b700ac5		1	proxy_access_log
focal-to-jammy	deb	python3-serial_3.5-1_all.deb	http://ap-northeast-2.ec2.archive.ubuntu.com/ubuntu/pool/main/p/pyserial/python3-serial_3.5-1_all.deb	http://ap-northeast-2.ec2.archive.ubuntu.com/ubuntu/pool/main/p/pyserial/python3-serial_3.5-1_all.deb	/home/aella/aws-discovery-focal-jammy-retry-20260831/upgrade-discovery/focal-to-jammy/runtime/deb-cache/7b/3f/7b3f3f4c4323f0c3c5676a59aa50d214c2c9f6d2ff41e2f81d669739803434db	78684	0365a3f0bf862a73109371e91e264d7bf13a33867f7866e7a4ae81dc1beaa6d7		1	proxy_access_log
focal-to-jammy	deb	python3-xmltodict_0.12.0-2_all.deb	http://ap-northeast-2.ec2.archive.ubuntu.com/ubuntu/pool/universe/p/python-xmltodict/python3-xmltodict_0.12.0-2_all.deb	http://ap-northeast-2.ec2.archive.ubuntu.com/ubuntu/pool/universe/p/python-xmltodict/python3-xmltodict_0.12.0-2_all.deb	/home/aella/aws-discovery-focal-jammy-retry-20260831/upgrade-discovery/focal-to-jammy/runtime/deb-cache/38/97/3897723af17084d7f6ccdecc0f380b1f8e366ba26bf6a748431f656372469b87	12608	343d0ebe23277f26eb1281542664f62ed652b5fc452bba5e57e06ccf0b626228		1	proxy_access_log
focal-to-jammy	deb	sbsigntool_0.9.4-2ubuntu2_amd64.deb	http://ap-northeast-2.ec2.archive.ubuntu.com/ubuntu/pool/main/s/sbsigntool/sbsigntool_0.9.4-2ubuntu2_amd64.deb	http://ap-northeast-2.ec2.archive.ubuntu.com/ubuntu/pool/main/s/sbsigntool/sbsigntool_0.9.4-2ubuntu2_amd64.deb	/home/aella/aws-discovery-focal-jammy-retry-20260831/upgrade-discovery/focal-to-jammy/runtime/deb-cache/fa/35/fa358a4b664222b82af375c3bf937c27882190f49cbd37c6d83f2bdc566f1b49	53802	2ce0efe5a6bfc069e7e412d077cf6feebd2f1b2a486cd53d91a93917a0c6aecd		1	proxy_access_log
focal-to-jammy	deb	secureboot-db_1.8_amd64.deb	http://ap-northeast-2.ec2.archive.ubuntu.com/ubuntu/pool/main/s/secureboot-db/secureboot-db_1.8_amd64.deb	http://ap-northeast-2.ec2.archive.ubuntu.com/ubuntu/pool/main/s/secureboot-db/secureboot-db_1.8_amd64.deb	/home/aella/aws-discovery-focal-jammy-retry-20260831/upgrade-discovery/focal-to-jammy/runtime/deb-cache/83/6b/836b8ea0db06ef26ac6995ae87f6e89ddcb941b7608e34ba0196b259530bd184	9556	eef45c4a226f26a0f86d5a366bacd3955fa036f276d4107d34d4df2e66345ad4		1	proxy_access_log
focal-to-jammy	deb	systemd-hwe-hwdb_249.11.6_all.deb	http://ap-northeast-2.ec2.archive.ubuntu.com/ubuntu/pool/main/s/systemd-hwe/systemd-hwe-hwdb_249.11.6_all.deb	http://ap-northeast-2.ec2.archive.ubuntu.com/ubuntu/pool/main/s/systemd-hwe/systemd-hwe-hwdb_249.11.6_all.deb	/home/aella/aws-discovery-focal-jammy-retry-20260831/upgrade-discovery/focal-to-jammy/runtime/deb-cache/06/46/0646dd96a36c9c51679c68ed3df2c966c2b620ca7cc990292723231c9b0d4bd8	3668	f03705f819ff7ff330d7adae7a0b2b0db4be2d4928ab57907a2191335b156a95		1	proxy_access_log
focal-to-jammy	deb	tcl8.6_8.6.12%2bdfsg-1build1_amd64.deb	http://ap-northeast-2.ec2.archive.ubuntu.com/ubuntu/pool/main/t/tcl8.6/tcl8.6_8.6.12%2bdfsg-1build1_amd64.deb	http://ap-northeast-2.ec2.archive.ubuntu.com/ubuntu/pool/main/t/tcl8.6/tcl8.6_8.6.12%2bdfsg-1build1_amd64.deb	/home/aella/aws-discovery-focal-jammy-retry-20260831/upgrade-discovery/focal-to-jammy/runtime/deb-cache/08/19/08197f639d23c8748600ae043dbf1490b4447405c567f933c598185fef6daf84	15028	c67d4a690cdc3bbca57c254cb1d60cb80d84e5ad3f77c4d4eca21582ff2a7743		1	proxy_access_log
focal-to-jammy	deb	tcl_8.6.11%2b1build2_amd64.deb	http://ap-northeast-2.ec2.archive.ubuntu.com/ubuntu/pool/main/t/tcltk-defaults/tcl_8.6.11%2b1build2_amd64.deb	http://ap-northeast-2.ec2.archive.ubuntu.com/ubuntu/pool/main/t/tcltk-defaults/tcl_8.6.11%2b1build2_amd64.deb	/home/aella/aws-discovery-focal-jammy-retry-20260831/upgrade-discovery/focal-to-jammy/runtime/deb-cache/f9/90/f9902bc7ad0a917246452d47045ff31069bda0b15ec5aa7aeac3884da1c86b3e	4678	cd3f0b39d0030021a264867f9b58a12aba9555c8760d904143630790f56634de		1	proxy_access_log
focal-to-jammy	deb	thin-provisioning-tools_0.9.0-2ubuntu1_amd64.deb	http://ap-northeast-2.ec2.archive.ubuntu.com/ubuntu/pool/main/t/thin-provisioning-tools/thin-provisioning-tools_0.9.0-2ubuntu1_amd64.deb	http://ap-northeast-2.ec2.archive.ubuntu.com/ubuntu/pool/main/t/thin-provisioning-tools/thin-provisioning-tools_0.9.0-2ubuntu1_amd64.deb	/home/aella/aws-discovery-focal-jammy-retry-20260831/upgrade-discovery/focal-to-jammy/runtime/deb-cache/b2/07/b2075db306519f6a8949ea712de852a25355661197031ea2aa4f240af26cbe7b	426228	32508138098821fa7eb7635fa8877db60ae028706e6b8716361fcbea3a4184b8		1	proxy_access_log
focal-to-jammy	deb	ubuntu-advantage-desktop-daemon_1.10.ubuntu0.22.04.2_amd64.deb	http://ap-northeast-2.ec2.archive.ubuntu.com/ubuntu/pool/main/u/ubuntu-advantage-desktop-daemon/ubuntu-advantage-desktop-daemon_1.10.ubuntu0.22.04.2_amd64.deb	http://ap-northeast-2.ec2.archive.ubuntu.com/ubuntu/pool/main/u/ubuntu-advantage-desktop-daemon/ubuntu-advantage-desktop-daemon_1.10.ubuntu0.22.04.2_amd64.deb	/home/aella/aws-discovery-focal-jammy-retry-20260831/upgrade-discovery/focal-to-jammy/runtime/deb-cache/de/91/de91d34f24ae654ead671439a56d35a5fcc5f9dcc9649b5e15337c585ef84d1a	23278	27547f999ff8534d9c32e92bf23f756f067b0fc154044a602219cb205a7024dd		1	proxy_access_log
focal-to-jammy	deb	ubuntu-cloudimage-keyring_2021.03.26_all.deb	http://ap-northeast-2.ec2.archive.ubuntu.com/ubuntu/pool/universe/u/ubuntu-keyring/ubuntu-cloudimage-keyring_2021.03.26_all.deb	http://ap-northeast-2.ec2.archive.ubuntu.com/ubuntu/pool/universe/u/ubuntu-keyring/ubuntu-cloudimage-keyring_2021.03.26_all.deb	/home/aella/aws-discovery-focal-jammy-retry-20260831/upgrade-discovery/focal-to-jammy/runtime/deb-cache/3b/52/3b529964b0a07a52b8b641d19da9af8710fec1527f409d4d48c0b7d1ce9d5818	1736	5647423132aa0217c7db3c67f96d507fcd0feaa95959aeb55e19e81c9dd56dd2		1	proxy_access_log
focal-to-jammy	deb	udisks2_2.9.4-1ubuntu2.3_amd64.deb	http://ap-northeast-2.ec2.archive.ubuntu.com/ubuntu/pool/main/u/udisks2/udisks2_2.9.4-1ubuntu2.3_amd64.deb	http://ap-northeast-2.ec2.archive.ubuntu.com/ubuntu/pool/main/u/udisks2/udisks2_2.9.4-1ubuntu2.3_amd64.deb	/home/aella/aws-discovery-focal-jammy-retry-20260831/upgrade-discovery/focal-to-jammy/runtime/deb-cache/b7/3c/b73cc1769b06a3ac67927f37d87fba1c0ddbe2cd0d317a3aadb35ba1bc1f983a	285182	5094b2866b0acc1546ff78b888b3303b994a5ef6b7864af6d59f464d5d335b61		1	proxy_access_log
focal-to-jammy	deb	uidmap_4.8.1-2ubuntu2.2_amd64.deb	http://ap-northeast-2.ec2.archive.ubuntu.com/ubuntu/pool/universe/s/shadow/uidmap_4.8.1-2ubuntu2.2_amd64.deb	http://ap-northeast-2.ec2.archive.ubuntu.com/ubuntu/pool/universe/s/shadow/uidmap_4.8.1-2ubuntu2.2_amd64.deb	/home/aella/aws-discovery-focal-jammy-retry-20260831/upgrade-discovery/focal-to-jammy/runtime/deb-cache/2f/7d/2f7d300a362523957803b1c7bb8bb29987f04dfeba9bec978cb65e645c593052	22416	763f1774a1ce771bfa53685c4cde4381d4bff4e240707c5887f2f5a2fe8fc8de		1	proxy_access_log
focal-to-jammy	deb	unattended-upgrades_2.8ubuntu1_all.deb	http://ap-northeast-2.ec2.archive.ubuntu.com/ubuntu/pool/main/u/unattended-upgrades/unattended-upgrades_2.8ubuntu1_all.deb	http://ap-northeast-2.ec2.archive.ubuntu.com/ubuntu/pool/main/u/unattended-upgrades/unattended-upgrades_2.8ubuntu1_all.deb	/home/aella/aws-discovery-focal-jammy-retry-20260831/upgrade-discovery/focal-to-jammy/runtime/deb-cache/dd/5b/dd5bda559dc8006ac4e916fb16fd81430ae70818e81aecaf1f6e3cdbf3823b29	49412	fb0154c0573903a0b23c100aa34ca000b7008206d764b36f4fe44f6ef2368c68		1	proxy_access_log
focal-to-jammy	deb	unzip_6.0-26ubuntu3.2_amd64.deb	http://ap-northeast-2.ec2.archive.ubuntu.com/ubuntu/pool/main/u/unzip/unzip_6.0-26ubuntu3.2_amd64.deb	http://ap-northeast-2.ec2.archive.ubuntu.com/ubuntu/pool/main/u/unzip/unzip_6.0-26ubuntu3.2_amd64.deb	/home/aella/aws-discovery-focal-jammy-retry-20260831/upgrade-discovery/focal-to-jammy/runtime/deb-cache/18/0c/180c0d96d1adb2e2128f4d55d029a2e55f519d3af3dea1523d683988f0256c0a	174540	4f274ffc6774d52878322ef1e3eb6d185003e1607448e62893849825bfae347d		1	proxy_access_log
focal-to-jammy	deb	xdelta3_3.0.11-dfsg-1.2_amd64.deb	http://ap-northeast-2.ec2.archive.ubuntu.com/ubuntu/pool/universe/x/xdelta3/xdelta3_3.0.11-dfsg-1.2_amd64.deb	http://ap-northeast-2.ec2.archive.ubuntu.com/ubuntu/pool/universe/x/xdelta3/xdelta3_3.0.11-dfsg-1.2_amd64.deb	/home/aella/aws-discovery-focal-jammy-retry-20260831/upgrade-discovery/focal-to-jammy/runtime/deb-cache/e5/a5/e5a5cb42d97d2ab71e826a8d837ff99837e2e5b379bc0022083f9526096fc131	73888	211bf0fe07f1bb95870dd6da981f56c2e17237286b261f1fe2d77d34ff1f106e		1	proxy_access_log
focal-to-jammy	deb	zip_3.0-12build2_amd64.deb	http://ap-northeast-2.ec2.archive.ubuntu.com/ubuntu/pool/main/z/zip/zip_3.0-12build2_amd64.deb	http://ap-northeast-2.ec2.archive.ubuntu.com/ubuntu/pool/main/z/zip/zip_3.0-12build2_amd64.deb	/home/aella/aws-discovery-focal-jammy-retry-20260831/upgrade-discovery/focal-to-jammy/runtime/deb-cache/4d/5b/4d5b6a54ebf5c19c4dfb4f35906023ef48b52eecc657332f4c7c813cc1c8ef0b	175730	f4b43f651abf5f4835792f01d97410221403f14961d363dbd2864990b97620ce		1	proxy_access_log
focal-to-jammy	deb	grub-legacy-ec2_1ubuntu2_all.deb	http://ap-northeast-2.ec2.archive.ubuntu.com/ubuntu/pool/main/g/grub-legacy-ec2/grub-legacy-ec2_1ubuntu2_all.deb	http://ap-northeast-2.ec2.archive.ubuntu.com/ubuntu/pool/main/g/grub-legacy-ec2/grub-legacy-ec2_1ubuntu2_all.deb	/home/aella/aws-discovery-focal-jammy-retry-20260831/upgrade-discovery/focal-to-jammy/runtime/deb-cache/4a/b2/4ab27d1805526680fd4cddd95d6b895e45c5c1100e2d9b65f1537561231fe6e6	20126	fd7c5eead2e00529412762534cb15dcc8d311260ef019800371663763f869d5c		1	proxy_access_log
focal-to-jammy	deb	socat_1.7.4.1-3ubuntu4_amd64.deb	http://ap-northeast-2.ec2.archive.ubuntu.com/ubuntu/pool/main/s/socat/socat_1.7.4.1-3ubuntu4_amd64.deb	http://ap-northeast-2.ec2.archive.ubuntu.com/ubuntu/pool/main/s/socat/socat_1.7.4.1-3ubuntu4_amd64.deb	/home/aella/aws-discovery-focal-jammy-retry-20260831/upgrade-discovery/focal-to-jammy/runtime/deb-cache/d3/d3/d3d3e04a5bcc3d376ebc945ebb0e1cd00c63da6851e70a9f0a1466ef3eb78357	349118	aec6c231f65564cb75c9c2e5c3ce0739482688f373f141471ecf9276fc03df67		1	proxy_access_log
focal-to-jammy	deb	ssh-import-id_5.11-0ubuntu1_all.deb	http://ap-northeast-2.ec2.archive.ubuntu.com/ubuntu/pool/main/s/ssh-import-id/ssh-import-id_5.11-0ubuntu1_all.deb	http://ap-northeast-2.ec2.archive.ubuntu.com/ubuntu/pool/main/s/ssh-import-id/ssh-import-id_5.11-0ubuntu1_all.deb	/home/aella/aws-discovery-focal-jammy-retry-20260831/upgrade-discovery/focal-to-jammy/runtime/deb-cache/78/5b/785b2bed52d78639285bf65ccece4b5b9417781e38a8a9225846e1839d2e48dd	10052	245ebcce7417b587f06c38dbdc103e445334b93766aaa05594dd5ba09be142f7		1	proxy_access_log
focal-to-jammy	deb	sshpass_1.09-1_amd64.deb	http://ap-northeast-2.ec2.archive.ubuntu.com/ubuntu/pool/universe/s/sshpass/sshpass_1.09-1_amd64.deb	http://ap-northeast-2.ec2.archive.ubuntu.com/ubuntu/pool/universe/s/sshpass/sshpass_1.09-1_amd64.deb	/home/aella/aws-discovery-focal-jammy-retry-20260831/upgrade-discovery/focal-to-jammy/runtime/deb-cache/61/67/6167551a402c60ed6a110b265cc41bf4adfec5a27d120ecfa937766e9e468e1d	11716	634fa0ec915e41696c4f5e416f6a76a2dccdacbf997a67a077d33e0a00e9fa32		1	proxy_access_log
focal-to-jammy	deb	usb-modeswitch_2.6.1-3ubuntu2_amd64.deb	http://ap-northeast-2.ec2.archive.ubuntu.com/ubuntu/pool/main/u/usb-modeswitch/usb-modeswitch_2.6.1-3ubuntu2_amd64.deb	http://ap-northeast-2.ec2.archive.ubuntu.com/ubuntu/pool/main/u/usb-modeswitch/usb-modeswitch_2.6.1-3ubuntu2_amd64.deb	/home/aella/aws-discovery-focal-jammy-retry-20260831/upgrade-discovery/focal-to-jammy/runtime/deb-cache/c4/0b/c40bc40f74e956a19f880aaf8ed30788d8ad52e301a85d19af7ecfd16645842b	46002	ffff64708d06b77b29a30f589668f237dcc0fe8a8bb739da1447c4ab14a247fe		1	proxy_access_log
focal-to-jammy	deb	usb-modeswitch-data_20191128-4_all.deb	http://ap-northeast-2.ec2.archive.ubuntu.com/ubuntu/pool/main/u/usb-modeswitch-data/usb-modeswitch-data_20191128-4_all.deb	http://ap-northeast-2.ec2.archive.ubuntu.com/ubuntu/pool/main/u/usb-modeswitch-data/usb-modeswitch-data_20191128-4_all.deb	/home/aella/aws-discovery-focal-jammy-retry-20260831/upgrade-discovery/focal-to-jammy/runtime/deb-cache/74/95/74957d96596713baa579f6199feebc0c490555c7b925e89e21d7c7ba9373f1c9	33162	dbaf9fe3ec54bc465a2ef76bf7f40b60a8c5355fbb4b4736d16331ee61320295		1	proxy_access_log
focal-to-jammy	deb	vlan_2.0.5ubuntu5_all.deb	http://ap-northeast-2.ec2.archive.ubuntu.com/ubuntu/pool/universe/v/vlan/vlan_2.0.5ubuntu5_all.deb	http://ap-northeast-2.ec2.archive.ubuntu.com/ubuntu/pool/universe/v/vlan/vlan_2.0.5ubuntu5_all.deb	/home/aella/aws-discovery-focal-jammy-retry-20260831/upgrade-discovery/focal-to-jammy/runtime/deb-cache/df/b0/dfb0931da44983a1845fd00ce573a7102ae800865052e274c49c513532cb5299	10420	7d1430b5b16d837bf333929c784f94ffec892e306747bc057fc1226a644c78fc		1	proxy_access_log
focal-to-jammy	deb	zerofree_1.1.1-1build3_amd64.deb	http://ap-northeast-2.ec2.archive.ubuntu.com/ubuntu/pool/main/z/zerofree/zerofree_1.1.1-1build3_amd64.deb	http://ap-northeast-2.ec2.archive.ubuntu.com/ubuntu/pool/main/z/zerofree/zerofree_1.1.1-1build3_amd64.deb	/home/aella/aws-discovery-focal-jammy-retry-20260831/upgrade-discovery/focal-to-jammy/runtime/deb-cache/02/a9/02a997c750492769559a1ff665b15cc1ee6559eb92148605dcf36a28320dd92b	8814	b65039dcc39ab399264e5cea9dd26996d7422b04983a044baca578e436d1072c		1	proxy_access_log
