hop	package	version	architecture	source_package	filename	repository_host	suite	component	size_bytes	sha256	original_url	final_url	requested	downloaded	installed	evidence_source
focal-to-jammy	libfakeroot	1.28-1ubuntu1	amd64	fakeroot	libfakeroot_1.28-1ubuntu1_amd64.deb	ap-northeast-2.ec2.archive.ubuntu.com		main	31506	54083b86b4f74853cb5c0881e1c4273fd2071af507e90f794a56956109067b12	http://ap-northeast-2.ec2.archive.ubuntu.com/ubuntu/pool/main/f/fakeroot/libfakeroot_1.28-1ubuntu1_amd64.deb	http://ap-northeast-2.ec2.archive.ubuntu.com/ubuntu/pool/main/f/fakeroot/libfakeroot_1.28-1ubuntu1_amd64.deb	true	true	true	proxy_access_log
focal-to-jammy	fakeroot	1.28-1ubuntu1	amd64	fakeroot	fakeroot_1.28-1ubuntu1_amd64.deb	ap-northeast-2.ec2.archive.ubuntu.com		main	60358	6a08de63f375566d3d91b181ff01a5fb797a5ecd6720b2c28f11d8e32071933b	http://ap-northeast-2.ec2.archive.ubuntu.com/ubuntu/pool/main/f/fakeroot/fakeroot_1.28-1ubuntu1_amd64.deb	http://ap-northeast-2.ec2.archive.ubuntu.com/ubuntu/pool/main/f/fakeroot/fakeroot_1.28-1ubuntu1_amd64.deb	true	true	true	proxy_access_log
focal-to-jammy	locales	2.35-0ubuntu3.14	all	glibc	locales_2.35-0ubuntu3.14_all.deb	ap-northeast-2.ec2.archive.ubuntu.com		main	4244882	32ee19615ca91a706a207023a6ca9e8bdf02c6738632d6b5f096f14f2e35a726	http://ap-northeast-2.ec2.archive.ubuntu.com/ubuntu/pool/main/g/glibc/locales_2.35-0ubuntu3.14_all.deb	http://ap-northeast-2.ec2.archive.ubuntu.com/ubuntu/pool/main/g/glibc/locales_2.35-0ubuntu3.14_all.deb	true	true	true	proxy_access_log
focal-to-jammy	libc-dev-bin	2.35-0ubuntu3.14	amd64	glibc	libc-dev-bin_2.35-0ubuntu3.14_amd64.deb	ap-northeast-2.ec2.archive.ubuntu.com		main	20296	5dca393511447d0e26f6a08354612fb24b46df8af04ffdc1148e405a1752470c	http://ap-northeast-2.ec2.archive.ubuntu.com/ubuntu/pool/main/g/glibc/libc-dev-bin_2.35-0ubuntu3.14_amd64.deb	http://ap-northeast-2.ec2.archive.ubuntu.com/ubuntu/pool/main/g/glibc/libc-dev-bin_2.35-0ubuntu3.14_amd64.deb	true	true	true	proxy_access_log
focal-to-jammy	libc6-dev	2.35-0ubuntu3.14	amd64	glibc	libc6-dev_2.35-0ubuntu3.14_amd64.deb	ap-northeast-2.ec2.archive.ubuntu.com		main	2100016	49583c0ebf761a2ade6d024949e8b1d70746653cce781e3a4eb68b4dd7ced540	http://ap-northeast-2.ec2.archive.ubuntu.com/ubuntu/pool/main/g/glibc/libc6-dev_2.35-0ubuntu3.14_amd64.deb	http://ap-northeast-2.ec2.archive.ubuntu.com/ubuntu/pool/main/g/glibc/libc6-dev_2.35-0ubuntu3.14_amd64.deb	true	true	true	proxy_access_log
focal-to-jammy	rpcsvc-proto	1.4.2-0ubuntu6	amd64	rpcsvc-proto	rpcsvc-proto_1.4.2-0ubuntu6_amd64.deb	ap-northeast-2.ec2.archive.ubuntu.com		main	68494	447c6d8f7624a3d728a12232440d3f10e6e53bbf60cc202b7beb8a3bc9f7acc9	http://ap-northeast-2.ec2.archive.ubuntu.com/ubuntu/pool/main/r/rpcsvc-proto/rpcsvc-proto_1.4.2-0ubuntu6_amd64.deb	http://ap-northeast-2.ec2.archive.ubuntu.com/ubuntu/pool/main/r/rpcsvc-proto/rpcsvc-proto_1.4.2-0ubuntu6_amd64.deb	true	true	true	proxy_access_log
focal-to-jammy	libtirpc-common	1.3.2-2ubuntu0.1	all	libtirpc	libtirpc-common_1.3.2-2ubuntu0.1_all.deb	ap-northeast-2.ec2.archive.ubuntu.com		main	7766	cd7b220447999402e87d75f7cedcfad159a2e5d4236927a414d77f2932219bee	http://ap-northeast-2.ec2.archive.ubuntu.com/ubuntu/pool/main/libt/libtirpc/libtirpc-common_1.3.2-2ubuntu0.1_all.deb	http://ap-northeast-2.ec2.archive.ubuntu.com/ubuntu/pool/main/libt/libtirpc/libtirpc-common_1.3.2-2ubuntu0.1_all.deb	true	true	true	proxy_access_log
focal-to-jammy	libtirpc3	1.3.2-2ubuntu0.1	amd64	libtirpc	libtirpc3_1.3.2-2ubuntu0.1_amd64.deb	ap-northeast-2.ec2.archive.ubuntu.com		main	82288	f2f07d1ab8ae8a8a6e893975df0bca8683caec516e7a30e8dadbb87d33aa52c4	http://ap-northeast-2.ec2.archive.ubuntu.com/ubuntu/pool/main/libt/libtirpc/libtirpc3_1.3.2-2ubuntu0.1_amd64.deb	http://ap-northeast-2.ec2.archive.ubuntu.com/ubuntu/pool/main/libt/libtirpc/libtirpc3_1.3.2-2ubuntu0.1_amd64.deb	true	true	true	proxy_access_log
focal-to-jammy	libtirpc-dev	1.3.2-2ubuntu0.1	amd64	libtirpc	libtirpc-dev_1.3.2-2ubuntu0.1_amd64.deb	ap-northeast-2.ec2.archive.ubuntu.com		main	192156	f4254aff5a32ef3c9fca06d3f4f2eff71c93b9393cc1ecc718f7478a5d6a83da	http://ap-northeast-2.ec2.archive.ubuntu.com/ubuntu/pool/main/libt/libtirpc/libtirpc-dev_1.3.2-2ubuntu0.1_amd64.deb	http://ap-northeast-2.ec2.archive.ubuntu.com/ubuntu/pool/main/libt/libtirpc/libtirpc-dev_1.3.2-2ubuntu0.1_amd64.deb	true	true	true	proxy_access_log
focal-to-jammy	diffutils	3.8-0ubuntu2.1	amd64	diffutils	diffutils_3.8-0ubuntu2.1_amd64.deb	security.ubuntu.com		main	172510	6c001ebf928f061051741cf2910dd07c4ff679b730636e2c6541c449a4ea25da	http://security.ubuntu.com/ubuntu/pool/main/d/diffutils/diffutils_3.8-0ubuntu2.1_amd64.deb	http://security.ubuntu.com/ubuntu/pool/main/d/diffutils/diffutils_3.8-0ubuntu2.1_amd64.deb	true	true	true	proxy_access_log
focal-to-jammy	libnsl2	1.3.0-2build2	amd64	libnsl	libnsl2_1.3.0-2build2_amd64.deb	ap-northeast-2.ec2.archive.ubuntu.com		main	42340	cfeef478f96ace59617f4f93c2497776b98a33c99bf3602af46844ccf9cba9d3	http://ap-northeast-2.ec2.archive.ubuntu.com/ubuntu/pool/main/libn/libnsl/libnsl2_1.3.0-2build2_amd64.deb	http://ap-northeast-2.ec2.archive.ubuntu.com/ubuntu/pool/main/libn/libnsl/libnsl2_1.3.0-2build2_amd64.deb	true	true	true	proxy_access_log
focal-to-jammy	libnsl-dev	1.3.0-2build2	amd64	libnsl	libnsl-dev_1.3.0-2build2_amd64.deb	ap-northeast-2.ec2.archive.ubuntu.com		main	71286	e93aa448fe708a4bbfcc40b2a8cab6f5f88896174a301caab2719f734e08a621	http://ap-northeast-2.ec2.archive.ubuntu.com/ubuntu/pool/main/libn/libnsl/libnsl-dev_1.3.0-2build2_amd64.deb	http://ap-northeast-2.ec2.archive.ubuntu.com/ubuntu/pool/main/libn/libnsl/libnsl-dev_1.3.0-2build2_amd64.deb	true	true	true	proxy_access_log
focal-to-jammy	libc6	2.35-0ubuntu3.14	amd64	glibc	libc6_2.35-0ubuntu3.14_amd64.deb	ap-northeast-2.ec2.archive.ubuntu.com		main	3233908	4aa2feae34cb6296e133af5c7429756ab5606549cd16a9d26a0060e010214523	http://ap-northeast-2.ec2.archive.ubuntu.com/ubuntu/pool/main/g/glibc/libc6_2.35-0ubuntu3.14_amd64.deb	http://ap-northeast-2.ec2.archive.ubuntu.com/ubuntu/pool/main/g/glibc/libc6_2.35-0ubuntu3.14_amd64.deb	true	true	true	proxy_access_log
focal-to-jammy	libpam0g	1.4.0-11ubuntu2.8	amd64	pam	libpam0g_1.4.0-11ubuntu2.8_amd64.deb	ap-northeast-2.ec2.archive.ubuntu.com		main	59840	faaf4b6d1bfb33a7fc4e195448439c202869d67c8de17c4ecd29b7719e0ac4d6	http://ap-northeast-2.ec2.archive.ubuntu.com/ubuntu/pool/main/p/pam/libpam0g_1.4.0-11ubuntu2.8_amd64.deb	http://ap-northeast-2.ec2.archive.ubuntu.com/ubuntu/pool/main/p/pam/libpam0g_1.4.0-11ubuntu2.8_amd64.deb	true	true	true	proxy_access_log
focal-to-jammy	libattr1	2.5.1-1ubuntu0.1	amd64	libattr1	libattr1_2.5.1-1ubuntu0.1_amd64.deb	security.ubuntu.com		main	13024	f2b5a86842c411dde933ac2315570ce529ea930cd848258cfd909ef221f8feb1	http://security.ubuntu.com/ubuntu/pool/main/a/attr/libattr1_2.5.1-1ubuntu0.1_amd64.deb	http://security.ubuntu.com/ubuntu/pool/main/a/attr/libattr1_2.5.1-1ubuntu0.1_amd64.deb	true	true	true	proxy_access_log
focal-to-jammy	libcrypt1	4.4.27-1	amd64	libcrypt1	libcrypt1_4.4.27-1_amd64.deb	ap-northeast-2.ec2.archive.ubuntu.com		main	82004	3fa566e9f861a08736cbc5a97562d9d6e4f0c00450fbeafcb6d7583423b04a98	http://ap-northeast-2.ec2.archive.ubuntu.com/ubuntu/pool/main/libx/libxcrypt/libcrypt1_4.4.27-1_amd64.deb	http://ap-northeast-2.ec2.archive.ubuntu.com/ubuntu/pool/main/libx/libxcrypt/libcrypt1_4.4.27-1_amd64.deb	true	true	true	proxy_access_log
focal-to-jammy	libcrypt-dev	4.4.27-1	amd64	libcrypt-dev	libcrypt-dev_4.4.27-1_amd64.deb	ap-northeast-2.ec2.archive.ubuntu.com		main	111682	a79be2f6e45823dcc09e04d5e98c88ec88d07d5b8895d05b875a8ade8b345efa	http://ap-northeast-2.ec2.archive.ubuntu.com/ubuntu/pool/main/libx/libxcrypt/libcrypt-dev_4.4.27-1_amd64.deb	http://ap-northeast-2.ec2.archive.ubuntu.com/ubuntu/pool/main/libx/libxcrypt/libcrypt-dev_4.4.27-1_amd64.deb	true	true	true	proxy_access_log
focal-to-jammy	libc-bin	2.35-0ubuntu3.14	amd64	glibc	libc-bin_2.35-0ubuntu3.14_amd64.deb	ap-northeast-2.ec2.archive.ubuntu.com		main	705774	8adb53e5240dc4c3e6f0d703d75368996b60c0ed5cdcddace83c954978334afd	http://ap-northeast-2.ec2.archive.ubuntu.com/ubuntu/pool/main/g/glibc/libc-bin_2.35-0ubuntu3.14_amd64.deb	http://ap-northeast-2.ec2.archive.ubuntu.com/ubuntu/pool/main/g/glibc/libc-bin_2.35-0ubuntu3.14_amd64.deb	true	true	true	proxy_access_log
focal-to-jammy	rename	1.30-1	all	rename	rename_1.30-1_all.deb	ap-northeast-2.ec2.archive.ubuntu.com		universe	20218	0ad7b99e5587a691e946052e01c99ab39b8f7aadf3fc49ea759da32cf8c1a7dd	http://ap-northeast-2.ec2.archive.ubuntu.com/ubuntu/pool/universe/r/rename/rename_1.30-1_all.deb	http://ap-northeast-2.ec2.archive.ubuntu.com/ubuntu/pool/universe/r/rename/rename_1.30-1_all.deb	true	true	true	proxy_access_log
focal-to-jammy	libalgorithm-diff-xs-perl	0.04-6build3	amd64	libalgorithm-diff-xs-perl	libalgorithm-diff-xs-perl_0.04-6build3_amd64.deb	ap-northeast-2.ec2.archive.ubuntu.com		main	11924	930596903cf7222052ede24c676e728719e0828c1c05cadf6ac31c39d97afd86	http://ap-northeast-2.ec2.archive.ubuntu.com/ubuntu/pool/main/liba/libalgorithm-diff-xs-perl/libalgorithm-diff-xs-perl_0.04-6build3_amd64.deb	http://ap-northeast-2.ec2.archive.ubuntu.com/ubuntu/pool/main/liba/libalgorithm-diff-xs-perl/libalgorithm-diff-xs-perl_0.04-6build3_amd64.deb	true	true	true	proxy_access_log
focal-to-jammy	libtext-iconv-perl	1.7-7build3	amd64	libtext-iconv-perl	libtext-iconv-perl_1.7-7build3_amd64.deb	ap-northeast-2.ec2.archive.ubuntu.com		main	14278	225479fa35c5798fcc438162d4ea08de04e61bca2f351126737c550d220749a9	http://ap-northeast-2.ec2.archive.ubuntu.com/ubuntu/pool/main/libt/libtext-iconv-perl/libtext-iconv-perl_1.7-7build3_amd64.deb	http://ap-northeast-2.ec2.archive.ubuntu.com/ubuntu/pool/main/libt/libtext-iconv-perl/libtext-iconv-perl_1.7-7build3_amd64.deb	true	true	true	proxy_access_log
focal-to-jammy	libtext-charwidth-perl	0.04-10build3	amd64	libtext-charwidth-perl	libtext-charwidth-perl_0.04-10build3_amd64.deb	ap-northeast-2.ec2.archive.ubuntu.com		main	10158	70ac17323cab837fd563358cf88f2035e0de3adf316299b28a59b43c545abe9e	http://ap-northeast-2.ec2.archive.ubuntu.com/ubuntu/pool/main/libt/libtext-charwidth-perl/libtext-charwidth-perl_0.04-10build3_amd64.deb	http://ap-northeast-2.ec2.archive.ubuntu.com/ubuntu/pool/main/libt/libtext-charwidth-perl/libtext-charwidth-perl_0.04-10build3_amd64.deb	true	true	true	proxy_access_log
focal-to-jammy	perl-modules-5.34	5.34.0-3ubuntu1.8	all	perl	perl-modules-5.34_5.34.0-3ubuntu1.8_all.deb	ap-northeast-2.ec2.archive.ubuntu.com		main	2976758	3ddd00ec803f25f0d2523001bf4830c0e3f42f6b7e42d51bd5b9896e30c01d59	http://ap-northeast-2.ec2.archive.ubuntu.com/ubuntu/pool/main/p/perl/perl-modules-5.34_5.34.0-3ubuntu1.8_all.deb	http://ap-northeast-2.ec2.archive.ubuntu.com/ubuntu/pool/main/p/perl/perl-modules-5.34_5.34.0-3ubuntu1.8_all.deb	true	true	true	proxy_access_log
focal-to-jammy	libperl5.34	5.34.0-3ubuntu1.8	amd64	perl	libperl5.34_5.34.0-3ubuntu1.8_amd64.deb	ap-northeast-2.ec2.archive.ubuntu.com		main	4797554	a44737b2173026b71e00d799e16c3112b40129e77dff94e9c2a5883c2f5b5fce	http://ap-northeast-2.ec2.archive.ubuntu.com/ubuntu/pool/main/p/perl/libperl5.34_5.34.0-3ubuntu1.8_amd64.deb	http://ap-northeast-2.ec2.archive.ubuntu.com/ubuntu/pool/main/p/perl/libperl5.34_5.34.0-3ubuntu1.8_amd64.deb	true	true	true	proxy_access_log
focal-to-jammy	perl	5.34.0-3ubuntu1.8	amd64	perl	perl_5.34.0-3ubuntu1.8_amd64.deb	ap-northeast-2.ec2.archive.ubuntu.com		main	231698	61e46875e0855d6f6be6fae563d2377b8e0ee813bc70cf1131f92da9729c8f43	http://ap-northeast-2.ec2.archive.ubuntu.com/ubuntu/pool/main/p/perl/perl_5.34.0-3ubuntu1.8_amd64.deb	http://ap-northeast-2.ec2.archive.ubuntu.com/ubuntu/pool/main/p/perl/perl_5.34.0-3ubuntu1.8_amd64.deb	true	true	true	proxy_access_log
focal-to-jammy	perl-base	5.34.0-3ubuntu1.8	amd64	perl	perl-base_5.34.0-3ubuntu1.8_amd64.deb	ap-northeast-2.ec2.archive.ubuntu.com		main	1762282	a01811f5099d39db055fb16218d1630ad70e36b6dfb11e6770d0fd406016d68c	http://ap-northeast-2.ec2.archive.ubuntu.com/ubuntu/pool/main/p/perl/perl-base_5.34.0-3ubuntu1.8_amd64.deb	http://ap-northeast-2.ec2.archive.ubuntu.com/ubuntu/pool/main/p/perl/perl-base_5.34.0-3ubuntu1.8_amd64.deb	true	true	true	proxy_access_log
focal-to-jammy	liblocale-gettext-perl	1.07-4build3	amd64	liblocale-gettext-perl	liblocale-gettext-perl_1.07-4build3_amd64.deb	ap-northeast-2.ec2.archive.ubuntu.com		main	17100	facee06c79d57f85c39bb26ccf4993746ff63acc4d8dbff14ac07331bb7a79d8	http://ap-northeast-2.ec2.archive.ubuntu.com/ubuntu/pool/main/libl/liblocale-gettext-perl/liblocale-gettext-perl_1.07-4build3_amd64.deb	http://ap-northeast-2.ec2.archive.ubuntu.com/ubuntu/pool/main/libl/liblocale-gettext-perl/liblocale-gettext-perl_1.07-4build3_amd64.deb	true	true	true	proxy_access_log
focal-to-jammy	libfile-fcntllock-perl	0.22-3build7	amd64	libfile-fcntllock-perl	libfile-fcntllock-perl_0.22-3build7_amd64.deb	ap-northeast-2.ec2.archive.ubuntu.com		main	33860	73fb9965828a227432ee9b34c790085b112a9066955c8e62359b4df1037a3166	http://ap-northeast-2.ec2.archive.ubuntu.com/ubuntu/pool/main/libf/libfile-fcntllock-perl/libfile-fcntllock-perl_0.22-3build7_amd64.deb	http://ap-northeast-2.ec2.archive.ubuntu.com/ubuntu/pool/main/libf/libfile-fcntllock-perl/libfile-fcntllock-perl_0.22-3build7_amd64.deb	true	true	true	proxy_access_log
focal-to-jammy	bzip2	1.0.8-5ubuntu0.1	amd64	bzip2	bzip2_1.0.8-5ubuntu0.1_amd64.deb	ap-northeast-2.ec2.archive.ubuntu.com		main	34844	de495ecb37e8c64fc28548c81cffb4b79597b4f8ecf50c8511d8eb5a53527e65	http://ap-northeast-2.ec2.archive.ubuntu.com/ubuntu/pool/main/b/bzip2/bzip2_1.0.8-5ubuntu0.1_amd64.deb	http://ap-northeast-2.ec2.archive.ubuntu.com/ubuntu/pool/main/b/bzip2/bzip2_1.0.8-5ubuntu0.1_amd64.deb	true	true	true	proxy_access_log
focal-to-jammy	libbz2-1.0	1.0.8-5ubuntu0.1	amd64	bzip2	libbz2-1.0_1.0.8-5ubuntu0.1_amd64.deb	ap-northeast-2.ec2.archive.ubuntu.com		main	34524	2fd35bb1ac601fa1bf35da2fa08dba3541766ca791927342b5efcb18ef17aecb	http://ap-northeast-2.ec2.archive.ubuntu.com/ubuntu/pool/main/b/bzip2/libbz2-1.0_1.0.8-5ubuntu0.1_amd64.deb	http://ap-northeast-2.ec2.archive.ubuntu.com/ubuntu/pool/main/b/bzip2/libbz2-1.0_1.0.8-5ubuntu0.1_amd64.deb	true	true	true	proxy_access_log
focal-to-jammy	libaudit-common	3.0.7-1build1	all	libaudit-common	libaudit-common_3.0.7-1build1_all.deb	ap-northeast-2.ec2.archive.ubuntu.com		main	4726	86697036d05c956b5b42339bf61ecf3743f7c6fd4d59a67ab16add9a2cd7802a	http://ap-northeast-2.ec2.archive.ubuntu.com/ubuntu/pool/main/a/audit/libaudit-common_3.0.7-1build1_all.deb	http://ap-northeast-2.ec2.archive.ubuntu.com/ubuntu/pool/main/a/audit/libaudit-common_3.0.7-1build1_all.deb	true	true	true	proxy_access_log
focal-to-jammy	libcap-ng0	0.7.9-2.2build3	amd64	libcap-ng	libcap-ng0_0.7.9-2.2build3_amd64.deb	ap-northeast-2.ec2.archive.ubuntu.com		main	11588	124d0c8748a841f279e996298ef8aac69a249e294792f4b5e16dc00496f1d3ac	http://ap-northeast-2.ec2.archive.ubuntu.com/ubuntu/pool/main/libc/libcap-ng/libcap-ng0_0.7.9-2.2build3_amd64.deb	http://ap-northeast-2.ec2.archive.ubuntu.com/ubuntu/pool/main/libc/libcap-ng/libcap-ng0_0.7.9-2.2build3_amd64.deb	true	true	true	proxy_access_log
focal-to-jammy	libaudit1	3.0.7-1build1	amd64	libaudit1	libaudit1_3.0.7-1build1_amd64.deb	ap-northeast-2.ec2.archive.ubuntu.com		main	46920	36710fbc49150a13f14f1f9c2c8288ee840cf9425f8a609c22fefa6b64eb51c1	http://ap-northeast-2.ec2.archive.ubuntu.com/ubuntu/pool/main/a/audit/libaudit1_3.0.7-1build1_amd64.deb	http://ap-northeast-2.ec2.archive.ubuntu.com/ubuntu/pool/main/a/audit/libaudit1_3.0.7-1build1_amd64.deb	true	true	true	proxy_access_log
focal-to-jammy	bind9-dnsutils	9.18.39-0ubuntu0.22.04.6	amd64	bind9-dnsutils	bind9-dnsutils_9.18.39-0ubuntu0.22.04.6_amd64.deb	security.ubuntu.com		main	157982	a9c6f49e1947c88c4dc63c946680bdfd3f3c8f441c311ae0b1778dbfcb78e224	http://security.ubuntu.com/ubuntu/pool/main/b/bind9/bind9-dnsutils_9.18.39-0ubuntu0.22.04.6_amd64.deb	http://security.ubuntu.com/ubuntu/pool/main/b/bind9/bind9-dnsutils_9.18.39-0ubuntu0.22.04.6_amd64.deb	true	true	true	proxy_access_log
focal-to-jammy	libdb5.3	5.3.28%2bdfsg1-0.8ubuntu3	amd64	libdb5.3	libdb5.3_5.3.28%2bdfsg1-0.8ubuntu3_amd64.deb	ap-northeast-2.ec2.archive.ubuntu.com		main	721906	ce60e446c9cb0e94bb4b4d0fe4f969e772edec250deb186bacf955e4d196548b	http://ap-northeast-2.ec2.archive.ubuntu.com/ubuntu/pool/main/d/db5.3/libdb5.3_5.3.28%2bdfsg1-0.8ubuntu3_amd64.deb	http://ap-northeast-2.ec2.archive.ubuntu.com/ubuntu/pool/main/d/db5.3/libdb5.3_5.3.28%2bdfsg1-0.8ubuntu3_amd64.deb	true	true	true	proxy_access_log
focal-to-jammy	libgdbm6	1.23-1	amd64	gdbm	libgdbm6_1.23-1_amd64.deb	ap-northeast-2.ec2.archive.ubuntu.com		main	33906	acf9e905a3ecbd4d919938e1cfd4bcd9d861bc794648046a9af1fbbefd0cc495	http://ap-northeast-2.ec2.archive.ubuntu.com/ubuntu/pool/main/g/gdbm/libgdbm6_1.23-1_amd64.deb	http://ap-northeast-2.ec2.archive.ubuntu.com/ubuntu/pool/main/g/gdbm/libgdbm6_1.23-1_amd64.deb	true	true	true	proxy_access_log
focal-to-jammy	libgdbm-compat4	1.23-1	amd64	gdbm	libgdbm-compat4_1.23-1_amd64.deb	ap-northeast-2.ec2.archive.ubuntu.com		main	6606	58636e2ad6bab216b70f83a114f4e37d1f733fd6eb69e220cb9a4d53c2b5868d	http://ap-northeast-2.ec2.archive.ubuntu.com/ubuntu/pool/main/g/gdbm/libgdbm-compat4_1.23-1_amd64.deb	http://ap-northeast-2.ec2.archive.ubuntu.com/ubuntu/pool/main/g/gdbm/libgdbm-compat4_1.23-1_amd64.deb	true	true	true	proxy_access_log
focal-to-jammy	zlib1g	1.2.11.dfsg-2ubuntu9.2	amd64	zlib1g	zlib1g_1.2.11.dfsg-2ubuntu9.2_amd64.deb	ap-northeast-2.ec2.archive.ubuntu.com		main	58406	9dc17e51a1be2d9ed63b7b84ef0e4e29c5abe6f1bc62cb03e7181483cce8a2f2	http://ap-northeast-2.ec2.archive.ubuntu.com/ubuntu/pool/main/z/zlib/zlib1g_1.2.11.dfsg-2ubuntu9.2_amd64.deb	http://ap-northeast-2.ec2.archive.ubuntu.com/ubuntu/pool/main/z/zlib/zlib1g_1.2.11.dfsg-2ubuntu9.2_amd64.deb	true	true	true	proxy_access_log
focal-to-jammy	libalgorithm-diff-perl	1.201-1	all	libalgorithm-diff-perl	libalgorithm-diff-perl_1.201-1_all.deb	ap-northeast-2.ec2.archive.ubuntu.com		main	41804	2920d81cf0ac368b2fc52b892bb731ce7ce624a2cf51badbd55f801ba75d076f	http://ap-northeast-2.ec2.archive.ubuntu.com/ubuntu/pool/main/liba/libalgorithm-diff-perl/libalgorithm-diff-perl_1.201-1_all.deb	http://ap-northeast-2.ec2.archive.ubuntu.com/ubuntu/pool/main/liba/libalgorithm-diff-perl/libalgorithm-diff-perl_1.201-1_all.deb	true	true	true	proxy_access_log
focal-to-jammy	debconf-i18n	1.5.79ubuntu1	all	debconf	debconf-i18n_1.5.79ubuntu1_all.deb	ap-northeast-2.ec2.archive.ubuntu.com		main	216498	83d73aac76f93ec19c5161c614c23b2cd871f169058e5b5d081823290d204d57	http://ap-northeast-2.ec2.archive.ubuntu.com/ubuntu/pool/main/d/debconf/debconf-i18n_1.5.79ubuntu1_all.deb	http://ap-northeast-2.ec2.archive.ubuntu.com/ubuntu/pool/main/d/debconf/debconf-i18n_1.5.79ubuntu1_all.deb	true	true	true	proxy_access_log
focal-to-jammy	libssl3	3.0.2-0ubuntu1.29	amd64	openssl	libssl3_3.0.2-0ubuntu1.29_amd64.deb	ap-northeast-2.ec2.archive.ubuntu.com		main	1906444	c12bbf0074c44019bdf4b035b058c24eb904fc772c94707b1df801a4d130e146	http://ap-northeast-2.ec2.archive.ubuntu.com/ubuntu/pool/main/o/openssl/libssl3_3.0.2-0ubuntu1.29_amd64.deb	http://ap-northeast-2.ec2.archive.ubuntu.com/ubuntu/pool/main/o/openssl/libssl3_3.0.2-0ubuntu1.29_amd64.deb	true	true	true	proxy_access_log
focal-to-jammy	libpython3.10-minimal	3.10.12-1%7e22.04.17	amd64	libpython3.10-minimal	libpython3.10-minimal_3.10.12-1%7e22.04.17_amd64.deb	ap-northeast-2.ec2.archive.ubuntu.com		main	816596	f716baa39c9effa2e5ae40e6385509322e48c6eebc95209f40d5224ed54ee2de	http://ap-northeast-2.ec2.archive.ubuntu.com/ubuntu/pool/main/p/python3.10/libpython3.10-minimal_3.10.12-1%7e22.04.17_amd64.deb	http://ap-northeast-2.ec2.archive.ubuntu.com/ubuntu/pool/main/p/python3.10/libpython3.10-minimal_3.10.12-1%7e22.04.17_amd64.deb	true	true	true	proxy_access_log
focal-to-jammy	libgssapi-krb5-2	1.19.2-2ubuntu0.8	amd64	krb5	libgssapi-krb5-2_1.19.2-2ubuntu0.8_amd64.deb	ap-northeast-2.ec2.archive.ubuntu.com		main	144632	eae58c03ae123a35a36ba627ad7e699407665132219da8686d092e4510189fb2	http://ap-northeast-2.ec2.archive.ubuntu.com/ubuntu/pool/main/k/krb5/libgssapi-krb5-2_1.19.2-2ubuntu0.8_amd64.deb	http://ap-northeast-2.ec2.archive.ubuntu.com/ubuntu/pool/main/k/krb5/libgssapi-krb5-2_1.19.2-2ubuntu0.8_amd64.deb	true	true	true	proxy_access_log
focal-to-jammy	libkrb5-3	1.19.2-2ubuntu0.8	amd64	krb5	libkrb5-3_1.19.2-2ubuntu0.8_amd64.deb	ap-northeast-2.ec2.archive.ubuntu.com		main	355664	66b4243655dd82e2ca25a76a9b587986b42589e4d39943a44c733b7a6902010c	http://ap-northeast-2.ec2.archive.ubuntu.com/ubuntu/pool/main/k/krb5/libkrb5-3_1.19.2-2ubuntu0.8_amd64.deb	http://ap-northeast-2.ec2.archive.ubuntu.com/ubuntu/pool/main/k/krb5/libkrb5-3_1.19.2-2ubuntu0.8_amd64.deb	true	true	true	proxy_access_log
focal-to-jammy	libk5crypto3	1.19.2-2ubuntu0.8	amd64	krb5	libk5crypto3_1.19.2-2ubuntu0.8_amd64.deb	ap-northeast-2.ec2.archive.ubuntu.com		main	86506	b3bc3cfae9aa0627696bc7ab7e14f5fbfb7a7bdb663eb31b5ea8b36d224c64a0	http://ap-northeast-2.ec2.archive.ubuntu.com/ubuntu/pool/main/k/krb5/libk5crypto3_1.19.2-2ubuntu0.8_amd64.deb	http://ap-northeast-2.ec2.archive.ubuntu.com/ubuntu/pool/main/k/krb5/libk5crypto3_1.19.2-2ubuntu0.8_amd64.deb	true	true	true	proxy_access_log
focal-to-jammy	libkrb5support0	1.19.2-2ubuntu0.8	amd64	krb5	libkrb5support0_1.19.2-2ubuntu0.8_amd64.deb	ap-northeast-2.ec2.archive.ubuntu.com		main	32666	e678de61ab524644aeea7b42499f8143d5ed7019c698070ca84283da70eb3f57	http://ap-northeast-2.ec2.archive.ubuntu.com/ubuntu/pool/main/k/krb5/libkrb5support0_1.19.2-2ubuntu0.8_amd64.deb	http://ap-northeast-2.ec2.archive.ubuntu.com/ubuntu/pool/main/k/krb5/libkrb5support0_1.19.2-2ubuntu0.8_amd64.deb	true	true	true	proxy_access_log
focal-to-jammy	libcom-err2	1.46.5-2ubuntu1.2	amd64	e2fsprogs	libcom-err2_1.46.5-2ubuntu1.2_amd64.deb	ap-northeast-2.ec2.archive.ubuntu.com		main	9304	552bc8169451cfdcf174a8da845b13ced0a55777149af5cf47491193161ed791	http://ap-northeast-2.ec2.archive.ubuntu.com/ubuntu/pool/main/e/e2fsprogs/libcom-err2_1.46.5-2ubuntu1.2_amd64.deb	http://ap-northeast-2.ec2.archive.ubuntu.com/ubuntu/pool/main/e/e2fsprogs/libcom-err2_1.46.5-2ubuntu1.2_amd64.deb	true	true	true	proxy_access_log
focal-to-jammy	libkeyutils1	1.6.1-2ubuntu3	amd64	keyutils	libkeyutils1_1.6.1-2ubuntu3_amd64.deb	ap-northeast-2.ec2.archive.ubuntu.com		main	10376	940daf78ee0229549b4eabc92ffd79dd038ed96a44e2e912305a23540cf22a0a	http://ap-northeast-2.ec2.archive.ubuntu.com/ubuntu/pool/main/k/keyutils/libkeyutils1_1.6.1-2ubuntu3_amd64.deb	http://ap-northeast-2.ec2.archive.ubuntu.com/ubuntu/pool/main/k/keyutils/libkeyutils1_1.6.1-2ubuntu3_amd64.deb	true	true	true	proxy_access_log
focal-to-jammy	linux-libc-dev	5.15.0-190.200	amd64	linux	linux-libc-dev_5.15.0-190.200_amd64.deb	ap-northeast-2.ec2.archive.ubuntu.com		main	1342832	59061d467580b3b7fb10efc8a42338cfff1ec9fef853a509ab5dac146df58777	http://ap-northeast-2.ec2.archive.ubuntu.com/ubuntu/pool/main/l/linux/linux-libc-dev_5.15.0-190.200_amd64.deb	http://ap-northeast-2.ec2.archive.ubuntu.com/ubuntu/pool/main/l/linux/linux-libc-dev_5.15.0-190.200_amd64.deb	true	true	true	proxy_access_log
focal-to-jammy	libexpat1-dev	2.4.7-1ubuntu0.7	amd64	expat	libexpat1-dev_2.4.7-1ubuntu0.7_amd64.deb	ap-northeast-2.ec2.archive.ubuntu.com		main	147506	66367b059692c40b3b24453af5383eb1c6753c35d27be71ccc4ab57d9962a0bb	http://ap-northeast-2.ec2.archive.ubuntu.com/ubuntu/pool/main/e/expat/libexpat1-dev_2.4.7-1ubuntu0.7_amd64.deb	http://ap-northeast-2.ec2.archive.ubuntu.com/ubuntu/pool/main/e/expat/libexpat1-dev_2.4.7-1ubuntu0.7_amd64.deb	true	true	true	proxy_access_log
focal-to-jammy	libexpat1	2.4.7-1ubuntu0.7	amd64	expat	libexpat1_2.4.7-1ubuntu0.7_amd64.deb	ap-northeast-2.ec2.archive.ubuntu.com		main	92136	a538ba8ea04ac4011337e99f77a8f3387ddef2909b8a83a58d9662d8715df4cd	http://ap-northeast-2.ec2.archive.ubuntu.com/ubuntu/pool/main/e/expat/libexpat1_2.4.7-1ubuntu0.7_amd64.deb	http://ap-northeast-2.ec2.archive.ubuntu.com/ubuntu/pool/main/e/expat/libexpat1_2.4.7-1ubuntu0.7_amd64.deb	true	true	true	proxy_access_log
focal-to-jammy	python3.10-minimal	3.10.12-1%7e22.04.17	amd64	python3.10-minimal	python3.10-minimal_3.10.12-1%7e22.04.17_amd64.deb	ap-northeast-2.ec2.archive.ubuntu.com		main	2278912	2051df9dfbcfcac24e62a181dadc7339c85de51600781ca72e306ad2d2fbfcd1	http://ap-northeast-2.ec2.archive.ubuntu.com/ubuntu/pool/main/p/python3.10/python3.10-minimal_3.10.12-1%7e22.04.17_amd64.deb	http://ap-northeast-2.ec2.archive.ubuntu.com/ubuntu/pool/main/p/python3.10/python3.10-minimal_3.10.12-1%7e22.04.17_amd64.deb	true	true	true	proxy_access_log
focal-to-jammy	bind9-libs	9.18.39-0ubuntu0.22.04.6	amd64	bind9-libs	bind9-libs_9.18.39-0ubuntu0.22.04.6_amd64.deb	security.ubuntu.com		main	1264134	93f3cbc91d35d6ae217fb95c7e96da5969a3a3282844bf6df493edc16ba64651	http://security.ubuntu.com/ubuntu/pool/main/b/bind9/bind9-libs_9.18.39-0ubuntu0.22.04.6_amd64.deb	http://security.ubuntu.com/ubuntu/pool/main/b/bind9/bind9-libs_9.18.39-0ubuntu0.22.04.6_amd64.deb	true	true	true	proxy_access_log
focal-to-jammy	libpcre2-8-0	10.39-3ubuntu0.1	amd64	pcre2	libpcre2-8-0_10.39-3ubuntu0.1_amd64.deb	ap-northeast-2.ec2.archive.ubuntu.com		main	220512	01a5a74f3d305cad32fffffdc200c2a92fd8e5a01bff97de76ac598fb444d53e	http://ap-northeast-2.ec2.archive.ubuntu.com/ubuntu/pool/main/p/pcre2/libpcre2-8-0_10.39-3ubuntu0.1_amd64.deb	http://ap-northeast-2.ec2.archive.ubuntu.com/ubuntu/pool/main/p/pcre2/libpcre2-8-0_10.39-3ubuntu0.1_amd64.deb	true	true	true	proxy_access_log
focal-to-jammy	libselinux1	3.3-1build2	amd64	libselinux	libselinux1_3.3-1build2_amd64.deb	ap-northeast-2.ec2.archive.ubuntu.com		main	74578	b96c6b40ee2388bd51341cb11c0f1d5bcca29b9180b6e3a77a06b881f2913f7e	http://ap-northeast-2.ec2.archive.ubuntu.com/ubuntu/pool/main/libs/libselinux/libselinux1_3.3-1build2_amd64.deb	http://ap-northeast-2.ec2.archive.ubuntu.com/ubuntu/pool/main/libs/libselinux/libselinux1_3.3-1build2_amd64.deb	true	true	true	proxy_access_log
focal-to-jammy	tar	1.34%2bdfsg-1ubuntu0.1.22.04.6	amd64	tar	tar_1.34%2bdfsg-1ubuntu0.1.22.04.6_amd64.deb	ap-northeast-2.ec2.archive.ubuntu.com		main	298302	9e7a93d96b2c3ed82aa5959933bec3e5082c264b0ae45e86ab450f83886faace	http://ap-northeast-2.ec2.archive.ubuntu.com/ubuntu/pool/main/t/tar/tar_1.34%2bdfsg-1ubuntu0.1.22.04.6_amd64.deb	http://ap-northeast-2.ec2.archive.ubuntu.com/ubuntu/pool/main/t/tar/tar_1.34%2bdfsg-1ubuntu0.1.22.04.6_amd64.deb	true	true	true	proxy_access_log
focal-to-jammy	dpkg	1.21.1ubuntu2.6	amd64	dpkg	dpkg_1.21.1ubuntu2.6_amd64.deb	ap-northeast-2.ec2.archive.ubuntu.com		main	1238552	8759f60fc173cb4ab85599dd66a633dce9473b9c7655128863a214325f52a7bd	http://ap-northeast-2.ec2.archive.ubuntu.com/ubuntu/pool/main/d/dpkg/dpkg_1.21.1ubuntu2.6_amd64.deb	http://ap-northeast-2.ec2.archive.ubuntu.com/ubuntu/pool/main/d/dpkg/dpkg_1.21.1ubuntu2.6_amd64.deb	true	true	true	proxy_access_log
focal-to-jammy	bind9-host	9.18.39-0ubuntu0.22.04.6	amd64	bind9-host	bind9-host_9.18.39-0ubuntu0.22.04.6_amd64.deb	security.ubuntu.com		main	52516	97863ade0ad9f88b7a1925333197931b60f59bd40450fb0d9ac488243ce8f134	http://security.ubuntu.com/ubuntu/pool/main/b/bind9/bind9-host_9.18.39-0ubuntu0.22.04.6_amd64.deb	http://security.ubuntu.com/ubuntu/pool/main/b/bind9/bind9-host_9.18.39-0ubuntu0.22.04.6_amd64.deb	true	true	true	proxy_access_log
focal-to-jammy	python3-zope.interface	5.4.0-1build1	amd64	zope.interface	python3-zope.interface_5.4.0-1build1_amd64.deb	ap-northeast-2.ec2.archive.ubuntu.com		main	141928	bc84dddc6c9c30d14e193d251ca8b572683d196c85aebe562618018243f91b09	http://ap-northeast-2.ec2.archive.ubuntu.com/ubuntu/pool/main/z/zope.interface/python3-zope.interface_5.4.0-1build1_amd64.deb	http://ap-northeast-2.ec2.archive.ubuntu.com/ubuntu/pool/main/z/zope.interface/python3-zope.interface_5.4.0-1build1_amd64.deb	true	true	true	proxy_access_log
focal-to-jammy	dnsutils	9.18.39-0ubuntu0.22.04.6	all	dnsutils	dnsutils_9.18.39-0ubuntu0.22.04.6_all.deb	security.ubuntu.com		universe	3926	151d20944bf5b909fa60f50ec8552aae48e89ce105315231e0b243ac73da85c2	http://security.ubuntu.com/ubuntu/pool/universe/b/bind9/dnsutils_9.18.39-0ubuntu0.22.04.6_all.deb	http://security.ubuntu.com/ubuntu/pool/universe/b/bind9/dnsutils_9.18.39-0ubuntu0.22.04.6_all.deb	true	true	true	proxy_access_log
focal-to-jammy	python3-yaml	5.4.1-1ubuntu1	amd64	pyyaml	python3-yaml_5.4.1-1ubuntu1_amd64.deb	ap-northeast-2.ec2.archive.ubuntu.com		main	129332	7ef9b534046bb838f7357091bafb368f6d1f32fb7ad2887d7c377ff4c0081b32	http://ap-northeast-2.ec2.archive.ubuntu.com/ubuntu/pool/main/p/pyyaml/python3-yaml_5.4.1-1ubuntu1_amd64.deb	http://ap-northeast-2.ec2.archive.ubuntu.com/ubuntu/pool/main/p/pyyaml/python3-yaml_5.4.1-1ubuntu1_amd64.deb	true	true	true	proxy_access_log
focal-to-jammy	python3-twisted	22.1.0-2ubuntu2.7	all	twisted	python3-twisted_22.1.0-2ubuntu2.7_all.deb	ap-northeast-2.ec2.archive.ubuntu.com		main	2008398	e6f2c89d82b7f7ab3bfa4ca8d8ebb5d3105586bfba40af7958a2486baf5dd3b2	http://ap-northeast-2.ec2.archive.ubuntu.com/ubuntu/pool/main/t/twisted/python3-twisted_22.1.0-2ubuntu2.7_all.deb	http://ap-northeast-2.ec2.archive.ubuntu.com/ubuntu/pool/main/t/twisted/python3-twisted_22.1.0-2ubuntu2.7_all.deb	true	true	true	proxy_access_log
focal-to-jammy	python3-systemd	234-3ubuntu2	amd64	python-systemd	python3-systemd_234-3ubuntu2_amd64.deb	ap-northeast-2.ec2.archive.ubuntu.com		main	39570	22efa44127c8fb6e14ca5d90f17a071689400446676d4002a460222f049970c1	http://ap-northeast-2.ec2.archive.ubuntu.com/ubuntu/pool/main/p/python-systemd/python3-systemd_234-3ubuntu2_amd64.deb	http://ap-northeast-2.ec2.archive.ubuntu.com/ubuntu/pool/main/p/python-systemd/python3-systemd_234-3ubuntu2_amd64.deb	true	true	true	proxy_access_log
focal-to-jammy	python3-simplejson	3.17.6-1build1	amd64	simplejson	python3-simplejson_3.17.6-1build1_amd64.deb	ap-northeast-2.ec2.archive.ubuntu.com		main	54722	c990ebc4a99a03b51fb7b7f7bbbabb681df547d09e9b4aae76c8aa3879a8cbbb	http://ap-northeast-2.ec2.archive.ubuntu.com/ubuntu/pool/main/s/simplejson/python3-simplejson_3.17.6-1build1_amd64.deb	http://ap-northeast-2.ec2.archive.ubuntu.com/ubuntu/pool/main/s/simplejson/python3-simplejson_3.17.6-1build1_amd64.deb	true	true	true	proxy_access_log
focal-to-jammy	python3-selinux	3.3-1build2	amd64	libselinux	python3-selinux_3.3-1build2_amd64.deb	ap-northeast-2.ec2.archive.ubuntu.com		universe	158910	b82a9be7e04c5226b092ae766c28fcff25014f6499080aa0e92016995ca89590	http://ap-northeast-2.ec2.archive.ubuntu.com/ubuntu/pool/universe/libs/libselinux/python3-selinux_3.3-1build2_amd64.deb	http://ap-northeast-2.ec2.archive.ubuntu.com/ubuntu/pool/universe/libs/libselinux/python3-selinux_3.3-1build2_amd64.deb	true	true	true	proxy_access_log
focal-to-jammy	python3-pycurl	7.44.1-4build1	amd64	pycurl	python3-pycurl_7.44.1-4build1_amd64.deb	ap-northeast-2.ec2.archive.ubuntu.com		main	52896	466da92e53b371491f5df198063acb65d273c40e034ac43ec43cfbb0c58a5280	http://ap-northeast-2.ec2.archive.ubuntu.com/ubuntu/pool/main/p/pycurl/python3-pycurl_7.44.1-4build1_amd64.deb	http://ap-northeast-2.ec2.archive.ubuntu.com/ubuntu/pool/main/p/pycurl/python3-pycurl_7.44.1-4build1_amd64.deb	true	true	true	proxy_access_log
focal-to-jammy	python3-pam	0.4.2-13.4build4	amd64	python-pam	python3-pam_0.4.2-13.4build4_amd64.deb	ap-northeast-2.ec2.archive.ubuntu.com		main	10810	c8067bf967c66b0e72a61165d28f7493ffaed219001af276e8dca25bd8b1201b	http://ap-northeast-2.ec2.archive.ubuntu.com/ubuntu/pool/main/p/python-pam/python3-pam_0.4.2-13.4build4_amd64.deb	http://ap-northeast-2.ec2.archive.ubuntu.com/ubuntu/pool/main/p/python-pam/python3-pam_0.4.2-13.4build4_amd64.deb	true	true	true	proxy_access_log
focal-to-jammy	python3-newt	0.52.21-5ubuntu2	amd64	newt	python3-newt_0.52.21-5ubuntu2_amd64.deb	ap-northeast-2.ec2.archive.ubuntu.com		main	21460	be2542f0f3a30e9277c6a6d1eadecadcffc2a0039949575b212c66a6667ecd8b	http://ap-northeast-2.ec2.archive.ubuntu.com/ubuntu/pool/main/n/newt/python3-newt_0.52.21-5ubuntu2_amd64.deb	http://ap-northeast-2.ec2.archive.ubuntu.com/ubuntu/pool/main/n/newt/python3-newt_0.52.21-5ubuntu2_amd64.deb	true	true	true	proxy_access_log
focal-to-jammy	python3-netifaces	0.11.0-1build2	amd64	netifaces	python3-netifaces_0.11.0-1build2_amd64.deb	ap-northeast-2.ec2.archive.ubuntu.com		main	18276	16b1b3c4bd161843fe4c823a4f3064f5e8b11d58227f2a033790bccdb5752335	http://ap-northeast-2.ec2.archive.ubuntu.com/ubuntu/pool/main/n/netifaces/python3-netifaces_0.11.0-1build2_amd64.deb	http://ap-northeast-2.ec2.archive.ubuntu.com/ubuntu/pool/main/n/netifaces/python3-netifaces_0.11.0-1build2_amd64.deb	true	true	true	proxy_access_log
focal-to-jammy	python3-markupsafe	2.0.1-2build1	amd64	markupsafe	python3-markupsafe_2.0.1-2build1_amd64.deb	ap-northeast-2.ec2.archive.ubuntu.com		main	12698	4339fa24f58e4bb5cab0c6ed917b25d17adc67f41955df62d9dce0ccfbd8d2f9	http://ap-northeast-2.ec2.archive.ubuntu.com/ubuntu/pool/main/m/markupsafe/python3-markupsafe_2.0.1-2build1_amd64.deb	http://ap-northeast-2.ec2.archive.ubuntu.com/ubuntu/pool/main/m/markupsafe/python3-markupsafe_2.0.1-2build1_amd64.deb	true	true	true	proxy_access_log
focal-to-jammy	python3-kerberos	1.1.14-3.1build5	amd64	pykerberos	python3-kerberos_1.1.14-3.1build5_amd64.deb	ap-northeast-2.ec2.archive.ubuntu.com		universe	23012	bb4466b10a8a5ac6881ea93df0e05e64af7985c3b38d47a02f77c4cbd49538e3	http://ap-northeast-2.ec2.archive.ubuntu.com/ubuntu/pool/universe/p/pykerberos/python3-kerberos_1.1.14-3.1build5_amd64.deb	http://ap-northeast-2.ec2.archive.ubuntu.com/ubuntu/pool/universe/p/pykerberos/python3-kerberos_1.1.14-3.1build5_amd64.deb	true	true	true	proxy_access_log
focal-to-jammy	libglib2.0-bin	2.72.4-0ubuntu2.9	amd64	glib2.0	libglib2.0-bin_2.72.4-0ubuntu2.9_amd64.deb	ap-northeast-2.ec2.archive.ubuntu.com		main	80888	63283ada8e6c5b20f745f38958b23a43abbac50e526aebb614d573f443cf4928	http://ap-northeast-2.ec2.archive.ubuntu.com/ubuntu/pool/main/g/glib2.0/libglib2.0-bin_2.72.4-0ubuntu2.9_amd64.deb	http://ap-northeast-2.ec2.archive.ubuntu.com/ubuntu/pool/main/g/glib2.0/libglib2.0-bin_2.72.4-0ubuntu2.9_amd64.deb	true	true	true	proxy_access_log
focal-to-jammy	libglib2.0-0	2.72.4-0ubuntu2.9	amd64	glib2.0	libglib2.0-0_2.72.4-0ubuntu2.9_amd64.deb	ap-northeast-2.ec2.archive.ubuntu.com		main	1467084	aeae7e349026617aa2a5109257631589646c8890996da1778115ac57c840f6fc	http://ap-northeast-2.ec2.archive.ubuntu.com/ubuntu/pool/main/g/glib2.0/libglib2.0-0_2.72.4-0ubuntu2.9_amd64.deb	http://ap-northeast-2.ec2.archive.ubuntu.com/ubuntu/pool/main/g/glib2.0/libglib2.0-0_2.72.4-0ubuntu2.9_amd64.deb	true	true	true	proxy_access_log
focal-to-jammy	python3-gi	3.42.1-0ubuntu1	amd64	pygobject	python3-gi_3.42.1-0ubuntu1_amd64.deb	ap-northeast-2.ec2.archive.ubuntu.com		main	228516	718c601d9df7bfc23d9daf9aad5dd2473115e0e5bf69c6bcfa88f41815ec9b7e	http://ap-northeast-2.ec2.archive.ubuntu.com/ubuntu/pool/main/p/pygobject/python3-gi_3.42.1-0ubuntu1_amd64.deb	http://ap-northeast-2.ec2.archive.ubuntu.com/ubuntu/pool/main/p/pygobject/python3-gi_3.42.1-0ubuntu1_amd64.deb	true	true	true	proxy_access_log
focal-to-jammy	libgirepository-1.0-1	1.72.0-1	amd64	gobject-introspection	libgirepository-1.0-1_1.72.0-1_amd64.deb	ap-northeast-2.ec2.archive.ubuntu.com		main	55644	2564342ced21cd09786ab7af1bb66c384fc183c05e1dce1b1bbcf0313f1998c6	http://ap-northeast-2.ec2.archive.ubuntu.com/ubuntu/pool/main/g/gobject-introspection/libgirepository-1.0-1_1.72.0-1_amd64.deb	http://ap-northeast-2.ec2.archive.ubuntu.com/ubuntu/pool/main/g/gobject-introspection/libgirepository-1.0-1_1.72.0-1_amd64.deb	true	true	true	proxy_access_log
focal-to-jammy	python3-gdbm	3.10.8-1%7e22.04	amd64	python3-gdbm	python3-gdbm_3.10.8-1%7e22.04_amd64.deb	ap-northeast-2.ec2.archive.ubuntu.com		main	16712	a40b791da0ab7ad2e52ad4d4636f8986879f375425428992bf7acd5eb16f49dd	http://ap-northeast-2.ec2.archive.ubuntu.com/ubuntu/pool/main/p/python3-stdlib-extensions/python3-gdbm_3.10.8-1%7e22.04_amd64.deb	http://ap-northeast-2.ec2.archive.ubuntu.com/ubuntu/pool/main/p/python3-stdlib-extensions/python3-gdbm_3.10.8-1%7e22.04_amd64.deb	true	true	true	proxy_access_log
focal-to-jammy	python3-dbus	1.2.18-3build1	amd64	dbus-python	python3-dbus_1.2.18-3build1_amd64.deb	ap-northeast-2.ec2.archive.ubuntu.com		main	99518	c6f4ca7fba69485cf5e4f3272a21d5836a79f6c77b87eff983983faacff497ea	http://ap-northeast-2.ec2.archive.ubuntu.com/ubuntu/pool/main/d/dbus-python/python3-dbus_1.2.18-3build1_amd64.deb	http://ap-northeast-2.ec2.archive.ubuntu.com/ubuntu/pool/main/d/dbus-python/python3-dbus_1.2.18-3build1_amd64.deb	true	true	true	proxy_access_log
focal-to-jammy	python3-libcloud	3.2.0-2	all	libcloud	python3-libcloud_3.2.0-2_all.deb	ap-northeast-2.ec2.archive.ubuntu.com		universe	1554184	ecbfbdaa6f76fa80ee0f28fd3687154934c6a24d6928ca2d118521717ace29fe	http://ap-northeast-2.ec2.archive.ubuntu.com/ubuntu/pool/universe/libc/libcloud/python3-libcloud_3.2.0-2_all.deb	http://ap-northeast-2.ec2.archive.ubuntu.com/ubuntu/pool/universe/libc/libcloud/python3-libcloud_3.2.0-2_all.deb	true	true	true	proxy_access_log
focal-to-jammy	ansible	2.10.7%2bmerged%2bbase%2b2.10.8%2bdfsg-1	all	ansible	ansible_2.10.7%2bmerged%2bbase%2b2.10.8%2bdfsg-1_all.deb	ap-northeast-2.ec2.archive.ubuntu.com		universe	17530700	94b5304e1156d5f76f25cced779b5c9b0a8716c568a8e19ed72570fa22749a84	http://ap-northeast-2.ec2.archive.ubuntu.com/ubuntu/pool/universe/a/ansible/ansible_2.10.7%2bmerged%2bbase%2b2.10.8%2bdfsg-1_all.deb	http://ap-northeast-2.ec2.archive.ubuntu.com/ubuntu/pool/universe/a/ansible/ansible_2.10.7%2bmerged%2bbase%2b2.10.8%2bdfsg-1_all.deb	true	true	true	proxy_access_log
focal-to-jammy	python3-cffi-backend	1.15.0-1build2	amd64	python-cffi	python3-cffi-backend_1.15.0-1build2_amd64.deb	ap-northeast-2.ec2.archive.ubuntu.com		main	77390	4d0a7b495f2b8f649af944359983e608ef1fe6789dfd8369c09e3d407b0c7a1e	http://ap-northeast-2.ec2.archive.ubuntu.com/ubuntu/pool/main/p/python-cffi/python3-cffi-backend_1.15.0-1build2_amd64.deb	http://ap-northeast-2.ec2.archive.ubuntu.com/ubuntu/pool/main/p/python-cffi/python3-cffi-backend_1.15.0-1build2_amd64.deb	true	true	true	proxy_access_log
focal-to-jammy	gpg-wks-client	2.2.27-3ubuntu2.5	amd64	gnupg2	gpg-wks-client_2.2.27-3ubuntu2.5_amd64.deb	ap-northeast-2.ec2.archive.ubuntu.com		main	62672	8ef71ac6974bb2e52f3e08b11c3ddf34804d9fc0525fd64f40395a62c18de283	http://ap-northeast-2.ec2.archive.ubuntu.com/ubuntu/pool/main/g/gnupg2/gpg-wks-client_2.2.27-3ubuntu2.5_amd64.deb	http://ap-northeast-2.ec2.archive.ubuntu.com/ubuntu/pool/main/g/gnupg2/gpg-wks-client_2.2.27-3ubuntu2.5_amd64.deb	true	true	true	proxy_access_log
focal-to-jammy	dirmngr	2.2.27-3ubuntu2.5	amd64	gnupg2	dirmngr_2.2.27-3ubuntu2.5_amd64.deb	ap-northeast-2.ec2.archive.ubuntu.com		main	292808	38038823c30018e33e6eae279b3069a77ed5fc1f004417de89931ed5b9d72a2e	http://ap-northeast-2.ec2.archive.ubuntu.com/ubuntu/pool/main/g/gnupg2/dirmngr_2.2.27-3ubuntu2.5_amd64.deb	http://ap-northeast-2.ec2.archive.ubuntu.com/ubuntu/pool/main/g/gnupg2/dirmngr_2.2.27-3ubuntu2.5_amd64.deb	true	true	true	proxy_access_log
focal-to-jammy	gpgsm	2.2.27-3ubuntu2.5	amd64	gnupg2	gpgsm_2.2.27-3ubuntu2.5_amd64.deb	ap-northeast-2.ec2.archive.ubuntu.com		main	197452	3e2e2b2b2f647112d2c80cb71afc6cea85c14c5d8d830ef3413602247633937a	http://ap-northeast-2.ec2.archive.ubuntu.com/ubuntu/pool/main/g/gnupg2/gpgsm_2.2.27-3ubuntu2.5_amd64.deb	http://ap-northeast-2.ec2.archive.ubuntu.com/ubuntu/pool/main/g/gnupg2/gpgsm_2.2.27-3ubuntu2.5_amd64.deb	true	true	true	proxy_access_log
focal-to-jammy	gpg-wks-server	2.2.27-3ubuntu2.5	amd64	gnupg2	gpg-wks-server_2.2.27-3ubuntu2.5_amd64.deb	ap-northeast-2.ec2.archive.ubuntu.com		main	57552	335de9d9fa9378ba500cfbf4a5c777a050c7521598f038213dc3c4be62d0927f	http://ap-northeast-2.ec2.archive.ubuntu.com/ubuntu/pool/main/g/gnupg2/gpg-wks-server_2.2.27-3ubuntu2.5_amd64.deb	http://ap-northeast-2.ec2.archive.ubuntu.com/ubuntu/pool/main/g/gnupg2/gpg-wks-server_2.2.27-3ubuntu2.5_amd64.deb	true	true	true	proxy_access_log
focal-to-jammy	gnupg-utils	2.2.27-3ubuntu2.5	amd64	gnupg2	gnupg-utils_2.2.27-3ubuntu2.5_amd64.deb	ap-northeast-2.ec2.archive.ubuntu.com		main	308542	b89cce131748e0ca38b54f5884b8d56bde945934479ce645f9fa1fd95d4323d2	http://ap-northeast-2.ec2.archive.ubuntu.com/ubuntu/pool/main/g/gnupg2/gnupg-utils_2.2.27-3ubuntu2.5_amd64.deb	http://ap-northeast-2.ec2.archive.ubuntu.com/ubuntu/pool/main/g/gnupg2/gnupg-utils_2.2.27-3ubuntu2.5_amd64.deb	true	true	true	proxy_access_log
focal-to-jammy	gpg-agent	2.2.27-3ubuntu2.5	amd64	gnupg2	gpg-agent_2.2.27-3ubuntu2.5_amd64.deb	ap-northeast-2.ec2.archive.ubuntu.com		main	208614	8c21b5ba57babdecb67116918ac55097897bc883f011dbc1591743a036e6c88a	http://ap-northeast-2.ec2.archive.ubuntu.com/ubuntu/pool/main/g/gnupg2/gpg-agent_2.2.27-3ubuntu2.5_amd64.deb	http://ap-northeast-2.ec2.archive.ubuntu.com/ubuntu/pool/main/g/gnupg2/gpg-agent_2.2.27-3ubuntu2.5_amd64.deb	true	true	true	proxy_access_log
focal-to-jammy	gpg	2.2.27-3ubuntu2.5	amd64	gnupg2	gpg_2.2.27-3ubuntu2.5_amd64.deb	ap-northeast-2.ec2.archive.ubuntu.com		main	518982	b8c127ebed1e901eaf2a53ec6591d074ddb6d04f62966a7bc430888b51621e1b	http://ap-northeast-2.ec2.archive.ubuntu.com/ubuntu/pool/main/g/gnupg2/gpg_2.2.27-3ubuntu2.5_amd64.deb	http://ap-northeast-2.ec2.archive.ubuntu.com/ubuntu/pool/main/g/gnupg2/gpg_2.2.27-3ubuntu2.5_amd64.deb	true	true	true	proxy_access_log
focal-to-jammy	gpgconf	2.2.27-3ubuntu2.5	amd64	gnupg2	gpgconf_2.2.27-3ubuntu2.5_amd64.deb	ap-northeast-2.ec2.archive.ubuntu.com		main	94304	4a0f63a8b8492babea7d448c1c12f27a597b10db83d063d3b8d7f73601e7d2af	http://ap-northeast-2.ec2.archive.ubuntu.com/ubuntu/pool/main/g/gnupg2/gpgconf_2.2.27-3ubuntu2.5_amd64.deb	http://ap-northeast-2.ec2.archive.ubuntu.com/ubuntu/pool/main/g/gnupg2/gpgconf_2.2.27-3ubuntu2.5_amd64.deb	true	true	true	proxy_access_log
focal-to-jammy	gnupg-l10n	2.2.27-3ubuntu2.5	all	gnupg2	gnupg-l10n_2.2.27-3ubuntu2.5_all.deb	ap-northeast-2.ec2.archive.ubuntu.com		main	54528	9090a5878dea3b8c0172d6ee5dce2b05942686d5752d52fc43b9c85c0b87dcd1	http://ap-northeast-2.ec2.archive.ubuntu.com/ubuntu/pool/main/g/gnupg2/gnupg-l10n_2.2.27-3ubuntu2.5_all.deb	http://ap-northeast-2.ec2.archive.ubuntu.com/ubuntu/pool/main/g/gnupg2/gnupg-l10n_2.2.27-3ubuntu2.5_all.deb	true	true	true	proxy_access_log
focal-to-jammy	gnupg	2.2.27-3ubuntu2.5	all	gnupg2	gnupg_2.2.27-3ubuntu2.5_all.deb	ap-northeast-2.ec2.archive.ubuntu.com		main	314928	f308480e602d54b92d81f6d66f12e23be24a831885e72c25e7da503e24ec5667	http://ap-northeast-2.ec2.archive.ubuntu.com/ubuntu/pool/main/g/gnupg2/gnupg_2.2.27-3ubuntu2.5_all.deb	http://ap-northeast-2.ec2.archive.ubuntu.com/ubuntu/pool/main/g/gnupg2/gnupg_2.2.27-3ubuntu2.5_all.deb	true	true	true	proxy_access_log
focal-to-jammy	python3-apt	2.4.0ubuntu4.1	amd64	python-apt	python3-apt_2.4.0ubuntu4.1_amd64.deb	ap-northeast-2.ec2.archive.ubuntu.com		main	163898	bfe0dd80531613cfeff111d7b4f60255b4819149c906b21d93deb501e4e19230	http://ap-northeast-2.ec2.archive.ubuntu.com/ubuntu/pool/main/p/python-apt/python3-apt_2.4.0ubuntu4.1_amd64.deb	http://ap-northeast-2.ec2.archive.ubuntu.com/ubuntu/pool/main/p/python-apt/python3-apt_2.4.0ubuntu4.1_amd64.deb	true	true	true	proxy_access_log
focal-to-jammy	python2-minimal	2.7.18-3	amd64	python-defaults	python2-minimal_2.7.18-3_amd64.deb	ap-northeast-2.ec2.archive.ubuntu.com		universe	20836	12aa893edec1ba3173b96e20571839997b3d1c909b5aeae8e09c0493d37f728f	http://ap-northeast-2.ec2.archive.ubuntu.com/ubuntu/pool/universe/p/python-defaults/python2-minimal_2.7.18-3_amd64.deb	http://ap-northeast-2.ec2.archive.ubuntu.com/ubuntu/pool/universe/p/python-defaults/python2-minimal_2.7.18-3_amd64.deb	true	true	true	proxy_access_log
focal-to-jammy	python-all-dev	2.7.18-3	amd64	python-defaults	python-all-dev_2.7.18-3_amd64.deb	ap-northeast-2.ec2.archive.ubuntu.com		universe	922	176317cabe4ca6fcacec764dda9a4c688914690d897fcfcf822c3e43778ac839	http://ap-northeast-2.ec2.archive.ubuntu.com/ubuntu/pool/universe/p/python-defaults/python-all-dev_2.7.18-3_amd64.deb	http://ap-northeast-2.ec2.archive.ubuntu.com/ubuntu/pool/universe/p/python-defaults/python-all-dev_2.7.18-3_amd64.deb	true	true	true	proxy_access_log
focal-to-jammy	python-all	2.7.18-3	amd64	python-defaults	python-all_2.7.18-3_amd64.deb	ap-northeast-2.ec2.archive.ubuntu.com		universe	902	9aab0e118aad5d4ef5b56dc752f252eb987179d969700e68d5da2bf9a9e7f4ba	http://ap-northeast-2.ec2.archive.ubuntu.com/ubuntu/pool/universe/p/python-defaults/python-all_2.7.18-3_amd64.deb	http://ap-northeast-2.ec2.archive.ubuntu.com/ubuntu/pool/universe/p/python-defaults/python-all_2.7.18-3_amd64.deb	true	true	true	proxy_access_log
focal-to-jammy	python2-dev	2.7.18-3	amd64	python-defaults	python2-dev_2.7.18-3_amd64.deb	ap-northeast-2.ec2.archive.ubuntu.com		universe	1064	407adc566a67cad11faf51096efabcd92f58b6995fd453becbc8270f3eb2b63a	http://ap-northeast-2.ec2.archive.ubuntu.com/ubuntu/pool/universe/p/python-defaults/python2-dev_2.7.18-3_amd64.deb	http://ap-northeast-2.ec2.archive.ubuntu.com/ubuntu/pool/universe/p/python-defaults/python2-dev_2.7.18-3_amd64.deb	true	true	true	proxy_access_log
focal-to-jammy	python2	2.7.18-3	amd64	python-defaults	python2_2.7.18-3_amd64.deb	ap-northeast-2.ec2.archive.ubuntu.com		universe	9098	f7edbf5601d60f8771f95e15192199f1f6ae9a6d2ed2803b25f20d511d7fcf6a	http://ap-northeast-2.ec2.archive.ubuntu.com/ubuntu/pool/universe/p/python-defaults/python2_2.7.18-3_amd64.deb	http://ap-northeast-2.ec2.archive.ubuntu.com/ubuntu/pool/universe/p/python-defaults/python2_2.7.18-3_amd64.deb	true	true	true	proxy_access_log
focal-to-jammy	dh-python	5.20220403	all	dh-python	dh-python_5.20220403_all.deb	ap-northeast-2.ec2.archive.ubuntu.com		universe	105680	53ada881bb4dfa05cb6151f1a35c8d2a338603df479b13ff2942aa846cc2e912	http://ap-northeast-2.ec2.archive.ubuntu.com/ubuntu/pool/universe/d/dh-python/dh-python_5.20220403_all.deb	http://ap-northeast-2.ec2.archive.ubuntu.com/ubuntu/pool/universe/d/dh-python/dh-python_5.20220403_all.deb	true	true	true	proxy_access_log
focal-to-jammy	python3-distutils	3.10.8-1%7e22.04	all	python3-distutils	python3-distutils_3.10.8-1%7e22.04_all.deb	ap-northeast-2.ec2.archive.ubuntu.com		main	138862	b2bada10bef81fa7dc4bde61a1a462f37ca5027805e7c96e58685e9034c6094f	http://ap-northeast-2.ec2.archive.ubuntu.com/ubuntu/pool/main/p/python3-stdlib-extensions/python3-distutils_3.10.8-1%7e22.04_all.deb	http://ap-northeast-2.ec2.archive.ubuntu.com/ubuntu/pool/main/p/python3-stdlib-extensions/python3-distutils_3.10.8-1%7e22.04_all.deb	true	true	true	proxy_access_log
focal-to-jammy	python3-lib2to3	3.10.8-1%7e22.04	all	python3-lib2to3	python3-lib2to3_3.10.8-1%7e22.04_all.deb	ap-northeast-2.ec2.archive.ubuntu.com		main	77598	7bd212e61e8bb7fabf4768629e5dc97e6f8a7f98cc9335b5a3ce8c11cb633248	http://ap-northeast-2.ec2.archive.ubuntu.com/ubuntu/pool/main/p/python3-stdlib-extensions/python3-lib2to3_3.10.8-1%7e22.04_all.deb	http://ap-northeast-2.ec2.archive.ubuntu.com/ubuntu/pool/main/p/python3-stdlib-extensions/python3-lib2to3_3.10.8-1%7e22.04_all.deb	true	true	true	proxy_access_log
focal-to-jammy	python3-minimal	3.10.6-1%7e22.04.1	amd64	python3-minimal	python3-minimal_3.10.6-1%7e22.04.1_amd64.deb	ap-northeast-2.ec2.archive.ubuntu.com		main	24304	c2f9ebfa720344485d192f9b493065bee4a29d5021b093f9300c8101483de9dd	http://ap-northeast-2.ec2.archive.ubuntu.com/ubuntu/pool/main/p/python3-defaults/python3-minimal_3.10.6-1%7e22.04.1_amd64.deb	http://ap-northeast-2.ec2.archive.ubuntu.com/ubuntu/pool/main/p/python3-defaults/python3-minimal_3.10.6-1%7e22.04.1_amd64.deb	true	true	true	proxy_access_log
focal-to-jammy	python3	3.10.6-1%7e22.04.1	amd64	python3	python3_3.10.6-1%7e22.04.1_amd64.deb	ap-northeast-2.ec2.archive.ubuntu.com		main	22766	43dbcc12d790ed9360be4a1dc690ac0a7464a5e7c3170785886df84811a3f5a5	http://ap-northeast-2.ec2.archive.ubuntu.com/ubuntu/pool/main/p/python3-defaults/python3_3.10.6-1%7e22.04.1_amd64.deb	http://ap-northeast-2.ec2.archive.ubuntu.com/ubuntu/pool/main/p/python3-defaults/python3_3.10.6-1%7e22.04.1_amd64.deb	true	true	true	proxy_access_log
focal-to-jammy	mime-support	3.66	all	mime-support	mime-support_3.66_all.deb	ap-northeast-2.ec2.archive.ubuntu.com		main	3696	70bdf961f080ce5d8f19ad0d2729e88f86923982fa4c9ae7ed8e6499bad6af31	http://ap-northeast-2.ec2.archive.ubuntu.com/ubuntu/pool/main/m/mime-support/mime-support_3.66_all.deb	http://ap-northeast-2.ec2.archive.ubuntu.com/ubuntu/pool/main/m/mime-support/mime-support_3.66_all.deb	true	true	true	proxy_access_log
focal-to-jammy	mailcap	3.70%2bnmu1ubuntu1.22.04.1	all	mailcap	mailcap_3.70%2bnmu1ubuntu1.22.04.1_all.deb	ap-northeast-2.ec2.archive.ubuntu.com		main	23912	19b0a7da4ca318bf2d9bd348f62cfe764fa05e8b3c26326d16a110ed02f63c8f	http://ap-northeast-2.ec2.archive.ubuntu.com/ubuntu/pool/main/m/mailcap/mailcap_3.70%2bnmu1ubuntu1.22.04.1_all.deb	http://ap-northeast-2.ec2.archive.ubuntu.com/ubuntu/pool/main/m/mailcap/mailcap_3.70%2bnmu1ubuntu1.22.04.1_all.deb	true	true	true	proxy_access_log
focal-to-jammy	media-types	7.0.0	all	media-types	media-types_7.0.0_all.deb	ap-northeast-2.ec2.archive.ubuntu.com		main	25510	a993af16a8ccdcefaf75eef360f295f8a3a91a78fd5e5ea1e3fd4f2376df6615	http://ap-northeast-2.ec2.archive.ubuntu.com/ubuntu/pool/main/m/media-types/media-types_7.0.0_all.deb	http://ap-northeast-2.ec2.archive.ubuntu.com/ubuntu/pool/main/m/media-types/media-types_7.0.0_all.deb	true	true	true	proxy_access_log
focal-to-jammy	libffi8	3.4.2-4	amd64	libffi	libffi8_3.4.2-4_amd64.deb	ap-northeast-2.ec2.archive.ubuntu.com		main	22326	b4f88c91fa6f4c942097be6abfc365fb133c5e147640168cbb7704fd855eac10	http://ap-northeast-2.ec2.archive.ubuntu.com/ubuntu/pool/main/libf/libffi/libffi8_3.4.2-4_amd64.deb	http://ap-northeast-2.ec2.archive.ubuntu.com/ubuntu/pool/main/libf/libffi/libffi8_3.4.2-4_amd64.deb	true	true	true	proxy_access_log
focal-to-jammy	gcc-12-base	12.3.0-1ubuntu1%7e22.04.3	amd64	gcc-12-base	gcc-12-base_12.3.0-1ubuntu1%7e22.04.3_amd64.deb	ap-northeast-2.ec2.archive.ubuntu.com		main	215782	7f9253b7e0976f0526fc21346c73ee006e185a7b2f2f865048ea78a2af55bc8d	http://ap-northeast-2.ec2.archive.ubuntu.com/ubuntu/pool/main/g/gcc-12/gcc-12-base_12.3.0-1ubuntu1%7e22.04.3_amd64.deb	http://ap-northeast-2.ec2.archive.ubuntu.com/ubuntu/pool/main/g/gcc-12/gcc-12-base_12.3.0-1ubuntu1%7e22.04.3_amd64.deb	true	true	true	proxy_access_log
focal-to-jammy	libblkid1	2.37.2-4ubuntu3.5	amd64	util-linux	libblkid1_2.37.2-4ubuntu3.5_amd64.deb	ap-northeast-2.ec2.archive.ubuntu.com		main	103068	f86de1c4bfb2a4f0df82dbd915b4c7f5e8ee2314311e8411b4cbb7f177bb648d	http://ap-northeast-2.ec2.archive.ubuntu.com/ubuntu/pool/main/u/util-linux/libblkid1_2.37.2-4ubuntu3.5_amd64.deb	http://ap-northeast-2.ec2.archive.ubuntu.com/ubuntu/pool/main/u/util-linux/libblkid1_2.37.2-4ubuntu3.5_amd64.deb	true	true	true	proxy_access_log
focal-to-jammy	libgpg-error-l10n	1.43-3	all	libgpg-error	libgpg-error-l10n_1.43-3_all.deb	ap-northeast-2.ec2.archive.ubuntu.com		main	7134	c5347f2319c8c1c9477b24c342fa53378976afcc71314e63c51b4ba73b0eab5c	http://ap-northeast-2.ec2.archive.ubuntu.com/ubuntu/pool/main/libg/libgpg-error/libgpg-error-l10n_1.43-3_all.deb	http://ap-northeast-2.ec2.archive.ubuntu.com/ubuntu/pool/main/libg/libgpg-error/libgpg-error-l10n_1.43-3_all.deb	true	true	true	proxy_access_log
focal-to-jammy	libgpg-error0	1.43-3	amd64	libgpg-error	libgpg-error0_1.43-3_amd64.deb	ap-northeast-2.ec2.archive.ubuntu.com		main	69684	1fbacdf9bd1e431cee874a697b339f6f925182bc79bba5a112b53669b33265c5	http://ap-northeast-2.ec2.archive.ubuntu.com/ubuntu/pool/main/libg/libgpg-error/libgpg-error0_1.43-3_amd64.deb	http://ap-northeast-2.ec2.archive.ubuntu.com/ubuntu/pool/main/libg/libgpg-error/libgpg-error0_1.43-3_amd64.deb	true	true	true	proxy_access_log
focal-to-jammy	libgcrypt20	1.9.4-3ubuntu3.2	amd64	libgcrypt20	libgcrypt20_1.9.4-3ubuntu3.2_amd64.deb	ap-northeast-2.ec2.archive.ubuntu.com		main	515710	6911ff5ca27d03485749691c3380c4a529e1e13e3167b5f5a01e9a81943c64bd	http://ap-northeast-2.ec2.archive.ubuntu.com/ubuntu/pool/main/libg/libgcrypt20/libgcrypt20_1.9.4-3ubuntu3.2_amd64.deb	http://ap-northeast-2.ec2.archive.ubuntu.com/ubuntu/pool/main/libg/libgcrypt20/libgcrypt20_1.9.4-3ubuntu3.2_amd64.deb	true	true	true	proxy_access_log
focal-to-jammy	libjson-c5	0.15-3%7eubuntu1.22.04.2	amd64	libjson-c5	libjson-c5_0.15-3%7eubuntu1.22.04.2_amd64.deb	ap-northeast-2.ec2.archive.ubuntu.com		main	33454	5c2e5b01a03b8f185058db3946a8e01ac3750887c0a7f22dc32e49573a0c7529	http://ap-northeast-2.ec2.archive.ubuntu.com/ubuntu/pool/main/j/json-c/libjson-c5_0.15-3%7eubuntu1.22.04.2_amd64.deb	http://ap-northeast-2.ec2.archive.ubuntu.com/ubuntu/pool/main/j/json-c/libjson-c5_0.15-3%7eubuntu1.22.04.2_amd64.deb	true	true	true	proxy_access_log
focal-to-jammy	libargon2-0	0%7e20171227-0.3	amd64	libargon2-0	libargon2-0_0%7e20171227-0.3_amd64.deb	ap-northeast-2.ec2.archive.ubuntu.com		universe	4330	3626008d7bd614322c6b17cc54b6e93de0582d75fc295e04d5d1330ff82a1e1b	http://ap-northeast-2.ec2.archive.ubuntu.com/ubuntu/pool/universe/a/argon2/libargon2-0_0%7e20171227-0.3_amd64.deb	http://ap-northeast-2.ec2.archive.ubuntu.com/ubuntu/pool/universe/a/argon2/libargon2-0_0%7e20171227-0.3_amd64.deb	true	true	true	proxy_access_log
focal-to-jammy	libargon2-1	0%7e20171227-0.3	amd64	libargon2-1	libargon2-1_0%7e20171227-0.3_amd64.deb	ap-northeast-2.ec2.archive.ubuntu.com		main	19478	68c42fd9c302eb567622e882c7f6b2aa3fbfdc3aa279993d38d732c71b12509d	http://ap-northeast-2.ec2.archive.ubuntu.com/ubuntu/pool/main/a/argon2/libargon2-1_0%7e20171227-0.3_amd64.deb	http://ap-northeast-2.ec2.archive.ubuntu.com/ubuntu/pool/main/a/argon2/libargon2-1_0%7e20171227-0.3_amd64.deb	true	true	true	proxy_access_log
focal-to-jammy	libdevmapper1.02.1	1.02.175-2.1ubuntu5	amd64	libdevmapper1.02.1	libdevmapper1.02.1_1.02.175-2.1ubuntu5_amd64.deb	ap-northeast-2.ec2.archive.ubuntu.com		main	139036	711ff30d90c2a00244eb2fc3d25fc2886b217184dcc8dae44130f44316fe3462	http://ap-northeast-2.ec2.archive.ubuntu.com/ubuntu/pool/main/l/lvm2/libdevmapper1.02.1_1.02.175-2.1ubuntu5_amd64.deb	http://ap-northeast-2.ec2.archive.ubuntu.com/ubuntu/pool/main/l/lvm2/libdevmapper1.02.1_1.02.175-2.1ubuntu5_amd64.deb	true	true	true	proxy_access_log
focal-to-jammy	libuuid1	2.37.2-4ubuntu3.5	amd64	util-linux	libuuid1_2.37.2-4ubuntu3.5_amd64.deb	ap-northeast-2.ec2.archive.ubuntu.com		main	23634	66c520b7f26075906f62ca7aa662d6c5f986a85b50539935eec88574f5117df6	http://ap-northeast-2.ec2.archive.ubuntu.com/ubuntu/pool/main/u/util-linux/libuuid1_2.37.2-4ubuntu3.5_amd64.deb	http://ap-northeast-2.ec2.archive.ubuntu.com/ubuntu/pool/main/u/util-linux/libuuid1_2.37.2-4ubuntu3.5_amd64.deb	true	true	true	proxy_access_log
focal-to-jammy	libcryptsetup12	2.4.3-1ubuntu1.3	amd64	libcryptsetup12	libcryptsetup12_2.4.3-1ubuntu1.3_amd64.deb	ap-northeast-2.ec2.archive.ubuntu.com		main	210770	8a3d64bf2d98ef0fd0f73ca8bd9a2122e536cff4703884020dd9f2a57b20bc32	http://ap-northeast-2.ec2.archive.ubuntu.com/ubuntu/pool/main/c/cryptsetup/libcryptsetup12_2.4.3-1ubuntu1.3_amd64.deb	http://ap-northeast-2.ec2.archive.ubuntu.com/ubuntu/pool/main/c/cryptsetup/libcryptsetup12_2.4.3-1ubuntu1.3_amd64.deb	true	true	true	proxy_access_log
focal-to-jammy	libgmp10	6.2.1%2bdfsg-3ubuntu1	amd64	libgmp10	libgmp10_6.2.1%2bdfsg-3ubuntu1_amd64.deb	ap-northeast-2.ec2.archive.ubuntu.com		main	250148	d199a77e11701d4d620dd4f62e05740e3072dce893856ea3bbaa6ae9fa19fef1	http://ap-northeast-2.ec2.archive.ubuntu.com/ubuntu/pool/main/g/gmp/libgmp10_6.2.1%2bdfsg-3ubuntu1_amd64.deb	http://ap-northeast-2.ec2.archive.ubuntu.com/ubuntu/pool/main/g/gmp/libgmp10_6.2.1%2bdfsg-3ubuntu1_amd64.deb	true	true	true	proxy_access_log
focal-to-jammy	libnettle8	3.7.3-1build2	amd64	nettle	libnettle8_3.7.3-1build2_amd64.deb	ap-northeast-2.ec2.archive.ubuntu.com		main	158864	6da09e685e5587f8873f662b007de45f75424fb33d2c4a51837380e683d33c7e	http://ap-northeast-2.ec2.archive.ubuntu.com/ubuntu/pool/main/n/nettle/libnettle8_3.7.3-1build2_amd64.deb	http://ap-northeast-2.ec2.archive.ubuntu.com/ubuntu/pool/main/n/nettle/libnettle8_3.7.3-1build2_amd64.deb	true	true	true	proxy_access_log
focal-to-jammy	libhogweed6	3.7.3-1build2	amd64	nettle	libhogweed6_3.7.3-1build2_amd64.deb	ap-northeast-2.ec2.archive.ubuntu.com		main	199324	2402ac51ebc760799b01f3fd4933126c5eb446e5b043832601fb589f5e50c363	http://ap-northeast-2.ec2.archive.ubuntu.com/ubuntu/pool/main/n/nettle/libhogweed6_3.7.3-1build2_amd64.deb	http://ap-northeast-2.ec2.archive.ubuntu.com/ubuntu/pool/main/n/nettle/libhogweed6_3.7.3-1build2_amd64.deb	true	true	true	proxy_access_log
focal-to-jammy	libgnutls-openssl27	3.7.3-4ubuntu1.9	amd64	gnutls28	libgnutls-openssl27_3.7.3-4ubuntu1.9_amd64.deb	ap-northeast-2.ec2.archive.ubuntu.com		main	22840	2f740927e8529102d84050b53561a6e44f2ebb94e0ca019fe41feb6bb0a7dbbb	http://ap-northeast-2.ec2.archive.ubuntu.com/ubuntu/pool/main/g/gnutls28/libgnutls-openssl27_3.7.3-4ubuntu1.9_amd64.deb	http://ap-northeast-2.ec2.archive.ubuntu.com/ubuntu/pool/main/g/gnutls28/libgnutls-openssl27_3.7.3-4ubuntu1.9_amd64.deb	true	true	true	proxy_access_log
focal-to-jammy	libunistring2	1.0-1	amd64	libunistring	libunistring2_1.0-1_amd64.deb	ap-northeast-2.ec2.archive.ubuntu.com		main	553602	988fb59de6a0a313844277e8a6e45d3dc16f5ea75a603a46b16b936426f0ac65	http://ap-northeast-2.ec2.archive.ubuntu.com/ubuntu/pool/main/libu/libunistring/libunistring2_1.0-1_amd64.deb	http://ap-northeast-2.ec2.archive.ubuntu.com/ubuntu/pool/main/libu/libunistring/libunistring2_1.0-1_amd64.deb	true	true	true	proxy_access_log
focal-to-jammy	libidn2-0	2.3.2-2build1	amd64	libidn2	libidn2-0_2.3.2-2build1_amd64.deb	ap-northeast-2.ec2.archive.ubuntu.com		main	66396	bc935e1871aa4a75d3f4ff549af32b7316aecfbea2200d85055878767b8398c8	http://ap-northeast-2.ec2.archive.ubuntu.com/ubuntu/pool/main/libi/libidn2/libidn2-0_2.3.2-2build1_amd64.deb	http://ap-northeast-2.ec2.archive.ubuntu.com/ubuntu/pool/main/libi/libidn2/libidn2-0_2.3.2-2build1_amd64.deb	true	true	true	proxy_access_log
focal-to-jammy	libp11-kit0	0.24.0-6ubuntu0.1	amd64	p11-kit	libp11-kit0_0.24.0-6ubuntu0.1_amd64.deb	ap-northeast-2.ec2.archive.ubuntu.com		main	252086	9d949950970a062a81051a78ec4075b8dba608f063afaa5c8752a612d139a9b5	http://ap-northeast-2.ec2.archive.ubuntu.com/ubuntu/pool/main/p/p11-kit/libp11-kit0_0.24.0-6ubuntu0.1_amd64.deb	http://ap-northeast-2.ec2.archive.ubuntu.com/ubuntu/pool/main/p/p11-kit/libp11-kit0_0.24.0-6ubuntu0.1_amd64.deb	true	true	true	proxy_access_log
focal-to-jammy	libtasn1-6	4.18.0-4ubuntu0.2	amd64	libtasn1-6	libtasn1-6_4.18.0-4ubuntu0.2_amd64.deb	ap-northeast-2.ec2.archive.ubuntu.com		main	43618	a0903b4fae3ac2548a22d8822382e6d23586e42196d83ff67e82df36cd39fc6c	http://ap-northeast-2.ec2.archive.ubuntu.com/ubuntu/pool/main/libt/libtasn1-6/libtasn1-6_4.18.0-4ubuntu0.2_amd64.deb	http://ap-northeast-2.ec2.archive.ubuntu.com/ubuntu/pool/main/libt/libtasn1-6/libtasn1-6_4.18.0-4ubuntu0.2_amd64.deb	true	true	true	proxy_access_log
focal-to-jammy	libgnutls30	3.7.3-4ubuntu1.9	amd64	gnutls28	libgnutls30_3.7.3-4ubuntu1.9_amd64.deb	ap-northeast-2.ec2.archive.ubuntu.com		main	971454	65e08f0b5d1e620cc5cc9478cd1035f83ea752a6fae23141afd2d111a8f6c555	http://ap-northeast-2.ec2.archive.ubuntu.com/ubuntu/pool/main/g/gnutls28/libgnutls30_3.7.3-4ubuntu1.9_amd64.deb	http://ap-northeast-2.ec2.archive.ubuntu.com/ubuntu/pool/main/g/gnutls28/libgnutls30_3.7.3-4ubuntu1.9_amd64.deb	true	true	true	proxy_access_log
focal-to-jammy	resolvconf	1.84ubuntu1	all	resolvconf	resolvconf_1.84ubuntu1_all.deb	ap-northeast-2.ec2.archive.ubuntu.com		universe	54688	1af240a548e4e0f4fef89dc75362234cad0668cc2678e2b4a08d8256f6242807	http://ap-northeast-2.ec2.archive.ubuntu.com/ubuntu/pool/universe/r/resolvconf/resolvconf_1.84ubuntu1_all.deb	http://ap-northeast-2.ec2.archive.ubuntu.com/ubuntu/pool/universe/r/resolvconf/resolvconf_1.84ubuntu1_all.deb	true	true	true	proxy_access_log
focal-to-jammy	libudev1	249.11-0ubuntu3.22	amd64	systemd	libudev1_249.11-0ubuntu3.22_amd64.deb	ap-northeast-2.ec2.archive.ubuntu.com		main	75888	48e47354d8d421b59bc2aac1437bc6b22ba04526963e4a73f9313b0dd518556b	http://ap-northeast-2.ec2.archive.ubuntu.com/ubuntu/pool/main/s/systemd/libudev1_249.11-0ubuntu3.22_amd64.deb	http://ap-northeast-2.ec2.archive.ubuntu.com/ubuntu/pool/main/s/systemd/libudev1_249.11-0ubuntu3.22_amd64.deb	true	true	true	proxy_access_log
focal-to-jammy	systemd	249.11-0ubuntu3.22	amd64	systemd	systemd_249.11-0ubuntu3.22_amd64.deb	ap-northeast-2.ec2.archive.ubuntu.com		main	4586716	7c7f94c8baf06ae99221537fc556edf302c597b2d7c93ea4b09986aaae71c253	http://ap-northeast-2.ec2.archive.ubuntu.com/ubuntu/pool/main/s/systemd/systemd_249.11-0ubuntu3.22_amd64.deb	http://ap-northeast-2.ec2.archive.ubuntu.com/ubuntu/pool/main/s/systemd/systemd_249.11-0ubuntu3.22_amd64.deb	true	true	true	proxy_access_log
focal-to-jammy	udev	249.11-0ubuntu3.22	amd64	systemd	udev_249.11-0ubuntu3.22_amd64.deb	ap-northeast-2.ec2.archive.ubuntu.com		main	1558752	72015689bb3c64f13267262a15aee95c03a0d79f0bbb3bb9c8811fc8ea802c4a	http://ap-northeast-2.ec2.archive.ubuntu.com/ubuntu/pool/main/s/systemd/udev_249.11-0ubuntu3.22_amd64.deb	http://ap-northeast-2.ec2.archive.ubuntu.com/ubuntu/pool/main/s/systemd/udev_249.11-0ubuntu3.22_amd64.deb	true	true	true	proxy_access_log
focal-to-jammy	libmount1	2.37.2-4ubuntu3.5	amd64	util-linux	libmount1_2.37.2-4ubuntu3.5_amd64.deb	ap-northeast-2.ec2.archive.ubuntu.com		main	121986	e5167d2921ee0644c0a1e16b959df7ea54a937ff63911abf098203a161575d57	http://ap-northeast-2.ec2.archive.ubuntu.com/ubuntu/pool/main/u/util-linux/libmount1_2.37.2-4ubuntu3.5_amd64.deb	http://ap-northeast-2.ec2.archive.ubuntu.com/ubuntu/pool/main/u/util-linux/libmount1_2.37.2-4ubuntu3.5_amd64.deb	true	true	true	proxy_access_log
focal-to-jammy	login	4.8.1-2ubuntu2.2	amd64	login	login_4.8.1-2ubuntu2.2_amd64.deb	ap-northeast-2.ec2.archive.ubuntu.com		main	187722	dc47f0669e4b701ce1be5f696dda6509e86b253bc9ea0b3035c69fbf7870a4e2	http://ap-northeast-2.ec2.archive.ubuntu.com/ubuntu/pool/main/s/shadow/login_4.8.1-2ubuntu2.2_amd64.deb	http://ap-northeast-2.ec2.archive.ubuntu.com/ubuntu/pool/main/s/shadow/login_4.8.1-2ubuntu2.2_amd64.deb	true	true	true	proxy_access_log
focal-to-jammy	libblockdev-part2	2.26-1ubuntu0.1	amd64	libblockdev	libblockdev-part2_2.26-1ubuntu0.1_amd64.deb	ap-northeast-2.ec2.archive.ubuntu.com		main	15666	ac239fa6cdd692f59cd53b586e300fb1bd2c428f3005d6b4c3aab2c842a5a5ef	http://ap-northeast-2.ec2.archive.ubuntu.com/ubuntu/pool/main/libb/libblockdev/libblockdev-part2_2.26-1ubuntu0.1_amd64.deb	http://ap-northeast-2.ec2.archive.ubuntu.com/ubuntu/pool/main/libb/libblockdev/libblockdev-part2_2.26-1ubuntu0.1_amd64.deb	true	true	true	proxy_access_log
focal-to-jammy	libfdisk1	2.37.2-4ubuntu3.5	amd64	util-linux	libfdisk1_2.37.2-4ubuntu3.5_amd64.deb	ap-northeast-2.ec2.archive.ubuntu.com		main	140468	e35e3a2d752fd2c3128a5cd79316e184fc1009e5bfff995d43c53060d5f696d6	http://ap-northeast-2.ec2.archive.ubuntu.com/ubuntu/pool/main/u/util-linux/libfdisk1_2.37.2-4ubuntu3.5_amd64.deb	http://ap-northeast-2.ec2.archive.ubuntu.com/ubuntu/pool/main/u/util-linux/libfdisk1_2.37.2-4ubuntu3.5_amd64.deb	true	true	true	proxy_access_log
focal-to-jammy	fdisk	2.37.2-4ubuntu3.5	amd64	util-linux	fdisk_2.37.2-4ubuntu3.5_amd64.deb	ap-northeast-2.ec2.archive.ubuntu.com		main	122290	2db5aeaf6e5d10a1d20e0a020b8a718f758998fa92a609583a588936c3582115	http://ap-northeast-2.ec2.archive.ubuntu.com/ubuntu/pool/main/u/util-linux/fdisk_2.37.2-4ubuntu3.5_amd64.deb	http://ap-northeast-2.ec2.archive.ubuntu.com/ubuntu/pool/main/u/util-linux/fdisk_2.37.2-4ubuntu3.5_amd64.deb	true	true	true	proxy_access_log
focal-to-jammy	util-linux	2.37.2-4ubuntu3.5	amd64	util-linux	util-linux_2.37.2-4ubuntu3.5_amd64.deb	ap-northeast-2.ec2.archive.ubuntu.com		main	1066768	ab9fcd38b50c6e57d40e0aab0a059672192ad847be1888dfa00ba7a0d2682eba	http://ap-northeast-2.ec2.archive.ubuntu.com/ubuntu/pool/main/u/util-linux/util-linux_2.37.2-4ubuntu3.5_amd64.deb	http://ap-northeast-2.ec2.archive.ubuntu.com/ubuntu/pool/main/u/util-linux/util-linux_2.37.2-4ubuntu3.5_amd64.deb	true	true	true	proxy_access_log
focal-to-jammy	init-system-helpers	1.62	all	init-system-helpers	init-system-helpers_1.62_all.deb	ap-northeast-2.ec2.archive.ubuntu.com		main	38498	810bc27b9b3cecab056d80d726de535ca68f00fcd955683bf46674d779f4e710	http://ap-northeast-2.ec2.archive.ubuntu.com/ubuntu/pool/main/i/init-system-helpers/init-system-helpers_1.62_all.deb	http://ap-northeast-2.ec2.archive.ubuntu.com/ubuntu/pool/main/i/init-system-helpers/init-system-helpers_1.62_all.deb	true	true	true	proxy_access_log
focal-to-jammy	sysvinit-utils	3.01-1ubuntu1	amd64	sysvinit	sysvinit-utils_3.01-1ubuntu1_amd64.deb	ap-northeast-2.ec2.archive.ubuntu.com		main	20574	54c24d33f48253b1460a32208d3f91f30f97fb5094ffa03afb2d687ab4319a04	http://ap-northeast-2.ec2.archive.ubuntu.com/ubuntu/pool/main/s/sysvinit/sysvinit-utils_3.01-1ubuntu1_amd64.deb	http://ap-northeast-2.ec2.archive.ubuntu.com/ubuntu/pool/main/s/sysvinit/sysvinit-utils_3.01-1ubuntu1_amd64.deb	true	true	true	proxy_access_log
focal-to-jammy	systemd-sysv	249.11-0ubuntu3.22	amd64	systemd	systemd-sysv_249.11-0ubuntu3.22_amd64.deb	ap-northeast-2.ec2.archive.ubuntu.com		main	10460	fe8e3b0fc1f5c9580c08898a515d19098c633a92ce70688b9f391cbe986a473f	http://ap-northeast-2.ec2.archive.ubuntu.com/ubuntu/pool/main/s/systemd/systemd-sysv_249.11-0ubuntu3.22_amd64.deb	http://ap-northeast-2.ec2.archive.ubuntu.com/ubuntu/pool/main/s/systemd/systemd-sysv_249.11-0ubuntu3.22_amd64.deb	true	true	true	proxy_access_log
focal-to-jammy	libnss-systemd	249.11-0ubuntu3.22	amd64	systemd	libnss-systemd_249.11-0ubuntu3.22_amd64.deb	ap-northeast-2.ec2.archive.ubuntu.com		main	133088	0169663ff740119ba840028e6d6345b0da9e3e21950231f2a28aec3810ea78fe	http://ap-northeast-2.ec2.archive.ubuntu.com/ubuntu/pool/main/s/systemd/libnss-systemd_249.11-0ubuntu3.22_amd64.deb	http://ap-northeast-2.ec2.archive.ubuntu.com/ubuntu/pool/main/s/systemd/libnss-systemd_249.11-0ubuntu3.22_amd64.deb	true	true	true	proxy_access_log
focal-to-jammy	libdbus-1-3	1.12.20-2ubuntu4.1	amd64	dbus	libdbus-1-3_1.12.20-2ubuntu4.1_amd64.deb	ap-northeast-2.ec2.archive.ubuntu.com		main	188562	6a5171696c3b05aca273d637d9c0501c8033fda64a971e09fd545bc1ab72ca1e	http://ap-northeast-2.ec2.archive.ubuntu.com/ubuntu/pool/main/d/dbus/libdbus-1-3_1.12.20-2ubuntu4.1_amd64.deb	http://ap-northeast-2.ec2.archive.ubuntu.com/ubuntu/pool/main/d/dbus/libdbus-1-3_1.12.20-2ubuntu4.1_amd64.deb	true	true	true	proxy_access_log
focal-to-jammy	dbus	1.12.20-2ubuntu4.1	amd64	dbus	dbus_1.12.20-2ubuntu4.1_amd64.deb	ap-northeast-2.ec2.archive.ubuntu.com		main	158098	e75f70b0104cdee8fc03d5f7d4bf1ca433de3abba6c40b44a8f34e1c981a56fb	http://ap-northeast-2.ec2.archive.ubuntu.com/ubuntu/pool/main/d/dbus/dbus_1.12.20-2ubuntu4.1_amd64.deb	http://ap-northeast-2.ec2.archive.ubuntu.com/ubuntu/pool/main/d/dbus/dbus_1.12.20-2ubuntu4.1_amd64.deb	true	true	true	proxy_access_log
focal-to-jammy	libpam-systemd	249.11-0ubuntu3.22	amd64	systemd	libpam-systemd_249.11-0ubuntu3.22_amd64.deb	ap-northeast-2.ec2.archive.ubuntu.com		main	202750	575cdf2f38e50e3937c348519397cab388268c54df759bd27f445116bc8c3435	http://ap-northeast-2.ec2.archive.ubuntu.com/ubuntu/pool/main/s/systemd/libpam-systemd_249.11-0ubuntu3.22_amd64.deb	http://ap-northeast-2.ec2.archive.ubuntu.com/ubuntu/pool/main/s/systemd/libpam-systemd_249.11-0ubuntu3.22_amd64.deb	true	true	true	proxy_access_log
focal-to-jammy	ifupdown	0.8.36%2bnmu1ubuntu3.1	amd64	ifupdown	ifupdown_0.8.36%2bnmu1ubuntu3.1_amd64.deb	ap-northeast-2.ec2.archive.ubuntu.com		universe	65052	09c156e9dfc76e51780432f3745d27d049aee0e74224f3bcf9b5abb9d93f594d	http://ap-northeast-2.ec2.archive.ubuntu.com/ubuntu/pool/universe/i/ifupdown/ifupdown_0.8.36%2bnmu1ubuntu3.1_amd64.deb	http://ap-northeast-2.ec2.archive.ubuntu.com/ubuntu/pool/universe/i/ifupdown/ifupdown_0.8.36%2bnmu1ubuntu3.1_amd64.deb	true	true	true	proxy_access_log
focal-to-jammy	libsystemd0	249.11-0ubuntu3.22	amd64	systemd	libsystemd0_249.11-0ubuntu3.22_amd64.deb	ap-northeast-2.ec2.archive.ubuntu.com		main	316392	4fae4644bcfd86f891faae12cedbf30aca280cf76a034768aec3a03fe42ddc25	http://ap-northeast-2.ec2.archive.ubuntu.com/ubuntu/pool/main/s/systemd/libsystemd0_249.11-0ubuntu3.22_amd64.deb	http://ap-northeast-2.ec2.archive.ubuntu.com/ubuntu/pool/main/s/systemd/libsystemd0_249.11-0ubuntu3.22_amd64.deb	true	true	true	proxy_access_log
focal-to-jammy	kbd	2.3.0-3ubuntu4.22.04	amd64	kbd	kbd_2.3.0-3ubuntu4.22.04_amd64.deb	ap-northeast-2.ec2.archive.ubuntu.com		main	245314	cb72c183582891404321c7f3401167ffa9f8c0afef58070f26714bb7939aa1f3	http://ap-northeast-2.ec2.archive.ubuntu.com/ubuntu/pool/main/k/kbd/kbd_2.3.0-3ubuntu4.22.04_amd64.deb	http://ap-northeast-2.ec2.archive.ubuntu.com/ubuntu/pool/main/k/kbd/kbd_2.3.0-3ubuntu4.22.04_amd64.deb	true	true	true	proxy_access_log
focal-to-jammy	console-setup-linux	1.205ubuntu3	all	console-setup	console-setup-linux_1.205ubuntu3_all.deb	ap-northeast-2.ec2.archive.ubuntu.com		main	1870586	29b6ab7bd5ea57cb54e5d1d53807c805d378f7ec181910a06be4fb86f6b92138	http://ap-northeast-2.ec2.archive.ubuntu.com/ubuntu/pool/main/c/console-setup/console-setup-linux_1.205ubuntu3_all.deb	http://ap-northeast-2.ec2.archive.ubuntu.com/ubuntu/pool/main/c/console-setup/console-setup-linux_1.205ubuntu3_all.deb	true	true	true	proxy_access_log
focal-to-jammy	console-setup	1.205ubuntu3	all	console-setup	console-setup_1.205ubuntu3_all.deb	ap-northeast-2.ec2.archive.ubuntu.com		main	110278	2fa536119ef952980eebf8be302162e6a08ca42719b2a8f4217b7fafab10a004	http://ap-northeast-2.ec2.archive.ubuntu.com/ubuntu/pool/main/c/console-setup/console-setup_1.205ubuntu3_all.deb	http://ap-northeast-2.ec2.archive.ubuntu.com/ubuntu/pool/main/c/console-setup/console-setup_1.205ubuntu3_all.deb	true	true	true	proxy_access_log
focal-to-jammy	keyboard-configuration	1.205ubuntu3	all	console-setup	keyboard-configuration_1.205ubuntu3_all.deb	ap-northeast-2.ec2.archive.ubuntu.com		main	205996	f94001a223cbd9a6ef57cd3929f567470759ba5f8ccd4ef300dc45bfc3a9ed28	http://ap-northeast-2.ec2.archive.ubuntu.com/ubuntu/pool/main/c/console-setup/keyboard-configuration_1.205ubuntu3_all.deb	http://ap-northeast-2.ec2.archive.ubuntu.com/ubuntu/pool/main/c/console-setup/keyboard-configuration_1.205ubuntu3_all.deb	true	true	true	proxy_access_log
focal-to-jammy	xkb-data	2.33-1	all	xkeyboard-config	xkb-data_2.33-1_all.deb	ap-northeast-2.ec2.archive.ubuntu.com		main	394460	26f74d6ac0caf3f7b2926d9c1fca85bc868531c8159f943fb78fbb4b6c5a8c80	http://ap-northeast-2.ec2.archive.ubuntu.com/ubuntu/pool/main/x/xkeyboard-config/xkb-data_2.33-1_all.deb	http://ap-northeast-2.ec2.archive.ubuntu.com/ubuntu/pool/main/x/xkeyboard-config/xkb-data_2.33-1_all.deb	true	true	true	proxy_access_log
focal-to-jammy	lsb-base	11.1.0ubuntu4	all	lsb	lsb-base_11.1.0ubuntu4_all.deb	ap-northeast-2.ec2.archive.ubuntu.com		main	12350	23ac3e99b0c2cd0179a7f40fa5a24248345e16c515f222164dad2a638b4f04cf	http://ap-northeast-2.ec2.archive.ubuntu.com/ubuntu/pool/main/l/lsb/lsb-base_11.1.0ubuntu4_all.deb	http://ap-northeast-2.ec2.archive.ubuntu.com/ubuntu/pool/main/l/lsb/lsb-base_11.1.0ubuntu4_all.deb	true	true	true	proxy_access_log
focal-to-jammy	libglib2.0-data	2.72.4-0ubuntu2.9	all	glib2.0	libglib2.0-data_2.72.4-0ubuntu2.9_all.deb	ap-northeast-2.ec2.archive.ubuntu.com		main	5088	109d9629aa198ac481bcdf34ba885e5937060b1159e6b1297906fcbaede9cc54	http://ap-northeast-2.ec2.archive.ubuntu.com/ubuntu/pool/main/g/glib2.0/libglib2.0-data_2.72.4-0ubuntu2.9_all.deb	http://ap-northeast-2.ec2.archive.ubuntu.com/ubuntu/pool/main/g/glib2.0/libglib2.0-data_2.72.4-0ubuntu2.9_all.deb	true	true	true	proxy_access_log
focal-to-jammy	libelf1	0.186-1ubuntu0.1	amd64	elfutils	libelf1_0.186-1ubuntu0.1_amd64.deb	ap-northeast-2.ec2.archive.ubuntu.com		main	51140	2cc781614b045b450a1e073ee3b0902f393ee58ede1d2ea4526ad805fcccf538	http://ap-northeast-2.ec2.archive.ubuntu.com/ubuntu/pool/main/e/elfutils/libelf1_0.186-1ubuntu0.1_amd64.deb	http://ap-northeast-2.ec2.archive.ubuntu.com/ubuntu/pool/main/e/elfutils/libelf1_0.186-1ubuntu0.1_amd64.deb	true	true	true	proxy_access_log
focal-to-jammy	libpcre3	8.39-13ubuntu0.22.04.1	amd64	libpcre3	libpcre3_8.39-13ubuntu0.22.04.1_amd64.deb	ap-northeast-2.ec2.archive.ubuntu.com		main	245530	0d1eb051047eb0c637c893f618f45e1d419863bfa3bc821897ee05ad418ba22e	http://ap-northeast-2.ec2.archive.ubuntu.com/ubuntu/pool/main/p/pcre3/libpcre3_8.39-13ubuntu0.22.04.1_amd64.deb	http://ap-northeast-2.ec2.archive.ubuntu.com/ubuntu/pool/main/p/pcre3/libpcre3_8.39-13ubuntu0.22.04.1_amd64.deb	true	true	true	proxy_access_log
focal-to-jammy	libblockdev-part-err2	2.26-1ubuntu0.1	amd64	libblockdev	libblockdev-part-err2_2.26-1ubuntu0.1_amd64.deb	ap-northeast-2.ec2.archive.ubuntu.com		main	5828	51abc3612276097f0ce19c1e112d369b4674fb5914f2229ffbe1947c21150ee9	http://ap-northeast-2.ec2.archive.ubuntu.com/ubuntu/pool/main/libb/libblockdev/libblockdev-part-err2_2.26-1ubuntu0.1_amd64.deb	http://ap-northeast-2.ec2.archive.ubuntu.com/ubuntu/pool/main/libb/libblockdev/libblockdev-part-err2_2.26-1ubuntu0.1_amd64.deb	true	true	true	proxy_access_log
focal-to-jammy	liblzma5	5.2.5-2ubuntu1.1	amd64	xz-utils	liblzma5_5.2.5-2ubuntu1.1_amd64.deb	ap-northeast-2.ec2.archive.ubuntu.com		main	99630	af77f099e7fa95a31267023535832804382fa66572a6b38002187be6e15116cb	http://ap-northeast-2.ec2.archive.ubuntu.com/ubuntu/pool/main/x/xz-utils/liblzma5_5.2.5-2ubuntu1.1_amd64.deb	http://ap-northeast-2.ec2.archive.ubuntu.com/ubuntu/pool/main/x/xz-utils/liblzma5_5.2.5-2ubuntu1.1_amd64.deb	true	true	true	proxy_access_log
focal-to-jammy	libzstd1	1.4.8%2bdfsg-3build1	amd64	libzstd1	libzstd1_1.4.8%2bdfsg-3build1_amd64.deb	ap-northeast-2.ec2.archive.ubuntu.com		main	324024	ae7db00ce8b093e50c994518b90203544e063b4bc574836a048bb142b950b2c9	http://ap-northeast-2.ec2.archive.ubuntu.com/ubuntu/pool/main/libz/libzstd/libzstd1_1.4.8%2bdfsg-3build1_amd64.deb	http://ap-northeast-2.ec2.archive.ubuntu.com/ubuntu/pool/main/libz/libzstd/libzstd1_1.4.8%2bdfsg-3build1_amd64.deb	true	true	true	proxy_access_log
focal-to-jammy	kmod	29-1ubuntu1.1	amd64	kmod	kmod_29-1ubuntu1.1_amd64.deb	ap-northeast-2.ec2.archive.ubuntu.com		main	101722	242f8b1c109b282ebee016d7afb2461fa846106bbfc2fb4296a0be3c8f646cfd	http://ap-northeast-2.ec2.archive.ubuntu.com/ubuntu/pool/main/k/kmod/kmod_29-1ubuntu1.1_amd64.deb	http://ap-northeast-2.ec2.archive.ubuntu.com/ubuntu/pool/main/k/kmod/kmod_29-1ubuntu1.1_amd64.deb	true	true	true	proxy_access_log
focal-to-jammy	libkmod2	29-1ubuntu1.1	amd64	kmod	libkmod2_29-1ubuntu1.1_amd64.deb	ap-northeast-2.ec2.archive.ubuntu.com		main	48094	29f9e84907601e604d16fc892829d50ac32415da04f9b1ce6b1f8c4ed9b93d1f	http://ap-northeast-2.ec2.archive.ubuntu.com/ubuntu/pool/main/k/kmod/libkmod2_29-1ubuntu1.1_amd64.deb	http://ap-northeast-2.ec2.archive.ubuntu.com/ubuntu/pool/main/k/kmod/libkmod2_29-1ubuntu1.1_amd64.deb	true	true	true	proxy_access_log
focal-to-jammy	libblockdev-utils2	2.26-1ubuntu0.1	amd64	libblockdev	libblockdev-utils2_2.26-1ubuntu0.1_amd64.deb	ap-northeast-2.ec2.archive.ubuntu.com		main	16586	b293efeddf23d6dfd47cd62dbb693258dc34fbc2da6769dba5d84ad82d273ad1	http://ap-northeast-2.ec2.archive.ubuntu.com/ubuntu/pool/main/libb/libblockdev/libblockdev-utils2_2.26-1ubuntu0.1_amd64.deb	http://ap-northeast-2.ec2.archive.ubuntu.com/ubuntu/pool/main/libb/libblockdev/libblockdev-utils2_2.26-1ubuntu0.1_amd64.deb	true	true	true	proxy_access_log
focal-to-jammy	libparted-fs-resize0	3.4-2build1	amd64	parted	libparted-fs-resize0_3.4-2build1_amd64.deb	ap-northeast-2.ec2.archive.ubuntu.com		main	46622	18800ffd0d66ea7ac43fe7bd4a1ab8f6fd8a6eafb55af23050e1f3d46a841a5c	http://ap-northeast-2.ec2.archive.ubuntu.com/ubuntu/pool/main/p/parted/libparted-fs-resize0_3.4-2build1_amd64.deb	http://ap-northeast-2.ec2.archive.ubuntu.com/ubuntu/pool/main/p/parted/libparted-fs-resize0_3.4-2build1_amd64.deb	true	true	true	proxy_access_log
focal-to-jammy	install-info	6.8-4build1	amd64	texinfo	install-info_6.8-4build1_amd64.deb	ap-northeast-2.ec2.archive.ubuntu.com		main	88074	c2045412f14ea6f83bdfd808e9127fe314f3b45b4f14a797d0b3cc9db210d52d	http://ap-northeast-2.ec2.archive.ubuntu.com/ubuntu/pool/main/t/texinfo/install-info_6.8-4build1_amd64.deb	http://ap-northeast-2.ec2.archive.ubuntu.com/ubuntu/pool/main/t/texinfo/install-info_6.8-4build1_amd64.deb	true	true	true	proxy_access_log
focal-to-jammy	readline-common	8.1.2-1	all	readline	readline-common_8.1.2-1_all.deb	ap-northeast-2.ec2.archive.ubuntu.com		main	53544	a78d02935f6107a12d3d349c25ce4f92fcdcbf6b65e37f1f5a13a9054b5b9e94	http://ap-northeast-2.ec2.archive.ubuntu.com/ubuntu/pool/main/r/readline/readline-common_8.1.2-1_all.deb	http://ap-northeast-2.ec2.archive.ubuntu.com/ubuntu/pool/main/r/readline/readline-common_8.1.2-1_all.deb	true	true	true	proxy_access_log
focal-to-jammy	libncurses6	6.3-2ubuntu0.2	amd64	ncurses	libncurses6_6.3-2ubuntu0.2_amd64.deb	ap-northeast-2.ec2.archive.ubuntu.com		main	111272	0ab876ebf9b8a9118cd45afe435a95e3ec2e6e0302f44c18e3fdc28f26be75ee	http://ap-northeast-2.ec2.archive.ubuntu.com/ubuntu/pool/main/n/ncurses/libncurses6_6.3-2ubuntu0.2_amd64.deb	http://ap-northeast-2.ec2.archive.ubuntu.com/ubuntu/pool/main/n/ncurses/libncurses6_6.3-2ubuntu0.2_amd64.deb	true	true	true	proxy_access_log
focal-to-jammy	libncursesw6	6.3-2ubuntu0.2	amd64	ncurses	libncursesw6_6.3-2ubuntu0.2_amd64.deb	ap-northeast-2.ec2.archive.ubuntu.com		main	147456	eda6edfd869fa0240dda3eb7ae5d25c2c16363a2dc18a0a216407a4c1ee30804	http://ap-northeast-2.ec2.archive.ubuntu.com/ubuntu/pool/main/n/ncurses/libncursesw6_6.3-2ubuntu0.2_amd64.deb	http://ap-northeast-2.ec2.archive.ubuntu.com/ubuntu/pool/main/n/ncurses/libncursesw6_6.3-2ubuntu0.2_amd64.deb	true	true	true	proxy_access_log
focal-to-jammy	libtinfo6	6.3-2ubuntu0.2	amd64	ncurses	libtinfo6_6.3-2ubuntu0.2_amd64.deb	ap-northeast-2.ec2.archive.ubuntu.com		main	104560	47ee28ef9c424ce2010e91101f0c2c98009a432071bc654c4379e2f62b6335d8	http://ap-northeast-2.ec2.archive.ubuntu.com/ubuntu/pool/main/n/ncurses/libtinfo6_6.3-2ubuntu0.2_amd64.deb	http://ap-northeast-2.ec2.archive.ubuntu.com/ubuntu/pool/main/n/ncurses/libtinfo6_6.3-2ubuntu0.2_amd64.deb	true	true	true	proxy_access_log
focal-to-jammy	libreadline8	8.1.2-1	amd64	readline	libreadline8_8.1.2-1_amd64.deb	ap-northeast-2.ec2.archive.ubuntu.com		main	153210	51fd16f608efa710c987e4b071ffba0bec63a9ac8e55eddd5770f5e5252edc09	http://ap-northeast-2.ec2.archive.ubuntu.com/ubuntu/pool/main/r/readline/libreadline8_8.1.2-1_amd64.deb	http://ap-northeast-2.ec2.archive.ubuntu.com/ubuntu/pool/main/r/readline/libreadline8_8.1.2-1_amd64.deb	true	true	true	proxy_access_log
focal-to-jammy	parted	3.4-2build1	amd64	parted	parted_3.4-2build1_amd64.deb	ap-northeast-2.ec2.archive.ubuntu.com		main	47480	e67aeb40f3b71c0f4696a998618e7c5f340b36b96a0294374b1fa6ec4ccd0d77	http://ap-northeast-2.ec2.archive.ubuntu.com/ubuntu/pool/main/p/parted/parted_3.4-2build1_amd64.deb	http://ap-northeast-2.ec2.archive.ubuntu.com/ubuntu/pool/main/p/parted/parted_3.4-2build1_amd64.deb	true	true	true	proxy_access_log
focal-to-jammy	dmidecode	3.3-3ubuntu0.2	amd64	dmidecode	dmidecode_3.3-3ubuntu0.2_amd64.deb	ap-northeast-2.ec2.archive.ubuntu.com		main	68534	336814f369929efd6a80897ddd9af0aa02a00e1edb5c7ff4e9bd312b42d67741	http://ap-northeast-2.ec2.archive.ubuntu.com/ubuntu/pool/main/d/dmidecode/dmidecode_3.3-3ubuntu0.2_amd64.deb	http://ap-northeast-2.ec2.archive.ubuntu.com/ubuntu/pool/main/d/dmidecode/dmidecode_3.3-3ubuntu0.2_amd64.deb	true	true	true	proxy_access_log
focal-to-jammy	libparted2	3.4-2build1	amd64	parted	libparted2_3.4-2build1_amd64.deb	ap-northeast-2.ec2.archive.ubuntu.com		main	174456	aa1304963d353d34a14d8c8cb8a4ea085bdaa447ae504d971806f61b680c583d	http://ap-northeast-2.ec2.archive.ubuntu.com/ubuntu/pool/main/p/parted/libparted2_3.4-2build1_amd64.deb	http://ap-northeast-2.ec2.archive.ubuntu.com/ubuntu/pool/main/p/parted/libparted2_3.4-2build1_amd64.deb	true	true	true	proxy_access_log
focal-to-jammy	libpopt0	1.18-3build1	amd64	popt	libpopt0_1.18-3build1_amd64.deb	ap-northeast-2.ec2.archive.ubuntu.com		main	28160	253dfe5a676d48eb1020ca3580e77b3683ccdc3a712747e834aa59edf50d0ced	http://ap-northeast-2.ec2.archive.ubuntu.com/ubuntu/pool/main/p/popt/libpopt0_1.18-3build1_amd64.deb	http://ap-northeast-2.ec2.archive.ubuntu.com/ubuntu/pool/main/p/popt/libpopt0_1.18-3build1_amd64.deb	true	true	true	proxy_access_log
focal-to-jammy	libstdc%2b%2b6	12.3.0-1ubuntu1%7e22.04.3	amd64	libstdc%2b%2b6	libstdc%2b%2b6_12.3.0-1ubuntu1%7e22.04.3_amd64.deb	ap-northeast-2.ec2.archive.ubuntu.com		main	698608	29ef3d289b272704b75141906c8f683db0f2bdb0942061366691333bfb289bdc	http://ap-northeast-2.ec2.archive.ubuntu.com/ubuntu/pool/main/g/gcc-12/libstdc%2b%2b6_12.3.0-1ubuntu1%7e22.04.3_amd64.deb	http://ap-northeast-2.ec2.archive.ubuntu.com/ubuntu/pool/main/g/gcc-12/libstdc%2b%2b6_12.3.0-1ubuntu1%7e22.04.3_amd64.deb	true	true	false	proxy_access_log
focal-to-jammy	gdisk	1.0.8-4build1	amd64	gdisk	gdisk_1.0.8-4build1_amd64.deb	ap-northeast-2.ec2.archive.ubuntu.com		main	240374	f87ec658cab250fea9d925304935e82025f6a7c88130e0560a2983d8e32b403a	http://ap-northeast-2.ec2.archive.ubuntu.com/ubuntu/pool/main/g/gdisk/gdisk_1.0.8-4build1_amd64.deb	http://ap-northeast-2.ec2.archive.ubuntu.com/ubuntu/pool/main/g/gdisk/gdisk_1.0.8-4build1_amd64.deb	true	true	true	proxy_access_log
focal-to-jammy	libsmartcols1	2.37.2-4ubuntu3.5	amd64	util-linux	libsmartcols1_2.37.2-4ubuntu3.5_amd64.deb	ap-northeast-2.ec2.archive.ubuntu.com		main	50690	c9f350b9cc8d9c5c1312cdbfd3fa3aadf54861db3f1f17a04332dd4796ba715f	http://ap-northeast-2.ec2.archive.ubuntu.com/ubuntu/pool/main/u/util-linux/libsmartcols1_2.37.2-4ubuntu3.5_amd64.deb	http://ap-northeast-2.ec2.archive.ubuntu.com/ubuntu/pool/main/u/util-linux/libsmartcols1_2.37.2-4ubuntu3.5_amd64.deb	true	true	true	proxy_access_log
focal-to-jammy	libsemanage-common	3.3-1build2	all	libsemanage	libsemanage-common_3.3-1build2_all.deb	ap-northeast-2.ec2.archive.ubuntu.com		main	9874	bb60d1049ed3d7838b395785cab09f2210c04878fcae9391ea3499f62d04ec2d	http://ap-northeast-2.ec2.archive.ubuntu.com/ubuntu/pool/main/libs/libsemanage/libsemanage-common_3.3-1build2_all.deb	http://ap-northeast-2.ec2.archive.ubuntu.com/ubuntu/pool/main/libs/libsemanage/libsemanage-common_3.3-1build2_all.deb	true	true	true	proxy_access_log
focal-to-jammy	libsepol2	3.3-1build1	amd64	libsepol	libsepol2_3.3-1build1_amd64.deb	ap-northeast-2.ec2.archive.ubuntu.com		main	281694	d47b019f21865a9692e361d260e96a3234fd934cee37026dad8f41228d9363d8	http://ap-northeast-2.ec2.archive.ubuntu.com/ubuntu/pool/main/libs/libsepol/libsepol2_3.3-1build1_amd64.deb	http://ap-northeast-2.ec2.archive.ubuntu.com/ubuntu/pool/main/libs/libsepol/libsepol2_3.3-1build1_amd64.deb	true	true	true	proxy_access_log
focal-to-jammy	libsemanage2	3.3-1build2	amd64	libsemanage	libsemanage2_3.3-1build2_amd64.deb	ap-northeast-2.ec2.archive.ubuntu.com		main	92630	0ab2748fce09293ca2c4c1214460409f834be1736ec1b1841927302efd8fa9da	http://ap-northeast-2.ec2.archive.ubuntu.com/ubuntu/pool/main/libs/libsemanage/libsemanage2_3.3-1build2_amd64.deb	http://ap-northeast-2.ec2.archive.ubuntu.com/ubuntu/pool/main/libs/libsemanage/libsemanage2_3.3-1build2_amd64.deb	true	true	true	proxy_access_log
focal-to-jammy	passwd	4.8.1-2ubuntu2.2	amd64	passwd	passwd_4.8.1-2ubuntu2.2_amd64.deb	ap-northeast-2.ec2.archive.ubuntu.com		main	767620	825a5756013fbb2217b244b2fd6bef7ed10d037f1d8abd6b25fc9ea1c42a7576	http://ap-northeast-2.ec2.archive.ubuntu.com/ubuntu/pool/main/s/shadow/passwd_4.8.1-2ubuntu2.2_amd64.deb	http://ap-northeast-2.ec2.archive.ubuntu.com/ubuntu/pool/main/s/shadow/passwd_4.8.1-2ubuntu2.2_amd64.deb	true	true	true	proxy_access_log
focal-to-jammy	libpam-modules-bin	1.4.0-11ubuntu2.8	amd64	pam	libpam-modules-bin_1.4.0-11ubuntu2.8_amd64.deb	ap-northeast-2.ec2.archive.ubuntu.com		main	37588	a69963ed0bfce4f23bc613663dbff1c23f95b67c0ae439d330895621ac60a5d0	http://ap-northeast-2.ec2.archive.ubuntu.com/ubuntu/pool/main/p/pam/libpam-modules-bin_1.4.0-11ubuntu2.8_amd64.deb	http://ap-northeast-2.ec2.archive.ubuntu.com/ubuntu/pool/main/p/pam/libpam-modules-bin_1.4.0-11ubuntu2.8_amd64.deb	true	true	true	proxy_access_log
focal-to-jammy	libpam-modules	1.4.0-11ubuntu2.8	amd64	pam	libpam-modules_1.4.0-11ubuntu2.8_amd64.deb	ap-northeast-2.ec2.archive.ubuntu.com		main	282100	5dea19867b356853b5d47d75ddf5e1ee240da12d6e897fadcdaec618a5737b2b	http://ap-northeast-2.ec2.archive.ubuntu.com/ubuntu/pool/main/p/pam/libpam-modules_1.4.0-11ubuntu2.8_amd64.deb	http://ap-northeast-2.ec2.archive.ubuntu.com/ubuntu/pool/main/p/pam/libpam-modules_1.4.0-11ubuntu2.8_amd64.deb	true	true	true	proxy_access_log
focal-to-jammy	adduser	3.118ubuntu5	all	adduser	adduser_3.118ubuntu5_all.deb	ap-northeast-2.ec2.archive.ubuntu.com		main	155528	53c30389227d4d16f1108a1df7ae1540c890378318335d1dc7ee95b7257f1f17	http://ap-northeast-2.ec2.archive.ubuntu.com/ubuntu/pool/main/a/adduser/adduser_3.118ubuntu5_all.deb	http://ap-northeast-2.ec2.archive.ubuntu.com/ubuntu/pool/main/a/adduser/adduser_3.118ubuntu5_all.deb	true	true	true	proxy_access_log
focal-to-jammy	libapparmor1	3.0.4-2ubuntu2.5	amd64	apparmor	libapparmor1_3.0.4-2ubuntu2.5_amd64.deb	ap-northeast-2.ec2.archive.ubuntu.com		main	39626	800828c6b8597e8798e97d41aa13042b95da6172aa6813a51930266017c19c1e	http://ap-northeast-2.ec2.archive.ubuntu.com/ubuntu/pool/main/a/apparmor/libapparmor1_3.0.4-2ubuntu2.5_amd64.deb	http://ap-northeast-2.ec2.archive.ubuntu.com/ubuntu/pool/main/a/apparmor/libapparmor1_3.0.4-2ubuntu2.5_amd64.deb	true	true	true	proxy_access_log
focal-to-jammy	libcap2	2.44-1ubuntu0.22.04.3	amd64	libcap2	libcap2_2.44-1ubuntu0.22.04.3_amd64.deb	ap-northeast-2.ec2.archive.ubuntu.com		main	18548	c497efb7fa3cd19a7ff297d95c7c5d678063c80c9fc230c9d034a8ee02ca8446	http://ap-northeast-2.ec2.archive.ubuntu.com/ubuntu/pool/main/libc/libcap2/libcap2_2.44-1ubuntu0.22.04.3_amd64.deb	http://ap-northeast-2.ec2.archive.ubuntu.com/ubuntu/pool/main/libc/libcap2/libcap2_2.44-1ubuntu0.22.04.3_amd64.deb	true	true	true	proxy_access_log
focal-to-jammy	libpam-runtime	1.4.0-11ubuntu2.8	all	pam	libpam-runtime_1.4.0-11ubuntu2.8_all.deb	ap-northeast-2.ec2.archive.ubuntu.com		main	40226	e260c1c94c92a1b14ae231a02794efeb019e9acc1df03e37d1d4badd063e4fff	http://ap-northeast-2.ec2.archive.ubuntu.com/ubuntu/pool/main/p/pam/libpam-runtime_1.4.0-11ubuntu2.8_all.deb	http://ap-northeast-2.ec2.archive.ubuntu.com/ubuntu/pool/main/p/pam/libpam-runtime_1.4.0-11ubuntu2.8_all.deb	true	true	true	proxy_access_log
focal-to-jammy	libbpf0	0.5.0-1ubuntu22.04.1	amd64	libbpf0	libbpf0_0.5.0-1ubuntu22.04.1_amd64.deb	ap-northeast-2.ec2.archive.ubuntu.com		main	140058	d5883b9906b3bdac371ccc12d618547f0fd680c1967b3081419ce2791eba1271	http://ap-northeast-2.ec2.archive.ubuntu.com/ubuntu/pool/main/libb/libbpf/libbpf0_0.5.0-1ubuntu22.04.1_amd64.deb	http://ap-northeast-2.ec2.archive.ubuntu.com/ubuntu/pool/main/libb/libbpf/libbpf0_0.5.0-1ubuntu22.04.1_amd64.deb	true	true	true	proxy_access_log
focal-to-jammy	libmd0	1.0.4-1build1	amd64	libmd	libmd0_1.0.4-1build1_amd64.deb	ap-northeast-2.ec2.archive.ubuntu.com		main	22964	bcdad5e400aeb660f0337a1c5c1a77e3effa91d0803e64ce2d000e9006f67cdb	http://ap-northeast-2.ec2.archive.ubuntu.com/ubuntu/pool/main/libm/libmd/libmd0_1.0.4-1build1_amd64.deb	http://ap-northeast-2.ec2.archive.ubuntu.com/ubuntu/pool/main/libm/libmd/libmd0_1.0.4-1build1_amd64.deb	true	true	true	proxy_access_log
focal-to-jammy	libbsd0	0.11.5-1	amd64	libbsd	libbsd0_0.11.5-1_amd64.deb	ap-northeast-2.ec2.archive.ubuntu.com		main	44760	09367acdf59f28ffb71ba7bc36c516cff03b2765930cf9be7bb7ea7273e4c312	http://ap-northeast-2.ec2.archive.ubuntu.com/ubuntu/pool/main/libb/libbsd/libbsd0_0.11.5-1_amd64.deb	http://ap-northeast-2.ec2.archive.ubuntu.com/ubuntu/pool/main/libb/libbsd/libbsd0_0.11.5-1_amd64.deb	true	true	true	proxy_access_log
focal-to-jammy	libmnl0	1.0.4-3build2	amd64	libmnl	libmnl0_1.0.4-3build2_amd64.deb	ap-northeast-2.ec2.archive.ubuntu.com		main	13216	e0ed2e88526830896a9efcef75a3d019b40cdac5a56d6605c426296979708f4a	http://ap-northeast-2.ec2.archive.ubuntu.com/ubuntu/pool/main/libm/libmnl/libmnl0_1.0.4-3build2_amd64.deb	http://ap-northeast-2.ec2.archive.ubuntu.com/ubuntu/pool/main/libm/libmnl/libmnl0_1.0.4-3build2_amd64.deb	true	true	true	proxy_access_log
focal-to-jammy	libiptc0	1.8.7-1ubuntu5.2	amd64	iptables	libiptc0_1.8.7-1ubuntu5.2_amd64.deb	ap-northeast-2.ec2.archive.ubuntu.com		universe	4018	3bf95ba0ace8f681baeb0ac668e80cf499c8bb131f5b33b609898094f666ef0e	http://ap-northeast-2.ec2.archive.ubuntu.com/ubuntu/pool/universe/i/iptables/libiptc0_1.8.7-1ubuntu5.2_amd64.deb	http://ap-northeast-2.ec2.archive.ubuntu.com/ubuntu/pool/universe/i/iptables/libiptc0_1.8.7-1ubuntu5.2_amd64.deb	true	true	true	proxy_access_log
focal-to-jammy	libxtables12	1.8.7-1ubuntu5.2	amd64	iptables	libxtables12_1.8.7-1ubuntu5.2_amd64.deb	ap-northeast-2.ec2.archive.ubuntu.com		main	31300	c2e99be5d2f06ce776883c3d11dbe58f1c735e2ad9acd9ea2faa584829eddb16	http://ap-northeast-2.ec2.archive.ubuntu.com/ubuntu/pool/main/i/iptables/libxtables12_1.8.7-1ubuntu5.2_amd64.deb	http://ap-northeast-2.ec2.archive.ubuntu.com/ubuntu/pool/main/i/iptables/libxtables12_1.8.7-1ubuntu5.2_amd64.deb	true	true	true	proxy_access_log
focal-to-jammy	iptables	1.8.7-1ubuntu5.2	amd64	iptables	iptables_1.8.7-1ubuntu5.2_amd64.deb	ap-northeast-2.ec2.archive.ubuntu.com		main	455364	a14fe8043d9032bc134626e64a9d008ab77d63ebb17d4a37f1f1f7c64c76792d	http://ap-northeast-2.ec2.archive.ubuntu.com/ubuntu/pool/main/i/iptables/iptables_1.8.7-1ubuntu5.2_amd64.deb	http://ap-northeast-2.ec2.archive.ubuntu.com/ubuntu/pool/main/i/iptables/iptables_1.8.7-1ubuntu5.2_amd64.deb	true	true	true	proxy_access_log
focal-to-jammy	libip4tc2	1.8.7-1ubuntu5.2	amd64	iptables	libip4tc2_1.8.7-1ubuntu5.2_amd64.deb	ap-northeast-2.ec2.archive.ubuntu.com		main	19872	4553f8a7089312da5e8ffcae9db70c0ff54858d23e6892db7bfcaac2449d235d	http://ap-northeast-2.ec2.archive.ubuntu.com/ubuntu/pool/main/i/iptables/libip4tc2_1.8.7-1ubuntu5.2_amd64.deb	http://ap-northeast-2.ec2.archive.ubuntu.com/ubuntu/pool/main/i/iptables/libip4tc2_1.8.7-1ubuntu5.2_amd64.deb	true	true	true	proxy_access_log
focal-to-jammy	libip6tc2	1.8.7-1ubuntu5.2	amd64	iptables	libip6tc2_1.8.7-1ubuntu5.2_amd64.deb	ap-northeast-2.ec2.archive.ubuntu.com		main	20326	76cdfc9065400fa58b233957691ee31e278ae20ed555f8f9e0329d4123b62153	http://ap-northeast-2.ec2.archive.ubuntu.com/ubuntu/pool/main/i/iptables/libip6tc2_1.8.7-1ubuntu5.2_amd64.deb	http://ap-northeast-2.ec2.archive.ubuntu.com/ubuntu/pool/main/i/iptables/libip6tc2_1.8.7-1ubuntu5.2_amd64.deb	true	true	true	proxy_access_log
focal-to-jammy	netbase	6.3	all	netbase	netbase_6.3_all.deb	ap-northeast-2.ec2.archive.ubuntu.com		main	12924	480bbd894069e5da7a25f070ea0ebaded7f64bdd34a119558cc2fe7137762a79	http://ap-northeast-2.ec2.archive.ubuntu.com/ubuntu/pool/main/n/netbase/netbase_6.3_all.deb	http://ap-northeast-2.ec2.archive.ubuntu.com/ubuntu/pool/main/n/netbase/netbase_6.3_all.deb	true	true	true	proxy_access_log
focal-to-jammy	libnfnetlink0	1.0.1-3build3	amd64	libnfnetlink	libnfnetlink0_1.0.1-3build3_amd64.deb	ap-northeast-2.ec2.archive.ubuntu.com		main	14562	9c7b2e9fa8f60bd1d0a85d5082cdec10ec1aa7be3ad8c0e4265c28cc8e72ec9a	http://ap-northeast-2.ec2.archive.ubuntu.com/ubuntu/pool/main/libn/libnfnetlink/libnfnetlink0_1.0.1-3build3_amd64.deb	http://ap-northeast-2.ec2.archive.ubuntu.com/ubuntu/pool/main/libn/libnfnetlink/libnfnetlink0_1.0.1-3build3_amd64.deb	true	true	true	proxy_access_log
focal-to-jammy	libnetfilter-conntrack3	1.0.9-1	amd64	libnetfilter-conntrack	libnetfilter-conntrack3_1.0.9-1_amd64.deb	ap-northeast-2.ec2.archive.ubuntu.com		main	45344	49a31bd83385cfcb630194b9bcf119af681f08a65c86a437423e344e6b4bc806	http://ap-northeast-2.ec2.archive.ubuntu.com/ubuntu/pool/main/libn/libnetfilter-conntrack/libnetfilter-conntrack3_1.0.9-1_amd64.deb	http://ap-northeast-2.ec2.archive.ubuntu.com/ubuntu/pool/main/libn/libnetfilter-conntrack/libnetfilter-conntrack3_1.0.9-1_amd64.deb	true	true	true	proxy_access_log
focal-to-jammy	libnftnl11	1.2.1-1build1	amd64	libnftnl	libnftnl11_1.2.1-1build1_amd64.deb	ap-northeast-2.ec2.archive.ubuntu.com		main	65544	a2c19952be8ca65e3464773009490701a0a49e1ef984d9140158371f909f2606	http://ap-northeast-2.ec2.archive.ubuntu.com/ubuntu/pool/main/libn/libnftnl/libnftnl11_1.2.1-1build1_amd64.deb	http://ap-northeast-2.ec2.archive.ubuntu.com/ubuntu/pool/main/libn/libnftnl/libnftnl11_1.2.1-1build1_amd64.deb	true	true	true	proxy_access_log
focal-to-jammy	libpam-cap	2.44-1ubuntu0.22.04.3	amd64	libpam-cap	libpam-cap_2.44-1ubuntu0.22.04.3_amd64.deb	ap-northeast-2.ec2.archive.ubuntu.com		main	7928	3e8cdd69d1ccfd87c2178444d7a5ca38f473039a06e7754e2c9aeecbe7939549	http://ap-northeast-2.ec2.archive.ubuntu.com/ubuntu/pool/main/libc/libcap2/libpam-cap_2.44-1ubuntu0.22.04.3_amd64.deb	http://ap-northeast-2.ec2.archive.ubuntu.com/ubuntu/pool/main/libc/libcap2/libpam-cap_2.44-1ubuntu0.22.04.3_amd64.deb	true	true	true	proxy_access_log
focal-to-jammy	libcap2-bin	2.44-1ubuntu0.22.04.3	amd64	libcap2-bin	libcap2-bin_2.44-1ubuntu0.22.04.3_amd64.deb	ap-northeast-2.ec2.archive.ubuntu.com		main	26018	206f2bb13e84966c0c2cafb49019889a67056feb467d6deace26ce6eba70bc8c	http://ap-northeast-2.ec2.archive.ubuntu.com/ubuntu/pool/main/libc/libcap2/libcap2-bin_2.44-1ubuntu0.22.04.3_amd64.deb	http://ap-northeast-2.ec2.archive.ubuntu.com/ubuntu/pool/main/libc/libcap2/libcap2-bin_2.44-1ubuntu0.22.04.3_amd64.deb	true	true	true	proxy_access_log
focal-to-jammy	iproute2	5.15.0-1ubuntu2.2	amd64	iproute2	iproute2_5.15.0-1ubuntu2.2_amd64.deb	ap-northeast-2.ec2.archive.ubuntu.com		main	1072048	9e9d6354e9d32683e56191ef6638e37e73698daa9b7765e2563b38eff34b0890	http://ap-northeast-2.ec2.archive.ubuntu.com/ubuntu/pool/main/i/iproute2/iproute2_5.15.0-1ubuntu2.2_amd64.deb	http://ap-northeast-2.ec2.archive.ubuntu.com/ubuntu/pool/main/i/iproute2/iproute2_5.15.0-1ubuntu2.2_amd64.deb	true	true	true	proxy_access_log
focal-to-jammy	acl	2.3.1-1	amd64	acl	acl_2.3.1-1_amd64.deb	ap-northeast-2.ec2.archive.ubuntu.com		main	38456	42d0071e8c1898fb2910ce7b8f7e8fbe353fdada4416148530fd22bddab7e0b1	http://ap-northeast-2.ec2.archive.ubuntu.com/ubuntu/pool/main/a/acl/acl_2.3.1-1_amd64.deb	http://ap-northeast-2.ec2.archive.ubuntu.com/ubuntu/pool/main/a/acl/acl_2.3.1-1_amd64.deb	true	true	true	proxy_access_log
focal-to-jammy	libacl1	2.3.1-1	amd64	acl	libacl1_2.3.1-1_amd64.deb	ap-northeast-2.ec2.archive.ubuntu.com		main	16218	4db2c64ec74f673ed022e92cce7b83d0cbe0b779e02ca60a56ba59ae07754e05	http://ap-northeast-2.ec2.archive.ubuntu.com/ubuntu/pool/main/a/acl/libacl1_2.3.1-1_amd64.deb	http://ap-northeast-2.ec2.archive.ubuntu.com/ubuntu/pool/main/a/acl/libacl1_2.3.1-1_amd64.deb	true	true	true	proxy_access_log
focal-to-jammy	lz4	1.9.3-2build2	amd64	lz4	lz4_1.9.3-2build2_amd64.deb	ap-northeast-2.ec2.archive.ubuntu.com		main	90030	4d1ead8ba32f4bb6583f1e006cccbbf7c98f76aba37f61b5d5bcc13b4426be29	http://ap-northeast-2.ec2.archive.ubuntu.com/ubuntu/pool/main/l/lz4/lz4_1.9.3-2build2_amd64.deb	http://ap-northeast-2.ec2.archive.ubuntu.com/ubuntu/pool/main/l/lz4/lz4_1.9.3-2build2_amd64.deb	true	true	true	proxy_access_log
focal-to-jammy	liblz4-1	1.9.3-2build2	amd64	lz4	liblz4-1_1.9.3-2build2_amd64.deb	ap-northeast-2.ec2.archive.ubuntu.com		main	56930	ac9b54d0feb840345060c74fb687675c5e1eb2b195effafae38c5f9991041e98	http://ap-northeast-2.ec2.archive.ubuntu.com/ubuntu/pool/main/l/lz4/liblz4-1_1.9.3-2build2_amd64.deb	http://ap-northeast-2.ec2.archive.ubuntu.com/ubuntu/pool/main/l/lz4/liblz4-1_1.9.3-2build2_amd64.deb	true	true	true	proxy_access_log
focal-to-jammy	libseccomp2	2.5.3-2ubuntu3%7e22.04.1	amd64	libseccomp2	libseccomp2_2.5.3-2ubuntu3%7e22.04.1_amd64.deb	ap-northeast-2.ec2.archive.ubuntu.com		main	47378	25c63fd46d24f518f362c47c429b6918182875b0c58f7e2742aaa2d1e545bbac	http://ap-northeast-2.ec2.archive.ubuntu.com/ubuntu/pool/main/libs/libseccomp/libseccomp2_2.5.3-2ubuntu3%7e22.04.1_amd64.deb	http://ap-northeast-2.ec2.archive.ubuntu.com/ubuntu/pool/main/libs/libseccomp/libseccomp2_2.5.3-2ubuntu3%7e22.04.1_amd64.deb	true	true	true	proxy_access_log
focal-to-jammy	mount	2.37.2-4ubuntu3.5	amd64	util-linux	mount_2.37.2-4ubuntu3.5_amd64.deb	ap-northeast-2.ec2.archive.ubuntu.com		main	114094	6ba3053e40c27bbdc8c632928e164fe49add90f407a0dca28a5a218c6618c92a	http://ap-northeast-2.ec2.archive.ubuntu.com/ubuntu/pool/main/u/util-linux/mount_2.37.2-4ubuntu3.5_amd64.deb	http://ap-northeast-2.ec2.archive.ubuntu.com/ubuntu/pool/main/u/util-linux/mount_2.37.2-4ubuntu3.5_amd64.deb	true	true	true	proxy_access_log
focal-to-jammy	klibc-utils	2.0.10-4ubuntu0.2	amd64	klibc	klibc-utils_2.0.10-4ubuntu0.2_amd64.deb	ap-northeast-2.ec2.archive.ubuntu.com		main	99954	b5e9e780761ffade433ae67906fcc6950de96b7012361f1221971be843a4b523	http://ap-northeast-2.ec2.archive.ubuntu.com/ubuntu/pool/main/k/klibc/klibc-utils_2.0.10-4ubuntu0.2_amd64.deb	http://ap-northeast-2.ec2.archive.ubuntu.com/ubuntu/pool/main/k/klibc/klibc-utils_2.0.10-4ubuntu0.2_amd64.deb	true	true	true	proxy_access_log
focal-to-jammy	grub2-common	2.06-2ubuntu7.2	amd64	grub2	grub2-common_2.06-2ubuntu7.2_amd64.deb	ap-northeast-2.ec2.archive.ubuntu.com		main	652094	95d6ffc53fdf39ae0e38de34cd9aea3fd9f23029a8787158e5fa6dd964426548	http://ap-northeast-2.ec2.archive.ubuntu.com/ubuntu/pool/main/g/grub2/grub2-common_2.06-2ubuntu7.2_amd64.deb	http://ap-northeast-2.ec2.archive.ubuntu.com/ubuntu/pool/main/g/grub2/grub2-common_2.06-2ubuntu7.2_amd64.deb	true	true	true	proxy_access_log
focal-to-jammy	grub-pc	2.06-2ubuntu7.2	amd64	grub2	grub-pc_2.06-2ubuntu7.2_amd64.deb	ap-northeast-2.ec2.archive.ubuntu.com		main	131820	c845f804dc91882823b3c6d7c3d3a38bc0183680f4e25741bf1538cd406a52be	http://ap-northeast-2.ec2.archive.ubuntu.com/ubuntu/pool/main/g/grub2/grub-pc_2.06-2ubuntu7.2_amd64.deb	http://ap-northeast-2.ec2.archive.ubuntu.com/ubuntu/pool/main/g/grub2/grub-pc_2.06-2ubuntu7.2_amd64.deb	true	true	true	proxy_access_log
focal-to-jammy	grub-pc-bin	2.06-2ubuntu7.2	amd64	grub2	grub-pc-bin_2.06-2ubuntu7.2_amd64.deb	ap-northeast-2.ec2.archive.ubuntu.com		main	1082996	51e3fc7d1758f9d72f09e12bfe51295d3f8a8da49b018a81e45c6d2f127d60c2	http://ap-northeast-2.ec2.archive.ubuntu.com/ubuntu/pool/main/g/grub2/grub-pc-bin_2.06-2ubuntu7.2_amd64.deb	http://ap-northeast-2.ec2.archive.ubuntu.com/ubuntu/pool/main/g/grub2/grub-pc-bin_2.06-2ubuntu7.2_amd64.deb	true	true	true	proxy_access_log
focal-to-jammy	grub-common	2.06-2ubuntu7.2	amd64	grub2	grub-common_2.06-2ubuntu7.2_amd64.deb	ap-northeast-2.ec2.archive.ubuntu.com		main	2214076	5fd12ab56ec05a396095089778c5cef1885f59d87df4bc4a64aea4c0f13a3ea0	http://ap-northeast-2.ec2.archive.ubuntu.com/ubuntu/pool/main/g/grub2/grub-common_2.06-2ubuntu7.2_amd64.deb	http://ap-northeast-2.ec2.archive.ubuntu.com/ubuntu/pool/main/g/grub2/grub-common_2.06-2ubuntu7.2_amd64.deb	true	true	true	proxy_access_log
focal-to-jammy	friendly-recovery	0.2.42	all	friendly-recovery	friendly-recovery_0.2.42_all.deb	ap-northeast-2.ec2.archive.ubuntu.com		main	8888	85a8e26e452ce140ae1e65f9731ef8af3d12fb5c620084db833de52afd9efeb7	http://ap-northeast-2.ec2.archive.ubuntu.com/ubuntu/pool/main/f/friendly-recovery/friendly-recovery_0.2.42_all.deb	http://ap-northeast-2.ec2.archive.ubuntu.com/ubuntu/pool/main/f/friendly-recovery/friendly-recovery_0.2.42_all.deb	true	true	true	proxy_access_log
focal-to-jammy	initramfs-tools	0.140ubuntu13.5	all	initramfs-tools	initramfs-tools_0.140ubuntu13.5_all.deb	ap-northeast-2.ec2.archive.ubuntu.com		main	9060	305b8a40c288cd25da57798de4f348c0c436f24665df77d5a2d951e680b3855c	http://ap-northeast-2.ec2.archive.ubuntu.com/ubuntu/pool/main/i/initramfs-tools/initramfs-tools_0.140ubuntu13.5_all.deb	http://ap-northeast-2.ec2.archive.ubuntu.com/ubuntu/pool/main/i/initramfs-tools/initramfs-tools_0.140ubuntu13.5_all.deb	true	true	true	proxy_access_log
focal-to-jammy	initramfs-tools-core	0.140ubuntu13.5	all	initramfs-tools	initramfs-tools-core_0.140ubuntu13.5_all.deb	ap-northeast-2.ec2.archive.ubuntu.com		main	47814	e49dbd6bd1a7934a8f38e46998a65b1c17aee23b2f3b1509b66aeb242c1860c0	http://ap-northeast-2.ec2.archive.ubuntu.com/ubuntu/pool/main/i/initramfs-tools/initramfs-tools-core_0.140ubuntu13.5_all.deb	http://ap-northeast-2.ec2.archive.ubuntu.com/ubuntu/pool/main/i/initramfs-tools/initramfs-tools-core_0.140ubuntu13.5_all.deb	true	true	true	proxy_access_log
focal-to-jammy	initramfs-tools-bin	0.140ubuntu13.5	amd64	initramfs-tools	initramfs-tools-bin_0.140ubuntu13.5_amd64.deb	ap-northeast-2.ec2.archive.ubuntu.com		main	9330	d144aa3a5d96954b6ff23ccc2cce2925ee8d14bf50df54da48f82c035bdfd539	http://ap-northeast-2.ec2.archive.ubuntu.com/ubuntu/pool/main/i/initramfs-tools/initramfs-tools-bin_0.140ubuntu13.5_amd64.deb	http://ap-northeast-2.ec2.archive.ubuntu.com/ubuntu/pool/main/i/initramfs-tools/initramfs-tools-bin_0.140ubuntu13.5_amd64.deb	true	true	true	proxy_access_log
focal-to-jammy	zstd	1.4.8%2bdfsg-3build1	amd64	zstd	zstd_1.4.8%2bdfsg-3build1_amd64.deb	ap-northeast-2.ec2.archive.ubuntu.com		main	602632	ed24d3ce81f08cce91010b65202301c3193ae22b0e08f50b8829929ff56b0b2a	http://ap-northeast-2.ec2.archive.ubuntu.com/ubuntu/pool/main/libz/libzstd/zstd_1.4.8%2bdfsg-3build1_amd64.deb	http://ap-northeast-2.ec2.archive.ubuntu.com/ubuntu/pool/main/libz/libzstd/zstd_1.4.8%2bdfsg-3build1_amd64.deb	true	true	true	proxy_access_log
focal-to-jammy	busybox-initramfs	1.30.1-7ubuntu3.1	amd64	busybox-initramfs	busybox-initramfs_1.30.1-7ubuntu3.1_amd64.deb	ap-northeast-2.ec2.archive.ubuntu.com		main	176898	2b891e68e9150b8376af874d12fbd997d07ea30158706dbc0086bd6487ef0d7b	http://ap-northeast-2.ec2.archive.ubuntu.com/ubuntu/pool/main/b/busybox/busybox-initramfs_1.30.1-7ubuntu3.1_amd64.deb	http://ap-northeast-2.ec2.archive.ubuntu.com/ubuntu/pool/main/b/busybox/busybox-initramfs_1.30.1-7ubuntu3.1_amd64.deb	true	true	true	proxy_access_log
focal-to-jammy	libklibc	2.0.10-4ubuntu0.2	amd64	klibc	libklibc_2.0.10-4ubuntu0.2_amd64.deb	ap-northeast-2.ec2.archive.ubuntu.com		main	45996	460d82de86cfcb3583a4223094e61ccf489e92c19d7c1f061ce2c47814a7160f	http://ap-northeast-2.ec2.archive.ubuntu.com/ubuntu/pool/main/k/klibc/libklibc_2.0.10-4ubuntu0.2_amd64.deb	http://ap-northeast-2.ec2.archive.ubuntu.com/ubuntu/pool/main/k/klibc/libklibc_2.0.10-4ubuntu0.2_amd64.deb	true	true	true	proxy_access_log
focal-to-jammy	cpio	2.13%2bdfsg-7ubuntu0.1	amd64	cpio	cpio_2.13%2bdfsg-7ubuntu0.1_amd64.deb	ap-northeast-2.ec2.archive.ubuntu.com		main	84528	55913ec0c4a2dbdbedda5a098b95541b712437306a8a04dae5c9aadb20d33e55	http://ap-northeast-2.ec2.archive.ubuntu.com/ubuntu/pool/main/c/cpio/cpio_2.13%2bdfsg-7ubuntu0.1_amd64.deb	http://ap-northeast-2.ec2.archive.ubuntu.com/ubuntu/pool/main/c/cpio/cpio_2.13%2bdfsg-7ubuntu0.1_amd64.deb	true	true	true	proxy_access_log
focal-to-jammy	coreutils	8.32-4.1ubuntu1.3	amd64	coreutils	coreutils_8.32-4.1ubuntu1.3_amd64.deb	ap-northeast-2.ec2.archive.ubuntu.com		main	1437200	f45af8868fe17bacb2edc46c65fd4c790de72b0f9809d81e2f20b1113f68d5d3	http://ap-northeast-2.ec2.archive.ubuntu.com/ubuntu/pool/main/c/coreutils/coreutils_8.32-4.1ubuntu1.3_amd64.deb	http://ap-northeast-2.ec2.archive.ubuntu.com/ubuntu/pool/main/c/coreutils/coreutils_8.32-4.1ubuntu1.3_amd64.deb	true	true	true	proxy_access_log
focal-to-jammy	logsave	1.46.5-2ubuntu1.2	amd64	e2fsprogs	logsave_1.46.5-2ubuntu1.2_amd64.deb	ap-northeast-2.ec2.archive.ubuntu.com		main	10084	a8acc62eb35c2620557373958ce0f2f814ca9e55259eb68a5a3a629f160c4a72	http://ap-northeast-2.ec2.archive.ubuntu.com/ubuntu/pool/main/e/e2fsprogs/logsave_1.46.5-2ubuntu1.2_amd64.deb	http://ap-northeast-2.ec2.archive.ubuntu.com/ubuntu/pool/main/e/e2fsprogs/logsave_1.46.5-2ubuntu1.2_amd64.deb	true	true	true	proxy_access_log
focal-to-jammy	libfuse3-3	3.10.5-1build1	amd64	fuse3	libfuse3-3_3.10.5-1build1_amd64.deb	ap-northeast-2.ec2.archive.ubuntu.com		main	81246	724634f1bd214e6fd8c7df7daaf1f1eb3bf88c887ecc2690c98de78e468d7957	http://ap-northeast-2.ec2.archive.ubuntu.com/ubuntu/pool/main/f/fuse3/libfuse3-3_3.10.5-1build1_amd64.deb	http://ap-northeast-2.ec2.archive.ubuntu.com/ubuntu/pool/main/f/fuse3/libfuse3-3_3.10.5-1build1_amd64.deb	true	true	true	proxy_access_log
focal-to-jammy	libefivar1	37-6ubuntu2	amd64	efivar	libefivar1_37-6ubuntu2_amd64.deb	ap-northeast-2.ec2.archive.ubuntu.com		main	50978	8fb4f81db1ea086b8c0942cb99725ca4066fe9aff91994aa147cd9bf85075ea0	http://ap-northeast-2.ec2.archive.ubuntu.com/ubuntu/pool/main/e/efivar/libefivar1_37-6ubuntu2_amd64.deb	http://ap-northeast-2.ec2.archive.ubuntu.com/ubuntu/pool/main/e/efivar/libefivar1_37-6ubuntu2_amd64.deb	true	true	true	proxy_access_log
focal-to-jammy	libefiboot1	37-6ubuntu2	amd64	efivar	libefiboot1_37-6ubuntu2_amd64.deb	ap-northeast-2.ec2.archive.ubuntu.com		main	42764	2ee2e13fd27aec67ef1c3de894de52aeaf6741ec4a3b1d4951218a0e85fc6c2f	http://ap-northeast-2.ec2.archive.ubuntu.com/ubuntu/pool/main/e/efivar/libefiboot1_37-6ubuntu2_amd64.deb	http://ap-northeast-2.ec2.archive.ubuntu.com/ubuntu/pool/main/e/efivar/libefiboot1_37-6ubuntu2_amd64.deb	true	true	true	proxy_access_log
focal-to-jammy	sensible-utils	0.0.17	all	sensible-utils	sensible-utils_0.0.17_all.deb	ap-northeast-2.ec2.archive.ubuntu.com		main	20076	68fa82f5a319ffe48f51ea874117be3d6781c5f6b2ac4f172485fa690ebde4a3	http://ap-northeast-2.ec2.archive.ubuntu.com/ubuntu/pool/main/s/sensible-utils/sensible-utils_0.0.17_all.deb	http://ap-northeast-2.ec2.archive.ubuntu.com/ubuntu/pool/main/s/sensible-utils/sensible-utils_0.0.17_all.deb	true	true	true	proxy_access_log
focal-to-jammy	ucf	3.0043	all	ucf	ucf_3.0043_all.deb	ap-northeast-2.ec2.archive.ubuntu.com		main	56080	a3fad168a58304fa4c9838158440660419a584855e2b2b881f980287c31a4819	http://ap-northeast-2.ec2.archive.ubuntu.com/ubuntu/pool/main/u/ucf/ucf_3.0043_all.deb	http://ap-northeast-2.ec2.archive.ubuntu.com/ubuntu/pool/main/u/ucf/ucf_3.0043_all.deb	true	true	true	proxy_access_log
focal-to-jammy	libbrotli1	1.0.9-2build6	amd64	brotli	libbrotli1_1.0.9-2build6_amd64.deb	ap-northeast-2.ec2.archive.ubuntu.com		main	315164	8e6aa2dfd44df287b9fb227862f3b6062ec074dd39a247874edfe12e1dcc3841	http://ap-northeast-2.ec2.archive.ubuntu.com/ubuntu/pool/main/b/brotli/libbrotli1_1.0.9-2build6_amd64.deb	http://ap-northeast-2.ec2.archive.ubuntu.com/ubuntu/pool/main/b/brotli/libbrotli1_1.0.9-2build6_amd64.deb	true	true	true	proxy_access_log
focal-to-jammy	libpng16-16	1.6.37-3ubuntu0.6	amd64	libpng1.6	libpng16-16_1.6.37-3ubuntu0.6_amd64.deb	ap-northeast-2.ec2.archive.ubuntu.com		main	192320	c50e4291d15bbe3489245f773ad1d2cdb63b1753a1382a393ad34ce1b8d70358	http://ap-northeast-2.ec2.archive.ubuntu.com/ubuntu/pool/main/libp/libpng1.6/libpng16-16_1.6.37-3ubuntu0.6_amd64.deb	http://ap-northeast-2.ec2.archive.ubuntu.com/ubuntu/pool/main/libp/libpng1.6/libpng16-16_1.6.37-3ubuntu0.6_amd64.deb	true	true	true	proxy_access_log
focal-to-jammy	libfreetype6	2.11.1%2bdfsg-1ubuntu0.3	amd64	libfreetype6	libfreetype6_2.11.1%2bdfsg-1ubuntu0.3_amd64.deb	ap-northeast-2.ec2.archive.ubuntu.com		main	388176	729f5a3a72069ddcef6a54f6825178667477625574925504594769665897afbc	http://ap-northeast-2.ec2.archive.ubuntu.com/ubuntu/pool/main/f/freetype/libfreetype6_2.11.1%2bdfsg-1ubuntu0.3_amd64.deb	http://ap-northeast-2.ec2.archive.ubuntu.com/ubuntu/pool/main/f/freetype/libfreetype6_2.11.1%2bdfsg-1ubuntu0.3_amd64.deb	true	true	true	proxy_access_log
focal-to-jammy	libasprintf0v5	0.21-4ubuntu4	amd64	gettext	libasprintf0v5_0.21-4ubuntu4_amd64.deb	ap-northeast-2.ec2.archive.ubuntu.com		main	7864	69394f2bec8e842a01b3f822935b24782895b5bf30efa6ba201ec98ebf64c4bd	http://ap-northeast-2.ec2.archive.ubuntu.com/ubuntu/pool/main/g/gettext/libasprintf0v5_0.21-4ubuntu4_amd64.deb	http://ap-northeast-2.ec2.archive.ubuntu.com/ubuntu/pool/main/g/gettext/libasprintf0v5_0.21-4ubuntu4_amd64.deb	true	true	true	proxy_access_log
focal-to-jammy	gettext-base	0.21-4ubuntu4	amd64	gettext	gettext-base_0.21-4ubuntu4_amd64.deb	ap-northeast-2.ec2.archive.ubuntu.com		main	37842	9a4971de9bd0ab746cfa7c018d88854da45bcc32dfb654ef9280b90b4445b3f3	http://ap-northeast-2.ec2.archive.ubuntu.com/ubuntu/pool/main/g/gettext/gettext-base_0.21-4ubuntu4_amd64.deb	http://ap-northeast-2.ec2.archive.ubuntu.com/ubuntu/pool/main/g/gettext/gettext-base_0.21-4ubuntu4_amd64.deb	true	true	true	proxy_access_log
focal-to-jammy	ncurses-base	6.3-2ubuntu0.2	all	ncurses	ncurses-base_6.3-2ubuntu0.2_all.deb	ap-northeast-2.ec2.archive.ubuntu.com		main	20122	f4c442f58c284ddcb465e4f0a9c44679ede3f5acdd031a6d6b683b19fcf4215b	http://ap-northeast-2.ec2.archive.ubuntu.com/ubuntu/pool/main/n/ncurses/ncurses-base_6.3-2ubuntu0.2_all.deb	http://ap-northeast-2.ec2.archive.ubuntu.com/ubuntu/pool/main/n/ncurses/ncurses-base_6.3-2ubuntu0.2_all.deb	true	true	true	proxy_access_log
focal-to-jammy	ncurses-term	6.3-2ubuntu0.2	all	ncurses	ncurses-term_6.3-2ubuntu0.2_all.deb	ap-northeast-2.ec2.archive.ubuntu.com		main	267494	7eca3b97f3562b10ab755afbc22b87e43e6dd3560583b8278c7078ff41d2d17c	http://ap-northeast-2.ec2.archive.ubuntu.com/ubuntu/pool/main/n/ncurses/ncurses-term_6.3-2ubuntu0.2_all.deb	http://ap-northeast-2.ec2.archive.ubuntu.com/ubuntu/pool/main/n/ncurses/ncurses-term_6.3-2ubuntu0.2_all.deb	true	true	true	proxy_access_log
focal-to-jammy	libslang2	2.3.2-5build4	amd64	slang2	libslang2_2.3.2-5build4_amd64.deb	ap-northeast-2.ec2.archive.ubuntu.com		main	467748	94efcae66831cb9a3ac776ec9e9a95d1049e9a76c9a46b9d218f0d4de9553aed	http://ap-northeast-2.ec2.archive.ubuntu.com/ubuntu/pool/main/s/slang2/libslang2_2.3.2-5build4_amd64.deb	http://ap-northeast-2.ec2.archive.ubuntu.com/ubuntu/pool/main/s/slang2/libslang2_2.3.2-5build4_amd64.deb	true	true	true	proxy_access_log
focal-to-jammy	libnewt0.52	0.52.21-5ubuntu2	amd64	newt	libnewt0.52_0.52.21-5ubuntu2_amd64.deb	ap-northeast-2.ec2.archive.ubuntu.com		main	45920	ea51380400a74ddbb60bac8796bedf71f150fa3b2662b85fb3ebf61b41a09fdf	http://ap-northeast-2.ec2.archive.ubuntu.com/ubuntu/pool/main/n/newt/libnewt0.52_0.52.21-5ubuntu2_amd64.deb	http://ap-northeast-2.ec2.archive.ubuntu.com/ubuntu/pool/main/n/newt/libnewt0.52_0.52.21-5ubuntu2_amd64.deb	true	true	true	proxy_access_log
focal-to-jammy	whiptail	0.52.21-5ubuntu2	amd64	newt	whiptail_0.52.21-5ubuntu2_amd64.deb	ap-northeast-2.ec2.archive.ubuntu.com		main	17304	04950b23286a1f943cda43d5eaf88993d7ad5994f2e07d102703356b1ec9b699	http://ap-northeast-2.ec2.archive.ubuntu.com/ubuntu/pool/main/n/newt/whiptail_0.52.21-5ubuntu2_amd64.deb	http://ap-northeast-2.ec2.archive.ubuntu.com/ubuntu/pool/main/n/newt/whiptail_0.52.21-5ubuntu2_amd64.deb	true	true	true	proxy_access_log
focal-to-jammy	linux-base	4.5ubuntu9%2b22.04.1	all	linux-base	linux-base_4.5ubuntu9%2b22.04.1_all.deb	ap-northeast-2.ec2.archive.ubuntu.com		main	19122	f6fc82cd084641bea5b2284ce02175cc359c55640d2e68586abeb541bc601469	http://ap-northeast-2.ec2.archive.ubuntu.com/ubuntu/pool/main/l/linux-base/linux-base_4.5ubuntu9%2b22.04.1_all.deb	http://ap-northeast-2.ec2.archive.ubuntu.com/ubuntu/pool/main/l/linux-base/linux-base_4.5ubuntu9%2b22.04.1_all.deb	true	true	true	proxy_access_log
focal-to-jammy	e2fsprogs-l10n	1.46.5-2ubuntu1.2	all	e2fsprogs	e2fsprogs-l10n_1.46.5-2ubuntu1.2_all.deb	ap-northeast-2.ec2.archive.ubuntu.com		main	1548	891c75718500fa285a13fb7a978a8a1f63af098a936d10985bd33c6eb5bf0877	http://ap-northeast-2.ec2.archive.ubuntu.com/ubuntu/pool/main/e/e2fsprogs/e2fsprogs-l10n_1.46.5-2ubuntu1.2_all.deb	http://ap-northeast-2.ec2.archive.ubuntu.com/ubuntu/pool/main/e/e2fsprogs/e2fsprogs-l10n_1.46.5-2ubuntu1.2_all.deb	true	true	true	proxy_access_log
focal-to-jammy	libext2fs2	1.46.5-2ubuntu1.2	amd64	e2fsprogs	libext2fs2_1.46.5-2ubuntu1.2_amd64.deb	ap-northeast-2.ec2.archive.ubuntu.com		main	208420	4883114ed51508d27e06030d78ac8348e01c92d50fcf1069bb5582786ff82633	http://ap-northeast-2.ec2.archive.ubuntu.com/ubuntu/pool/main/e/e2fsprogs/libext2fs2_1.46.5-2ubuntu1.2_amd64.deb	http://ap-northeast-2.ec2.archive.ubuntu.com/ubuntu/pool/main/e/e2fsprogs/libext2fs2_1.46.5-2ubuntu1.2_amd64.deb	true	true	true	proxy_access_log
focal-to-jammy	e2fsprogs	1.46.5-2ubuntu1.2	amd64	e2fsprogs	e2fsprogs_1.46.5-2ubuntu1.2_amd64.deb	ap-northeast-2.ec2.archive.ubuntu.com		main	590486	d6623121853e5efa0418b76b39f994a1c48d869ed1e0e5c2da10d3cd08e5a33d	http://ap-northeast-2.ec2.archive.ubuntu.com/ubuntu/pool/main/e/e2fsprogs/e2fsprogs_1.46.5-2ubuntu1.2_amd64.deb	http://ap-northeast-2.ec2.archive.ubuntu.com/ubuntu/pool/main/e/e2fsprogs/e2fsprogs_1.46.5-2ubuntu1.2_amd64.deb	true	true	true	proxy_access_log
focal-to-jammy	liblzo2-2	2.10-2build3	amd64	lzo2	liblzo2-2_2.10-2build3_amd64.deb	ap-northeast-2.ec2.archive.ubuntu.com		main	53658	98f621d5eb3052a2468473dc3f00ac3ee451a62b85d85480575f694a5205117d	http://ap-northeast-2.ec2.archive.ubuntu.com/ubuntu/pool/main/l/lzo2/liblzo2-2_2.10-2build3_amd64.deb	http://ap-northeast-2.ec2.archive.ubuntu.com/ubuntu/pool/main/l/lzo2/liblzo2-2_2.10-2build3_amd64.deb	true	true	true	proxy_access_log
focal-to-jammy	btrfs-progs	5.16.2-1	amd64	btrfs-progs	btrfs-progs_5.16.2-1_amd64.deb	ap-northeast-2.ec2.archive.ubuntu.com		main	824242	6e1a831ad8e7e1cdf5ada9d6404c529ef288a262f3ec0f2910a85089eb235758	http://ap-northeast-2.ec2.archive.ubuntu.com/ubuntu/pool/main/b/btrfs-progs/btrfs-progs_5.16.2-1_amd64.deb	http://ap-northeast-2.ec2.archive.ubuntu.com/ubuntu/pool/main/b/btrfs-progs/btrfs-progs_5.16.2-1_amd64.deb	true	true	true	proxy_access_log
focal-to-jammy	libgcc-s1	12.3.0-1ubuntu1%7e22.04.3	amd64	libgcc-s1	libgcc-s1_12.3.0-1ubuntu1%7e22.04.3_amd64.deb	ap-northeast-2.ec2.archive.ubuntu.com		main	53896	d383e642d83263147f7b4b69fb92cf1036e5246c6be3accf10b77f986684589a	http://ap-northeast-2.ec2.archive.ubuntu.com/ubuntu/pool/main/g/gcc-12/libgcc-s1_12.3.0-1ubuntu1%7e22.04.3_amd64.deb	http://ap-northeast-2.ec2.archive.ubuntu.com/ubuntu/pool/main/g/gcc-12/libgcc-s1_12.3.0-1ubuntu1%7e22.04.3_amd64.deb	true	true	true	proxy_access_log
focal-to-jammy	libmpdec3	2.5.1-2build2	amd64	mpdecimal	libmpdec3_2.5.1-2build2_amd64.deb	ap-northeast-2.ec2.archive.ubuntu.com		main	86788	941ca0b2e73d26522f75a801b1bf529afa5ceb2ac9b00cbf324b59f474cae813	http://ap-northeast-2.ec2.archive.ubuntu.com/ubuntu/pool/main/m/mpdecimal/libmpdec3_2.5.1-2build2_amd64.deb	http://ap-northeast-2.ec2.archive.ubuntu.com/ubuntu/pool/main/m/mpdecimal/libmpdec3_2.5.1-2build2_amd64.deb	true	true	true	proxy_access_log
focal-to-jammy	libsqlite3-0	3.37.2-2ubuntu0.7	amd64	sqlite3	libsqlite3-0_3.37.2-2ubuntu0.7_amd64.deb	ap-northeast-2.ec2.archive.ubuntu.com		main	643416	690a71c074523f9716d02f13ff6faa51aacc070bb98ff198e9ad9d3b95f5378a	http://ap-northeast-2.ec2.archive.ubuntu.com/ubuntu/pool/main/s/sqlite3/libsqlite3-0_3.37.2-2ubuntu0.7_amd64.deb	http://ap-northeast-2.ec2.archive.ubuntu.com/ubuntu/pool/main/s/sqlite3/libsqlite3-0_3.37.2-2ubuntu0.7_amd64.deb	true	true	true	proxy_access_log
focal-to-jammy	libpython3.10-stdlib	3.10.12-1%7e22.04.17	amd64	libpython3.10-stdlib	libpython3.10-stdlib_3.10.12-1%7e22.04.17_amd64.deb	ap-northeast-2.ec2.archive.ubuntu.com		main	1850048	34c0a8f1db783c268c3a8d977799794504eb3ea6850d3b5d3f0cb3fc7eb56a41	http://ap-northeast-2.ec2.archive.ubuntu.com/ubuntu/pool/main/p/python3.10/libpython3.10-stdlib_3.10.12-1%7e22.04.17_amd64.deb	http://ap-northeast-2.ec2.archive.ubuntu.com/ubuntu/pool/main/p/python3.10/libpython3.10-stdlib_3.10.12-1%7e22.04.17_amd64.deb	true	true	true	proxy_access_log
focal-to-jammy	python3.10	3.10.12-1%7e22.04.17	amd64	python3.10	python3.10_3.10.12-1%7e22.04.17_amd64.deb	ap-northeast-2.ec2.archive.ubuntu.com		main	508482	a36b32edcc066333b79d9c71bff79bd11712da6823ab469ff3af0197d9a29bf6	http://ap-northeast-2.ec2.archive.ubuntu.com/ubuntu/pool/main/p/python3.10/python3.10_3.10.12-1%7e22.04.17_amd64.deb	http://ap-northeast-2.ec2.archive.ubuntu.com/ubuntu/pool/main/p/python3.10/python3.10_3.10.12-1%7e22.04.17_amd64.deb	true	true	true	proxy_access_log
focal-to-jammy	libpython3-stdlib	3.10.6-1%7e22.04.1	amd64	libpython3-stdlib	libpython3-stdlib_3.10.6-1%7e22.04.1_amd64.deb	ap-northeast-2.ec2.archive.ubuntu.com		main	6812	41b8f285f0a1661ece778a63592dcb556710cce3c559d83114fad245bfdf56ea	http://ap-northeast-2.ec2.archive.ubuntu.com/ubuntu/pool/main/p/python3-defaults/libpython3-stdlib_3.10.6-1%7e22.04.1_amd64.deb	http://ap-northeast-2.ec2.archive.ubuntu.com/ubuntu/pool/main/p/python3-defaults/libpython3-stdlib_3.10.6-1%7e22.04.1_amd64.deb	true	true	true	proxy_access_log
focal-to-jammy	python3-pkg-resources	59.6.0-1.2ubuntu0.22.04.3	all	setuptools	python3-pkg-resources_59.6.0-1.2ubuntu0.22.04.3_all.deb	ap-northeast-2.ec2.archive.ubuntu.com		main	132734	e838b1d16912f11c8c955d99ba5b7f378025ebb29b3ea72096cc7e9ec4d5e8f8	http://ap-northeast-2.ec2.archive.ubuntu.com/ubuntu/pool/main/s/setuptools/python3-pkg-resources_59.6.0-1.2ubuntu0.22.04.3_all.deb	http://ap-northeast-2.ec2.archive.ubuntu.com/ubuntu/pool/main/s/setuptools/python3-pkg-resources_59.6.0-1.2ubuntu0.22.04.3_all.deb	true	true	true	proxy_access_log
focal-to-jammy	libyaml-0-2	0.2.2-1build2	amd64	libyaml	libyaml-0-2_0.2.2-1build2_amd64.deb	ap-northeast-2.ec2.archive.ubuntu.com		main	51622	b137d89a463b671383b6eaec404a494c8bd630a4adb79fc059c3aa48af170dcb	http://ap-northeast-2.ec2.archive.ubuntu.com/ubuntu/pool/main/liby/libyaml/libyaml-0-2_0.2.2-1build2_amd64.deb	http://ap-northeast-2.ec2.archive.ubuntu.com/ubuntu/pool/main/liby/libyaml/libyaml-0-2_0.2.2-1build2_amd64.deb	true	true	true	proxy_access_log
focal-to-jammy	python3-six	1.16.0-3ubuntu1	all	six	python3-six_1.16.0-3ubuntu1_all.deb	ap-northeast-2.ec2.archive.ubuntu.com		main	12624	561db46fbee989a595ef4be588cd4ecbe76ca19bdbfe93d7d006b07acb53e4ea	http://ap-northeast-2.ec2.archive.ubuntu.com/ubuntu/pool/main/s/six/python3-six_1.16.0-3ubuntu1_all.deb	http://ap-northeast-2.ec2.archive.ubuntu.com/ubuntu/pool/main/s/six/python3-six_1.16.0-3ubuntu1_all.deb	true	true	true	proxy_access_log
focal-to-jammy	python3-bcrypt	3.2.0-1build1	amd64	python-bcrypt	python3-bcrypt_3.2.0-1build1_amd64.deb	ap-northeast-2.ec2.archive.ubuntu.com		main	32748	43592cd6d90570cf8e0bf6c99d8fc7a24dc95059b73795d8b4599592ddf39706	http://ap-northeast-2.ec2.archive.ubuntu.com/ubuntu/pool/main/p/python-bcrypt/python3-bcrypt_3.2.0-1build1_amd64.deb	http://ap-northeast-2.ec2.archive.ubuntu.com/ubuntu/pool/main/p/python-bcrypt/python3-bcrypt_3.2.0-1build1_amd64.deb	true	true	true	proxy_access_log
focal-to-jammy	python3-incremental	21.3.0-1	all	incremental	python3-incremental_21.3.0-1_all.deb	ap-northeast-2.ec2.archive.ubuntu.com		main	14434	05ae5596f4ead963f86286a8e59e96cf211ab8823412c3b7d06f3e6021b62cf4	http://ap-northeast-2.ec2.archive.ubuntu.com/ubuntu/pool/main/i/incremental/python3-incremental_21.3.0-1_all.deb	http://ap-northeast-2.ec2.archive.ubuntu.com/ubuntu/pool/main/i/incremental/python3-incremental_21.3.0-1_all.deb	true	true	true	proxy_access_log
focal-to-jammy	python3-cryptography	3.4.8-1ubuntu2.4	amd64	python-cryptography	python3-cryptography_3.4.8-1ubuntu2.4_amd64.deb	ap-northeast-2.ec2.archive.ubuntu.com		main	236328	0d5acb4c167f9b8784c49672fd939f9417ad24f673f32bdf77b29a955b26ee34	http://ap-northeast-2.ec2.archive.ubuntu.com/ubuntu/pool/main/p/python-cryptography/python3-cryptography_3.4.8-1ubuntu2.4_amd64.deb	http://ap-northeast-2.ec2.archive.ubuntu.com/ubuntu/pool/main/p/python-cryptography/python3-cryptography_3.4.8-1ubuntu2.4_amd64.deb	true	true	true	proxy_access_log
focal-to-jammy	python3-hamcrest	2.0.2-2	all	pyhamcrest	python3-hamcrest_2.0.2-2_all.deb	ap-northeast-2.ec2.archive.ubuntu.com		main	26806	90a482241979ede449399665f5f246f825ed82b0eeba5474c9d98e7afdefa004	http://ap-northeast-2.ec2.archive.ubuntu.com/ubuntu/pool/main/p/pyhamcrest/python3-hamcrest_2.0.2-2_all.deb	http://ap-northeast-2.ec2.archive.ubuntu.com/ubuntu/pool/main/p/pyhamcrest/python3-hamcrest_2.0.2-2_all.deb	true	true	true	proxy_access_log
focal-to-jammy	python3-idna	3.3-1ubuntu0.2	all	python-idna	python3-idna_3.3-1ubuntu0.2_all.deb	ap-northeast-2.ec2.archive.ubuntu.com		main	52664	ad07d6fdf94b582c6c25a39137be8dd7ceaf5c841051c2a40da71a80e63ac7d4	http://ap-northeast-2.ec2.archive.ubuntu.com/ubuntu/pool/main/p/python-idna/python3-idna_3.3-1ubuntu0.2_all.deb	http://ap-northeast-2.ec2.archive.ubuntu.com/ubuntu/pool/main/p/python-idna/python3-idna_3.3-1ubuntu0.2_all.deb	true	true	true	proxy_access_log
focal-to-jammy	python3-openssl	21.0.0-1ubuntu0.1	all	pyopenssl	python3-openssl_21.0.0-1ubuntu0.1_all.deb	ap-northeast-2.ec2.archive.ubuntu.com		main	45436	38c67e27cde063aee86eaa1a4f0bb5a1424f572ee07e641f7685655d41049d66	http://ap-northeast-2.ec2.archive.ubuntu.com/ubuntu/pool/main/p/pyopenssl/python3-openssl_21.0.0-1ubuntu0.1_all.deb	http://ap-northeast-2.ec2.archive.ubuntu.com/ubuntu/pool/main/p/pyopenssl/python3-openssl_21.0.0-1ubuntu0.1_all.deb	true	true	true	proxy_access_log
focal-to-jammy	python3-attr	21.2.0-1ubuntu1	all	python-attrs	python3-attr_21.2.0-1ubuntu1_all.deb	ap-northeast-2.ec2.archive.ubuntu.com		main	43892	f37fec4e0a401904aa996b68af7820637dc0fc4609b146b5a64f0a6c347d5c9a	http://ap-northeast-2.ec2.archive.ubuntu.com/ubuntu/pool/main/p/python-attrs/python3-attr_21.2.0-1ubuntu1_all.deb	http://ap-northeast-2.ec2.archive.ubuntu.com/ubuntu/pool/main/p/python-attrs/python3-attr_21.2.0-1ubuntu1_all.deb	true	true	true	proxy_access_log
focal-to-jammy	python3-pyasn1	0.4.8-1ubuntu0.2	all	pyasn1	python3-pyasn1_0.4.8-1ubuntu0.2_all.deb	ap-northeast-2.ec2.archive.ubuntu.com		main	51996	ae6c7198c75a54213ac3f070653a8bd49c4aa64c32e0ed4c6805a458d1f9e658	http://ap-northeast-2.ec2.archive.ubuntu.com/ubuntu/pool/main/p/pyasn1/python3-pyasn1_0.4.8-1ubuntu0.2_all.deb	http://ap-northeast-2.ec2.archive.ubuntu.com/ubuntu/pool/main/p/pyasn1/python3-pyasn1_0.4.8-1ubuntu0.2_all.deb	true	true	true	proxy_access_log
focal-to-jammy	python3-pyasn1-modules	0.2.1-1	all	python-pyasn1-modules	python3-pyasn1-modules_0.2.1-1_all.deb	ap-northeast-2.ec2.archive.ubuntu.com		main	32952	30d070cd69876f5d07b979dc4d02df339a193ca802ac9ba53d8c17ac1aef3a57	http://ap-northeast-2.ec2.archive.ubuntu.com/ubuntu/pool/main/p/python-pyasn1-modules/python3-pyasn1-modules_0.2.1-1_all.deb	http://ap-northeast-2.ec2.archive.ubuntu.com/ubuntu/pool/main/p/python-pyasn1-modules/python3-pyasn1-modules_0.2.1-1_all.deb	true	true	true	proxy_access_log
focal-to-jammy	python3-service-identity	18.1.0-6	all	python-service-identity	python3-service-identity_18.1.0-6_all.deb	ap-northeast-2.ec2.archive.ubuntu.com		main	10668	f466fc1cbee5d96a9593519b08e528913d8ae54980420be7e69428ae894e1cec	http://ap-northeast-2.ec2.archive.ubuntu.com/ubuntu/pool/main/p/python-service-identity/python3-service-identity_18.1.0-6_all.deb	http://ap-northeast-2.ec2.archive.ubuntu.com/ubuntu/pool/main/p/python-service-identity/python3-service-identity_18.1.0-6_all.deb	true	true	true	proxy_access_log
focal-to-jammy	python3-automat	20.2.0-1	all	automat	python3-automat_20.2.0-1_all.deb	ap-northeast-2.ec2.archive.ubuntu.com		main	27584	259643d5f581da310ebcac196869a68110138783feec9ac432961256aa75a32a	http://ap-northeast-2.ec2.archive.ubuntu.com/ubuntu/pool/main/a/automat/python3-automat_20.2.0-1_all.deb	http://ap-northeast-2.ec2.archive.ubuntu.com/ubuntu/pool/main/a/automat/python3-automat_20.2.0-1_all.deb	true	true	true	proxy_access_log
focal-to-jammy	python3-constantly	15.1.0-2	all	constantly	python3-constantly_15.1.0-2_all.deb	ap-northeast-2.ec2.archive.ubuntu.com		main	8396	db0ae9dc54476595a6e780bbea4d43d04ba4b468e76f15394cfb9171fc4fc6e4	http://ap-northeast-2.ec2.archive.ubuntu.com/ubuntu/pool/main/c/constantly/python3-constantly_15.1.0-2_all.deb	http://ap-northeast-2.ec2.archive.ubuntu.com/ubuntu/pool/main/c/constantly/python3-constantly_15.1.0-2_all.deb	true	true	true	proxy_access_log
focal-to-jammy	python3-hyperlink	21.0.0-3	all	hyperlink	python3-hyperlink_21.0.0-3_all.deb	ap-northeast-2.ec2.archive.ubuntu.com		main	68750	52a9f82ae098adae9b8e0516f8ffe739e24ac59adee7584ae949247653521afe	http://ap-northeast-2.ec2.archive.ubuntu.com/ubuntu/pool/main/h/hyperlink/python3-hyperlink_21.0.0-3_all.deb	http://ap-northeast-2.ec2.archive.ubuntu.com/ubuntu/pool/main/h/hyperlink/python3-hyperlink_21.0.0-3_all.deb	true	true	true	proxy_access_log
focal-to-jammy	libsasl2-modules-db	2.1.27%2bdfsg2-3ubuntu1.2	amd64	libsasl2-modules-db	libsasl2-modules-db_2.1.27%2bdfsg2-3ubuntu1.2_amd64.deb	ap-northeast-2.ec2.archive.ubuntu.com		main	20476	0e222c26d70c2cfd132c8de035bcf9673067b6cbfea0a7421dced7b6256ae774	http://ap-northeast-2.ec2.archive.ubuntu.com/ubuntu/pool/main/c/cyrus-sasl2/libsasl2-modules-db_2.1.27%2bdfsg2-3ubuntu1.2_amd64.deb	http://ap-northeast-2.ec2.archive.ubuntu.com/ubuntu/pool/main/c/cyrus-sasl2/libsasl2-modules-db_2.1.27%2bdfsg2-3ubuntu1.2_amd64.deb	true	true	true	proxy_access_log
focal-to-jammy	libsasl2-2	2.1.27%2bdfsg2-3ubuntu1.2	amd64	libsasl2-2	libsasl2-2_2.1.27%2bdfsg2-3ubuntu1.2_amd64.deb	ap-northeast-2.ec2.archive.ubuntu.com		main	53832	391cb48d7e601d5bb590da8d426750acf6c987241ba280a36227873b94f20cee	http://ap-northeast-2.ec2.archive.ubuntu.com/ubuntu/pool/main/c/cyrus-sasl2/libsasl2-2_2.1.27%2bdfsg2-3ubuntu1.2_amd64.deb	http://ap-northeast-2.ec2.archive.ubuntu.com/ubuntu/pool/main/c/cyrus-sasl2/libsasl2-2_2.1.27%2bdfsg2-3ubuntu1.2_amd64.deb	true	true	true	proxy_access_log
focal-to-jammy	libldap-2.5-0	2.5.20%2bdfsg-0ubuntu0.22.04.1	amd64	libldap-2.5-0	libldap-2.5-0_2.5.20%2bdfsg-0ubuntu0.22.04.1_amd64.deb	ap-northeast-2.ec2.archive.ubuntu.com		main	183948	a3ee4ac116a2c50c9ddfe9de91c0781a50704244771474334340cdce02f5cd4f	http://ap-northeast-2.ec2.archive.ubuntu.com/ubuntu/pool/main/o/openldap/libldap-2.5-0_2.5.20%2bdfsg-0ubuntu0.22.04.1_amd64.deb	http://ap-northeast-2.ec2.archive.ubuntu.com/ubuntu/pool/main/o/openldap/libldap-2.5-0_2.5.20%2bdfsg-0ubuntu0.22.04.1_amd64.deb	true	true	true	proxy_access_log
focal-to-jammy	libnghttp2-14	1.43.0-1ubuntu0.4	amd64	nghttp2	libnghttp2-14_1.43.0-1ubuntu0.4_amd64.deb	ap-northeast-2.ec2.archive.ubuntu.com		main	76932	6e968d1ed7abb3635a3b0707ebfa20cd368ce784f83cc567b11c0723217a6de4	http://ap-northeast-2.ec2.archive.ubuntu.com/ubuntu/pool/main/n/nghttp2/libnghttp2-14_1.43.0-1ubuntu0.4_amd64.deb	http://ap-northeast-2.ec2.archive.ubuntu.com/ubuntu/pool/main/n/nghttp2/libnghttp2-14_1.43.0-1ubuntu0.4_amd64.deb	true	true	true	proxy_access_log
focal-to-jammy	libpsl5	0.21.0-1.2build2	amd64	libpsl	libpsl5_0.21.0-1.2build2_amd64.deb	ap-northeast-2.ec2.archive.ubuntu.com		main	58388	cd29dee0eac2bdf3f944f47b3926993827dc6b3710251df76006fab2fd09f7e1	http://ap-northeast-2.ec2.archive.ubuntu.com/ubuntu/pool/main/libp/libpsl/libpsl5_0.21.0-1.2build2_amd64.deb	http://ap-northeast-2.ec2.archive.ubuntu.com/ubuntu/pool/main/libp/libpsl/libpsl5_0.21.0-1.2build2_amd64.deb	true	true	true	proxy_access_log
focal-to-jammy	librtmp1	2.4%2b20151223.gitfa8646d.1-2build4	amd64	librtmp1	librtmp1_2.4%2b20151223.gitfa8646d.1-2build4_amd64.deb	ap-northeast-2.ec2.archive.ubuntu.com		main	58190	c8bdaa1e777d08888914e922f8f76441c26ee36438d3aa59161ecccc2421f77e	http://ap-northeast-2.ec2.archive.ubuntu.com/ubuntu/pool/main/r/rtmpdump/librtmp1_2.4%2b20151223.gitfa8646d.1-2build4_amd64.deb	http://ap-northeast-2.ec2.archive.ubuntu.com/ubuntu/pool/main/r/rtmpdump/librtmp1_2.4%2b20151223.gitfa8646d.1-2build4_amd64.deb	true	true	true	proxy_access_log
focal-to-jammy	libssh-4	0.9.6-2ubuntu0.22.04.7	amd64	libssh	libssh-4_0.9.6-2ubuntu0.22.04.7_amd64.deb	ap-northeast-2.ec2.archive.ubuntu.com		main	187036	b2b6e27c57f374365619f4061058780e078721d87f2ad67838a11833f0197e1d	http://ap-northeast-2.ec2.archive.ubuntu.com/ubuntu/pool/main/libs/libssh/libssh-4_0.9.6-2ubuntu0.22.04.7_amd64.deb	http://ap-northeast-2.ec2.archive.ubuntu.com/ubuntu/pool/main/libs/libssh/libssh-4_0.9.6-2ubuntu0.22.04.7_amd64.deb	true	true	true	proxy_access_log
focal-to-jammy	libcurl3-gnutls	7.81.0-1ubuntu1.27	amd64	curl	libcurl3-gnutls_7.81.0-1ubuntu1.27_amd64.deb	ap-northeast-2.ec2.archive.ubuntu.com		main	285802	905a0cc21cb47f93e2d96de4eec80799a67b5bb6032362940f97cd353168058e	http://ap-northeast-2.ec2.archive.ubuntu.com/ubuntu/pool/main/c/curl/libcurl3-gnutls_7.81.0-1ubuntu1.27_amd64.deb	http://ap-northeast-2.ec2.archive.ubuntu.com/ubuntu/pool/main/c/curl/libcurl3-gnutls_7.81.0-1ubuntu1.27_amd64.deb	true	true	true	proxy_access_log
focal-to-jammy	distro-info	1.1ubuntu0.2	amd64	distro-info	distro-info_1.1ubuntu0.2_amd64.deb	ap-northeast-2.ec2.archive.ubuntu.com		main	18660	663e6ded8dc3f3e694c18804319949369360555b0ebabdac7a2a07abcd0ecc5d	http://ap-northeast-2.ec2.archive.ubuntu.com/ubuntu/pool/main/d/distro-info/distro-info_1.1ubuntu0.2_amd64.deb	http://ap-northeast-2.ec2.archive.ubuntu.com/ubuntu/pool/main/d/distro-info/distro-info_1.1ubuntu0.2_amd64.deb	true	true	true	proxy_access_log
focal-to-jammy	distro-info-data	0.72-0ubuntu0.22.04.1	all	distro-info-data	distro-info-data_0.72-0ubuntu0.22.04.1_all.deb	ap-northeast-2.ec2.archive.ubuntu.com		main	5948	e8f6281a29e36759579132425b3ae559c2c1249524943988d5b88daf2b198847	http://ap-northeast-2.ec2.archive.ubuntu.com/ubuntu/pool/main/d/distro-info-data/distro-info-data_0.72-0ubuntu0.22.04.1_all.deb	http://ap-northeast-2.ec2.archive.ubuntu.com/ubuntu/pool/main/d/distro-info-data/distro-info-data_0.72-0ubuntu0.22.04.1_all.deb	true	true	true	proxy_access_log
focal-to-jammy	lsb-release	11.1.0ubuntu4	all	lsb	lsb-release_11.1.0ubuntu4_all.deb	ap-northeast-2.ec2.archive.ubuntu.com		main	10772	184a61e14c3008a250aa639df938331e38d94778ddf5e8f8bb9182c76fee846c	http://ap-northeast-2.ec2.archive.ubuntu.com/ubuntu/pool/main/l/lsb/lsb-release_11.1.0ubuntu4_all.deb	http://ap-northeast-2.ec2.archive.ubuntu.com/ubuntu/pool/main/l/lsb/lsb-release_11.1.0ubuntu4_all.deb	true	true	true	proxy_access_log
focal-to-jammy	gir1.2-glib-2.0	1.72.0-1	amd64	gobject-introspection	gir1.2-glib-2.0_1.72.0-1_amd64.deb	ap-northeast-2.ec2.archive.ubuntu.com		main	163890	7d4f3aa077ff0358ab34cea1298f2b99990ebc6a4ed81fadd73bd4a846f6976c	http://ap-northeast-2.ec2.archive.ubuntu.com/ubuntu/pool/main/g/gobject-introspection/gir1.2-glib-2.0_1.72.0-1_amd64.deb	http://ap-northeast-2.ec2.archive.ubuntu.com/ubuntu/pool/main/g/gobject-introspection/gir1.2-glib-2.0_1.72.0-1_amd64.deb	true	true	true	proxy_access_log
focal-to-jammy	python3-lockfile	0.12.2-2.2	all	python3-lockfile	python3-lockfile_0.12.2-2.2_all.deb	ap-northeast-2.ec2.archive.ubuntu.com		main	14576	3c858ecd31235d29431d154a98204d22c1b4bc04d7bc7dd48c46f246f59f2896	http://ap-northeast-2.ec2.archive.ubuntu.com/ubuntu/pool/main/p/python-lockfile/python3-lockfile_0.12.2-2.2_all.deb	http://ap-northeast-2.ec2.archive.ubuntu.com/ubuntu/pool/main/p/python-lockfile/python3-lockfile_0.12.2-2.2_all.deb	true	true	true	proxy_access_log
focal-to-jammy	openssl	3.0.2-0ubuntu1.29	amd64	openssl	openssl_3.0.2-0ubuntu1.29_amd64.deb	ap-northeast-2.ec2.archive.ubuntu.com		main	1184520	bf5e804a0533d55ea9aa90320bcbce42981996dd41e8d4bcd5d15e41f91c2817	http://ap-northeast-2.ec2.archive.ubuntu.com/ubuntu/pool/main/o/openssl/openssl_3.0.2-0ubuntu1.29_amd64.deb	http://ap-northeast-2.ec2.archive.ubuntu.com/ubuntu/pool/main/o/openssl/openssl_3.0.2-0ubuntu1.29_amd64.deb	true	true	true	proxy_access_log
focal-to-jammy	ca-certificates	20260601%7e22.04.1	all	ca-certificates	ca-certificates_20260601%7e22.04.1_all.deb	ap-northeast-2.ec2.archive.ubuntu.com		main	140666	6e8cdcc8c86103acd4fc14649eac62ff2037108389074a7b167567af33c32245	http://ap-northeast-2.ec2.archive.ubuntu.com/ubuntu/pool/main/c/ca-certificates/ca-certificates_20260601%7e22.04.1_all.deb	http://ap-northeast-2.ec2.archive.ubuntu.com/ubuntu/pool/main/c/ca-certificates/ca-certificates_20260601%7e22.04.1_all.deb	true	true	true	proxy_access_log
focal-to-jammy	python3-certifi	2020.6.20-1	all	python-certifi	python3-certifi_2020.6.20-1_all.deb	ap-northeast-2.ec2.archive.ubuntu.com		main	150260	9086a3c5f3a5fc7befae2a39e35fa4ba50d5f61a42d3143d244c0ad08774db87	http://ap-northeast-2.ec2.archive.ubuntu.com/ubuntu/pool/main/p/python-certifi/python3-certifi_2020.6.20-1_all.deb	http://ap-northeast-2.ec2.archive.ubuntu.com/ubuntu/pool/main/p/python-certifi/python3-certifi_2020.6.20-1_all.deb	true	true	true	proxy_access_log
focal-to-jammy	python3-requests	2.25.1%2bdfsg-2ubuntu0.3	all	python3-requests	python3-requests_2.25.1%2bdfsg-2ubuntu0.3_all.deb	ap-northeast-2.ec2.archive.ubuntu.com		main	48756	a3ac4965c7ae4f2efbd15d3852273f19fc8923594b15ea117fcfe02f344d3a44	http://ap-northeast-2.ec2.archive.ubuntu.com/ubuntu/pool/main/r/requests/python3-requests_2.25.1%2bdfsg-2ubuntu0.3_all.deb	http://ap-northeast-2.ec2.archive.ubuntu.com/ubuntu/pool/main/r/requests/python3-requests_2.25.1%2bdfsg-2ubuntu0.3_all.deb	true	true	true	proxy_access_log
focal-to-jammy	python3-chardet	4.0.0-1	all	chardet	python3-chardet_4.0.0-1_all.deb	ap-northeast-2.ec2.archive.ubuntu.com		main	97952	596fecba0854b9da7ca001c2ace2eb43b9f0d6edb217ccb8bebf9939c87e0c90	http://ap-northeast-2.ec2.archive.ubuntu.com/ubuntu/pool/main/c/chardet/python3-chardet_4.0.0-1_all.deb	http://ap-northeast-2.ec2.archive.ubuntu.com/ubuntu/pool/main/c/chardet/python3-chardet_4.0.0-1_all.deb	true	true	true	proxy_access_log
focal-to-jammy	python3-urllib3	1.26.5-1%7eexp1ubuntu0.7	all	python3-urllib3	python3-urllib3_1.26.5-1%7eexp1ubuntu0.7_all.deb	ap-northeast-2.ec2.archive.ubuntu.com		main	98624	df40cb730d6edc6f91e572cd2da8e6a598d9179310cb5af8100677467fb7b169	http://ap-northeast-2.ec2.archive.ubuntu.com/ubuntu/pool/main/p/python-urllib3/python3-urllib3_1.26.5-1%7eexp1ubuntu0.7_all.deb	http://ap-northeast-2.ec2.archive.ubuntu.com/ubuntu/pool/main/p/python-urllib3/python3-urllib3_1.26.5-1%7eexp1ubuntu0.7_all.deb	true	true	true	proxy_access_log
focal-to-jammy	python3-pycryptodome	3.11.0%2bdfsg1-3ubuntu0.1	amd64	python3-pycryptodome	python3-pycryptodome_3.11.0%2bdfsg1-3ubuntu0.1_amd64.deb	ap-northeast-2.ec2.archive.ubuntu.com		main	1029366	e10ed01e70272d3b02d3209d7b423bfc10ea76f4358f6aed52acc051de4fa348	http://ap-northeast-2.ec2.archive.ubuntu.com/ubuntu/pool/main/p/pycryptodome/python3-pycryptodome_3.11.0%2bdfsg1-3ubuntu0.1_amd64.deb	http://ap-northeast-2.ec2.archive.ubuntu.com/ubuntu/pool/main/p/pycryptodome/python3-pycryptodome_3.11.0%2bdfsg1-3ubuntu0.1_amd64.deb	true	true	true	proxy_access_log
focal-to-jammy	python-babel-localedata	2.8.0%2bdfsg.1-7	all	python-babel-localedata	python-babel-localedata_2.8.0%2bdfsg.1-7_all.deb	ap-northeast-2.ec2.archive.ubuntu.com		main	4982220	f441154253d9ab255ce1541b37ec8cf191311d87dba3b36abe9574c8e6c8fd61	http://ap-northeast-2.ec2.archive.ubuntu.com/ubuntu/pool/main/p/python-babel/python-babel-localedata_2.8.0%2bdfsg.1-7_all.deb	http://ap-northeast-2.ec2.archive.ubuntu.com/ubuntu/pool/main/p/python-babel/python-babel-localedata_2.8.0%2bdfsg.1-7_all.deb	true	true	true	proxy_access_log
focal-to-jammy	tzdata	2026c-0ubuntu0.22.04.1	all	tzdata	tzdata_2026c-0ubuntu0.22.04.1_all.deb	ap-northeast-2.ec2.archive.ubuntu.com		main	345726	f5272f2a2356726dd648d518cdab1e0f878effdb2b9d5187791f94e5dbade181	http://ap-northeast-2.ec2.archive.ubuntu.com/ubuntu/pool/main/t/tzdata/tzdata_2026c-0ubuntu0.22.04.1_all.deb	http://ap-northeast-2.ec2.archive.ubuntu.com/ubuntu/pool/main/t/tzdata/tzdata_2026c-0ubuntu0.22.04.1_all.deb	true	true	true	proxy_access_log
focal-to-jammy	python3-tz	2022.1-1ubuntu0.22.04.1	all	python-tz	python3-tz_2022.1-1ubuntu0.22.04.1_all.deb	ap-northeast-2.ec2.archive.ubuntu.com		main	30712	013c9d246cabfdc56b3876af07da8701087e239866f59b086b7ec0467c133f77	http://ap-northeast-2.ec2.archive.ubuntu.com/ubuntu/pool/main/p/python-tz/python3-tz_2022.1-1ubuntu0.22.04.1_all.deb	http://ap-northeast-2.ec2.archive.ubuntu.com/ubuntu/pool/main/p/python-tz/python3-tz_2022.1-1ubuntu0.22.04.1_all.deb	true	true	true	proxy_access_log
focal-to-jammy	python3-babel	2.8.0%2bdfsg.1-7	all	python3-babel	python3-babel_2.8.0%2bdfsg.1-7_all.deb	ap-northeast-2.ec2.archive.ubuntu.com		main	85064	cdb35fba639616a23090ff90d903992a6c4ba109abfed3dd42c9095ead1ef9ae	http://ap-northeast-2.ec2.archive.ubuntu.com/ubuntu/pool/main/p/python-babel/python3-babel_2.8.0%2bdfsg.1-7_all.deb	http://ap-northeast-2.ec2.archive.ubuntu.com/ubuntu/pool/main/p/python-babel/python3-babel_2.8.0%2bdfsg.1-7_all.deb	true	true	true	proxy_access_log
focal-to-jammy	python3-jinja2	3.0.3-1ubuntu0.4	all	jinja2	python3-jinja2_3.0.3-1ubuntu0.4_all.deb	ap-northeast-2.ec2.archive.ubuntu.com		main	108500	b2a7e3b60c849dda14631b9b302640beea762dbfd953c828eec0db64ad755c0c	http://ap-northeast-2.ec2.archive.ubuntu.com/ubuntu/pool/main/j/jinja2/python3-jinja2_3.0.3-1ubuntu0.4_all.deb	http://ap-northeast-2.ec2.archive.ubuntu.com/ubuntu/pool/main/j/jinja2/python3-jinja2_3.0.3-1ubuntu0.4_all.deb	true	true	true	proxy_access_log
focal-to-jammy	python3-pyparsing	2.4.7-1	all	pyparsing	python3-pyparsing_2.4.7-1_all.deb	ap-northeast-2.ec2.archive.ubuntu.com		main	61404	b28bcfb1cf7992e1802c41b659535646cd86dd20cc62adcf941bb095005a45a4	http://ap-northeast-2.ec2.archive.ubuntu.com/ubuntu/pool/main/p/pyparsing/python3-pyparsing_2.4.7-1_all.deb	http://ap-northeast-2.ec2.archive.ubuntu.com/ubuntu/pool/main/p/pyparsing/python3-pyparsing_2.4.7-1_all.deb	true	true	true	proxy_access_log
focal-to-jammy	python3-packaging	21.3-1	all	python-packaging	python3-packaging_21.3-1_all.deb	ap-northeast-2.ec2.archive.ubuntu.com		main	30672	95982dc1ffb5b7eb03f385d685887aadd98d086e0795755795df3904cf8e3ecf	http://ap-northeast-2.ec2.archive.ubuntu.com/ubuntu/pool/main/p/python-packaging/python3-packaging_21.3-1_all.deb	http://ap-northeast-2.ec2.archive.ubuntu.com/ubuntu/pool/main/p/python-packaging/python3-packaging_21.3-1_all.deb	true	true	true	proxy_access_log
focal-to-jammy	libcbor0.8	0.8.0-2ubuntu1	amd64	libcbor	libcbor0.8_0.8.0-2ubuntu1_amd64.deb	ap-northeast-2.ec2.archive.ubuntu.com		main	24646	89924d89bccd18bcd7a9513781ab7e9b7370c74f4e82c6131db657cf555215ae	http://ap-northeast-2.ec2.archive.ubuntu.com/ubuntu/pool/main/libc/libcbor/libcbor0.8_0.8.0-2ubuntu1_amd64.deb	http://ap-northeast-2.ec2.archive.ubuntu.com/ubuntu/pool/main/libc/libcbor/libcbor0.8_0.8.0-2ubuntu1_amd64.deb	true	true	true	proxy_access_log
focal-to-jammy	libfido2-1	1.10.0-1	amd64	libfido2	libfido2-1_1.10.0-1_amd64.deb	ap-northeast-2.ec2.archive.ubuntu.com		main	82772	b4209996a74343859a70ed403c601e098702112877c372c7cc7c6b3c0ebce019	http://ap-northeast-2.ec2.archive.ubuntu.com/ubuntu/pool/main/libf/libfido2/libfido2-1_1.10.0-1_amd64.deb	http://ap-northeast-2.ec2.archive.ubuntu.com/ubuntu/pool/main/libf/libfido2/libfido2-1_1.10.0-1_amd64.deb	true	true	true	proxy_access_log
focal-to-jammy	openssh-sftp-server	8.9p1-3ubuntu0.16	amd64	openssh-sftp-server	openssh-sftp-server_8.9p1-3ubuntu0.16_amd64.deb	ap-northeast-2.ec2.archive.ubuntu.com		main	38850	0bf1b90f250754c8d7309898b7d9e84b8f7ffb90a581a43a3f8f66fcb158bfb6	http://ap-northeast-2.ec2.archive.ubuntu.com/ubuntu/pool/main/o/openssh/openssh-sftp-server_8.9p1-3ubuntu0.16_amd64.deb	http://ap-northeast-2.ec2.archive.ubuntu.com/ubuntu/pool/main/o/openssh/openssh-sftp-server_8.9p1-3ubuntu0.16_amd64.deb	true	true	true	proxy_access_log
focal-to-jammy	libprocps8	3.3.17-6ubuntu2.1	amd64	libprocps8	libprocps8_3.3.17-6ubuntu2.1_amd64.deb	ap-northeast-2.ec2.archive.ubuntu.com		main	36160	a7d32ba1d7d4516b77354d3b2d34d218098b321933f792785029f313b918d163	http://ap-northeast-2.ec2.archive.ubuntu.com/ubuntu/pool/main/p/procps/libprocps8_3.3.17-6ubuntu2.1_amd64.deb	http://ap-northeast-2.ec2.archive.ubuntu.com/ubuntu/pool/main/p/procps/libprocps8_3.3.17-6ubuntu2.1_amd64.deb	true	true	true	proxy_access_log
focal-to-jammy	procps	3.3.17-6ubuntu2.1	amd64	procps	procps_3.3.17-6ubuntu2.1_amd64.deb	ap-northeast-2.ec2.archive.ubuntu.com		main	377732	e204381ea55b600a1fb3556d6aec9cfb1eef1c4a2247dee641f00211311b9922	http://ap-northeast-2.ec2.archive.ubuntu.com/ubuntu/pool/main/p/procps/procps_3.3.17-6ubuntu2.1_amd64.deb	http://ap-northeast-2.ec2.archive.ubuntu.com/ubuntu/pool/main/p/procps/procps_3.3.17-6ubuntu2.1_amd64.deb	true	true	true	proxy_access_log
focal-to-jammy	tcpd	7.6.q-31build2	amd64	tcp-wrappers	tcpd_7.6.q-31build2_amd64.deb	ap-northeast-2.ec2.archive.ubuntu.com		universe	25248	9c9b05cd92f9851731ae828950a7c79a35e92c44b41513014eb769f019b6ff8d	http://ap-northeast-2.ec2.archive.ubuntu.com/ubuntu/pool/universe/t/tcp-wrappers/tcpd_7.6.q-31build2_amd64.deb	http://ap-northeast-2.ec2.archive.ubuntu.com/ubuntu/pool/universe/t/tcp-wrappers/tcpd_7.6.q-31build2_amd64.deb	true	true	true	proxy_access_log
focal-to-jammy	libwrap0	7.6.q-31build2	amd64	tcp-wrappers	libwrap0_7.6.q-31build2_amd64.deb	ap-northeast-2.ec2.archive.ubuntu.com		main	47944	27eb87c90108a2e53f86efe78f00fcb701248a1b8609c26e52a9c431a41fa006	http://ap-northeast-2.ec2.archive.ubuntu.com/ubuntu/pool/main/t/tcp-wrappers/libwrap0_7.6.q-31build2_amd64.deb	http://ap-northeast-2.ec2.archive.ubuntu.com/ubuntu/pool/main/t/tcp-wrappers/libwrap0_7.6.q-31build2_amd64.deb	true	true	true	proxy_access_log
focal-to-jammy	openssh-server	8.9p1-3ubuntu0.16	amd64	openssh-server	openssh-server_8.9p1-3ubuntu0.16_amd64.deb	ap-northeast-2.ec2.archive.ubuntu.com		main	435750	72ae9540fd81b44dbdf70dd7a3b0b8d4859f80f25555074c035b0e058779f7f0	http://ap-northeast-2.ec2.archive.ubuntu.com/ubuntu/pool/main/o/openssh/openssh-server_8.9p1-3ubuntu0.16_amd64.deb	http://ap-northeast-2.ec2.archive.ubuntu.com/ubuntu/pool/main/o/openssh/openssh-server_8.9p1-3ubuntu0.16_amd64.deb	true	true	true	proxy_access_log
focal-to-jammy	git	2.34.1-1ubuntu1.17	amd64	git	git_2.34.1-1ubuntu1.17_amd64.deb	ap-northeast-2.ec2.archive.ubuntu.com		main	3173622	8794fcf2c4606c445df0db3dc963c8fb852772208bfb12727a12717c03767af7	http://ap-northeast-2.ec2.archive.ubuntu.com/ubuntu/pool/main/g/git/git_2.34.1-1ubuntu1.17_amd64.deb	http://ap-northeast-2.ec2.archive.ubuntu.com/ubuntu/pool/main/g/git/git_2.34.1-1ubuntu1.17_amd64.deb	true	true	true	proxy_access_log
focal-to-jammy	git-man	2.34.1-1ubuntu1.17	all	git-man	git-man_2.34.1-1ubuntu1.17_all.deb	ap-northeast-2.ec2.archive.ubuntu.com		main	953934	8129d7b87facd50e32f806ad9905dd99435e7b0bb2566d6a33e5b5371c5c36e5	http://ap-northeast-2.ec2.archive.ubuntu.com/ubuntu/pool/main/g/git/git-man_2.34.1-1ubuntu1.17_all.deb	http://ap-northeast-2.ec2.archive.ubuntu.com/ubuntu/pool/main/g/git/git-man_2.34.1-1ubuntu1.17_all.deb	true	true	true	proxy_access_log
focal-to-jammy	libedit2	3.1-20210910-1build1	amd64	libedit	libedit2_3.1-20210910-1build1_amd64.deb	ap-northeast-2.ec2.archive.ubuntu.com		main	96766	fb8783bdf0a59aaabf4e9b29192170f6cc17aa2eb94bc672c15add37ff39525b	http://ap-northeast-2.ec2.archive.ubuntu.com/ubuntu/pool/main/libe/libedit/libedit2_3.1-20210910-1build1_amd64.deb	http://ap-northeast-2.ec2.archive.ubuntu.com/ubuntu/pool/main/libe/libedit/libedit2_3.1-20210910-1build1_amd64.deb	true	true	true	proxy_access_log
focal-to-jammy	openssh-client	8.9p1-3ubuntu0.16	amd64	openssh-client	openssh-client_8.9p1-3ubuntu0.16_amd64.deb	ap-northeast-2.ec2.archive.ubuntu.com		main	903878	4bbb878ae5b99f7f82c0f52e7d68d6fa9c7427a5a1707efc53e65ff939fea391	http://ap-northeast-2.ec2.archive.ubuntu.com/ubuntu/pool/main/o/openssh/openssh-client_8.9p1-3ubuntu0.16_amd64.deb	http://ap-northeast-2.ec2.archive.ubuntu.com/ubuntu/pool/main/o/openssh/openssh-client_8.9p1-3ubuntu0.16_amd64.deb	true	true	true	proxy_access_log
focal-to-jammy	python3-dnspython	2.1.0-1ubuntu1	all	dnspython	python3-dnspython_2.1.0-1ubuntu1_all.deb	ap-northeast-2.ec2.archive.ubuntu.com		main	123058	b7477da8b47e3601baf98755f31a13859ad855393fea22b49b5d9613df43bf2d	http://ap-northeast-2.ec2.archive.ubuntu.com/ubuntu/pool/main/d/dnspython/python3-dnspython_2.1.0-1ubuntu1_all.deb	http://ap-northeast-2.ec2.archive.ubuntu.com/ubuntu/pool/main/d/dnspython/python3-dnspython_2.1.0-1ubuntu1_all.deb	true	true	true	proxy_access_log
focal-to-jammy	python3-httplib2	0.20.2-2ubuntu0.1	all	python-httplib2	python3-httplib2_0.20.2-2ubuntu0.1_all.deb	ap-northeast-2.ec2.archive.ubuntu.com		main	33428	e8d475d592c978f4ed9ca4102170842d6a4c16fe331211c2610c33e7ac3651ca	http://ap-northeast-2.ec2.archive.ubuntu.com/ubuntu/pool/main/p/python-httplib2/python3-httplib2_0.20.2-2ubuntu0.1_all.deb	http://ap-northeast-2.ec2.archive.ubuntu.com/ubuntu/pool/main/p/python-httplib2/python3-httplib2_0.20.2-2ubuntu0.1_all.deb	true	true	true	proxy_access_log
focal-to-jammy	wget	1.21.2-2ubuntu1.5	amd64	wget	wget_1.21.2-2ubuntu1.5_amd64.deb	ap-northeast-2.ec2.archive.ubuntu.com		main	338814	03530cc4b711b262700695a545a3494671e563ced8063c6f3f5f1d4595894f2c	http://ap-northeast-2.ec2.archive.ubuntu.com/ubuntu/pool/main/w/wget/wget_1.21.2-2ubuntu1.5_amd64.deb	http://ap-northeast-2.ec2.archive.ubuntu.com/ubuntu/pool/main/w/wget/wget_1.21.2-2ubuntu1.5_amd64.deb	true	true	true	proxy_access_log
focal-to-jammy	curl	7.81.0-1ubuntu1.27	amd64	curl	curl_7.81.0-1ubuntu1.27_amd64.deb	ap-northeast-2.ec2.archive.ubuntu.com		main	194114	24510ec9bfcb28d2297964ddd79233dd7c0a1e41aaec59004753bf07a483255a	http://ap-northeast-2.ec2.archive.ubuntu.com/ubuntu/pool/main/c/curl/curl_7.81.0-1ubuntu1.27_amd64.deb	http://ap-northeast-2.ec2.archive.ubuntu.com/ubuntu/pool/main/c/curl/curl_7.81.0-1ubuntu1.27_amd64.deb	true	true	true	proxy_access_log
focal-to-jammy	libcurl4	7.81.0-1ubuntu1.27	amd64	curl	libcurl4_7.81.0-1ubuntu1.27_amd64.deb	ap-northeast-2.ec2.archive.ubuntu.com		main	291746	da283ae12304da05c2b90b51ec6e1715554dc54d9d4f46318103ff0f14beba5d	http://ap-northeast-2.ec2.archive.ubuntu.com/ubuntu/pool/main/c/curl/libcurl4_7.81.0-1ubuntu1.27_amd64.deb	http://ap-northeast-2.ec2.archive.ubuntu.com/ubuntu/pool/main/c/curl/libcurl4_7.81.0-1ubuntu1.27_amd64.deb	true	true	true	proxy_access_log
focal-to-jammy	ieee-data	20210605.1	all	ieee-data	ieee-data_20210605.1_all.deb	ap-northeast-2.ec2.archive.ubuntu.com		main	1887104	ebf93503ede1b5da9ea6171011685ac7800cef982340cc7b6e32412035727425	http://ap-northeast-2.ec2.archive.ubuntu.com/ubuntu/pool/main/i/ieee-data/ieee-data_20210605.1_all.deb	http://ap-northeast-2.ec2.archive.ubuntu.com/ubuntu/pool/main/i/ieee-data/ieee-data_20210605.1_all.deb	true	true	true	proxy_access_log
focal-to-jammy	python3-netaddr	0.8.0-2	all	python-netaddr	python3-netaddr_0.8.0-2_all.deb	ap-northeast-2.ec2.archive.ubuntu.com		main	308658	64c152007d9f1c424a50895f632a815faf5aa3bd477c91a6c759cc8ee8f42a94	http://ap-northeast-2.ec2.archive.ubuntu.com/ubuntu/pool/main/p/python-netaddr/python3-netaddr_0.8.0-2_all.deb	http://ap-northeast-2.ec2.archive.ubuntu.com/ubuntu/pool/main/p/python-netaddr/python3-netaddr_0.8.0-2_all.deb	true	true	true	proxy_access_log
focal-to-jammy	libksba8	1.6.0-2ubuntu0.2	amd64	libksba	libksba8_1.6.0-2ubuntu0.2_amd64.deb	ap-northeast-2.ec2.archive.ubuntu.com		main	118888	e0ade9d2a2610082c975d47ac3a2c6cc0b5c9f4bb1af3973e4cdd28aa9696524	http://ap-northeast-2.ec2.archive.ubuntu.com/ubuntu/pool/main/libk/libksba/libksba8_1.6.0-2ubuntu0.2_amd64.deb	http://ap-northeast-2.ec2.archive.ubuntu.com/ubuntu/pool/main/libk/libksba/libksba8_1.6.0-2ubuntu0.2_amd64.deb	true	true	true	proxy_access_log
focal-to-jammy	libassuan0	2.5.5-1build1	amd64	libassuan	libassuan0_2.5.5-1build1_amd64.deb	ap-northeast-2.ec2.archive.ubuntu.com		main	38238	5a7533e3e6d9ba4f0bee94c76de4e7947da87e3cc573cbf31d7e8e0a5640d024	http://ap-northeast-2.ec2.archive.ubuntu.com/ubuntu/pool/main/liba/libassuan/libassuan0_2.5.5-1build1_amd64.deb	http://ap-northeast-2.ec2.archive.ubuntu.com/ubuntu/pool/main/liba/libassuan/libassuan0_2.5.5-1build1_amd64.deb	true	true	true	proxy_access_log
focal-to-jammy	pinentry-curses	1.1.1-1build2	amd64	pinentry	pinentry-curses_1.1.1-1build2_amd64.deb	ap-northeast-2.ec2.archive.ubuntu.com		main	34418	d748bd33bee1f689d9fa98eb1896cdf358cf6758aee985c4609263406383cbfb	http://ap-northeast-2.ec2.archive.ubuntu.com/ubuntu/pool/main/p/pinentry/pinentry-curses_1.1.1-1build2_amd64.deb	http://ap-northeast-2.ec2.archive.ubuntu.com/ubuntu/pool/main/p/pinentry/pinentry-curses_1.1.1-1build2_amd64.deb	true	true	true	proxy_access_log
focal-to-jammy	libnpth0	1.6-3build2	amd64	npth	libnpth0_1.6-3build2_amd64.deb	ap-northeast-2.ec2.archive.ubuntu.com		main	8664	e6e05ed1c4ccfbdc4ca3af2696dadbd0313b5287221ecafa306911da6fbbf89a	http://ap-northeast-2.ec2.archive.ubuntu.com/ubuntu/pool/main/n/npth/libnpth0_1.6-3build2_amd64.deb	http://ap-northeast-2.ec2.archive.ubuntu.com/ubuntu/pool/main/n/npth/libnpth0_1.6-3build2_amd64.deb	true	true	true	proxy_access_log
focal-to-jammy	gpgv	2.2.27-3ubuntu2.5	amd64	gnupg2	gpgv_2.2.27-3ubuntu2.5_amd64.deb	ap-northeast-2.ec2.archive.ubuntu.com		main	137170	9eae9cfdadad7a40d654f81e39102c401fcd4845b9ccd2af1d111c770025d566	http://ap-northeast-2.ec2.archive.ubuntu.com/ubuntu/pool/main/g/gnupg2/gpgv_2.2.27-3ubuntu2.5_amd64.deb	http://ap-northeast-2.ec2.archive.ubuntu.com/ubuntu/pool/main/g/gnupg2/gpgv_2.2.27-3ubuntu2.5_amd64.deb	true	true	true	proxy_access_log
focal-to-jammy	libxxhash0	0.8.1-1	amd64	xxhash	libxxhash0_0.8.1-1_amd64.deb	ap-northeast-2.ec2.archive.ubuntu.com		main	27258	71cf4300213c7ce65deadf37a21dc250d8162cdf1e41d7fda1e279a390051169	http://ap-northeast-2.ec2.archive.ubuntu.com/ubuntu/pool/main/x/xxhash/libxxhash0_0.8.1-1_amd64.deb	http://ap-northeast-2.ec2.archive.ubuntu.com/ubuntu/pool/main/x/xxhash/libxxhash0_0.8.1-1_amd64.deb	true	true	true	proxy_access_log
focal-to-jammy	libapt-pkg6.0	2.4.14	amd64	apt	libapt-pkg6.0_2.4.14_amd64.deb	ap-northeast-2.ec2.archive.ubuntu.com		main	912066	0cc17a8dce1d3a9247a17f653476637f0898cea897875b726157418b16fe6b6e	http://ap-northeast-2.ec2.archive.ubuntu.com/ubuntu/pool/main/a/apt/libapt-pkg6.0_2.4.14_amd64.deb	http://ap-northeast-2.ec2.archive.ubuntu.com/ubuntu/pool/main/a/apt/libapt-pkg6.0_2.4.14_amd64.deb	true	true	true	proxy_access_log
focal-to-jammy	python-apt-common	2.4.0ubuntu4.1	all	python-apt	python-apt-common_2.4.0ubuntu4.1_all.deb	ap-northeast-2.ec2.archive.ubuntu.com		main	14678	ef8e97c20259acf5ab962b6d37a0532f64d8f6730b24be66011478407f5ec93e	http://ap-northeast-2.ec2.archive.ubuntu.com/ubuntu/pool/main/p/python-apt/python-apt-common_2.4.0ubuntu4.1_all.deb	http://ap-northeast-2.ec2.archive.ubuntu.com/ubuntu/pool/main/p/python-apt/python-apt-common_2.4.0ubuntu4.1_all.deb	true	true	true	proxy_access_log
focal-to-jammy	python2.7-dev	2.7.18-13ubuntu1.5	amd64	python2.7	python2.7-dev_2.7.18-13ubuntu1.5_amd64.deb	ap-northeast-2.ec2.archive.ubuntu.com		universe	286712	404af6e7d5c5c99e4185e0aa101fa37e339226c64b36ae325bbdd352f9708bf6	http://ap-northeast-2.ec2.archive.ubuntu.com/ubuntu/pool/universe/p/python2.7/python2.7-dev_2.7.18-13ubuntu1.5_amd64.deb	http://ap-northeast-2.ec2.archive.ubuntu.com/ubuntu/pool/universe/p/python2.7/python2.7-dev_2.7.18-13ubuntu1.5_amd64.deb	true	true	true	proxy_access_log
focal-to-jammy	python2.7	2.7.18-13ubuntu1.5	amd64	python2.7	python2.7_2.7.18-13ubuntu1.5_amd64.deb	ap-northeast-2.ec2.archive.ubuntu.com		universe	249634	0c12835681e579433219742851204ab9a304d47e3980024f7701eaff7897fa4b	http://ap-northeast-2.ec2.archive.ubuntu.com/ubuntu/pool/universe/p/python2.7/python2.7_2.7.18-13ubuntu1.5_amd64.deb	http://ap-northeast-2.ec2.archive.ubuntu.com/ubuntu/pool/universe/p/python2.7/python2.7_2.7.18-13ubuntu1.5_amd64.deb	true	true	true	proxy_access_log
focal-to-jammy	libpython2.7-dev	2.7.18-13ubuntu1.5	amd64	python2.7	libpython2.7-dev_2.7.18-13ubuntu1.5_amd64.deb	ap-northeast-2.ec2.archive.ubuntu.com		universe	2514454	cf1f862c7fafda4a7dfe081b4094f7c2bbc3b64697917d3a4c3f4fda3f3b9dfb	http://ap-northeast-2.ec2.archive.ubuntu.com/ubuntu/pool/universe/p/python2.7/libpython2.7-dev_2.7.18-13ubuntu1.5_amd64.deb	http://ap-northeast-2.ec2.archive.ubuntu.com/ubuntu/pool/universe/p/python2.7/libpython2.7-dev_2.7.18-13ubuntu1.5_amd64.deb	true	true	true	proxy_access_log
focal-to-jammy	libpython2.7	2.7.18-13ubuntu1.5	amd64	python2.7	libpython2.7_2.7.18-13ubuntu1.5_amd64.deb	ap-northeast-2.ec2.archive.ubuntu.com		universe	1163522	32a3fd531225bf812e3d441d5c10afb0ccbd9f42f34baf321eacc5cd0b22728c	http://ap-northeast-2.ec2.archive.ubuntu.com/ubuntu/pool/universe/p/python2.7/libpython2.7_2.7.18-13ubuntu1.5_amd64.deb	http://ap-northeast-2.ec2.archive.ubuntu.com/ubuntu/pool/universe/p/python2.7/libpython2.7_2.7.18-13ubuntu1.5_amd64.deb	true	true	true	proxy_access_log
focal-to-jammy	libpython2.7-stdlib	2.7.18-13ubuntu1.5	amd64	python2.7	libpython2.7-stdlib_2.7.18-13ubuntu1.5_amd64.deb	ap-northeast-2.ec2.archive.ubuntu.com		universe	1977332	1098942dda0aabbc0391dff376ae1db98afce223ccb86da0cebdddcb10aa6f69	http://ap-northeast-2.ec2.archive.ubuntu.com/ubuntu/pool/universe/p/python2.7/libpython2.7-stdlib_2.7.18-13ubuntu1.5_amd64.deb	http://ap-northeast-2.ec2.archive.ubuntu.com/ubuntu/pool/universe/p/python2.7/libpython2.7-stdlib_2.7.18-13ubuntu1.5_amd64.deb	true	true	true	proxy_access_log
focal-to-jammy	python2.7-minimal	2.7.18-13ubuntu1.5	amd64	python2.7	python2.7-minimal_2.7.18-13ubuntu1.5_amd64.deb	ap-northeast-2.ec2.archive.ubuntu.com		universe	1400042	5a8cc3e4ad31e2f5ada7c8be8131a577044a779d4b0c81ba31ae46b76ce758de	http://ap-northeast-2.ec2.archive.ubuntu.com/ubuntu/pool/universe/p/python2.7/python2.7-minimal_2.7.18-13ubuntu1.5_amd64.deb	http://ap-northeast-2.ec2.archive.ubuntu.com/ubuntu/pool/universe/p/python2.7/python2.7-minimal_2.7.18-13ubuntu1.5_amd64.deb	true	true	true	proxy_access_log
focal-to-jammy	libpython2.7-minimal	2.7.18-13ubuntu1.5	amd64	python2.7	libpython2.7-minimal_2.7.18-13ubuntu1.5_amd64.deb	ap-northeast-2.ec2.archive.ubuntu.com		universe	347366	350c720e95475850b1838e11320de5461c58f8aeafb923b935e9ae54b7731aae	http://ap-northeast-2.ec2.archive.ubuntu.com/ubuntu/pool/universe/p/python2.7/libpython2.7-minimal_2.7.18-13ubuntu1.5_amd64.deb	http://ap-northeast-2.ec2.archive.ubuntu.com/ubuntu/pool/universe/p/python2.7/libpython2.7-minimal_2.7.18-13ubuntu1.5_amd64.deb	true	true	true	proxy_access_log
focal-to-jammy	libpython2-stdlib	2.7.18-3	amd64	python-defaults	libpython2-stdlib_2.7.18-3_amd64.deb	ap-northeast-2.ec2.archive.ubuntu.com		universe	7432	19ad2a122a866ee893f6b7d2d41c1c33c7669c15f71bcc4e10844ff17718563f	http://ap-northeast-2.ec2.archive.ubuntu.com/ubuntu/pool/universe/p/python-defaults/libpython2-stdlib_2.7.18-3_amd64.deb	http://ap-northeast-2.ec2.archive.ubuntu.com/ubuntu/pool/universe/p/python-defaults/libpython2-stdlib_2.7.18-3_amd64.deb	true	true	true	proxy_access_log
focal-to-jammy	libpython-all-dev	2.7.18-3	amd64	python-defaults	libpython-all-dev_2.7.18-3_amd64.deb	ap-northeast-2.ec2.archive.ubuntu.com		universe	922	e1fa0056811913fbd774626b3735890b327d78b8186fdeb1173c7965e35952b1	http://ap-northeast-2.ec2.archive.ubuntu.com/ubuntu/pool/universe/p/python-defaults/libpython-all-dev_2.7.18-3_amd64.deb	http://ap-northeast-2.ec2.archive.ubuntu.com/ubuntu/pool/universe/p/python-defaults/libpython-all-dev_2.7.18-3_amd64.deb	true	true	true	proxy_access_log
focal-to-jammy	libpython2-dev	2.7.18-3	amd64	python-defaults	libpython2-dev_2.7.18-3_amd64.deb	ap-northeast-2.ec2.archive.ubuntu.com		universe	7512	93064e3c855ff1b8fd703c08528ec6327c843b3db5e14772bc35201de53240ce	http://ap-northeast-2.ec2.archive.ubuntu.com/ubuntu/pool/universe/p/python-defaults/libpython2-dev_2.7.18-3_amd64.deb	http://ap-northeast-2.ec2.archive.ubuntu.com/ubuntu/pool/universe/p/python-defaults/libpython2-dev_2.7.18-3_amd64.deb	true	true	true	proxy_access_log
focal-to-jammy	python3-debian	0.1.43ubuntu1.1	all	python-debian	python3-debian_0.1.43ubuntu1.1_all.deb	ap-northeast-2.ec2.archive.ubuntu.com		main	107064	280b92375d856f72cfe616bcbebc8965d7cd729c2753d045a695d1a7a36a6ba8	http://ap-northeast-2.ec2.archive.ubuntu.com/ubuntu/pool/main/p/python-debian/python3-debian_0.1.43ubuntu1.1_all.deb	http://ap-northeast-2.ec2.archive.ubuntu.com/ubuntu/pool/main/p/python-debian/python3-debian_0.1.43ubuntu1.1_all.deb	true	true	true	proxy_access_log
focal-to-jammy	python3-debconf	1.5.79ubuntu1	all	debconf	python3-debconf_1.5.79ubuntu1_all.deb	ap-northeast-2.ec2.archive.ubuntu.com		main	3914	44f1bd20aea263af1215f1bfbdcb3791a0ab0c884ac6f9d0fcc8ed16a542dc3c	http://ap-northeast-2.ec2.archive.ubuntu.com/ubuntu/pool/main/d/debconf/python3-debconf_1.5.79ubuntu1_all.deb	http://ap-northeast-2.ec2.archive.ubuntu.com/ubuntu/pool/main/d/debconf/python3-debconf_1.5.79ubuntu1_all.deb	true	true	true	proxy_access_log
focal-to-jammy	python3-distro-info	1.1ubuntu0.2	all	distro-info	python3-distro-info_1.1ubuntu0.2_all.deb	ap-northeast-2.ec2.archive.ubuntu.com		main	6554	6c6fcda041980cae6dfb92fb154d6910fda191457c5df7325e45dcb86c5429f8	http://ap-northeast-2.ec2.archive.ubuntu.com/ubuntu/pool/main/d/distro-info/python3-distro-info_1.1ubuntu0.2_all.deb	http://ap-northeast-2.ec2.archive.ubuntu.com/ubuntu/pool/main/d/distro-info/python3-distro-info_1.1ubuntu0.2_all.deb	true	true	true	proxy_access_log
focal-to-jammy	lto-disabled-list	24	all	lto-disabled-list	lto-disabled-list_24_all.deb	ap-northeast-2.ec2.archive.ubuntu.com		main	12504	c7fed2763b58cec1bc2749e696629ea57aac1d2aa2e231f90ccb16a8a61b16a6	http://ap-northeast-2.ec2.archive.ubuntu.com/ubuntu/pool/main/l/lto-disabled-list/lto-disabled-list_24_all.deb	http://ap-northeast-2.ec2.archive.ubuntu.com/ubuntu/pool/main/l/lto-disabled-list/lto-disabled-list_24_all.deb	true	true	true	proxy_access_log
focal-to-jammy	xz-utils	5.2.5-2ubuntu1.1	amd64	xz-utils	xz-utils_5.2.5-2ubuntu1.1_amd64.deb	ap-northeast-2.ec2.archive.ubuntu.com		main	84826	012652d4f76a08bfc6badf6a37c6da4c4e4a9f78b8c1560951750a74d700405c	http://ap-northeast-2.ec2.archive.ubuntu.com/ubuntu/pool/main/x/xz-utils/xz-utils_5.2.5-2ubuntu1.1_amd64.deb	http://ap-northeast-2.ec2.archive.ubuntu.com/ubuntu/pool/main/x/xz-utils/xz-utils_5.2.5-2ubuntu1.1_amd64.deb	true	true	true	proxy_access_log
focal-to-jammy	make	4.3-4.1build1	amd64	make-dfsg	make_4.3-4.1build1_amd64.deb	ap-northeast-2.ec2.archive.ubuntu.com		main	179742	080b79a1a1623a2e6c6eead37d62b15fdf2c3dbfeafe8ecf5e31c54eb09eadcc	http://ap-northeast-2.ec2.archive.ubuntu.com/ubuntu/pool/main/m/make-dfsg/make_4.3-4.1build1_amd64.deb	http://ap-northeast-2.ec2.archive.ubuntu.com/ubuntu/pool/main/m/make-dfsg/make_4.3-4.1build1_amd64.deb	true	true	true	proxy_access_log
focal-to-jammy	libctf0	2.38-4ubuntu2.12	amd64	binutils	libctf0_2.38-4ubuntu2.12_amd64.deb	ap-northeast-2.ec2.archive.ubuntu.com		main	102954	fc893da8cdbbb5770eb382a0e63fde1e7aafdc948addefe80f285fb213307c5c	http://ap-northeast-2.ec2.archive.ubuntu.com/ubuntu/pool/main/b/binutils/libctf0_2.38-4ubuntu2.12_amd64.deb	http://ap-northeast-2.ec2.archive.ubuntu.com/ubuntu/pool/main/b/binutils/libctf0_2.38-4ubuntu2.12_amd64.deb	true	true	true	proxy_access_log
focal-to-jammy	libctf-nobfd0	2.38-4ubuntu2.12	amd64	binutils	libctf-nobfd0_2.38-4ubuntu2.12_amd64.deb	ap-northeast-2.ec2.archive.ubuntu.com		main	108424	3e4ce8f782bb8dc6f53f7fb6100d1278d5f68949a47cd62455399e576e35dae8	http://ap-northeast-2.ec2.archive.ubuntu.com/ubuntu/pool/main/b/binutils/libctf-nobfd0_2.38-4ubuntu2.12_amd64.deb	http://ap-northeast-2.ec2.archive.ubuntu.com/ubuntu/pool/main/b/binutils/libctf-nobfd0_2.38-4ubuntu2.12_amd64.deb	true	true	true	proxy_access_log
focal-to-jammy	libbinutils	2.38-4ubuntu2.12	amd64	binutils	libbinutils_2.38-4ubuntu2.12_amd64.deb	ap-northeast-2.ec2.archive.ubuntu.com		main	662922	c5a7c354cf986126edc80ec615c0041c19e5b554433857cc66858803d4552296	http://ap-northeast-2.ec2.archive.ubuntu.com/ubuntu/pool/main/b/binutils/libbinutils_2.38-4ubuntu2.12_amd64.deb	http://ap-northeast-2.ec2.archive.ubuntu.com/ubuntu/pool/main/b/binutils/libbinutils_2.38-4ubuntu2.12_amd64.deb	true	true	true	proxy_access_log
focal-to-jammy	binutils-common	2.38-4ubuntu2.12	amd64	binutils	binutils-common_2.38-4ubuntu2.12_amd64.deb	ap-northeast-2.ec2.archive.ubuntu.com		main	222756	53df914b289b688a0f75cbb6c26c5982f31f7ed951785fff2010ad8450249175	http://ap-northeast-2.ec2.archive.ubuntu.com/ubuntu/pool/main/b/binutils/binutils-common_2.38-4ubuntu2.12_amd64.deb	http://ap-northeast-2.ec2.archive.ubuntu.com/ubuntu/pool/main/b/binutils/binutils-common_2.38-4ubuntu2.12_amd64.deb	true	true	true	proxy_access_log
focal-to-jammy	binutils	2.38-4ubuntu2.12	amd64	binutils	binutils_2.38-4ubuntu2.12_amd64.deb	ap-northeast-2.ec2.archive.ubuntu.com		main	3184	7da8d527d9a4ba9b6fea5fe6126a98f81f538db3a4aaa4ced32d2a26761a4707	http://ap-northeast-2.ec2.archive.ubuntu.com/ubuntu/pool/main/b/binutils/binutils_2.38-4ubuntu2.12_amd64.deb	http://ap-northeast-2.ec2.archive.ubuntu.com/ubuntu/pool/main/b/binutils/binutils_2.38-4ubuntu2.12_amd64.deb	true	true	true	proxy_access_log
focal-to-jammy	binutils-x86-64-linux-gnu	2.38-4ubuntu2.12	amd64	binutils	binutils-x86-64-linux-gnu_2.38-4ubuntu2.12_amd64.deb	ap-northeast-2.ec2.archive.ubuntu.com		main	2323634	6752566855c79448f8173e61eacde2ef582299480f1abcf4c2ba7ce84718ef32	http://ap-northeast-2.ec2.archive.ubuntu.com/ubuntu/pool/main/b/binutils/binutils-x86-64-linux-gnu_2.38-4ubuntu2.12_amd64.deb	http://ap-northeast-2.ec2.archive.ubuntu.com/ubuntu/pool/main/b/binutils/binutils-x86-64-linux-gnu_2.38-4ubuntu2.12_amd64.deb	true	true	true	proxy_access_log
focal-to-jammy	dpkg-dev	1.21.1ubuntu2.6	all	dpkg	dpkg-dev_1.21.1ubuntu2.6_all.deb	ap-northeast-2.ec2.archive.ubuntu.com		main	921736	02d16cdbb018aad5d829f65ff2d6faac90ea1d9dece91ce0b435bd8510481c75	http://ap-northeast-2.ec2.archive.ubuntu.com/ubuntu/pool/main/d/dpkg/dpkg-dev_1.21.1ubuntu2.6_all.deb	http://ap-northeast-2.ec2.archive.ubuntu.com/ubuntu/pool/main/d/dpkg/dpkg-dev_1.21.1ubuntu2.6_all.deb	true	true	true	proxy_access_log
focal-to-jammy	libdpkg-perl	1.21.1ubuntu2.6	all	dpkg	libdpkg-perl_1.21.1ubuntu2.6_all.deb	ap-northeast-2.ec2.archive.ubuntu.com		main	236718	5cea0fc1b24772bbda3cdcf9acfd6caefb2d03d1136616f3d5b4cd8caf71eb19	http://ap-northeast-2.ec2.archive.ubuntu.com/ubuntu/pool/main/d/dpkg/libdpkg-perl_1.21.1ubuntu2.6_all.deb	http://ap-northeast-2.ec2.archive.ubuntu.com/ubuntu/pool/main/d/dpkg/libdpkg-perl_1.21.1ubuntu2.6_all.deb	true	true	true	proxy_access_log
focal-to-jammy	patch	2.7.6-7build2	amd64	patch	patch_2.7.6-7build2_amd64.deb	ap-northeast-2.ec2.archive.ubuntu.com		main	108562	e39822d3f8633220093c0353e9aa92caba541e282aef9214fa85e2f107a4b397	http://ap-northeast-2.ec2.archive.ubuntu.com/ubuntu/pool/main/p/patch/patch_2.7.6-7build2_amd64.deb	http://ap-northeast-2.ec2.archive.ubuntu.com/ubuntu/pool/main/p/patch/patch_2.7.6-7build2_amd64.deb	true	true	true	proxy_access_log
focal-to-jammy	ubuntu-release-upgrader-core	22.04.21	all	ubuntu-release-upgrader-core	ubuntu-release-upgrader-core_22.04.21_all.deb	ap-northeast-2.ec2.archive.ubuntu.com		main	26312	205d6734543ffc56a7ae912ddab125ba758584d510baab22f78ff3e5fcf15e95	http://ap-northeast-2.ec2.archive.ubuntu.com/ubuntu/pool/main/u/ubuntu-release-upgrader/ubuntu-release-upgrader-core_22.04.21_all.deb	http://ap-northeast-2.ec2.archive.ubuntu.com/ubuntu/pool/main/u/ubuntu-release-upgrader/ubuntu-release-upgrader-core_22.04.21_all.deb	true	true	true	proxy_access_log
focal-to-jammy	update-manager-core	22.04.22	all	update-manager-core	update-manager-core_22.04.22_all.deb	ap-northeast-2.ec2.archive.ubuntu.com		main	11552	cd90553436902812d6d7a72347f6a49d8c42ebcfc619b1c5e53fde7e5c78b3e9	http://ap-northeast-2.ec2.archive.ubuntu.com/ubuntu/pool/main/u/update-manager/update-manager-core_22.04.22_all.deb	http://ap-northeast-2.ec2.archive.ubuntu.com/ubuntu/pool/main/u/update-manager/update-manager-core_22.04.22_all.deb	true	true	true	proxy_access_log
focal-to-jammy	python3-update-manager	22.04.22	all	python3-update-manager	python3-update-manager_22.04.22_all.deb	ap-northeast-2.ec2.archive.ubuntu.com		main	39224	a0e02c0cd647a4a2d8a2989f5eeb0067f72e4277abdff84a22e5aaeccd8863cf	http://ap-northeast-2.ec2.archive.ubuntu.com/ubuntu/pool/main/u/update-manager/python3-update-manager_22.04.22_all.deb	http://ap-northeast-2.ec2.archive.ubuntu.com/ubuntu/pool/main/u/update-manager/python3-update-manager_22.04.22_all.deb	true	true	true	proxy_access_log
focal-to-jammy	python3-distupgrade	22.04.21	all	python3-distupgrade	python3-distupgrade_22.04.21_all.deb	ap-northeast-2.ec2.archive.ubuntu.com		main	106660	9961fc3df671ed95f7d23271f37338f4536f4b50adf3c0bd489bd828dc86fdbe	http://ap-northeast-2.ec2.archive.ubuntu.com/ubuntu/pool/main/u/ubuntu-release-upgrader/python3-distupgrade_22.04.21_all.deb	http://ap-northeast-2.ec2.archive.ubuntu.com/ubuntu/pool/main/u/ubuntu-release-upgrader/python3-distupgrade_22.04.21_all.deb	true	true	true	proxy_access_log
focal-to-jammy	ubuntu-pro-client-l10n	37.2ubuntu%7e22.04.1	amd64	ubuntu-pro-client-l10n	ubuntu-pro-client-l10n_37.2ubuntu%7e22.04.1_amd64.deb	ap-northeast-2.ec2.archive.ubuntu.com		main	1384	4115c715ca921af95a450000975ce9fe460918b266ab7007ac230e9c0da7c49f	http://ap-northeast-2.ec2.archive.ubuntu.com/ubuntu/pool/main/u/ubuntu-advantage-tools/ubuntu-pro-client-l10n_37.2ubuntu%7e22.04.1_amd64.deb	http://ap-northeast-2.ec2.archive.ubuntu.com/ubuntu/pool/main/u/ubuntu-advantage-tools/ubuntu-pro-client-l10n_37.2ubuntu%7e22.04.1_amd64.deb	true	true	true	proxy_access_log
focal-to-jammy	ubuntu-pro-client	37.2ubuntu%7e22.04.1	amd64	ubuntu-pro-client	ubuntu-pro-client_37.2ubuntu%7e22.04.1_amd64.deb	ap-northeast-2.ec2.archive.ubuntu.com		main	237924	dc826898dbf506f7d8b2e447ab3dfdc2018a988e93cc7f90b93548dcb963ad0e	http://ap-northeast-2.ec2.archive.ubuntu.com/ubuntu/pool/main/u/ubuntu-advantage-tools/ubuntu-pro-client_37.2ubuntu%7e22.04.1_amd64.deb	http://ap-northeast-2.ec2.archive.ubuntu.com/ubuntu/pool/main/u/ubuntu-advantage-tools/ubuntu-pro-client_37.2ubuntu%7e22.04.1_amd64.deb	true	true	true	proxy_access_log
focal-to-jammy	ubuntu-advantage-tools	37.2ubuntu%7e22.04.1	all	ubuntu-advantage-tools	ubuntu-advantage-tools_37.2ubuntu%7e22.04.1_all.deb	ap-northeast-2.ec2.archive.ubuntu.com		main	10912	7bfdd8d9c71bf829cb1ba4d8a598d63e1045313df7031dbd537c52a916e2466e	http://ap-northeast-2.ec2.archive.ubuntu.com/ubuntu/pool/main/u/ubuntu-advantage-tools/ubuntu-advantage-tools_37.2ubuntu%7e22.04.1_all.deb	http://ap-northeast-2.ec2.archive.ubuntu.com/ubuntu/pool/main/u/ubuntu-advantage-tools/ubuntu-advantage-tools_37.2ubuntu%7e22.04.1_all.deb	true	true	true	proxy_access_log
focal-to-jammy	debconf	1.5.79ubuntu1	all	debconf	debconf_1.5.79ubuntu1_all.deb	ap-northeast-2.ec2.archive.ubuntu.com		main	126202	395a65b3a9539304391456d4d0e5531f4249f297b6e67eb0fcaf2ff77ddc3dc3	http://ap-northeast-2.ec2.archive.ubuntu.com/ubuntu/pool/main/d/debconf/debconf_1.5.79ubuntu1_all.deb	http://ap-northeast-2.ec2.archive.ubuntu.com/ubuntu/pool/main/d/debconf/debconf_1.5.79ubuntu1_all.deb	true	true	true	proxy_access_log
focal-to-jammy	update-notifier-common	3.192.54.8	all	update-notifier	update-notifier-common_3.192.54.8_all.deb	ap-northeast-2.ec2.archive.ubuntu.com		main	185124	b032fbf5a0d59e4656db2bb8362e334e31f99a85eb20c2e4d31e13b80bfa9dc4	http://ap-northeast-2.ec2.archive.ubuntu.com/ubuntu/pool/main/u/update-notifier/update-notifier-common_3.192.54.8_all.deb	http://ap-northeast-2.ec2.archive.ubuntu.com/ubuntu/pool/main/u/update-notifier/update-notifier-common_3.192.54.8_all.deb	true	true	true	proxy_access_log
focal-to-jammy	python3-problem-report	2.20.11-0ubuntu82.10	all	apport	python3-problem-report_2.20.11-0ubuntu82.10_all.deb	ap-northeast-2.ec2.archive.ubuntu.com		main	11396	f7cc6a2f5ebf2ed2593840d3e4267056acd7e3e337ca3535012722c42b641328	http://ap-northeast-2.ec2.archive.ubuntu.com/ubuntu/pool/main/a/apport/python3-problem-report_2.20.11-0ubuntu82.10_all.deb	http://ap-northeast-2.ec2.archive.ubuntu.com/ubuntu/pool/main/a/apport/python3-problem-report_2.20.11-0ubuntu82.10_all.deb	true	true	true	proxy_access_log
focal-to-jammy	python3-more-itertools	8.10.0-2	all	more-itertools	python3-more-itertools_8.10.0-2_all.deb	ap-northeast-2.ec2.archive.ubuntu.com		main	47908	acf021afdac9553e0b1d45ea8d3012be3830cf80df7907d78d17e90dee904b3e	http://ap-northeast-2.ec2.archive.ubuntu.com/ubuntu/pool/main/m/more-itertools/python3-more-itertools_8.10.0-2_all.deb	http://ap-northeast-2.ec2.archive.ubuntu.com/ubuntu/pool/main/m/more-itertools/python3-more-itertools_8.10.0-2_all.deb	true	true	true	proxy_access_log
focal-to-jammy	python3-zipp	1.0.0-3ubuntu0.1	all	python-zipp	python3-zipp_1.0.0-3ubuntu0.1_all.deb	ap-northeast-2.ec2.archive.ubuntu.com		main	6288	65baee4eaa0ff256c3d63644833fc83812bd669e8fd7a093bb4936c802a31429	http://ap-northeast-2.ec2.archive.ubuntu.com/ubuntu/pool/main/p/python-zipp/python3-zipp_1.0.0-3ubuntu0.1_all.deb	http://ap-northeast-2.ec2.archive.ubuntu.com/ubuntu/pool/main/p/python-zipp/python3-zipp_1.0.0-3ubuntu0.1_all.deb	true	true	true	proxy_access_log
focal-to-jammy	python3-importlib-metadata	4.6.4-1	all	python-importlib-metadata	python3-importlib-metadata_4.6.4-1_all.deb	ap-northeast-2.ec2.archive.ubuntu.com		main	16230	36091862c20f959e68da02b0d923613fbd2af3eccc3165c2d3b52cb339440237	http://ap-northeast-2.ec2.archive.ubuntu.com/ubuntu/pool/main/p/python-importlib-metadata/python3-importlib-metadata_4.6.4-1_all.deb	http://ap-northeast-2.ec2.archive.ubuntu.com/ubuntu/pool/main/p/python-importlib-metadata/python3-importlib-metadata_4.6.4-1_all.deb	true	true	true	proxy_access_log
focal-to-jammy	python3-jeepney	0.7.1-3	all	jeepney	python3-jeepney_0.7.1-3_all.deb	ap-northeast-2.ec2.archive.ubuntu.com		main	36774	bc608c8bf37b7d40b3b3ee7018efbcf2fa8ccfe64be303b2144e5ce9560dbc70	http://ap-northeast-2.ec2.archive.ubuntu.com/ubuntu/pool/main/j/jeepney/python3-jeepney_0.7.1-3_all.deb	http://ap-northeast-2.ec2.archive.ubuntu.com/ubuntu/pool/main/j/jeepney/python3-jeepney_0.7.1-3_all.deb	true	true	true	proxy_access_log
focal-to-jammy	python3-secretstorage	3.3.1-1	all	python-secretstorage	python3-secretstorage_3.3.1-1_all.deb	ap-northeast-2.ec2.archive.ubuntu.com		main	13200	32e9dd98817bab04ac752623ab9ffd53733d320042ed32561fa57b9e7e855031	http://ap-northeast-2.ec2.archive.ubuntu.com/ubuntu/pool/main/p/python-secretstorage/python3-secretstorage_3.3.1-1_all.deb	http://ap-northeast-2.ec2.archive.ubuntu.com/ubuntu/pool/main/p/python-secretstorage/python3-secretstorage_3.3.1-1_all.deb	true	true	true	proxy_access_log
focal-to-jammy	python3-keyring	23.5.0-1	all	python-keyring	python3-keyring_23.5.0-1_all.deb	ap-northeast-2.ec2.archive.ubuntu.com		main	35706	b76dd36c171348a67053dc1e1e54ff8ecf50d6060d4dffb0f740e21e6a16a1f5	http://ap-northeast-2.ec2.archive.ubuntu.com/ubuntu/pool/main/p/python-keyring/python3-keyring_23.5.0-1_all.deb	http://ap-northeast-2.ec2.archive.ubuntu.com/ubuntu/pool/main/p/python-keyring/python3-keyring_23.5.0-1_all.deb	true	true	true	proxy_access_log
focal-to-jammy	python3-lazr.uri	1.0.6-2	all	lazr.uri	python3-lazr.uri_1.0.6-2_all.deb	ap-northeast-2.ec2.archive.ubuntu.com		main	14392	afff7995e8bde81c4747cc074a87506ceb403ea145abdd8cec006d3b2430c02f	http://ap-northeast-2.ec2.archive.ubuntu.com/ubuntu/pool/main/l/lazr.uri/python3-lazr.uri_1.0.6-2_all.deb	http://ap-northeast-2.ec2.archive.ubuntu.com/ubuntu/pool/main/l/lazr.uri/python3-lazr.uri_1.0.6-2_all.deb	true	true	true	proxy_access_log
focal-to-jammy	python3-wadllib	1.3.6-1	all	python-wadllib	python3-wadllib_1.3.6-1_all.deb	ap-northeast-2.ec2.archive.ubuntu.com		main	36380	e6185d1d91d173ab10f0287e0d93688235c20b4534c6b3bbdc3a76dc95f569e2	http://ap-northeast-2.ec2.archive.ubuntu.com/ubuntu/pool/main/p/python-wadllib/python3-wadllib_1.3.6-1_all.deb	http://ap-northeast-2.ec2.archive.ubuntu.com/ubuntu/pool/main/p/python-wadllib/python3-wadllib_1.3.6-1_all.deb	true	true	true	proxy_access_log
focal-to-jammy	python3-distro	1.7.0-1	all	python-distro	python3-distro_1.7.0-1_all.deb	ap-northeast-2.ec2.archive.ubuntu.com		main	17008	6a5e72cf879d9e795cd4f4760fbb597d55def7e545344ba6f8876eec0c4c92c6	http://ap-northeast-2.ec2.archive.ubuntu.com/ubuntu/pool/main/p/python-distro/python3-distro_1.7.0-1_all.deb	http://ap-northeast-2.ec2.archive.ubuntu.com/ubuntu/pool/main/p/python-distro/python3-distro_1.7.0-1_all.deb	true	true	true	proxy_access_log
focal-to-jammy	python3-blinker	1.4%2bdfsg1-0.4	all	python3-blinker	python3-blinker_1.4%2bdfsg1-0.4_all.deb	ap-northeast-2.ec2.archive.ubuntu.com		main	14048	c0964a1414b9d4f8bf6d51895e08eba1d6df57f59ba2f571be1cf07ceb378a99	http://ap-northeast-2.ec2.archive.ubuntu.com/ubuntu/pool/main/b/blinker/python3-blinker_1.4%2bdfsg1-0.4_all.deb	http://ap-northeast-2.ec2.archive.ubuntu.com/ubuntu/pool/main/b/blinker/python3-blinker_1.4%2bdfsg1-0.4_all.deb	true	true	true	proxy_access_log
focal-to-jammy	python3-jwt	2.3.0-1ubuntu0.3	all	pyjwt	python3-jwt_2.3.0-1ubuntu0.3_all.deb	ap-northeast-2.ec2.archive.ubuntu.com		main	17260	456a4ee9e1ba141642af7cb33d7d9673f7807d9fbad9cdaf6ffa2294b5b42563	http://ap-northeast-2.ec2.archive.ubuntu.com/ubuntu/pool/main/p/pyjwt/python3-jwt_2.3.0-1ubuntu0.3_all.deb	http://ap-northeast-2.ec2.archive.ubuntu.com/ubuntu/pool/main/p/pyjwt/python3-jwt_2.3.0-1ubuntu0.3_all.deb	true	true	true	proxy_access_log
focal-to-jammy	python3-oauthlib	3.2.0-1ubuntu0.1	all	python-oauthlib	python3-oauthlib_3.2.0-1ubuntu0.1_all.deb	ap-northeast-2.ec2.archive.ubuntu.com		main	89942	db7e2ac9eae6f66583cd10bb2a890233a22bbef432d70433080076eacc901fa4	http://ap-northeast-2.ec2.archive.ubuntu.com/ubuntu/pool/main/p/python-oauthlib/python3-oauthlib_3.2.0-1ubuntu0.1_all.deb	http://ap-northeast-2.ec2.archive.ubuntu.com/ubuntu/pool/main/p/python-oauthlib/python3-oauthlib_3.2.0-1ubuntu0.1_all.deb	true	true	true	proxy_access_log
focal-to-jammy	python3-lazr.restfulclient	0.14.4-1	all	lazr.restfulclient	python3-lazr.restfulclient_0.14.4-1_all.deb	ap-northeast-2.ec2.archive.ubuntu.com		main	51236	85eaef8f43d5850a3a53fdcbc854b7ade90a85d6f88ad5fca4550adb7c1cce4c	http://ap-northeast-2.ec2.archive.ubuntu.com/ubuntu/pool/main/l/lazr.restfulclient/python3-lazr.restfulclient_0.14.4-1_all.deb	http://ap-northeast-2.ec2.archive.ubuntu.com/ubuntu/pool/main/l/lazr.restfulclient/python3-lazr.restfulclient_0.14.4-1_all.deb	true	true	true	proxy_access_log
focal-to-jammy	python3-launchpadlib	1.10.16-1	all	python-launchpadlib	python3-launchpadlib_1.10.16-1_all.deb	ap-northeast-2.ec2.archive.ubuntu.com		main	124818	9e1903fc74a0315be4994b27e6544d0c28492c0391dd794b59ec250c6cb60e1c	http://ap-northeast-2.ec2.archive.ubuntu.com/ubuntu/pool/main/p/python-launchpadlib/python3-launchpadlib_1.10.16-1_all.deb	http://ap-northeast-2.ec2.archive.ubuntu.com/ubuntu/pool/main/p/python-launchpadlib/python3-launchpadlib_1.10.16-1_all.deb	true	true	true	proxy_access_log
focal-to-jammy	python3-apport	2.20.11-0ubuntu82.10	all	apport	python3-apport_2.20.11-0ubuntu82.10_all.deb	ap-northeast-2.ec2.archive.ubuntu.com		main	89010	c7b83c7451e62c6eb3862f9c1f2164ee53445e079c2cf4ddbb971cbc16f4e2f6	http://ap-northeast-2.ec2.archive.ubuntu.com/ubuntu/pool/main/a/apport/python3-apport_2.20.11-0ubuntu82.10_all.deb	http://ap-northeast-2.ec2.archive.ubuntu.com/ubuntu/pool/main/a/apport/python3-apport_2.20.11-0ubuntu82.10_all.deb	true	true	true	proxy_access_log
focal-to-jammy	apport	2.20.11-0ubuntu82.10	all	apport	apport_2.20.11-0ubuntu82.10_all.deb	ap-northeast-2.ec2.archive.ubuntu.com		main	134666	08be5c47ffb95b7f819bb62161f0c14ab6506971ba6a6fffaf1441a488473f02	http://ap-northeast-2.ec2.archive.ubuntu.com/ubuntu/pool/main/a/apport/apport_2.20.11-0ubuntu82.10_all.deb	http://ap-northeast-2.ec2.archive.ubuntu.com/ubuntu/pool/main/a/apport/apport_2.20.11-0ubuntu82.10_all.deb	true	true	true	proxy_access_log
focal-to-jammy	gawk	5.1.0-1ubuntu0.2	amd64	gawk	gawk_5.1.0-1ubuntu0.2_amd64.deb	ap-northeast-2.ec2.archive.ubuntu.com		main	447160	d73a5621d0395f95ef595aba9983d56396165db89ab65997c1a55bf4957798f8	http://ap-northeast-2.ec2.archive.ubuntu.com/ubuntu/pool/main/g/gawk/gawk_5.1.0-1ubuntu0.2_amd64.deb	http://ap-northeast-2.ec2.archive.ubuntu.com/ubuntu/pool/main/g/gawk/gawk_5.1.0-1ubuntu0.2_amd64.deb	true	true	true	proxy_access_log
focal-to-jammy	bcache-tools	1.0.8-4ubuntu3	amd64	bcache-tools	bcache-tools_1.0.8-4ubuntu3_amd64.deb	ap-northeast-2.ec2.archive.ubuntu.com		main	20332	741502d68233c8cc98f4475d92d94ad5fbca1cd969768b8a252be3c5027cbf3a	http://ap-northeast-2.ec2.archive.ubuntu.com/ubuntu/pool/main/b/bcache-tools/bcache-tools_1.0.8-4ubuntu3_amd64.deb	http://ap-northeast-2.ec2.archive.ubuntu.com/ubuntu/pool/main/b/bcache-tools/bcache-tools_1.0.8-4ubuntu3_amd64.deb	true	true	true	proxy_access_log
focal-to-jammy	libevent-pthreads-2.1-7	2.1.12-stable-1build3	amd64	libevent	libevent-pthreads-2.1-7_2.1.12-stable-1build3_amd64.deb	ap-northeast-2.ec2.archive.ubuntu.com		main	7642	078211a125a9ef5a9c7d24eb441761cefde8812b69889f7cee96824b0dc66831	http://ap-northeast-2.ec2.archive.ubuntu.com/ubuntu/pool/main/libe/libevent/libevent-pthreads-2.1-7_2.1.12-stable-1build3_amd64.deb	http://ap-northeast-2.ec2.archive.ubuntu.com/ubuntu/pool/main/libe/libevent/libevent-pthreads-2.1-7_2.1.12-stable-1build3_amd64.deb	true	true	true	proxy_access_log
focal-to-jammy	libevent-core-2.1-7	2.1.12-stable-1build3	amd64	libevent	libevent-core-2.1-7_2.1.12-stable-1build3_amd64.deb	ap-northeast-2.ec2.archive.ubuntu.com		main	93926	9317ae74915b9e4372f7506fbd16ae2a021e0ead79a8d88f96dad49b87d94508	http://ap-northeast-2.ec2.archive.ubuntu.com/ubuntu/pool/main/libe/libevent/libevent-core-2.1-7_2.1.12-stable-1build3_amd64.deb	http://ap-northeast-2.ec2.archive.ubuntu.com/ubuntu/pool/main/libe/libevent/libevent-core-2.1-7_2.1.12-stable-1build3_amd64.deb	true	true	true	proxy_access_log
focal-to-jammy	libutempter0	1.2.1-2build2	amd64	libutempter	libutempter0_1.2.1-2build2_amd64.deb	ap-northeast-2.ec2.archive.ubuntu.com		main	8848	2c723c398879c7502cac4bdba4b2369e99c0bd822fc57158ffd07b1346f1ba91	http://ap-northeast-2.ec2.archive.ubuntu.com/ubuntu/pool/main/libu/libutempter/libutempter0_1.2.1-2build2_amd64.deb	http://ap-northeast-2.ec2.archive.ubuntu.com/ubuntu/pool/main/libu/libutempter/libutempter0_1.2.1-2build2_amd64.deb	true	true	true	proxy_access_log
focal-to-jammy	tmux	3.2a-4ubuntu0.2	amd64	tmux	tmux_3.2a-4ubuntu0.2_amd64.deb	ap-northeast-2.ec2.archive.ubuntu.com		main	428388	b51865a24b78d68459421ee68e1e35d53112d9c08c4e823b241141342efb21dd	http://ap-northeast-2.ec2.archive.ubuntu.com/ubuntu/pool/main/t/tmux/tmux_3.2a-4ubuntu0.2_amd64.deb	http://ap-northeast-2.ec2.archive.ubuntu.com/ubuntu/pool/main/t/tmux/tmux_3.2a-4ubuntu0.2_amd64.deb	true	true	true	proxy_access_log
focal-to-jammy	byobu	5.133-1	all	byobu	byobu_5.133-1_all.deb	ap-northeast-2.ec2.archive.ubuntu.com		main	104164	a10450f0099f47f22df0c29102f67ffdfdc972608dcc27a3b31b3045b9ae619c	http://ap-northeast-2.ec2.archive.ubuntu.com/ubuntu/pool/main/b/byobu/byobu_5.133-1_all.deb	http://ap-northeast-2.ec2.archive.ubuntu.com/ubuntu/pool/main/b/byobu/byobu_5.133-1_all.deb	true	true	true	proxy_access_log
focal-to-jammy	cloud-guest-utils	0.32-22-g45fe84a5-0ubuntu1	all	cloud-utils	cloud-guest-utils_0.32-22-g45fe84a5-0ubuntu1_all.deb	ap-northeast-2.ec2.archive.ubuntu.com		main	18496	b1069b47639cbc9642802385ddeee31a7b5ae003ae66fd3390712603d0034f23	http://ap-northeast-2.ec2.archive.ubuntu.com/ubuntu/pool/main/c/cloud-utils/cloud-guest-utils_0.32-22-g45fe84a5-0ubuntu1_all.deb	http://ap-northeast-2.ec2.archive.ubuntu.com/ubuntu/pool/main/c/cloud-utils/cloud-guest-utils_0.32-22-g45fe84a5-0ubuntu1_all.deb	true	true	true	proxy_access_log
focal-to-jammy	cloud-initramfs-copymods	0.47ubuntu1	all	cloud-initramfs-tools	cloud-initramfs-copymods_0.47ubuntu1_all.deb	ap-northeast-2.ec2.archive.ubuntu.com		main	4028	07a927ebba88c221f390653ace1a845eb3672681530d724b6f07ecf44d60cffb	http://ap-northeast-2.ec2.archive.ubuntu.com/ubuntu/pool/main/c/cloud-initramfs-tools/cloud-initramfs-copymods_0.47ubuntu1_all.deb	http://ap-northeast-2.ec2.archive.ubuntu.com/ubuntu/pool/main/c/cloud-initramfs-tools/cloud-initramfs-copymods_0.47ubuntu1_all.deb	true	true	true	proxy_access_log
focal-to-jammy	cloud-initramfs-dyn-netconf	0.47ubuntu1	all	cloud-initramfs-tools	cloud-initramfs-dyn-netconf_0.47ubuntu1_all.deb	ap-northeast-2.ec2.archive.ubuntu.com		main	6540	fb6049d817503b172f917d7f22b20f71900717903411b42729149a6ea4577896	http://ap-northeast-2.ec2.archive.ubuntu.com/ubuntu/pool/main/c/cloud-initramfs-tools/cloud-initramfs-dyn-netconf_0.47ubuntu1_all.deb	http://ap-northeast-2.ec2.archive.ubuntu.com/ubuntu/pool/main/c/cloud-initramfs-tools/cloud-initramfs-dyn-netconf_0.47ubuntu1_all.deb	true	true	true	proxy_access_log
focal-to-jammy	ethtool	5.16-1ubuntu0.2	amd64	ethtool	ethtool_5.16-1ubuntu0.2_amd64.deb	ap-northeast-2.ec2.archive.ubuntu.com		main	208180	62e2f73f33b1d6271cf8c72f5657be6748d74e454b41848fa8b15173b3df8454	http://ap-northeast-2.ec2.archive.ubuntu.com/ubuntu/pool/main/e/ethtool/ethtool_5.16-1ubuntu0.2_amd64.deb	http://ap-northeast-2.ec2.archive.ubuntu.com/ubuntu/pool/main/e/ethtool/ethtool_5.16-1ubuntu0.2_amd64.deb	true	true	true	proxy_access_log
focal-to-jammy	fonts-ubuntu-console	0.83-6ubuntu1	all	fonts-ubuntu	fonts-ubuntu-console_0.83-6ubuntu1_all.deb	ap-northeast-2.ec2.archive.ubuntu.com		main	19770	a05272029af6c31306f157e3e01aa08f2794217677ca51d2a0c2e1b46bd1afc4	http://ap-northeast-2.ec2.archive.ubuntu.com/ubuntu/pool/main/f/fonts-ubuntu/fonts-ubuntu-console_0.83-6ubuntu1_all.deb	http://ap-northeast-2.ec2.archive.ubuntu.com/ubuntu/pool/main/f/fonts-ubuntu/fonts-ubuntu-console_0.83-6ubuntu1_all.deb	true	true	true	proxy_access_log
focal-to-jammy	libnl-3-200	3.5.0-0.1	amd64	libnl3	libnl-3-200_3.5.0-0.1_amd64.deb	ap-northeast-2.ec2.archive.ubuntu.com		main	59070	4cd689b817d3e6453aa8f6d91d77d35db36dfc4507ab11e780adaabdc4e0bc35	http://ap-northeast-2.ec2.archive.ubuntu.com/ubuntu/pool/main/libn/libnl3/libnl-3-200_3.5.0-0.1_amd64.deb	http://ap-northeast-2.ec2.archive.ubuntu.com/ubuntu/pool/main/libn/libnl3/libnl-3-200_3.5.0-0.1_amd64.deb	true	true	true	proxy_access_log
focal-to-jammy	libnl-genl-3-200	3.5.0-0.1	amd64	libnl3	libnl-genl-3-200_3.5.0-0.1_amd64.deb	ap-northeast-2.ec2.archive.ubuntu.com		main	12412	3f73295eee7b9ef208f7272fdb604415778156e4597a25d600563967c15958ea	http://ap-northeast-2.ec2.archive.ubuntu.com/ubuntu/pool/main/libn/libnl3/libnl-genl-3-200_3.5.0-0.1_amd64.deb	http://ap-northeast-2.ec2.archive.ubuntu.com/ubuntu/pool/main/libn/libnl3/libnl-genl-3-200_3.5.0-0.1_amd64.deb	true	true	true	proxy_access_log
focal-to-jammy	htop	3.0.5-7build2	amd64	htop	htop_3.0.5-7build2_amd64.deb	ap-northeast-2.ec2.archive.ubuntu.com		main	128078	ce8362bb923d011c5ed8ed22022e31b73bc66ce02cb69281218ae96af80cf4df	http://ap-northeast-2.ec2.archive.ubuntu.com/ubuntu/pool/main/h/htop/htop_3.0.5-7build2_amd64.deb	http://ap-northeast-2.ec2.archive.ubuntu.com/ubuntu/pool/main/h/htop/htop_3.0.5-7build2_amd64.deb	true	true	true	proxy_access_log
focal-to-jammy	dmsetup	1.02.175-2.1ubuntu5	amd64	dmsetup	dmsetup_1.02.175-2.1ubuntu5_amd64.deb	ap-northeast-2.ec2.archive.ubuntu.com		main	81690	b9b57ee0fab65f52cedf18fb5da41e61948549814a97defd1a893029d7aef1c3	http://ap-northeast-2.ec2.archive.ubuntu.com/ubuntu/pool/main/l/lvm2/dmsetup_1.02.175-2.1ubuntu5_amd64.deb	http://ap-northeast-2.ec2.archive.ubuntu.com/ubuntu/pool/main/l/lvm2/dmsetup_1.02.175-2.1ubuntu5_amd64.deb	true	true	true	proxy_access_log
focal-to-jammy	libaio1	0.3.112-13build1	amd64	libaio	libaio1_0.3.112-13build1_amd64.deb	ap-northeast-2.ec2.archive.ubuntu.com		main	7176	2dcfe0b49d7cccfbf1bd6a3f627cf44bea9f51fb32f7e0e552a0df75698e0d27	http://ap-northeast-2.ec2.archive.ubuntu.com/ubuntu/pool/main/liba/libaio/libaio1_0.3.112-13build1_amd64.deb	http://ap-northeast-2.ec2.archive.ubuntu.com/ubuntu/pool/main/liba/libaio/libaio1_0.3.112-13build1_amd64.deb	true	true	true	proxy_access_log
focal-to-jammy	liblvm2cmd2.03	2.03.11-2.1ubuntu5	amd64	lvm2	liblvm2cmd2.03_2.03.11-2.1ubuntu5_amd64.deb	ap-northeast-2.ec2.archive.ubuntu.com		main	757144	1e1763da6675d0a46a8d47595b3723298015ede8f07e5eb3c1c71e25a2da27a6	http://ap-northeast-2.ec2.archive.ubuntu.com/ubuntu/pool/main/l/lvm2/liblvm2cmd2.03_2.03.11-2.1ubuntu5_amd64.deb	http://ap-northeast-2.ec2.archive.ubuntu.com/ubuntu/pool/main/l/lvm2/liblvm2cmd2.03_2.03.11-2.1ubuntu5_amd64.deb	true	true	true	proxy_access_log
focal-to-jammy	libdevmapper-event1.02.1	1.02.175-2.1ubuntu5	amd64	libdevmapper-event1.02.1	libdevmapper-event1.02.1_1.02.175-2.1ubuntu5_amd64.deb	ap-northeast-2.ec2.archive.ubuntu.com		main	12692	0ff7a3994ef519df149808cfb9202fc07cd3e626022fe5c8fe2e22da12ed5dce	http://ap-northeast-2.ec2.archive.ubuntu.com/ubuntu/pool/main/l/lvm2/libdevmapper-event1.02.1_1.02.175-2.1ubuntu5_amd64.deb	http://ap-northeast-2.ec2.archive.ubuntu.com/ubuntu/pool/main/l/lvm2/libdevmapper-event1.02.1_1.02.175-2.1ubuntu5_amd64.deb	true	true	true	proxy_access_log
focal-to-jammy	dmeventd	1.02.175-2.1ubuntu5	amd64	dmeventd	dmeventd_1.02.175-2.1ubuntu5_amd64.deb	ap-northeast-2.ec2.archive.ubuntu.com		main	38154	49fe0b73ed07b88522631985f271ee8c22ab8d3d273ea70cfd65d794f0dff73c	http://ap-northeast-2.ec2.archive.ubuntu.com/ubuntu/pool/main/l/lvm2/dmeventd_1.02.175-2.1ubuntu5_amd64.deb	http://ap-northeast-2.ec2.archive.ubuntu.com/ubuntu/pool/main/l/lvm2/dmeventd_1.02.175-2.1ubuntu5_amd64.deb	true	true	true	proxy_access_log
focal-to-jammy	lvm2	2.03.11-2.1ubuntu5	amd64	lvm2	lvm2_2.03.11-2.1ubuntu5_amd64.deb	ap-northeast-2.ec2.archive.ubuntu.com		main	1153956	425127a4eee2e9b4336e73dd78810168e0437c1d8962367a0fb81df16e01a25a	http://ap-northeast-2.ec2.archive.ubuntu.com/ubuntu/pool/main/l/lvm2/lvm2_2.03.11-2.1ubuntu5_amd64.deb	http://ap-northeast-2.ec2.archive.ubuntu.com/ubuntu/pool/main/l/lvm2/lvm2_2.03.11-2.1ubuntu5_amd64.deb	true	true	true	proxy_access_log
focal-to-jammy	mdadm	4.2-0ubuntu2	amd64	mdadm	mdadm_4.2-0ubuntu2_amd64.deb	ap-northeast-2.ec2.archive.ubuntu.com		main	463876	9703afdb50de2a17bc2629ed66ca855f818681e729264ea2d6d6c12edf5e9efc	http://ap-northeast-2.ec2.archive.ubuntu.com/ubuntu/pool/main/m/mdadm/mdadm_4.2-0ubuntu2_amd64.deb	http://ap-northeast-2.ec2.archive.ubuntu.com/ubuntu/pool/main/m/mdadm/mdadm_4.2-0ubuntu2_amd64.deb	true	true	true	proxy_access_log
focal-to-jammy	ubuntu-server	1.481.5	amd64	ubuntu-meta	ubuntu-server_1.481.5_amd64.deb	ap-northeast-2.ec2.archive.ubuntu.com		main	2844	166608c609e83cf8fd464acb06f1a15c73f9cfe7d8a2a9851f037c994e8947b4	http://ap-northeast-2.ec2.archive.ubuntu.com/ubuntu/pool/main/u/ubuntu-meta/ubuntu-server_1.481.5_amd64.deb	http://ap-northeast-2.ec2.archive.ubuntu.com/ubuntu/pool/main/u/ubuntu-meta/ubuntu-server_1.481.5_amd64.deb	true	true	true	proxy_access_log
focal-to-jammy	base-files	12ubuntu4.7	amd64	base-files	base-files_12ubuntu4.7_amd64.deb	ap-northeast-2.ec2.archive.ubuntu.com		main	61894	543f50e12da693710e1d606af61029fa599cde7eb0eaee2c0e34fa47848f4533	http://ap-northeast-2.ec2.archive.ubuntu.com/ubuntu/pool/main/b/base-files/base-files_12ubuntu4.7_amd64.deb	http://ap-northeast-2.ec2.archive.ubuntu.com/ubuntu/pool/main/b/base-files/base-files_12ubuntu4.7_amd64.deb	true	true	true	proxy_access_log
focal-to-jammy	motd-news-config	12ubuntu4.7	all	base-files	motd-news-config_12ubuntu4.7_all.deb	ap-northeast-2.ec2.archive.ubuntu.com		main	3822	9940fc9b46be5141363e2aa4672bce4a64d143fe50c9e9aa052ee53d8d0e041a	http://ap-northeast-2.ec2.archive.ubuntu.com/ubuntu/pool/main/b/base-files/motd-news-config_12ubuntu4.7_all.deb	http://ap-northeast-2.ec2.archive.ubuntu.com/ubuntu/pool/main/b/base-files/motd-news-config_12ubuntu4.7_all.deb	true	true	true	proxy_access_log
focal-to-jammy	liburcu8	0.13.1-1	amd64	liburcu	liburcu8_0.13.1-1_amd64.deb	ap-northeast-2.ec2.archive.ubuntu.com		main	56170	9a1b9c42513aa3b98fba048c97038ac29716a1bff0c3565ad8f56113683d2e81	http://ap-northeast-2.ec2.archive.ubuntu.com/ubuntu/pool/main/libu/liburcu/liburcu8_0.13.1-1_amd64.deb	http://ap-northeast-2.ec2.archive.ubuntu.com/ubuntu/pool/main/libu/liburcu/liburcu8_0.13.1-1_amd64.deb	true	true	true	proxy_access_log
focal-to-jammy	kpartx	0.8.8-1ubuntu1.22.04.4	amd64	multipath-tools	kpartx_0.8.8-1ubuntu1.22.04.4_amd64.deb	ap-northeast-2.ec2.archive.ubuntu.com		main	28774	465bd46104f7c64e973c627f3aba650bf6814d7fceeedafa56a3e3922fdc6fa6	http://ap-northeast-2.ec2.archive.ubuntu.com/ubuntu/pool/main/m/multipath-tools/kpartx_0.8.8-1ubuntu1.22.04.4_amd64.deb	http://ap-northeast-2.ec2.archive.ubuntu.com/ubuntu/pool/main/m/multipath-tools/kpartx_0.8.8-1ubuntu1.22.04.4_amd64.deb	true	true	true	proxy_access_log
focal-to-jammy	libsgutils2-2	1.46-1ubuntu0.22.04.1	amd64	sg3-utils	libsgutils2-2_1.46-1ubuntu0.22.04.1_amd64.deb	ap-northeast-2.ec2.archive.ubuntu.com		main	99004	df2118b1f7216c57f380e1eba46ffda10a51da3836092ed589d131738def6907	http://ap-northeast-2.ec2.archive.ubuntu.com/ubuntu/pool/main/s/sg3-utils/libsgutils2-2_1.46-1ubuntu0.22.04.1_amd64.deb	http://ap-northeast-2.ec2.archive.ubuntu.com/ubuntu/pool/main/s/sg3-utils/libsgutils2-2_1.46-1ubuntu0.22.04.1_amd64.deb	true	true	true	proxy_access_log
focal-to-jammy	sg3-utils	1.46-1ubuntu0.22.04.1	amd64	sg3-utils	sg3-utils_1.46-1ubuntu0.22.04.1_amd64.deb	ap-northeast-2.ec2.archive.ubuntu.com		main	840830	ba77b5459ffcda02029573a4d2f9c80b923d392c8968a3346cbc671a2ddeb59f	http://ap-northeast-2.ec2.archive.ubuntu.com/ubuntu/pool/main/s/sg3-utils/sg3-utils_1.46-1ubuntu0.22.04.1_amd64.deb	http://ap-northeast-2.ec2.archive.ubuntu.com/ubuntu/pool/main/s/sg3-utils/sg3-utils_1.46-1ubuntu0.22.04.1_amd64.deb	true	true	true	proxy_access_log
focal-to-jammy	sg3-utils-udev	1.46-1ubuntu0.22.04.1	all	sg3-utils	sg3-utils-udev_1.46-1ubuntu0.22.04.1_all.deb	ap-northeast-2.ec2.archive.ubuntu.com		main	5904	0866587bb5803439c03694b565fe0bbdd9564d592cbe29e84a7c75f1a4afcce2	http://ap-northeast-2.ec2.archive.ubuntu.com/ubuntu/pool/main/s/sg3-utils/sg3-utils-udev_1.46-1ubuntu0.22.04.1_all.deb	http://ap-northeast-2.ec2.archive.ubuntu.com/ubuntu/pool/main/s/sg3-utils/sg3-utils-udev_1.46-1ubuntu0.22.04.1_all.deb	true	true	true	proxy_access_log
focal-to-jammy	multipath-tools	0.8.8-1ubuntu1.22.04.4	amd64	multipath-tools	multipath-tools_0.8.8-1ubuntu1.22.04.4_amd64.deb	ap-northeast-2.ec2.archive.ubuntu.com		main	331150	a445b52a3301a21e7c1217ac6d862f87aceda00c6a2787b289c6cfbf1b883c23	http://ap-northeast-2.ec2.archive.ubuntu.com/ubuntu/pool/main/m/multipath-tools/multipath-tools_0.8.8-1ubuntu1.22.04.4_amd64.deb	http://ap-northeast-2.ec2.archive.ubuntu.com/ubuntu/pool/main/m/multipath-tools/multipath-tools_0.8.8-1ubuntu1.22.04.4_amd64.deb	true	true	true	proxy_access_log
focal-to-jammy	cryptsetup-initramfs	2.4.3-1ubuntu1.3	all	cryptsetup-initramfs	cryptsetup-initramfs_2.4.3-1ubuntu1.3_all.deb	ap-northeast-2.ec2.archive.ubuntu.com		main	25560	cf6c16f6acfd0d3dafccb74e6df154e93a08f45498c9bd2bd8c4117be40512dc	http://ap-northeast-2.ec2.archive.ubuntu.com/ubuntu/pool/main/c/cryptsetup/cryptsetup-initramfs_2.4.3-1ubuntu1.3_all.deb	http://ap-northeast-2.ec2.archive.ubuntu.com/ubuntu/pool/main/c/cryptsetup/cryptsetup-initramfs_2.4.3-1ubuntu1.3_all.deb	true	true	true	proxy_access_log
focal-to-jammy	cryptsetup-bin	2.4.3-1ubuntu1.3	amd64	cryptsetup-bin	cryptsetup-bin_2.4.3-1ubuntu1.3_amd64.deb	ap-northeast-2.ec2.archive.ubuntu.com		main	145296	4bf609a565b7d1b2bc6ca4f8d4349b629f5218111062803e0206654a9e3eb2e3	http://ap-northeast-2.ec2.archive.ubuntu.com/ubuntu/pool/main/c/cryptsetup/cryptsetup-bin_2.4.3-1ubuntu1.3_amd64.deb	http://ap-northeast-2.ec2.archive.ubuntu.com/ubuntu/pool/main/c/cryptsetup/cryptsetup-bin_2.4.3-1ubuntu1.3_amd64.deb	true	true	true	proxy_access_log
focal-to-jammy	cryptsetup	2.4.3-1ubuntu1.3	amd64	cryptsetup	cryptsetup_2.4.3-1ubuntu1.3_amd64.deb	ap-northeast-2.ec2.archive.ubuntu.com		main	193742	c0d09b0104df521a8949d4ae3e26e0e65917eb76f596d3372f58120fb80f6d9a	http://ap-northeast-2.ec2.archive.ubuntu.com/ubuntu/pool/main/c/cryptsetup/cryptsetup_2.4.3-1ubuntu1.3_amd64.deb	http://ap-northeast-2.ec2.archive.ubuntu.com/ubuntu/pool/main/c/cryptsetup/cryptsetup_2.4.3-1ubuntu1.3_amd64.deb	true	true	true	proxy_access_log
focal-to-jammy	overlayroot	0.47ubuntu1	all	cloud-initramfs-tools	overlayroot_0.47ubuntu1_all.deb	ap-northeast-2.ec2.archive.ubuntu.com		main	15696	6272c665dcf2b1523eb0248e5824957aaf7dc9cb5b9f7ef4c5c7a97e14829d21	http://ap-northeast-2.ec2.archive.ubuntu.com/ubuntu/pool/main/c/cloud-initramfs-tools/overlayroot_0.47ubuntu1_all.deb	http://ap-northeast-2.ec2.archive.ubuntu.com/ubuntu/pool/main/c/cloud-initramfs-tools/overlayroot_0.47ubuntu1_all.deb	true	true	true	proxy_access_log
focal-to-jammy	xxd	8.2.3995-1ubuntu2.36	amd64	xxd	xxd_8.2.3995-1ubuntu2.36_amd64.deb	ap-northeast-2.ec2.archive.ubuntu.com		main	51454	604b5215094112909cebbab13ccfa34500d46b19afa2f2e885342e5f576b7597	http://ap-northeast-2.ec2.archive.ubuntu.com/ubuntu/pool/main/v/vim/xxd_8.2.3995-1ubuntu2.36_amd64.deb	http://ap-northeast-2.ec2.archive.ubuntu.com/ubuntu/pool/main/v/vim/xxd_8.2.3995-1ubuntu2.36_amd64.deb	true	true	true	proxy_access_log
focal-to-jammy	vim	8.2.3995-1ubuntu2.36	amd64	vim	vim_8.2.3995-1ubuntu2.36_amd64.deb	ap-northeast-2.ec2.archive.ubuntu.com		main	1732620	967e244e5bbcc0a2064254992354fff7e46c047d6358ca932a4a799658a10612	http://ap-northeast-2.ec2.archive.ubuntu.com/ubuntu/pool/main/v/vim/vim_8.2.3995-1ubuntu2.36_amd64.deb	http://ap-northeast-2.ec2.archive.ubuntu.com/ubuntu/pool/main/v/vim/vim_8.2.3995-1ubuntu2.36_amd64.deb	true	true	true	proxy_access_log
focal-to-jammy	vim-tiny	8.2.3995-1ubuntu2.36	amd64	vim-tiny	vim-tiny_8.2.3995-1ubuntu2.36_amd64.deb	ap-northeast-2.ec2.archive.ubuntu.com		main	706836	6221242092d144b8dd0ce46a6bb4b5c4425bcb37c16b555a2c4a698ef208bbca	http://ap-northeast-2.ec2.archive.ubuntu.com/ubuntu/pool/main/v/vim/vim-tiny_8.2.3995-1ubuntu2.36_amd64.deb	http://ap-northeast-2.ec2.archive.ubuntu.com/ubuntu/pool/main/v/vim/vim-tiny_8.2.3995-1ubuntu2.36_amd64.deb	true	true	true	proxy_access_log
focal-to-jammy	vim-runtime	8.2.3995-1ubuntu2.36	all	vim-runtime	vim-runtime_8.2.3995-1ubuntu2.36_all.deb	ap-northeast-2.ec2.archive.ubuntu.com		main	6823882	1d0ec2c6627ee5ecca6c25ff08d305ea687af8165ec4f46e0247be1ca6e13a98	http://ap-northeast-2.ec2.archive.ubuntu.com/ubuntu/pool/main/v/vim/vim-runtime_8.2.3995-1ubuntu2.36_all.deb	http://ap-northeast-2.ec2.archive.ubuntu.com/ubuntu/pool/main/v/vim/vim-runtime_8.2.3995-1ubuntu2.36_all.deb	true	true	true	proxy_access_log
focal-to-jammy	libpython3.10	3.10.12-1%7e22.04.17	amd64	libpython3.10	libpython3.10_3.10.12-1%7e22.04.17_amd64.deb	ap-northeast-2.ec2.archive.ubuntu.com		main	1949796	246c2ed853ba8b6afc6a61d78680e579b6a60b70dd0fe160467d48290aed455f	http://ap-northeast-2.ec2.archive.ubuntu.com/ubuntu/pool/main/p/python3.10/libpython3.10_3.10.12-1%7e22.04.17_amd64.deb	http://ap-northeast-2.ec2.archive.ubuntu.com/ubuntu/pool/main/p/python3.10/libpython3.10_3.10.12-1%7e22.04.17_amd64.deb	true	true	true	proxy_access_log
focal-to-jammy	libsodium23	1.0.18-1ubuntu0.22.04.1	amd64	libsodium	libsodium23_1.0.18-1ubuntu0.22.04.1_amd64.deb	ap-northeast-2.ec2.archive.ubuntu.com		main	164192	64bc0959a8ef3dd6d5ad8b347f8aa9a2a0e585e1f696340f9daa2c643ebefd11	http://ap-northeast-2.ec2.archive.ubuntu.com/ubuntu/pool/main/libs/libsodium/libsodium23_1.0.18-1ubuntu0.22.04.1_amd64.deb	http://ap-northeast-2.ec2.archive.ubuntu.com/ubuntu/pool/main/libs/libsodium/libsodium23_1.0.18-1ubuntu0.22.04.1_amd64.deb	true	true	true	proxy_access_log
focal-to-jammy	libgpm2	1.20.7-10build1	amd64	gpm	libgpm2_1.20.7-10build1_amd64.deb	ap-northeast-2.ec2.archive.ubuntu.com		main	15262	84f9a6ff091e295d4b92d8c71a8a78050ed7c407350123224e21bf94e293cbab	http://ap-northeast-2.ec2.archive.ubuntu.com/ubuntu/pool/main/g/gpm/libgpm2_1.20.7-10build1_amd64.deb	http://ap-northeast-2.ec2.archive.ubuntu.com/ubuntu/pool/main/g/gpm/libgpm2_1.20.7-10build1_amd64.deb	true	true	true	proxy_access_log
focal-to-jammy	vim-common	8.2.3995-1ubuntu2.36	all	vim-common	vim-common_8.2.3995-1ubuntu2.36_all.deb	ap-northeast-2.ec2.archive.ubuntu.com		main	81488	fff81fb2030c1fba344e38e4bc1869e02aa7c722f643f1c81306ce735adac473	http://ap-northeast-2.ec2.archive.ubuntu.com/ubuntu/pool/main/v/vim/vim-common_8.2.3995-1ubuntu2.36_all.deb	http://ap-northeast-2.ec2.archive.ubuntu.com/ubuntu/pool/main/v/vim/vim-common_8.2.3995-1ubuntu2.36_all.deb	true	true	true	proxy_access_log
focal-to-jammy	pollinate	4.33-3ubuntu2.3	all	pollinate	pollinate_4.33-3ubuntu2.3_all.deb	ap-northeast-2.ec2.archive.ubuntu.com		main	10528	817790631d9ef9289e11a5fd4ea02a933b587c0fbe8c65c1467a3672014d9ff0	http://ap-northeast-2.ec2.archive.ubuntu.com/ubuntu/pool/main/p/pollinate/pollinate_4.33-3ubuntu2.3_all.deb	http://ap-northeast-2.ec2.archive.ubuntu.com/ubuntu/pool/main/p/pollinate/pollinate_4.33-3ubuntu2.3_all.deb	true	true	true	proxy_access_log
focal-to-jammy	screen	4.9.0-1ubuntu0.1	amd64	screen	screen_4.9.0-1ubuntu0.1_amd64.deb	ap-northeast-2.ec2.archive.ubuntu.com		main	671750	9f882988c7df0c748fa97b87bf4512dcf42f6e0a88569ed6d968780e15efe08a	http://ap-northeast-2.ec2.archive.ubuntu.com/ubuntu/pool/main/s/screen/screen_4.9.0-1ubuntu0.1_amd64.deb	http://ap-northeast-2.ec2.archive.ubuntu.com/ubuntu/pool/main/s/screen/screen_4.9.0-1ubuntu0.1_amd64.deb	true	true	true	proxy_access_log
focal-to-jammy	iso-codes	4.9.0-1	all	iso-codes	iso-codes_4.9.0-1_all.deb	ap-northeast-2.ec2.archive.ubuntu.com		main	3459400	16ac9fefc100991bfc3f6d576ac3646c5a3c9651cfc6d849c3b676be0f4ea0a2	http://ap-northeast-2.ec2.archive.ubuntu.com/ubuntu/pool/main/i/iso-codes/iso-codes_4.9.0-1_all.deb	http://ap-northeast-2.ec2.archive.ubuntu.com/ubuntu/pool/main/i/iso-codes/iso-codes_4.9.0-1_all.deb	true	true	true	proxy_access_log
focal-to-jammy	software-properties-common	0.99.22.9	all	software-properties	software-properties-common_0.99.22.9_all.deb	ap-northeast-2.ec2.archive.ubuntu.com		main	14088	bc173c0e9a2e98477b711730757c15da89de9e0ba10178aedf5180c0a2ca84ed	http://ap-northeast-2.ec2.archive.ubuntu.com/ubuntu/pool/main/s/software-properties/software-properties-common_0.99.22.9_all.deb	http://ap-northeast-2.ec2.archive.ubuntu.com/ubuntu/pool/main/s/software-properties/software-properties-common_0.99.22.9_all.deb	true	true	true	proxy_access_log
focal-to-jammy	python3-software-properties	0.99.22.9	all	software-properties	python3-software-properties_0.99.22.9_all.deb	ap-northeast-2.ec2.archive.ubuntu.com		main	28784	ec5a4415ebf6c6fd00fed4b0a937e45f78ba3b7ded4ceceee5224f4d25d3967d	http://ap-northeast-2.ec2.archive.ubuntu.com/ubuntu/pool/main/s/software-properties/python3-software-properties_0.99.22.9_all.deb	http://ap-northeast-2.ec2.archive.ubuntu.com/ubuntu/pool/main/s/software-properties/python3-software-properties_0.99.22.9_all.deb	true	true	true	proxy_access_log
focal-to-jammy	libpackagekit-glib2-18	1.2.5-2ubuntu3.1	amd64	packagekit	libpackagekit-glib2-18_1.2.5-2ubuntu3.1_amd64.deb	ap-northeast-2.ec2.archive.ubuntu.com		main	124004	9127bf6b46b6e42840e1f1821b3db5cffdd5639080cf2c457e55678fb0a48406	http://ap-northeast-2.ec2.archive.ubuntu.com/ubuntu/pool/main/p/packagekit/libpackagekit-glib2-18_1.2.5-2ubuntu3.1_amd64.deb	http://ap-northeast-2.ec2.archive.ubuntu.com/ubuntu/pool/main/p/packagekit/libpackagekit-glib2-18_1.2.5-2ubuntu3.1_amd64.deb	true	true	true	proxy_access_log
focal-to-jammy	gir1.2-packagekitglib-1.0	1.2.5-2ubuntu3.1	amd64	packagekit	gir1.2-packagekitglib-1.0_1.2.5-2ubuntu3.1_amd64.deb	ap-northeast-2.ec2.archive.ubuntu.com		main	25272	ce0ea6219fbc2dcf2d8f7117eb0b7ee877e400a9b1efb77c0602a0154071cdf8	http://ap-northeast-2.ec2.archive.ubuntu.com/ubuntu/pool/main/p/packagekit/gir1.2-packagekitglib-1.0_1.2.5-2ubuntu3.1_amd64.deb	http://ap-northeast-2.ec2.archive.ubuntu.com/ubuntu/pool/main/p/packagekit/gir1.2-packagekitglib-1.0_1.2.5-2ubuntu3.1_amd64.deb	true	true	true	proxy_access_log
focal-to-jammy	libplymouth5	0.9.5%2bgit20211018-1ubuntu3	amd64	libplymouth5	libplymouth5_0.9.5%2bgit20211018-1ubuntu3_amd64.deb	ap-northeast-2.ec2.archive.ubuntu.com		main	107978	3fe4f9b2a07c7a88ac93f7a4fc9bbd5892d8c331bf264e9ce9e5ef68849d3738	http://ap-northeast-2.ec2.archive.ubuntu.com/ubuntu/pool/main/p/plymouth/libplymouth5_0.9.5%2bgit20211018-1ubuntu3_amd64.deb	http://ap-northeast-2.ec2.archive.ubuntu.com/ubuntu/pool/main/p/plymouth/libplymouth5_0.9.5%2bgit20211018-1ubuntu3_amd64.deb	true	true	true	proxy_access_log
focal-to-jammy	plymouth-theme-ubuntu-text	0.9.5%2bgit20211018-1ubuntu3	amd64	plymouth-theme-ubuntu-text	plymouth-theme-ubuntu-text_0.9.5%2bgit20211018-1ubuntu3_amd64.deb	ap-northeast-2.ec2.archive.ubuntu.com		main	10152	b2a47333d5470833e0dcb8e8afaa9bfd1a7ce9b89a2517ed05a1b9ff6140e257	http://ap-northeast-2.ec2.archive.ubuntu.com/ubuntu/pool/main/p/plymouth/plymouth-theme-ubuntu-text_0.9.5%2bgit20211018-1ubuntu3_amd64.deb	http://ap-northeast-2.ec2.archive.ubuntu.com/ubuntu/pool/main/p/plymouth/plymouth-theme-ubuntu-text_0.9.5%2bgit20211018-1ubuntu3_amd64.deb	true	true	true	proxy_access_log
focal-to-jammy	libdrm-common	2.4.113-2%7eubuntu0.22.04.1	all	libdrm-common	libdrm-common_2.4.113-2%7eubuntu0.22.04.1_all.deb	ap-northeast-2.ec2.archive.ubuntu.com		main	5450	35a306712d8b15b30c42ecd73ec087813eb01c0b3125dc8f7ca2b5134e133522	http://ap-northeast-2.ec2.archive.ubuntu.com/ubuntu/pool/main/libd/libdrm/libdrm-common_2.4.113-2%7eubuntu0.22.04.1_all.deb	http://ap-northeast-2.ec2.archive.ubuntu.com/ubuntu/pool/main/libd/libdrm/libdrm-common_2.4.113-2%7eubuntu0.22.04.1_all.deb	true	true	true	proxy_access_log
focal-to-jammy	libdrm2	2.4.113-2%7eubuntu0.22.04.1	amd64	libdrm2	libdrm2_2.4.113-2%7eubuntu0.22.04.1_amd64.deb	ap-northeast-2.ec2.archive.ubuntu.com		main	38106	555925f1caedfd98d89bae3bc11b4fe3401c2c4817dbbafcab25e1144582e946	http://ap-northeast-2.ec2.archive.ubuntu.com/ubuntu/pool/main/libd/libdrm/libdrm2_2.4.113-2%7eubuntu0.22.04.1_amd64.deb	http://ap-northeast-2.ec2.archive.ubuntu.com/ubuntu/pool/main/libd/libdrm/libdrm2_2.4.113-2%7eubuntu0.22.04.1_amd64.deb	true	true	true	proxy_access_log
focal-to-jammy	plymouth	0.9.5%2bgit20211018-1ubuntu3	amd64	plymouth	plymouth_0.9.5%2bgit20211018-1ubuntu3_amd64.deb	ap-northeast-2.ec2.archive.ubuntu.com		main	133046	8cf74463f6ed1e9321d78eafca7632039da147de7581fa1bcd3e079548be02e5	http://ap-northeast-2.ec2.archive.ubuntu.com/ubuntu/pool/main/p/plymouth/plymouth_0.9.5%2bgit20211018-1ubuntu3_amd64.deb	http://ap-northeast-2.ec2.archive.ubuntu.com/ubuntu/pool/main/p/plymouth/plymouth_0.9.5%2bgit20211018-1ubuntu3_amd64.deb	true	true	true	proxy_access_log
focal-to-jammy	packagekit-tools	1.2.5-2ubuntu3.1	amd64	packagekit	packagekit-tools_1.2.5-2ubuntu3.1_amd64.deb	ap-northeast-2.ec2.archive.ubuntu.com		main	28778	d2a4ce314ed041a9dc76c8a988cba5e145d5e553c1c587a6d38177b67011e4ca	http://ap-northeast-2.ec2.archive.ubuntu.com/ubuntu/pool/main/p/packagekit/packagekit-tools_1.2.5-2ubuntu3.1_amd64.deb	http://ap-northeast-2.ec2.archive.ubuntu.com/ubuntu/pool/main/p/packagekit/packagekit-tools_1.2.5-2ubuntu3.1_amd64.deb	true	true	true	proxy_access_log
focal-to-jammy	dbus-user-session	1.12.20-2ubuntu4.1	amd64	dbus	dbus-user-session_1.12.20-2ubuntu4.1_amd64.deb	ap-northeast-2.ec2.archive.ubuntu.com		main	9442	fcd6b45ba6577f4ffb395a08fc73aedc0e530f8d72d7b24575e44e4b7fd55d3b	http://ap-northeast-2.ec2.archive.ubuntu.com/ubuntu/pool/main/d/dbus/dbus-user-session_1.12.20-2ubuntu4.1_amd64.deb	http://ap-northeast-2.ec2.archive.ubuntu.com/ubuntu/pool/main/d/dbus/dbus-user-session_1.12.20-2ubuntu4.1_amd64.deb	true	true	true	proxy_access_log
focal-to-jammy	policykit-1	0.105-33ubuntu0.1	amd64	policykit-1	policykit-1_0.105-33ubuntu0.1_amd64.deb	ap-northeast-2.ec2.archive.ubuntu.com		main	2438	4cfb8bdabd1e2b867e28314b7744ead9a6bd6ba57e937e9406aba4f6f09b990e	http://ap-northeast-2.ec2.archive.ubuntu.com/ubuntu/pool/main/p/policykit-1/policykit-1_0.105-33ubuntu0.1_amd64.deb	http://ap-northeast-2.ec2.archive.ubuntu.com/ubuntu/pool/main/p/policykit-1/policykit-1_0.105-33ubuntu0.1_amd64.deb	true	true	true	proxy_access_log
focal-to-jammy	libpolkit-agent-1-0	0.105-33ubuntu0.1	amd64	policykit-1	libpolkit-agent-1-0_0.105-33ubuntu0.1_amd64.deb	ap-northeast-2.ec2.archive.ubuntu.com		main	16874	bf78fbd0e46b0faf3e942dd88260ce216f310520ebb137c2354338622a14da41	http://ap-northeast-2.ec2.archive.ubuntu.com/ubuntu/pool/main/p/policykit-1/libpolkit-agent-1-0_0.105-33ubuntu0.1_amd64.deb	http://ap-northeast-2.ec2.archive.ubuntu.com/ubuntu/pool/main/p/policykit-1/libpolkit-agent-1-0_0.105-33ubuntu0.1_amd64.deb	true	true	true	proxy_access_log
focal-to-jammy	libpolkit-gobject-1-0	0.105-33ubuntu0.1	amd64	policykit-1	libpolkit-gobject-1-0_0.105-33ubuntu0.1_amd64.deb	ap-northeast-2.ec2.archive.ubuntu.com		main	43316	e91137381c4645d4c7cc4fd5ec69722ce9cd7d43dd61753f753010a50646fe78	http://ap-northeast-2.ec2.archive.ubuntu.com/ubuntu/pool/main/p/policykit-1/libpolkit-gobject-1-0_0.105-33ubuntu0.1_amd64.deb	http://ap-northeast-2.ec2.archive.ubuntu.com/ubuntu/pool/main/p/policykit-1/libpolkit-gobject-1-0_0.105-33ubuntu0.1_amd64.deb	true	true	true	proxy_access_log
focal-to-jammy	polkitd	0.105-33ubuntu0.1	amd64	policykit-1	polkitd_0.105-33ubuntu0.1_amd64.deb	ap-northeast-2.ec2.archive.ubuntu.com		main	80136	e91fd86913c9bd4455acc9ba3d0d20d84b6bc8d6c233633fc24c9b94b9431cc2	http://ap-northeast-2.ec2.archive.ubuntu.com/ubuntu/pool/main/p/policykit-1/polkitd_0.105-33ubuntu0.1_amd64.deb	http://ap-northeast-2.ec2.archive.ubuntu.com/ubuntu/pool/main/p/policykit-1/polkitd_0.105-33ubuntu0.1_amd64.deb	true	true	true	proxy_access_log
focal-to-jammy	pkexec	0.105-33ubuntu0.1	amd64	policykit-1	pkexec_0.105-33ubuntu0.1_amd64.deb	ap-northeast-2.ec2.archive.ubuntu.com		main	15194	b0e7819892754245fc143f33f9001bba7c7a3e23e863bea193be18a135461971	http://ap-northeast-2.ec2.archive.ubuntu.com/ubuntu/pool/main/p/policykit-1/pkexec_0.105-33ubuntu0.1_amd64.deb	http://ap-northeast-2.ec2.archive.ubuntu.com/ubuntu/pool/main/p/policykit-1/pkexec_0.105-33ubuntu0.1_amd64.deb	true	true	true	proxy_access_log
focal-to-jammy	libstemmer0d	2.2.0-1build1	amd64	snowball	libstemmer0d_2.2.0-1build1_amd64.deb	ap-northeast-2.ec2.archive.ubuntu.com		main	165048	a3aeda8dfd0fbee2322dce344f0128585c60455cef926d9ed53dbadde5c3111a	http://ap-northeast-2.ec2.archive.ubuntu.com/ubuntu/pool/main/s/snowball/libstemmer0d_2.2.0-1build1_amd64.deb	http://ap-northeast-2.ec2.archive.ubuntu.com/ubuntu/pool/main/s/snowball/libstemmer0d_2.2.0-1build1_amd64.deb	true	true	true	proxy_access_log
focal-to-jammy	libicu70	70.1-2	amd64	icu	libicu70_70.1-2_amd64.deb	ap-northeast-2.ec2.archive.ubuntu.com		main	10581942	58a154f6307289813da2276f900498ef536ae7c0522d2cf31a3c3c5cf62dfd9a	http://ap-northeast-2.ec2.archive.ubuntu.com/ubuntu/pool/main/i/icu/libicu70_70.1-2_amd64.deb	http://ap-northeast-2.ec2.archive.ubuntu.com/ubuntu/pool/main/i/icu/libicu70_70.1-2_amd64.deb	true	true	true	proxy_access_log
focal-to-jammy	libxml2	2.9.13%2bdfsg-1ubuntu0.12	amd64	libxml2	libxml2_2.9.13%2bdfsg-1ubuntu0.12_amd64.deb	ap-northeast-2.ec2.archive.ubuntu.com		main	764660	b3678e6e4b166bc0e4226fb118d489ab51802c772914421397c9dcb2dd0e0d2b	http://ap-northeast-2.ec2.archive.ubuntu.com/ubuntu/pool/main/libx/libxml2/libxml2_2.9.13%2bdfsg-1ubuntu0.12_amd64.deb	http://ap-northeast-2.ec2.archive.ubuntu.com/ubuntu/pool/main/libx/libxml2/libxml2_2.9.13%2bdfsg-1ubuntu0.12_amd64.deb	true	true	true	proxy_access_log
focal-to-jammy	libxmlb2	0.3.24-1%7eubuntu0.22.04.1	amd64	libxmlb2	libxmlb2_0.3.24-1%7eubuntu0.22.04.1_amd64.deb	ap-northeast-2.ec2.archive.ubuntu.com		main	67940	67d7060d6bfeb1674165badd257192127364e9209bd747f1dfa2d6f6186f633d	http://ap-northeast-2.ec2.archive.ubuntu.com/ubuntu/pool/main/libx/libxmlb/libxmlb2_0.3.24-1%7eubuntu0.22.04.1_amd64.deb	http://ap-northeast-2.ec2.archive.ubuntu.com/ubuntu/pool/main/libx/libxmlb/libxmlb2_0.3.24-1%7eubuntu0.22.04.1_amd64.deb	true	true	true	proxy_access_log
focal-to-jammy	libappstream4	0.15.2-2	amd64	appstream	libappstream4_0.15.2-2_amd64.deb	ap-northeast-2.ec2.archive.ubuntu.com		main	192148	06b6ff67f5899849ff5d04745e7c855aee5cc6d3e868fe270e7428f176aeddf4	http://ap-northeast-2.ec2.archive.ubuntu.com/ubuntu/pool/main/a/appstream/libappstream4_0.15.2-2_amd64.deb	http://ap-northeast-2.ec2.archive.ubuntu.com/ubuntu/pool/main/a/appstream/libappstream4_0.15.2-2_amd64.deb	true	true	true	proxy_access_log
focal-to-jammy	libdw1	0.186-1ubuntu0.1	amd64	elfutils	libdw1_0.186-1ubuntu0.1_amd64.deb	ap-northeast-2.ec2.archive.ubuntu.com		main	250724	487120e8e4468844a1bd024c3684e97dbe831fbaa04b975a337e8482370c4e17	http://ap-northeast-2.ec2.archive.ubuntu.com/ubuntu/pool/main/e/elfutils/libdw1_0.186-1ubuntu0.1_amd64.deb	http://ap-northeast-2.ec2.archive.ubuntu.com/ubuntu/pool/main/e/elfutils/libdw1_0.186-1ubuntu0.1_amd64.deb	true	true	true	proxy_access_log
focal-to-jammy	libunwind8	1.3.2-2build2.1	amd64	libunwind	libunwind8_1.3.2-2build2.1_amd64.deb	ap-northeast-2.ec2.archive.ubuntu.com		main	54518	781e3eb86986ab93e8b4866fc571fdec780c3d9a8b56b490e9c2f10fb90978ce	http://ap-northeast-2.ec2.archive.ubuntu.com/ubuntu/pool/main/libu/libunwind/libunwind8_1.3.2-2build2.1_amd64.deb	http://ap-northeast-2.ec2.archive.ubuntu.com/ubuntu/pool/main/libu/libunwind/libunwind8_1.3.2-2build2.1_amd64.deb	true	true	true	proxy_access_log
focal-to-jammy	libgstreamer1.0-0	1.20.3-0ubuntu1.1	amd64	gstreamer1.0	libgstreamer1.0-0_1.20.3-0ubuntu1.1_amd64.deb	ap-northeast-2.ec2.archive.ubuntu.com		main	983820	472d2575f9e6b894361023995b0dcd1ae28fe3d4005ded81231d4efc7833446d	http://ap-northeast-2.ec2.archive.ubuntu.com/ubuntu/pool/main/g/gstreamer1.0/libgstreamer1.0-0_1.20.3-0ubuntu1.1_amd64.deb	http://ap-northeast-2.ec2.archive.ubuntu.com/ubuntu/pool/main/g/gstreamer1.0/libgstreamer1.0-0_1.20.3-0ubuntu1.1_amd64.deb	true	true	true	proxy_access_log
focal-to-jammy	packagekit	1.2.5-2ubuntu3.1	amd64	packagekit	packagekit_1.2.5-2ubuntu3.1_amd64.deb	ap-northeast-2.ec2.archive.ubuntu.com		main	441668	805d0178fe444b4cbb00551b74e18b67868cd99bed34706ce9b92333235cf4ef	http://ap-northeast-2.ec2.archive.ubuntu.com/ubuntu/pool/main/p/packagekit/packagekit_1.2.5-2ubuntu3.1_amd64.deb	http://ap-northeast-2.ec2.archive.ubuntu.com/ubuntu/pool/main/p/packagekit/packagekit_1.2.5-2ubuntu3.1_amd64.deb	true	true	true	proxy_access_log
focal-to-jammy	file	5.41-3ubuntu0.1	amd64	file	file_5.41-3ubuntu0.1_amd64.deb	ap-northeast-2.ec2.archive.ubuntu.com		main	21524	b63b48e8b32c6f0fce5ad37d5ec3269cbbdc8feed13170aae1f416a43ebe898b	http://ap-northeast-2.ec2.archive.ubuntu.com/ubuntu/pool/main/f/file/file_5.41-3ubuntu0.1_amd64.deb	http://ap-northeast-2.ec2.archive.ubuntu.com/ubuntu/pool/main/f/file/file_5.41-3ubuntu0.1_amd64.deb	true	true	true	proxy_access_log
focal-to-jammy	libmagic1	5.41-3ubuntu0.1	amd64	libmagic1	libmagic1_5.41-3ubuntu0.1_amd64.deb	ap-northeast-2.ec2.archive.ubuntu.com		main	87242	344d0cc65fea4175ca1ab222c20b5b95fb1357acafea6b016add9988760829d0	http://ap-northeast-2.ec2.archive.ubuntu.com/ubuntu/pool/main/f/file/libmagic1_5.41-3ubuntu0.1_amd64.deb	http://ap-northeast-2.ec2.archive.ubuntu.com/ubuntu/pool/main/f/file/libmagic1_5.41-3ubuntu0.1_amd64.deb	true	true	true	proxy_access_log
focal-to-jammy	libmagic-mgc	5.41-3ubuntu0.1	amd64	libmagic-mgc	libmagic-mgc_5.41-3ubuntu0.1_amd64.deb	ap-northeast-2.ec2.archive.ubuntu.com		main	257310	23fcefb8b9ee73eb74e127fc230330918a8f81e127fa54015f191cfd34726b3c	http://ap-northeast-2.ec2.archive.ubuntu.com/ubuntu/pool/main/f/file/libmagic-mgc_5.41-3ubuntu0.1_amd64.deb	http://ap-northeast-2.ec2.archive.ubuntu.com/ubuntu/pool/main/f/file/libmagic-mgc_5.41-3ubuntu0.1_amd64.deb	true	true	true	proxy_access_log
focal-to-jammy	python3-magic	0.4.24-2	all	python3-magic	python3-magic_0.4.24-2_all.deb	ap-northeast-2.ec2.archive.ubuntu.com		main	12584	c3cfa9c86191b30f3822b781b8e2b45ba7dce1d6f27e6010f3bba6c32ee014f9	http://ap-northeast-2.ec2.archive.ubuntu.com/ubuntu/pool/main/p/python-magic/python3-magic_0.4.24-2_all.deb	http://ap-northeast-2.ec2.archive.ubuntu.com/ubuntu/pool/main/p/python-magic/python3-magic_0.4.24-2_all.deb	true	true	true	proxy_access_log
focal-to-jammy	python3-ptyprocess	0.7.0-3	all	ptyprocess	python3-ptyprocess_0.7.0-3_all.deb	ap-northeast-2.ec2.archive.ubuntu.com		main	15356	915c2f1672f4b62dc9c3cb8eefc3a2a8de46565e876551f488682133d372e052	http://ap-northeast-2.ec2.archive.ubuntu.com/ubuntu/pool/main/p/ptyprocess/python3-ptyprocess_0.7.0-3_all.deb	http://ap-northeast-2.ec2.archive.ubuntu.com/ubuntu/pool/main/p/ptyprocess/python3-ptyprocess_0.7.0-3_all.deb	true	true	true	proxy_access_log
focal-to-jammy	python3-pexpect	4.8.0-2ubuntu1	all	pexpect	python3-pexpect_4.8.0-2ubuntu1_all.deb	ap-northeast-2.ec2.archive.ubuntu.com		main	46682	dd0634499b38be2bbabb75597f2600ee9852f02852dff75e529b5ce04a23ea89	http://ap-northeast-2.ec2.archive.ubuntu.com/ubuntu/pool/main/p/pexpect/python3-pexpect_4.8.0-2ubuntu1_all.deb	http://ap-northeast-2.ec2.archive.ubuntu.com/ubuntu/pool/main/p/pexpect/python3-pexpect_4.8.0-2ubuntu1_all.deb	true	true	true	proxy_access_log
focal-to-jammy	sosreport	4.10.2-0ubuntu0%7e22.04.1	amd64	sosreport	sosreport_4.10.2-0ubuntu0%7e22.04.1_amd64.deb	ap-northeast-2.ec2.archive.ubuntu.com		main	376820	ae43799f84fb6d9b5ac5c850713e3e2a1f181fe5a2a571f32c53fbc5ed61fea9	http://ap-northeast-2.ec2.archive.ubuntu.com/ubuntu/pool/main/s/sosreport/sosreport_4.10.2-0ubuntu0%7e22.04.1_amd64.deb	http://ap-northeast-2.ec2.archive.ubuntu.com/ubuntu/pool/main/s/sosreport/sosreport_4.10.2-0ubuntu0%7e22.04.1_amd64.deb	true	true	true	proxy_access_log
focal-to-jammy	libinih1	53-1ubuntu3	amd64	libinih	libinih1_53-1ubuntu3_amd64.deb	ap-northeast-2.ec2.archive.ubuntu.com		main	7250	a5ed7567c711468256c66d5b8927ecb54761093a681aad1ce9c14f93ccafe034	http://ap-northeast-2.ec2.archive.ubuntu.com/ubuntu/pool/main/libi/libinih/libinih1_53-1ubuntu3_amd64.deb	http://ap-northeast-2.ec2.archive.ubuntu.com/ubuntu/pool/main/libi/libinih/libinih1_53-1ubuntu3_amd64.deb	true	true	true	proxy_access_log
focal-to-jammy	xfsprogs	5.13.0-1ubuntu2.1	amd64	xfsprogs	xfsprogs_5.13.0-1ubuntu2.1_amd64.deb	ap-northeast-2.ec2.archive.ubuntu.com		main	870292	efe2119fec8c0cc7010afbf036b3b6aa60fa2d546e3adb5abe881ff3dac63634	http://ap-northeast-2.ec2.archive.ubuntu.com/ubuntu/pool/main/x/xfsprogs/xfsprogs_5.13.0-1ubuntu2.1_amd64.deb	http://ap-northeast-2.ec2.archive.ubuntu.com/ubuntu/pool/main/x/xfsprogs/xfsprogs_5.13.0-1ubuntu2.1_amd64.deb	true	true	true	proxy_access_log
focal-to-jammy	debianutils	5.5-1ubuntu2	amd64	debianutils	debianutils_5.5-1ubuntu2_amd64.deb	ap-northeast-2.ec2.archive.ubuntu.com		main	106608	a285df5a72f6eadd75a042c148f4a26c6bead543e73077f12d8d0069b315082d	http://ap-northeast-2.ec2.archive.ubuntu.com/ubuntu/pool/main/d/debianutils/debianutils_5.5-1ubuntu2_amd64.deb	http://ap-northeast-2.ec2.archive.ubuntu.com/ubuntu/pool/main/d/debianutils/debianutils_5.5-1ubuntu2_amd64.deb	true	true	true	proxy_access_log
focal-to-jammy	bash	5.1-6ubuntu1.1	amd64	bash	bash_5.1-6ubuntu1.1_amd64.deb	ap-northeast-2.ec2.archive.ubuntu.com		main	768646	ada09ec56baa774af85b01ab8aad32f10ce82aeccbd2889110db318d46e26914	http://ap-northeast-2.ec2.archive.ubuntu.com/ubuntu/pool/main/b/bash/bash_5.1-6ubuntu1.1_amd64.deb	http://ap-northeast-2.ec2.archive.ubuntu.com/ubuntu/pool/main/b/bash/bash_5.1-6ubuntu1.1_amd64.deb	true	true	true	proxy_access_log
focal-to-jammy	bsdmainutils	12.1.7%2bnmu3ubuntu2	all	bsdmainutils	bsdmainutils_12.1.7%2bnmu3ubuntu2_all.deb	ap-northeast-2.ec2.archive.ubuntu.com		universe	3170	379c80264fb08afc99a20c33a28ac50284be9e1c0882d060921dcc9c887a6ca2	http://ap-northeast-2.ec2.archive.ubuntu.com/ubuntu/pool/universe/b/bsdmainutils/bsdmainutils_12.1.7%2bnmu3ubuntu2_all.deb	http://ap-northeast-2.ec2.archive.ubuntu.com/ubuntu/pool/universe/b/bsdmainutils/bsdmainutils_12.1.7%2bnmu3ubuntu2_all.deb	true	true	true	proxy_access_log
focal-to-jammy	bsdextrautils	2.37.2-4ubuntu3.5	amd64	util-linux	bsdextrautils_2.37.2-4ubuntu3.5_amd64.deb	ap-northeast-2.ec2.archive.ubuntu.com		main	71408	e468ae82f7b7540ccb09bc964595985a51da82806271fe70b3de817356ac5be6	http://ap-northeast-2.ec2.archive.ubuntu.com/ubuntu/pool/main/u/util-linux/bsdextrautils_2.37.2-4ubuntu3.5_amd64.deb	http://ap-northeast-2.ec2.archive.ubuntu.com/ubuntu/pool/main/u/util-linux/bsdextrautils_2.37.2-4ubuntu3.5_amd64.deb	true	true	true	proxy_access_log
focal-to-jammy	ncal	12.1.7%2bnmu3ubuntu2	amd64	ncal	ncal_12.1.7%2bnmu3ubuntu2_amd64.deb	ap-northeast-2.ec2.archive.ubuntu.com		universe	20220	c61b4b67fc38cd2e7a7127535a378638efc046b7fb3441ba0dcbc4562572b851	http://ap-northeast-2.ec2.archive.ubuntu.com/ubuntu/pool/universe/b/bsdmainutils/ncal_12.1.7%2bnmu3ubuntu2_amd64.deb	http://ap-northeast-2.ec2.archive.ubuntu.com/ubuntu/pool/universe/b/bsdmainutils/ncal_12.1.7%2bnmu3ubuntu2_amd64.deb	true	true	true	proxy_access_log
focal-to-jammy	bsdutils	2.37.2-4ubuntu3.5	amd64	bsdutils	bsdutils_2.37.2-4ubuntu3.5_amd64.deb	ap-northeast-2.ec2.archive.ubuntu.com		main	80736	7344c43e78d7e6a37c0b41b37a9645c3a99a19c13c0be76395ab3828accf62f9	http://ap-northeast-2.ec2.archive.ubuntu.com/ubuntu/pool/main/u/util-linux/bsdutils_2.37.2-4ubuntu3.5_amd64.deb	http://ap-northeast-2.ec2.archive.ubuntu.com/ubuntu/pool/main/u/util-linux/bsdutils_2.37.2-4ubuntu3.5_amd64.deb	true	true	true	proxy_access_log
focal-to-jammy	dash	0.5.11%2bgit20210903%2b057cd650a4ed-3build1	amd64	dash	dash_0.5.11%2bgit20210903%2b057cd650a4ed-3build1_amd64.deb	ap-northeast-2.ec2.archive.ubuntu.com		main	92010	a539a1fc715f9f52cf9159e1f2c8d254a611d1f2c176a25ca7d99372fa76f4b8	http://ap-northeast-2.ec2.archive.ubuntu.com/ubuntu/pool/main/d/dash/dash_0.5.11%2bgit20210903%2b057cd650a4ed-3build1_amd64.deb	http://ap-northeast-2.ec2.archive.ubuntu.com/ubuntu/pool/main/d/dash/dash_0.5.11%2bgit20210903%2b057cd650a4ed-3build1_amd64.deb	true	true	true	proxy_access_log
focal-to-jammy	findutils	4.8.0-1ubuntu3	amd64	findutils	findutils_4.8.0-1ubuntu3_amd64.deb	ap-northeast-2.ec2.archive.ubuntu.com		main	331640	36b82c9455c45b4f1b88d07bdf30a1b62a4ad6164595b55254c0def2265ff4d6	http://ap-northeast-2.ec2.archive.ubuntu.com/ubuntu/pool/main/f/findutils/findutils_4.8.0-1ubuntu3_amd64.deb	http://ap-northeast-2.ec2.archive.ubuntu.com/ubuntu/pool/main/f/findutils/findutils_4.8.0-1ubuntu3_amd64.deb	true	true	true	proxy_access_log
focal-to-jammy	grep	3.7-1build1	amd64	grep	grep_3.7-1build1_amd64.deb	ap-northeast-2.ec2.archive.ubuntu.com		main	155818	26d08b9c96962528c73c13b5c11f245b91e49edab15f73bf8705bad1472a0113	http://ap-northeast-2.ec2.archive.ubuntu.com/ubuntu/pool/main/g/grep/grep_3.7-1build1_amd64.deb	http://ap-northeast-2.ec2.archive.ubuntu.com/ubuntu/pool/main/g/grep/grep_3.7-1build1_amd64.deb	true	true	true	proxy_access_log
focal-to-jammy	gzip	1.10-4ubuntu4.2	amd64	gzip	gzip_1.10-4ubuntu4.2_amd64.deb	ap-northeast-2.ec2.archive.ubuntu.com		main	96114	018db5661b38873d1e650be8612ff7e1d882c4576c95079f94e0d6ac2320342b	http://ap-northeast-2.ec2.archive.ubuntu.com/ubuntu/pool/main/g/gzip/gzip_1.10-4ubuntu4.2_amd64.deb	http://ap-northeast-2.ec2.archive.ubuntu.com/ubuntu/pool/main/g/gzip/gzip_1.10-4ubuntu4.2_amd64.deb	true	true	true	proxy_access_log
focal-to-jammy	hostname	3.23ubuntu2	amd64	hostname	hostname_3.23ubuntu2_amd64.deb	ap-northeast-2.ec2.archive.ubuntu.com		main	11414	cec0448fef88a43a3c232fd9df555ca4c468cf5e16ddf3a1b0a5f7b7f076e413	http://ap-northeast-2.ec2.archive.ubuntu.com/ubuntu/pool/main/h/hostname/hostname_3.23ubuntu2_amd64.deb	http://ap-northeast-2.ec2.archive.ubuntu.com/ubuntu/pool/main/h/hostname/hostname_3.23ubuntu2_amd64.deb	true	true	true	proxy_access_log
focal-to-jammy	ncurses-bin	6.3-2ubuntu0.2	amd64	ncurses	ncurses-bin_6.3-2ubuntu0.2_amd64.deb	ap-northeast-2.ec2.archive.ubuntu.com		main	184012	9d6131208ad529ffd9d1c579201da9d8c223e252ee372a080690e8f8981b0ace	http://ap-northeast-2.ec2.archive.ubuntu.com/ubuntu/pool/main/n/ncurses/ncurses-bin_6.3-2ubuntu0.2_amd64.deb	http://ap-northeast-2.ec2.archive.ubuntu.com/ubuntu/pool/main/n/ncurses/ncurses-bin_6.3-2ubuntu0.2_amd64.deb	true	true	true	proxy_access_log
focal-to-jammy	sed	4.8-1ubuntu2.1	amd64	sed	sed_4.8-1ubuntu2.1_amd64.deb	ap-northeast-2.ec2.archive.ubuntu.com		main	188268	10b8848e191fba401057bd6ea2e5055e758d6891249d33a977170c900f0a7ca0	http://ap-northeast-2.ec2.archive.ubuntu.com/ubuntu/pool/main/s/sed/sed_4.8-1ubuntu2.1_amd64.deb	http://ap-northeast-2.ec2.archive.ubuntu.com/ubuntu/pool/main/s/sed/sed_4.8-1ubuntu2.1_amd64.deb	true	true	true	proxy_access_log
focal-to-jammy	libdebconfclient0	0.261ubuntu1	amd64	cdebconf	libdebconfclient0_0.261ubuntu1_amd64.deb	ap-northeast-2.ec2.archive.ubuntu.com		main	7198	508d09720201f533ee98fa139dbf49d7d980a053693809be11609559f81eb2c0	http://ap-northeast-2.ec2.archive.ubuntu.com/ubuntu/pool/main/c/cdebconf/libdebconfclient0_0.261ubuntu1_amd64.deb	http://ap-northeast-2.ec2.archive.ubuntu.com/ubuntu/pool/main/c/cdebconf/libdebconfclient0_0.261ubuntu1_amd64.deb	true	true	true	proxy_access_log
focal-to-jammy	base-passwd	3.5.52build1	amd64	base-passwd	base-passwd_3.5.52build1_amd64.deb	ap-northeast-2.ec2.archive.ubuntu.com		main	49100	b82ef485b59eb330ed56bc4afc54c6bd809e158da0019788ff0ba3cbab9d7bf9	http://ap-northeast-2.ec2.archive.ubuntu.com/ubuntu/pool/main/b/base-passwd/base-passwd_3.5.52build1_amd64.deb	http://ap-northeast-2.ec2.archive.ubuntu.com/ubuntu/pool/main/b/base-passwd/base-passwd_3.5.52build1_amd64.deb	true	true	true	proxy_access_log
focal-to-jammy	apt	2.4.14	amd64	apt	apt_2.4.14_amd64.deb	ap-northeast-2.ec2.archive.ubuntu.com		main	1363126	0d6b292142f54532817c593333480f69ec2b5449df09f45a3a45fa8be19734b8	http://ap-northeast-2.ec2.archive.ubuntu.com/ubuntu/pool/main/a/apt/apt_2.4.14_amd64.deb	http://ap-northeast-2.ec2.archive.ubuntu.com/ubuntu/pool/main/a/apt/apt_2.4.14_amd64.deb	true	true	true	proxy_access_log
focal-to-jammy	apt-utils	2.4.14	amd64	apt	apt-utils_2.4.14_amd64.deb	ap-northeast-2.ec2.archive.ubuntu.com		main	210742	f99c0d60a00447633dd550107ac90a1e6f5d156c19c05d0e262bc1f65433f340	http://ap-northeast-2.ec2.archive.ubuntu.com/ubuntu/pool/main/a/apt/apt-utils_2.4.14_amd64.deb	http://ap-northeast-2.ec2.archive.ubuntu.com/ubuntu/pool/main/a/apt/apt-utils_2.4.14_amd64.deb	true	true	true	proxy_access_log
focal-to-jammy	ubuntu-keyring	2021.03.26	all	ubuntu-keyring	ubuntu-keyring_2021.03.26_all.deb	ap-northeast-2.ec2.archive.ubuntu.com		main	20856	0d0e7ed6b112f5d03eabf3c7eb01ebdacf9c57714b279e90495cfc58c8c4520f	http://ap-northeast-2.ec2.archive.ubuntu.com/ubuntu/pool/main/u/ubuntu-keyring/ubuntu-keyring_2021.03.26_all.deb	http://ap-northeast-2.ec2.archive.ubuntu.com/ubuntu/pool/main/u/ubuntu-keyring/ubuntu-keyring_2021.03.26_all.deb	true	true	true	proxy_access_log
focal-to-jammy	ubuntu-core-launcher	2.76.3%2bubuntu22.04	amd64	ubuntu-core-launcher	ubuntu-core-launcher_2.76.3%2bubuntu22.04_amd64.deb	ap-northeast-2.ec2.archive.ubuntu.com		universe	1424	f88240ac6f88514594b83b5c33cbffaffcd8f6c27a2b1b232a8827a80460deba	http://ap-northeast-2.ec2.archive.ubuntu.com/ubuntu/pool/universe/s/snapd/ubuntu-core-launcher_2.76.3%2bubuntu22.04_amd64.deb	http://ap-northeast-2.ec2.archive.ubuntu.com/ubuntu/pool/universe/s/snapd/ubuntu-core-launcher_2.76.3%2bubuntu22.04_amd64.deb	true	true	true	proxy_access_log
focal-to-jammy	apparmor	3.0.4-2ubuntu2.5	amd64	apparmor	apparmor_3.0.4-2ubuntu2.5_amd64.deb	ap-northeast-2.ec2.archive.ubuntu.com		main	599052	a0fe73e32a2f13b5760ce433cbb72c276a32874d7ce6deb5257f6f4b3388f267	http://ap-northeast-2.ec2.archive.ubuntu.com/ubuntu/pool/main/a/apparmor/apparmor_3.0.4-2ubuntu2.5_amd64.deb	http://ap-northeast-2.ec2.archive.ubuntu.com/ubuntu/pool/main/a/apparmor/apparmor_3.0.4-2ubuntu2.5_amd64.deb	true	true	true	proxy_access_log
focal-to-jammy	snapd	2.76.3%2bubuntu22.04	amd64	snapd	snapd_2.76.3%2bubuntu22.04_amd64.deb	ap-northeast-2.ec2.archive.ubuntu.com		main	33867008	4242a2942e5683590917e2ffe17402d6bf67da820af2b5db0e63a3311a56a65f	http://ap-northeast-2.ec2.archive.ubuntu.com/ubuntu/pool/main/s/snapd/snapd_2.76.3%2bubuntu22.04_amd64.deb	http://ap-northeast-2.ec2.archive.ubuntu.com/ubuntu/pool/main/s/snapd/snapd_2.76.3%2bubuntu22.04_amd64.deb	true	true	true	proxy_access_log
focal-to-jammy	fuse3	3.10.5-1build1	amd64	fuse3	fuse3_3.10.5-1build1_amd64.deb	ap-northeast-2.ec2.archive.ubuntu.com		main	24744	c2156e32a8115f57c0a26905de434a53f689cf3685e252b64e8d6bc4a3da8811	http://ap-northeast-2.ec2.archive.ubuntu.com/ubuntu/pool/main/f/fuse3/fuse3_3.10.5-1build1_amd64.deb	http://ap-northeast-2.ec2.archive.ubuntu.com/ubuntu/pool/main/f/fuse3/fuse3_3.10.5-1build1_amd64.deb	true	true	true	proxy_access_log
focal-to-jammy	ntfs-3g	2021.8.22-3ubuntu1.4	amd64	ntfs-3g	ntfs-3g_2021.8.22-3ubuntu1.4_amd64.deb	ap-northeast-2.ec2.archive.ubuntu.com		main	408404	470ff0bcee389c861743a8aa0aafe6ea1dd4ec813810db6a8a2e0ceecc37c0b3	http://ap-northeast-2.ec2.archive.ubuntu.com/ubuntu/pool/main/n/ntfs-3g/ntfs-3g_2021.8.22-3ubuntu1.4_amd64.deb	http://ap-northeast-2.ec2.archive.ubuntu.com/ubuntu/pool/main/n/ntfs-3g/ntfs-3g_2021.8.22-3ubuntu1.4_amd64.deb	true	true	true	proxy_access_log
focal-to-jammy	libc-ares2	1.18.1-1ubuntu0.22.04.3	amd64	c-ares	libc-ares2_1.18.1-1ubuntu0.22.04.3_amd64.deb	ap-northeast-2.ec2.archive.ubuntu.com		main	45110	d1c9a66669d6a4ec968efebb670a72d2188d98a1f37823c1f6cde8da23b51e0c	http://ap-northeast-2.ec2.archive.ubuntu.com/ubuntu/pool/main/c/c-ares/libc-ares2_1.18.1-1ubuntu0.22.04.3_amd64.deb	http://ap-northeast-2.ec2.archive.ubuntu.com/ubuntu/pool/main/c/c-ares/libc-ares2_1.18.1-1ubuntu0.22.04.3_amd64.deb	true	true	true	proxy_access_log
focal-to-jammy	libuv1	1.43.0-1ubuntu0.1	amd64	libuv1	libuv1_1.43.0-1ubuntu0.1_amd64.deb	ap-northeast-2.ec2.archive.ubuntu.com		main	92708	42f5ebc9d1770e2589444d326d2adadd1308cdcf2974b629f80150e4159e9c79	http://ap-northeast-2.ec2.archive.ubuntu.com/ubuntu/pool/main/libu/libuv1/libuv1_1.43.0-1ubuntu0.1_amd64.deb	http://ap-northeast-2.ec2.archive.ubuntu.com/ubuntu/pool/main/libu/libuv1/libuv1_1.43.0-1ubuntu0.1_amd64.deb	true	true	true	proxy_access_log
focal-to-jammy	nodejs	12.22.9%7edfsg-1ubuntu3.6	amd64	nodejs	nodejs_12.22.9%7edfsg-1ubuntu3.6_amd64.deb	ap-northeast-2.ec2.archive.ubuntu.com		universe	121784	3c1eb5fb0cf4bd03bdf5bc92b9a5188f0a793de02fe01f78214e66946aca4ff1	http://ap-northeast-2.ec2.archive.ubuntu.com/ubuntu/pool/universe/n/nodejs/nodejs_12.22.9%7edfsg-1ubuntu3.6_amd64.deb	http://ap-northeast-2.ec2.archive.ubuntu.com/ubuntu/pool/universe/n/nodejs/nodejs_12.22.9%7edfsg-1ubuntu3.6_amd64.deb	true	true	true	proxy_access_log
focal-to-jammy	libnode72	12.22.9%7edfsg-1ubuntu3.6	amd64	libnode72	libnode72_12.22.9%7edfsg-1ubuntu3.6_amd64.deb	ap-northeast-2.ec2.archive.ubuntu.com		universe	10793262	7603e9223a988c7f7e7da64cde3a02cdacf65a9a48097f84d1a93b19e7def215	http://ap-northeast-2.ec2.archive.ubuntu.com/ubuntu/pool/universe/n/nodejs/libnode72_12.22.9%7edfsg-1ubuntu3.6_amd64.deb	http://ap-northeast-2.ec2.archive.ubuntu.com/ubuntu/pool/universe/n/nodejs/libnode72_12.22.9%7edfsg-1ubuntu3.6_amd64.deb	true	true	true	proxy_access_log
focal-to-jammy	libarchive13	3.6.0-1ubuntu1.8	amd64	libarchive	libarchive13_3.6.0-1ubuntu1.8_amd64.deb	ap-northeast-2.ec2.archive.ubuntu.com		main	367912	57c3396d076db1fd78854b9428e75f4d02e5d2b7b8a08a2b48ebe580226b47a3	http://ap-northeast-2.ec2.archive.ubuntu.com/ubuntu/pool/main/liba/libarchive/libarchive13_3.6.0-1ubuntu1.8_amd64.deb	http://ap-northeast-2.ec2.archive.ubuntu.com/ubuntu/pool/main/liba/libarchive/libarchive13_3.6.0-1ubuntu1.8_amd64.deb	true	true	true	proxy_access_log
focal-to-jammy	libusb-1.0-0	1.0.25-1ubuntu2	amd64	libusb-1.0-0	libusb-1.0-0_1.0.25-1ubuntu2_amd64.deb	ap-northeast-2.ec2.archive.ubuntu.com		main	52688	99b98c9cc9c88c4d7f50e106e9f0cbff868c5d14809f516b1947d3d2c4638aae	http://ap-northeast-2.ec2.archive.ubuntu.com/ubuntu/pool/main/libu/libusb-1.0/libusb-1.0-0_1.0.25-1ubuntu2_amd64.deb	http://ap-northeast-2.ec2.archive.ubuntu.com/ubuntu/pool/main/libu/libusb-1.0/libusb-1.0-0_1.0.25-1ubuntu2_amd64.deb	true	true	true	proxy_access_log
focal-to-jammy	libftdi1-2	1.5-5build3	amd64	libftdi1	libftdi1-2_1.5-5build3_amd64.deb	ap-northeast-2.ec2.archive.ubuntu.com		main	27512	f3346a4d75fda07302f970709352be0bf32887b5968b6478fe8437d3dd249f27	http://ap-northeast-2.ec2.archive.ubuntu.com/ubuntu/pool/main/libf/libftdi1/libftdi1-2_1.5-5build3_amd64.deb	http://ap-northeast-2.ec2.archive.ubuntu.com/ubuntu/pool/main/libf/libftdi1/libftdi1-2_1.5-5build3_amd64.deb	true	true	true	proxy_access_log
focal-to-jammy	pci.ids	0.0%7e2022.01.22-1ubuntu0.1	all	pci.ids	pci.ids_0.0%7e2022.01.22-1ubuntu0.1_all.deb	ap-northeast-2.ec2.archive.ubuntu.com		main	250790	026609ed71363cd6ed13ace2dac0c9813d94be3874c778539a8a64d6d2cc5566	http://ap-northeast-2.ec2.archive.ubuntu.com/ubuntu/pool/main/p/pci.ids/pci.ids_0.0%7e2022.01.22-1ubuntu0.1_all.deb	http://ap-northeast-2.ec2.archive.ubuntu.com/ubuntu/pool/main/p/pci.ids/pci.ids_0.0%7e2022.01.22-1ubuntu0.1_all.deb	true	true	true	proxy_access_log
focal-to-jammy	pciutils	3.7.0-6	amd64	pciutils	pciutils_3.7.0-6_amd64.deb	ap-northeast-2.ec2.archive.ubuntu.com		main	63640	830f2957662723860d3ebac949b22867df00d9a4c5ab1c2bf98e10674dc1c756	http://ap-northeast-2.ec2.archive.ubuntu.com/ubuntu/pool/main/p/pciutils/pciutils_3.7.0-6_amd64.deb	http://ap-northeast-2.ec2.archive.ubuntu.com/ubuntu/pool/main/p/pciutils/pciutils_3.7.0-6_amd64.deb	true	true	true	proxy_access_log
focal-to-jammy	libpci3	3.7.0-6	amd64	libpci3	libpci3_3.7.0-6_amd64.deb	ap-northeast-2.ec2.archive.ubuntu.com		main	28896	624bea7b5a9073a5bc2dfa5d956571d6127c20400fcfcfca1e47b7448ba5d351	http://ap-northeast-2.ec2.archive.ubuntu.com/ubuntu/pool/main/p/pciutils/libpci3_3.7.0-6_amd64.deb	http://ap-northeast-2.ec2.archive.ubuntu.com/ubuntu/pool/main/p/pciutils/libpci3_3.7.0-6_amd64.deb	true	true	true	proxy_access_log
focal-to-jammy	libflashrom1	1.2-5build1	amd64	flashrom	libflashrom1_1.2-5build1_amd64.deb	ap-northeast-2.ec2.archive.ubuntu.com		main	183584	6cee998a20acda2017560d11c93e094bc23425dbb4f4acab05bef56a0aa27d56	http://ap-northeast-2.ec2.archive.ubuntu.com/ubuntu/pool/main/f/flashrom/libflashrom1_1.2-5build1_amd64.deb	http://ap-northeast-2.ec2.archive.ubuntu.com/ubuntu/pool/main/f/flashrom/libflashrom1_1.2-5build1_amd64.deb	true	true	true	proxy_access_log
focal-to-jammy	libgpgme11	1.16.0-1.2ubuntu4.2	amd64	gpgme1.0	libgpgme11_1.16.0-1.2ubuntu4.2_amd64.deb	ap-northeast-2.ec2.archive.ubuntu.com		main	136044	1e4676f643df40edda7aad3b39cf2882004a4b5886f2c4165e9664a51f05460e	http://ap-northeast-2.ec2.archive.ubuntu.com/ubuntu/pool/main/g/gpgme1.0/libgpgme11_1.16.0-1.2ubuntu4.2_amd64.deb	http://ap-northeast-2.ec2.archive.ubuntu.com/ubuntu/pool/main/g/gpgme1.0/libgpgme11_1.16.0-1.2ubuntu4.2_amd64.deb	true	true	true	proxy_access_log
focal-to-jammy	libjson-glib-1.0-common	1.6.6-1build1	all	json-glib	libjson-glib-1.0-common_1.6.6-1build1_all.deb	ap-northeast-2.ec2.archive.ubuntu.com		main	4432	a1c05818ea1851602e64e1c86c56c54d99f8ce03e011b01105631367aad89840	http://ap-northeast-2.ec2.archive.ubuntu.com/ubuntu/pool/main/j/json-glib/libjson-glib-1.0-common_1.6.6-1build1_all.deb	http://ap-northeast-2.ec2.archive.ubuntu.com/ubuntu/pool/main/j/json-glib/libjson-glib-1.0-common_1.6.6-1build1_all.deb	true	true	true	proxy_access_log
focal-to-jammy	libjson-glib-1.0-0	1.6.6-1build1	amd64	json-glib	libjson-glib-1.0-0_1.6.6-1build1_amd64.deb	ap-northeast-2.ec2.archive.ubuntu.com		main	69866	b8c0a840e8ea5aad3dbad375d7fea64cf8f734a89a12115aae3527a8514b4329	http://ap-northeast-2.ec2.archive.ubuntu.com/ubuntu/pool/main/j/json-glib/libjson-glib-1.0-0_1.6.6-1build1_amd64.deb	http://ap-northeast-2.ec2.archive.ubuntu.com/ubuntu/pool/main/j/json-glib/libjson-glib-1.0-0_1.6.6-1build1_amd64.deb	true	true	true	proxy_access_log
focal-to-jammy	libjcat1	0.2.3-1%7eubuntu0.22.04.1	amd64	libjcat1	libjcat1_0.2.3-1%7eubuntu0.22.04.1_amd64.deb	ap-northeast-2.ec2.archive.ubuntu.com		main	35922	c2f6a9af1073ebd3eb061ec25d70fc0e7446c3b4dbe715ed3327ca16580f3878	http://ap-northeast-2.ec2.archive.ubuntu.com/ubuntu/pool/main/libj/libjcat/libjcat1_0.2.3-1%7eubuntu0.22.04.1_amd64.deb	http://ap-northeast-2.ec2.archive.ubuntu.com/ubuntu/pool/main/libj/libjcat/libjcat1_0.2.3-1%7eubuntu0.22.04.1_amd64.deb	true	true	true	proxy_access_log
focal-to-jammy	libfwupd3	2.0.20-1ubuntu2%7e22.04.2	amd64	libfwupd3	libfwupd3_2.0.20-1ubuntu2%7e22.04.2_amd64.deb	ap-northeast-2.ec2.archive.ubuntu.com		main	156098	3bd63f6969fecebccaaf37a1c058013202b61d5352712278f9f3cb59507e71f8	http://ap-northeast-2.ec2.archive.ubuntu.com/ubuntu/pool/main/f/fwupd/libfwupd3_2.0.20-1ubuntu2%7e22.04.2_amd64.deb	http://ap-northeast-2.ec2.archive.ubuntu.com/ubuntu/pool/main/f/fwupd/libfwupd3_2.0.20-1ubuntu2%7e22.04.2_amd64.deb	true	true	true	proxy_access_log
focal-to-jammy	libprotobuf-c1	1.3.3-1ubuntu2.1	amd64	protobuf-c	libprotobuf-c1_1.3.3-1ubuntu2.1_amd64.deb	ap-northeast-2.ec2.archive.ubuntu.com		main	20314	0bd8b807de20e7a0298b43e532493571a2a5e28f617fe253f0dd977d0d772c53	http://ap-northeast-2.ec2.archive.ubuntu.com/ubuntu/pool/main/p/protobuf-c/libprotobuf-c1_1.3.3-1ubuntu2.1_amd64.deb	http://ap-northeast-2.ec2.archive.ubuntu.com/ubuntu/pool/main/p/protobuf-c/libprotobuf-c1_1.3.3-1ubuntu2.1_amd64.deb	true	true	true	proxy_access_log
focal-to-jammy	tpm-udev	0.6	all	tpm-udev	tpm-udev_0.6_all.deb	ap-northeast-2.ec2.archive.ubuntu.com		main	3080	c2b4695509e6dc726494cc273f2db222a869c1a5e85db0d5d2713d0a7397207e	http://ap-northeast-2.ec2.archive.ubuntu.com/ubuntu/pool/main/t/tpm-udev/tpm-udev_0.6_all.deb	http://ap-northeast-2.ec2.archive.ubuntu.com/ubuntu/pool/main/t/tpm-udev/tpm-udev_0.6_all.deb	true	true	true	proxy_access_log
focal-to-jammy	fwupd	2.0.20-1ubuntu2%7e22.04.2	amd64	fwupd	fwupd_2.0.20-1ubuntu2%7e22.04.2_amd64.deb	ap-northeast-2.ec2.archive.ubuntu.com		main	4330468	ccf2d533e302072f30bea1f26fa9f80c017585ee93bd5e04af5d0375b2d5d188	http://ap-northeast-2.ec2.archive.ubuntu.com/ubuntu/pool/main/f/fwupd/fwupd_2.0.20-1ubuntu2%7e22.04.2_amd64.deb	http://ap-northeast-2.ec2.archive.ubuntu.com/ubuntu/pool/main/f/fwupd/fwupd_2.0.20-1ubuntu2%7e22.04.2_amd64.deb	true	true	true	proxy_access_log
focal-to-jammy	libtss2-mu0	3.2.0-1ubuntu1.1	amd64	tpm2-tss	libtss2-mu0_3.2.0-1ubuntu1.1_amd64.deb	ap-northeast-2.ec2.archive.ubuntu.com		main	65634	ae17c545e21c7ed3722aeda00696c88bd7dbf2c7f9cf4428132a288700671fe2	http://ap-northeast-2.ec2.archive.ubuntu.com/ubuntu/pool/main/t/tpm2-tss/libtss2-mu0_3.2.0-1ubuntu1.1_amd64.deb	http://ap-northeast-2.ec2.archive.ubuntu.com/ubuntu/pool/main/t/tpm2-tss/libtss2-mu0_3.2.0-1ubuntu1.1_amd64.deb	true	true	true	proxy_access_log
focal-to-jammy	libtss2-tcti-cmd0	3.2.0-1ubuntu1.1	amd64	tpm2-tss	libtss2-tcti-cmd0_3.2.0-1ubuntu1.1_amd64.deb	ap-northeast-2.ec2.archive.ubuntu.com		main	16688	e4fe082e79adac024fc3408f5c786c66d262312ce1770389185d586e4b5b3aa9	http://ap-northeast-2.ec2.archive.ubuntu.com/ubuntu/pool/main/t/tpm2-tss/libtss2-tcti-cmd0_3.2.0-1ubuntu1.1_amd64.deb	http://ap-northeast-2.ec2.archive.ubuntu.com/ubuntu/pool/main/t/tpm2-tss/libtss2-tcti-cmd0_3.2.0-1ubuntu1.1_amd64.deb	true	true	true	proxy_access_log
focal-to-jammy	libtss2-tcti-device0	3.2.0-1ubuntu1.1	amd64	tpm2-tss	libtss2-tcti-device0_3.2.0-1ubuntu1.1_amd64.deb	ap-northeast-2.ec2.archive.ubuntu.com		main	15274	2f025fdaa5dbe5f0ed17ce4c52e23d977dd168e1fd5a2790a8c8c37527245bc2	http://ap-northeast-2.ec2.archive.ubuntu.com/ubuntu/pool/main/t/tpm2-tss/libtss2-tcti-device0_3.2.0-1ubuntu1.1_amd64.deb	http://ap-northeast-2.ec2.archive.ubuntu.com/ubuntu/pool/main/t/tpm2-tss/libtss2-tcti-device0_3.2.0-1ubuntu1.1_amd64.deb	true	true	true	proxy_access_log
focal-to-jammy	libtss2-tcti-mssim0	3.2.0-1ubuntu1.1	amd64	tpm2-tss	libtss2-tcti-mssim0_3.2.0-1ubuntu1.1_amd64.deb	ap-northeast-2.ec2.archive.ubuntu.com		main	15366	4dc277e06806000645d4c99d478e262a71d042780324da0f172a92aaa8144228	http://ap-northeast-2.ec2.archive.ubuntu.com/ubuntu/pool/main/t/tpm2-tss/libtss2-tcti-mssim0_3.2.0-1ubuntu1.1_amd64.deb	http://ap-northeast-2.ec2.archive.ubuntu.com/ubuntu/pool/main/t/tpm2-tss/libtss2-tcti-mssim0_3.2.0-1ubuntu1.1_amd64.deb	true	true	true	proxy_access_log
focal-to-jammy	libtss2-tcti-swtpm0	3.2.0-1ubuntu1.1	amd64	tpm2-tss	libtss2-tcti-swtpm0_3.2.0-1ubuntu1.1_amd64.deb	ap-northeast-2.ec2.archive.ubuntu.com		main	15404	223b86ee05a22c04caf2cf83ab3a907cd913d2363b13b6003f9d2fa2f50b28a3	http://ap-northeast-2.ec2.archive.ubuntu.com/ubuntu/pool/main/t/tpm2-tss/libtss2-tcti-swtpm0_3.2.0-1ubuntu1.1_amd64.deb	http://ap-northeast-2.ec2.archive.ubuntu.com/ubuntu/pool/main/t/tpm2-tss/libtss2-tcti-swtpm0_3.2.0-1ubuntu1.1_amd64.deb	true	true	true	proxy_access_log
focal-to-jammy	libtss2-sys1	3.2.0-1ubuntu1.1	amd64	tpm2-tss	libtss2-sys1_3.2.0-1ubuntu1.1_amd64.deb	ap-northeast-2.ec2.archive.ubuntu.com		main	40956	22f072ff328d8accb2b76ada216ccc8ac9d7cabe36a27a474165c84a3f68e685	http://ap-northeast-2.ec2.archive.ubuntu.com/ubuntu/pool/main/t/tpm2-tss/libtss2-sys1_3.2.0-1ubuntu1.1_amd64.deb	http://ap-northeast-2.ec2.archive.ubuntu.com/ubuntu/pool/main/t/tpm2-tss/libtss2-sys1_3.2.0-1ubuntu1.1_amd64.deb	true	true	true	proxy_access_log
focal-to-jammy	libtss2-esys-3.0.2-0	3.2.0-1ubuntu1.1	amd64	tpm2-tss	libtss2-esys-3.0.2-0_3.2.0-1ubuntu1.1_amd64.deb	ap-northeast-2.ec2.archive.ubuntu.com		main	150038	5feceed992efdf162e2b87fd844fb942b19b1b60202ccb7f01f8c3ac840f51e6	http://ap-northeast-2.ec2.archive.ubuntu.com/ubuntu/pool/main/t/tpm2-tss/libtss2-esys-3.0.2-0_3.2.0-1ubuntu1.1_amd64.deb	http://ap-northeast-2.ec2.archive.ubuntu.com/ubuntu/pool/main/t/tpm2-tss/libtss2-esys-3.0.2-0_3.2.0-1ubuntu1.1_amd64.deb	true	true	true	proxy_access_log
focal-to-jammy	shared-mime-info	2.1-2	amd64	shared-mime-info	shared-mime-info_2.1-2_amd64.deb	ap-northeast-2.ec2.archive.ubuntu.com		main	453644	0c0164e8673e2607ffa16511f595c5060658a06c0ccf784c269d4e9cd2463942	http://ap-northeast-2.ec2.archive.ubuntu.com/ubuntu/pool/main/s/shared-mime-info/shared-mime-info_2.1-2_amd64.deb	http://ap-northeast-2.ec2.archive.ubuntu.com/ubuntu/pool/main/s/shared-mime-info/shared-mime-info_2.1-2_amd64.deb	true	true	true	proxy_access_log
focal-to-jammy	init	1.62	amd64	init-system-helpers	init_1.62_amd64.deb	ap-northeast-2.ec2.archive.ubuntu.com		main	5412	f5bb86fc35a352e087955f7674c852dedca764b7a2ceaceec8129e54a76b6347	http://ap-northeast-2.ec2.archive.ubuntu.com/ubuntu/pool/main/i/init-system-helpers/init_1.62_amd64.deb	http://ap-northeast-2.ec2.archive.ubuntu.com/ubuntu/pool/main/i/init-system-helpers/init_1.62_amd64.deb	true	true	true	proxy_access_log
focal-to-jammy	cron	3.0pl1-137ubuntu3	amd64	cron	cron_3.0pl1-137ubuntu3_amd64.deb	ap-northeast-2.ec2.archive.ubuntu.com		main	73668	5dde1799e4086cf8833b82855fe755d292c2ed1855364355daff4364ce62beab	http://ap-northeast-2.ec2.archive.ubuntu.com/ubuntu/pool/main/c/cron/cron_3.0pl1-137ubuntu3_amd64.deb	http://ap-northeast-2.ec2.archive.ubuntu.com/ubuntu/pool/main/c/cron/cron_3.0pl1-137ubuntu3_amd64.deb	true	true	true	proxy_access_log
focal-to-jammy	libnuma1	2.0.14-3ubuntu2	amd64	numactl	libnuma1_2.0.14-3ubuntu2_amd64.deb	ap-northeast-2.ec2.archive.ubuntu.com		main	22478	0721c89001fbbd1ada23e89da5d60e762763c1a7b3dc814a2e9a518480a8043d	http://ap-northeast-2.ec2.archive.ubuntu.com/ubuntu/pool/main/n/numactl/libnuma1_2.0.14-3ubuntu2_amd64.deb	http://ap-northeast-2.ec2.archive.ubuntu.com/ubuntu/pool/main/n/numactl/libnuma1_2.0.14-3ubuntu2_amd64.deb	true	true	true	proxy_access_log
focal-to-jammy	irqbalance	1.8.0-1ubuntu0.2	amd64	irqbalance	irqbalance_1.8.0-1ubuntu0.2_amd64.deb	ap-northeast-2.ec2.archive.ubuntu.com		main	47182	8d6bcb392e3ca7afd47028366048cb0fb09c962a22e8c38dbccc24f3a54c728a	http://ap-northeast-2.ec2.archive.ubuntu.com/ubuntu/pool/main/i/irqbalance/irqbalance_1.8.0-1ubuntu0.2_amd64.deb	http://ap-northeast-2.ec2.archive.ubuntu.com/ubuntu/pool/main/i/irqbalance/irqbalance_1.8.0-1ubuntu0.2_amd64.deb	true	true	true	proxy_access_log
focal-to-jammy	libntfs-3g89	2021.8.22-3ubuntu1.4	amd64	libntfs-3g89	libntfs-3g89_2021.8.22-3ubuntu1.4_amd64.deb	ap-northeast-2.ec2.archive.ubuntu.com		main	162532	cbb3debf3a9c1aad0c18b476b6f88c6eac949bd9662cdcddf74c0948141834a7	http://ap-northeast-2.ec2.archive.ubuntu.com/ubuntu/pool/main/n/ntfs-3g/libntfs-3g89_2021.8.22-3ubuntu1.4_amd64.deb	http://ap-northeast-2.ec2.archive.ubuntu.com/ubuntu/pool/main/n/ntfs-3g/libntfs-3g89_2021.8.22-3ubuntu1.4_amd64.deb	true	true	true	proxy_access_log
focal-to-jammy	rsync	3.2.7-0ubuntu0.22.04.7	amd64	rsync	rsync_3.2.7-0ubuntu0.22.04.7_amd64.deb	ap-northeast-2.ec2.archive.ubuntu.com		main	444910	0f1f6c57367d67027f735171e69c769fe4c5552e267314a31f5e92064e36c153	http://ap-northeast-2.ec2.archive.ubuntu.com/ubuntu/pool/main/r/rsync/rsync_3.2.7-0ubuntu0.22.04.7_amd64.deb	http://ap-northeast-2.ec2.archive.ubuntu.com/ubuntu/pool/main/r/rsync/rsync_3.2.7-0ubuntu0.22.04.7_amd64.deb	true	true	true	proxy_access_log
focal-to-jammy	uuid-runtime	2.37.2-4ubuntu3.5	amd64	util-linux	uuid-runtime_2.37.2-4ubuntu3.5_amd64.deb	ap-northeast-2.ec2.archive.ubuntu.com		main	32058	6d19ab11026fb93677d6e3e73d0431202dfd95b623a762f33c56ea33fefb809a	http://ap-northeast-2.ec2.archive.ubuntu.com/ubuntu/pool/main/u/util-linux/uuid-runtime_2.37.2-4ubuntu3.5_amd64.deb	http://ap-northeast-2.ec2.archive.ubuntu.com/ubuntu/pool/main/u/util-linux/uuid-runtime_2.37.2-4ubuntu3.5_amd64.deb	true	true	true	proxy_access_log
focal-to-jammy	acpid	2.0.33-1ubuntu1	amd64	acpid	acpid_2.0.33-1ubuntu1_amd64.deb	ap-northeast-2.ec2.archive.ubuntu.com		main	35846	a36f1d65a89d4c2a75500ff1c0134d9ec629226942afad705a3e4c905875196f	http://ap-northeast-2.ec2.archive.ubuntu.com/ubuntu/pool/main/a/acpid/acpid_2.0.33-1ubuntu1_amd64.deb	http://ap-northeast-2.ec2.archive.ubuntu.com/ubuntu/pool/main/a/acpid/acpid_2.0.33-1ubuntu1_amd64.deb	true	true	true	proxy_access_log
focal-to-jammy	accountsservice	22.07.5-2ubuntu1.6	amd64	accountsservice	accountsservice_22.07.5-2ubuntu1.6_amd64.deb	ap-northeast-2.ec2.archive.ubuntu.com		main	70318	18fa1f25ec17908fa710f96a6d46f27a63d3062401b9ea3fca2ea81619715de9	http://ap-northeast-2.ec2.archive.ubuntu.com/ubuntu/pool/main/a/accountsservice/accountsservice_22.07.5-2ubuntu1.6_amd64.deb	http://ap-northeast-2.ec2.archive.ubuntu.com/ubuntu/pool/main/a/accountsservice/accountsservice_22.07.5-2ubuntu1.6_amd64.deb	true	true	true	proxy_access_log
focal-to-jammy	libaccountsservice0	22.07.5-2ubuntu1.6	amd64	accountsservice	libaccountsservice0_22.07.5-2ubuntu1.6_amd64.deb	ap-northeast-2.ec2.archive.ubuntu.com		main	62664	f54feb1ed3ec4374d8b4d0df2256717810475d007438f40790fee10a6a61bf30	http://ap-northeast-2.ec2.archive.ubuntu.com/ubuntu/pool/main/a/accountsservice/libaccountsservice0_22.07.5-2ubuntu1.6_amd64.deb	http://ap-northeast-2.ec2.archive.ubuntu.com/ubuntu/pool/main/a/accountsservice/libaccountsservice0_22.07.5-2ubuntu1.6_amd64.deb	true	true	true	proxy_access_log
focal-to-jammy	language-selector-common	0.219.1	all	language-selector	language-selector-common_0.219.1_all.deb	ap-northeast-2.ec2.archive.ubuntu.com		main	254608	264165eae3dfe48ae8f12539f67b01da26b44d5099cf097129ad3de8ad9328e2	http://ap-northeast-2.ec2.archive.ubuntu.com/ubuntu/pool/main/l/language-selector/language-selector-common_0.219.1_all.deb	http://ap-northeast-2.ec2.archive.ubuntu.com/ubuntu/pool/main/l/language-selector/language-selector-common_0.219.1_all.deb	true	true	true	proxy_access_log
focal-to-jammy	libisns0	0.101-0ubuntu2	amd64	open-isns	libisns0_0.101-0ubuntu2_amd64.deb	ap-northeast-2.ec2.archive.ubuntu.com		main	96316	bc08bcffa1eda9bc718c8578e739c73c95ecb9e82ce0555cd98ccf1ba996c86a	http://ap-northeast-2.ec2.archive.ubuntu.com/ubuntu/pool/main/o/open-isns/libisns0_0.101-0ubuntu2_amd64.deb	http://ap-northeast-2.ec2.archive.ubuntu.com/ubuntu/pool/main/o/open-isns/libisns0_0.101-0ubuntu2_amd64.deb	true	true	true	proxy_access_log
focal-to-jammy	libopeniscsiusr	2.1.5-1ubuntu1.1	amd64	open-iscsi	libopeniscsiusr_2.1.5-1ubuntu1.1_amd64.deb	ap-northeast-2.ec2.archive.ubuntu.com		main	67428	8eb54eba27a1469e6b9cf5a132b7efff31cd2ade0f06aa3b2a81c55854ad8a7c	http://ap-northeast-2.ec2.archive.ubuntu.com/ubuntu/pool/main/o/open-iscsi/libopeniscsiusr_2.1.5-1ubuntu1.1_amd64.deb	http://ap-northeast-2.ec2.archive.ubuntu.com/ubuntu/pool/main/o/open-iscsi/libopeniscsiusr_2.1.5-1ubuntu1.1_amd64.deb	true	true	true	proxy_access_log
focal-to-jammy	open-iscsi	2.1.5-1ubuntu1.1	amd64	open-iscsi	open-iscsi_2.1.5-1ubuntu1.1_amd64.deb	ap-northeast-2.ec2.archive.ubuntu.com		main	323308	59129f84ade3068b2a0e6ad86dd0dc4c1b3a8563e586722615184a5513e79075	http://ap-northeast-2.ec2.archive.ubuntu.com/ubuntu/pool/main/o/open-iscsi/open-iscsi_2.1.5-1ubuntu1.1_amd64.deb	http://ap-northeast-2.ec2.archive.ubuntu.com/ubuntu/pool/main/o/open-iscsi/open-iscsi_2.1.5-1ubuntu1.1_amd64.deb	true	true	true	proxy_access_log
focal-to-jammy	popularity-contest	1.71ubuntu3	all	popularity-contest	popularity-contest_1.71ubuntu3_all.deb	ap-northeast-2.ec2.archive.ubuntu.com		universe	56130	1ce69f4078d7f57b6fb24b8dc5686391d50d73fd647750114dbde6d81946ec3c	http://ap-northeast-2.ec2.archive.ubuntu.com/ubuntu/pool/universe/p/popularity-contest/popularity-contest_1.71ubuntu3_all.deb	http://ap-northeast-2.ec2.archive.ubuntu.com/ubuntu/pool/universe/p/popularity-contest/popularity-contest_1.71ubuntu3_all.deb	true	true	true	proxy_access_log
focal-to-jammy	sgml-base	1.30	all	sgml-base	sgml-base_1.30_all.deb	ap-northeast-2.ec2.archive.ubuntu.com		main	12500	2441992848986a4f19c8683971a40f12731e9e6e7ec58a67e911eacf7cd324c3	http://ap-northeast-2.ec2.archive.ubuntu.com/ubuntu/pool/main/s/sgml-base/sgml-base_1.30_all.deb	http://ap-northeast-2.ec2.archive.ubuntu.com/ubuntu/pool/main/s/sgml-base/sgml-base_1.30_all.deb	true	true	true	proxy_access_log
focal-to-jammy	squashfs-tools	4.5-3build1	amd64	squashfs-tools	squashfs-tools_4.5-3build1_amd64.deb	ap-northeast-2.ec2.archive.ubuntu.com		main	158782	96a92cd6f2784d87007b0d057b162df85941a2b42351bbb964ea4d94c72b841e	http://ap-northeast-2.ec2.archive.ubuntu.com/ubuntu/pool/main/s/squashfs-tools/squashfs-tools_4.5-3build1_amd64.deb	http://ap-northeast-2.ec2.archive.ubuntu.com/ubuntu/pool/main/s/squashfs-tools/squashfs-tools_4.5-3build1_amd64.deb	true	true	true	proxy_access_log
focal-to-jammy	libmspack0	0.10.1-2build2	amd64	libmspack	libmspack0_0.10.1-2build2_amd64.deb	ap-northeast-2.ec2.archive.ubuntu.com		main	39596	b9849f8d1b6868368449e17aa74686227dde799af929840d5b6bc16827748552	http://ap-northeast-2.ec2.archive.ubuntu.com/ubuntu/pool/main/libm/libmspack/libmspack0_0.10.1-2build2_amd64.deb	http://ap-northeast-2.ec2.archive.ubuntu.com/ubuntu/pool/main/libm/libmspack/libmspack0_0.10.1-2build2_amd64.deb	true	true	true	proxy_access_log
focal-to-jammy	libxslt1.1	1.1.34-4ubuntu0.22.04.5	amd64	libxslt	libxslt1.1_1.1.34-4ubuntu0.22.04.5_amd64.deb	ap-northeast-2.ec2.archive.ubuntu.com		main	164590	5e50bc83e9365942cf63272d8a45ce71170aaf4a1a4e3c4b30f591f6194d77ef	http://ap-northeast-2.ec2.archive.ubuntu.com/ubuntu/pool/main/libx/libxslt/libxslt1.1_1.1.34-4ubuntu0.22.04.5_amd64.deb	http://ap-northeast-2.ec2.archive.ubuntu.com/ubuntu/pool/main/libx/libxslt/libxslt1.1_1.1.34-4ubuntu0.22.04.5_amd64.deb	true	true	true	proxy_access_log
focal-to-jammy	libxmlsec1	1.2.33-1build2	amd64	xmlsec1	libxmlsec1_1.2.33-1build2_amd64.deb	ap-northeast-2.ec2.archive.ubuntu.com		main	138742	82bb2c8f8ef567095b3913da91901d133853719aa6495436446aae0bac732664	http://ap-northeast-2.ec2.archive.ubuntu.com/ubuntu/pool/main/x/xmlsec1/libxmlsec1_1.2.33-1build2_amd64.deb	http://ap-northeast-2.ec2.archive.ubuntu.com/ubuntu/pool/main/x/xmlsec1/libxmlsec1_1.2.33-1build2_amd64.deb	true	true	true	proxy_access_log
focal-to-jammy	libxmlsec1-openssl	1.2.33-1build2	amd64	xmlsec1	libxmlsec1-openssl_1.2.33-1build2_amd64.deb	ap-northeast-2.ec2.archive.ubuntu.com		main	85548	fcd84fd7d7165aa0ae87204699b31f3b3219d3d4da05c11f673c3cc80bdc0095	http://ap-northeast-2.ec2.archive.ubuntu.com/ubuntu/pool/main/x/xmlsec1/libxmlsec1-openssl_1.2.33-1build2_amd64.deb	http://ap-northeast-2.ec2.archive.ubuntu.com/ubuntu/pool/main/x/xmlsec1/libxmlsec1-openssl_1.2.33-1build2_amd64.deb	true	true	true	proxy_access_log
focal-to-jammy	open-vm-tools	12.3.5-3%7eubuntu0.22.04.3	amd64	open-vm-tools	open-vm-tools_12.3.5-3%7eubuntu0.22.04.3_amd64.deb	ap-northeast-2.ec2.archive.ubuntu.com		main	746550	ecc36ae8ccb2024f95cd9002fa9046f75dbd2509594726d9969f5f10e33c5811	http://ap-northeast-2.ec2.archive.ubuntu.com/ubuntu/pool/main/o/open-vm-tools/open-vm-tools_12.3.5-3%7eubuntu0.22.04.3_amd64.deb	http://ap-northeast-2.ec2.archive.ubuntu.com/ubuntu/pool/main/o/open-vm-tools/open-vm-tools_12.3.5-3%7eubuntu0.22.04.3_amd64.deb	true	true	true	proxy_access_log
focal-to-jammy	libss2	1.46.5-2ubuntu1.2	amd64	e2fsprogs	libss2_1.46.5-2ubuntu1.2_amd64.deb	ap-northeast-2.ec2.archive.ubuntu.com		main	12336	d66e527ac392d885bc2f8b2db602f07476e387a451bbcfe3539b1d1f9e9f9402	http://ap-northeast-2.ec2.archive.ubuntu.com/ubuntu/pool/main/e/e2fsprogs/libss2_1.46.5-2ubuntu1.2_amd64.deb	http://ap-northeast-2.ec2.archive.ubuntu.com/ubuntu/pool/main/e/e2fsprogs/libss2_1.46.5-2ubuntu1.2_amd64.deb	true	true	true	proxy_access_log
focal-to-jammy	mawk	1.3.4.20200120-3	amd64	mawk	mawk_1.3.4.20200120-3_amd64.deb	ap-northeast-2.ec2.archive.ubuntu.com		main	103616	73aea4eef18e9960e04ea2de58c3ee1bb552af6c1dc889ab33c6c896d3387c97	http://ap-northeast-2.ec2.archive.ubuntu.com/ubuntu/pool/main/m/mawk/mawk_1.3.4.20200120-3_amd64.deb	http://ap-northeast-2.ec2.archive.ubuntu.com/ubuntu/pool/main/m/mawk/mawk_1.3.4.20200120-3_amd64.deb	true	true	true	proxy_access_log
focal-to-jammy	usrmerge	25ubuntu2	all	usrmerge	usrmerge_25ubuntu2_all.deb	ap-northeast-2.ec2.archive.ubuntu.com		main	54662	43bed2d23b2005c0690017d7bf8c332d0fd73fea18be245bd838a3fe104c93ad	http://ap-northeast-2.ec2.archive.ubuntu.com/ubuntu/pool/main/u/usrmerge/usrmerge_25ubuntu2_all.deb	http://ap-northeast-2.ec2.archive.ubuntu.com/ubuntu/pool/main/u/usrmerge/usrmerge_25ubuntu2_all.deb	true	true	true	proxy_access_log
focal-to-jammy	eject	2.37.2-4ubuntu3.5	amd64	util-linux	eject_2.37.2-4ubuntu3.5_amd64.deb	ap-northeast-2.ec2.archive.ubuntu.com		main	26770	e238ea02f0177950f7f69d083e866dc70bd3fdf86ac624a410d3ad2dbc08ffc8	http://ap-northeast-2.ec2.archive.ubuntu.com/ubuntu/pool/main/u/util-linux/eject_2.37.2-4ubuntu3.5_amd64.deb	http://ap-northeast-2.ec2.archive.ubuntu.com/ubuntu/pool/main/u/util-linux/eject_2.37.2-4ubuntu3.5_amd64.deb	true	true	true	proxy_access_log
focal-to-jammy	iputils-ping	20211215-1ubuntu0.1	amd64	iputils-ping	iputils-ping_20211215-1ubuntu0.1_amd64.deb	ap-northeast-2.ec2.archive.ubuntu.com		main	43020	5883d183de4fbe0c9021468c6b1922c4bef1a258e60e7da16340e8d1f14d828b	http://ap-northeast-2.ec2.archive.ubuntu.com/ubuntu/pool/main/i/iputils/iputils-ping_20211215-1ubuntu0.1_amd64.deb	http://ap-northeast-2.ec2.archive.ubuntu.com/ubuntu/pool/main/i/iputils/iputils-ping_20211215-1ubuntu0.1_amd64.deb	true	true	true	proxy_access_log
focal-to-jammy	libisc-export1105	9.11.19%2bdfsg-2.1ubuntu3	amd64	libisc-export1105	libisc-export1105_9.11.19%2bdfsg-2.1ubuntu3_amd64.deb	ap-northeast-2.ec2.archive.ubuntu.com		main	191844	96ec022694dac276e7215db80b9ff1f39191b92e89f14fe474c675a149104327	http://ap-northeast-2.ec2.archive.ubuntu.com/ubuntu/pool/main/b/bind9-libs/libisc-export1105_9.11.19%2bdfsg-2.1ubuntu3_amd64.deb	http://ap-northeast-2.ec2.archive.ubuntu.com/ubuntu/pool/main/b/bind9-libs/libisc-export1105_9.11.19%2bdfsg-2.1ubuntu3_amd64.deb	true	true	true	proxy_access_log
focal-to-jammy	libdns-export1110	9.11.19%2bdfsg-2.1ubuntu3	amd64	libdns-export1110	libdns-export1110_9.11.19%2bdfsg-2.1ubuntu3_amd64.deb	ap-northeast-2.ec2.archive.ubuntu.com		main	827112	3b36c37641f51b909ca5b4efd7fd8d6a709d085b65739e5e32d07249b428e58b	http://ap-northeast-2.ec2.archive.ubuntu.com/ubuntu/pool/main/b/bind9-libs/libdns-export1110_9.11.19%2bdfsg-2.1ubuntu3_amd64.deb	http://ap-northeast-2.ec2.archive.ubuntu.com/ubuntu/pool/main/b/bind9-libs/libdns-export1110_9.11.19%2bdfsg-2.1ubuntu3_amd64.deb	true	true	true	proxy_access_log
focal-to-jammy	isc-dhcp-client	4.4.1-2.3ubuntu2.4	amd64	isc-dhcp	isc-dhcp-client_4.4.1-2.3ubuntu2.4_amd64.deb	ap-northeast-2.ec2.archive.ubuntu.com		main	234628	7ced656186de5041b76e28e7db208824f3ccff25ea736fca05c559b54f1e1436	http://ap-northeast-2.ec2.archive.ubuntu.com/ubuntu/pool/main/i/isc-dhcp/isc-dhcp-client_4.4.1-2.3ubuntu2.4_amd64.deb	http://ap-northeast-2.ec2.archive.ubuntu.com/ubuntu/pool/main/i/isc-dhcp/isc-dhcp-client_4.4.1-2.3ubuntu2.4_amd64.deb	true	true	true	proxy_access_log
focal-to-jammy	isc-dhcp-common	4.4.1-2.3ubuntu2.4	amd64	isc-dhcp	isc-dhcp-common_4.4.1-2.3ubuntu2.4_amd64.deb	ap-northeast-2.ec2.archive.ubuntu.com		main	44966	3b82c7f90dfce1ebeba2b9aff2c2f0c04eef0f31346a6aed069cacb526d67242	http://ap-northeast-2.ec2.archive.ubuntu.com/ubuntu/pool/main/i/isc-dhcp/isc-dhcp-common_4.4.1-2.3ubuntu2.4_amd64.deb	http://ap-northeast-2.ec2.archive.ubuntu.com/ubuntu/pool/main/i/isc-dhcp/isc-dhcp-common_4.4.1-2.3ubuntu2.4_amd64.deb	true	true	true	proxy_access_log
focal-to-jammy	less	590-1ubuntu0.22.04.3	amd64	less	less_590-1ubuntu0.22.04.3_amd64.deb	ap-northeast-2.ec2.archive.ubuntu.com		main	142192	62ee13bbe573a722f25dabd6e7722446f1821bc844b25a7d477531ff67a611d5	http://ap-northeast-2.ec2.archive.ubuntu.com/ubuntu/pool/main/l/less/less_590-1ubuntu0.22.04.3_amd64.deb	http://ap-northeast-2.ec2.archive.ubuntu.com/ubuntu/pool/main/l/less/less_590-1ubuntu0.22.04.3_amd64.deb	true	true	true	proxy_access_log
focal-to-jammy	libatm1	2.5.1-4build2	amd64	libatm1	libatm1_2.5.1-4build2_amd64.deb	ap-northeast-2.ec2.archive.ubuntu.com		main	22768	fdb86dc05a231b7f65864251c0f2f569e2701020ff70217ce7fac6adf70ae840	http://ap-northeast-2.ec2.archive.ubuntu.com/ubuntu/pool/main/l/linux-atm/libatm1_2.5.1-4build2_amd64.deb	http://ap-northeast-2.ec2.archive.ubuntu.com/ubuntu/pool/main/l/linux-atm/libatm1_2.5.1-4build2_amd64.deb	true	true	true	proxy_access_log
focal-to-jammy	libestr0	0.1.10-2.1build3	amd64	libestr	libestr0_0.1.10-2.1build3_amd64.deb	ap-northeast-2.ec2.archive.ubuntu.com		main	7796	25451f818990285c11d644f21fc045dcc938bce7aeaa89b2368633a84f7034c5	http://ap-northeast-2.ec2.archive.ubuntu.com/ubuntu/pool/main/libe/libestr/libestr0_0.1.10-2.1build3_amd64.deb	http://ap-northeast-2.ec2.archive.ubuntu.com/ubuntu/pool/main/libe/libestr/libestr0_0.1.10-2.1build3_amd64.deb	true	true	true	proxy_access_log
focal-to-jammy	libfastjson4	0.99.9-1build2	amd64	libfastjson	libfastjson4_0.99.9-1build2_amd64.deb	ap-northeast-2.ec2.archive.ubuntu.com		main	22956	3df1bfe519d0e63ad9a82e8e3f42b0f8ced67e717f2b90f639b98febc1585061	http://ap-northeast-2.ec2.archive.ubuntu.com/ubuntu/pool/main/libf/libfastjson/libfastjson4_0.99.9-1build2_amd64.deb	http://ap-northeast-2.ec2.archive.ubuntu.com/ubuntu/pool/main/libf/libfastjson/libfastjson4_0.99.9-1build2_amd64.deb	true	true	true	proxy_access_log
focal-to-jammy	libfribidi0	1.0.8-2ubuntu3.1	amd64	fribidi	libfribidi0_1.0.8-2ubuntu3.1_amd64.deb	ap-northeast-2.ec2.archive.ubuntu.com		main	26096	75d7d833d35a0eef11501c542bd31c0b52fc937be0fcc08384674455439223a1	http://ap-northeast-2.ec2.archive.ubuntu.com/ubuntu/pool/main/f/fribidi/libfribidi0_1.0.8-2ubuntu3.1_amd64.deb	http://ap-northeast-2.ec2.archive.ubuntu.com/ubuntu/pool/main/f/fribidi/libfribidi0_1.0.8-2ubuntu3.1_amd64.deb	true	true	true	proxy_access_log
focal-to-jammy	netplan.io	0.107.1-3ubuntu0.22.04.4	amd64	netplan.io	netplan.io_0.107.1-3ubuntu0.22.04.4_amd64.deb	ap-northeast-2.ec2.archive.ubuntu.com		main	56308	585327c3034200aa56eb59ff774e102a22e484ac75f2b6932489d40b069a92e9	http://ap-northeast-2.ec2.archive.ubuntu.com/ubuntu/pool/main/n/netplan.io/netplan.io_0.107.1-3ubuntu0.22.04.4_amd64.deb	http://ap-northeast-2.ec2.archive.ubuntu.com/ubuntu/pool/main/n/netplan.io/netplan.io_0.107.1-3ubuntu0.22.04.4_amd64.deb	true	true	true	proxy_access_log
focal-to-jammy	netplan-generator	0.107.1-3ubuntu0.22.04.4	amd64	netplan.io	netplan-generator_0.107.1-3ubuntu0.22.04.4_amd64.deb	ap-northeast-2.ec2.archive.ubuntu.com		main	57136	a3f5fa797aa099cb802b21202e9bc2456aafc11d868e731388140738cba72efc	http://ap-northeast-2.ec2.archive.ubuntu.com/ubuntu/pool/main/n/netplan.io/netplan-generator_0.107.1-3ubuntu0.22.04.4_amd64.deb	http://ap-northeast-2.ec2.archive.ubuntu.com/ubuntu/pool/main/n/netplan.io/netplan-generator_0.107.1-3ubuntu0.22.04.4_amd64.deb	true	true	true	proxy_access_log
focal-to-jammy	python3-netplan	0.107.1-3ubuntu0.22.04.4	amd64	netplan.io	python3-netplan_0.107.1-3ubuntu0.22.04.4_amd64.deb	ap-northeast-2.ec2.archive.ubuntu.com		main	23096	f596418a251d3119a647e01b68cb6ce14face872da2016cf969b96521f9f1430	http://ap-northeast-2.ec2.archive.ubuntu.com/ubuntu/pool/main/n/netplan.io/python3-netplan_0.107.1-3ubuntu0.22.04.4_amd64.deb	http://ap-northeast-2.ec2.archive.ubuntu.com/ubuntu/pool/main/n/netplan.io/python3-netplan_0.107.1-3ubuntu0.22.04.4_amd64.deb	true	true	true	proxy_access_log
focal-to-jammy	libnetplan0	0.107.1-3ubuntu0.22.04.4	amd64	netplan.io	libnetplan0_0.107.1-3ubuntu0.22.04.4_amd64.deb	ap-northeast-2.ec2.archive.ubuntu.com		main	116574	8d37bbc6dd998883aba0ca4f65751453a30e5af97e7763e51ab1d0fd032b1f4c	http://ap-northeast-2.ec2.archive.ubuntu.com/ubuntu/pool/main/n/netplan.io/libnetplan0_0.107.1-3ubuntu0.22.04.4_amd64.deb	http://ap-northeast-2.ec2.archive.ubuntu.com/ubuntu/pool/main/n/netplan.io/libnetplan0_0.107.1-3ubuntu0.22.04.4_amd64.deb	true	true	true	proxy_access_log
focal-to-jammy	logrotate	3.19.0-1ubuntu1.1	amd64	logrotate	logrotate_3.19.0-1ubuntu1.1_amd64.deb	ap-northeast-2.ec2.archive.ubuntu.com		main	54262	33c92f05688b9903bef82a7adcbb16098bc8744b8001706c9418c0a5e32ed0d9	http://ap-northeast-2.ec2.archive.ubuntu.com/ubuntu/pool/main/l/logrotate/logrotate_3.19.0-1ubuntu1.1_amd64.deb	http://ap-northeast-2.ec2.archive.ubuntu.com/ubuntu/pool/main/l/logrotate/logrotate_3.19.0-1ubuntu1.1_amd64.deb	true	true	true	proxy_access_log
focal-to-jammy	netcat-openbsd	1.218-4ubuntu1	amd64	netcat-openbsd	netcat-openbsd_1.218-4ubuntu1_amd64.deb	ap-northeast-2.ec2.archive.ubuntu.com		main	39388	135685b9a101ccb18753b7d79b5843290859d63a026d2368fa0161fbc4c5eaf9	http://ap-northeast-2.ec2.archive.ubuntu.com/ubuntu/pool/main/n/netcat-openbsd/netcat-openbsd_1.218-4ubuntu1_amd64.deb	http://ap-northeast-2.ec2.archive.ubuntu.com/ubuntu/pool/main/n/netcat-openbsd/netcat-openbsd_1.218-4ubuntu1_amd64.deb	true	true	true	proxy_access_log
focal-to-jammy	networkd-dispatcher	2.1-2ubuntu0.22.04.2	all	networkd-dispatcher	networkd-dispatcher_2.1-2ubuntu0.22.04.2_all.deb	ap-northeast-2.ec2.archive.ubuntu.com		main	15836	a8b413be3dd5c11a7271005fa32f74b06b76cbed09c6fdccaef62e718718dc81	http://ap-northeast-2.ec2.archive.ubuntu.com/ubuntu/pool/main/n/networkd-dispatcher/networkd-dispatcher_2.1-2ubuntu0.22.04.2_all.deb	http://ap-northeast-2.ec2.archive.ubuntu.com/ubuntu/pool/main/n/networkd-dispatcher/networkd-dispatcher_2.1-2ubuntu0.22.04.2_all.deb	true	true	true	proxy_access_log
focal-to-jammy	rsyslog	8.2112.0-2ubuntu2.4	amd64	rsyslog	rsyslog_8.2112.0-2ubuntu2.4_amd64.deb	ap-northeast-2.ec2.archive.ubuntu.com		main	496808	fd4d66bddb49b9ad9167967ce6c51778d926f5901da355f6a9dd90c0ce36edd0	http://ap-northeast-2.ec2.archive.ubuntu.com/ubuntu/pool/main/r/rsyslog/rsyslog_8.2112.0-2ubuntu2.4_amd64.deb	http://ap-northeast-2.ec2.archive.ubuntu.com/ubuntu/pool/main/r/rsyslog/rsyslog_8.2112.0-2ubuntu2.4_amd64.deb	true	true	true	proxy_access_log
focal-to-jammy	sudo	1.9.9-1ubuntu2.6	amd64	sudo	sudo_1.9.9-1ubuntu2.6_amd64.deb	ap-northeast-2.ec2.archive.ubuntu.com		main	820202	a6f151b3cee2dc09afc625330a7156d4c61ebb80aad9d447abb8806d26c428f2	http://ap-northeast-2.ec2.archive.ubuntu.com/ubuntu/pool/main/s/sudo/sudo_1.9.9-1ubuntu2.6_amd64.deb	http://ap-northeast-2.ec2.archive.ubuntu.com/ubuntu/pool/main/s/sudo/sudo_1.9.9-1ubuntu2.6_amd64.deb	true	true	true	proxy_access_log
focal-to-jammy	ubuntu-minimal	1.481.5	amd64	ubuntu-meta	ubuntu-minimal_1.481.5_amd64.deb	ap-northeast-2.ec2.archive.ubuntu.com		main	2900	8aa708339f8c972bc0d2491ebc7eca211d196ac87bac3094f861830ec0e22966	http://ap-northeast-2.ec2.archive.ubuntu.com/ubuntu/pool/main/u/ubuntu-meta/ubuntu-minimal_1.481.5_amd64.deb	http://ap-northeast-2.ec2.archive.ubuntu.com/ubuntu/pool/main/u/ubuntu-meta/ubuntu-minimal_1.481.5_amd64.deb	true	true	true	proxy_access_log
focal-to-jammy	xdg-user-dirs	0.17-2ubuntu4	amd64	xdg-user-dirs	xdg-user-dirs_0.17-2ubuntu4_amd64.deb	ap-northeast-2.ec2.archive.ubuntu.com		main	53860	06c1cb52d3b249aa4b74da0b9fe17c6bfe9b66c3df47e7f7252af14d2a770ce6	http://ap-northeast-2.ec2.archive.ubuntu.com/ubuntu/pool/main/x/xdg-user-dirs/xdg-user-dirs_0.17-2ubuntu4_amd64.deb	http://ap-northeast-2.ec2.archive.ubuntu.com/ubuntu/pool/main/x/xdg-user-dirs/xdg-user-dirs_0.17-2ubuntu4_amd64.deb	true	true	true	proxy_access_log
focal-to-jammy	bash-completion	2.11-5ubuntu1	all	bash-completion	bash-completion_2.11-5ubuntu1_all.deb	ap-northeast-2.ec2.archive.ubuntu.com		main	179828	9a0fe8c431450e085b27e527fc539c5e99550e1fa12b6e5a406ca1c0d319207c	http://ap-northeast-2.ec2.archive.ubuntu.com/ubuntu/pool/main/b/bash-completion/bash-completion_2.11-5ubuntu1_all.deb	http://ap-northeast-2.ec2.archive.ubuntu.com/ubuntu/pool/main/b/bash-completion/bash-completion_2.11-5ubuntu1_all.deb	true	true	true	proxy_access_log
focal-to-jammy	liblmdb0	0.9.24-1build2	amd64	lmdb	liblmdb0_0.9.24-1build2_amd64.deb	ap-northeast-2.ec2.archive.ubuntu.com		main	47574	575fb96e091fb7aafa9a25bead9f89e58a7aa09bd0d7f35ad531ccbf161bc6b1	http://ap-northeast-2.ec2.archive.ubuntu.com/ubuntu/pool/main/l/lmdb/liblmdb0_0.9.24-1build2_amd64.deb	http://ap-northeast-2.ec2.archive.ubuntu.com/ubuntu/pool/main/l/lmdb/liblmdb0_0.9.24-1build2_amd64.deb	true	true	true	proxy_access_log
focal-to-jammy	libmaxminddb0	1.5.2-1build2	amd64	libmaxminddb	libmaxminddb0_1.5.2-1build2_amd64.deb	ap-northeast-2.ec2.archive.ubuntu.com		main	24676	130ee6c9b2cc5d06bc74c38b61397b7e7a7d00bac58ccf2fd4d2952a1f4f9e6a	http://ap-northeast-2.ec2.archive.ubuntu.com/ubuntu/pool/main/libm/libmaxminddb/libmaxminddb0_1.5.2-1build2_amd64.deb	http://ap-northeast-2.ec2.archive.ubuntu.com/ubuntu/pool/main/libm/libmaxminddb/libmaxminddb0_1.5.2-1build2_amd64.deb	true	true	true	proxy_access_log
focal-to-jammy	busybox-static	1.30.1-7ubuntu3.1	amd64	busybox-static	busybox-static_1.30.1-7ubuntu3.1_amd64.deb	ap-northeast-2.ec2.archive.ubuntu.com		main	1019206	833b81ad44c4e201059e1bbb1dab285d5d0488736db169adfaa677fd953baae6	http://ap-northeast-2.ec2.archive.ubuntu.com/ubuntu/pool/main/b/busybox/busybox-static_1.30.1-7ubuntu3.1_amd64.deb	http://ap-northeast-2.ec2.archive.ubuntu.com/ubuntu/pool/main/b/busybox/busybox-static_1.30.1-7ubuntu3.1_amd64.deb	true	true	true	proxy_access_log
focal-to-jammy	command-not-found	22.04.0	all	command-not-found	command-not-found_22.04.0_all.deb	ap-northeast-2.ec2.archive.ubuntu.com		main	5114	480a7926d979ade5bef2200c6f7274e0f337049ca83508b984fac19e5e605151	http://ap-northeast-2.ec2.archive.ubuntu.com/ubuntu/pool/main/c/command-not-found/command-not-found_22.04.0_all.deb	http://ap-northeast-2.ec2.archive.ubuntu.com/ubuntu/pool/main/c/command-not-found/command-not-found_22.04.0_all.deb	true	true	true	proxy_access_log
focal-to-jammy	python3-commandnotfound	22.04.0	all	command-not-found	python3-commandnotfound_22.04.0_all.deb	ap-northeast-2.ec2.archive.ubuntu.com		main	11262	f56f68c6141abecd1f54b9acdca5f1ec4c68b82b4166534fc51d52bded65eb11	http://ap-northeast-2.ec2.archive.ubuntu.com/ubuntu/pool/main/c/command-not-found/python3-commandnotfound_22.04.0_all.deb	http://ap-northeast-2.ec2.archive.ubuntu.com/ubuntu/pool/main/c/command-not-found/python3-commandnotfound_22.04.0_all.deb	true	true	true	proxy_access_log
focal-to-jammy	dosfstools	4.2-1build3	amd64	dosfstools	dosfstools_4.2-1build3_amd64.deb	ap-northeast-2.ec2.archive.ubuntu.com		main	88032	14323c693bf8578880f8d082a358412425b5d280705eb169c9bd9b3f1245110d	http://ap-northeast-2.ec2.archive.ubuntu.com/ubuntu/pool/main/d/dosfstools/dosfstools_4.2-1build3_amd64.deb	http://ap-northeast-2.ec2.archive.ubuntu.com/ubuntu/pool/main/d/dosfstools/dosfstools_4.2-1build3_amd64.deb	true	true	true	proxy_access_log
focal-to-jammy	ed	1.18-1	amd64	ed	ed_1.18-1_amd64.deb	ap-northeast-2.ec2.archive.ubuntu.com		main	55696	ce0e2bfa74c148efdd6525eb28c677442521289568dc5f1d75dffed55eab5599	http://ap-northeast-2.ec2.archive.ubuntu.com/ubuntu/pool/main/e/ed/ed_1.18-1_amd64.deb	http://ap-northeast-2.ec2.archive.ubuntu.com/ubuntu/pool/main/e/ed/ed_1.18-1_amd64.deb	true	true	true	proxy_access_log
focal-to-jammy	tnftp	20210827-4build1	amd64	tnftp	tnftp_20210827-4build1_amd64.deb	ap-northeast-2.ec2.archive.ubuntu.com		main	105112	ba06e3c8e7f5973080d72d0e992780ec69239d91261b9aeee4719358ca29efc2	http://ap-northeast-2.ec2.archive.ubuntu.com/ubuntu/pool/main/t/tnftp/tnftp_20210827-4build1_amd64.deb	http://ap-northeast-2.ec2.archive.ubuntu.com/ubuntu/pool/main/t/tnftp/tnftp_20210827-4build1_amd64.deb	true	true	true	proxy_access_log
focal-to-jammy	ftp	20210827-4build1	all	tnftp	ftp_20210827-4build1_all.deb	ap-northeast-2.ec2.archive.ubuntu.com		main	4812	64246656a2de841dc754a4e41789673822bcbfcaa6fa4e3ba37227618d6be141	http://ap-northeast-2.ec2.archive.ubuntu.com/ubuntu/pool/main/t/tnftp/ftp_20210827-4build1_all.deb	http://ap-northeast-2.ec2.archive.ubuntu.com/ubuntu/pool/main/t/tnftp/ftp_20210827-4build1_all.deb	true	true	true	proxy_access_log
focal-to-jammy	libuchardet0	0.0.7-1build2	amd64	uchardet	libuchardet0_0.0.7-1build2_amd64.deb	ap-northeast-2.ec2.archive.ubuntu.com		main	76890	d7f652f2816fc6e6bb674bd87ca8fa710eff01e8e278f7c326e06058dd193c84	http://ap-northeast-2.ec2.archive.ubuntu.com/ubuntu/pool/main/u/uchardet/libuchardet0_0.0.7-1build2_amd64.deb	http://ap-northeast-2.ec2.archive.ubuntu.com/ubuntu/pool/main/u/uchardet/libuchardet0_0.0.7-1build2_amd64.deb	true	true	true	proxy_access_log
focal-to-jammy	groff-base	1.22.4-8build1	amd64	groff	groff-base_1.22.4-8build1_amd64.deb	ap-northeast-2.ec2.archive.ubuntu.com		main	954664	3a833e51e7aa39356c5ccc223c82efc0cfb39f5457409a02a6fda7bb920af6a3	http://ap-northeast-2.ec2.archive.ubuntu.com/ubuntu/pool/main/g/groff/groff-base_1.22.4-8build1_amd64.deb	http://ap-northeast-2.ec2.archive.ubuntu.com/ubuntu/pool/main/g/groff/groff-base_1.22.4-8build1_amd64.deb	true	true	true	proxy_access_log
focal-to-jammy	hdparm	9.60%2bds-1build3	amd64	hdparm	hdparm_9.60%2bds-1build3_amd64.deb	ap-northeast-2.ec2.archive.ubuntu.com		main	98674	97046b06dcf255a2e27e3c4baff217a4c4e48de1b1c234fbf6aabfaa39206489	http://ap-northeast-2.ec2.archive.ubuntu.com/ubuntu/pool/main/h/hdparm/hdparm_9.60%2bds-1build3_amd64.deb	http://ap-northeast-2.ec2.archive.ubuntu.com/ubuntu/pool/main/h/hdparm/hdparm_9.60%2bds-1build3_amd64.deb	true	true	true	proxy_access_log
focal-to-jammy	info	6.8-4build1	amd64	texinfo	info_6.8-4build1_amd64.deb	ap-northeast-2.ec2.archive.ubuntu.com		main	212794	83c0fa3e9e85fd3d4b16f7c6c31f6c955337ea4be966fae8c587569c8e4fcc66	http://ap-northeast-2.ec2.archive.ubuntu.com/ubuntu/pool/main/t/texinfo/info_6.8-4build1_amd64.deb	http://ap-northeast-2.ec2.archive.ubuntu.com/ubuntu/pool/main/t/texinfo/info_6.8-4build1_amd64.deb	true	true	true	proxy_access_log
focal-to-jammy	iputils-tracepath	20211215-1ubuntu0.1	amd64	iputils-tracepath	iputils-tracepath_20211215-1ubuntu0.1_amd64.deb	ap-northeast-2.ec2.archive.ubuntu.com		main	14172	468f59c881d5cc0714fba5019a12b8e3788e53e9baba21c7b9af4d336c79adbf	http://ap-northeast-2.ec2.archive.ubuntu.com/ubuntu/pool/main/i/iputils/iputils-tracepath_20211215-1ubuntu0.1_amd64.deb	http://ap-northeast-2.ec2.archive.ubuntu.com/ubuntu/pool/main/i/iputils/iputils-tracepath_20211215-1ubuntu0.1_amd64.deb	true	true	true	proxy_access_log
focal-to-jammy	libjansson4	2.13.1-1.1build3	amd64	jansson	libjansson4_2.13.1-1.1build3_amd64.deb	ap-northeast-2.ec2.archive.ubuntu.com		main	32358	4af5e5f18d6a5a701ecad452449494a21004307cac18b9369e26345986de5d4d	http://ap-northeast-2.ec2.archive.ubuntu.com/ubuntu/pool/main/j/jansson/libjansson4_2.13.1-1.1build3_amd64.deb	http://ap-northeast-2.ec2.archive.ubuntu.com/ubuntu/pool/main/j/jansson/libjansson4_2.13.1-1.1build3_amd64.deb	true	true	true	proxy_access_log
focal-to-jammy	libnftables1	1.0.2-1ubuntu3.1	amd64	nftables	libnftables1_1.0.2-1ubuntu3.1_amd64.deb	ap-northeast-2.ec2.archive.ubuntu.com		main	332054	c23880032dcf0a6f7afd12c599230d226240ff829153cc2e5b4b09ce7f6080b3	http://ap-northeast-2.ec2.archive.ubuntu.com/ubuntu/pool/main/n/nftables/libnftables1_1.0.2-1ubuntu3.1_amd64.deb	http://ap-northeast-2.ec2.archive.ubuntu.com/ubuntu/pool/main/n/nftables/libnftables1_1.0.2-1ubuntu3.1_amd64.deb	true	true	true	proxy_access_log
focal-to-jammy	libpcap0.8	1.10.1-4ubuntu1.22.04.1	amd64	libpcap	libpcap0.8_1.10.1-4ubuntu1.22.04.1_amd64.deb	ap-northeast-2.ec2.archive.ubuntu.com		main	145210	ba5ae645363bdd2c892a239427f363ba698198768252270956a33824d4e83d5e	http://ap-northeast-2.ec2.archive.ubuntu.com/ubuntu/pool/main/libp/libpcap/libpcap0.8_1.10.1-4ubuntu1.22.04.1_amd64.deb	http://ap-northeast-2.ec2.archive.ubuntu.com/ubuntu/pool/main/libp/libpcap/libpcap0.8_1.10.1-4ubuntu1.22.04.1_amd64.deb	true	true	true	proxy_access_log
focal-to-jammy	libpipeline1	1.5.5-1	amd64	libpipeline	libpipeline1_1.5.5-1_amd64.deb	ap-northeast-2.ec2.archive.ubuntu.com		main	23504	92f07a6bb26c443a90bd4ecbc8fdff74b53852005415544ebbd98034922d806b	http://ap-northeast-2.ec2.archive.ubuntu.com/ubuntu/pool/main/libp/libpipeline/libpipeline1_1.5.5-1_amd64.deb	http://ap-northeast-2.ec2.archive.ubuntu.com/ubuntu/pool/main/libp/libpipeline/libpipeline1_1.5.5-1_amd64.deb	true	true	true	proxy_access_log
focal-to-jammy	libx11-data	1.7.5-1ubuntu0.3	all	libx11-data	libx11-data_1.7.5-1ubuntu0.3_all.deb	ap-northeast-2.ec2.archive.ubuntu.com		main	119766	d2510de2e1aee7c2bcb149c1d8fac53f73efcf33f08664f563612fc16d16d4d9	http://ap-northeast-2.ec2.archive.ubuntu.com/ubuntu/pool/main/libx/libx11/libx11-data_1.7.5-1ubuntu0.3_all.deb	http://ap-northeast-2.ec2.archive.ubuntu.com/ubuntu/pool/main/libx/libx11/libx11-data_1.7.5-1ubuntu0.3_all.deb	true	true	true	proxy_access_log
focal-to-jammy	libxau6	1.0.9-1build5	amd64	libxau6	libxau6_1.0.9-1build5_amd64.deb	ap-northeast-2.ec2.archive.ubuntu.com		main	7634	551fa4101394af894f5f401285eeca9756da94bb31ecb08ed36a549ec580cd10	http://ap-northeast-2.ec2.archive.ubuntu.com/ubuntu/pool/main/libx/libxau/libxau6_1.0.9-1build5_amd64.deb	http://ap-northeast-2.ec2.archive.ubuntu.com/ubuntu/pool/main/libx/libxau/libxau6_1.0.9-1build5_amd64.deb	true	true	true	proxy_access_log
focal-to-jammy	libxdmcp6	1.1.3-0ubuntu5	amd64	libxdmcp6	libxdmcp6_1.1.3-0ubuntu5_amd64.deb	ap-northeast-2.ec2.archive.ubuntu.com		main	10904	6f6c869dcfc072fa77d24b72ba127bdf15d606bdffbeba4314fb39f4f324363d	http://ap-northeast-2.ec2.archive.ubuntu.com/ubuntu/pool/main/libx/libxdmcp/libxdmcp6_1.1.3-0ubuntu5_amd64.deb	http://ap-northeast-2.ec2.archive.ubuntu.com/ubuntu/pool/main/libx/libxdmcp/libxdmcp6_1.1.3-0ubuntu5_amd64.deb	true	true	true	proxy_access_log
focal-to-jammy	libxcb1	1.14-3ubuntu3	amd64	libxcb	libxcb1_1.14-3ubuntu3_amd64.deb	ap-northeast-2.ec2.archive.ubuntu.com		main	49030	9258f04136434e7a0ccd76041505421934284209693373cfa9c24acb3a641ec5	http://ap-northeast-2.ec2.archive.ubuntu.com/ubuntu/pool/main/libx/libxcb/libxcb1_1.14-3ubuntu3_amd64.deb	http://ap-northeast-2.ec2.archive.ubuntu.com/ubuntu/pool/main/libx/libxcb/libxcb1_1.14-3ubuntu3_amd64.deb	true	true	true	proxy_access_log
focal-to-jammy	libx11-6	1.7.5-1ubuntu0.3	amd64	libx11-6	libx11-6_1.7.5-1ubuntu0.3_amd64.deb	ap-northeast-2.ec2.archive.ubuntu.com		main	666946	d382a3064ecd7576f24661a6d234adc737b854a9a0ec1d9f42cb4d007e77d547	http://ap-northeast-2.ec2.archive.ubuntu.com/ubuntu/pool/main/libx/libx11/libx11-6_1.7.5-1ubuntu0.3_amd64.deb	http://ap-northeast-2.ec2.archive.ubuntu.com/ubuntu/pool/main/libx/libx11/libx11-6_1.7.5-1ubuntu0.3_amd64.deb	true	true	true	proxy_access_log
focal-to-jammy	libxext6	1.3.4-1build1	amd64	libxext6	libxext6_1.3.4-1build1_amd64.deb	ap-northeast-2.ec2.archive.ubuntu.com		main	31808	875ec849749511dff61c8cc5a775f6f93427b9c3f392fdcec6925f14428e89cd	http://ap-northeast-2.ec2.archive.ubuntu.com/ubuntu/pool/main/libx/libxext/libxext6_1.3.4-1build1_amd64.deb	http://ap-northeast-2.ec2.archive.ubuntu.com/ubuntu/pool/main/libx/libxext/libxext6_1.3.4-1build1_amd64.deb	true	true	true	proxy_access_log
focal-to-jammy	libxmuu1	1.1.3-3	amd64	libxmuu1	libxmuu1_1.1.3-3_amd64.deb	ap-northeast-2.ec2.archive.ubuntu.com		main	10180	793d194ccbc65c4a11ef9de83aae10e1a381581309f5c9aafd33bdc9f0654dfa	http://ap-northeast-2.ec2.archive.ubuntu.com/ubuntu/pool/main/libx/libxmu/libxmuu1_1.1.3-3_amd64.deb	http://ap-northeast-2.ec2.archive.ubuntu.com/ubuntu/pool/main/libx/libxmu/libxmuu1_1.1.3-3_amd64.deb	true	true	true	proxy_access_log
focal-to-jammy	lshw	02.19.git.2021.06.19.996aaad9c7-2ubuntu0.22.04.1	amd64	lshw	lshw_02.19.git.2021.06.19.996aaad9c7-2ubuntu0.22.04.1_amd64.deb	ap-northeast-2.ec2.archive.ubuntu.com		main	321520	ddc27faafede32a50ca8344a9c3609b34bc4250bb7b2f98471a189f4fb99512b	http://ap-northeast-2.ec2.archive.ubuntu.com/ubuntu/pool/main/l/lshw/lshw_02.19.git.2021.06.19.996aaad9c7-2ubuntu0.22.04.1_amd64.deb	http://ap-northeast-2.ec2.archive.ubuntu.com/ubuntu/pool/main/l/lshw/lshw_02.19.git.2021.06.19.996aaad9c7-2ubuntu0.22.04.1_amd64.deb	true	true	true	proxy_access_log
focal-to-jammy	lsof	4.93.2%2bdfsg-1.1build2	amd64	lsof	lsof_4.93.2%2bdfsg-1.1build2_amd64.deb	ap-northeast-2.ec2.archive.ubuntu.com		main	253466	632d3dc415c75a63002e50a4e07a8bfbe83086b4288f21fe9ee43cb39b3d0f42	http://ap-northeast-2.ec2.archive.ubuntu.com/ubuntu/pool/main/l/lsof/lsof_4.93.2%2bdfsg-1.1build2_amd64.deb	http://ap-northeast-2.ec2.archive.ubuntu.com/ubuntu/pool/main/l/lsof/lsof_4.93.2%2bdfsg-1.1build2_amd64.deb	true	true	true	proxy_access_log
focal-to-jammy	man-db	2.10.2-1	amd64	man-db	man-db_2.10.2-1_amd64.deb	ap-northeast-2.ec2.archive.ubuntu.com		main	1186876	ef75d5dcea4aea5142e8b2b51b7c025836085cc8e58a154458434d2bd73635f4	http://ap-northeast-2.ec2.archive.ubuntu.com/ubuntu/pool/main/m/man-db/man-db_2.10.2-1_amd64.deb	http://ap-northeast-2.ec2.archive.ubuntu.com/ubuntu/pool/main/m/man-db/man-db_2.10.2-1_amd64.deb	true	true	true	proxy_access_log
focal-to-jammy	manpages-dev	5.10-1ubuntu1	all	manpages	manpages-dev_5.10-1ubuntu1_all.deb	ap-northeast-2.ec2.archive.ubuntu.com		main	2308800	0d4955fd9ea2d79a0b39c795f48ad413190b0d1d814606bf14186355e90f6e85	http://ap-northeast-2.ec2.archive.ubuntu.com/ubuntu/pool/main/m/manpages/manpages-dev_5.10-1ubuntu1_all.deb	http://ap-northeast-2.ec2.archive.ubuntu.com/ubuntu/pool/main/m/manpages/manpages-dev_5.10-1ubuntu1_all.deb	true	true	true	proxy_access_log
focal-to-jammy	manpages	5.10-1ubuntu1	all	manpages	manpages_5.10-1ubuntu1_all.deb	ap-northeast-2.ec2.archive.ubuntu.com		main	1375348	361d3b1fa2c57693b30d4e9e9f49f5e253331c545288abe6c99a33e2d9bef18a	http://ap-northeast-2.ec2.archive.ubuntu.com/ubuntu/pool/main/m/manpages/manpages_5.10-1ubuntu1_all.deb	http://ap-northeast-2.ec2.archive.ubuntu.com/ubuntu/pool/main/m/manpages/manpages_5.10-1ubuntu1_all.deb	true	true	true	proxy_access_log
focal-to-jammy	mtr-tiny	0.95-1	amd64	mtr	mtr-tiny_0.95-1_amd64.deb	ap-northeast-2.ec2.archive.ubuntu.com		main	55668	4acae692571c4379619b3ba90b2a14458d9a5bf42f246db0f79bf0aa21dc898a	http://ap-northeast-2.ec2.archive.ubuntu.com/ubuntu/pool/main/m/mtr/mtr-tiny_0.95-1_amd64.deb	http://ap-northeast-2.ec2.archive.ubuntu.com/ubuntu/pool/main/m/mtr/mtr-tiny_0.95-1_amd64.deb	true	true	true	proxy_access_log
focal-to-jammy	nano	6.2-1ubuntu0.2	amd64	nano	nano_6.2-1ubuntu0.2_amd64.deb	ap-northeast-2.ec2.archive.ubuntu.com		main	279832	e4b30ff5c2e0a35c03ea84dd98f60b040e57955c557f36236474148254c4308a	http://ap-northeast-2.ec2.archive.ubuntu.com/ubuntu/pool/main/n/nano/nano_6.2-1ubuntu0.2_amd64.deb	http://ap-northeast-2.ec2.archive.ubuntu.com/ubuntu/pool/main/n/nano/nano_6.2-1ubuntu0.2_amd64.deb	true	true	true	proxy_access_log
focal-to-jammy	nftables	1.0.2-1ubuntu3.1	amd64	nftables	nftables_1.0.2-1ubuntu3.1_amd64.deb	ap-northeast-2.ec2.archive.ubuntu.com		main	67202	a18cd9b477bc0277dc6a5190ca84131e0e0ff809283049e3c8f2e4e735d83f28	http://ap-northeast-2.ec2.archive.ubuntu.com/ubuntu/pool/main/n/nftables/nftables_1.0.2-1ubuntu3.1_amd64.deb	http://ap-northeast-2.ec2.archive.ubuntu.com/ubuntu/pool/main/n/nftables/nftables_1.0.2-1ubuntu3.1_amd64.deb	true	true	true	proxy_access_log
focal-to-jammy	powermgmt-base	1.36ubuntu0.22.04.1	all	powermgmt-base	powermgmt-base_1.36ubuntu0.22.04.1_all.deb	ap-northeast-2.ec2.archive.ubuntu.com		main	7736	99d15fa34b91b5e0dbffa97f4fca5b90bc327112596f89b6cc76318adbe053be	http://ap-northeast-2.ec2.archive.ubuntu.com/ubuntu/pool/main/p/powermgmt-base/powermgmt-base_1.36ubuntu0.22.04.1_all.deb	http://ap-northeast-2.ec2.archive.ubuntu.com/ubuntu/pool/main/p/powermgmt-base/powermgmt-base_1.36ubuntu0.22.04.1_all.deb	true	true	true	proxy_access_log
focal-to-jammy	psmisc	23.4-2build3	amd64	psmisc	psmisc_23.4-2build3_amd64.deb	ap-northeast-2.ec2.archive.ubuntu.com		main	119104	1a80865692d657a3244b69907baa3a59051848ccd373121f183de466689a2b81	http://ap-northeast-2.ec2.archive.ubuntu.com/ubuntu/pool/main/p/psmisc/psmisc_23.4-2build3_amd64.deb	http://ap-northeast-2.ec2.archive.ubuntu.com/ubuntu/pool/main/p/psmisc/psmisc_23.4-2build3_amd64.deb	true	true	true	proxy_access_log
focal-to-jammy	publicsuffix	20211207.1025-1	all	publicsuffix	publicsuffix_20211207.1025-1_all.deb	ap-northeast-2.ec2.archive.ubuntu.com		main	129480	15ae8ce4cddcf43f85639a837868e5baf820ea5b7a405f50054b9e273b8b5ef5	http://ap-northeast-2.ec2.archive.ubuntu.com/ubuntu/pool/main/p/publicsuffix/publicsuffix_20211207.1025-1_all.deb	http://ap-northeast-2.ec2.archive.ubuntu.com/ubuntu/pool/main/p/publicsuffix/publicsuffix_20211207.1025-1_all.deb	true	true	true	proxy_access_log
focal-to-jammy	strace	5.16-0ubuntu3	amd64	strace	strace_5.16-0ubuntu3_amd64.deb	ap-northeast-2.ec2.archive.ubuntu.com		main	566994	847a3535be015325f127f121d2ea5ac042b32bd20a5861a94cb7782b09857b1f	http://ap-northeast-2.ec2.archive.ubuntu.com/ubuntu/pool/main/s/strace/strace_5.16-0ubuntu3_amd64.deb	http://ap-northeast-2.ec2.archive.ubuntu.com/ubuntu/pool/main/s/strace/strace_5.16-0ubuntu3_amd64.deb	true	true	true	proxy_access_log
focal-to-jammy	tcpdump	4.99.1-3ubuntu0.2	amd64	tcpdump	tcpdump_4.99.1-3ubuntu0.2_amd64.deb	ap-northeast-2.ec2.archive.ubuntu.com		main	501464	99d9b69491ed37afd3d3ce2fad50637a6659a12a2ac6c7df8ffc13c1bc9cc871	http://ap-northeast-2.ec2.archive.ubuntu.com/ubuntu/pool/main/t/tcpdump/tcpdump_4.99.1-3ubuntu0.2_amd64.deb	http://ap-northeast-2.ec2.archive.ubuntu.com/ubuntu/pool/main/t/tcpdump/tcpdump_4.99.1-3ubuntu0.2_amd64.deb	true	true	true	proxy_access_log
focal-to-jammy	telnet	0.17-44build1	amd64	netkit-telnet	telnet_0.17-44build1_amd64.deb	ap-northeast-2.ec2.archive.ubuntu.com		main	66948	96daeef97f2a42d64aa8fec930340835655cd9df3f105613ca7a7405ba9b51be	http://ap-northeast-2.ec2.archive.ubuntu.com/ubuntu/pool/main/n/netkit-telnet/telnet_0.17-44build1_amd64.deb	http://ap-northeast-2.ec2.archive.ubuntu.com/ubuntu/pool/main/n/netkit-telnet/telnet_0.17-44build1_amd64.deb	true	true	true	proxy_access_log
focal-to-jammy	time	1.9-0.1build2	amd64	time	time_1.9-0.1build2_amd64.deb	ap-northeast-2.ec2.archive.ubuntu.com		main	46672	ec6009fa2e3931fb2c0046668c828e9ee87a1ccc154239ea7a2925301ff4d518	http://ap-northeast-2.ec2.archive.ubuntu.com/ubuntu/pool/main/t/time/time_1.9-0.1build2_amd64.deb	http://ap-northeast-2.ec2.archive.ubuntu.com/ubuntu/pool/main/t/time/time_1.9-0.1build2_amd64.deb	true	true	true	proxy_access_log
focal-to-jammy	usb.ids	2022.04.02-1	all	usb.ids	usb.ids_2022.04.02-1_all.deb	ap-northeast-2.ec2.archive.ubuntu.com		main	218682	52de19e9fe5b318793cc663daeb2be7b22a66922581216f2f9ed190f4389315f	http://ap-northeast-2.ec2.archive.ubuntu.com/ubuntu/pool/main/u/usb.ids/usb.ids_2022.04.02-1_all.deb	http://ap-northeast-2.ec2.archive.ubuntu.com/ubuntu/pool/main/u/usb.ids/usb.ids_2022.04.02-1_all.deb	true	true	true	proxy_access_log
focal-to-jammy	usbutils	014-1build1	amd64	usbutils	usbutils_014-1build1_amd64.deb	ap-northeast-2.ec2.archive.ubuntu.com		main	85558	6b8809fb7d070a2d5ada653bff8a812d26b84364c46188e21ffe15f743f3d054	http://ap-northeast-2.ec2.archive.ubuntu.com/ubuntu/pool/main/u/usbutils/usbutils_014-1build1_amd64.deb	http://ap-northeast-2.ec2.archive.ubuntu.com/ubuntu/pool/main/u/usbutils/usbutils_014-1build1_amd64.deb	true	true	true	proxy_access_log
focal-to-jammy	ubuntu-standard	1.481.5	amd64	ubuntu-meta	ubuntu-standard_1.481.5_amd64.deb	ap-northeast-2.ec2.archive.ubuntu.com		main	2920	016d0a721ec9c449004ba94f81ad3a49d1c9b6d75b2a63041d180e66a29846e4	http://ap-northeast-2.ec2.archive.ubuntu.com/ubuntu/pool/main/u/ubuntu-meta/ubuntu-standard_1.481.5_amd64.deb	http://ap-northeast-2.ec2.archive.ubuntu.com/ubuntu/pool/main/u/ubuntu-meta/ubuntu-standard_1.481.5_amd64.deb	true	true	true	proxy_access_log
focal-to-jammy	ufw	0.36.1-4ubuntu0.1	all	ufw	ufw_0.36.1-4ubuntu0.1_all.deb	ap-northeast-2.ec2.archive.ubuntu.com		main	162368	24d8307789d20fe5220f1fccbefa37a6f3d72403229dead6a5d9e71a8e828ad4	http://ap-northeast-2.ec2.archive.ubuntu.com/ubuntu/pool/main/u/ufw/ufw_0.36.1-4ubuntu0.1_all.deb	http://ap-northeast-2.ec2.archive.ubuntu.com/ubuntu/pool/main/u/ufw/ufw_0.36.1-4ubuntu0.1_all.deb	true	true	true	proxy_access_log
focal-to-jammy	xauth	1.1-1build2	amd64	xauth	xauth_1.1-1build2_amd64.deb	ap-northeast-2.ec2.archive.ubuntu.com		main	27480	c07b2db452dd76a19978c0819dddb167efa8b666249173a884196f71bab2fdd4	http://ap-northeast-2.ec2.archive.ubuntu.com/ubuntu/pool/main/x/xauth/xauth_1.1-1build2_amd64.deb	http://ap-northeast-2.ec2.archive.ubuntu.com/ubuntu/pool/main/x/xauth/xauth_1.1-1build2_amd64.deb	true	true	true	proxy_access_log
focal-to-jammy	alsa-topology-conf	1.2.5.1-2	all	alsa-topology-conf	alsa-topology-conf_1.2.5.1-2_all.deb	ap-northeast-2.ec2.archive.ubuntu.com		main	15542	e5109a16bd0aa0eb08a8d0e3862d7f2f223cce0741cf4167eb56fafcc7ba8f35	http://ap-northeast-2.ec2.archive.ubuntu.com/ubuntu/pool/main/a/alsa-topology-conf/alsa-topology-conf_1.2.5.1-2_all.deb	http://ap-northeast-2.ec2.archive.ubuntu.com/ubuntu/pool/main/a/alsa-topology-conf/alsa-topology-conf_1.2.5.1-2_all.deb	true	true	true	proxy_access_log
focal-to-jammy	libasound2	1.2.6.1-1ubuntu1.2	amd64	alsa-lib	libasound2_1.2.6.1-1ubuntu1.2_amd64.deb	ap-northeast-2.ec2.archive.ubuntu.com		main	390788	dce4ce1043cde35f4bc375a4b1bd84badd5dec7e656ea2a8849edf9215bc8c33	http://ap-northeast-2.ec2.archive.ubuntu.com/ubuntu/pool/main/a/alsa-lib/libasound2_1.2.6.1-1ubuntu1.2_amd64.deb	http://ap-northeast-2.ec2.archive.ubuntu.com/ubuntu/pool/main/a/alsa-lib/libasound2_1.2.6.1-1ubuntu1.2_amd64.deb	true	true	true	proxy_access_log
focal-to-jammy	libasound2-data	1.2.6.1-1ubuntu1.2	all	alsa-lib	libasound2-data_1.2.6.1-1ubuntu1.2_all.deb	ap-northeast-2.ec2.archive.ubuntu.com		main	19318	e175a0617ae4a35667a9cf159ee5ee226d09ad43ed7719b721a7ea797974f65c	http://ap-northeast-2.ec2.archive.ubuntu.com/ubuntu/pool/main/a/alsa-lib/libasound2-data_1.2.6.1-1ubuntu1.2_all.deb	http://ap-northeast-2.ec2.archive.ubuntu.com/ubuntu/pool/main/a/alsa-lib/libasound2-data_1.2.6.1-1ubuntu1.2_all.deb	true	true	true	proxy_access_log
focal-to-jammy	alsa-ucm-conf	1.2.6.3-1ubuntu1.12	all	alsa-ucm-conf	alsa-ucm-conf_1.2.6.3-1ubuntu1.12_all.deb	ap-northeast-2.ec2.archive.ubuntu.com		main	43498	132a90f6b6597b02d45e0ac5d16eb525f0fd10320b4ed4b32db5af97973e53f2	http://ap-northeast-2.ec2.archive.ubuntu.com/ubuntu/pool/main/a/alsa-ucm-conf/alsa-ucm-conf_1.2.6.3-1ubuntu1.12_all.deb	http://ap-northeast-2.ec2.archive.ubuntu.com/ubuntu/pool/main/a/alsa-ucm-conf/alsa-ucm-conf_1.2.6.3-1ubuntu1.12_all.deb	true	true	true	proxy_access_log
focal-to-jammy	libaprutil1	1.6.1-5ubuntu4.22.04.2	amd64	apr-util	libaprutil1_1.6.1-5ubuntu4.22.04.2_amd64.deb	ap-northeast-2.ec2.archive.ubuntu.com		main	92758	827a90798fa6270e7f0a749173359885951a8e041ea9bac5700282a23623ef6f	http://ap-northeast-2.ec2.archive.ubuntu.com/ubuntu/pool/main/a/apr-util/libaprutil1_1.6.1-5ubuntu4.22.04.2_amd64.deb	http://ap-northeast-2.ec2.archive.ubuntu.com/ubuntu/pool/main/a/apr-util/libaprutil1_1.6.1-5ubuntu4.22.04.2_amd64.deb	true	true	true	proxy_access_log
focal-to-jammy	libapr1	1.7.0-8ubuntu0.22.04.2	amd64	apr	libapr1_1.7.0-8ubuntu0.22.04.2_amd64.deb	ap-northeast-2.ec2.archive.ubuntu.com		main	107990	09bd56f5f44013754ebed4ba87b9835f7df80762389bd4996c03506507de26f1	http://ap-northeast-2.ec2.archive.ubuntu.com/ubuntu/pool/main/a/apr/libapr1_1.7.0-8ubuntu0.22.04.2_amd64.deb	http://ap-northeast-2.ec2.archive.ubuntu.com/ubuntu/pool/main/a/apr/libapr1_1.7.0-8ubuntu0.22.04.2_amd64.deb	true	true	true	proxy_access_log
focal-to-jammy	apache2-utils	2.4.52-1ubuntu4.23	amd64	apache2	apache2-utils_2.4.52-1ubuntu4.23_amd64.deb	ap-northeast-2.ec2.archive.ubuntu.com		main	90086	50c3637db69ed9e342b4f21a9c3a5f09b2826648894b4811ce21651f9bcabc32	http://ap-northeast-2.ec2.archive.ubuntu.com/ubuntu/pool/main/a/apache2/apache2-utils_2.4.52-1ubuntu4.23_amd64.deb	http://ap-northeast-2.ec2.archive.ubuntu.com/ubuntu/pool/main/a/apache2/apache2-utils_2.4.52-1ubuntu4.23_amd64.deb	true	true	true	proxy_access_log
focal-to-jammy	apport-symptoms	0.24	all	apport-symptoms	apport-symptoms_0.24_all.deb	ap-northeast-2.ec2.archive.ubuntu.com		main	13532	ba859cb315484a42eb27ab6461c51aef203438c59ee5c1185f08a6ee8be56256	http://ap-northeast-2.ec2.archive.ubuntu.com/ubuntu/pool/main/a/apport-symptoms/apport-symptoms_0.24_all.deb	http://ap-northeast-2.ec2.archive.ubuntu.com/ubuntu/pool/main/a/apport-symptoms/apport-symptoms_0.24_all.deb	true	true	true	proxy_access_log
focal-to-jammy	apt-transport-https	2.4.14	all	apt	apt-transport-https_2.4.14_all.deb	ap-northeast-2.ec2.archive.ubuntu.com		universe	1510	a29547cd065f61ac6590f4a126d126d92589b190e6c990f1d0aeb207e36a92cf	http://ap-northeast-2.ec2.archive.ubuntu.com/ubuntu/pool/universe/a/apt/apt-transport-https_2.4.14_all.deb	http://ap-northeast-2.ec2.archive.ubuntu.com/ubuntu/pool/universe/a/apt/apt-transport-https_2.4.14_all.deb	true	true	true	proxy_access_log
focal-to-jammy	at	3.2.5-1ubuntu1	amd64	at	at_3.2.5-1ubuntu1_amd64.deb	ap-northeast-2.ec2.archive.ubuntu.com		universe	41108	80f4d4968c9af8a1b844afbfb3747465850b1dbdf4b1516436a614169e44edaa	http://ap-northeast-2.ec2.archive.ubuntu.com/ubuntu/pool/universe/a/at/at_3.2.5-1ubuntu1_amd64.deb	http://ap-northeast-2.ec2.archive.ubuntu.com/ubuntu/pool/universe/a/at/at_3.2.5-1ubuntu1_amd64.deb	true	true	true	proxy_access_log
focal-to-jammy	bc	1.07.1-3build1	amd64	bc	bc_1.07.1-3build1_amd64.deb	ap-northeast-2.ec2.archive.ubuntu.com		main	87638	928e0bd1f8b3718be0271ab25d6b95902bdc63fdba0bfc15e078e243ba74aab8	http://ap-northeast-2.ec2.archive.ubuntu.com/ubuntu/pool/main/b/bc/bc_1.07.1-3build1_amd64.deb	http://ap-northeast-2.ec2.archive.ubuntu.com/ubuntu/pool/main/b/bc/bc_1.07.1-3build1_amd64.deb	true	true	true	proxy_access_log
focal-to-jammy	bolt	0.9.2-1	amd64	bolt	bolt_0.9.2-1_amd64.deb	ap-northeast-2.ec2.archive.ubuntu.com		main	150520	b12c6b1a09b4325b01db75f1c71d2904c2dd66804857e75188e9a5432feec61f	http://ap-northeast-2.ec2.archive.ubuntu.com/ubuntu/pool/main/b/bolt/bolt_0.9.2-1_amd64.deb	http://ap-northeast-2.ec2.archive.ubuntu.com/ubuntu/pool/main/b/bolt/bolt_0.9.2-1_amd64.deb	true	true	true	proxy_access_log
focal-to-jammy	gcc-11-base	11.4.0-1ubuntu1%7e22.04.3	amd64	gcc-11-base	gcc-11-base_11.4.0-1ubuntu1%7e22.04.3_amd64.deb	ap-northeast-2.ec2.archive.ubuntu.com		main	215826	a0445a3889fd4441cc3b3a125d6d1589de3d2628ca4e92a352170ed0fea4d18b	http://ap-northeast-2.ec2.archive.ubuntu.com/ubuntu/pool/main/g/gcc-11/gcc-11-base_11.4.0-1ubuntu1%7e22.04.3_amd64.deb	http://ap-northeast-2.ec2.archive.ubuntu.com/ubuntu/pool/main/g/gcc-11/gcc-11-base_11.4.0-1ubuntu1%7e22.04.3_amd64.deb	true	true	true	proxy_access_log
focal-to-jammy	libisl23	0.24-2build1	amd64	isl	libisl23_0.24-2build1_amd64.deb	ap-northeast-2.ec2.archive.ubuntu.com		main	726854	4cb0faab32c896165cf4ebe3c3ebce3176bf869453636d7fe8be89dccc2ae5af	http://ap-northeast-2.ec2.archive.ubuntu.com/ubuntu/pool/main/i/isl/libisl23_0.24-2build1_amd64.deb	http://ap-northeast-2.ec2.archive.ubuntu.com/ubuntu/pool/main/i/isl/libisl23_0.24-2build1_amd64.deb	true	true	true	proxy_access_log
focal-to-jammy	libmpfr6	4.1.0-3build3	amd64	mpfr4	libmpfr6_4.1.0-3build3_amd64.deb	ap-northeast-2.ec2.archive.ubuntu.com		main	1424734	ffdc36247e5fc96ba3fca5a9448856c9327e93631ce5646acd9fffd286d10de3	http://ap-northeast-2.ec2.archive.ubuntu.com/ubuntu/pool/main/m/mpfr4/libmpfr6_4.1.0-3build3_amd64.deb	http://ap-northeast-2.ec2.archive.ubuntu.com/ubuntu/pool/main/m/mpfr4/libmpfr6_4.1.0-3build3_amd64.deb	true	true	true	proxy_access_log
focal-to-jammy	libmpc3	1.2.1-2build1	amd64	mpclib3	libmpc3_1.2.1-2build1_amd64.deb	ap-northeast-2.ec2.archive.ubuntu.com		main	46868	6cd43b60ac14890737a3402a35350d6696bc1521de8731cdecc9e7ef10041446	http://ap-northeast-2.ec2.archive.ubuntu.com/ubuntu/pool/main/m/mpclib3/libmpc3_1.2.1-2build1_amd64.deb	http://ap-northeast-2.ec2.archive.ubuntu.com/ubuntu/pool/main/m/mpclib3/libmpc3_1.2.1-2build1_amd64.deb	true	true	true	proxy_access_log
focal-to-jammy	cpp-11	11.4.0-1ubuntu1%7e22.04.3	amd64	cpp-11	cpp-11_11.4.0-1ubuntu1%7e22.04.3_amd64.deb	ap-northeast-2.ec2.archive.ubuntu.com		main	10000304	5243177370b810cc40341801a3b8def6cdd7477ac765862f7727a868629947a3	http://ap-northeast-2.ec2.archive.ubuntu.com/ubuntu/pool/main/g/gcc-11/cpp-11_11.4.0-1ubuntu1%7e22.04.3_amd64.deb	http://ap-northeast-2.ec2.archive.ubuntu.com/ubuntu/pool/main/g/gcc-11/cpp-11_11.4.0-1ubuntu1%7e22.04.3_amd64.deb	true	true	true	proxy_access_log
focal-to-jammy	g%2b%2b	11.2.0-1ubuntu1	amd64	g%2b%2b	g%2b%2b_11.2.0-1ubuntu1_amd64.deb	ap-northeast-2.ec2.archive.ubuntu.com		main	1412	693080e6d1648f521183c1fa5fcfdd2d357a87f5872511ec12792d9dfe1effdb	http://ap-northeast-2.ec2.archive.ubuntu.com/ubuntu/pool/main/g/gcc-defaults/g%2b%2b_11.2.0-1ubuntu1_amd64.deb	http://ap-northeast-2.ec2.archive.ubuntu.com/ubuntu/pool/main/g/gcc-defaults/g%2b%2b_11.2.0-1ubuntu1_amd64.deb	true	true	false	proxy_access_log
focal-to-jammy	gcc	11.2.0-1ubuntu1	amd64	gcc	gcc_11.2.0-1ubuntu1_amd64.deb	ap-northeast-2.ec2.archive.ubuntu.com		main	5112	be895c1a9611905254f818c41092f147f5f2a566f87f1817b5c36d977020bea7	http://ap-northeast-2.ec2.archive.ubuntu.com/ubuntu/pool/main/g/gcc-defaults/gcc_11.2.0-1ubuntu1_amd64.deb	http://ap-northeast-2.ec2.archive.ubuntu.com/ubuntu/pool/main/g/gcc-defaults/gcc_11.2.0-1ubuntu1_amd64.deb	true	true	true	proxy_access_log
focal-to-jammy	cpp	11.2.0-1ubuntu1	amd64	cpp	cpp_11.2.0-1ubuntu1_amd64.deb	ap-northeast-2.ec2.archive.ubuntu.com		main	27700	44f881cf66bfaac163a6c45b4bfb5e79a40780b96af78bec6e9c58f973b8d7bd	http://ap-northeast-2.ec2.archive.ubuntu.com/ubuntu/pool/main/g/gcc-defaults/cpp_11.2.0-1ubuntu1_amd64.deb	http://ap-northeast-2.ec2.archive.ubuntu.com/ubuntu/pool/main/g/gcc-defaults/cpp_11.2.0-1ubuntu1_amd64.deb	true	true	true	proxy_access_log
focal-to-jammy	libcc1-0	12.3.0-1ubuntu1%7e22.04.3	amd64	libcc1-0	libcc1-0_12.3.0-1ubuntu1%7e22.04.3_amd64.deb	ap-northeast-2.ec2.archive.ubuntu.com		main	48290	749e0fd1732df5d79af17c472dfa8f91a36fcc8d6dd5baff3f999192f7aa4357	http://ap-northeast-2.ec2.archive.ubuntu.com/ubuntu/pool/main/g/gcc-12/libcc1-0_12.3.0-1ubuntu1%7e22.04.3_amd64.deb	http://ap-northeast-2.ec2.archive.ubuntu.com/ubuntu/pool/main/g/gcc-12/libcc1-0_12.3.0-1ubuntu1%7e22.04.3_amd64.deb	true	true	true	proxy_access_log
focal-to-jammy	libtsan0	11.4.0-1ubuntu1%7e22.04.3	amd64	libtsan0	libtsan0_11.4.0-1ubuntu1%7e22.04.3_amd64.deb	ap-northeast-2.ec2.archive.ubuntu.com		main	2259536	2fc0cb78e86d4635c8ed17f4a2816762050c48cb928df739bbe145dfb472957a	http://ap-northeast-2.ec2.archive.ubuntu.com/ubuntu/pool/main/g/gcc-11/libtsan0_11.4.0-1ubuntu1%7e22.04.3_amd64.deb	http://ap-northeast-2.ec2.archive.ubuntu.com/ubuntu/pool/main/g/gcc-11/libtsan0_11.4.0-1ubuntu1%7e22.04.3_amd64.deb	true	true	true	proxy_access_log
focal-to-jammy	libgomp1	12.3.0-1ubuntu1%7e22.04.3	amd64	libgomp1	libgomp1_12.3.0-1ubuntu1%7e22.04.3_amd64.deb	ap-northeast-2.ec2.archive.ubuntu.com		main	126570	870c27299185a5dd4accad3b15bf82a7409fd7073cccaa8025875307da4d0ce2	http://ap-northeast-2.ec2.archive.ubuntu.com/ubuntu/pool/main/g/gcc-12/libgomp1_12.3.0-1ubuntu1%7e22.04.3_amd64.deb	http://ap-northeast-2.ec2.archive.ubuntu.com/ubuntu/pool/main/g/gcc-12/libgomp1_12.3.0-1ubuntu1%7e22.04.3_amd64.deb	true	true	true	proxy_access_log
focal-to-jammy	libitm1	12.3.0-1ubuntu1%7e22.04.3	amd64	libitm1	libitm1_12.3.0-1ubuntu1%7e22.04.3_amd64.deb	ap-northeast-2.ec2.archive.ubuntu.com		main	30160	80f42953fa98d3ef9d49c2fd8c580bea40e1ace953eb8850bc961eef59f211c2	http://ap-northeast-2.ec2.archive.ubuntu.com/ubuntu/pool/main/g/gcc-12/libitm1_12.3.0-1ubuntu1%7e22.04.3_amd64.deb	http://ap-northeast-2.ec2.archive.ubuntu.com/ubuntu/pool/main/g/gcc-12/libitm1_12.3.0-1ubuntu1%7e22.04.3_amd64.deb	true	true	true	proxy_access_log
focal-to-jammy	libatomic1	12.3.0-1ubuntu1%7e22.04.3	amd64	libatomic1	libatomic1_12.3.0-1ubuntu1%7e22.04.3_amd64.deb	ap-northeast-2.ec2.archive.ubuntu.com		main	10470	56573c81b5dd84817882400cfea49fe671f5e6cfdd0f88b5d3a894c08b150462	http://ap-northeast-2.ec2.archive.ubuntu.com/ubuntu/pool/main/g/gcc-12/libatomic1_12.3.0-1ubuntu1%7e22.04.3_amd64.deb	http://ap-northeast-2.ec2.archive.ubuntu.com/ubuntu/pool/main/g/gcc-12/libatomic1_12.3.0-1ubuntu1%7e22.04.3_amd64.deb	true	true	true	proxy_access_log
focal-to-jammy	libasan6	11.4.0-1ubuntu1%7e22.04.3	amd64	libasan6	libasan6_11.4.0-1ubuntu1%7e22.04.3_amd64.deb	ap-northeast-2.ec2.archive.ubuntu.com		main	2283168	eb98f62bf6c7234132beab59113c249db40acfbd1c9965308ee612de1a6e819e	http://ap-northeast-2.ec2.archive.ubuntu.com/ubuntu/pool/main/g/gcc-11/libasan6_11.4.0-1ubuntu1%7e22.04.3_amd64.deb	http://ap-northeast-2.ec2.archive.ubuntu.com/ubuntu/pool/main/g/gcc-11/libasan6_11.4.0-1ubuntu1%7e22.04.3_amd64.deb	true	true	true	proxy_access_log
focal-to-jammy	liblsan0	12.3.0-1ubuntu1%7e22.04.3	amd64	liblsan0	liblsan0_12.3.0-1ubuntu1%7e22.04.3_amd64.deb	ap-northeast-2.ec2.archive.ubuntu.com		main	1068998	c308b0e39678a00b3ad3a9653119af4a29156e2c385111bdbd4890c96d376fa4	http://ap-northeast-2.ec2.archive.ubuntu.com/ubuntu/pool/main/g/gcc-12/liblsan0_12.3.0-1ubuntu1%7e22.04.3_amd64.deb	http://ap-northeast-2.ec2.archive.ubuntu.com/ubuntu/pool/main/g/gcc-12/liblsan0_12.3.0-1ubuntu1%7e22.04.3_amd64.deb	true	true	true	proxy_access_log
focal-to-jammy	libubsan1	12.3.0-1ubuntu1%7e22.04.3	amd64	libubsan1	libubsan1_12.3.0-1ubuntu1%7e22.04.3_amd64.deb	ap-northeast-2.ec2.archive.ubuntu.com		main	976076	9e2669c014d5df3c486bf29cd18a6ec3cbed68355c366e32757fdc98d290f593	http://ap-northeast-2.ec2.archive.ubuntu.com/ubuntu/pool/main/g/gcc-12/libubsan1_12.3.0-1ubuntu1%7e22.04.3_amd64.deb	http://ap-northeast-2.ec2.archive.ubuntu.com/ubuntu/pool/main/g/gcc-12/libubsan1_12.3.0-1ubuntu1%7e22.04.3_amd64.deb	true	true	true	proxy_access_log
focal-to-jammy	libquadmath0	12.3.0-1ubuntu1%7e22.04.3	amd64	libquadmath0	libquadmath0_12.3.0-1ubuntu1%7e22.04.3_amd64.deb	ap-northeast-2.ec2.archive.ubuntu.com		main	153976	c4c59e67e76674c8c494ce5e0415b71d770a759b48893c0d3cbabddceeb690b2	http://ap-northeast-2.ec2.archive.ubuntu.com/ubuntu/pool/main/g/gcc-12/libquadmath0_12.3.0-1ubuntu1%7e22.04.3_amd64.deb	http://ap-northeast-2.ec2.archive.ubuntu.com/ubuntu/pool/main/g/gcc-12/libquadmath0_12.3.0-1ubuntu1%7e22.04.3_amd64.deb	true	true	true	proxy_access_log
focal-to-jammy	libgcc-11-dev	11.4.0-1ubuntu1%7e22.04.3	amd64	libgcc-11-dev	libgcc-11-dev_11.4.0-1ubuntu1%7e22.04.3_amd64.deb	ap-northeast-2.ec2.archive.ubuntu.com		main	2517422	35ed68622daf796ac010f63c73abd8aff851fc6d862038461b053b55dbec93a6	http://ap-northeast-2.ec2.archive.ubuntu.com/ubuntu/pool/main/g/gcc-11/libgcc-11-dev_11.4.0-1ubuntu1%7e22.04.3_amd64.deb	http://ap-northeast-2.ec2.archive.ubuntu.com/ubuntu/pool/main/g/gcc-11/libgcc-11-dev_11.4.0-1ubuntu1%7e22.04.3_amd64.deb	true	true	true	proxy_access_log
focal-to-jammy	gcc-11	11.4.0-1ubuntu1%7e22.04.3	amd64	gcc-11	gcc-11_11.4.0-1ubuntu1%7e22.04.3_amd64.deb	ap-northeast-2.ec2.archive.ubuntu.com		main	20143406	5422307110e695d62a2574c8b765bf38d48b2ed520206e5b7d2b9081a68008f3	http://ap-northeast-2.ec2.archive.ubuntu.com/ubuntu/pool/main/g/gcc-11/gcc-11_11.4.0-1ubuntu1%7e22.04.3_amd64.deb	http://ap-northeast-2.ec2.archive.ubuntu.com/ubuntu/pool/main/g/gcc-11/gcc-11_11.4.0-1ubuntu1%7e22.04.3_amd64.deb	true	true	true	proxy_access_log
focal-to-jammy	libstdc%2b%2b-11-dev	11.4.0-1ubuntu1%7e22.04.3	amd64	libstdc%2b%2b-11-dev	libstdc%2b%2b-11-dev_11.4.0-1ubuntu1%7e22.04.3_amd64.deb	ap-northeast-2.ec2.archive.ubuntu.com		main	2100928	58e0cd2d1f758e75426eaa47a5e7228d1c86180500ed68d162bcbf7b0a1c5dd0	http://ap-northeast-2.ec2.archive.ubuntu.com/ubuntu/pool/main/g/gcc-11/libstdc%2b%2b-11-dev_11.4.0-1ubuntu1%7e22.04.3_amd64.deb	http://ap-northeast-2.ec2.archive.ubuntu.com/ubuntu/pool/main/g/gcc-11/libstdc%2b%2b-11-dev_11.4.0-1ubuntu1%7e22.04.3_amd64.deb	true	true	false	proxy_access_log
focal-to-jammy	g%2b%2b-11	11.4.0-1ubuntu1%7e22.04.3	amd64	g%2b%2b-11	g%2b%2b-11_11.4.0-1ubuntu1%7e22.04.3_amd64.deb	ap-northeast-2.ec2.archive.ubuntu.com		main	11424396	ddbaa04f056637caa11798750638bf4586c8b273719fd1bee70d0ecb3d872b94	http://ap-northeast-2.ec2.archive.ubuntu.com/ubuntu/pool/main/g/gcc-11/g%2b%2b-11_11.4.0-1ubuntu1%7e22.04.3_amd64.deb	http://ap-northeast-2.ec2.archive.ubuntu.com/ubuntu/pool/main/g/gcc-11/g%2b%2b-11_11.4.0-1ubuntu1%7e22.04.3_amd64.deb	true	true	false	proxy_access_log
focal-to-jammy	build-essential	12.9ubuntu3	amd64	build-essential	build-essential_12.9ubuntu3_amd64.deb	ap-northeast-2.ec2.archive.ubuntu.com		main	4744	1e464c41488d154b9f5ca19d2e9ac8b18913ae16e3dca713c3ba0223fae2cccc	http://ap-northeast-2.ec2.archive.ubuntu.com/ubuntu/pool/main/b/build-essential/build-essential_12.9ubuntu3_amd64.deb	http://ap-northeast-2.ec2.archive.ubuntu.com/ubuntu/pool/main/b/build-essential/build-essential_12.9ubuntu3_amd64.deb	true	true	true	proxy_access_log
focal-to-jammy	conntrack	1.4.6-2build2	amd64	conntrack	conntrack_1.4.6-2build2_amd64.deb	ap-northeast-2.ec2.archive.ubuntu.com		main	33512	5a1cde0f56b3e5ccbf10b54cfec180abde8221a64eb703e2338241655d6cfe4a	http://ap-northeast-2.ec2.archive.ubuntu.com/ubuntu/pool/main/c/conntrack-tools/conntrack_1.4.6-2build2_amd64.deb	http://ap-northeast-2.ec2.archive.ubuntu.com/ubuntu/pool/main/c/conntrack-tools/conntrack_1.4.6-2build2_amd64.deb	true	true	true	proxy_access_log
focal-to-jammy	runc	1.3.4-0ubuntu1%7e22.04.1	amd64	runc	runc_1.3.4-0ubuntu1%7e22.04.1_amd64.deb	ap-northeast-2.ec2.archive.ubuntu.com		main	9568750	1551d41d027969e141805f9687adcba746c332fa64e3c7ceb9261f842a33ff31	http://ap-northeast-2.ec2.archive.ubuntu.com/ubuntu/pool/main/r/runc-app/runc_1.3.4-0ubuntu1%7e22.04.1_amd64.deb	http://ap-northeast-2.ec2.archive.ubuntu.com/ubuntu/pool/main/r/runc-app/runc_1.3.4-0ubuntu1%7e22.04.1_amd64.deb	true	true	true	proxy_access_log
focal-to-jammy	containerd	2.2.1-0ubuntu1%7e22.04.2	amd64	containerd	containerd_2.2.1-0ubuntu1%7e22.04.2_amd64.deb	ap-northeast-2.ec2.archive.ubuntu.com		main	28260218	08e309f0fb8ae6f798dc80e54f10e152c8dad6ee16ca6627805382fbb56cb5f1	http://ap-northeast-2.ec2.archive.ubuntu.com/ubuntu/pool/main/c/containerd-app/containerd_2.2.1-0ubuntu1%7e22.04.2_amd64.deb	http://ap-northeast-2.ec2.archive.ubuntu.com/ubuntu/pool/main/c/containerd-app/containerd_2.2.1-0ubuntu1%7e22.04.2_amd64.deb	true	true	true	proxy_access_log
focal-to-jammy	libasan5	9.5.0-1ubuntu1%7e22.04.1	amd64	libasan5	libasan5_9.5.0-1ubuntu1%7e22.04.1_amd64.deb	ap-northeast-2.ec2.archive.ubuntu.com		universe	3140718	7f8c1d5ac87170e79cbaf628afd6962566a9050c4bcf29d6a358a519ff4b68f4	http://ap-northeast-2.ec2.archive.ubuntu.com/ubuntu/pool/universe/g/gcc-9/libasan5_9.5.0-1ubuntu1%7e22.04.1_amd64.deb	http://ap-northeast-2.ec2.archive.ubuntu.com/ubuntu/pool/universe/g/gcc-9/libasan5_9.5.0-1ubuntu1%7e22.04.1_amd64.deb	true	true	true	proxy_access_log
focal-to-jammy	g%2b%2b-9	9.5.0-1ubuntu1%7e22.04.1	amd64	g%2b%2b-9	g%2b%2b-9_9.5.0-1ubuntu1%7e22.04.1_amd64.deb	ap-northeast-2.ec2.archive.ubuntu.com		universe	11889038	4b6f0634a2ba234c02d1442cbf8ef515bc6ef97bc40da48bbe43557f270bb270	http://ap-northeast-2.ec2.archive.ubuntu.com/ubuntu/pool/universe/g/gcc-9/g%2b%2b-9_9.5.0-1ubuntu1%7e22.04.1_amd64.deb	http://ap-northeast-2.ec2.archive.ubuntu.com/ubuntu/pool/universe/g/gcc-9/g%2b%2b-9_9.5.0-1ubuntu1%7e22.04.1_amd64.deb	true	true	false	proxy_access_log
focal-to-jammy	gcc-9	9.5.0-1ubuntu1%7e22.04.1	amd64	gcc-9	gcc-9_9.5.0-1ubuntu1%7e22.04.1_amd64.deb	ap-northeast-2.ec2.archive.ubuntu.com		universe	11256890	0e72c5da58295ea927d555be30a2a381cdc9957a2f3308de02aec38b37710d8f	http://ap-northeast-2.ec2.archive.ubuntu.com/ubuntu/pool/universe/g/gcc-9/gcc-9_9.5.0-1ubuntu1%7e22.04.1_amd64.deb	http://ap-northeast-2.ec2.archive.ubuntu.com/ubuntu/pool/universe/g/gcc-9/gcc-9_9.5.0-1ubuntu1%7e22.04.1_amd64.deb	true	true	true	proxy_access_log
focal-to-jammy	libstdc%2b%2b-9-dev	9.5.0-1ubuntu1%7e22.04.1	amd64	libstdc%2b%2b-9-dev	libstdc%2b%2b-9-dev_9.5.0-1ubuntu1%7e22.04.1_amd64.deb	ap-northeast-2.ec2.archive.ubuntu.com		universe	1823712	571bad9eb7a33df2e5c96595b6c86242369fa4579963f08297000e98689d1314	http://ap-northeast-2.ec2.archive.ubuntu.com/ubuntu/pool/universe/g/gcc-9/libstdc%2b%2b-9-dev_9.5.0-1ubuntu1%7e22.04.1_amd64.deb	http://ap-northeast-2.ec2.archive.ubuntu.com/ubuntu/pool/universe/g/gcc-9/libstdc%2b%2b-9-dev_9.5.0-1ubuntu1%7e22.04.1_amd64.deb	true	true	false	proxy_access_log
focal-to-jammy	libgcc-9-dev	9.5.0-1ubuntu1%7e22.04.1	amd64	libgcc-9-dev	libgcc-9-dev_9.5.0-1ubuntu1%7e22.04.1_amd64.deb	ap-northeast-2.ec2.archive.ubuntu.com		universe	2519924	38cc47385613128a906c6c36249d7253db997f818314f4f61aeb3253191ceccd	http://ap-northeast-2.ec2.archive.ubuntu.com/ubuntu/pool/universe/g/gcc-9/libgcc-9-dev_9.5.0-1ubuntu1%7e22.04.1_amd64.deb	http://ap-northeast-2.ec2.archive.ubuntu.com/ubuntu/pool/universe/g/gcc-9/libgcc-9-dev_9.5.0-1ubuntu1%7e22.04.1_amd64.deb	true	true	true	proxy_access_log
focal-to-jammy	cpp-9	9.5.0-1ubuntu1%7e22.04.1	amd64	cpp-9	cpp-9_9.5.0-1ubuntu1%7e22.04.1_amd64.deb	ap-northeast-2.ec2.archive.ubuntu.com		universe	10562132	c57abb2ee7d1803700c7a4c4c00c07a9edfb1b92150a4e442bd424e9be8a9ebd	http://ap-northeast-2.ec2.archive.ubuntu.com/ubuntu/pool/universe/g/gcc-9/cpp-9_9.5.0-1ubuntu1%7e22.04.1_amd64.deb	http://ap-northeast-2.ec2.archive.ubuntu.com/ubuntu/pool/universe/g/gcc-9/cpp-9_9.5.0-1ubuntu1%7e22.04.1_amd64.deb	true	true	true	proxy_access_log
focal-to-jammy	gcc-9-base	9.5.0-1ubuntu1%7e22.04.1	amd64	gcc-9-base	gcc-9-base_9.5.0-1ubuntu1%7e22.04.1_amd64.deb	ap-northeast-2.ec2.archive.ubuntu.com		universe	203790	b19cfa77f112c8be0267115b4d7044b119b396aa75f97a0aa376868e1a7031bc	http://ap-northeast-2.ec2.archive.ubuntu.com/ubuntu/pool/universe/g/gcc-9/gcc-9-base_9.5.0-1ubuntu1%7e22.04.1_amd64.deb	http://ap-northeast-2.ec2.archive.ubuntu.com/ubuntu/pool/universe/g/gcc-9/gcc-9-base_9.5.0-1ubuntu1%7e22.04.1_amd64.deb	true	true	true	proxy_access_log
focal-to-jammy	cryptsetup-run	2.4.3-1ubuntu1.3	all	cryptsetup-run	cryptsetup-run_2.4.3-1ubuntu1.3_all.deb	ap-northeast-2.ec2.archive.ubuntu.com		universe	6646	fd263a2dc54ac42fde157e8297732c293ff838265ffd1647695594595b98b7c8	http://ap-northeast-2.ec2.archive.ubuntu.com/ubuntu/pool/universe/c/cryptsetup/cryptsetup-run_2.4.3-1ubuntu1.3_all.deb	http://ap-northeast-2.ec2.archive.ubuntu.com/ubuntu/pool/universe/c/cryptsetup/cryptsetup-run_2.4.3-1ubuntu1.3_all.deb	true	true	true	proxy_access_log
focal-to-jammy	dconf-gsettings-backend	0.40.0-3ubuntu0.1	amd64	dconf	dconf-gsettings-backend_0.40.0-3ubuntu0.1_amd64.deb	ap-northeast-2.ec2.archive.ubuntu.com		main	22742	90632fbb3a6865d36a8ec17e4152f419efd7e94768c68a5e7fa5b60cdce47a94	http://ap-northeast-2.ec2.archive.ubuntu.com/ubuntu/pool/main/d/dconf/dconf-gsettings-backend_0.40.0-3ubuntu0.1_amd64.deb	http://ap-northeast-2.ec2.archive.ubuntu.com/ubuntu/pool/main/d/dconf/dconf-gsettings-backend_0.40.0-3ubuntu0.1_amd64.deb	true	true	true	proxy_access_log
focal-to-jammy	dconf-service	0.40.0-3ubuntu0.1	amd64	dconf	dconf-service_0.40.0-3ubuntu0.1_amd64.deb	ap-northeast-2.ec2.archive.ubuntu.com		main	28092	cc9d865340084258519eb69d1e53119aa389b0b0d19f0e3f433c2adc4575de7b	http://ap-northeast-2.ec2.archive.ubuntu.com/ubuntu/pool/main/d/dconf/dconf-service_0.40.0-3ubuntu0.1_amd64.deb	http://ap-northeast-2.ec2.archive.ubuntu.com/ubuntu/pool/main/d/dconf/dconf-service_0.40.0-3ubuntu0.1_amd64.deb	true	true	true	proxy_access_log
focal-to-jammy	libdconf1	0.40.0-3ubuntu0.1	amd64	dconf	libdconf1_0.40.0-3ubuntu0.1_amd64.deb	ap-northeast-2.ec2.archive.ubuntu.com		main	40498	8cc719e288131b7232a22d58f4c32e96f59a9ff23378a7c6f4f401eb06f99b63	http://ap-northeast-2.ec2.archive.ubuntu.com/ubuntu/pool/main/d/dconf/libdconf1_0.40.0-3ubuntu0.1_amd64.deb	http://ap-northeast-2.ec2.archive.ubuntu.com/ubuntu/pool/main/d/dconf/libdconf1_0.40.0-3ubuntu0.1_amd64.deb	true	true	true	proxy_access_log
focal-to-jammy	dns-root-data	2024071801%7eubuntu0.22.04.1	all	dns-root-data	dns-root-data_2024071801%7eubuntu0.22.04.1_all.deb	ap-northeast-2.ec2.archive.ubuntu.com		main	6132	4a83aa1be26a82c5160f1edcda6f2f4df74f5e3ea6b1165dc960b3bd16f3a68d	http://ap-northeast-2.ec2.archive.ubuntu.com/ubuntu/pool/main/d/dns-root-data/dns-root-data_2024071801%7eubuntu0.22.04.1_all.deb	http://ap-northeast-2.ec2.archive.ubuntu.com/ubuntu/pool/main/d/dns-root-data/dns-root-data_2024071801%7eubuntu0.22.04.1_all.deb	true	true	true	proxy_access_log
focal-to-jammy	dnsmasq-base	2.90-0ubuntu0.22.04.4	amd64	dnsmasq	dnsmasq-base_2.90-0ubuntu0.22.04.4_amd64.deb	ap-northeast-2.ec2.archive.ubuntu.com		main	375004	5296e59794aca8165cbcf5d12e470fcb28a2b1471ddbc52f2cb6532a3ae14140	http://ap-northeast-2.ec2.archive.ubuntu.com/ubuntu/pool/main/d/dnsmasq/dnsmasq-base_2.90-0ubuntu0.22.04.4_amd64.deb	http://ap-northeast-2.ec2.archive.ubuntu.com/ubuntu/pool/main/d/dnsmasq/dnsmasq-base_2.90-0ubuntu0.22.04.4_amd64.deb	true	true	true	proxy_access_log
focal-to-jammy	docker.io	29.1.3-0ubuntu3%7e22.04.2	amd64	docker.io	docker.io_29.1.3-0ubuntu3%7e22.04.2_amd64.deb	ap-northeast-2.ec2.archive.ubuntu.com		universe	35693690	e2336d2596d18d6e1ae0cb80ae569a86019674b1b995c40a0c734be8081f275e	http://ap-northeast-2.ec2.archive.ubuntu.com/ubuntu/pool/universe/d/docker.io-app/docker.io_29.1.3-0ubuntu3%7e22.04.2_amd64.deb	http://ap-northeast-2.ec2.archive.ubuntu.com/ubuntu/pool/universe/d/docker.io-app/docker.io_29.1.3-0ubuntu3%7e22.04.2_amd64.deb	true	true	true	proxy_access_log
focal-to-jammy	libeatmydata1	130-2build1	amd64	libeatmydata	libeatmydata1_130-2build1_amd64.deb	ap-northeast-2.ec2.archive.ubuntu.com		main	7498	a0802a28f12bffbcd975315c06df03b986a9fdc4328addf677b5d2d908e01263	http://ap-northeast-2.ec2.archive.ubuntu.com/ubuntu/pool/main/libe/libeatmydata/libeatmydata1_130-2build1_amd64.deb	http://ap-northeast-2.ec2.archive.ubuntu.com/ubuntu/pool/main/libe/libeatmydata/libeatmydata1_130-2build1_amd64.deb	true	true	true	proxy_access_log
focal-to-jammy	eatmydata	130-2build1	all	libeatmydata	eatmydata_130-2build1_all.deb	ap-northeast-2.ec2.archive.ubuntu.com		main	5584	3991dc5b6d8366cc8b1e47b699caff0341e51b57713bb5394c6b7df2615db5ef	http://ap-northeast-2.ec2.archive.ubuntu.com/ubuntu/pool/main/libe/libeatmydata/eatmydata_130-2build1_all.deb	http://ap-northeast-2.ec2.archive.ubuntu.com/ubuntu/pool/main/libe/libeatmydata/eatmydata_130-2build1_all.deb	true	true	true	proxy_access_log
focal-to-jammy	ebtables	2.0.11-4build2	amd64	ebtables	ebtables_2.0.11-4build2_amd64.deb	ap-northeast-2.ec2.archive.ubuntu.com		main	84856	5c41f4c1465ca0bfe5a470ffb8b0cf913d151db559097fe561b345e9f64e6181	http://ap-northeast-2.ec2.archive.ubuntu.com/ubuntu/pool/main/e/ebtables/ebtables_2.0.11-4build2_amd64.deb	http://ap-northeast-2.ec2.archive.ubuntu.com/ubuntu/pool/main/e/ebtables/ebtables_2.0.11-4build2_amd64.deb	true	true	true	proxy_access_log
focal-to-jammy	efibootmgr	17-1ubuntu2	amd64	efibootmgr	efibootmgr_17-1ubuntu2_amd64.deb	ap-northeast-2.ec2.archive.ubuntu.com		main	29802	5d2c465cc98fd703691e701f5eef3ad5acfb67905a394f4b5685d39a44c51a37	http://ap-northeast-2.ec2.archive.ubuntu.com/ubuntu/pool/main/e/efibootmgr/efibootmgr_17-1ubuntu2_amd64.deb	http://ap-northeast-2.ec2.archive.ubuntu.com/ubuntu/pool/main/e/efibootmgr/efibootmgr_17-1ubuntu2_amd64.deb	true	true	true	proxy_access_log
focal-to-jammy	finalrd	9build1	all	finalrd	finalrd_9build1_all.deb	ap-northeast-2.ec2.archive.ubuntu.com		main	7306	9838e4907680f218a672133a0775b1734607a3704773a258952bc38eed66d35b	http://ap-northeast-2.ec2.archive.ubuntu.com/ubuntu/pool/main/f/finalrd/finalrd_9build1_all.deb	http://ap-northeast-2.ec2.archive.ubuntu.com/ubuntu/pool/main/f/finalrd/finalrd_9build1_all.deb	true	true	true	proxy_access_log
focal-to-jammy	fonts-dejavu-core	2.37-2build1	all	fonts-dejavu	fonts-dejavu-core_2.37-2build1_all.deb	ap-northeast-2.ec2.archive.ubuntu.com		main	1041300	c33fe8bf33b50d99d6448804a090123b1bbba37d7a8703c630695676d110a47d	http://ap-northeast-2.ec2.archive.ubuntu.com/ubuntu/pool/main/f/fonts-dejavu/fonts-dejavu-core_2.37-2build1_all.deb	http://ap-northeast-2.ec2.archive.ubuntu.com/ubuntu/pool/main/f/fonts-dejavu/fonts-dejavu-core_2.37-2build1_all.deb	true	true	false	proxy_access_log
focal-to-jammy	fontconfig-config	2.13.1-4.2ubuntu5	all	fontconfig	fontconfig-config_2.13.1-4.2ubuntu5_all.deb	ap-northeast-2.ec2.archive.ubuntu.com		main	29096	c40405fa036d1732e269fabd4c5b40076b973a226da1df6921d4b7e7a1e2ff72	http://ap-northeast-2.ec2.archive.ubuntu.com/ubuntu/pool/main/f/fontconfig/fontconfig-config_2.13.1-4.2ubuntu5_all.deb	http://ap-northeast-2.ec2.archive.ubuntu.com/ubuntu/pool/main/f/fontconfig/fontconfig-config_2.13.1-4.2ubuntu5_all.deb	true	true	false	proxy_access_log
focal-to-jammy	fwupd-signed	1.51.1%7e22.04.1%2b1.4-0ubuntu0.1	amd64	fwupd-signed	fwupd-signed_1.51.1%7e22.04.1%2b1.4-0ubuntu0.1_amd64.deb	ap-northeast-2.ec2.archive.ubuntu.com		main	30346	83611d51be8a30b71859aa29438962b34b75097d00a49754c5fb6ad1a08bfc73	http://ap-northeast-2.ec2.archive.ubuntu.com/ubuntu/pool/main/f/fwupd-signed/fwupd-signed_1.51.1%7e22.04.1%2b1.4-0ubuntu0.1_amd64.deb	http://ap-northeast-2.ec2.archive.ubuntu.com/ubuntu/pool/main/f/fwupd-signed/fwupd-signed_1.51.1%7e22.04.1%2b1.4-0ubuntu0.1_amd64.deb	true	true	true	proxy_access_log
focal-to-jammy	gcc-10-base	10.5.0-1ubuntu1%7e22.04.3	amd64	gcc-10-base	gcc-10-base_10.5.0-1ubuntu1%7e22.04.3_amd64.deb	ap-northeast-2.ec2.archive.ubuntu.com		universe	212984	b0958b61982af7fd2913dd225efec982efb4512ae1691398d70c38d1fc0c8642	http://ap-northeast-2.ec2.archive.ubuntu.com/ubuntu/pool/universe/g/gcc-10/gcc-10-base_10.5.0-1ubuntu1%7e22.04.3_amd64.deb	http://ap-northeast-2.ec2.archive.ubuntu.com/ubuntu/pool/universe/g/gcc-10/gcc-10-base_10.5.0-1ubuntu1%7e22.04.3_amd64.deb	true	true	true	proxy_access_log
focal-to-jammy	geoip-database	20191224-3	all	geoip-database	geoip-database_20191224-3_all.deb	ap-northeast-2.ec2.archive.ubuntu.com		universe	3030120	0319e92192a04ed084f954e0d9d0020f6914e516b531d5b8d40a9b64e932c698	http://ap-northeast-2.ec2.archive.ubuntu.com/ubuntu/pool/universe/g/geoip-database/geoip-database_20191224-3_all.deb	http://ap-northeast-2.ec2.archive.ubuntu.com/ubuntu/pool/universe/g/geoip-database/geoip-database_20191224-3_all.deb	true	true	true	proxy_access_log
focal-to-jammy	libproxy1v5	0.4.17-2	amd64	libproxy	libproxy1v5_0.4.17-2_amd64.deb	ap-northeast-2.ec2.archive.ubuntu.com		main	51876	2dd5c1b8148080adae1c091c8d3757c0cef1740663d7c475e0195e75e30b524d	http://ap-northeast-2.ec2.archive.ubuntu.com/ubuntu/pool/main/libp/libproxy/libproxy1v5_0.4.17-2_amd64.deb	http://ap-northeast-2.ec2.archive.ubuntu.com/ubuntu/pool/main/libp/libproxy/libproxy1v5_0.4.17-2_amd64.deb	true	true	true	proxy_access_log
focal-to-jammy	glib-networking-common	2.72.0-1	all	glib-networking	glib-networking-common_2.72.0-1_all.deb	ap-northeast-2.ec2.archive.ubuntu.com		main	3718	811e2f9e802d2ccf12ac185079ac4f4a987e270fe6592956b17e06d744a4388b	http://ap-northeast-2.ec2.archive.ubuntu.com/ubuntu/pool/main/g/glib-networking/glib-networking-common_2.72.0-1_all.deb	http://ap-northeast-2.ec2.archive.ubuntu.com/ubuntu/pool/main/g/glib-networking/glib-networking-common_2.72.0-1_all.deb	true	true	true	proxy_access_log
focal-to-jammy	glib-networking	2.72.0-1	amd64	glib-networking	glib-networking_2.72.0-1_amd64.deb	ap-northeast-2.ec2.archive.ubuntu.com		main	69804	3535a026be85284fba36f1102ebad5c39b02bd60f88479816451a177ba84617d	http://ap-northeast-2.ec2.archive.ubuntu.com/ubuntu/pool/main/g/glib-networking/glib-networking_2.72.0-1_amd64.deb	http://ap-northeast-2.ec2.archive.ubuntu.com/ubuntu/pool/main/g/glib-networking/glib-networking_2.72.0-1_amd64.deb	true	true	true	proxy_access_log
focal-to-jammy	glib-networking-services	2.72.0-1	amd64	glib-networking	glib-networking-services_2.72.0-1_amd64.deb	ap-northeast-2.ec2.archive.ubuntu.com		main	9982	48647ed9caa2c09d42d75a7bca8cc6859d5c386d27f2ec3d0bc159e26ec464ff	http://ap-northeast-2.ec2.archive.ubuntu.com/ubuntu/pool/main/g/glib-networking/glib-networking-services_2.72.0-1_amd64.deb	http://ap-northeast-2.ec2.archive.ubuntu.com/ubuntu/pool/main/g/glib-networking/glib-networking-services_2.72.0-1_amd64.deb	true	true	true	proxy_access_log
focal-to-jammy	session-migration	0.3.6	amd64	session-migration	session-migration_0.3.6_amd64.deb	ap-northeast-2.ec2.archive.ubuntu.com		main	9774	3cb465d5ae1b0852ca056c9b18110bffeccc673e2042d49122708540b2fcdf17	http://ap-northeast-2.ec2.archive.ubuntu.com/ubuntu/pool/main/s/session-migration/session-migration_0.3.6_amd64.deb	http://ap-northeast-2.ec2.archive.ubuntu.com/ubuntu/pool/main/s/session-migration/session-migration_0.3.6_amd64.deb	true	true	true	proxy_access_log
focal-to-jammy	gsettings-desktop-schemas	42.0-1ubuntu1	all	gsettings-desktop-schemas	gsettings-desktop-schemas_42.0-1ubuntu1_all.deb	ap-northeast-2.ec2.archive.ubuntu.com		main	31068	5b420af7d77735d1bcc0494134b6810d20d168cd9407febed32d77baccd9e993	http://ap-northeast-2.ec2.archive.ubuntu.com/ubuntu/pool/main/g/gsettings-desktop-schemas/gsettings-desktop-schemas_42.0-1ubuntu1_all.deb	http://ap-northeast-2.ec2.archive.ubuntu.com/ubuntu/pool/main/g/gsettings-desktop-schemas/gsettings-desktop-schemas_42.0-1ubuntu1_all.deb	true	true	true	proxy_access_log
focal-to-jammy	hibagent	1.0.1-0ubuntu2.22.04.2	all	hibagent	hibagent_1.0.1-0ubuntu2.22.04.2_all.deb	ap-northeast-2.ec2.archive.ubuntu.com		main	12620	0c07538731e5f0bb215e2ab0dd23fe911352b3ad2b3d59b3f2b107f306b4dfeb	http://ap-northeast-2.ec2.archive.ubuntu.com/ubuntu/pool/main/h/hibagent/hibagent_1.0.1-0ubuntu2.22.04.2_all.deb	http://ap-northeast-2.ec2.archive.ubuntu.com/ubuntu/pool/main/h/hibagent/hibagent_1.0.1-0ubuntu2.22.04.2_all.deb	true	true	true	proxy_access_log
focal-to-jammy	hwdata	0.357-1	all	hwdata	hwdata_0.357-1_all.deb	ap-northeast-2.ec2.archive.ubuntu.com		main	26568	906f29b6e5a3341904a3d88ab5d2ab90af5634ccdd7e3f32d0670361cf6cc27c	http://ap-northeast-2.ec2.archive.ubuntu.com/ubuntu/pool/main/h/hwdata/hwdata_0.357-1_all.deb	http://ap-northeast-2.ec2.archive.ubuntu.com/ubuntu/pool/main/h/hwdata/hwdata_0.357-1_all.deb	true	true	true	proxy_access_log
focal-to-jammy	ifenslave	2.10ubuntu3	all	ifenslave	ifenslave_2.10ubuntu3_all.deb	ap-northeast-2.ec2.archive.ubuntu.com		universe	13280	144d3f201ff0b83cc23c70a510edb7a226c8ff1ebc9bcec7e7cfda8e14cf40f7	http://ap-northeast-2.ec2.archive.ubuntu.com/ubuntu/pool/universe/i/ifenslave/ifenslave_2.10ubuntu3_all.deb	http://ap-northeast-2.ec2.archive.ubuntu.com/ubuntu/pool/universe/i/ifenslave/ifenslave_2.10ubuntu3_all.deb	true	true	true	proxy_access_log
focal-to-jammy	iucode-tool	2.3.1-1build1	amd64	iucode-tool	iucode-tool_2.3.1-1build1_amd64.deb	ap-northeast-2.ec2.archive.ubuntu.com		main	46910	9141fc63639f19fe606f75de2bf42f1109c7e9e29abed1b8e3b6b4b95d2dd9d1	http://ap-northeast-2.ec2.archive.ubuntu.com/ubuntu/pool/main/i/iucode-tool/iucode-tool_2.3.1-1build1_amd64.deb	http://ap-northeast-2.ec2.archive.ubuntu.com/ubuntu/pool/main/i/iucode-tool/iucode-tool_2.3.1-1build1_amd64.deb	true	true	true	proxy_access_log
focal-to-jammy	javascript-common	11%2bnmu1	all	javascript-common	javascript-common_11%2bnmu1_all.deb	ap-northeast-2.ec2.archive.ubuntu.com		main	5936	5e0e49d84d2e6ef1204b0925576305c011d7c70f8d2e2122a1187bced33b36ef	http://ap-northeast-2.ec2.archive.ubuntu.com/ubuntu/pool/main/j/javascript-common/javascript-common_11%2bnmu1_all.deb	http://ap-northeast-2.ec2.archive.ubuntu.com/ubuntu/pool/main/j/javascript-common/javascript-common_11%2bnmu1_all.deb	true	true	true	proxy_access_log
focal-to-jammy	libonig5	6.9.7.1-2build1	amd64	libonig	libonig5_6.9.7.1-2build1_amd64.deb	ap-northeast-2.ec2.archive.ubuntu.com		main	171890	b02dbaa37b4ec7ad303cc8655b03a2a158299ce56fede9849e3bda501831f413	http://ap-northeast-2.ec2.archive.ubuntu.com/ubuntu/pool/main/libo/libonig/libonig5_6.9.7.1-2build1_amd64.deb	http://ap-northeast-2.ec2.archive.ubuntu.com/ubuntu/pool/main/libo/libonig/libonig5_6.9.7.1-2build1_amd64.deb	true	true	true	proxy_access_log
focal-to-jammy	libjq1	1.6-2.1ubuntu3.2	amd64	jq	libjq1_1.6-2.1ubuntu3.2_amd64.deb	ap-northeast-2.ec2.archive.ubuntu.com		main	134574	060f21dd061c83b3803dcdb0f64f1c7bcf4bc16e3e13fa68e0ed63b202d18245	http://ap-northeast-2.ec2.archive.ubuntu.com/ubuntu/pool/main/j/jq/libjq1_1.6-2.1ubuntu3.2_amd64.deb	http://ap-northeast-2.ec2.archive.ubuntu.com/ubuntu/pool/main/j/jq/libjq1_1.6-2.1ubuntu3.2_amd64.deb	true	true	true	proxy_access_log
focal-to-jammy	jq	1.6-2.1ubuntu3.2	amd64	jq	jq_1.6-2.1ubuntu3.2_amd64.deb	ap-northeast-2.ec2.archive.ubuntu.com		main	52520	4e8c6cd028729579074bd17c0d8d9f03fde2bd482244ca20c22238ae726edf1b	http://ap-northeast-2.ec2.archive.ubuntu.com/ubuntu/pool/main/j/jq/jq_1.6-2.1ubuntu3.2_amd64.deb	http://ap-northeast-2.ec2.archive.ubuntu.com/ubuntu/pool/main/j/jq/jq_1.6-2.1ubuntu3.2_amd64.deb	true	true	true	proxy_access_log
focal-to-jammy	krb5-locales	1.19.2-2ubuntu0.8	all	krb5	krb5-locales_1.19.2-2ubuntu0.8_all.deb	ap-northeast-2.ec2.archive.ubuntu.com		main	12204	f4fb9d850090dc6c8ac5ba0d934ff291d766c7d3d21dcd5b19829f8360d7fb61	http://ap-northeast-2.ec2.archive.ubuntu.com/ubuntu/pool/main/k/krb5/krb5-locales_1.19.2-2ubuntu0.8_all.deb	http://ap-northeast-2.ec2.archive.ubuntu.com/ubuntu/pool/main/k/krb5/krb5-locales_1.19.2-2ubuntu0.8_all.deb	true	true	true	proxy_access_log
focal-to-jammy	python3-configobj	5.0.6-5ubuntu0.1	all	configobj	python3-configobj_5.0.6-5ubuntu0.1_all.deb	ap-northeast-2.ec2.archive.ubuntu.com		main	34912	47248e08353d4e6ea59edde94932844ac725c1d5a3b260923715696b86659bfd	http://ap-northeast-2.ec2.archive.ubuntu.com/ubuntu/pool/main/c/configobj/python3-configobj_5.0.6-5ubuntu0.1_all.deb	http://ap-northeast-2.ec2.archive.ubuntu.com/ubuntu/pool/main/c/configobj/python3-configobj_5.0.6-5ubuntu0.1_all.deb	true	true	true	proxy_access_log
focal-to-jammy	landscape-common	23.02-0ubuntu1%7e22.04.7	amd64	landscape-common	landscape-common_23.02-0ubuntu1%7e22.04.7_amd64.deb	ap-northeast-2.ec2.archive.ubuntu.com		main	88874	7d525fd0ced79111198bc5632193d1c05edafd967329c7224b81137b9fa94e6a	http://ap-northeast-2.ec2.archive.ubuntu.com/ubuntu/pool/main/l/landscape-client/landscape-common_23.02-0ubuntu1%7e22.04.7_amd64.deb	http://ap-northeast-2.ec2.archive.ubuntu.com/ubuntu/pool/main/l/landscape-client/landscape-common_23.02-0ubuntu1%7e22.04.7_amd64.deb	true	true	true	proxy_access_log
focal-to-jammy	libroken18-heimdal	7.7.0%2bdfsg-3ubuntu1	amd64	libroken18-heimdal	libroken18-heimdal_7.7.0%2bdfsg-3ubuntu1_amd64.deb	ap-northeast-2.ec2.archive.ubuntu.com		universe	44676	10dd13274281ae5517b388884f6d187efcce0eb33f9f9a6d0f7269a8cd3ac8ea	http://ap-northeast-2.ec2.archive.ubuntu.com/ubuntu/pool/universe/h/heimdal/libroken18-heimdal_7.7.0%2bdfsg-3ubuntu1_amd64.deb	http://ap-northeast-2.ec2.archive.ubuntu.com/ubuntu/pool/universe/h/heimdal/libroken18-heimdal_7.7.0%2bdfsg-3ubuntu1_amd64.deb	true	true	true	proxy_access_log
focal-to-jammy	libasn1-8-heimdal	7.7.0%2bdfsg-3ubuntu1	amd64	libasn1-8-heimdal	libasn1-8-heimdal_7.7.0%2bdfsg-3ubuntu1_amd64.deb	ap-northeast-2.ec2.archive.ubuntu.com		universe	200638	e7191a136aa71a7223663620f96a0d721850b6fea6e510cd9e8d91ca324716c8	http://ap-northeast-2.ec2.archive.ubuntu.com/ubuntu/pool/universe/h/heimdal/libasn1-8-heimdal_7.7.0%2bdfsg-3ubuntu1_amd64.deb	http://ap-northeast-2.ec2.archive.ubuntu.com/ubuntu/pool/universe/h/heimdal/libasn1-8-heimdal_7.7.0%2bdfsg-3ubuntu1_amd64.deb	true	true	true	proxy_access_log
focal-to-jammy	libatasmart4	0.19-5build2	amd64	libatasmart	libatasmart4_0.19-5build2_amd64.deb	ap-northeast-2.ec2.archive.ubuntu.com		main	25160	5569417a096875ff485657c8ec84410315f9657fef73c7f8c9f6abe46b6babdc	http://ap-northeast-2.ec2.archive.ubuntu.com/ubuntu/pool/main/liba/libatasmart/libatasmart4_0.19-5build2_amd64.deb	http://ap-northeast-2.ec2.archive.ubuntu.com/ubuntu/pool/main/liba/libatasmart/libatasmart4_0.19-5build2_amd64.deb	true	true	true	proxy_access_log
focal-to-jammy	libnspr4	4.35-0ubuntu0.22.04.1	amd64	libnspr4	libnspr4_4.35-0ubuntu0.22.04.1_amd64.deb	ap-northeast-2.ec2.archive.ubuntu.com		main	119208	b3c96e4a61675c87f8d9655109346748847d859abc95f20493159d06b5aa30ef	http://ap-northeast-2.ec2.archive.ubuntu.com/ubuntu/pool/main/n/nspr/libnspr4_4.35-0ubuntu0.22.04.1_amd64.deb	http://ap-northeast-2.ec2.archive.ubuntu.com/ubuntu/pool/main/n/nspr/libnspr4_4.35-0ubuntu0.22.04.1_amd64.deb	true	true	true	proxy_access_log
focal-to-jammy	libnss3	3.98-0ubuntu0.22.04.4	amd64	libnss3	libnss3_3.98-0ubuntu0.22.04.4_amd64.deb	ap-northeast-2.ec2.archive.ubuntu.com		main	1347044	caf60f375adbbdafef74930c5dd91411de0ac5c9499bf699185110dc77d82611	http://ap-northeast-2.ec2.archive.ubuntu.com/ubuntu/pool/main/n/nss/libnss3_3.98-0ubuntu0.22.04.4_amd64.deb	http://ap-northeast-2.ec2.archive.ubuntu.com/ubuntu/pool/main/n/nss/libnss3_3.98-0ubuntu0.22.04.4_amd64.deb	true	true	true	proxy_access_log
focal-to-jammy	libvolume-key1	0.3.12-3.1build3	amd64	volume-key	libvolume-key1_0.3.12-3.1build3_amd64.deb	ap-northeast-2.ec2.archive.ubuntu.com		main	41570	37a4d562546cc3ea2beecfb7023910120d8da3e397925b898dd280b8d510311a	http://ap-northeast-2.ec2.archive.ubuntu.com/ubuntu/pool/main/v/volume-key/libvolume-key1_0.3.12-3.1build3_amd64.deb	http://ap-northeast-2.ec2.archive.ubuntu.com/ubuntu/pool/main/v/volume-key/libvolume-key1_0.3.12-3.1build3_amd64.deb	true	true	true	proxy_access_log
focal-to-jammy	libblockdev-crypto2	2.26-1ubuntu0.1	amd64	libblockdev	libblockdev-crypto2_2.26-1ubuntu0.1_amd64.deb	ap-northeast-2.ec2.archive.ubuntu.com		main	18210	f83024f8abb56d5da7fb411565eecde374aa5c6eac1282561e9bd4f5c0df7563	http://ap-northeast-2.ec2.archive.ubuntu.com/ubuntu/pool/main/libb/libblockdev/libblockdev-crypto2_2.26-1ubuntu0.1_amd64.deb	http://ap-northeast-2.ec2.archive.ubuntu.com/ubuntu/pool/main/libb/libblockdev/libblockdev-crypto2_2.26-1ubuntu0.1_amd64.deb	true	true	true	proxy_access_log
focal-to-jammy	libblockdev-fs2	2.26-1ubuntu0.1	amd64	libblockdev	libblockdev-fs2_2.26-1ubuntu0.1_amd64.deb	ap-northeast-2.ec2.archive.ubuntu.com		main	21834	dceb64a7fc5ecb9bfaa1ef6d2d1648aabf23d3ffc4f4aeb95d2a32aaf848dbd7	http://ap-northeast-2.ec2.archive.ubuntu.com/ubuntu/pool/main/libb/libblockdev/libblockdev-fs2_2.26-1ubuntu0.1_amd64.deb	http://ap-northeast-2.ec2.archive.ubuntu.com/ubuntu/pool/main/libb/libblockdev/libblockdev-fs2_2.26-1ubuntu0.1_amd64.deb	true	true	true	proxy_access_log
focal-to-jammy	libblockdev-loop2	2.26-1ubuntu0.1	amd64	libblockdev	libblockdev-loop2_2.26-1ubuntu0.1_amd64.deb	ap-northeast-2.ec2.archive.ubuntu.com		main	6974	d74cbfc3ced8bd70450168be20ed2fbab414a2888a6dfddbb0a480e20460e695	http://ap-northeast-2.ec2.archive.ubuntu.com/ubuntu/pool/main/libb/libblockdev/libblockdev-loop2_2.26-1ubuntu0.1_amd64.deb	http://ap-northeast-2.ec2.archive.ubuntu.com/ubuntu/pool/main/libb/libblockdev/libblockdev-loop2_2.26-1ubuntu0.1_amd64.deb	true	true	true	proxy_access_log
focal-to-jammy	libblockdev-swap2	2.26-1ubuntu0.1	amd64	libblockdev	libblockdev-swap2_2.26-1ubuntu0.1_amd64.deb	ap-northeast-2.ec2.archive.ubuntu.com		main	7502	30dc0e8f1eb5ad84fa65497e12428d05db0d59d5502a54395b73ac4bf96b96d4	http://ap-northeast-2.ec2.archive.ubuntu.com/ubuntu/pool/main/libb/libblockdev/libblockdev-swap2_2.26-1ubuntu0.1_amd64.deb	http://ap-northeast-2.ec2.archive.ubuntu.com/ubuntu/pool/main/libb/libblockdev/libblockdev-swap2_2.26-1ubuntu0.1_amd64.deb	true	true	true	proxy_access_log
focal-to-jammy	libblockdev2	2.26-1ubuntu0.1	amd64	libblockdev	libblockdev2_2.26-1ubuntu0.1_amd64.deb	ap-northeast-2.ec2.archive.ubuntu.com		main	42948	fb1ad1d5d6055a7c2ccb98ff2a9d3a93d4a775774f928427e40cf610f135ca66	http://ap-northeast-2.ec2.archive.ubuntu.com/ubuntu/pool/main/libb/libblockdev/libblockdev2_2.26-1ubuntu0.1_amd64.deb	http://ap-northeast-2.ec2.archive.ubuntu.com/ubuntu/pool/main/libb/libblockdev/libblockdev2_2.26-1ubuntu0.1_amd64.deb	true	true	true	proxy_access_log
focal-to-jammy	libfontconfig1	2.13.1-4.2ubuntu5	amd64	fontconfig	libfontconfig1_2.13.1-4.2ubuntu5_amd64.deb	ap-northeast-2.ec2.archive.ubuntu.com		main	131434	6be0c141aed23d9eb801658d248fd667bea2b8a9ccab4db7b596a69ffe3393fd	http://ap-northeast-2.ec2.archive.ubuntu.com/ubuntu/pool/main/f/fontconfig/libfontconfig1_2.13.1-4.2ubuntu5_amd64.deb	http://ap-northeast-2.ec2.archive.ubuntu.com/ubuntu/pool/main/f/fontconfig/libfontconfig1_2.13.1-4.2ubuntu5_amd64.deb	true	true	false	proxy_access_log
focal-to-jammy	libjpeg-turbo8	2.1.2-0ubuntu1	amd64	libjpeg-turbo	libjpeg-turbo8_2.1.2-0ubuntu1_amd64.deb	ap-northeast-2.ec2.archive.ubuntu.com		main	134436	bb9538fa94f06bf6b7907105439f0a0a30e3ec27030832820a6c2cc2dc6578a8	http://ap-northeast-2.ec2.archive.ubuntu.com/ubuntu/pool/main/libj/libjpeg-turbo/libjpeg-turbo8_2.1.2-0ubuntu1_amd64.deb	http://ap-northeast-2.ec2.archive.ubuntu.com/ubuntu/pool/main/libj/libjpeg-turbo/libjpeg-turbo8_2.1.2-0ubuntu1_amd64.deb	true	true	false	proxy_access_log
focal-to-jammy	libjpeg8	8c-2ubuntu10	amd64	libjpeg8-empty	libjpeg8_8c-2ubuntu10_amd64.deb	ap-northeast-2.ec2.archive.ubuntu.com		main	2264	869e3e6fbdbe7a645dffcb86b4e285957225a89b6a76840f4aab2bedaf0e4e88	http://ap-northeast-2.ec2.archive.ubuntu.com/ubuntu/pool/main/libj/libjpeg8-empty/libjpeg8_8c-2ubuntu10_amd64.deb	http://ap-northeast-2.ec2.archive.ubuntu.com/ubuntu/pool/main/libj/libjpeg8-empty/libjpeg8_8c-2ubuntu10_amd64.deb	true	true	false	proxy_access_log
focal-to-jammy	libdeflate0	1.10-2	amd64	libdeflate	libdeflate0_1.10-2_amd64.deb	ap-northeast-2.ec2.archive.ubuntu.com		main	70884	a64f7f93a487e57e1a01404d378a8ef1428b1c6b0ecf24fc484c89b681a051c9	http://ap-northeast-2.ec2.archive.ubuntu.com/ubuntu/pool/main/libd/libdeflate/libdeflate0_1.10-2_amd64.deb	http://ap-northeast-2.ec2.archive.ubuntu.com/ubuntu/pool/main/libd/libdeflate/libdeflate0_1.10-2_amd64.deb	true	true	false	proxy_access_log
focal-to-jammy	libjbig0	2.1-3.1ubuntu0.22.04.1	amd64	jbigkit	libjbig0_2.1-3.1ubuntu0.22.04.1_amd64.deb	ap-northeast-2.ec2.archive.ubuntu.com		main	29166	4666c37d8620b6d17a2d4acf2cb1459f071e74881dc490a159e90244d7a98cc6	http://ap-northeast-2.ec2.archive.ubuntu.com/ubuntu/pool/main/j/jbigkit/libjbig0_2.1-3.1ubuntu0.22.04.1_amd64.deb	http://ap-northeast-2.ec2.archive.ubuntu.com/ubuntu/pool/main/j/jbigkit/libjbig0_2.1-3.1ubuntu0.22.04.1_amd64.deb	true	true	false	proxy_access_log
focal-to-jammy	libwebp7	1.2.2-2ubuntu0.22.04.2	amd64	libwebp	libwebp7_1.2.2-2ubuntu0.22.04.2_amd64.deb	ap-northeast-2.ec2.archive.ubuntu.com		main	206268	c24f4ed7a866aef76652027f07376f00e5e83f308b1f2c4faa1ee6ae8b7f2cfc	http://ap-northeast-2.ec2.archive.ubuntu.com/ubuntu/pool/main/libw/libwebp/libwebp7_1.2.2-2ubuntu0.22.04.2_amd64.deb	http://ap-northeast-2.ec2.archive.ubuntu.com/ubuntu/pool/main/libw/libwebp/libwebp7_1.2.2-2ubuntu0.22.04.2_amd64.deb	true	true	false	proxy_access_log
focal-to-jammy	libtiff5	4.3.0-6ubuntu0.13	amd64	tiff	libtiff5_4.3.0-6ubuntu0.13_amd64.deb	ap-northeast-2.ec2.archive.ubuntu.com		main	185292	298a778a6a579a556f6bb4e32512cd76e0483b57b4a379ee85397f62fe21f225	http://ap-northeast-2.ec2.archive.ubuntu.com/ubuntu/pool/main/t/tiff/libtiff5_4.3.0-6ubuntu0.13_amd64.deb	http://ap-northeast-2.ec2.archive.ubuntu.com/ubuntu/pool/main/t/tiff/libtiff5_4.3.0-6ubuntu0.13_amd64.deb	true	true	false	proxy_access_log
focal-to-jammy	libxpm4	3.5.12-1ubuntu0.22.04.3	amd64	libxpm4	libxpm4_3.5.12-1ubuntu0.22.04.3_amd64.deb	ap-northeast-2.ec2.archive.ubuntu.com		main	36526	b264cdad5050a50cdd5c6ff3ba86fb17896ba4dd8e6b8a8b6e7b3978387881a6	http://ap-northeast-2.ec2.archive.ubuntu.com/ubuntu/pool/main/libx/libxpm/libxpm4_3.5.12-1ubuntu0.22.04.3_amd64.deb	http://ap-northeast-2.ec2.archive.ubuntu.com/ubuntu/pool/main/libx/libxpm/libxpm4_3.5.12-1ubuntu0.22.04.3_amd64.deb	true	true	false	proxy_access_log
focal-to-jammy	libgd3	2.3.0-2ubuntu2.3	amd64	libgd2	libgd3_2.3.0-2ubuntu2.3_amd64.deb	ap-northeast-2.ec2.archive.ubuntu.com		main	129426	ac7b97201577e178c2c51187d011114a847a7e45e198f63a316644b5e4e5adc7	http://ap-northeast-2.ec2.archive.ubuntu.com/ubuntu/pool/main/libg/libgd2/libgd3_2.3.0-2ubuntu2.3_amd64.deb	http://ap-northeast-2.ec2.archive.ubuntu.com/ubuntu/pool/main/libg/libgd2/libgd3_2.3.0-2ubuntu2.3_amd64.deb	true	true	false	proxy_access_log
focal-to-jammy	libc-devtools	2.35-0ubuntu3.14	amd64	glibc	libc-devtools_2.35-0ubuntu3.14_amd64.deb	ap-northeast-2.ec2.archive.ubuntu.com		main	28958	d57c033324559441887725e41e7f01fe73cff02ae23488c317c7efd75a745154	http://ap-northeast-2.ec2.archive.ubuntu.com/ubuntu/pool/main/g/glibc/libc-devtools_2.35-0ubuntu3.14_amd64.deb	http://ap-northeast-2.ec2.archive.ubuntu.com/ubuntu/pool/main/g/glibc/libc-devtools_2.35-0ubuntu3.14_amd64.deb	true	true	false	proxy_access_log
focal-to-jammy	libltdl7	2.4.6-15build2	amd64	libtool	libltdl7_2.4.6-15build2_amd64.deb	ap-northeast-2.ec2.archive.ubuntu.com		main	39582	14f150a03085bd5469242fdb8ea2a702ab5d6d2fd3497fdb70654028a4074257	http://ap-northeast-2.ec2.archive.ubuntu.com/ubuntu/pool/main/libt/libtool/libltdl7_2.4.6-15build2_amd64.deb	http://ap-northeast-2.ec2.archive.ubuntu.com/ubuntu/pool/main/libt/libtool/libltdl7_2.4.6-15build2_amd64.deb	true	true	true	proxy_access_log
focal-to-jammy	libtdb1	1.4.5-2build1	amd64	tdb	libtdb1_1.4.5-2build1_amd64.deb	ap-northeast-2.ec2.archive.ubuntu.com		main	46376	7caa07ad7657bebb64fdc40444d19674a6d92e2495588b75a23146874c9c1656	http://ap-northeast-2.ec2.archive.ubuntu.com/ubuntu/pool/main/t/tdb/libtdb1_1.4.5-2build1_amd64.deb	http://ap-northeast-2.ec2.archive.ubuntu.com/ubuntu/pool/main/t/tdb/libtdb1_1.4.5-2build1_amd64.deb	true	true	true	proxy_access_log
focal-to-jammy	libogg0	1.3.5-0ubuntu3	amd64	libogg	libogg0_1.3.5-0ubuntu3_amd64.deb	ap-northeast-2.ec2.archive.ubuntu.com		main	22852	116a95c2ef71057d86f1e20c378247d34a0c8cfa257aecd0f4f36f75fc338de2	http://ap-northeast-2.ec2.archive.ubuntu.com/ubuntu/pool/main/libo/libogg/libogg0_1.3.5-0ubuntu3_amd64.deb	http://ap-northeast-2.ec2.archive.ubuntu.com/ubuntu/pool/main/libo/libogg/libogg0_1.3.5-0ubuntu3_amd64.deb	true	true	true	proxy_access_log
focal-to-jammy	libvorbisfile3	1.3.7-1build2	amd64	libvorbis	libvorbisfile3_1.3.7-1build2_amd64.deb	ap-northeast-2.ec2.archive.ubuntu.com		main	17072	e8ccb1bd8dec2c2b9c9a11b4b37ce58356848a6f0fb3e55070bfe563e19212de	http://ap-northeast-2.ec2.archive.ubuntu.com/ubuntu/pool/main/libv/libvorbis/libvorbisfile3_1.3.7-1build2_amd64.deb	http://ap-northeast-2.ec2.archive.ubuntu.com/ubuntu/pool/main/libv/libvorbis/libvorbisfile3_1.3.7-1build2_amd64.deb	true	true	true	proxy_access_log
focal-to-jammy	libvorbis0a	1.3.7-1build2	amd64	libvorbis	libvorbis0a_1.3.7-1build2_amd64.deb	ap-northeast-2.ec2.archive.ubuntu.com		main	99250	1c4195ccfe75a82c0989300762124b2371d34d8e1f99a968032fde64395a23ec	http://ap-northeast-2.ec2.archive.ubuntu.com/ubuntu/pool/main/libv/libvorbis/libvorbis0a_1.3.7-1build2_amd64.deb	http://ap-northeast-2.ec2.archive.ubuntu.com/ubuntu/pool/main/libv/libvorbis/libvorbis0a_1.3.7-1build2_amd64.deb	true	true	true	proxy_access_log
focal-to-jammy	libcanberra0	0.30-10ubuntu1.22.04.1	amd64	libcanberra	libcanberra0_0.30-10ubuntu1.22.04.1_amd64.deb	ap-northeast-2.ec2.archive.ubuntu.com		main	40042	5d79dfe622dc2f88f20d4a827fa840ec4b90a2695f2ffe0554c643cc3524e640	http://ap-northeast-2.ec2.archive.ubuntu.com/ubuntu/pool/main/libc/libcanberra/libcanberra0_0.30-10ubuntu1.22.04.1_amd64.deb	http://ap-northeast-2.ec2.archive.ubuntu.com/ubuntu/pool/main/libc/libcanberra/libcanberra0_0.30-10ubuntu1.22.04.1_amd64.deb	true	true	true	proxy_access_log
focal-to-jammy	libdbus-glib-1-2	0.112-2build1	amd64	dbus-glib	libdbus-glib-1-2_0.112-2build1_amd64.deb	ap-northeast-2.ec2.archive.ubuntu.com		main	65358	eac07c361f81d846d877c606a98736137ecd04a36c33fdf53baa45693cea3f95	http://ap-northeast-2.ec2.archive.ubuntu.com/ubuntu/pool/main/d/dbus-glib/libdbus-glib-1-2_0.112-2build1_amd64.deb	http://ap-northeast-2.ec2.archive.ubuntu.com/ubuntu/pool/main/d/dbus-glib/libdbus-glib-1-2_0.112-2build1_amd64.deb	true	true	true	proxy_access_log
focal-to-jammy	libdumbnet1	1.12-10	amd64	libdumbnet	libdumbnet1_1.12-10_amd64.deb	ap-northeast-2.ec2.archive.ubuntu.com		universe	27786	3ed8743bd2bfdc51c884b27d911a63bdce93ad37b3d85dd0ee64a80649aeb1ee	http://ap-northeast-2.ec2.archive.ubuntu.com/ubuntu/pool/universe/libd/libdumbnet/libdumbnet1_1.12-10_amd64.deb	http://ap-northeast-2.ec2.archive.ubuntu.com/ubuntu/pool/universe/libd/libdumbnet/libdumbnet1_1.12-10_amd64.deb	true	true	true	proxy_access_log
focal-to-jammy	libevent-2.1-7	2.1.12-stable-1build3	amd64	libevent	libevent-2.1-7_2.1.12-stable-1build3_amd64.deb	ap-northeast-2.ec2.archive.ubuntu.com		main	148238	e13aac87e4143293cf1d3cb82a2458fbeacc234d0db0667fd5567bdcd6da15fe	http://ap-northeast-2.ec2.archive.ubuntu.com/ubuntu/pool/main/libe/libevent/libevent-2.1-7_2.1.12-stable-1build3_amd64.deb	http://ap-northeast-2.ec2.archive.ubuntu.com/ubuntu/pool/main/libe/libevent/libevent-2.1-7_2.1.12-stable-1build3_amd64.deb	true	true	true	proxy_access_log
focal-to-jammy	libffi7	3.3-5ubuntu1	amd64	libffi7	libffi7_3.3-5ubuntu1_amd64.deb	ap-northeast-2.ec2.archive.ubuntu.com		universe	19880	3c88b15b507cdc86c1b79de991128bc26d0493e77ea1905eddd156d379ccdbab	http://ap-northeast-2.ec2.archive.ubuntu.com/ubuntu/pool/universe/libf/libffi7/libffi7_3.3-5ubuntu1_amd64.deb	http://ap-northeast-2.ec2.archive.ubuntu.com/ubuntu/pool/universe/libf/libffi7/libffi7_3.3-5ubuntu1_amd64.deb	true	true	true	proxy_access_log
focal-to-jammy	libfl2	2.6.4-8build2	amd64	flex	libfl2_2.6.4-8build2_amd64.deb	ap-northeast-2.ec2.archive.ubuntu.com		main	10684	b36df0dcc7b3c8769b51790fb37f780a7ca6148448af30ce572ab584ddf8a84a	http://ap-northeast-2.ec2.archive.ubuntu.com/ubuntu/pool/main/f/flex/libfl2_2.6.4-8build2_amd64.deb	http://ap-northeast-2.ec2.archive.ubuntu.com/ubuntu/pool/main/f/flex/libfl2_2.6.4-8build2_amd64.deb	true	true	true	proxy_access_log
focal-to-jammy	libfuse2	2.9.9-5ubuntu3	amd64	fuse	libfuse2_2.9.9-5ubuntu3_amd64.deb	ap-northeast-2.ec2.archive.ubuntu.com		universe	90286	accb0569b063a9d21e2c2a4e30b299da4e87d11af3b41ac1c01f7329ba393ea2	http://ap-northeast-2.ec2.archive.ubuntu.com/ubuntu/pool/universe/f/fuse/libfuse2_2.9.9-5ubuntu3_amd64.deb	http://ap-northeast-2.ec2.archive.ubuntu.com/ubuntu/pool/universe/f/fuse/libfuse2_2.9.9-5ubuntu3_amd64.deb	true	true	true	proxy_access_log
focal-to-jammy	libgcab-1.0-0	1.4-3build2	amd64	gcab	libgcab-1.0-0_1.4-3build2_amd64.deb	ap-northeast-2.ec2.archive.ubuntu.com		main	28978	314e29376c8b0e6e0480b88bf70df544015df09fef50da19613a758795182c93	http://ap-northeast-2.ec2.archive.ubuntu.com/ubuntu/pool/main/g/gcab/libgcab-1.0-0_1.4-3build2_amd64.deb	http://ap-northeast-2.ec2.archive.ubuntu.com/ubuntu/pool/main/g/gcab/libgcab-1.0-0_1.4-3build2_amd64.deb	true	true	true	proxy_access_log
focal-to-jammy	libgudev-1.0-0	237-2build1	amd64	libgudev-1.0-0	libgudev-1.0-0_237-2build1_amd64.deb	ap-northeast-2.ec2.archive.ubuntu.com		main	16266	a6683b34922bbf31c93e4903eb796d357ea0909b212a453f2c361c2919f108d8	http://ap-northeast-2.ec2.archive.ubuntu.com/ubuntu/pool/main/libg/libgudev/libgudev-1.0-0_237-2build1_amd64.deb	http://ap-northeast-2.ec2.archive.ubuntu.com/ubuntu/pool/main/libg/libgudev/libgudev-1.0-0_237-2build1_amd64.deb	true	true	true	proxy_access_log
focal-to-jammy	libgusb2	0.3.10-1	amd64	libgusb	libgusb2_0.3.10-1_amd64.deb	ap-northeast-2.ec2.archive.ubuntu.com		main	25752	721a4762268314b0ed05b34cc57741ac94254ce7344cb8cbda6b21880e27a6f0	http://ap-northeast-2.ec2.archive.ubuntu.com/ubuntu/pool/main/libg/libgusb/libgusb2_0.3.10-1_amd64.deb	http://ap-northeast-2.ec2.archive.ubuntu.com/ubuntu/pool/main/libg/libgusb/libgusb2_0.3.10-1_amd64.deb	true	true	true	proxy_access_log
focal-to-jammy	libfwupdplugin5	1.7.9-1%7e22.04.3	amd64	libfwupdplugin5	libfwupdplugin5_1.7.9-1%7e22.04.3_amd64.deb	ap-northeast-2.ec2.archive.ubuntu.com		main	191370	4d9d065389d87fc00f7af09bd09167e5549b9a9428020f796098fbd26ad4353c	http://ap-northeast-2.ec2.archive.ubuntu.com/ubuntu/pool/main/f/fwupd/libfwupdplugin5_1.7.9-1%7e22.04.3_amd64.deb	http://ap-northeast-2.ec2.archive.ubuntu.com/ubuntu/pool/main/f/fwupd/libfwupdplugin5_1.7.9-1%7e22.04.3_amd64.deb	true	true	true	proxy_access_log
focal-to-jammy	libfwupd2	1.7.9-1%7e22.04.3	amd64	libfwupd2	libfwupd2_1.7.9-1%7e22.04.3_amd64.deb	ap-northeast-2.ec2.archive.ubuntu.com		main	105530	0d26a502e4914026d2da6e727f83a978ca73ae030cfc17b1c6834493178ae59d	http://ap-northeast-2.ec2.archive.ubuntu.com/ubuntu/pool/main/f/fwupd/libfwupd2_1.7.9-1%7e22.04.3_amd64.deb	http://ap-northeast-2.ec2.archive.ubuntu.com/ubuntu/pool/main/f/fwupd/libfwupd2_1.7.9-1%7e22.04.3_amd64.deb	true	true	true	proxy_access_log
focal-to-jammy	libgeoip1	1.6.12-8	amd64	geoip	libgeoip1_1.6.12-8_amd64.deb	ap-northeast-2.ec2.archive.ubuntu.com		universe	84414	ad84246c559aa2f1f1d4a6b6183be21f22dc295f9efb777200c8c570292fed77	http://ap-northeast-2.ec2.archive.ubuntu.com/ubuntu/pool/universe/g/geoip/libgeoip1_1.6.12-8_amd64.deb	http://ap-northeast-2.ec2.archive.ubuntu.com/ubuntu/pool/universe/g/geoip/libgeoip1_1.6.12-8_amd64.deb	true	true	true	proxy_access_log
focal-to-jammy	libheimbase1-heimdal	7.7.0%2bdfsg-3ubuntu1	amd64	libheimbase1-heimdal	libheimbase1-heimdal_7.7.0%2bdfsg-3ubuntu1_amd64.deb	ap-northeast-2.ec2.archive.ubuntu.com		universe	31534	2602fd6dcd0421aacc4a52eb79da16cc47b45db806bc4981fe455ca9f1fd751b	http://ap-northeast-2.ec2.archive.ubuntu.com/ubuntu/pool/universe/h/heimdal/libheimbase1-heimdal_7.7.0%2bdfsg-3ubuntu1_amd64.deb	http://ap-northeast-2.ec2.archive.ubuntu.com/ubuntu/pool/universe/h/heimdal/libheimbase1-heimdal_7.7.0%2bdfsg-3ubuntu1_amd64.deb	true	true	true	proxy_access_log
focal-to-jammy	libhcrypto4-heimdal	7.7.0%2bdfsg-3ubuntu1	amd64	libhcrypto4-heimdal	libhcrypto4-heimdal_7.7.0%2bdfsg-3ubuntu1_amd64.deb	ap-northeast-2.ec2.archive.ubuntu.com		universe	98762	b065cfa93230a9814d30de88c4a3ce2abf64aa1dd6a63b70fa0b082e84ccdb33	http://ap-northeast-2.ec2.archive.ubuntu.com/ubuntu/pool/universe/h/heimdal/libhcrypto4-heimdal_7.7.0%2bdfsg-3ubuntu1_amd64.deb	http://ap-northeast-2.ec2.archive.ubuntu.com/ubuntu/pool/universe/h/heimdal/libhcrypto4-heimdal_7.7.0%2bdfsg-3ubuntu1_amd64.deb	true	true	true	proxy_access_log
focal-to-jammy	libwind0-heimdal	7.7.0%2bdfsg-3ubuntu1	amd64	libwind0-heimdal	libwind0-heimdal_7.7.0%2bdfsg-3ubuntu1_amd64.deb	ap-northeast-2.ec2.archive.ubuntu.com		universe	69074	555a1886aae38c018e6168824a875b7b9b273db6d808682cd178acb4e6fa63c6	http://ap-northeast-2.ec2.archive.ubuntu.com/ubuntu/pool/universe/h/heimdal/libwind0-heimdal_7.7.0%2bdfsg-3ubuntu1_amd64.deb	http://ap-northeast-2.ec2.archive.ubuntu.com/ubuntu/pool/universe/h/heimdal/libwind0-heimdal_7.7.0%2bdfsg-3ubuntu1_amd64.deb	true	true	true	proxy_access_log
focal-to-jammy	libhx509-5-heimdal	7.7.0%2bdfsg-3ubuntu1	amd64	libhx509-5-heimdal	libhx509-5-heimdal_7.7.0%2bdfsg-3ubuntu1_amd64.deb	ap-northeast-2.ec2.archive.ubuntu.com		universe	118650	d01c79229cff0295cf643107ba565255f82600b316a282201215ef83d16e2495	http://ap-northeast-2.ec2.archive.ubuntu.com/ubuntu/pool/universe/h/heimdal/libhx509-5-heimdal_7.7.0%2bdfsg-3ubuntu1_amd64.deb	http://ap-northeast-2.ec2.archive.ubuntu.com/ubuntu/pool/universe/h/heimdal/libhx509-5-heimdal_7.7.0%2bdfsg-3ubuntu1_amd64.deb	true	true	true	proxy_access_log
focal-to-jammy	libkrb5-26-heimdal	7.7.0%2bdfsg-3ubuntu1	amd64	libkrb5-26-heimdal	libkrb5-26-heimdal_7.7.0%2bdfsg-3ubuntu1_amd64.deb	ap-northeast-2.ec2.archive.ubuntu.com		universe	229934	d62f831e2078df517cd2955f350448928a73428883a697082035e90a7c6a30d7	http://ap-northeast-2.ec2.archive.ubuntu.com/ubuntu/pool/universe/h/heimdal/libkrb5-26-heimdal_7.7.0%2bdfsg-3ubuntu1_amd64.deb	http://ap-northeast-2.ec2.archive.ubuntu.com/ubuntu/pool/universe/h/heimdal/libkrb5-26-heimdal_7.7.0%2bdfsg-3ubuntu1_amd64.deb	true	true	true	proxy_access_log
focal-to-jammy	libheimntlm0-heimdal	7.7.0%2bdfsg-3ubuntu1	amd64	libheimntlm0-heimdal	libheimntlm0-heimdal_7.7.0%2bdfsg-3ubuntu1_amd64.deb	ap-northeast-2.ec2.archive.ubuntu.com		universe	16962	0782767a975938909af867e0428b5237f5f6b64b4d05ff527bc05b22c004cecf	http://ap-northeast-2.ec2.archive.ubuntu.com/ubuntu/pool/universe/h/heimdal/libheimntlm0-heimdal_7.7.0%2bdfsg-3ubuntu1_amd64.deb	http://ap-northeast-2.ec2.archive.ubuntu.com/ubuntu/pool/universe/h/heimdal/libheimntlm0-heimdal_7.7.0%2bdfsg-3ubuntu1_amd64.deb	true	true	true	proxy_access_log
focal-to-jammy	libgssapi3-heimdal	7.7.0%2bdfsg-3ubuntu1	amd64	libgssapi3-heimdal	libgssapi3-heimdal_7.7.0%2bdfsg-3ubuntu1_amd64.deb	ap-northeast-2.ec2.archive.ubuntu.com		universe	106240	25dc1842ab12dea91564261815b1cf8d96585cbc9b2621a3a85f1290a6b7370d	http://ap-northeast-2.ec2.archive.ubuntu.com/ubuntu/pool/universe/h/heimdal/libgssapi3-heimdal_7.7.0%2bdfsg-3ubuntu1_amd64.deb	http://ap-northeast-2.ec2.archive.ubuntu.com/ubuntu/pool/universe/h/heimdal/libgssapi3-heimdal_7.7.0%2bdfsg-3ubuntu1_amd64.deb	true	true	true	proxy_access_log
focal-to-jammy	libintl-perl	1.26-3build2	all	libintl-perl	libintl-perl_1.26-3build2_all.deb	ap-northeast-2.ec2.archive.ubuntu.com		main	731258	ce1fba8ddd791985615852de978ed196ec419144d497911cebd3204f30207414	http://ap-northeast-2.ec2.archive.ubuntu.com/ubuntu/pool/main/libi/libintl-perl/libintl-perl_1.26-3build2_all.deb	http://ap-northeast-2.ec2.archive.ubuntu.com/ubuntu/pool/main/libi/libintl-perl/libintl-perl_1.26-3build2_all.deb	true	true	true	proxy_access_log
focal-to-jammy	libintl-xs-perl	1.26-3build2	amd64	libintl-perl	libintl-xs-perl_1.26-3build2_amd64.deb	ap-northeast-2.ec2.archive.ubuntu.com		main	12738	9dfef6a7ecc48a003343da8aca4f2ddf56b95fe2715b33ed22a0c0fa4c4eb3b9	http://ap-northeast-2.ec2.archive.ubuntu.com/ubuntu/pool/main/libi/libintl-perl/libintl-xs-perl_1.26-3build2_amd64.deb	http://ap-northeast-2.ec2.archive.ubuntu.com/ubuntu/pool/main/libi/libintl-perl/libintl-xs-perl_1.26-3build2_amd64.deb	true	true	true	proxy_access_log
focal-to-jammy	libjs-highlight.js	9.18.5%2bdfsg1-1	all	libjs-highlight.js	libjs-highlight.js_9.18.5%2bdfsg1-1_all.deb	ap-northeast-2.ec2.archive.ubuntu.com		universe	367140	74031e755ab8f794f20766335f1a63ac5131c2840db61ebf62afad5274c801e4	http://ap-northeast-2.ec2.archive.ubuntu.com/ubuntu/pool/universe/h/highlight.js/libjs-highlight.js_9.18.5%2bdfsg1-1_all.deb	http://ap-northeast-2.ec2.archive.ubuntu.com/ubuntu/pool/universe/h/highlight.js/libjs-highlight.js_9.18.5%2bdfsg1-1_all.deb	true	true	true	proxy_access_log
focal-to-jammy	libjs-jquery	3.6.0%2bdfsg%2b%7e3.5.13-1	all	libjs-jquery	libjs-jquery_3.6.0%2bdfsg%2b%7e3.5.13-1_all.deb	ap-northeast-2.ec2.archive.ubuntu.com		main	320998	9b8e6deb6db82bf067badb640e56f5a672e89280dab5525feedc8d11323393ef	http://ap-northeast-2.ec2.archive.ubuntu.com/ubuntu/pool/main/n/node-jquery/libjs-jquery_3.6.0%2bdfsg%2b%7e3.5.13-1_all.deb	http://ap-northeast-2.ec2.archive.ubuntu.com/ubuntu/pool/main/n/node-jquery/libjs-jquery_3.6.0%2bdfsg%2b%7e3.5.13-1_all.deb	true	true	true	proxy_access_log
focal-to-jammy	libjs-underscore	1.13.2%7edfsg-2	all	libjs-underscore	libjs-underscore_1.13.2%7edfsg-2_all.deb	ap-northeast-2.ec2.archive.ubuntu.com		main	117782	a34e8c9203de5aa70ce36921483eb40bac56b26141d10d500dfd499cd4e6f74e	http://ap-northeast-2.ec2.archive.ubuntu.com/ubuntu/pool/main/u/underscore/libjs-underscore_1.13.2%7edfsg-2_all.deb	http://ap-northeast-2.ec2.archive.ubuntu.com/ubuntu/pool/main/u/underscore/libjs-underscore_1.13.2%7edfsg-2_all.deb	true	true	true	proxy_access_log
focal-to-jammy	libjs-sphinxdoc	4.3.2-1	all	sphinx	libjs-sphinxdoc_4.3.2-1_all.deb	ap-northeast-2.ec2.archive.ubuntu.com		main	138934	2f108dcdc083b2b11904177c9e91a06ca606bcb0ed955cd1bb3e59f0bd6c4fb9	http://ap-northeast-2.ec2.archive.ubuntu.com/ubuntu/pool/main/s/sphinx/libjs-sphinxdoc_4.3.2-1_all.deb	http://ap-northeast-2.ec2.archive.ubuntu.com/ubuntu/pool/main/s/sphinx/libjs-sphinxdoc_4.3.2-1_all.deb	true	true	true	proxy_access_log
focal-to-jammy	libldap-common	2.5.20%2bdfsg-0ubuntu0.22.04.1	all	libldap-common	libldap-common_2.5.20%2bdfsg-0ubuntu0.22.04.1_all.deb	ap-northeast-2.ec2.archive.ubuntu.com		main	16434	1586f9319660dd82b3aa653b0a2dcdc3b4dd061d4bdef70f1bf6889c680665c0	http://ap-northeast-2.ec2.archive.ubuntu.com/ubuntu/pool/main/o/openldap/libldap-common_2.5.20%2bdfsg-0ubuntu0.22.04.1_all.deb	http://ap-northeast-2.ec2.archive.ubuntu.com/ubuntu/pool/main/o/openldap/libldap-common_2.5.20%2bdfsg-0ubuntu0.22.04.1_all.deb	true	true	true	proxy_access_log
focal-to-jammy	liblxc-common	5.0.0%7egit2209-g5a7b9ce67-0ubuntu1.1	amd64	liblxc-common	liblxc-common_5.0.0%7egit2209-g5a7b9ce67-0ubuntu1.1_amd64.deb	ap-northeast-2.ec2.archive.ubuntu.com		universe	459922	d13a16bc3bc29065acdcbd9d2b5b377d99459000496fba6b4c1a795e47653741	http://ap-northeast-2.ec2.archive.ubuntu.com/ubuntu/pool/universe/l/lxc/liblxc-common_5.0.0%7egit2209-g5a7b9ce67-0ubuntu1.1_amd64.deb	http://ap-northeast-2.ec2.archive.ubuntu.com/ubuntu/pool/universe/l/lxc/liblxc-common_5.0.0%7egit2209-g5a7b9ce67-0ubuntu1.1_amd64.deb	true	true	true	proxy_access_log
focal-to-jammy	liblxc1	5.0.0%7egit2209-g5a7b9ce67-0ubuntu1.1	amd64	liblxc1	liblxc1_5.0.0%7egit2209-g5a7b9ce67-0ubuntu1.1_amd64.deb	ap-northeast-2.ec2.archive.ubuntu.com		universe	356176	01cbec6c948e68698b5484bc2ab32142c069ad82538db90642674ed08fcdb59b	http://ap-northeast-2.ec2.archive.ubuntu.com/ubuntu/pool/universe/l/lxc/liblxc1_5.0.0%7egit2209-g5a7b9ce67-0ubuntu1.1_amd64.deb	http://ap-northeast-2.ec2.archive.ubuntu.com/ubuntu/pool/universe/l/lxc/liblxc1_5.0.0%7egit2209-g5a7b9ce67-0ubuntu1.1_amd64.deb	true	true	true	proxy_access_log
focal-to-jammy	libmbim-proxy	1.28.0-1%7eubuntu20.04.2	amd64	libmbim-proxy	libmbim-proxy_1.28.0-1%7eubuntu20.04.2_amd64.deb	ap-northeast-2.ec2.archive.ubuntu.com		main	6160	772cd8efaa454035bfee5ad2e6e5a5d2db1a8b87ba62c575136a2fafbbbdeeba	http://ap-northeast-2.ec2.archive.ubuntu.com/ubuntu/pool/main/libm/libmbim/libmbim-proxy_1.28.0-1%7eubuntu20.04.2_amd64.deb	http://ap-northeast-2.ec2.archive.ubuntu.com/ubuntu/pool/main/libm/libmbim/libmbim-proxy_1.28.0-1%7eubuntu20.04.2_amd64.deb	true	true	true	proxy_access_log
focal-to-jammy	libmbim-glib4	1.28.0-1%7eubuntu20.04.2	amd64	libmbim-glib4	libmbim-glib4_1.28.0-1%7eubuntu20.04.2_amd64.deb	ap-northeast-2.ec2.archive.ubuntu.com		main	191812	79af9cb49160aaa25cef9e5ae3b14d8b3ede56ae8b1dc5875fe6a47c9e4c975c	http://ap-northeast-2.ec2.archive.ubuntu.com/ubuntu/pool/main/libm/libmbim/libmbim-glib4_1.28.0-1%7eubuntu20.04.2_amd64.deb	http://ap-northeast-2.ec2.archive.ubuntu.com/ubuntu/pool/main/libm/libmbim/libmbim-glib4_1.28.0-1%7eubuntu20.04.2_amd64.deb	true	true	true	proxy_access_log
focal-to-jammy	libmm-glib0	1.20.0-1%7eubuntu22.04.4	amd64	libmm-glib0	libmm-glib0_1.20.0-1%7eubuntu22.04.4_amd64.deb	ap-northeast-2.ec2.archive.ubuntu.com		main	262380	5998341a5eb0e79d00a67d3e931eb4e6633b0f00f79d80a18d6fe39863a8c2ca	http://ap-northeast-2.ec2.archive.ubuntu.com/ubuntu/pool/main/m/modemmanager/libmm-glib0_1.20.0-1%7eubuntu22.04.4_amd64.deb	http://ap-northeast-2.ec2.archive.ubuntu.com/ubuntu/pool/main/m/modemmanager/libmm-glib0_1.20.0-1%7eubuntu22.04.4_amd64.deb	true	true	true	proxy_access_log
focal-to-jammy	libmodule-find-perl	0.15-1	all	libmodule-find-perl	libmodule-find-perl_0.15-1_all.deb	ap-northeast-2.ec2.archive.ubuntu.com		main	10944	c32dcdd11df2a481286d604e71fc7cde0fdc115c82ff1b15b26ef4ff03dc8187	http://ap-northeast-2.ec2.archive.ubuntu.com/ubuntu/pool/main/libm/libmodule-find-perl/libmodule-find-perl_0.15-1_all.deb	http://ap-northeast-2.ec2.archive.ubuntu.com/ubuntu/pool/main/libm/libmodule-find-perl/libmodule-find-perl_0.15-1_all.deb	true	true	true	proxy_access_log
focal-to-jammy	libmodule-scandeps-perl	1.31-1ubuntu0.1	all	libmodule-scandeps-perl	libmodule-scandeps-perl_1.31-1ubuntu0.1_all.deb	ap-northeast-2.ec2.archive.ubuntu.com		main	30662	4e6e3d8d58ef3c3799ec327dd200ae0e6fd9df865ebf82e6aa45945e820b2059	http://ap-northeast-2.ec2.archive.ubuntu.com/ubuntu/pool/main/libm/libmodule-scandeps-perl/libmodule-scandeps-perl_1.31-1ubuntu0.1_all.deb	http://ap-northeast-2.ec2.archive.ubuntu.com/ubuntu/pool/main/libm/libmodule-scandeps-perl/libmodule-scandeps-perl_1.31-1ubuntu0.1_all.deb	true	true	true	proxy_access_log
focal-to-jammy	libncursesw5	6.3-2ubuntu0.2	amd64	ncurses	libncursesw5_6.3-2ubuntu0.2_amd64.deb	ap-northeast-2.ec2.archive.ubuntu.com		universe	133696	8e83197f01eb975dd78d7c8052d511f012e37923d16b9aed7bfa9408783d2e97	http://ap-northeast-2.ec2.archive.ubuntu.com/ubuntu/pool/universe/n/ncurses/libncursesw5_6.3-2ubuntu0.2_amd64.deb	http://ap-northeast-2.ec2.archive.ubuntu.com/ubuntu/pool/universe/n/ncurses/libncursesw5_6.3-2ubuntu0.2_amd64.deb	true	true	true	proxy_access_log
focal-to-jammy	libncurses5	6.3-2ubuntu0.2	amd64	ncurses	libncurses5_6.3-2ubuntu0.2_amd64.deb	ap-northeast-2.ec2.archive.ubuntu.com		universe	106526	91d18fcc4165a40d27e8181eb282bcaf89c2a5e6c6dc182b37df33827407361c	http://ap-northeast-2.ec2.archive.ubuntu.com/ubuntu/pool/universe/n/ncurses/libncurses5_6.3-2ubuntu0.2_amd64.deb	http://ap-northeast-2.ec2.archive.ubuntu.com/ubuntu/pool/universe/n/ncurses/libncurses5_6.3-2ubuntu0.2_amd64.deb	true	true	true	proxy_access_log
focal-to-jammy	libtinfo5	6.3-2ubuntu0.2	amd64	ncurses	libtinfo5_6.3-2ubuntu0.2_amd64.deb	ap-northeast-2.ec2.archive.ubuntu.com		universe	99990	b9bb64e716a7d9de05b1b33992763142ca81bcae3a7f8ce7e29fa3c6fd32f1e8	http://ap-northeast-2.ec2.archive.ubuntu.com/ubuntu/pool/universe/n/ncurses/libtinfo5_6.3-2ubuntu0.2_amd64.deb	http://ap-northeast-2.ec2.archive.ubuntu.com/ubuntu/pool/universe/n/ncurses/libtinfo5_6.3-2ubuntu0.2_amd64.deb	true	true	true	proxy_access_log
focal-to-jammy	libnih1	1.0.3-12build1	amd64	libnih	libnih1_1.0.3-12build1_amd64.deb	ap-northeast-2.ec2.archive.ubuntu.com		universe	48528	9db2c3fa8d3e1a9f437b08d3fc64af674a1a19a4a1376ae2c2f0ebce89e7d917	http://ap-northeast-2.ec2.archive.ubuntu.com/ubuntu/pool/universe/libn/libnih/libnih1_1.0.3-12build1_amd64.deb	http://ap-northeast-2.ec2.archive.ubuntu.com/ubuntu/pool/universe/libn/libnih/libnih1_1.0.3-12build1_amd64.deb	true	true	true	proxy_access_log
focal-to-jammy	libnss-nis	3.1-0ubuntu6	amd64	libnss-nis	libnss-nis_3.1-0ubuntu6_amd64.deb	ap-northeast-2.ec2.archive.ubuntu.com		main	27332	2351c0e6e9b36ee75a32519e63662358cda683b3127502559f7209b4dd699dd0	http://ap-northeast-2.ec2.archive.ubuntu.com/ubuntu/pool/main/libn/libnss-nis/libnss-nis_3.1-0ubuntu6_amd64.deb	http://ap-northeast-2.ec2.archive.ubuntu.com/ubuntu/pool/main/libn/libnss-nis/libnss-nis_3.1-0ubuntu6_amd64.deb	true	true	true	proxy_access_log
focal-to-jammy	libnss-nisplus	1.3-0ubuntu6	amd64	libnss-nisplus	libnss-nisplus_1.3-0ubuntu6_amd64.deb	ap-northeast-2.ec2.archive.ubuntu.com		main	22914	e5ae7e4d28e7cc849db6b8fa8368b89a4db5ff225b8fbaf2104f42e2fcfcae2e	http://ap-northeast-2.ec2.archive.ubuntu.com/ubuntu/pool/main/libn/libnss-nisplus/libnss-nisplus_1.3-0ubuntu6_amd64.deb	http://ap-northeast-2.ec2.archive.ubuntu.com/ubuntu/pool/main/libn/libnss-nisplus/libnss-nisplus_1.3-0ubuntu6_amd64.deb	true	true	true	proxy_access_log
focal-to-jammy	libopts25	5.18.16-4	amd64	libopts25	libopts25_5.18.16-4_amd64.deb	ap-northeast-2.ec2.archive.ubuntu.com		universe	59516	33044c5666b0bcec6996b38e8b23ff9b40cc2b5b0164b3cfbf5a554bb96ae1a4	http://ap-northeast-2.ec2.archive.ubuntu.com/ubuntu/pool/universe/a/autogen/libopts25_5.18.16-4_amd64.deb	http://ap-northeast-2.ec2.archive.ubuntu.com/ubuntu/pool/universe/a/autogen/libopts25_5.18.16-4_amd64.deb	true	true	true	proxy_access_log
focal-to-jammy	libproc-processtable-perl	0.634-1build1	amd64	libproc-processtable-perl	libproc-processtable-perl_0.634-1build1_amd64.deb	ap-northeast-2.ec2.archive.ubuntu.com		main	37466	f104d3a6c90a88b6942308eec86250e63592b3f57da684f8baa3b64576a7ef8b	http://ap-northeast-2.ec2.archive.ubuntu.com/ubuntu/pool/main/libp/libproc-processtable-perl/libproc-processtable-perl_0.634-1build1_amd64.deb	http://ap-northeast-2.ec2.archive.ubuntu.com/ubuntu/pool/main/libp/libproc-processtable-perl/libproc-processtable-perl_0.634-1build1_amd64.deb	true	true	true	proxy_access_log
focal-to-jammy	libqmi-proxy	1.32.0-1ubuntu0.22.04.1	amd64	libqmi	libqmi-proxy_1.32.0-1ubuntu0.22.04.1_amd64.deb	ap-northeast-2.ec2.archive.ubuntu.com		main	6072	ccafbcc4738a824fb559fcc788097517bbb5a3a6201c6d6fe6b4eb10061bbd99	http://ap-northeast-2.ec2.archive.ubuntu.com/ubuntu/pool/main/libq/libqmi/libqmi-proxy_1.32.0-1ubuntu0.22.04.1_amd64.deb	http://ap-northeast-2.ec2.archive.ubuntu.com/ubuntu/pool/main/libq/libqmi/libqmi-proxy_1.32.0-1ubuntu0.22.04.1_amd64.deb	true	true	true	proxy_access_log
focal-to-jammy	libqmi-glib5	1.32.0-1ubuntu0.22.04.1	amd64	libqmi	libqmi-glib5_1.32.0-1ubuntu0.22.04.1_amd64.deb	ap-northeast-2.ec2.archive.ubuntu.com		main	772296	19fc86238086cb2c726de6cdc4c10be952968b59c789becfc94f7b066044a1b5	http://ap-northeast-2.ec2.archive.ubuntu.com/ubuntu/pool/main/libq/libqmi/libqmi-glib5_1.32.0-1ubuntu0.22.04.1_amd64.deb	http://ap-northeast-2.ec2.archive.ubuntu.com/ubuntu/pool/main/libq/libqmi/libqmi-glib5_1.32.0-1ubuntu0.22.04.1_amd64.deb	true	true	true	proxy_access_log
focal-to-jammy	libsasl2-modules	2.1.27%2bdfsg2-3ubuntu1.2	amd64	libsasl2-modules	libsasl2-modules_2.1.27%2bdfsg2-3ubuntu1.2_amd64.deb	ap-northeast-2.ec2.archive.ubuntu.com		main	68804	b96ed7a31d8c1092d031e654a9f4b39705e96979589c4ebb84be2dd19e1a3194	http://ap-northeast-2.ec2.archive.ubuntu.com/ubuntu/pool/main/c/cyrus-sasl2/libsasl2-modules_2.1.27%2bdfsg2-3ubuntu1.2_amd64.deb	http://ap-northeast-2.ec2.archive.ubuntu.com/ubuntu/pool/main/c/cyrus-sasl2/libsasl2-modules_2.1.27%2bdfsg2-3ubuntu1.2_amd64.deb	true	true	true	proxy_access_log
focal-to-jammy	libsigsegv2	2.13-1ubuntu3	amd64	libsigsegv	libsigsegv2_2.13-1ubuntu3_amd64.deb	ap-northeast-2.ec2.archive.ubuntu.com		main	14612	894fcb0804df54dca59edbd0860d6f3eeac25d1555aebd3fa99d80665969f891	http://ap-northeast-2.ec2.archive.ubuntu.com/ubuntu/pool/main/libs/libsigsegv/libsigsegv2_2.13-1ubuntu3_amd64.deb	http://ap-northeast-2.ec2.archive.ubuntu.com/ubuntu/pool/main/libs/libsigsegv/libsigsegv2_2.13-1ubuntu3_amd64.deb	true	true	true	proxy_access_log
focal-to-jammy	libsmbios-c2	2.4.3-1build1	amd64	libsmbios	libsmbios-c2_2.4.3-1build1_amd64.deb	ap-northeast-2.ec2.archive.ubuntu.com		main	75170	d57248b7e087813fa228ecdf94b375b1ece5e6f4966d3329c0e8b6424fed6111	http://ap-northeast-2.ec2.archive.ubuntu.com/ubuntu/pool/main/libs/libsmbios/libsmbios-c2_2.4.3-1build1_amd64.deb	http://ap-northeast-2.ec2.archive.ubuntu.com/ubuntu/pool/main/libs/libsmbios/libsmbios-c2_2.4.3-1build1_amd64.deb	true	true	true	proxy_access_log
focal-to-jammy	libsort-naturally-perl	1.03-2	all	libsort-naturally-perl	libsort-naturally-perl_1.03-2_all.deb	ap-northeast-2.ec2.archive.ubuntu.com		main	13252	2682074ea9b8949b59914c1c9f5b68eb10ce37ca392c6db4af8bdaa4106edb27	http://ap-northeast-2.ec2.archive.ubuntu.com/ubuntu/pool/main/libs/libsort-naturally-perl/libsort-naturally-perl_1.03-2_all.deb	http://ap-northeast-2.ec2.archive.ubuntu.com/ubuntu/pool/main/libs/libsort-naturally-perl/libsort-naturally-perl_1.03-2_all.deb	true	true	true	proxy_access_log
focal-to-jammy	libsoup2.4-common	2.74.2-3ubuntu0.7	all	libsoup2.4	libsoup2.4-common_2.74.2-3ubuntu0.7_all.deb	ap-northeast-2.ec2.archive.ubuntu.com		main	4898	90920232dbd0808d0ed42b8a531b1fa0d7d87637f482893a5dc4a4a998d336bc	http://ap-northeast-2.ec2.archive.ubuntu.com/ubuntu/pool/main/libs/libsoup2.4/libsoup2.4-common_2.74.2-3ubuntu0.7_all.deb	http://ap-northeast-2.ec2.archive.ubuntu.com/ubuntu/pool/main/libs/libsoup2.4/libsoup2.4-common_2.74.2-3ubuntu0.7_all.deb	true	true	true	proxy_access_log
focal-to-jammy	libsoup2.4-1	2.74.2-3ubuntu0.7	amd64	libsoup2.4	libsoup2.4-1_2.74.2-3ubuntu0.7_amd64.deb	ap-northeast-2.ec2.archive.ubuntu.com		main	287810	e51a22c0558dc96f399c768ceeb65bee08d75912936d9de8ed3cd5858cab7f31	http://ap-northeast-2.ec2.archive.ubuntu.com/ubuntu/pool/main/libs/libsoup2.4/libsoup2.4-1_2.74.2-3ubuntu0.7_amd64.deb	http://ap-northeast-2.ec2.archive.ubuntu.com/ubuntu/pool/main/libs/libsoup2.4/libsoup2.4-1_2.74.2-3ubuntu0.7_amd64.deb	true	true	true	proxy_access_log
focal-to-jammy	libtcl8.6	8.6.12%2bdfsg-1build1	amd64	libtcl8.6	libtcl8.6_8.6.12%2bdfsg-1build1_amd64.deb	ap-northeast-2.ec2.archive.ubuntu.com		main	989614	5232b051f9dcd567648ab3061848329ef15cc3a8cb1e66732be80f102dad293c	http://ap-northeast-2.ec2.archive.ubuntu.com/ubuntu/pool/main/t/tcl8.6/libtcl8.6_8.6.12%2bdfsg-1build1_amd64.deb	http://ap-northeast-2.ec2.archive.ubuntu.com/ubuntu/pool/main/t/tcl8.6/libtcl8.6_8.6.12%2bdfsg-1build1_amd64.deb	true	true	true	proxy_access_log
focal-to-jammy	libterm-readkey-perl	2.38-1build4	amd64	libterm-readkey-perl	libterm-readkey-perl_2.38-1build4_amd64.deb	ap-northeast-2.ec2.archive.ubuntu.com		main	25178	319d8e8dd5c0f00e4594dcbfcb59fd47cef9f895ed495c38175d001008a2fd14	http://ap-northeast-2.ec2.archive.ubuntu.com/ubuntu/pool/main/libt/libterm-readkey-perl/libterm-readkey-perl_2.38-1build4_amd64.deb	http://ap-northeast-2.ec2.archive.ubuntu.com/ubuntu/pool/main/libt/libterm-readkey-perl/libterm-readkey-perl_2.38-1build4_amd64.deb	true	true	true	proxy_access_log
focal-to-jammy	libtraceevent1	1.3.3-1	amd64	libtraceevent1	libtraceevent1_1.3.3-1_amd64.deb	ap-northeast-2.ec2.archive.ubuntu.com		universe	50808	ca68e0466e05bd7570d253302f4e68cb7a585dbf7b8b251e6f2afb3ad3c2e359	http://ap-northeast-2.ec2.archive.ubuntu.com/ubuntu/pool/universe/libt/libtraceevent/libtraceevent1_1.3.3-1_amd64.deb	http://ap-northeast-2.ec2.archive.ubuntu.com/ubuntu/pool/universe/libt/libtraceevent/libtraceevent1_1.3.3-1_amd64.deb	true	true	true	proxy_access_log
focal-to-jammy	libudisks2-0	2.9.4-1ubuntu2.3	amd64	udisks2	libudisks2-0_2.9.4-1ubuntu2.3_amd64.deb	ap-northeast-2.ec2.archive.ubuntu.com		main	167354	e2c8344aff7a78478321949de3339057b8ec01d2f1a452bc2e5b426eb545f1de	http://ap-northeast-2.ec2.archive.ubuntu.com/ubuntu/pool/main/u/udisks2/libudisks2-0_2.9.4-1ubuntu2.3_amd64.deb	http://ap-northeast-2.ec2.archive.ubuntu.com/ubuntu/pool/main/u/udisks2/libudisks2-0_2.9.4-1ubuntu2.3_amd64.deb	true	true	true	proxy_access_log
focal-to-jammy	liburing2	2.1-2build1	amd64	liburing	liburing2_2.1-2build1_amd64.deb	ap-northeast-2.ec2.archive.ubuntu.com		main	10348	f6e9bdf50c9683cd9a74ad92d51dde085f40baf0a5fcd8a56fc68425c1bd3c5f	http://ap-northeast-2.ec2.archive.ubuntu.com/ubuntu/pool/main/libu/liburing/liburing2_2.1-2build1_amd64.deb	http://ap-northeast-2.ec2.archive.ubuntu.com/ubuntu/pool/main/libu/liburing/liburing2_2.1-2build1_amd64.deb	true	true	true	proxy_access_log
focal-to-jammy	libusb-0.1-4	0.1.12-32build3	amd64	libusb-0.1-4	libusb-0.1-4_0.1.12-32build3_amd64.deb	ap-northeast-2.ec2.archive.ubuntu.com		main	17724	6fa5afe7de36a3e32bdfbfd0d0ceee0d283d0e5c653ede24d402a2d91c3fb1f0	http://ap-northeast-2.ec2.archive.ubuntu.com/ubuntu/pool/main/libu/libusb/libusb-0.1-4_0.1.12-32build3_amd64.deb	http://ap-northeast-2.ec2.archive.ubuntu.com/ubuntu/pool/main/libu/libusb/libusb-0.1-4_0.1.12-32build3_amd64.deb	true	true	true	proxy_access_log
focal-to-jammy	linux-modules-6.8.0-1063-aws	6.8.0-1063.66%7e22.04.1	amd64	linux-modules-6.8.0-1063-aws	linux-modules-6.8.0-1063-aws_6.8.0-1063.66%7e22.04.1_amd64.deb	ap-northeast-2.ec2.archive.ubuntu.com		main	25427800	4170a8e9b946b6ece34f5fa1dbf9dd1710740a5006260c3786bc8656285babc2	http://ap-northeast-2.ec2.archive.ubuntu.com/ubuntu/pool/main/l/linux-aws-6.8/linux-modules-6.8.0-1063-aws_6.8.0-1063.66%7e22.04.1_amd64.deb	http://ap-northeast-2.ec2.archive.ubuntu.com/ubuntu/pool/main/l/linux-aws-6.8/linux-modules-6.8.0-1063-aws_6.8.0-1063.66%7e22.04.1_amd64.deb	true	true	true	proxy_access_log
focal-to-jammy	linux-image-6.8.0-1063-aws	6.8.0-1063.66%7e22.04.1	amd64	linux-image-6.8.0-1063-aws	linux-image-6.8.0-1063-aws_6.8.0-1063.66%7e22.04.1_amd64.deb	ap-northeast-2.ec2.archive.ubuntu.com		main	14795120	7b0391132b69c495ce7593107dc4422fbc70a42b23afc5964a2041e68098ae1c	http://ap-northeast-2.ec2.archive.ubuntu.com/ubuntu/pool/main/l/linux-signed-aws-6.8/linux-image-6.8.0-1063-aws_6.8.0-1063.66%7e22.04.1_amd64.deb	http://ap-northeast-2.ec2.archive.ubuntu.com/ubuntu/pool/main/l/linux-signed-aws-6.8/linux-image-6.8.0-1063-aws_6.8.0-1063.66%7e22.04.1_amd64.deb	true	true	true	proxy_access_log
focal-to-jammy	amd64-microcode	3.20191218.1ubuntu2.3	amd64	amd64-microcode	amd64-microcode_3.20191218.1ubuntu2.3_amd64.deb	ap-northeast-2.ec2.archive.ubuntu.com		main	67896	f5c5c26a84fe5d54882b714031e49643976be25031452f7bec9e6f6285f0d28f	http://ap-northeast-2.ec2.archive.ubuntu.com/ubuntu/pool/main/a/amd64-microcode/amd64-microcode_3.20191218.1ubuntu2.3_amd64.deb	http://ap-northeast-2.ec2.archive.ubuntu.com/ubuntu/pool/main/a/amd64-microcode/amd64-microcode_3.20191218.1ubuntu2.3_amd64.deb	true	true	true	proxy_access_log
focal-to-jammy	intel-microcode	3.20260210.0ubuntu0.22.04.1	amd64	intel-microcode	intel-microcode_3.20260210.0ubuntu0.22.04.1_amd64.deb	ap-northeast-2.ec2.archive.ubuntu.com		main	13533650	6a3685cddc5b926cc9b6db9b6954dfa6f368324d505220bc0c6d020f98b284a6	http://ap-northeast-2.ec2.archive.ubuntu.com/ubuntu/pool/main/i/intel-microcode/intel-microcode_3.20260210.0ubuntu0.22.04.1_amd64.deb	http://ap-northeast-2.ec2.archive.ubuntu.com/ubuntu/pool/main/i/intel-microcode/intel-microcode_3.20260210.0ubuntu0.22.04.1_amd64.deb	true	true	true	proxy_access_log
focal-to-jammy	microcode-initrd	2build1	amd64	microcode-initrd	microcode-initrd_2build1_amd64.deb	ap-northeast-2.ec2.archive.ubuntu.com		main	2904	9a8a4e71221024884d08d4e76b1644c1dea5640761670a91f9bed8e90a18bf6d	http://ap-northeast-2.ec2.archive.ubuntu.com/ubuntu/pool/main/m/microcode-initrd/microcode-initrd_2build1_amd64.deb	http://ap-northeast-2.ec2.archive.ubuntu.com/ubuntu/pool/main/m/microcode-initrd/microcode-initrd_2build1_amd64.deb	true	true	true	proxy_access_log
focal-to-jammy	linux-aws	6.8.0-1063.66%7e22.04.1	amd64	linux-aws	linux-aws_6.8.0-1063.66%7e22.04.1_amd64.deb	ap-northeast-2.ec2.archive.ubuntu.com		main	1726	6865857784d5f70d43bd94d66e46da540cbf714fd29add7fe471e9b6a588d0ac	http://ap-northeast-2.ec2.archive.ubuntu.com/ubuntu/pool/main/l/linux-meta-aws-6.8/linux-aws_6.8.0-1063.66%7e22.04.1_amd64.deb	http://ap-northeast-2.ec2.archive.ubuntu.com/ubuntu/pool/main/l/linux-meta-aws-6.8/linux-aws_6.8.0-1063.66%7e22.04.1_amd64.deb	true	true	true	proxy_access_log
focal-to-jammy	linux-image-aws	6.8.0-1063.66%7e22.04.1	amd64	linux-image-aws	linux-image-aws_6.8.0-1063.66%7e22.04.1_amd64.deb	ap-northeast-2.ec2.archive.ubuntu.com		main	2532	46dbf9d2ddf2aff0787afecaa83cd1f5d71a780c0000edc980fa0f6438ec5e81	http://ap-northeast-2.ec2.archive.ubuntu.com/ubuntu/pool/main/l/linux-meta-aws-6.8/linux-image-aws_6.8.0-1063.66%7e22.04.1_amd64.deb	http://ap-northeast-2.ec2.archive.ubuntu.com/ubuntu/pool/main/l/linux-meta-aws-6.8/linux-image-aws_6.8.0-1063.66%7e22.04.1_amd64.deb	true	true	true	proxy_access_log
focal-to-jammy	linux-aws-6.8-headers-6.8.0-1063	6.8.0-1063.66%7e22.04.1	all	linux-aws-6.8-headers-6.8.0-1063	linux-aws-6.8-headers-6.8.0-1063_6.8.0-1063.66%7e22.04.1_all.deb	ap-northeast-2.ec2.archive.ubuntu.com		main	13591334	15106324f3687d431e894ead60d21b28e6f82ac535e15b693217f8b251650428	http://ap-northeast-2.ec2.archive.ubuntu.com/ubuntu/pool/main/l/linux-aws-6.8/linux-aws-6.8-headers-6.8.0-1063_6.8.0-1063.66%7e22.04.1_all.deb	http://ap-northeast-2.ec2.archive.ubuntu.com/ubuntu/pool/main/l/linux-aws-6.8/linux-aws-6.8-headers-6.8.0-1063_6.8.0-1063.66%7e22.04.1_all.deb	true	true	true	proxy_access_log
focal-to-jammy	linux-headers-6.8.0-1063-aws	6.8.0-1063.66%7e22.04.1	amd64	linux-headers-6.8.0-1063-aws	linux-headers-6.8.0-1063-aws_6.8.0-1063.66%7e22.04.1_amd64.deb	ap-northeast-2.ec2.archive.ubuntu.com		main	3584572	f30407862c58cde27d642ee102079f84298dafe8ddacfdb44ed7b5529f237577	http://ap-northeast-2.ec2.archive.ubuntu.com/ubuntu/pool/main/l/linux-aws-6.8/linux-headers-6.8.0-1063-aws_6.8.0-1063.66%7e22.04.1_amd64.deb	http://ap-northeast-2.ec2.archive.ubuntu.com/ubuntu/pool/main/l/linux-aws-6.8/linux-headers-6.8.0-1063-aws_6.8.0-1063.66%7e22.04.1_amd64.deb	true	true	true	proxy_access_log
focal-to-jammy	linux-headers-aws	6.8.0-1063.66%7e22.04.1	amd64	linux-headers-aws	linux-headers-aws_6.8.0-1063.66%7e22.04.1_amd64.deb	ap-northeast-2.ec2.archive.ubuntu.com		main	2450	c283b7ad726e6203e998f6f013f5c130777289d0a004b9e545b3584ebbbf6a7f	http://ap-northeast-2.ec2.archive.ubuntu.com/ubuntu/pool/main/l/linux-meta-aws-6.8/linux-headers-aws_6.8.0-1063.66%7e22.04.1_amd64.deb	http://ap-northeast-2.ec2.archive.ubuntu.com/ubuntu/pool/main/l/linux-meta-aws-6.8/linux-headers-aws_6.8.0-1063.66%7e22.04.1_amd64.deb	true	true	true	proxy_access_log
focal-to-jammy	linux-tools-common	5.15.0-190.200	all	linux	linux-tools-common_5.15.0-190.200_all.deb	ap-northeast-2.ec2.archive.ubuntu.com		main	313210	dca27c402acfec2e4e9cf5d0c06588e2cb4afb598cad3da48afbb57386453627	http://ap-northeast-2.ec2.archive.ubuntu.com/ubuntu/pool/main/l/linux/linux-tools-common_5.15.0-190.200_all.deb	http://ap-northeast-2.ec2.archive.ubuntu.com/ubuntu/pool/main/l/linux/linux-tools-common_5.15.0-190.200_all.deb	true	true	true	proxy_access_log
focal-to-jammy	linux-aws-6.8-tools-6.8.0-1063	6.8.0-1063.66%7e22.04.1	amd64	linux-aws-6.8-tools-6.8.0-1063	linux-aws-6.8-tools-6.8.0-1063_6.8.0-1063.66%7e22.04.1_amd64.deb	ap-northeast-2.ec2.archive.ubuntu.com		main	3847926	d0571d653bff0e26f5f3cefb5da356dc9263d02bb5a3a9953bdee1422cbef48d	http://ap-northeast-2.ec2.archive.ubuntu.com/ubuntu/pool/main/l/linux-aws-6.8/linux-aws-6.8-tools-6.8.0-1063_6.8.0-1063.66%7e22.04.1_amd64.deb	http://ap-northeast-2.ec2.archive.ubuntu.com/ubuntu/pool/main/l/linux-aws-6.8/linux-aws-6.8-tools-6.8.0-1063_6.8.0-1063.66%7e22.04.1_amd64.deb	true	true	true	proxy_access_log
focal-to-jammy	linux-aws-headers-5.15.0-1084	5.15.0-1084.91	all	linux-aws	linux-aws-headers-5.15.0-1084_5.15.0-1084.91_all.deb	ap-northeast-2.ec2.archive.ubuntu.com		main	12334724	35215f609220012f2e9925928317c1e56463d098c16371ef2450c64a546df7d8	http://ap-northeast-2.ec2.archive.ubuntu.com/ubuntu/pool/main/l/linux-aws/linux-aws-headers-5.15.0-1084_5.15.0-1084.91_all.deb	http://ap-northeast-2.ec2.archive.ubuntu.com/ubuntu/pool/main/l/linux-aws/linux-aws-headers-5.15.0-1084_5.15.0-1084.91_all.deb	true	true	true	proxy_access_log
focal-to-jammy	linux-headers-5.15.0-1084-aws	5.15.0-1084.91	amd64	linux-aws	linux-headers-5.15.0-1084-aws_5.15.0-1084.91_amd64.deb	ap-northeast-2.ec2.archive.ubuntu.com		main	2802520	7178321a9bc66ab50a8b337c7ace95f8aa62c8bee4cb4d36dde0efaab8a6b8f4	http://ap-northeast-2.ec2.archive.ubuntu.com/ubuntu/pool/main/l/linux-aws/linux-headers-5.15.0-1084-aws_5.15.0-1084.91_amd64.deb	http://ap-northeast-2.ec2.archive.ubuntu.com/ubuntu/pool/main/l/linux-aws/linux-headers-5.15.0-1084-aws_5.15.0-1084.91_amd64.deb	true	true	true	proxy_access_log
focal-to-jammy	linux-modules-5.15.0-1084-aws	5.15.0-1084.91	amd64	linux-aws	linux-modules-5.15.0-1084-aws_5.15.0-1084.91_amd64.deb	ap-northeast-2.ec2.archive.ubuntu.com		main	22280834	ad54e49a73ac0d3b9e5de3cd6872ba0fdbb35107f1d26d3e9fa6e5b08cb1f043	http://ap-northeast-2.ec2.archive.ubuntu.com/ubuntu/pool/main/l/linux-aws/linux-modules-5.15.0-1084-aws_5.15.0-1084.91_amd64.deb	http://ap-northeast-2.ec2.archive.ubuntu.com/ubuntu/pool/main/l/linux-aws/linux-modules-5.15.0-1084-aws_5.15.0-1084.91_amd64.deb	true	true	true	proxy_access_log
focal-to-jammy	linux-image-5.15.0-1084-aws	5.15.0-1084.91	amd64	linux-signed-aws	linux-image-5.15.0-1084-aws_5.15.0-1084.91_amd64.deb	ap-northeast-2.ec2.archive.ubuntu.com		main	11595528	67f548119ef8490004d796b549cc5b7ce60e66e52664afe6a071c2f4e981082c	http://ap-northeast-2.ec2.archive.ubuntu.com/ubuntu/pool/main/l/linux-signed-aws/linux-image-5.15.0-1084-aws_5.15.0-1084.91_amd64.deb	http://ap-northeast-2.ec2.archive.ubuntu.com/ubuntu/pool/main/l/linux-signed-aws/linux-image-5.15.0-1084-aws_5.15.0-1084.91_amd64.deb	true	true	true	proxy_access_log
focal-to-jammy	linux-tools-6.8.0-1063-aws	6.8.0-1063.66%7e22.04.1	amd64	linux-tools-6.8.0-1063-aws	linux-tools-6.8.0-1063-aws_6.8.0-1063.66%7e22.04.1_amd64.deb	ap-northeast-2.ec2.archive.ubuntu.com		main	1798	a38a8d510a452a0a8cbfc6c972f8fb1f24cfba505ecb2d1fafe6b94e3d7a2f21	http://ap-northeast-2.ec2.archive.ubuntu.com/ubuntu/pool/main/l/linux-aws-6.8/linux-tools-6.8.0-1063-aws_6.8.0-1063.66%7e22.04.1_amd64.deb	http://ap-northeast-2.ec2.archive.ubuntu.com/ubuntu/pool/main/l/linux-aws-6.8/linux-tools-6.8.0-1063-aws_6.8.0-1063.66%7e22.04.1_amd64.deb	true	true	true	proxy_access_log
focal-to-jammy	ltrace	0.7.3-6.1ubuntu6.22.04.1	amd64	ltrace	ltrace_0.7.3-6.1ubuntu6.22.04.1_amd64.deb	ap-northeast-2.ec2.archive.ubuntu.com		universe	132548	344cd04b08c23dcfc2aab97904d3a9b10eaf2ede83ea5d2312731faa1813caa1	http://ap-northeast-2.ec2.archive.ubuntu.com/ubuntu/pool/universe/l/ltrace/ltrace_0.7.3-6.1ubuntu6.22.04.1_amd64.deb	http://ap-northeast-2.ec2.archive.ubuntu.com/ubuntu/pool/universe/l/ltrace/ltrace_0.7.3-6.1ubuntu6.22.04.1_amd64.deb	true	true	true	proxy_access_log
focal-to-jammy	lxcfs	5.0.0-0ubuntu2	amd64	lxcfs	lxcfs_5.0.0-0ubuntu2_amd64.deb	ap-northeast-2.ec2.archive.ubuntu.com		universe	81124	ab9e030e1152a46e0eb9e76a4dc32acb1965ec32aa6d60e1302d68eae890c590	http://ap-northeast-2.ec2.archive.ubuntu.com/ubuntu/pool/universe/l/lxcfs/lxcfs_5.0.0-0ubuntu2_amd64.deb	http://ap-northeast-2.ec2.archive.ubuntu.com/ubuntu/pool/universe/l/lxcfs/lxcfs_5.0.0-0ubuntu2_amd64.deb	true	true	true	proxy_access_log
focal-to-jammy	lxd-agent-loader	0.5	all	lxd-agent-loader	lxd-agent-loader_0.5_all.deb	ap-northeast-2.ec2.archive.ubuntu.com		main	3894	9a8c5214ac51920b51938af8125a36160425fa682da202dba22386bc72ee46ce	http://ap-northeast-2.ec2.archive.ubuntu.com/ubuntu/pool/main/l/lxd-agent-loader/lxd-agent-loader_0.5_all.deb	http://ap-northeast-2.ec2.archive.ubuntu.com/ubuntu/pool/main/l/lxd-agent-loader/lxd-agent-loader_0.5_all.deb	true	true	true	proxy_access_log
focal-to-jammy	makedev	2.3.1-95	all	makedev	makedev_2.3.1-95_all.deb	ap-northeast-2.ec2.archive.ubuntu.com		universe	27038	1c184ec3adf86c8616734dac6ab0a6c3346a7b998108b11f00b1e04553496e5a	http://ap-northeast-2.ec2.archive.ubuntu.com/ubuntu/pool/universe/m/makedev/makedev_2.3.1-95_all.deb	http://ap-northeast-2.ec2.archive.ubuntu.com/ubuntu/pool/universe/m/makedev/makedev_2.3.1-95_all.deb	true	true	true	proxy_access_log
focal-to-jammy	mlocate	1.1.15-1ubuntu2	all	plocate	mlocate_1.1.15-1ubuntu2_all.deb	ap-northeast-2.ec2.archive.ubuntu.com		main	1670	0c423ff02dbbea34282748a40525c892285f842f379fa9245a6bcdbcdca4c8f6	http://ap-northeast-2.ec2.archive.ubuntu.com/ubuntu/pool/main/p/plocate/mlocate_1.1.15-1ubuntu2_all.deb	http://ap-northeast-2.ec2.archive.ubuntu.com/ubuntu/pool/main/p/plocate/mlocate_1.1.15-1ubuntu2_all.deb	true	true	true	proxy_access_log
focal-to-jammy	plocate	1.1.15-1ubuntu2	amd64	plocate	plocate_1.1.15-1ubuntu2_amd64.deb	ap-northeast-2.ec2.archive.ubuntu.com		main	129204	c11c1366715dd6a0ae5182e6b2b403f95d3ecfe145c0eb3f11d51caafc9b5e09	http://ap-northeast-2.ec2.archive.ubuntu.com/ubuntu/pool/main/p/plocate/plocate_1.1.15-1ubuntu2_amd64.deb	http://ap-northeast-2.ec2.archive.ubuntu.com/ubuntu/pool/main/p/plocate/plocate_1.1.15-1ubuntu2_amd64.deb	true	true	true	proxy_access_log
focal-to-jammy	modemmanager	1.20.0-1%7eubuntu22.04.4	amd64	modemmanager	modemmanager_1.20.0-1%7eubuntu22.04.4_amd64.deb	ap-northeast-2.ec2.archive.ubuntu.com		main	1093930	94e7016de7dc8c9d40b96ca4398c2c353ec52af10a8db23b89193bb820bba362	http://ap-northeast-2.ec2.archive.ubuntu.com/ubuntu/pool/main/m/modemmanager/modemmanager_1.20.0-1%7eubuntu22.04.4_amd64.deb	http://ap-northeast-2.ec2.archive.ubuntu.com/ubuntu/pool/main/m/modemmanager/modemmanager_1.20.0-1%7eubuntu22.04.4_amd64.deb	true	true	true	proxy_access_log
focal-to-jammy	needrestart	3.5-5ubuntu2.5	all	needrestart	needrestart_3.5-5ubuntu2.5_all.deb	ap-northeast-2.ec2.archive.ubuntu.com		main	45456	c6d6736db24266be59bc6be51d5423fdaa95ca99c37338744c4fa6c82ed54944	http://ap-northeast-2.ec2.archive.ubuntu.com/ubuntu/pool/main/n/needrestart/needrestart_3.5-5ubuntu2.5_all.deb	http://ap-northeast-2.ec2.archive.ubuntu.com/ubuntu/pool/main/n/needrestart/needrestart_3.5-5ubuntu2.5_all.deb	true	true	true	proxy_access_log
focal-to-jammy	net-tools	1.60%2bgit20181103.0eebece-1ubuntu5.4	amd64	net-tools	net-tools_1.60%2bgit20181103.0eebece-1ubuntu5.4_amd64.deb	ap-northeast-2.ec2.archive.ubuntu.com		main	204402	c91b28875fad3ee9345cc2f3d6f9b24e19208571f34fae19b4097b92af9aef0c	http://ap-northeast-2.ec2.archive.ubuntu.com/ubuntu/pool/main/n/net-tools/net-tools_1.60%2bgit20181103.0eebece-1ubuntu5.4_amd64.deb	http://ap-northeast-2.ec2.archive.ubuntu.com/ubuntu/pool/main/n/net-tools/net-tools_1.60%2bgit20181103.0eebece-1ubuntu5.4_amd64.deb	true	true	true	proxy_access_log
focal-to-jammy	nodejs-doc	12.22.9%7edfsg-1ubuntu3.6	all	nodejs-doc	nodejs-doc_12.22.9%7edfsg-1ubuntu3.6_all.deb	ap-northeast-2.ec2.archive.ubuntu.com		universe	2411158	c7b32814e006233ce2ab61cbdd8071c97e598ff76d4165a0184ede01c00f7c67	http://ap-northeast-2.ec2.archive.ubuntu.com/ubuntu/pool/universe/n/nodejs/nodejs-doc_12.22.9%7edfsg-1ubuntu3.6_all.deb	http://ap-northeast-2.ec2.archive.ubuntu.com/ubuntu/pool/universe/n/nodejs/nodejs-doc_12.22.9%7edfsg-1ubuntu3.6_all.deb	true	true	true	proxy_access_log
focal-to-jammy	sntp	4.2.8p15%2bdfsg-1ubuntu2	amd64	sntp	sntp_4.2.8p15%2bdfsg-1ubuntu2_amd64.deb	ap-northeast-2.ec2.archive.ubuntu.com		universe	67140	39b1ef462730a9b8b734a3e1a2eb3115af206104b43f3f9ee383674729e93e2c	http://ap-northeast-2.ec2.archive.ubuntu.com/ubuntu/pool/universe/n/ntp/sntp_4.2.8p15%2bdfsg-1ubuntu2_amd64.deb	http://ap-northeast-2.ec2.archive.ubuntu.com/ubuntu/pool/universe/n/ntp/sntp_4.2.8p15%2bdfsg-1ubuntu2_amd64.deb	true	true	true	proxy_access_log
focal-to-jammy	ntp	4.2.8p15%2bdfsg-1ubuntu2	amd64	ntp	ntp_4.2.8p15%2bdfsg-1ubuntu2_amd64.deb	ap-northeast-2.ec2.archive.ubuntu.com		universe	720770	ff9cd9c7e5a19bb4412f8be53d5171f00919fa0ea17733762e4e8e26c080f51a	http://ap-northeast-2.ec2.archive.ubuntu.com/ubuntu/pool/universe/n/ntp/ntp_4.2.8p15%2bdfsg-1ubuntu2_amd64.deb	http://ap-northeast-2.ec2.archive.ubuntu.com/ubuntu/pool/universe/n/ntp/ntp_4.2.8p15%2bdfsg-1ubuntu2_amd64.deb	true	true	true	proxy_access_log
focal-to-jammy	ntpdate	4.2.8p15%2bdfsg-1ubuntu2	amd64	ntpdate	ntpdate_4.2.8p15%2bdfsg-1ubuntu2_amd64.deb	ap-northeast-2.ec2.archive.ubuntu.com		universe	51490	b8efaabbbc9a5c4efe3cd8de5666b5691a5d782aca8f4bbb33c92b3002fca708	http://ap-northeast-2.ec2.archive.ubuntu.com/ubuntu/pool/universe/n/ntp/ntpdate_4.2.8p15%2bdfsg-1ubuntu2_amd64.deb	http://ap-northeast-2.ec2.archive.ubuntu.com/ubuntu/pool/universe/n/ntp/ntpdate_4.2.8p15%2bdfsg-1ubuntu2_amd64.deb	true	true	true	proxy_access_log
focal-to-jammy	os-prober	1.79ubuntu2	amd64	os-prober	os-prober_1.79ubuntu2_amd64.deb	ap-northeast-2.ec2.archive.ubuntu.com		main	19332	79bd16f038de632156ad5b2abeb2d29ee80ca54fc396fd7f1dae842470be6656	http://ap-northeast-2.ec2.archive.ubuntu.com/ubuntu/pool/main/o/os-prober/os-prober_1.79ubuntu2_amd64.deb	http://ap-northeast-2.ec2.archive.ubuntu.com/ubuntu/pool/main/o/os-prober/os-prober_1.79ubuntu2_amd64.deb	true	true	true	proxy_access_log
focal-to-jammy	pastebinit	1.5.1-1ubuntu1	all	pastebinit	pastebinit_1.5.1-1ubuntu1_all.deb	ap-northeast-2.ec2.archive.ubuntu.com		main	14620	158a6a0b9d014598e60a1479637a41984c76c95d99641ebdb4d9c8093126fa84	http://ap-northeast-2.ec2.archive.ubuntu.com/ubuntu/pool/main/p/pastebinit/pastebinit_1.5.1-1ubuntu1_all.deb	http://ap-northeast-2.ec2.archive.ubuntu.com/ubuntu/pool/main/p/pastebinit/pastebinit_1.5.1-1ubuntu1_all.deb	true	true	true	proxy_access_log
focal-to-jammy	python-setuptools	44.1.1-1.2ubuntu0.22.04.1	all	python-setuptools	python-setuptools_44.1.1-1.2ubuntu0.22.04.1_all.deb	ap-northeast-2.ec2.archive.ubuntu.com		universe	333954	a079a18ca9cbd49bce5d732013baa8b155cba3f383beafcd9800e621d3580bd4	http://ap-northeast-2.ec2.archive.ubuntu.com/ubuntu/pool/universe/p/python-setuptools/python-setuptools_44.1.1-1.2ubuntu0.22.04.1_all.deb	http://ap-northeast-2.ec2.archive.ubuntu.com/ubuntu/pool/universe/p/python-setuptools/python-setuptools_44.1.1-1.2ubuntu0.22.04.1_all.deb	true	true	true	proxy_access_log
focal-to-jammy	python-pkg-resources	44.1.1-1.2ubuntu0.22.04.1	all	python-setuptools	python-pkg-resources_44.1.1-1.2ubuntu0.22.04.1_all.deb	ap-northeast-2.ec2.archive.ubuntu.com		universe	128238	78eedfe58b0ad51aae6ebde81f08e498b750a1caf37ff206be289f601038db67	http://ap-northeast-2.ec2.archive.ubuntu.com/ubuntu/pool/universe/p/python-setuptools/python-pkg-resources_44.1.1-1.2ubuntu0.22.04.1_all.deb	http://ap-northeast-2.ec2.archive.ubuntu.com/ubuntu/pool/universe/p/python-setuptools/python-pkg-resources_44.1.1-1.2ubuntu0.22.04.1_all.deb	true	true	true	proxy_access_log
focal-to-jammy	python-six	1.16.0-3ubuntu1	all	six	python-six_1.16.0-3ubuntu1_all.deb	ap-northeast-2.ec2.archive.ubuntu.com		universe	12588	abe06c64f9ea6fe5dece0936962ce480b96919b11ff67b35f5a96e7d5e044ed7	http://ap-northeast-2.ec2.archive.ubuntu.com/ubuntu/pool/universe/s/six/python-six_1.16.0-3ubuntu1_all.deb	http://ap-northeast-2.ec2.archive.ubuntu.com/ubuntu/pool/universe/s/six/python-six_1.16.0-3ubuntu1_all.deb	true	true	true	proxy_access_log
focal-to-jammy	python3-argcomplete	1.8.1-1.5	all	python-argcomplete	python3-argcomplete_1.8.1-1.5_all.deb	ap-northeast-2.ec2.archive.ubuntu.com		universe	27236	48000c0bf8885d320772e7a3d239497f6aacc0ebf4118f4f4a20d9a1376ea77e	http://ap-northeast-2.ec2.archive.ubuntu.com/ubuntu/pool/universe/p/python-argcomplete/python3-argcomplete_1.8.1-1.5_all.deb	http://ap-northeast-2.ec2.archive.ubuntu.com/ubuntu/pool/universe/p/python-argcomplete/python3-argcomplete_1.8.1-1.5_all.deb	true	true	true	proxy_access_log
focal-to-jammy	python3-asn1crypto	1.4.0-1	all	asn1crypto	python3-asn1crypto_1.4.0-1_all.deb	ap-northeast-2.ec2.archive.ubuntu.com		universe	77136	6079bc2129b6a7b891f587a466eb3ea68a57a4d6aa9ed74f0f1a8a02160737a9	http://ap-northeast-2.ec2.archive.ubuntu.com/ubuntu/pool/universe/a/asn1crypto/python3-asn1crypto_1.4.0-1_all.deb	http://ap-northeast-2.ec2.archive.ubuntu.com/ubuntu/pool/universe/a/asn1crypto/python3-asn1crypto_1.4.0-1_all.deb	true	true	true	proxy_access_log
focal-to-jammy	python3-colorama	0.4.4-1	all	python-colorama	python3-colorama_0.4.4-1_all.deb	ap-northeast-2.ec2.archive.ubuntu.com		main	24532	2170206c8a9005499c5fe8ee5bbdadb4de929452311ca4a04a90457112656c55	http://ap-northeast-2.ec2.archive.ubuntu.com/ubuntu/pool/main/p/python-colorama/python3-colorama_0.4.4-1_all.deb	http://ap-northeast-2.ec2.archive.ubuntu.com/ubuntu/pool/main/p/python-colorama/python3-colorama_0.4.4-1_all.deb	true	true	true	proxy_access_log
focal-to-jammy	python3-click	8.0.3-1	all	python-click	python3-click_8.0.3-1_all.deb	ap-northeast-2.ec2.archive.ubuntu.com		main	78292	b88203edb8f5f226eec97609709d7cc9984ad1a08bf5e59ee148fc60518218d7	http://ap-northeast-2.ec2.archive.ubuntu.com/ubuntu/pool/main/p/python-click/python3-click_8.0.3-1_all.deb	http://ap-northeast-2.ec2.archive.ubuntu.com/ubuntu/pool/main/p/python-click/python3-click_8.0.3-1_all.deb	true	true	true	proxy_access_log
focal-to-jammy	python3-entrypoints	0.4-1	all	entrypoints	python3-entrypoints_0.4-1_all.deb	ap-northeast-2.ec2.archive.ubuntu.com		universe	7112	971fbde351e47a90d28a012f763c8f87ef9eb238fb5511dfb1bb8fdb240411f0	http://ap-northeast-2.ec2.archive.ubuntu.com/ubuntu/pool/universe/e/entrypoints/python3-entrypoints_0.4-1_all.deb	http://ap-northeast-2.ec2.archive.ubuntu.com/ubuntu/pool/universe/e/entrypoints/python3-entrypoints_0.4-1_all.deb	true	true	true	proxy_access_log
focal-to-jammy	python3-jmespath	0.10.0-1	all	python-jmespath	python3-jmespath_0.10.0-1_all.deb	ap-northeast-2.ec2.archive.ubuntu.com		main	21708	e2c2a699da4ac80dcdeb680b2110d4cf95766334c5f67f8868856d9b9883970f	http://ap-northeast-2.ec2.archive.ubuntu.com/ubuntu/pool/main/p/python-jmespath/python3-jmespath_0.10.0-1_all.deb	http://ap-northeast-2.ec2.archive.ubuntu.com/ubuntu/pool/main/p/python-jmespath/python3-jmespath_0.10.0-1_all.deb	true	true	true	proxy_access_log
focal-to-jammy	python3-jsonpatch	1.32-2	all	python-json-patch	python3-jsonpatch_1.32-2_all.deb	ap-northeast-2.ec2.archive.ubuntu.com		main	12746	3f59320cdee24bafd5d9845eccdf38360355c1286d7fdbabc83bd885f1d99c57	http://ap-northeast-2.ec2.archive.ubuntu.com/ubuntu/pool/main/p/python-json-patch/python3-jsonpatch_1.32-2_all.deb	http://ap-northeast-2.ec2.archive.ubuntu.com/ubuntu/pool/main/p/python-json-patch/python3-jsonpatch_1.32-2_all.deb	true	true	true	proxy_access_log
focal-to-jammy	python3-ntlm-auth	1.4.0-1	all	python-ntlm-auth	python3-ntlm-auth_1.4.0-1_all.deb	ap-northeast-2.ec2.archive.ubuntu.com		universe	20384	79463381f5ccef366c45db691b884105bcfc11d9f661877f0fad36d064e68429	http://ap-northeast-2.ec2.archive.ubuntu.com/ubuntu/pool/universe/p/python-ntlm-auth/python3-ntlm-auth_1.4.0-1_all.deb	http://ap-northeast-2.ec2.archive.ubuntu.com/ubuntu/pool/universe/p/python-ntlm-auth/python3-ntlm-auth_1.4.0-1_all.deb	true	true	true	proxy_access_log
focal-to-jammy	python3-wcwidth	0.2.5%2bdfsg1-1	all	python3-wcwidth	python3-wcwidth_0.2.5%2bdfsg1-1_all.deb	ap-northeast-2.ec2.archive.ubuntu.com		main	21924	d79ecc231e1a1769691c0551ba6efc69dba78ee6f8055cb671d6e913bcda2505	http://ap-northeast-2.ec2.archive.ubuntu.com/ubuntu/pool/main/w/wcwidth/python3-wcwidth_0.2.5%2bdfsg1-1_all.deb	http://ap-northeast-2.ec2.archive.ubuntu.com/ubuntu/pool/main/w/wcwidth/python3-wcwidth_0.2.5%2bdfsg1-1_all.deb	true	true	true	proxy_access_log
focal-to-jammy	python3-prettytable	2.5.0-2	all	prettytable	python3-prettytable_2.5.0-2_all.deb	ap-northeast-2.ec2.archive.ubuntu.com		main	31318	fe811f599f8e5db0bec108bf051b4d6f449e98e7cf5aff424b3ba41ec62c0a1e	http://ap-northeast-2.ec2.archive.ubuntu.com/ubuntu/pool/main/p/prettytable/python3-prettytable_2.5.0-2_all.deb	http://ap-northeast-2.ec2.archive.ubuntu.com/ubuntu/pool/main/p/prettytable/python3-prettytable_2.5.0-2_all.deb	true	true	true	proxy_access_log
focal-to-jammy	python3-requests-ntlm	1.1.0-1.1	all	python-requests-ntlm	python3-requests-ntlm_1.1.0-1.1_all.deb	ap-northeast-2.ec2.archive.ubuntu.com		universe	6160	0e524ce1f739daea27fdb8eabe8d273ae480ac0a02258ccbfe236a48c9f66c66	http://ap-northeast-2.ec2.archive.ubuntu.com/ubuntu/pool/universe/p/python-requests-ntlm/python3-requests-ntlm_1.1.0-1.1_all.deb	http://ap-northeast-2.ec2.archive.ubuntu.com/ubuntu/pool/universe/p/python-requests-ntlm/python3-requests-ntlm_1.1.0-1.1_all.deb	true	true	true	proxy_access_log
focal-to-jammy	python3-requests-toolbelt	0.9.1-1	all	python-requests-toolbelt	python3-requests-toolbelt_0.9.1-1_all.deb	ap-northeast-2.ec2.archive.ubuntu.com		main	37984	c6e27914a756023deb91ce1b7eb7e1fba12cd6383a74a667befc3d935b700ac5	http://ap-northeast-2.ec2.archive.ubuntu.com/ubuntu/pool/main/p/python-requests-toolbelt/python3-requests-toolbelt_0.9.1-1_all.deb	http://ap-northeast-2.ec2.archive.ubuntu.com/ubuntu/pool/main/p/python-requests-toolbelt/python3-requests-toolbelt_0.9.1-1_all.deb	true	true	true	proxy_access_log
focal-to-jammy	python3-serial	3.5-1	all	pyserial	python3-serial_3.5-1_all.deb	ap-northeast-2.ec2.archive.ubuntu.com		main	78684	0365a3f0bf862a73109371e91e264d7bf13a33867f7866e7a4ae81dc1beaa6d7	http://ap-northeast-2.ec2.archive.ubuntu.com/ubuntu/pool/main/p/pyserial/python3-serial_3.5-1_all.deb	http://ap-northeast-2.ec2.archive.ubuntu.com/ubuntu/pool/main/p/pyserial/python3-serial_3.5-1_all.deb	true	true	true	proxy_access_log
focal-to-jammy	python3-xmltodict	0.12.0-2	all	python-xmltodict	python3-xmltodict_0.12.0-2_all.deb	ap-northeast-2.ec2.archive.ubuntu.com		universe	12608	343d0ebe23277f26eb1281542664f62ed652b5fc452bba5e57e06ccf0b626228	http://ap-northeast-2.ec2.archive.ubuntu.com/ubuntu/pool/universe/p/python-xmltodict/python3-xmltodict_0.12.0-2_all.deb	http://ap-northeast-2.ec2.archive.ubuntu.com/ubuntu/pool/universe/p/python-xmltodict/python3-xmltodict_0.12.0-2_all.deb	true	true	true	proxy_access_log
focal-to-jammy	sbsigntool	0.9.4-2ubuntu2	amd64	sbsigntool	sbsigntool_0.9.4-2ubuntu2_amd64.deb	ap-northeast-2.ec2.archive.ubuntu.com		main	53802	2ce0efe5a6bfc069e7e412d077cf6feebd2f1b2a486cd53d91a93917a0c6aecd	http://ap-northeast-2.ec2.archive.ubuntu.com/ubuntu/pool/main/s/sbsigntool/sbsigntool_0.9.4-2ubuntu2_amd64.deb	http://ap-northeast-2.ec2.archive.ubuntu.com/ubuntu/pool/main/s/sbsigntool/sbsigntool_0.9.4-2ubuntu2_amd64.deb	true	true	true	proxy_access_log
focal-to-jammy	secureboot-db	1.8	amd64	secureboot-db	secureboot-db_1.8_amd64.deb	ap-northeast-2.ec2.archive.ubuntu.com		main	9556	eef45c4a226f26a0f86d5a366bacd3955fa036f276d4107d34d4df2e66345ad4	http://ap-northeast-2.ec2.archive.ubuntu.com/ubuntu/pool/main/s/secureboot-db/secureboot-db_1.8_amd64.deb	http://ap-northeast-2.ec2.archive.ubuntu.com/ubuntu/pool/main/s/secureboot-db/secureboot-db_1.8_amd64.deb	true	true	true	proxy_access_log
focal-to-jammy	systemd-hwe-hwdb	249.11.6	all	systemd-hwe	systemd-hwe-hwdb_249.11.6_all.deb	ap-northeast-2.ec2.archive.ubuntu.com		main	3668	f03705f819ff7ff330d7adae7a0b2b0db4be2d4928ab57907a2191335b156a95	http://ap-northeast-2.ec2.archive.ubuntu.com/ubuntu/pool/main/s/systemd-hwe/systemd-hwe-hwdb_249.11.6_all.deb	http://ap-northeast-2.ec2.archive.ubuntu.com/ubuntu/pool/main/s/systemd-hwe/systemd-hwe-hwdb_249.11.6_all.deb	true	true	true	proxy_access_log
focal-to-jammy	tcl8.6	8.6.12%2bdfsg-1build1	amd64	tcl8.6	tcl8.6_8.6.12%2bdfsg-1build1_amd64.deb	ap-northeast-2.ec2.archive.ubuntu.com		main	15028	c67d4a690cdc3bbca57c254cb1d60cb80d84e5ad3f77c4d4eca21582ff2a7743	http://ap-northeast-2.ec2.archive.ubuntu.com/ubuntu/pool/main/t/tcl8.6/tcl8.6_8.6.12%2bdfsg-1build1_amd64.deb	http://ap-northeast-2.ec2.archive.ubuntu.com/ubuntu/pool/main/t/tcl8.6/tcl8.6_8.6.12%2bdfsg-1build1_amd64.deb	true	true	true	proxy_access_log
focal-to-jammy	tcl	8.6.11%2b1build2	amd64	tcl	tcl_8.6.11%2b1build2_amd64.deb	ap-northeast-2.ec2.archive.ubuntu.com		main	4678	cd3f0b39d0030021a264867f9b58a12aba9555c8760d904143630790f56634de	http://ap-northeast-2.ec2.archive.ubuntu.com/ubuntu/pool/main/t/tcltk-defaults/tcl_8.6.11%2b1build2_amd64.deb	http://ap-northeast-2.ec2.archive.ubuntu.com/ubuntu/pool/main/t/tcltk-defaults/tcl_8.6.11%2b1build2_amd64.deb	true	true	true	proxy_access_log
focal-to-jammy	thin-provisioning-tools	0.9.0-2ubuntu1	amd64	thin-provisioning-tools	thin-provisioning-tools_0.9.0-2ubuntu1_amd64.deb	ap-northeast-2.ec2.archive.ubuntu.com		main	426228	32508138098821fa7eb7635fa8877db60ae028706e6b8716361fcbea3a4184b8	http://ap-northeast-2.ec2.archive.ubuntu.com/ubuntu/pool/main/t/thin-provisioning-tools/thin-provisioning-tools_0.9.0-2ubuntu1_amd64.deb	http://ap-northeast-2.ec2.archive.ubuntu.com/ubuntu/pool/main/t/thin-provisioning-tools/thin-provisioning-tools_0.9.0-2ubuntu1_amd64.deb	true	true	true	proxy_access_log
focal-to-jammy	ubuntu-advantage-desktop-daemon	1.10.ubuntu0.22.04.2	amd64	ubuntu-advantage-desktop-daemon	ubuntu-advantage-desktop-daemon_1.10.ubuntu0.22.04.2_amd64.deb	ap-northeast-2.ec2.archive.ubuntu.com		main	23278	27547f999ff8534d9c32e92bf23f756f067b0fc154044a602219cb205a7024dd	http://ap-northeast-2.ec2.archive.ubuntu.com/ubuntu/pool/main/u/ubuntu-advantage-desktop-daemon/ubuntu-advantage-desktop-daemon_1.10.ubuntu0.22.04.2_amd64.deb	http://ap-northeast-2.ec2.archive.ubuntu.com/ubuntu/pool/main/u/ubuntu-advantage-desktop-daemon/ubuntu-advantage-desktop-daemon_1.10.ubuntu0.22.04.2_amd64.deb	true	true	true	proxy_access_log
focal-to-jammy	ubuntu-cloudimage-keyring	2021.03.26	all	ubuntu-keyring	ubuntu-cloudimage-keyring_2021.03.26_all.deb	ap-northeast-2.ec2.archive.ubuntu.com		universe	1736	5647423132aa0217c7db3c67f96d507fcd0feaa95959aeb55e19e81c9dd56dd2	http://ap-northeast-2.ec2.archive.ubuntu.com/ubuntu/pool/universe/u/ubuntu-keyring/ubuntu-cloudimage-keyring_2021.03.26_all.deb	http://ap-northeast-2.ec2.archive.ubuntu.com/ubuntu/pool/universe/u/ubuntu-keyring/ubuntu-cloudimage-keyring_2021.03.26_all.deb	true	true	true	proxy_access_log
focal-to-jammy	udisks2	2.9.4-1ubuntu2.3	amd64	udisks2	udisks2_2.9.4-1ubuntu2.3_amd64.deb	ap-northeast-2.ec2.archive.ubuntu.com		main	285182	5094b2866b0acc1546ff78b888b3303b994a5ef6b7864af6d59f464d5d335b61	http://ap-northeast-2.ec2.archive.ubuntu.com/ubuntu/pool/main/u/udisks2/udisks2_2.9.4-1ubuntu2.3_amd64.deb	http://ap-northeast-2.ec2.archive.ubuntu.com/ubuntu/pool/main/u/udisks2/udisks2_2.9.4-1ubuntu2.3_amd64.deb	true	true	true	proxy_access_log
focal-to-jammy	uidmap	4.8.1-2ubuntu2.2	amd64	uidmap	uidmap_4.8.1-2ubuntu2.2_amd64.deb	ap-northeast-2.ec2.archive.ubuntu.com		universe	22416	763f1774a1ce771bfa53685c4cde4381d4bff4e240707c5887f2f5a2fe8fc8de	http://ap-northeast-2.ec2.archive.ubuntu.com/ubuntu/pool/universe/s/shadow/uidmap_4.8.1-2ubuntu2.2_amd64.deb	http://ap-northeast-2.ec2.archive.ubuntu.com/ubuntu/pool/universe/s/shadow/uidmap_4.8.1-2ubuntu2.2_amd64.deb	true	true	true	proxy_access_log
focal-to-jammy	unattended-upgrades	2.8ubuntu1	all	unattended-upgrades	unattended-upgrades_2.8ubuntu1_all.deb	ap-northeast-2.ec2.archive.ubuntu.com		main	49412	fb0154c0573903a0b23c100aa34ca000b7008206d764b36f4fe44f6ef2368c68	http://ap-northeast-2.ec2.archive.ubuntu.com/ubuntu/pool/main/u/unattended-upgrades/unattended-upgrades_2.8ubuntu1_all.deb	http://ap-northeast-2.ec2.archive.ubuntu.com/ubuntu/pool/main/u/unattended-upgrades/unattended-upgrades_2.8ubuntu1_all.deb	true	true	true	proxy_access_log
focal-to-jammy	unzip	6.0-26ubuntu3.2	amd64	unzip	unzip_6.0-26ubuntu3.2_amd64.deb	ap-northeast-2.ec2.archive.ubuntu.com		main	174540	4f274ffc6774d52878322ef1e3eb6d185003e1607448e62893849825bfae347d	http://ap-northeast-2.ec2.archive.ubuntu.com/ubuntu/pool/main/u/unzip/unzip_6.0-26ubuntu3.2_amd64.deb	http://ap-northeast-2.ec2.archive.ubuntu.com/ubuntu/pool/main/u/unzip/unzip_6.0-26ubuntu3.2_amd64.deb	true	true	true	proxy_access_log
focal-to-jammy	xdelta3	3.0.11-dfsg-1.2	amd64	xdelta3	xdelta3_3.0.11-dfsg-1.2_amd64.deb	ap-northeast-2.ec2.archive.ubuntu.com		universe	73888	211bf0fe07f1bb95870dd6da981f56c2e17237286b261f1fe2d77d34ff1f106e	http://ap-northeast-2.ec2.archive.ubuntu.com/ubuntu/pool/universe/x/xdelta3/xdelta3_3.0.11-dfsg-1.2_amd64.deb	http://ap-northeast-2.ec2.archive.ubuntu.com/ubuntu/pool/universe/x/xdelta3/xdelta3_3.0.11-dfsg-1.2_amd64.deb	true	true	true	proxy_access_log
focal-to-jammy	zip	3.0-12build2	amd64	zip	zip_3.0-12build2_amd64.deb	ap-northeast-2.ec2.archive.ubuntu.com		main	175730	f4b43f651abf5f4835792f01d97410221403f14961d363dbd2864990b97620ce	http://ap-northeast-2.ec2.archive.ubuntu.com/ubuntu/pool/main/z/zip/zip_3.0-12build2_amd64.deb	http://ap-northeast-2.ec2.archive.ubuntu.com/ubuntu/pool/main/z/zip/zip_3.0-12build2_amd64.deb	true	true	true	proxy_access_log
focal-to-jammy	grub-legacy-ec2	1ubuntu2	all	grub-legacy-ec2	grub-legacy-ec2_1ubuntu2_all.deb	ap-northeast-2.ec2.archive.ubuntu.com		main	20126	fd7c5eead2e00529412762534cb15dcc8d311260ef019800371663763f869d5c	http://ap-northeast-2.ec2.archive.ubuntu.com/ubuntu/pool/main/g/grub-legacy-ec2/grub-legacy-ec2_1ubuntu2_all.deb	http://ap-northeast-2.ec2.archive.ubuntu.com/ubuntu/pool/main/g/grub-legacy-ec2/grub-legacy-ec2_1ubuntu2_all.deb	true	true	true	proxy_access_log
focal-to-jammy	socat	1.7.4.1-3ubuntu4	amd64	socat	socat_1.7.4.1-3ubuntu4_amd64.deb	ap-northeast-2.ec2.archive.ubuntu.com		main	349118	aec6c231f65564cb75c9c2e5c3ce0739482688f373f141471ecf9276fc03df67	http://ap-northeast-2.ec2.archive.ubuntu.com/ubuntu/pool/main/s/socat/socat_1.7.4.1-3ubuntu4_amd64.deb	http://ap-northeast-2.ec2.archive.ubuntu.com/ubuntu/pool/main/s/socat/socat_1.7.4.1-3ubuntu4_amd64.deb	true	true	true	proxy_access_log
focal-to-jammy	ssh-import-id	5.11-0ubuntu1	all	ssh-import-id	ssh-import-id_5.11-0ubuntu1_all.deb	ap-northeast-2.ec2.archive.ubuntu.com		main	10052	245ebcce7417b587f06c38dbdc103e445334b93766aaa05594dd5ba09be142f7	http://ap-northeast-2.ec2.archive.ubuntu.com/ubuntu/pool/main/s/ssh-import-id/ssh-import-id_5.11-0ubuntu1_all.deb	http://ap-northeast-2.ec2.archive.ubuntu.com/ubuntu/pool/main/s/ssh-import-id/ssh-import-id_5.11-0ubuntu1_all.deb	true	true	true	proxy_access_log
focal-to-jammy	sshpass	1.09-1	amd64	sshpass	sshpass_1.09-1_amd64.deb	ap-northeast-2.ec2.archive.ubuntu.com		universe	11716	634fa0ec915e41696c4f5e416f6a76a2dccdacbf997a67a077d33e0a00e9fa32	http://ap-northeast-2.ec2.archive.ubuntu.com/ubuntu/pool/universe/s/sshpass/sshpass_1.09-1_amd64.deb	http://ap-northeast-2.ec2.archive.ubuntu.com/ubuntu/pool/universe/s/sshpass/sshpass_1.09-1_amd64.deb	true	true	true	proxy_access_log
focal-to-jammy	usb-modeswitch	2.6.1-3ubuntu2	amd64	usb-modeswitch	usb-modeswitch_2.6.1-3ubuntu2_amd64.deb	ap-northeast-2.ec2.archive.ubuntu.com		main	46002	ffff64708d06b77b29a30f589668f237dcc0fe8a8bb739da1447c4ab14a247fe	http://ap-northeast-2.ec2.archive.ubuntu.com/ubuntu/pool/main/u/usb-modeswitch/usb-modeswitch_2.6.1-3ubuntu2_amd64.deb	http://ap-northeast-2.ec2.archive.ubuntu.com/ubuntu/pool/main/u/usb-modeswitch/usb-modeswitch_2.6.1-3ubuntu2_amd64.deb	true	true	true	proxy_access_log
focal-to-jammy	usb-modeswitch-data	20191128-4	all	usb-modeswitch-data	usb-modeswitch-data_20191128-4_all.deb	ap-northeast-2.ec2.archive.ubuntu.com		main	33162	dbaf9fe3ec54bc465a2ef76bf7f40b60a8c5355fbb4b4736d16331ee61320295	http://ap-northeast-2.ec2.archive.ubuntu.com/ubuntu/pool/main/u/usb-modeswitch-data/usb-modeswitch-data_20191128-4_all.deb	http://ap-northeast-2.ec2.archive.ubuntu.com/ubuntu/pool/main/u/usb-modeswitch-data/usb-modeswitch-data_20191128-4_all.deb	true	true	true	proxy_access_log
focal-to-jammy	vlan	2.0.5ubuntu5	all	vlan	vlan_2.0.5ubuntu5_all.deb	ap-northeast-2.ec2.archive.ubuntu.com		universe	10420	7d1430b5b16d837bf333929c784f94ffec892e306747bc057fc1226a644c78fc	http://ap-northeast-2.ec2.archive.ubuntu.com/ubuntu/pool/universe/v/vlan/vlan_2.0.5ubuntu5_all.deb	http://ap-northeast-2.ec2.archive.ubuntu.com/ubuntu/pool/universe/v/vlan/vlan_2.0.5ubuntu5_all.deb	true	true	true	proxy_access_log
focal-to-jammy	zerofree	1.1.1-1build3	amd64	zerofree	zerofree_1.1.1-1build3_amd64.deb	ap-northeast-2.ec2.archive.ubuntu.com		main	8814	b65039dcc39ab399264e5cea9dd26996d7422b04983a044baca578e436d1072c	http://ap-northeast-2.ec2.archive.ubuntu.com/ubuntu/pool/main/z/zerofree/zerofree_1.1.1-1build3_amd64.deb	http://ap-northeast-2.ec2.archive.ubuntu.com/ubuntu/pool/main/z/zerofree/zerofree_1.1.1-1build3_amd64.deb	true	true	true	proxy_access_log
focal-to-jammy	procps	2:3.3.17-6ubuntu2.1	amd64	procps	procps_3.3.17-6ubuntu2.1_amd64.deb				377732	e204381ea55b600a1fb3556d6aec9cfb1eef1c4a2247dee641f00211311b9922			false	true	true	apt_archives
focal-to-jammy	libprocps8	2:3.3.17-6ubuntu2.1	amd64	procps	libprocps8_3.3.17-6ubuntu2.1_amd64.deb				36160	a7d32ba1d7d4516b77354d3b2d34d218098b321933f792785029f313b918d163			false	true	true	apt_archives
focal-to-jammy	python3-minimal	3.10.6-1~22.04.1	amd64	python3-defaults	python3-minimal_3.10.6-1%7e22.04.1_amd64.deb				24304	c2f9ebfa720344485d192f9b493065bee4a29d5021b093f9300c8101483de9dd			false	true	true	apt_archives
focal-to-jammy	libcrypt-dev	1:4.4.27-1	amd64	libxcrypt	libcrypt-dev_4.4.27-1_amd64.deb				111682	a79be2f6e45823dcc09e04d5e98c88ec88d07d5b8895d05b875a8ade8b345efa			false	true	true	apt_archives
focal-to-jammy	libisc-export1105	1:9.11.19+dfsg-2.1ubuntu3	amd64	bind9-libs	libisc-export1105_9.11.19%2bdfsg-2.1ubuntu3_amd64.deb				191844	96ec022694dac276e7215db80b9ff1f39191b92e89f14fe474c675a149104327			false	true	true	apt_archives
focal-to-jammy	libnss3	2:3.98-0ubuntu0.22.04.4	amd64	nss	libnss3_3.98-0ubuntu0.22.04.4_amd64.deb				1347044	caf60f375adbbdafef74930c5dd91411de0ac5c9499bf699185110dc77d82611			false	true	true	apt_archives
focal-to-jammy	mailcap	3.70+nmu1ubuntu1.22.04.1	all	mailcap	mailcap_3.70%2bnmu1ubuntu1.22.04.1_all.deb				23912	19b0a7da4ca318bf2d9bd348f62cfe764fa05e8b3c26326d16a110ed02f63c8f			false	true	true	apt_archives
focal-to-jammy	libmbim-proxy	1.28.0-1~ubuntu20.04.2	amd64	libmbim	libmbim-proxy_1.28.0-1%7eubuntu20.04.2_amd64.deb				6160	772cd8efaa454035bfee5ad2e6e5a5d2db1a8b87ba62c575136a2fafbbbdeeba			false	true	true	apt_archives
focal-to-jammy	libstdc++6	12.3.0-1ubuntu1~22.04.3	amd64	gcc-12	libstdc%2b%2b6_12.3.0-1ubuntu1%7e22.04.3_amd64.deb				698608	29ef3d289b272704b75141906c8f683db0f2bdb0942061366691333bfb289bdc			false	true	true	apt_archives
focal-to-jammy	libbpf0	1:0.5.0-1ubuntu22.04.1	amd64	libbpf (0.5.0-1ubuntu22.04.1)	libbpf0_0.5.0-1ubuntu22.04.1_amd64.deb				140058	d5883b9906b3bdac371ccc12d618547f0fd680c1967b3081419ce2791eba1271			false	true	true	apt_archives
focal-to-jammy	tcl8.6	8.6.12+dfsg-1build1	amd64	tcl8.6	tcl8.6_8.6.12%2bdfsg-1build1_amd64.deb				15028	c67d4a690cdc3bbca57c254cb1d60cb80d84e5ad3f77c4d4eca21582ff2a7743			false	true	true	apt_archives
focal-to-jammy	cryptsetup	2:2.4.3-1ubuntu1.3	amd64	cryptsetup	cryptsetup_2.4.3-1ubuntu1.3_amd64.deb				193742	c0d09b0104df521a8949d4ae3e26e0e65917eb76f596d3372f58120fb80f6d9a			false	true	true	apt_archives
focal-to-jammy	ubuntu-pro-client	37.2ubuntu~22.04.1	amd64	ubuntu-advantage-tools	ubuntu-pro-client_37.2ubuntu%7e22.04.1_amd64.deb				237924	dc826898dbf506f7d8b2e447ab3dfdc2018a988e93cc7f90b93548dcb963ad0e			false	true	true	apt_archives
focal-to-jammy	libtcl8.6	8.6.12+dfsg-1build1	amd64	tcl8.6	libtcl8.6_8.6.12%2bdfsg-1build1_amd64.deb				989614	5232b051f9dcd567648ab3061848329ef15cc3a8cb1e66732be80f102dad293c			false	true	true	apt_archives
focal-to-jammy	acpid	1:2.0.33-1ubuntu1	amd64	acpid	acpid_2.0.33-1ubuntu1_amd64.deb				35846	a36f1d65a89d4c2a75500ff1c0134d9ec629226942afad705a3e4c905875196f			false	true	true	apt_archives
focal-to-jammy	zstd	1.4.8+dfsg-3build1	amd64	libzstd	zstd_1.4.8%2bdfsg-3build1_amd64.deb				602632	ed24d3ce81f08cce91010b65202301c3193ae22b0e08f50b8829929ff56b0b2a			false	true	true	apt_archives
focal-to-jammy	bind9-host	1:9.18.39-0ubuntu0.22.04.6	amd64	bind9	bind9-host_9.18.39-0ubuntu0.22.04.6_amd64.deb				52516	97863ade0ad9f88b7a1925333197931b60f59bd40450fb0d9ac488243ce8f134			false	true	true	apt_archives
focal-to-jammy	fwupd	2.0.20-1ubuntu2~22.04.2	amd64	fwupd	fwupd_2.0.20-1ubuntu2%7e22.04.2_amd64.deb				4330468	ccf2d533e302072f30bea1f26fa9f80c017585ee93bd5e04af5d0375b2d5d188			false	true	true	apt_archives
focal-to-jammy	dnsutils	1:9.18.39-0ubuntu0.22.04.6	all	bind9	dnsutils_9.18.39-0ubuntu0.22.04.6_all.deb				3926	151d20944bf5b909fa60f50ec8552aae48e89ce105315231e0b243ac73da85c2			false	true	true	apt_archives
focal-to-jammy	libxmlb2	0.3.24-1~ubuntu0.22.04.1	amd64	libxmlb	libxmlb2_0.3.24-1%7eubuntu0.22.04.1_amd64.deb				67940	67d7060d6bfeb1674165badd257192127364e9209bd747f1dfa2d6f6186f633d			false	true	true	apt_archives
focal-to-jammy	dash	0.5.11+git20210903+057cd650a4ed-3build1	amd64	dash	dash_0.5.11%2bgit20210903%2b057cd650a4ed-3build1_amd64.deb				92010	a539a1fc715f9f52cf9159e1f2c8d254a611d1f2c176a25ca7d99372fa76f4b8			false	true	true	apt_archives
focal-to-jammy	libusb-1.0-0	2:1.0.25-1ubuntu2	amd64	libusb-1.0	libusb-1.0-0_1.0.25-1ubuntu2_amd64.deb				52688	99b98c9cc9c88c4d7f50e106e9f0cbff868c5d14809f516b1947d3d2c4638aae			false	true	true	apt_archives
focal-to-jammy	tar	1.34+dfsg-1ubuntu0.1.22.04.6	amd64	tar	tar_1.34%2bdfsg-1ubuntu0.1.22.04.6_amd64.deb				298302	9e7a93d96b2c3ed82aa5959933bec3e5082c264b0ae45e86ab450f83886faace			false	true	true	apt_archives
focal-to-jammy	fwupd-signed	1.51.1~22.04.1+1.4-0ubuntu0.1	amd64	fwupd-signed (1.51.1~22.04.1)	fwupd-signed_1.51.1%7e22.04.1%2b1.4-0ubuntu0.1_amd64.deb				30346	83611d51be8a30b71859aa29438962b34b75097d00a49754c5fb6ad1a08bfc73			false	true	true	apt_archives
focal-to-jammy	xxd	2:8.2.3995-1ubuntu2.36	amd64	vim	xxd_8.2.3995-1ubuntu2.36_amd64.deb				51454	604b5215094112909cebbab13ccfa34500d46b19afa2f2e885342e5f576b7597			false	true	true	apt_archives
focal-to-jammy	bash-completion	1:2.11-5ubuntu1	all	bash-completion	bash-completion_2.11-5ubuntu1_all.deb				179828	9a0fe8c431450e085b27e527fc539c5e99550e1fa12b6e5a406ca1c0d319207c			false	true	true	apt_archives
focal-to-jammy	libtsan0	11.4.0-1ubuntu1~22.04.3	amd64	gcc-11	libtsan0_11.4.0-1ubuntu1%7e22.04.3_amd64.deb				2259536	2fc0cb78e86d4635c8ed17f4a2816762050c48cb928df739bbe145dfb472957a			false	true	true	apt_archives
focal-to-jammy	libcap2	1:2.44-1ubuntu0.22.04.3	amd64	libcap2	libcap2_2.44-1ubuntu0.22.04.3_amd64.deb				18548	c497efb7fa3cd19a7ff297d95c7c5d678063c80c9fc230c9d034a8ee02ca8446			false	true	true	apt_archives
focal-to-jammy	libnspr4	2:4.35-0ubuntu0.22.04.1	amd64	nspr	libnspr4_4.35-0ubuntu0.22.04.1_amd64.deb				119208	b3c96e4a61675c87f8d9655109346748847d859abc95f20493159d06b5aa30ef			false	true	true	apt_archives
focal-to-jammy	libxml2	2.9.13+dfsg-1ubuntu0.12	amd64	libxml2	libxml2_2.9.13%2bdfsg-1ubuntu0.12_amd64.deb				764660	b3678e6e4b166bc0e4226fb118d489ab51802c772914421397c9dcb2dd0e0d2b			false	true	true	apt_archives
focal-to-jammy	libsasl2-2	2.1.27+dfsg2-3ubuntu1.2	amd64	cyrus-sasl2	libsasl2-2_2.1.27%2bdfsg2-3ubuntu1.2_amd64.deb				53832	391cb48d7e601d5bb590da8d426750acf6c987241ba280a36227873b94f20cee			false	true	true	apt_archives
focal-to-jammy	libasan6	11.4.0-1ubuntu1~22.04.3	amd64	gcc-11	libasan6_11.4.0-1ubuntu1%7e22.04.3_amd64.deb				2283168	eb98f62bf6c7234132beab59113c249db40acfbd1c9965308ee612de1a6e819e			false	true	true	apt_archives
focal-to-jammy	python-babel-localedata	2.8.0+dfsg.1-7	all	python-babel	python-babel-localedata_2.8.0%2bdfsg.1-7_all.deb				4982220	f441154253d9ab255ce1541b37ec8cf191311d87dba3b36abe9574c8e6c8fd61			false	true	true	apt_archives
focal-to-jammy	libdrm2	2.4.113-2~ubuntu0.22.04.1	amd64	libdrm	libdrm2_2.4.113-2%7eubuntu0.22.04.1_amd64.deb				38106	555925f1caedfd98d89bae3bc11b4fe3401c2c4817dbbafcab25e1144582e946			false	true	true	apt_archives
focal-to-jammy	liblxc1	1:5.0.0~git2209-g5a7b9ce67-0ubuntu1.1	amd64	lxc	liblxc1_5.0.0%7egit2209-g5a7b9ce67-0ubuntu1.1_amd64.deb				356176	01cbec6c948e68698b5484bc2ab32142c069ad82538db90642674ed08fcdb59b			false	true	true	apt_archives
focal-to-jammy	cpp	4:11.2.0-1ubuntu1	amd64	gcc-defaults (1.193ubuntu1)	cpp_11.2.0-1ubuntu1_amd64.deb				27700	44f881cf66bfaac163a6c45b4bfb5e79a40780b96af78bec6e9c58f973b8d7bd			false	true	true	apt_archives
focal-to-jammy	docker.io	29.1.3-0ubuntu3~22.04.2	amd64	docker.io-app	docker.io_29.1.3-0ubuntu3%7e22.04.2_amd64.deb				35693690	e2336d2596d18d6e1ae0cb80ae569a86019674b1b995c40a0c734be8081f275e			false	true	true	apt_archives
focal-to-jammy	libsasl2-modules	2.1.27+dfsg2-3ubuntu1.2	amd64	cyrus-sasl2	libsasl2-modules_2.1.27%2bdfsg2-3ubuntu1.2_amd64.deb				68804	b96ed7a31d8c1092d031e654a9f4b39705e96979589c4ebb84be2dd19e1a3194			false	true	true	apt_archives
focal-to-jammy	libopts25	1:5.18.16-4	amd64	autogen	libopts25_5.18.16-4_amd64.deb				59516	33044c5666b0bcec6996b38e8b23ff9b40cc2b5b0164b3cfbf5a554bb96ae1a4			false	true	true	apt_archives
focal-to-jammy	libldap-common	2.5.20+dfsg-0ubuntu0.22.04.1	all	openldap	libldap-common_2.5.20%2bdfsg-0ubuntu0.22.04.1_all.deb				16434	1586f9319660dd82b3aa653b0a2dcdc3b4dd061d4bdef70f1bf6889c680665c0			false	true	true	apt_archives
focal-to-jammy	bsdmainutils	12.1.7+nmu3ubuntu2	all	bsdmainutils	bsdmainutils_12.1.7%2bnmu3ubuntu2_all.deb				3170	379c80264fb08afc99a20c33a28ac50284be9e1c0882d060921dcc9c887a6ca2			false	true	true	apt_archives
focal-to-jammy	g++	4:11.2.0-1ubuntu1	amd64	gcc-defaults (1.193ubuntu1)	g%2b%2b_11.2.0-1ubuntu1_amd64.deb				1412	693080e6d1648f521183c1fa5fcfdd2d357a87f5872511ec12792d9dfe1effdb			false	true	true	apt_archives
focal-to-jammy	ntfs-3g	1:2021.8.22-3ubuntu1.4	amd64	ntfs-3g	ntfs-3g_2021.8.22-3ubuntu1.4_amd64.deb				408404	470ff0bcee389c861743a8aa0aafe6ea1dd4ec813810db6a8a2e0ceecc37c0b3			false	true	true	apt_archives
focal-to-jammy	uidmap	1:4.8.1-2ubuntu2.2	amd64	shadow	uidmap_4.8.1-2ubuntu2.2_amd64.deb				22416	763f1774a1ce771bfa53685c4cde4381d4bff4e240707c5887f2f5a2fe8fc8de			false	true	true	apt_archives
focal-to-jammy	libtraceevent1	1:1.3.3-1	amd64	libtraceevent	libtraceevent1_1.3.3-1_amd64.deb				50808	ca68e0466e05bd7570d253302f4e68cb7a585dbf7b8b251e6f2afb3ad3c2e359			false	true	true	apt_archives
focal-to-jammy	libdevmapper-event1.02.1	2:1.02.175-2.1ubuntu5	amd64	lvm2 (2.03.11-2.1ubuntu5)	libdevmapper-event1.02.1_1.02.175-2.1ubuntu5_amd64.deb				12692	0ff7a3994ef519df149808cfb9202fc07cd3e626022fe5c8fe2e22da12ed5dce			false	true	true	apt_archives
focal-to-jammy	libitm1	12.3.0-1ubuntu1~22.04.3	amd64	gcc-12	libitm1_12.3.0-1ubuntu1%7e22.04.3_amd64.deb				30160	80f42953fa98d3ef9d49c2fd8c580bea40e1ace953eb8850bc961eef59f211c2			false	true	true	apt_archives
focal-to-jammy	libfwupd3	2.0.20-1ubuntu2~22.04.2	amd64	fwupd	libfwupd3_2.0.20-1ubuntu2%7e22.04.2_amd64.deb				156098	3bd63f6969fecebccaaf37a1c058013202b61d5352712278f9f3cb59507e71f8			false	true	true	apt_archives
focal-to-jammy	libhx509-5-heimdal	7.7.0+dfsg-3ubuntu1	amd64	heimdal	libhx509-5-heimdal_7.7.0%2bdfsg-3ubuntu1_amd64.deb				118650	d01c79229cff0295cf643107ba565255f82600b316a282201215ef83d16e2495			false	true	true	apt_archives
focal-to-jammy	python3-blinker	1.4+dfsg1-0.4	all	blinker	python3-blinker_1.4%2bdfsg1-0.4_all.deb				14048	c0964a1414b9d4f8bf6d51895e08eba1d6df57f59ba2f571be1cf07ceb378a99			false	true	true	apt_archives
focal-to-jammy	libcc1-0	12.3.0-1ubuntu1~22.04.3	amd64	gcc-12	libcc1-0_12.3.0-1ubuntu1%7e22.04.3_amd64.deb				48290	749e0fd1732df5d79af17c472dfa8f91a36fcc8d6dd5baff3f999192f7aa4357			false	true	true	apt_archives
focal-to-jammy	libjs-underscore	1.13.2~dfsg-2	all	underscore	libjs-underscore_1.13.2%7edfsg-2_all.deb				117782	a34e8c9203de5aa70ce36921483eb40bac56b26141d10d500dfd499cd4e6f74e			false	true	true	apt_archives
focal-to-jammy	libcryptsetup12	2:2.4.3-1ubuntu1.3	amd64	cryptsetup	libcryptsetup12_2.4.3-1ubuntu1.3_amd64.deb				210770	8a3d64bf2d98ef0fd0f73ca8bd9a2122e536cff4703884020dd9f2a57b20bc32			false	true	true	apt_archives
focal-to-jammy	libheimntlm0-heimdal	7.7.0+dfsg-3ubuntu1	amd64	heimdal	libheimntlm0-heimdal_7.7.0%2bdfsg-3ubuntu1_amd64.deb				16962	0782767a975938909af867e0428b5237f5f6b64b4d05ff527bc05b22c004cecf			false	true	true	apt_archives
focal-to-jammy	python3-babel	2.8.0+dfsg.1-7	all	python-babel	python3-babel_2.8.0%2bdfsg.1-7_all.deb				85064	cdb35fba639616a23090ff90d903992a6c4ba109abfed3dd42c9095ead1ef9ae			false	true	true	apt_archives
focal-to-jammy	git	1:2.34.1-1ubuntu1.17	amd64	git	git_2.34.1-1ubuntu1.17_amd64.deb				3173622	8794fcf2c4606c445df0db3dc963c8fb852772208bfb12727a12717c03767af7			false	true	true	apt_archives
focal-to-jammy	libx11-data	2:1.7.5-1ubuntu0.3	all	libx11	libx11-data_1.7.5-1ubuntu0.3_all.deb				119766	d2510de2e1aee7c2bcb149c1d8fac53f73efcf33f08664f563612fc16d16d4d9			false	true	true	apt_archives
focal-to-jammy	conntrack	1:1.4.6-2build2	amd64	conntrack-tools	conntrack_1.4.6-2build2_amd64.deb				33512	5a1cde0f56b3e5ccbf10b54cfec180abde8221a64eb703e2338241655d6cfe4a			false	true	true	apt_archives
focal-to-jammy	libaudit1	1:3.0.7-1build1	amd64	audit	libaudit1_3.0.7-1build1_amd64.deb				46920	36710fbc49150a13f14f1f9c2c8288ee840cf9425f8a609c22fefa6b64eb51c1			false	true	true	apt_archives
focal-to-jammy	linux-aws-6.8-headers-6.8.0-1063	6.8.0-1063.66~22.04.1	all	linux-aws-6.8	linux-aws-6.8-headers-6.8.0-1063_6.8.0-1063.66%7e22.04.1_all.deb				13591334	15106324f3687d431e894ead60d21b28e6f82ac535e15b693217f8b251650428			false	true	true	apt_archives
focal-to-jammy	python3-lib2to3	3.10.8-1~22.04	all	python3-stdlib-extensions	python3-lib2to3_3.10.8-1%7e22.04_all.deb				77598	7bd212e61e8bb7fabf4768629e5dc97e6f8a7f98cc9335b5a3ce8c11cb633248			false	true	true	apt_archives
focal-to-jammy	file	1:5.41-3ubuntu0.1	amd64	file	file_5.41-3ubuntu0.1_amd64.deb				21524	b63b48e8b32c6f0fce5ad37d5ec3269cbbdc8feed13170aae1f416a43ebe898b			false	true	true	apt_archives
focal-to-jammy	python3-update-manager	1:22.04.22	all	update-manager	python3-update-manager_22.04.22_all.deb				39224	a0e02c0cd647a4a2d8a2989f5eeb0067f72e4277abdff84a22e5aaeccd8863cf			false	true	true	apt_archives
focal-to-jammy	python3-requests	2.25.1+dfsg-2ubuntu0.3	all	requests	python3-requests_2.25.1%2bdfsg-2ubuntu0.3_all.deb				48756	a3ac4965c7ae4f2efbd15d3852273f19fc8923594b15ea117fcfe02f344d3a44			false	true	true	apt_archives
focal-to-jammy	ubuntu-pro-client-l10n	37.2ubuntu~22.04.1	amd64	ubuntu-advantage-tools	ubuntu-pro-client-l10n_37.2ubuntu%7e22.04.1_amd64.deb				1384	4115c715ca921af95a450000975ce9fe460918b266ab7007ac230e9c0da7c49f			false	true	true	apt_archives
focal-to-jammy	net-tools	1.60+git20181103.0eebece-1ubuntu5.4	amd64	net-tools	net-tools_1.60%2bgit20181103.0eebece-1ubuntu5.4_amd64.deb				204402	c91b28875fad3ee9345cc2f3d6f9b24e19208571f34fae19b4097b92af9aef0c			false	true	true	apt_archives
focal-to-jammy	libatomic1	12.3.0-1ubuntu1~22.04.3	amd64	gcc-12	libatomic1_12.3.0-1ubuntu1%7e22.04.3_amd64.deb				10470	56573c81b5dd84817882400cfea49fe671f5e6cfdd0f88b5d3a894c08b150462			false	true	true	apt_archives
focal-to-jammy	busybox-static	1:1.30.1-7ubuntu3.1	amd64	busybox	busybox-static_1.30.1-7ubuntu3.1_amd64.deb				1019206	833b81ad44c4e201059e1bbb1dab285d5d0488736db169adfaa677fd953baae6			false	true	true	apt_archives
focal-to-jammy	libplymouth5	0.9.5+git20211018-1ubuntu3	amd64	plymouth	libplymouth5_0.9.5%2bgit20211018-1ubuntu3_amd64.deb				107978	3fe4f9b2a07c7a88ac93f7a4fc9bbd5892d8c331bf264e9ce9e5ef68849d3738			false	true	true	apt_archives
focal-to-jammy	libxau6	1:1.0.9-1build5	amd64	libxau	libxau6_1.0.9-1build5_amd64.deb				7634	551fa4101394af894f5f401285eeca9756da94bb31ecb08ed36a549ec580cd10			false	true	true	apt_archives
focal-to-jammy	snapd	2.76.3+ubuntu22.04	amd64	snapd	snapd_2.76.3%2bubuntu22.04_amd64.deb				33867008	4242a2942e5683590917e2ffe17402d6bf67da820af2b5db0e63a3311a56a65f			false	true	true	apt_archives
focal-to-jammy	bsdutils	1:2.37.2-4ubuntu3.5	amd64	util-linux (2.37.2-4ubuntu3.5)	bsdutils_2.37.2-4ubuntu3.5_amd64.deb				80736	7344c43e78d7e6a37c0b41b37a9645c3a99a19c13c0be76395ab3828accf62f9			false	true	true	apt_archives
focal-to-jammy	libasan5	9.5.0-1ubuntu1~22.04.1	amd64	gcc-9	libasan5_9.5.0-1ubuntu1%7e22.04.1_amd64.deb				3140718	7f8c1d5ac87170e79cbaf628afd6962566a9050c4bcf29d6a358a519ff4b68f4			false	true	true	apt_archives
focal-to-jammy	dns-root-data	2024071801~ubuntu0.22.04.1	all	dns-root-data	dns-root-data_2024071801%7eubuntu0.22.04.1_all.deb				6132	4a83aa1be26a82c5160f1edcda6f2f4df74f5e3ea6b1165dc960b3bd16f3a68d			false	true	true	apt_archives
focal-to-jammy	modemmanager	1.20.0-1~ubuntu22.04.4	amd64	modemmanager	modemmanager_1.20.0-1%7eubuntu22.04.4_amd64.deb				1093930	94e7016de7dc8c9d40b96ca4398c2c353ec52af10a8db23b89193bb820bba362			false	true	true	apt_archives
focal-to-jammy	grub-legacy-ec2	1:1ubuntu2	all	grub-legacy-ec2	grub-legacy-ec2_1ubuntu2_all.deb				20126	fd7c5eead2e00529412762534cb15dcc8d311260ef019800371663763f869d5c			false	true	true	apt_archives
focal-to-jammy	cpp-11	11.4.0-1ubuntu1~22.04.3	amd64	gcc-11	cpp-11_11.4.0-1ubuntu1%7e22.04.3_amd64.deb				10000304	5243177370b810cc40341801a3b8def6cdd7477ac765862f7727a868629947a3			false	true	true	apt_archives
focal-to-jammy	python3	3.10.6-1~22.04.1	amd64	python3-defaults	python3_3.10.6-1%7e22.04.1_amd64.deb				22766	43dbcc12d790ed9360be4a1dc690ac0a7464a5e7c3170785886df84811a3f5a5			false	true	true	apt_archives
focal-to-jammy	python3-magic	2:0.4.24-2	all	python-magic	python3-magic_0.4.24-2_all.deb				12584	c3cfa9c86191b30f3822b781b8e2b45ba7dce1d6f27e6010f3bba6c32ee014f9			false	true	true	apt_archives
focal-to-jammy	libdb5.3	5.3.28+dfsg1-0.8ubuntu3	amd64	db5.3	libdb5.3_5.3.28%2bdfsg1-0.8ubuntu3_amd64.deb				721906	ce60e446c9cb0e94bb4b4d0fe4f969e772edec250deb186bacf955e4d196548b			false	true	true	apt_archives
focal-to-jammy	hdparm	9.60+ds-1build3	amd64	hdparm	hdparm_9.60%2bds-1build3_amd64.deb				98674	97046b06dcf255a2e27e3c4baff217a4c4e48de1b1c234fbf6aabfaa39206489			false	true	true	apt_archives
focal-to-jammy	g++-11	11.4.0-1ubuntu1~22.04.3	amd64	gcc-11	g%2b%2b-11_11.4.0-1ubuntu1%7e22.04.3_amd64.deb				11424396	ddbaa04f056637caa11798750638bf4586c8b273719fd1bee70d0ecb3d872b94			false	true	true	apt_archives
focal-to-jammy	libjson-c5	0.15-3~ubuntu1.22.04.2	amd64	json-c	libjson-c5_0.15-3%7eubuntu1.22.04.2_amd64.deb				33454	5c2e5b01a03b8f185058db3946a8e01ac3750887c0a7f22dc32e49573a0c7529			false	true	true	apt_archives
focal-to-jammy	libx11-6	2:1.7.5-1ubuntu0.3	amd64	libx11	libx11-6_1.7.5-1ubuntu0.3_amd64.deb				666946	d382a3064ecd7576f24661a6d234adc737b854a9a0ec1d9f42cb4d007e77d547			false	true	true	apt_archives
focal-to-jammy	libxmuu1	2:1.1.3-3	amd64	libxmu	libxmuu1_1.1.3-3_amd64.deb				10180	793d194ccbc65c4a11ef9de83aae10e1a381581309f5c9aafd33bdc9f0654dfa			false	true	true	apt_archives
focal-to-jammy	dmeventd	2:1.02.175-2.1ubuntu5	amd64	lvm2 (2.03.11-2.1ubuntu5)	dmeventd_1.02.175-2.1ubuntu5_amd64.deb				38154	49fe0b73ed07b88522631985f271ee8c22ab8d3d273ea70cfd65d794f0dff73c			false	true	true	apt_archives
focal-to-jammy	gawk	1:5.1.0-1ubuntu0.2	amd64	gawk	gawk_5.1.0-1ubuntu0.2_amd64.deb				447160	d73a5621d0395f95ef595aba9983d56396165db89ab65997c1a55bf4957798f8			false	true	true	apt_archives
focal-to-jammy	pciutils	1:3.7.0-6	amd64	pciutils	pciutils_3.7.0-6_amd64.deb				63640	830f2957662723860d3ebac949b22867df00d9a4c5ab1c2bf98e10674dc1c756			false	true	true	apt_archives
focal-to-jammy	libgudev-1.0-0	1:237-2build1	amd64	libgudev (237-2build1)	libgudev-1.0-0_237-2build1_amd64.deb				16266	a6683b34922bbf31c93e4903eb796d357ea0909b212a453f2c361c2919f108d8			false	true	true	apt_archives
focal-to-jammy	python3-distupgrade	1:22.04.21	all	ubuntu-release-upgrader	python3-distupgrade_22.04.21_all.deb				106660	9961fc3df671ed95f7d23271f37338f4536f4b50adf3c0bd489bd828dc86fdbe			false	true	true	apt_archives
focal-to-jammy	iputils-tracepath	3:20211215-1ubuntu0.1	amd64	iputils	iputils-tracepath_20211215-1ubuntu0.1_amd64.deb				14172	468f59c881d5cc0714fba5019a12b8e3788e53e9baba21c7b9af4d336c79adbf			false	true	true	apt_archives
focal-to-jammy	libstdc++-11-dev	11.4.0-1ubuntu1~22.04.3	amd64	gcc-11	libstdc%2b%2b-11-dev_11.4.0-1ubuntu1%7e22.04.3_amd64.deb				2100928	58e0cd2d1f758e75426eaa47a5e7228d1c86180500ed68d162bcbf7b0a1c5dd0			false	true	true	apt_archives
focal-to-jammy	libargon2-1	0~20171227-0.3	amd64	argon2	libargon2-1_0%7e20171227-0.3_amd64.deb				19478	68c42fd9c302eb567622e882c7f6b2aa3fbfdc3aa279993d38d732c71b12509d			false	true	true	apt_archives
focal-to-jammy	libpython3.10	3.10.12-1~22.04.17	amd64	python3.10	libpython3.10_3.10.12-1%7e22.04.17_amd64.deb				1949796	246c2ed853ba8b6afc6a61d78680e579b6a60b70dd0fe160467d48290aed455f			false	true	true	apt_archives
focal-to-jammy	ubuntu-release-upgrader-core	1:22.04.21	all	ubuntu-release-upgrader	ubuntu-release-upgrader-core_22.04.21_all.deb				26312	205d6734543ffc56a7ae912ddab125ba758584d510baab22f78ff3e5fcf15e95			false	true	true	apt_archives
focal-to-jammy	cryptsetup-run	2:2.4.3-1ubuntu1.3	all	cryptsetup	cryptsetup-run_2.4.3-1ubuntu1.3_all.deb				6646	fd263a2dc54ac42fde157e8297732c293ff838265ffd1647695594595b98b7c8			false	true	true	apt_archives
focal-to-jammy	git-man	1:2.34.1-1ubuntu1.17	all	git	git-man_2.34.1-1ubuntu1.17_all.deb				953934	8129d7b87facd50e32f806ad9905dd99435e7b0bb2566d6a33e5b5371c5c36e5			false	true	true	apt_archives
focal-to-jammy	libpam-cap	1:2.44-1ubuntu0.22.04.3	amd64	libcap2	libpam-cap_2.44-1ubuntu0.22.04.3_amd64.deb				7928	3e8cdd69d1ccfd87c2178444d7a5ca38f473039a06e7754e2c9aeecbe7939549			false	true	true	apt_archives
focal-to-jammy	sosreport	4.10.2-0ubuntu0~22.04.1	amd64	sosreport	sosreport_4.10.2-0ubuntu0%7e22.04.1_amd64.deb				376820	ae43799f84fb6d9b5ac5c850713e3e2a1f181fe5a2a571f32c53fbc5ed61fea9			false	true	true	apt_archives
focal-to-jammy	openssh-sftp-server	1:8.9p1-3ubuntu0.16	amd64	openssh	openssh-sftp-server_8.9p1-3ubuntu0.16_amd64.deb				38850	0bf1b90f250754c8d7309898b7d9e84b8f7ffb90a581a43a3f8f66fcb158bfb6			false	true	true	apt_archives
focal-to-jammy	libpci3	1:3.7.0-6	amd64	pciutils	libpci3_3.7.0-6_amd64.deb				28896	624bea7b5a9073a5bc2dfa5d956571d6127c20400fcfcfca1e47b7448ba5d351			false	true	true	apt_archives
focal-to-jammy	libatm1	1:2.5.1-4build2	amd64	linux-atm	libatm1_2.5.1-4build2_amd64.deb				22768	fdb86dc05a231b7f65864251c0f2f569e2701020ff70217ce7fac6adf70ae840			false	true	true	apt_archives
focal-to-jammy	libgcc-11-dev	11.4.0-1ubuntu1~22.04.3	amd64	gcc-11	libgcc-11-dev_11.4.0-1ubuntu1%7e22.04.3_amd64.deb				2517422	35ed68622daf796ac010f63c73abd8aff851fc6d862038461b053b55dbec93a6			false	true	true	apt_archives
focal-to-jammy	login	1:4.8.1-2ubuntu2.2	amd64	shadow	login_4.8.1-2ubuntu2.2_amd64.deb				187722	dc47f0669e4b701ce1be5f696dda6509e86b253bc9ea0b3035c69fbf7870a4e2			false	true	true	apt_archives
focal-to-jammy	libgssapi3-heimdal	7.7.0+dfsg-3ubuntu1	amd64	heimdal	libgssapi3-heimdal_7.7.0%2bdfsg-3ubuntu1_amd64.deb				106240	25dc1842ab12dea91564261815b1cf8d96585cbc9b2621a3a85f1290a6b7370d			false	true	true	apt_archives
focal-to-jammy	libgcc-s1	12.3.0-1ubuntu1~22.04.3	amd64	gcc-12	libgcc-s1_12.3.0-1ubuntu1%7e22.04.3_amd64.deb				53896	d383e642d83263147f7b4b69fb92cf1036e5246c6be3accf10b77f986684589a			false	true	true	apt_archives
focal-to-jammy	open-vm-tools	2:12.3.5-3~ubuntu0.22.04.3	amd64	open-vm-tools	open-vm-tools_12.3.5-3%7eubuntu0.22.04.3_amd64.deb				746550	ecc36ae8ccb2024f95cd9002fa9046f75dbd2509594726d9969f5f10e33c5811			false	true	true	apt_archives
focal-to-jammy	cpp-9	9.5.0-1ubuntu1~22.04.1	amd64	gcc-9	cpp-9_9.5.0-1ubuntu1%7e22.04.1_amd64.deb				10562132	c57abb2ee7d1803700c7a4c4c00c07a9edfb1b92150a4e442bd424e9be8a9ebd			false	true	true	apt_archives
focal-to-jammy	ca-certificates	20260601~22.04.1	all	ca-certificates	ca-certificates_20260601%7e22.04.1_all.deb				140666	6e8cdcc8c86103acd4fc14649eac62ff2037108389074a7b167567af33c32245			false	true	true	apt_archives
focal-to-jammy	ubuntu-core-launcher	2.76.3+ubuntu22.04	amd64	snapd	ubuntu-core-launcher_2.76.3%2bubuntu22.04_amd64.deb				1424	f88240ac6f88514594b83b5c33cbffaffcd8f6c27a2b1b232a8827a80460deba			false	true	true	apt_archives
focal-to-jammy	liblxc-common	1:5.0.0~git2209-g5a7b9ce67-0ubuntu1.1	amd64	lxc	liblxc-common_5.0.0%7egit2209-g5a7b9ce67-0ubuntu1.1_amd64.deb				459922	d13a16bc3bc29065acdcbd9d2b5b377d99459000496fba6b4c1a795e47653741			false	true	true	apt_archives
focal-to-jammy	libfreetype6	2.11.1+dfsg-1ubuntu0.3	amd64	freetype	libfreetype6_2.11.1%2bdfsg-1ubuntu0.3_amd64.deb				388176	729f5a3a72069ddcef6a54f6825178667477625574925504594769665897afbc			false	true	true	apt_archives
focal-to-jammy	libhcrypto4-heimdal	7.7.0+dfsg-3ubuntu1	amd64	heimdal	libhcrypto4-heimdal_7.7.0%2bdfsg-3ubuntu1_amd64.deb				98762	b065cfa93230a9814d30de88c4a3ce2abf64aa1dd6a63b70fa0b082e84ccdb33			false	true	true	apt_archives
focal-to-jammy	sntp	1:4.2.8p15+dfsg-1ubuntu2	amd64	ntp	sntp_4.2.8p15%2bdfsg-1ubuntu2_amd64.deb				67140	39b1ef462730a9b8b734a3e1a2eb3115af206104b43f3f9ee383674729e93e2c			false	true	true	apt_archives
focal-to-jammy	libldap-2.5-0	2.5.20+dfsg-0ubuntu0.22.04.1	amd64	openldap	libldap-2.5-0_2.5.20%2bdfsg-0ubuntu0.22.04.1_amd64.deb				183948	a3ee4ac116a2c50c9ddfe9de91c0781a50704244771474334340cdce02f5cd4f			false	true	true	apt_archives
focal-to-jammy	libdrm-common	2.4.113-2~ubuntu0.22.04.1	all	libdrm	libdrm-common_2.4.113-2%7eubuntu0.22.04.1_all.deb				5450	35a306712d8b15b30c42ecd73ec087813eb01c0b3125dc8f7ca2b5134e133522			false	true	true	apt_archives
focal-to-jammy	libseccomp2	2.5.3-2ubuntu3~22.04.1	amd64	libseccomp	libseccomp2_2.5.3-2ubuntu3%7e22.04.1_amd64.deb				47378	25c63fd46d24f518f362c47c429b6918182875b0c58f7e2742aaa2d1e545bbac			false	true	true	apt_archives
focal-to-jammy	vim-common	2:8.2.3995-1ubuntu2.36	all	vim	vim-common_8.2.3995-1ubuntu2.36_all.deb				81488	fff81fb2030c1fba344e38e4bc1869e02aa7c722f643f1c81306ce735adac473			false	true	true	apt_archives
focal-to-jammy	python3.10-minimal	3.10.12-1~22.04.17	amd64	python3.10	python3.10-minimal_3.10.12-1%7e22.04.17_amd64.deb				2278912	2051df9dfbcfcac24e62a181dadc7339c85de51600781ca72e306ad2d2fbfcd1			false	true	true	apt_archives
focal-to-jammy	gcc-10-base	10.5.0-1ubuntu1~22.04.3	amd64	gcc-10	gcc-10-base_10.5.0-1ubuntu1%7e22.04.3_amd64.deb				212984	b0958b61982af7fd2913dd225efec982efb4512ae1691398d70c38d1fc0c8642			false	true	true	apt_archives
focal-to-jammy	libubsan1	12.3.0-1ubuntu1~22.04.3	amd64	gcc-12	libubsan1_12.3.0-1ubuntu1%7e22.04.3_amd64.deb				976076	9e2669c014d5df3c486bf29cd18a6ec3cbed68355c366e32757fdc98d290f593			false	true	true	apt_archives
focal-to-jammy	libasn1-8-heimdal	7.7.0+dfsg-3ubuntu1	amd64	heimdal	libasn1-8-heimdal_7.7.0%2bdfsg-3ubuntu1_amd64.deb				200638	e7191a136aa71a7223663620f96a0d721850b6fea6e510cd9e8d91ca324716c8			false	true	true	apt_archives
focal-to-jammy	linux-image-aws	6.8.0-1063.66~22.04.1	amd64	linux-meta-aws-6.8	linux-image-aws_6.8.0-1063.66%7e22.04.1_amd64.deb				2532	46dbf9d2ddf2aff0787afecaa83cd1f5d71a780c0000edc980fa0f6438ec5e81			false	true	true	apt_archives
focal-to-jammy	bind9-libs	1:9.18.39-0ubuntu0.22.04.6	amd64	bind9	bind9-libs_9.18.39-0ubuntu0.22.04.6_amd64.deb				1264134	93f3cbc91d35d6ae217fb95c7e96da5969a3a3282844bf6df493edc16ba64651			false	true	true	apt_archives
focal-to-jammy	dmsetup	2:1.02.175-2.1ubuntu5	amd64	lvm2 (2.03.11-2.1ubuntu5)	dmsetup_1.02.175-2.1ubuntu5_amd64.deb				81690	b9b57ee0fab65f52cedf18fb5da41e61948549814a97defd1a893029d7aef1c3			false	true	true	apt_archives
focal-to-jammy	libargon2-0	0~20171227-0.3	amd64	argon2	libargon2-0_0%7e20171227-0.3_amd64.deb				4330	3626008d7bd614322c6b17cc54b6e93de0582d75fc295e04d5d1330ff82a1e1b			false	true	true	apt_archives
focal-to-jammy	linux-headers-6.8.0-1063-aws	6.8.0-1063.66~22.04.1	amd64	linux-aws-6.8	linux-headers-6.8.0-1063-aws_6.8.0-1063.66%7e22.04.1_amd64.deb				3584572	f30407862c58cde27d642ee102079f84298dafe8ddacfdb44ed7b5529f237577			false	true	true	apt_archives
focal-to-jammy	libmagic-mgc	1:5.41-3ubuntu0.1	amd64	file	libmagic-mgc_5.41-3ubuntu0.1_amd64.deb				257310	23fcefb8b9ee73eb74e127fc230330918a8f81e127fa54015f191cfd34726b3c			false	true	true	apt_archives
focal-to-jammy	libquadmath0	12.3.0-1ubuntu1~22.04.3	amd64	gcc-12	libquadmath0_12.3.0-1ubuntu1%7e22.04.3_amd64.deb				153976	c4c59e67e76674c8c494ce5e0415b71d770a759b48893c0d3cbabddceeb690b2			false	true	true	apt_archives
focal-to-jammy	libntfs-3g89	1:2021.8.22-3ubuntu1.4	amd64	ntfs-3g	libntfs-3g89_2021.8.22-3ubuntu1.4_amd64.deb				162532	cbb3debf3a9c1aad0c18b476b6f88c6eac949bd9662cdcddf74c0948141834a7			false	true	true	apt_archives
focal-to-jammy	libfwupd2	1.7.9-1~22.04.3	amd64	fwupd	libfwupd2_1.7.9-1%7e22.04.3_amd64.deb				105530	0d26a502e4914026d2da6e727f83a978ca73ae030cfc17b1c6834493178ae59d			false	true	true	apt_archives
focal-to-jammy	python3.10	3.10.12-1~22.04.17	amd64	python3.10	python3.10_3.10.12-1%7e22.04.17_amd64.deb				508482	a36b32edcc066333b79d9c71bff79bd11712da6823ab469ff3af0197d9a29bf6			false	true	true	apt_archives
focal-to-jammy	libwind0-heimdal	7.7.0+dfsg-3ubuntu1	amd64	heimdal	libwind0-heimdal_7.7.0%2bdfsg-3ubuntu1_amd64.deb				69074	555a1886aae38c018e6168824a875b7b9b273db6d808682cd178acb4e6fa63c6			false	true	true	apt_archives
focal-to-jammy	libfwupdplugin5	1.7.9-1~22.04.3	amd64	fwupd	libfwupdplugin5_1.7.9-1%7e22.04.3_amd64.deb				191370	4d9d065389d87fc00f7af09bd09167e5549b9a9428020f796098fbd26ad4353c			false	true	true	apt_archives
focal-to-jammy	linux-headers-aws	6.8.0-1063.66~22.04.1	amd64	linux-meta-aws-6.8	linux-headers-aws_6.8.0-1063.66%7e22.04.1_amd64.deb				2450	c283b7ad726e6203e998f6f013f5c130777289d0a004b9e545b3584ebbbf6a7f			false	true	true	apt_archives
focal-to-jammy	nodejs-doc	12.22.9~dfsg-1ubuntu3.6	all	nodejs	nodejs-doc_12.22.9%7edfsg-1ubuntu3.6_all.deb				2411158	c7b32814e006233ce2ab61cbdd8071c97e598ff76d4165a0184ede01c00f7c67			false	true	true	apt_archives
focal-to-jammy	libpython3.10-minimal	3.10.12-1~22.04.17	amd64	python3.10	libpython3.10-minimal_3.10.12-1%7e22.04.17_amd64.deb				816596	f716baa39c9effa2e5ae40e6385509322e48c6eebc95209f40d5224ed54ee2de			false	true	true	apt_archives
focal-to-jammy	javascript-common	11+nmu1	all	javascript-common	javascript-common_11%2bnmu1_all.deb				5936	5e0e49d84d2e6ef1204b0925576305c011d7c70f8d2e2122a1187bced33b36ef			false	true	true	apt_archives
focal-to-jammy	openssh-server	1:8.9p1-3ubuntu0.16	amd64	openssh	openssh-server_8.9p1-3ubuntu0.16_amd64.deb				435750	72ae9540fd81b44dbdf70dd7a3b0b8d4859f80f25555074c035b0e058779f7f0			false	true	true	apt_archives
focal-to-jammy	squashfs-tools	1:4.5-3build1	amd64	squashfs-tools	squashfs-tools_4.5-3build1_amd64.deb				158782	96a92cd6f2784d87007b0d057b162df85941a2b42351bbb964ea4d94c72b841e			false	true	true	apt_archives
focal-to-jammy	libmm-glib0	1.20.0-1~ubuntu22.04.4	amd64	modemmanager	libmm-glib0_1.20.0-1%7eubuntu22.04.4_amd64.deb				262380	5998341a5eb0e79d00a67d3e931eb4e6633b0f00f79d80a18d6fe39863a8c2ca			false	true	true	apt_archives
focal-to-jammy	gcc-9	9.5.0-1ubuntu1~22.04.1	amd64	gcc-9	gcc-9_9.5.0-1ubuntu1%7e22.04.1_amd64.deb				11256890	0e72c5da58295ea927d555be30a2a381cdc9957a2f3308de02aec38b37710d8f			false	true	true	apt_archives
focal-to-jammy	libgmp10	2:6.2.1+dfsg-3ubuntu1	amd64	gmp	libgmp10_6.2.1%2bdfsg-3ubuntu1_amd64.deb				250148	d199a77e11701d4d620dd4f62e05740e3072dce893856ea3bbaa6ae9fa19fef1			false	true	true	apt_archives
focal-to-jammy	vim-tiny	2:8.2.3995-1ubuntu2.36	amd64	vim	vim-tiny_8.2.3995-1ubuntu2.36_amd64.deb				706836	6221242092d144b8dd0ce46a6bb4b5c4425bcb37c16b555a2c4a698ef208bbca			false	true	true	apt_archives
focal-to-jammy	lsof	4.93.2+dfsg-1.1build2	amd64	lsof	lsof_4.93.2%2bdfsg-1.1build2_amd64.deb				253466	632d3dc415c75a63002e50a4e07a8bfbe83086b4288f21fe9ee43cb39b3d0f42			false	true	true	apt_archives
focal-to-jammy	ubuntu-advantage-tools	37.2ubuntu~22.04.1	all	ubuntu-advantage-tools	ubuntu-advantage-tools_37.2ubuntu%7e22.04.1_all.deb				10912	7bfdd8d9c71bf829cb1ba4d8a598d63e1045313df7031dbd537c52a916e2466e			false	true	true	apt_archives
focal-to-jammy	gcc-11-base	11.4.0-1ubuntu1~22.04.3	amd64	gcc-11	gcc-11-base_11.4.0-1ubuntu1%7e22.04.3_amd64.deb				215826	a0445a3889fd4441cc3b3a125d6d1589de3d2628ca4e92a352170ed0fea4d18b			false	true	true	apt_archives
focal-to-jammy	bind9-dnsutils	1:9.18.39-0ubuntu0.22.04.6	amd64	bind9	bind9-dnsutils_9.18.39-0ubuntu0.22.04.6_amd64.deb				157982	a9c6f49e1947c88c4dc63c946680bdfd3f3c8f441c311ae0b1778dbfcb78e224			false	true	true	apt_archives
focal-to-jammy	apparmor	2.10.95-0ubuntu2.12	amd64	apparmor	apparmor_2.10.95-0ubuntu2.12_amd64.deb				450598	fd7c236bd210b4c8e6420fbd9f800292f7dab481c8b32544489ba520bf0d188c			false	true	true	apt_archives
focal-to-jammy	apport	2.20.1-0ubuntu2.30+esm7	all	apport	apport_2.20.1-0ubuntu2.30+esm7_all.deb				122710	4980a8e434d09b17cd0876fa9837e0e9021315458ff4dea850504e6211b72fb8			false	true	true	apt_archives
focal-to-jammy	apt-transport-https	1.2.35	amd64	apt	apt-transport-https_1.2.35_amd64.deb				26626	68f4184d44dac3e5e748959b33e0d2385f18992d8bb4f6373e91a02bfd6739cc			false	true	false	apt_archives
focal-to-jammy	apt-utils	1.2.35	amd64	apt	apt-utils_1.2.35_amd64.deb				196204	b0a0f704641c8cdce837067f886d6e5d6d166364b12ce5ad437e12fcabea8c4a			false	true	true	apt_archives
focal-to-jammy	apt	1.2.35	amd64	apt	apt_1.2.35_amd64.deb				1106944	a458b534d0fda677e2c659ed25fd41fc436afd5136d50b84d7a4a3d8a1fad156			false	true	true	apt_archives
focal-to-jammy	python3-gdbm	3.10.8-1~22.04	amd64	python3-stdlib-extensions	python3-gdbm_3.10.8-1%7e22.04_amd64.deb				16712	a40b791da0ab7ad2e52ad4d4636f8986879f375425428992bf7acd5eb16f49dd			false	true	true	apt_archives
focal-to-jammy	openssh-client	1:8.9p1-3ubuntu0.16	amd64	openssh	openssh-client_8.9p1-3ubuntu0.16_amd64.deb				903878	4bbb878ae5b99f7f82c0f52e7d68d6fa9c7427a5a1707efc53e65ff939fea391			false	true	true	apt_archives
focal-to-jammy	libzstd1	1.4.8+dfsg-3build1	amd64	libzstd	libzstd1_1.4.8%2bdfsg-3build1_amd64.deb				324024	ae7db00ce8b093e50c994518b90203544e063b4bc574836a048bb142b950b2c9			false	true	true	apt_archives
focal-to-jammy	cryptsetup-bin	2:2.4.3-1ubuntu1.3	amd64	cryptsetup	cryptsetup-bin_2.4.3-1ubuntu1.3_amd64.deb				145296	4bf609a565b7d1b2bc6ca4f8d4349b629f5218111062803e0206654a9e3eb2e3			false	true	true	apt_archives
focal-to-jammy	libdevmapper1.02.1	2:1.02.175-2.1ubuntu5	amd64	lvm2 (2.03.11-2.1ubuntu5)	libdevmapper1.02.1_1.02.175-2.1ubuntu5_amd64.deb				139036	711ff30d90c2a00244eb2fc3d25fc2886b217184dcc8dae44130f44316fe3462			false	true	true	apt_archives
focal-to-jammy	vim-runtime	2:8.2.3995-1ubuntu2.36	all	vim	vim-runtime_8.2.3995-1ubuntu2.36_all.deb				6823882	1d0ec2c6627ee5ecca6c25ff08d305ea687af8165ec4f46e0247be1ca6e13a98			false	true	true	apt_archives
focal-to-jammy	landscape-common	23.02-0ubuntu1~22.04.7	amd64	landscape-client	landscape-common_23.02-0ubuntu1%7e22.04.7_amd64.deb				88874	7d525fd0ced79111198bc5632193d1c05edafd967329c7224b81137b9fa94e6a			false	true	true	apt_archives
focal-to-jammy	liblsan0	12.3.0-1ubuntu1~22.04.3	amd64	gcc-12	liblsan0_12.3.0-1ubuntu1%7e22.04.3_amd64.deb				1068998	c308b0e39678a00b3ad3a9653119af4a29156e2c385111bdbd4890c96d376fa4			false	true	true	apt_archives
focal-to-jammy	libpython3.10-stdlib	3.10.12-1~22.04.17	amd64	python3.10	libpython3.10-stdlib_3.10.12-1%7e22.04.17_amd64.deb				1850048	34c0a8f1db783c268c3a8d977799794504eb3ea6850d3b5d3f0cb3fc7eb56a41			false	true	true	apt_archives
focal-to-jammy	libxdmcp6	1:1.1.3-0ubuntu5	amd64	libxdmcp	libxdmcp6_1.1.3-0ubuntu5_amd64.deb				10904	6f6c869dcfc072fa77d24b72ba127bdf15d606bdffbeba4314fb39f4f324363d			false	true	true	apt_archives
focal-to-jammy	libheimbase1-heimdal	7.7.0+dfsg-3ubuntu1	amd64	heimdal	libheimbase1-heimdal_7.7.0%2bdfsg-3ubuntu1_amd64.deb				31534	2602fd6dcd0421aacc4a52eb79da16cc47b45db806bc4981fe455ca9f1fd751b			false	true	true	apt_archives
focal-to-jammy	librtmp1	2.4+20151223.gitfa8646d.1-2build4	amd64	rtmpdump	librtmp1_2.4%2b20151223.gitfa8646d.1-2build4_amd64.deb				58190	c8bdaa1e777d08888914e922f8f76441c26ee36438d3aa59161ecccc2421f77e			false	true	true	apt_archives
focal-to-jammy	libsasl2-modules-db	2.1.27+dfsg2-3ubuntu1.2	amd64	cyrus-sasl2	libsasl2-modules-db_2.1.27%2bdfsg2-3ubuntu1.2_amd64.deb				20476	0e222c26d70c2cfd132c8de035bcf9673067b6cbfea0a7421dced7b6256ae774			false	true	true	apt_archives
focal-to-jammy	python3-wcwidth	0.2.5+dfsg1-1	all	wcwidth	python3-wcwidth_0.2.5%2bdfsg1-1_all.deb				21924	d79ecc231e1a1769691c0551ba6efc69dba78ee6f8055cb671d6e913bcda2505			false	true	true	apt_archives
focal-to-jammy	base-files	9.4ubuntu4.14	amd64	base-files	base-files_9.4ubuntu4.14_amd64.deb				60898	82f7ad9bc2a9a0f84b2c62d9ebbd30e2ce429fcc51538879dbf88202e3d22221			false	true	true	apt_archives
focal-to-jammy	libxpm4	1:3.5.12-1ubuntu0.22.04.3	amd64	libxpm	libxpm4_3.5.12-1ubuntu0.22.04.3_amd64.deb				36526	b264cdad5050a50cdd5c6ff3ba86fb17896ba4dd8e6b8a8b6e7b3978387881a6			false	true	false	apt_archives
focal-to-jammy	libroken18-heimdal	7.7.0+dfsg-3ubuntu1	amd64	heimdal	libroken18-heimdal_7.7.0%2bdfsg-3ubuntu1_amd64.deb				44676	10dd13274281ae5517b388884f6d187efcce0eb33f9f9a6d0f7269a8cd3ac8ea			false	true	true	apt_archives
focal-to-jammy	libkrb5-26-heimdal	7.7.0+dfsg-3ubuntu1	amd64	heimdal	libkrb5-26-heimdal_7.7.0%2bdfsg-3ubuntu1_amd64.deb				229934	d62f831e2078df517cd2955f350448928a73428883a697082035e90a7c6a30d7			false	true	true	apt_archives
focal-to-jammy	bind9-host	1:9.10.3.dfsg.P4-8ubuntu1.19	amd64	bind9	bind9-host_1%3a9.10.3.dfsg.P4-8ubuntu1.19_amd64.deb				38282	d3ab09aa296dc4b653e9d3168bc77bbb353cf344e620ca3514c7d3bd8c183f5b			false	true	true	apt_archives
focal-to-jammy	libnode72	12.22.9~dfsg-1ubuntu3.6	amd64	nodejs	libnode72_12.22.9%7edfsg-1ubuntu3.6_amd64.deb				10793262	7603e9223a988c7f7e7da64cde3a02cdacf65a9a48097f84d1a93b19e7def215			false	true	true	apt_archives
focal-to-jammy	libattr1	1:2.5.1-1ubuntu0.1	amd64	attr	libattr1_2.5.1-1ubuntu0.1_amd64.deb				13024	f2b5a86842c411dde933ac2315570ce529ea930cd848258cfd909ef221f8feb1			false	true	true	apt_archives
focal-to-jammy	libgcc-9-dev	9.5.0-1ubuntu1~22.04.1	amd64	gcc-9	libgcc-9-dev_9.5.0-1ubuntu1%7e22.04.1_amd64.deb				2519924	38cc47385613128a906c6c36249d7253db997f818314f4f61aeb3253191ceccd			false	true	true	apt_archives
focal-to-jammy	linux-image-6.8.0-1063-aws	6.8.0-1063.66~22.04.1	amd64	linux-signed-aws-6.8	linux-image-6.8.0-1063-aws_6.8.0-1063.66%7e22.04.1_amd64.deb				14795120	7b0391132b69c495ce7593107dc4422fbc70a42b23afc5964a2041e68098ae1c			false	true	true	apt_archives
focal-to-jammy	libxext6	2:1.3.4-1build1	amd64	libxext	libxext6_1.3.4-1build1_amd64.deb				31808	875ec849749511dff61c8cc5a775f6f93427b9c3f392fdcec6925f14428e89cd			false	true	true	apt_archives
focal-to-jammy	libmagic1	1:5.41-3ubuntu0.1	amd64	file	libmagic1_5.41-3ubuntu0.1_amd64.deb				87242	344d0cc65fea4175ca1ab222c20b5b95fb1357acafea6b016add9988760829d0			false	true	true	apt_archives
focal-to-jammy	gcc	4:11.2.0-1ubuntu1	amd64	gcc-defaults (1.193ubuntu1)	gcc_11.2.0-1ubuntu1_amd64.deb				5112	be895c1a9611905254f818c41092f147f5f2a566f87f1817b5c36d977020bea7			false	true	true	apt_archives
focal-to-jammy	libjcat1	0.2.3-1~ubuntu0.22.04.1	amd64	libjcat	libjcat1_0.2.3-1%7eubuntu0.22.04.1_amd64.deb				35922	c2f6a9af1073ebd3eb061ec25d70fc0e7446c3b4dbe715ed3327ca16580f3878			false	true	true	apt_archives
focal-to-jammy	plymouth-theme-ubuntu-text	0.9.5+git20211018-1ubuntu3	amd64	plymouth	plymouth-theme-ubuntu-text_0.9.5%2bgit20211018-1ubuntu3_amd64.deb				10152	b2a47333d5470833e0dcb8e8afaa9bfd1a7ce9b89a2517ed05a1b9ff6140e257			false	true	true	apt_archives
focal-to-jammy	gcc-9-base	9.5.0-1ubuntu1~22.04.1	amd64	gcc-9	gcc-9-base_9.5.0-1ubuntu1%7e22.04.1_amd64.deb				203790	b19cfa77f112c8be0267115b4d7044b119b396aa75f97a0aa376868e1a7031bc			false	true	true	apt_archives
focal-to-jammy	libjs-jquery	3.6.0+dfsg+~3.5.13-1	all	node-jquery	libjs-jquery_3.6.0%2bdfsg%2b%7e3.5.13-1_all.deb				320998	9b8e6deb6db82bf067badb640e56f5a672e89280dab5525feedc8d11323393ef			false	true	true	apt_archives
focal-to-jammy	libjs-highlight.js	9.18.5+dfsg1-1	all	highlight.js	libjs-highlight.js_9.18.5%2bdfsg1-1_all.deb				367140	74031e755ab8f794f20766335f1a63ac5131c2840db61ebf62afad5274c801e4			false	true	true	apt_archives
focal-to-jammy	busybox-initramfs	1:1.30.1-7ubuntu3.1	amd64	busybox	busybox-initramfs_1.30.1-7ubuntu3.1_amd64.deb				176898	2b891e68e9150b8376af874d12fbd997d07ea30158706dbc0086bd6487ef0d7b			false	true	true	apt_archives
focal-to-jammy	containerd	1.2.6-0ubuntu1~16.04.6+esm1	amd64	containerd	containerd_1.2.6-0ubuntu1~16.04.6+esm1_amd64.deb				19754898	14f506f25a15708b6100930c369d8f9db6fbdf016950a7852c0f472af0cf1c2f			false	true	true	apt_archives
focal-to-jammy	libpcre3	2:8.39-13ubuntu0.22.04.1	amd64	pcre3	libpcre3_8.39-13ubuntu0.22.04.1_amd64.deb				245530	0d1eb051047eb0c637c893f618f45e1d419863bfa3bc821897ee05ad418ba22e			false	true	true	apt_archives
focal-to-jammy	ncal	12.1.7+nmu3ubuntu2	amd64	bsdmainutils	ncal_12.1.7%2bnmu3ubuntu2_amd64.deb				20220	c61b4b67fc38cd2e7a7127535a378638efc046b7fb3441ba0dcbc4562572b851			false	true	true	apt_archives
focal-to-jammy	vim	2:8.2.3995-1ubuntu2.36	amd64	vim	vim_8.2.3995-1ubuntu2.36_amd64.deb				1732620	967e244e5bbcc0a2064254992354fff7e46c047d6358ca932a4a799658a10612			false	true	true	apt_archives
focal-to-jammy	libpython3-stdlib	3.10.6-1~22.04.1	amd64	python3-defaults	libpython3-stdlib_3.10.6-1%7e22.04.1_amd64.deb				6812	41b8f285f0a1661ece778a63592dcb556710cce3c559d83114fad245bfdf56ea			false	true	true	apt_archives
focal-to-jammy	gcc-12-base	12.3.0-1ubuntu1~22.04.3	amd64	gcc-12	gcc-12-base_12.3.0-1ubuntu1%7e22.04.3_amd64.deb				215782	7f9253b7e0976f0526fc21346c73ee006e185a7b2f2f865048ea78a2af55bc8d			false	true	true	apt_archives
focal-to-jammy	libstdc++-9-dev	9.5.0-1ubuntu1~22.04.1	amd64	gcc-9	libstdc%2b%2b-9-dev_9.5.0-1ubuntu1%7e22.04.1_amd64.deb				1823712	571bad9eb7a33df2e5c96595b6c86242369fa4579963f08297000e98689d1314			false	true	true	apt_archives
focal-to-jammy	usbutils	1:014-1build1	amd64	usbutils	usbutils_014-1build1_amd64.deb				85558	6b8809fb7d070a2d5ada653bff8a812d26b84364c46188e21ffe15f743f3d054			false	true	true	apt_archives
focal-to-jammy	ntpdate	1:4.2.8p15+dfsg-1ubuntu2	amd64	ntp	ntpdate_4.2.8p15%2bdfsg-1ubuntu2_amd64.deb				51490	b8efaabbbc9a5c4efe3cd8de5666b5691a5d782aca8f4bbb33c92b3002fca708			false	true	true	apt_archives
focal-to-jammy	passwd	1:4.8.1-2ubuntu2.2	amd64	shadow	passwd_4.8.1-2ubuntu2.2_amd64.deb				767620	825a5756013fbb2217b244b2fd6bef7ed10d037f1d8abd6b25fc9ea1c42a7576			false	true	true	apt_archives
focal-to-jammy	libcrypt1	1:4.4.27-1	amd64	libxcrypt	libcrypt1_4.4.27-1_amd64.deb				82004	3fa566e9f861a08736cbc5a97562d9d6e4f0c00450fbeafcb6d7583423b04a98			false	true	true	apt_archives
focal-to-jammy	linux-aws	6.8.0-1063.66~22.04.1	amd64	linux-meta-aws-6.8	linux-aws_6.8.0-1063.66%7e22.04.1_amd64.deb				1726	6865857784d5f70d43bd94d66e46da540cbf714fd29add7fe471e9b6a588d0ac			false	true	true	apt_archives
focal-to-jammy	zlib1g	1:1.2.11.dfsg-2ubuntu9.2	amd64	zlib	zlib1g_1.2.11.dfsg-2ubuntu9.2_amd64.deb				58406	9dc17e51a1be2d9ed63b7b84ef0e4e29c5abe6f1bc62cb03e7181483cce8a2f2			false	true	true	apt_archives
focal-to-jammy	python3-distutils	3.10.8-1~22.04	all	python3-stdlib-extensions	python3-distutils_3.10.8-1%7e22.04_all.deb				138862	b2bada10bef81fa7dc4bde61a1a462f37ca5027805e7c96e58685e9034c6094f			false	true	true	apt_archives
focal-to-jammy	ntp	1:4.2.8p15+dfsg-1ubuntu2	amd64	ntp	ntp_4.2.8p15%2bdfsg-1ubuntu2_amd64.deb				720770	ff9cd9c7e5a19bb4412f8be53d5171f00919fa0ea17733762e4e8e26c080f51a			false	true	true	apt_archives
focal-to-jammy	iputils-ping	3:20211215-1ubuntu0.1	amd64	iputils	iputils-ping_20211215-1ubuntu0.1_amd64.deb				43020	5883d183de4fbe0c9021468c6b1922c4bef1a258e60e7da16340e8d1f14d828b			false	true	true	apt_archives
focal-to-jammy	diffutils	1:3.8-0ubuntu2.1	amd64	diffutils	diffutils_3.8-0ubuntu2.1_amd64.deb				172510	6c001ebf928f061051741cf2910dd07c4ff679b730636e2c6541c449a4ea25da			false	true	true	apt_archives
focal-to-jammy	distro-info-data	0.28ubuntu0.22	all	distro-info-data	distro-info-data_0.28ubuntu0.22_all.deb				5262	012d67414140cbdd25c65a7f66e8c5107e310b040776b0636771648e561173ea			false	true	true	apt_archives
focal-to-jammy	distro-info	0.14ubuntu0.3	amd64	distro-info	distro-info_0.14ubuntu0.3_amd64.deb				20188	4fa3ddadf3bc4bc7ae0b4aeda479f3f06059d908c4371cd0339fd26e14539fdc			false	true	true	apt_archives
focal-to-jammy	dnsutils	1:9.10.3.dfsg.P4-8ubuntu1.19	amd64	bind9	dnsutils_1%3a9.10.3.dfsg.P4-8ubuntu1.19_amd64.deb				88864	e2d66440568dcb73b41f8566a40ad84ded8c3e4c4dee9cebda28cdcda98e0aff			false	true	false	apt_archives
focal-to-jammy	docker.io	18.09.7-0ubuntu1~16.04.7	amd64	docker.io	docker.io_18.09.7-0ubuntu1~16.04.7_amd64.deb				30485616	c25c5edbfae3a78222e07de9a1301bfa8aa8ce0032806bc1a0125a6c87b08c8a			false	true	true	apt_archives
focal-to-jammy	linux-base	4.5ubuntu9+22.04.1	all	linux-base	linux-base_4.5ubuntu9%2b22.04.1_all.deb				19122	f6fc82cd084641bea5b2284ce02175cc359c55640d2e68586abeb541bc601469			false	true	true	apt_archives
focal-to-jammy	containerd	2.2.1-0ubuntu1~22.04.2	amd64	containerd-app	containerd_2.2.1-0ubuntu1%7e22.04.2_amd64.deb				28260218	08e309f0fb8ae6f798dc80e54f10e152c8dad6ee16ca6627805382fbb56cb5f1			false	true	true	apt_archives
focal-to-jammy	pci.ids	0.0~2022.01.22-1ubuntu0.1	all	pci.ids	pci.ids_0.0%7e2022.01.22-1ubuntu0.1_all.deb				250790	026609ed71363cd6ed13ace2dac0c9813d94be3874c778539a8a64d6d2cc5566			false	true	true	apt_archives
focal-to-jammy	runc	1.3.4-0ubuntu1~22.04.1	amd64	runc-app	runc_1.3.4-0ubuntu1%7e22.04.1_amd64.deb				9568750	1551d41d027969e141805f9687adcba746c332fa64e3c7ceb9261f842a33ff31			false	true	true	apt_archives
focal-to-jammy	g++-9	9.5.0-1ubuntu1~22.04.1	amd64	gcc-9	g%2b%2b-9_9.5.0-1ubuntu1%7e22.04.1_amd64.deb				11889038	4b6f0634a2ba234c02d1442cbf8ef515bc6ef97bc40da48bbe43557f270bb270			false	true	true	apt_archives
focal-to-jammy	libgomp1	12.3.0-1ubuntu1~22.04.3	amd64	gcc-12	libgomp1_12.3.0-1ubuntu1%7e22.04.3_amd64.deb				126570	870c27299185a5dd4accad3b15bf82a7409fd7073cccaa8025875307da4d0ce2			false	true	true	apt_archives
focal-to-jammy	python3-urllib3	1.26.5-1~exp1ubuntu0.7	all	python-urllib3	python3-urllib3_1.26.5-1%7eexp1ubuntu0.7_all.deb				98624	df40cb730d6edc6f91e572cd2da8e6a598d9179310cb5af8100677467fb7b169			false	true	true	apt_archives
focal-to-jammy	plymouth	0.9.5+git20211018-1ubuntu3	amd64	plymouth	plymouth_0.9.5%2bgit20211018-1ubuntu3_amd64.deb				133046	8cf74463f6ed1e9321d78eafca7632039da147de7581fa1bcd3e079548be02e5			false	true	true	apt_archives
focal-to-jammy	libaudit-common	1:3.0.7-1build1	all	audit	libaudit-common_3.0.7-1build1_all.deb				4726	86697036d05c956b5b42339bf61ecf3743f7c6fd4d59a67ab16add9a2cd7802a			false	true	true	apt_archives
focal-to-jammy	libcap2-bin	1:2.44-1ubuntu0.22.04.3	amd64	libcap2	libcap2-bin_2.44-1ubuntu0.22.04.3_amd64.deb				26018	206f2bb13e84966c0c2cafb49019889a67056feb467d6deace26ce6eba70bc8c			false	true	true	apt_archives
focal-to-jammy	cpio	2.13+dfsg-7ubuntu0.1	amd64	cpio	cpio_2.13%2bdfsg-7ubuntu0.1_amd64.deb				84528	55913ec0c4a2dbdbedda5a098b95541b712437306a8a04dae5c9aadb20d33e55			false	true	true	apt_archives
focal-to-jammy	gcc-11	11.4.0-1ubuntu1~22.04.3	amd64	gcc-11	gcc-11_11.4.0-1ubuntu1%7e22.04.3_amd64.deb				20143406	5422307110e695d62a2574c8b765bf38d48b2ed520206e5b7d2b9081a68008f3			false	true	true	apt_archives
focal-to-jammy	libusb-0.1-4	2:0.1.12-32build3	amd64	libusb	libusb-0.1-4_0.1.12-32build3_amd64.deb				17724	6fa5afe7de36a3e32bdfbfd0d0ceee0d283d0e5c653ede24d402a2d91c3fb1f0			false	true	true	apt_archives
focal-to-jammy	ethtool	1:5.16-1ubuntu0.2	amd64	ethtool	ethtool_5.16-1ubuntu0.2_amd64.deb				208180	62e2f73f33b1d6271cf8c72f5657be6748d74e454b41848fa8b15173b3df8454			false	true	true	apt_archives
focal-to-jammy	update-manager-core	1:22.04.22	all	update-manager	update-manager-core_22.04.22_all.deb				11552	cd90553436902812d6d7a72347f6a49d8c42ebcfc619b1c5e53fde7e5c78b3e9			false	true	true	apt_archives
focal-to-jammy	linux-aws-6.8-tools-6.8.0-1063	6.8.0-1063.66~22.04.1	amd64	linux-aws-6.8	linux-aws-6.8-tools-6.8.0-1063_6.8.0-1063.66%7e22.04.1_amd64.deb				3847926	d0571d653bff0e26f5f3cefb5da356dc9263d02bb5a3a9953bdee1422cbef48d			false	true	true	apt_archives
focal-to-jammy	linux-modules-6.8.0-1063-aws	6.8.0-1063.66~22.04.1	amd64	linux-aws-6.8	linux-modules-6.8.0-1063-aws_6.8.0-1063.66%7e22.04.1_amd64.deb				25427800	4170a8e9b946b6ece34f5fa1dbf9dd1710740a5006260c3786bc8656285babc2			false	true	true	apt_archives
focal-to-jammy	ifupdown	0.8.36+nmu1ubuntu3.1	amd64	ifupdown	ifupdown_0.8.36%2bnmu1ubuntu3.1_amd64.deb				65052	09c156e9dfc76e51780432f3745d27d049aee0e74224f3bcf9b5abb9d93f594d			false	true	true	apt_archives
focal-to-jammy	libdns-export1110	1:9.11.19+dfsg-2.1ubuntu3	amd64	bind9-libs	libdns-export1110_9.11.19%2bdfsg-2.1ubuntu3_amd64.deb				827112	3b36c37641f51b909ca5b4efd7fd8d6a709d085b65739e5e32d07249b428e58b			false	true	true	apt_archives
focal-to-jammy	libmbim-glib4	1.28.0-1~ubuntu20.04.2	amd64	libmbim	libmbim-glib4_1.28.0-1%7eubuntu20.04.2_amd64.deb				191812	79af9cb49160aaa25cef9e5ae3b14d8b3ede56ae8b1dc5875fe6a47c9e4c975c			false	true	true	apt_archives
focal-to-jammy	ansible	2.10.7+merged+base+2.10.8+dfsg-1	all	ansible	ansible_2.10.7%2bmerged%2bbase%2b2.10.8%2bdfsg-1_all.deb				17530700	94b5304e1156d5f76f25cced779b5c9b0a8716c568a8e19ed72570fa22749a84			false	true	true	apt_archives
focal-to-jammy	python3-lockfile	1:0.12.2-2.2	all	python-lockfile	python3-lockfile_0.12.2-2.2_all.deb				14576	3c858ecd31235d29431d154a98204d22c1b4bc04d7bc7dd48c46f246f59f2896			false	true	true	apt_archives
focal-to-jammy	python3-pycryptodome	3.11.0+dfsg1-3ubuntu0.1	amd64	pycryptodome	python3-pycryptodome_3.11.0%2bdfsg1-3ubuntu0.1_amd64.deb				1029366	e10ed01e70272d3b02d3209d7b423bfc10ea76f4358f6aed52acc051de4fa348			false	true	true	apt_archives
focal-to-jammy	linux-tools-6.8.0-1063-aws	6.8.0-1063.66~22.04.1	amd64	linux-aws-6.8	linux-tools-6.8.0-1063-aws_6.8.0-1063.66%7e22.04.1_amd64.deb				1798	a38a8d510a452a0a8cbfc6c972f8fb1f24cfba505ecb2d1fafe6b94e3d7a2f21			false	true	true	apt_archives
focal-to-jammy	tcl	8.6.11+1build2	amd64	tcltk-defaults	tcl_8.6.11%2b1build2_amd64.deb				4678	cd3f0b39d0030021a264867f9b58a12aba9555c8760d904143630790f56634de			false	true	true	apt_archives
focal-to-jammy	xauth	1:1.1-1build2	amd64	xauth	xauth_1.1-1build2_amd64.deb				27480	c07b2db452dd76a19978c0819dddb167efa8b666249173a884196f71bab2fdd4			false	true	true	apt_archives
focal-to-jammy	cryptsetup-initramfs	2:2.4.3-1ubuntu1.3	all	cryptsetup	cryptsetup-initramfs_2.4.3-1ubuntu1.3_all.deb				25560	cf6c16f6acfd0d3dafccb74e6df154e93a08f45498c9bd2bd8c4117be40512dc			false	true	true	apt_archives
focal-to-jammy	nodejs	12.22.9~dfsg-1ubuntu3.6	amd64	nodejs	nodejs_12.22.9%7edfsg-1ubuntu3.6_amd64.deb				121784	3c1eb5fb0cf4bd03bdf5bc92b9a5188f0a793de02fe01f78214e66946aca4ff1			false	true	true	apt_archives
focal-to-jammy	grub-common	2.02~beta2-36ubuntu3.32	amd64	grub2	grub-common_2.02~beta2-36ubuntu3.32_amd64.deb				1709082	58fef454b698ca4c512c6096a448c14888b96a6b5d514709120d9e51dd42fbd4			false	true	true	apt_archives
focal-to-jammy	grub-pc-bin	2.02~beta2-36ubuntu3.32	amd64	grub2	grub-pc-bin_2.02~beta2-36ubuntu3.32_amd64.deb				891794	058b401c41e08784b20afebe5ac45df58a9f64a1bfc3ddaefbd29d23f31a3499			false	true	true	apt_archives
focal-to-jammy	grub-pc	2.02~beta2-36ubuntu3.32	amd64	grub2	grub-pc_2.02~beta2-36ubuntu3.32_amd64.deb				197062	b7b16d9fde48e8b807e589a6b0469245484b1619e648b6c43f214466409eafb5			false	true	true	apt_archives
focal-to-jammy	grub2-common	2.02~beta2-36ubuntu3.32	amd64	grub2	grub2-common_2.02~beta2-36ubuntu3.32_amd64.deb				512838	6aa0363703c0e8f90b859943377d5eaa21666f916a27c8db5688a1a53d3f4f56			false	true	true	apt_archives
focal-to-jammy	libapparmor-perl	2.10.95-0ubuntu2.12	amd64	apparmor	libapparmor-perl_2.10.95-0ubuntu2.12_amd64.deb				31608	f11b56e175af11f6c1fc2595da72c96a2b827d98bbd7e9656b9a189913d129ab			false	true	false	apt_archives
focal-to-jammy	libapparmor1	2.10.95-0ubuntu2.12	amd64	apparmor	libapparmor1_2.10.95-0ubuntu2.12_amd64.deb				29410	d9867c05ba70390eb24ff5eebab3c1ef9b4429df797938b5291f8e9b0327fdfc			false	true	true	apt_archives
focal-to-jammy	libapt-inst2.0	1.2.35	amd64	apt	libapt-inst2.0_1.2.35_amd64.deb				54820	50a6947053ad96970c84fabbea8b045658294f29a674a8ce4708edaa78133520			false	true	false	apt_archives
focal-to-jammy	libapt-pkg5.0	1.2.35	amd64	apt	libapt-pkg5.0_1.2.35_amd64.deb				715106	7218bc48259830ebdd923a97cbca80dbe81276d51ac98bfd5df29aa2039e8025			false	true	false	apt_archives
focal-to-jammy	libbind9-140	1:9.10.3.dfsg.P4-8ubuntu1.19	amd64	bind9	libbind9-140_1%3a9.10.3.dfsg.P4-8ubuntu1.19_amd64.deb				23640	a20937c872fc468fae0ebe6a4319e5e6ae9b98aa09f3749d2727bbb8af13f0f4			false	true	true	apt_archives
focal-to-jammy	libc-bin	2.23-0ubuntu11.3	amd64	glibc	libc-bin_2.23-0ubuntu11.3_amd64.deb				628652	d981726e05393f2c8058e5efd1a15fff14fe319c380c5f43475f13b5a2dc6e38			false	true	true	apt_archives
focal-to-jammy	libdns-export162	1:9.10.3.dfsg.P4-8ubuntu1.19	amd64	bind9	libdns-export162_1%3a9.10.3.dfsg.P4-8ubuntu1.19_amd64.deb				665254	9c775983f381cebed586a648cf324fdc08612e7232325ff5dd39d8893fad2626			false	true	true	apt_archives
focal-to-jammy	libdns162	1:9.10.3.dfsg.P4-8ubuntu1.19	amd64	bind9	libdns162_1%3a9.10.3.dfsg.P4-8ubuntu1.19_amd64.deb				872176	e7b5c983ece133eda3707c42113110ff77f7afe273db39455949c427066ada2a			false	true	true	apt_archives
focal-to-jammy	libgnutls-openssl27	3.4.10-4ubuntu1.9	amd64	gnutls28	libgnutls-openssl27_3.4.10-4ubuntu1.9_amd64.deb				21884	382c3aa70c0e74d58e9b998398c5f2833ffd63bcc237cc0aa88db41346d9a31d			false	true	true	apt_archives
focal-to-jammy	libgnutls30	3.4.10-4ubuntu1.9	amd64	gnutls28	libgnutls30_3.4.10-4ubuntu1.9_amd64.deb				548382	bcb30ac02c44f6872d81fdd718375a19af12eeecccc4f18b804c5e1e38368b72			false	true	true	apt_archives
focal-to-jammy	libisc-export160	1:9.10.3.dfsg.P4-8ubuntu1.19	amd64	bind9	libisc-export160_1%3a9.10.3.dfsg.P4-8ubuntu1.19_amd64.deb				153182	afa11ce24a56e1d1d0b30acd72877b261faf83dd88d94cf6e7f418ca1a85c9fe			false	true	true	apt_archives
focal-to-jammy	libisc160	1:9.10.3.dfsg.P4-8ubuntu1.19	amd64	bind9	libisc160_1%3a9.10.3.dfsg.P4-8ubuntu1.19_amd64.deb				215184	ae21765f93d53f4ed3bbd5fc835c6a80d7a75481c6010892a0f01ae616c5549b			false	true	true	apt_archives
focal-to-jammy	libisccc140	1:9.10.3.dfsg.P4-8ubuntu1.19	amd64	bind9	libisccc140_1%3a9.10.3.dfsg.P4-8ubuntu1.19_amd64.deb				16290	ae273ac1fd07fadd94d847c113d99aec4cfcd2c71ba2893907734aad783664a4			false	true	true	apt_archives
focal-to-jammy	libisccfg140	1:9.10.3.dfsg.P4-8ubuntu1.19	amd64	bind9	libisccfg140_1%3a9.10.3.dfsg.P4-8ubuntu1.19_amd64.deb				40514	6afd8f3559b68e2bbdb5b96d1d0e9a4364d2d23bab0cb50c2030b7191ff336e7			false	true	true	apt_archives
focal-to-jammy	libjson-glib-1.0-0	1.1.2-0ubuntu1	amd64	json-glib	libjson-glib-1.0-0_1.1.2-0ubuntu1_amd64.deb				60286	2fc34ea9548cb3a63047c71a8fd7ce9eebbef0540cb7ef0ff9c6307c1800b145			false	true	true	apt_archives
focal-to-jammy	libjson-glib-1.0-common	1.1.2-0ubuntu1	all	json-glib	libjson-glib-1.0-common_1.1.2-0ubuntu1_all.deb				6172	47aa86e541daac5f9d26a8a2837de0af835e0e208b775844c57266912b156dbf			false	true	true	apt_archives
focal-to-jammy	liblwres141	1:9.10.3.dfsg.P4-8ubuntu1.19	amd64	bind9	liblwres141_1%3a9.10.3.dfsg.P4-8ubuntu1.19_amd64.deb				33874	3c984e4cc190f4a5088c35a8c872ab50f1b06c8377159ec14840fdb1678818e6			false	true	true	apt_archives
focal-to-jammy	libssl1.0.0	1.0.2g-1ubuntu4.20	amd64	openssl	libssl1.0.0_1.0.2g-1ubuntu4.20_amd64.deb				1082730	8003f9866297dd0fe77cc771470a06803d1d1b860350ad91dd212e38c36a20d2			false	true	true	apt_archives
focal-to-jammy	locales	2.23-0ubuntu11.3	all	glibc	locales_2.23-0ubuntu11.3_all.deb				3196636	a347d902b853c627a18dba36ce14edf75b047170a12ce31588e0e7f7b01b7033			false	true	true	apt_archives
focal-to-jammy	motd-news-config	9.4ubuntu4.14	all	base-files	motd-news-config_9.4ubuntu4.14_all.deb				4480	b9b0cc3b64b2e1f3b8fcf390057d3cb3d6e30148482f73d770d723f3ea943406			false	true	true	apt_archives
focal-to-jammy	multiarch-support	2.23-0ubuntu11.3	amd64	glibc	multiarch-support_2.23-0ubuntu11.3_amd64.deb				6830	eb1937472e06e892fb80a6b9e5fdc372f0224be357441f38b190502556ee69bb			false	true	true	apt_archives
focal-to-jammy	openssl	1.0.2g-1ubuntu4.20	amd64	openssl	openssl_1.0.2g-1ubuntu4.20_amd64.deb				491618	9159c5bd3767cbd85f8573e5791dda3d95875d31f5d7152ea464557175b4ee09			false	true	true	apt_archives
focal-to-jammy	python-apt-common	1.1.0~beta1ubuntu0.16.04.12	all	python-apt	python-apt-common_1.1.0~beta1ubuntu0.16.04.12_all.deb				16738	430761a0fd84c3046751b3ada6b4e0215d38643a65b7116e850e994febeaf5c9			false	true	true	apt_archives
focal-to-jammy	python-flask	0.10.1-2ubuntu0.1	all	flask	python-flask_0.10.1-2ubuntu0.1_all.deb				52112	3dd392543e8733ec73a3e333251b50ca3a4b868c9bd20eeebbe1dd03aca4bb2e			false	true	false	apt_archives
focal-to-jammy	python3-apport	2.20.1-0ubuntu2.30+esm7	all	apport	python3-apport_2.20.1-0ubuntu2.30+esm7_all.deb				81482	df9c53ef0629b73a257028a29e71b90eaf56d51b26b27f80cf3e867ebe2aec72			false	true	true	apt_archives
focal-to-jammy	python3-apt	1.1.0~beta1ubuntu0.16.04.12	amd64	python-apt	python3-apt_1.1.0~beta1ubuntu0.16.04.12_amd64.deb				144514	855f1cb63fbb341dab9043ce19246752d6878c4f8bed0986b0912328bd9abad3			false	true	true	apt_archives
focal-to-jammy	python3-distro-info	0.14ubuntu0.3	all	distro-info	python3-distro-info_0.14ubuntu0.3_all.deb				8332	3eb17b7fcbeb693a87a053ada30d27a85a0f674a7ec9fd4892bcd899b326714b			false	true	true	apt_archives
focal-to-jammy	python3-problem-report	2.20.1-0ubuntu2.30+esm7	all	apport	python3-problem-report_2.20.1-0ubuntu2.30+esm7_all.deb				10394	18f12269c6a39a3e0db3bca7e49ae4b2074776dddae5a5a23a72c5d29055db28			false	true	true	apt_archives
focal-to-jammy	python3-software-properties	0.96.20.13	all	software-properties	python3-software-properties_0.96.20.13_all.deb				20202	e990fa4f4c5f86b8fef048424678b123cb4618234d52081a5eeb8cb7745a7fc2			false	true	true	apt_archives
focal-to-jammy	python3-update-manager	1:16.04.23	all	update-manager	python3-update-manager_1%3a16.04.23_all.deb				33772	5e812ef6f70043acb43d34d54209cef1f6832ed9f5da02d2ef35ea8f799c7e3e			false	true	true	apt_archives
focal-to-jammy	runc	1.0.0~rc7+git20190403.029124da-0ubuntu1~16.04.4	amd64	runc	runc_1.0.0~rc7+git20190403.029124da-0ubuntu1~16.04.4_amd64.deb				1890216	e86f7daecdcd70e6e3b5758415792a1f146a4c4b7a325f4180b4b97d3a8a080d			false	true	true	apt_archives
focal-to-jammy	software-properties-common	0.96.20.13	all	software-properties	software-properties-common_0.96.20.13_all.deb				9522	5ba2d9d07b39bb7a9d87465dbccb7bc8e00505dd1e67aae1228fb36543edef03			false	true	true	apt_archives
focal-to-jammy	sosreport	3.9.1-1ubuntu0.16.04.2	amd64	sosreport	sosreport_3.9.1-1ubuntu0.16.04.2_amd64.deb				169896	b911f3eb3b1d97d9865f0ec6be2cc07a73c4394e78df50d0fd9638d38896a76e			false	true	true	apt_archives
focal-to-jammy	ubuntu-advantage-desktop-daemon	1.10.ubuntu0.16.04.1~esm1	amd64	ubuntu-advantage-desktop-daemon	ubuntu-advantage-desktop-daemon_1.10.ubuntu0.16.04.1~esm1_amd64.deb				23370	51e94282cfd5d2b59b08f26c47b276911bbf97a0e4e306cfe05c56188e101ca4			false	true	true	apt_archives
focal-to-jammy	ubuntu-advantage-tools	37.1ubuntu0~16.04.1	all	ubuntu-advantage-tools	ubuntu-advantage-tools_37.1ubuntu0~16.04.1_all.deb				11306	db5d796d6528041f7bc5a9650445aadb5a350526697cffb05be2065e9bfd036b			false	true	true	apt_archives
focal-to-jammy	ubuntu-pro-client-l10n	37.1ubuntu0~16.04.1	amd64	ubuntu-advantage-tools	ubuntu-pro-client-l10n_37.1ubuntu0~16.04.1_amd64.deb				1522	39b21d55549f40cd6f6011b7adce2f6658282796ce7addbca97b16a0a34aab6b			false	true	true	apt_archives
focal-to-jammy	ubuntu-pro-client	37.1ubuntu0~16.04.1	amd64	ubuntu-advantage-tools	ubuntu-pro-client_37.1ubuntu0~16.04.1_amd64.deb				236240	057afc4137b9806e9ddd02f1772f65f634c76e626d8ed21260545da31d22a792			false	true	true	apt_archives
focal-to-jammy	update-manager-core	1:16.04.23	all	update-manager	update-manager-core_1%3a16.04.23_all.deb				5540	973ab92dcb9fc874bd62943859ab35733f9049f47b87c93acfc35e40d5ef6d71			false	true	true	apt_archives
focal-to-jammy	update-notifier-common	3.168.22	all	update-notifier	update-notifier-common_3.168.22_all.deb				168894	4cb6b9ec7a16a508f07b8252e4cc06882b06d11c74cf8c2d34220bb109f917c1			false	true	true	apt_archives
